instrument,session,touch_time_bucket,approach_side,horizon_bars,barrier_atr,eligible_armed_excursions,touch_events,touch_rate,same_bar_rejection_count,same_bar_breakthrough_count,same_bar_neutral_count,same_bar_rejection_rate,same_bar_breakthrough_rate,same_bar_rej_minus_brk,same_bar_binom_p,median_signed_close_atr,median_rejection_exc_atr,median_breakthrough_exc_atr,median_dominance,p_rejection_exc_gt_breakthrough_exc,p_breakthrough_exc_gt_rejection_exc,post_touch_retouch_rate,barrier_rejection_first_n,barrier_breakthrough_first_n,barrier_tie_n,barrier_neither_n,barrier_rejection_first_rate,barrier_breakthrough_first_rate,barrier_tie_rate,barrier_neither_rate,barrier_rej_minus_brk_first_rate,barrier_nontied_n,barrier_binom_p,sample_status,bh_family,q_value_primary,n_years_with_ge10_events,max_year_sign_agreement,effect_pp,min_sample_met,classification
ES,ASIA,SESSION_0_TO_30,FROM_ABOVE,1,1.0,557,85,0.1526032315978456,44,41,0,0.5176470588235295,0.4823529411764706,0.03529411764705882,0.8284232741648999,-0.03204094538308378,0.2639055372090564,0.24966206039036334,-0.042668128294280905,0.4823529411764706,0.5176470588235295,0.9176470588235294,1,9,0,75,0.011764705882352941,0.10588235294117647,0.0,0.8823529411764706,-0.09411764705882353,10,0.021484375,UNDERPOWERED,ES|ASIA,0.38671875,5,3,-9.411764705882353,False,UNDERPOWERED
ES,ASIA,SESSION_0_TO_30,FROM_ABOVE,2,1.0,557,85,0.1526032315978456,44,41,0,0.5176470588235295,0.4823529411764706,0.03529411764705882,0.8284232741648999,-0.05151675494714929,0.3689287748119963,0.38694004525257325,-0.016889987295144276,0.49411764705882355,0.5058823529411764,0.9176470588235294,3,13,0,69,0.03529411764705882,0.15294117647058825,0.0,0.8117647058823529,-0.11764705882352942,16,0.021270751953125,UNDERPOWERED,ES|ASIA,0.38671875,5,4,-11.764705882352942,False,UNDERPOWERED
ES,ASIA,SESSION_0_TO_30,FROM_ABOVE,3,1.0,557,85,0.1526032315978456,44,41,0,0.5176470588235295,0.4823529411764706,0.03529411764705882,0.8284232741648999,0.07569800340280229,0.4037292470942096,0.4730665654027468,-0.028973829170641476,0.47058823529411764,0.5294117647058824,0.9176470588235294,8,14,0,63,0.09411764705882353,0.16470588235294117,0.0,0.7411764705882353,-0.07058823529411765,22,0.28627872467041016,OK,ES|ASIA,0.5285145686222956,5,3,-7.0588235294117645,True,MIXED_OR_NULL
ES,ASIA,SESSION_0_TO_30,FROM_ABOVE,4,1.0,557,85,0.1526032315978456,44,41,0,0.5176470588235295,0.4823529411764706,0.03529411764705882,0.8284232741648999,0.07433207749341662,0.4323542127947862,0.4919651325886453,0.05514534361682308,0.5058823529411764,0.49411764705882355,0.9176470588235294,8,17,0,60,0.09411764705882353,0.2,0.0,0.7058823529411765,-0.10588235294117648,25,0.10775214433670044,OK,ES|ASIA,0.4502623367266319,5,3,-10.588235294117649,True,MIXED_OR_NULL
ES,ASIA,SESSION_0_TO_30,FROM_ABOVE,6,1.0,557,85,0.1526032315978456,44,41,0,0.5176470588235295,0.4823529411764706,0.03529411764705882,0.8284232741648999,0.08953688649585513,0.5400793085341518,0.5141750586156916,0.07676623234389507,0.5294117647058824,0.47058823529411764,0.9176470588235294,12,22,0,51,0.1411764705882353,0.25882352941176473,0.0,0.6,-0.11764705882352944,34,0.12144948495551944,OK,ES|ASIA,0.4502623367266319,5,3,-11.764705882352944,True,MIXED_OR_NULL
ES,ASIA,SESSION_0_TO_30,FROM_ABOVE,9,1.0,557,85,0.1526032315978456,44,41,0,0.5176470588235295,0.4823529411764706,0.03529411764705882,0.8284232741648999,0.10977356763349587,0.653721533133762,0.6022680982921129,0.11437796667281265,0.5294117647058824,0.47058823529411764,0.9176470588235294,18,28,0,39,0.21176470588235294,0.32941176470588235,0.0,0.4588235294117647,-0.11764705882352941,46,0.18392482137699062,OK,ES|ASIA,0.4502623367266319,5,3,-11.76470588235294,True,MIXED_OR_NULL
ES,ASIA,SESSION_0_TO_30,FROM_ABOVE,12,1.0,557,85,0.1526032315978456,44,41,0,0.5176470588235295,0.4823529411764706,0.03529411764705882,0.8284232741648999,0.020331519888982668,0.7417656319401951,0.7245344237512822,0.0694440863859469,0.5176470588235295,0.4823529411764706,0.9176470588235294,24,35,0,26,0.2823529411764706,0.4117647058823529,0.0,0.3058823529411765,-0.12941176470588234,59,0.19252645776146274,OK,ES|ASIA,0.4502623367266319,5,3,-12.941176470588234,True,MIXED_OR_NULL
ES,ASIA,SESSION_0_TO_30,FROM_ABOVE,18,1.0,557,85,0.1526032315978456,44,41,0,0.5176470588235295,0.4823529411764706,0.03529411764705882,0.8284232741648999,-0.2061924624910413,0.8077696511346136,1.094291300317967,-0.09985626521440627,0.4588235294117647,0.5411764705882353,0.9176470588235294,29,44,0,12,0.3411764705882353,0.5176470588235295,0.0,0.1411764705882353,-0.17647058823529416,73,0.10064367752023572,OK,ES|ASIA,0.4502623367266319,5,4,-17.647058823529417,True,MIXED_OR_NULL
ES,ASIA,SESSION_0_TO_30,FROM_ABOVE,24,1.0,557,85,0.1526032315978456,44,41,0,0.5176470588235295,0.4823529411764706,0.03529411764705882,0.8284232741648999,-0.15898257026082221,0.9347245494569005,1.3753217452828381,-0.22461208997927834,0.4470588235294118,0.5529411764705883,0.9176470588235294,34,49,0,2,0.4,0.5764705882352941,0.0,0.023529411764705882,-0.17647058823529405,83,0.12385305946180147,OK,ES|ASIA,0.4502623367266319,5,3,-17.647058823529406,True,MIXED_OR_NULL
ES,ASIA,SESSION_30_TO_60,FROM_ABOVE,1,1.0,194,228,1.175257731958763,112,116,0,0.49122807017543857,0.5087719298245614,-0.017543859649122806,0.8425681064325894,0.05446724411182888,0.3516043305391934,0.26588211623273716,0.16563136763498837,0.5482456140350878,0.4517543859649123,0.9342105263157895,17,20,0,191,0.07456140350877193,0.08771929824561403,0.0,0.8377192982456141,-0.013157894736842105,37,0.7428293587290682,OK,ES|ASIA,0.9402575664595653,5,4,-1.3157894736842104,True,MIXED_OR_NULL
ES,ASIA,SESSION_30_TO_60,FROM_ABOVE,2,1.0,194,228,1.175257731958763,112,116,0,0.49122807017543857,0.5087719298245614,-0.017543859649122806,0.8425681064325894,-0.030852339329673836,0.4315150564281108,0.37971814883767363,0.1489275915014332,0.543859649122807,0.45614035087719296,0.9342105263157895,30,35,0,163,0.13157894736842105,0.15350877192982457,0.0,0.7149122807017544,-0.02192982456140352,65,0.6201447650813029,OK,ES|ASIA,0.9091326442875844,5,4,-2.192982456140352,True,MIXED_OR_NULL
ES,ASIA,SESSION_30_TO_60,FROM_ABOVE,3,1.0,194,228,1.175257731958763,112,116,0,0.49122807017543857,0.5087719298245614,-0.017543859649122806,0.8425681064325894,0.05947316592230141,0.5085050757645614,0.42151344411393643,0.11397676865309916,0.5350877192982456,0.4649122807017544,0.9342105263157895,44,50,1,133,0.19298245614035087,0.21929824561403508,0.0043859649122807015,0.5833333333333334,-0.02631578947368421,94,0.6062959376939658,OK,ES|ASIA,0.9091326442875844,5,3,-2.631578947368421,True,MIXED_OR_NULL
ES,ASIA,SESSION_30_TO_60,FROM_ABOVE,4,1.0,194,228,1.175257731958763,112,116,0,0.49122807017543857,0.5087719298245614,-0.017543859649122806,0.8425681064325894,0.07861481103616405,0.5870193277541648,0.49006967757662423,0.12614903292738827,0.5263157894736842,0.47368421052631576,0.9342105263157895,52,61,1,114,0.22807017543859648,0.2675438596491228,0.0043859649122807015,0.5,-0.03947368421052633,113,0.4518532686657418,OK,ES|ASIA,0.7393962578166685,5,4,-3.9473684210526327,True,MIXED_OR_NULL
ES,ASIA,SESSION_30_TO_60,FROM_ABOVE,6,1.0,194,228,1.175257731958763,112,116,0,0.49122807017543857,0.5087719298245614,-0.017543859649122806,0.8425681064325894,-0.039826632080699746,0.6916655209181788,0.6770359179563261,0.05611386812547488,0.5263157894736842,0.47368421052631576,0.9342105263157895,67,70,1,90,0.29385964912280704,0.30701754385964913,0.0043859649122807015,0.39473684210526316,-0.01315789473684209,137,0.8644049750099481,OK,ES|ASIA,1.0,5,3,-1.315789473684209,True,MIXED_OR_NULL
ES,ASIA,SESSION_30_TO_60,FROM_ABOVE,9,1.0,194,228,1.175257731958763,112,116,0,0.49122807017543857,0.5087719298245614,-0.017543859649122806,0.8425681064325894,0.062194107856730345,0.8344660172991201,0.8049897326206379,0.060319389578273847,0.5131578947368421,0.4868421052631579,0.9342105263157895,88,85,1,54,0.38596491228070173,0.37280701754385964,0.0043859649122807015,0.23684210526315788,0.01315789473684209,173,0.8791987439042924,OK,ES|ASIA,1.0,5,4,1.315789473684209,True,MIXED_OR_NULL
ES,ASIA,SESSION_30_TO_60,FROM_ABOVE,12,1.0,194,228,1.175257731958763,112,116,0,0.49122807017543857,0.5087719298245614,-0.017543859649122806,0.8425681064325894,0.1019766374853679,1.0404777664940723,0.913510029316509,0.028588425409948118,0.5131578947368421,0.4868421052631579,0.9342105263157895,99,92,1,36,0.4342105263157895,0.40350877192982454,0.0043859649122807015,0.15789473684210525,0.030701754385964952,191,0.6642959893958242,OK,ES|ASIA,0.9197944468557566,5,3,3.070175438596495,True,MIXED_OR_NULL
ES,ASIA,SESSION_30_TO_60,FROM_ABOVE,18,1.0,194,228,1.175257731958763,112,116,0,0.49122807017543857,0.5087719298245614,-0.017543859649122806,0.8425681064325894,0.3172973420367696,1.5046608079870705,1.3316517518420632,0.12285876673868186,0.5657894736842105,0.4342105263157895,0.9342105263157895,112,106,1,9,0.49122807017543857,0.4649122807017544,0.0043859649122807015,0.039473684210526314,0.02631578947368418,218,0.7349658822561246,OK,ES|ASIA,0.9402575664595653,5,4,2.631578947368418,True,MIXED_OR_NULL
ES,ASIA,SESSION_30_TO_60,FROM_ABOVE,24,1.0,194,228,1.175257731958763,112,116,0,0.49122807017543857,0.5087719298245614,-0.017543859649122806,0.8425681064325894,0.08873371625552376,1.6855438043012405,1.4858325415879823,0.1380539596484223,0.5526315789473685,0.4473684210526316,0.9342105263157895,115,109,1,3,0.5043859649122807,0.4780701754385965,0.0043859649122807015,0.013157894736842105,0.026315789473684237,224,0.7384057149811342,OK,ES|ASIA,0.9402575664595653,5,3,2.631578947368424,True,MIXED_OR_NULL
ES,ASIA,SESSION_60_TO_120,FROM_ABOVE,1,1.0,441,508,1.1519274376417235,229,279,0,0.4507874015748031,0.5492125984251969,-0.0984251968503937,0.029603430363525904,-0.03432190606891054,0.4069282215730965,0.4658996967086068,-0.028901874125767807,0.47834645669291337,0.5216535433070866,0.9133858267716536,80,109,5,314,0.15748031496062992,0.21456692913385828,0.00984251968503937,0.6181102362204725,-0.057086614173228356,189,0.04139561928397322,OK,ES|ASIA,0.4502623367266319,5,3,-5.708661417322835,True,MIXED_OR_NULL
ES,ASIA,SESSION_60_TO_120,FROM_ABOVE,2,1.0,441,508,1.1519274376417235,229,279,0,0.4507874015748031,0.5492125984251969,-0.0984251968503937,0.029603430363525904,0.03421544239726356,0.5730784733512095,0.6143782627615273,-0.018935821939961496,0.4921259842519685,0.5078740157480315,0.9133858267716536,138,160,6,204,0.27165354330708663,0.31496062992125984,0.011811023622047244,0.4015748031496063,-0.04330708661417321,298,0.22373381343897997,OK,ES|ASIA,0.4559034761547472,5,3,-4.3307086614173205,True,MIXED_OR_NULL
ES,ASIA,SESSION_60_TO_120,FROM_ABOVE,3,1.0,441,508,1.1519274376417235,229,279,0,0.4507874015748031,0.5492125984251969,-0.0984251968503937,0.029603430363525904,0.054168093065667736,0.7418884021223306,0.7733977032051244,-0.007686359628254083,0.49606299212598426,0.5039370078740157,0.9133858267716536,170,194,6,138,0.3346456692913386,0.38188976377952755,0.011811023622047244,0.27165354330708663,-0.04724409448818895,364,0.2279517380773736,OK,ES|ASIA,0.4559034761547472,5,4,-4.724409448818895,True,MIXED_OR_NULL
ES,ASIA,SESSION_60_TO_120,FROM_ABOVE,4,1.0,441,508,1.1519274376417235,229,279,0,0.4507874015748031,0.5492125984251969,-0.0984251968503937,0.029603430363525904,0.08163218173635582,0.8634862069660256,0.8976678213659808,-0.004403024549371124,0.49803149606299213,0.5019685039370079,0.9133858267716536,196,216,6,90,0.3858267716535433,0.4251968503937008,0.011811023622047244,0.17716535433070865,-0.03937007874015752,412,0.34925323464468255,OK,ES|ASIA,0.6286558223604286,5,4,-3.937007874015752,True,MIXED_OR_NULL
ES,ASIA,SESSION_60_TO_120,FROM_ABOVE,6,1.0,441,508,1.1519274376417235,229,279,0,0.4507874015748031,0.5492125984251969,-0.0984251968503937,0.029603430363525904,0.16147079867626452,1.1317685932285804,1.115373636337885,0.03086811663000671,0.5098425196850394,0.49015748031496065,0.9133858267716536,219,238,6,45,0.4311023622047244,0.468503937007874,0.011811023622047244,0.08858267716535433,-0.037401574803149595,457,0.39981072018453756,OK,ES|ASIA,0.6853898060306358,5,4,-3.7401574803149593,True,MIXED_OR_NULL
ES,ASIA,SESSION_60_TO_120,FROM_ABOVE,9,1.0,441,508,1.1519274376417235,229,279,0,0.4507874015748031,0.5492125984251969,-0.0984251968503937,0.029603430363525904,0.22597396610269882,1.3908601524088864,1.4639405596168413,-0.01241812817805077,0.4921259842519685,0.5078740157480315,0.9133858267716536,234,253,6,15,0.46062992125984253,0.49803149606299213,0.011811023622047244,0.02952755905511811,-0.037401574803149595,487,0.41472280752657087,OK,ES|ASIA,0.6944195846956536,5,3,-3.7401574803149593,True,MIXED_OR_NULL
ES,ASIA,SESSION_60_TO_120,FROM_ABOVE,12,1.0,441,508,1.1519274376417235,229,279,0,0.4507874015748031,0.5492125984251969,-0.0984251968503937,0.029603430363525904,0.31480749742650815,1.7313952090560685,1.7379714988749093,0.012176126164990173,0.5019685039370079,0.49803149606299213,0.9133858267716536,241,257,6,4,0.4744094488188976,0.5059055118110236,0.011811023622047244,0.007874015748031496,-0.031496062992125984,498,0.5015174368342252,OK,ES|ASIA,0.8024278989347604,5,5,-3.149606299212598,True,MIXED_OR_NULL
ES,ASIA,SESSION_60_TO_120,FROM_ABOVE,18,1.0,441,508,1.1519274376417235,229,279,0,0.4507874015748031,0.5492125984251969,-0.0984251968503937,0.029603430363525904,0.31100611477544593,2.1566275721873045,2.234075879756399,0.041855909017225905,0.5177165354330708,0.4822834645669291,0.9133858267716536,243,257,6,2,0.47834645669291337,0.5059055118110236,0.011811023622047244,0.003937007874015748,-0.027559055118110243,500,0.5610293552428459,OK,ES|ASIA,0.8594492250528704,5,4,-2.755905511811024,True,MIXED_OR_NULL
ES,ASIA,SESSION_60_TO_120,FROM_ABOVE,24,1.0,441,508,1.1519274376417235,229,279,0,0.4507874015748031,0.5492125984251969,-0.0984251968503937,0.029603430363525904,0.42584185120705553,2.555265101633907,2.457689581471599,0.05663107856272483,0.5196850393700787,0.48031496062992124,0.9133858267716536,243,257,6,2,0.47834645669291337,0.5059055118110236,0.011811023622047244,0.003937007874015748,-0.027559055118110243,500,0.5610293552428459,OK,ES|ASIA,0.8594492250528704,5,5,-2.755905511811024,True,MIXED_OR_NULL
ES,ASIA,SESSION_120_PLUS,FROM_ABOVE,1,1.0,3556,3580,1.0067491563554556,1866,1714,0,0.5212290502793296,0.4787709497206704,0.042458100558659215,0.011602718149303994,0.04544079170857783,0.4601850267323654,0.4065964113978656,0.07036661882981814,0.5207920792079208,0.4792079207920792,0.8804469273743016,695,729,10,2101,0.1941340782122905,0.2036312849162011,0.002793296089385475,0.5868715083798882,-0.009497206703910605,1424,0.3818535531844084,OK,ES|ASIA,0.6705720933970098,5,5,-0.9497206703910605,True,MIXED_OR_NULL
ES,ASIA,SESSION_120_PLUS,FROM_ABOVE,2,1.0,3556,3580,1.0067491563554556,1866,1714,0,0.5212290502793296,0.4787709497206704,0.042458100558659215,0.011602718149303994,0.05101386162677016,0.6320673246943248,0.5630473826670455,0.0671017610289095,0.5278575531303848,0.47214244686961515,0.8804469273743016,1059,1007,12,1404,0.2958100558659218,0.28128491620111734,0.0033519553072625698,0.39217877094972065,0.014525139664804454,2066,0.26184410989654733,OK,ES|ASIA,0.5095344841230111,5,5,1.4525139664804454,True,MIXED_OR_NULL
ES,ASIA,SESSION_120_PLUS,FROM_ABOVE,3,1.0,3556,3580,1.0067491563554556,1866,1714,0,0.5212290502793296,0.4787709497206704,0.042458100558659215,0.011602718149303994,0.07071449437495265,0.7918071359094221,0.6970532805273789,0.06305964110846006,0.5283347863993025,0.47166521360069746,0.8804469273743016,1270,1183,13,975,0.3547486033519553,0.3304469273743017,0.0036312849162011174,0.2723463687150838,0.024301675977653592,2453,0.082472197036591,OK,ES|ASIA,0.4502623367266319,5,5,2.430167597765359,True,MIXED_OR_NULL
ES,ASIA,SESSION_120_PLUS,FROM_ABOVE,4,1.0,3556,3580,1.0067491563554556,1866,1714,0,0.5212290502793296,0.4787709497206704,0.042458100558659215,0.011602718149303994,0.08632092231179028,0.8945894790343554,0.8051861837615838,0.06513143358279193,0.5262848751835536,0.4737151248164464,0.8804469273743016,1394,1302,15,694,0.3893854748603352,0.3636871508379888,0.004189944134078212,0.19385474860335195,0.025698324022346397,2696,0.07965235403626462,OK,ES|ASIA,0.4502623367266319,5,5,2.5698324022346397,True,MIXED_OR_NULL
ES,ASIA,SESSION_120_PLUS,FROM_ABOVE,6,1.0,3556,3580,1.0067491563554556,1866,1714,0,0.5212290502793296,0.4787709497206704,0.042458100558659215,0.011602718149303994,0.11718478788576422,1.0519889845227048,0.9971259099440093,0.039161621531295376,0.517781796262809,0.4822182037371911,0.8804469273743016,1504,1415,16,383,0.4201117318435754,0.3952513966480447,0.004469273743016759,0.10698324022346369,0.024860335195530714,2919,0.10334078372525796,OK,ES|ASIA,0.4502623367266319,5,5,2.4860335195530716,True,MIXED_OR_NULL
ES,ASIA,SESSION_120_PLUS,FROM_ABOVE,9,1.0,3556,3580,1.0067491563554556,1866,1714,0,0.5212290502793296,0.4787709497206704,0.042458100558659215,0.011602718149303994,0.04841070133492923,1.294876519291876,1.2392781584466452,0.018708278099161584,0.5096693699313787,0.4903306300686213,0.8804469273743016,1559,1460,18,169,0.43547486033519556,0.40782122905027934,0.005027932960893855,0.047206703910614524,0.027653631284916214,3019,0.07447318769742241,OK,ES|ASIA,0.4502623367266319,5,5,2.7653631284916216,True,MIXED_OR_NULL
ES,ASIA,SESSION_120_PLUS,FROM_ABOVE,12,1.0,3556,3580,1.0067491563554556,1866,1714,0,0.5212290502793296,0.4787709497206704,0.042458100558659215,0.011602718149303994,0.10483222022738156,1.444681350729177,1.3968590627672546,0.013931913493413654,0.5081752779594506,0.4918247220405494,0.8804469273743016,1530,1418,16,94,0.4273743016759777,0.39608938547486033,0.004469273743016759,0.026256983240223464,0.03128491620111734,2948,0.04089898758794564,OK,ES|ASIA,0.4502623367266319,5,5,3.128491620111734,True,MIXED_OR_NULL
ES,ASIA,SESSION_120_PLUS,FROM_ABOVE,18,1.0,3556,3580,1.0067491563554556,1866,1714,0,0.5212290502793296,0.4787709497206704,0.042458100558659215,0.011602718149303994,0.11667888412750033,1.7089812999340632,1.6695648315794085,0.0031141302707536856,0.5021551724137931,0.4978448275862069,0.8804469273743016,1429,1307,12,36,0.39916201117318434,0.36508379888268155,0.0033519553072625698,0.01005586592178771,0.034078212290502785,2736,0.02069065695762273,OK,ES|ASIA,0.38671875,5,4,3.4078212290502785,True,MIXED_OR_NULL
ES,ASIA,SESSION_120_PLUS,FROM_ABOVE,24,1.0,3556,3580,1.0067491563554556,1866,1714,0,0.5212290502793296,0.4787709497206704,0.042458100558659215,0.011602718149303994,0.23888519167761596,1.8594865259710618,1.847528095804244,0.015733621850813513,0.5080450522928399,0.4919549477071601,0.8804469273743016,1283,1182,6,15,0.3583798882681564,0.33016759776536314,0.0016759776536312849,0.004189944134078212,0.02821229050279328,2465,0.043972068049435084,OK,ES|ASIA,0.4502623367266319,5,5,2.821229050279328,True,MIXED_OR_NULL
ES,ASIA,SESSION_0_TO_30,FROM_BELOW,1,1.0,417,79,0.18944844124700239,39,40,0,0.4936708860759494,0.5063291139240507,-0.012658227848101266,1.0,0.031519763008777534,0.19999460815530187,0.1962903752166927,0.056122711052921624,0.5063291139240507,0.4936708860759494,0.9493670886075949,1,1,0,77,0.012658227848101266,0.012658227848101266,0.0,0.9746835443037974,0.0,2,1.0,UNDERPOWERED,ES|ASIA,1.0,5,5,0.0,False,UNDERPOWERED
ES,ASIA,SESSION_0_TO_30,FROM_BELOW,2,1.0,417,79,0.18944844124700239,39,40,0,0.4936708860759494,0.5063291139240507,-0.012658227848101266,1.0,-0.025525212989305147,0.2855651579322153,0.3199526629066982,0.11983461489944602,0.5316455696202531,0.46835443037974683,0.9493670886075949,3,3,0,73,0.0379746835443038,0.0379746835443038,0.0,0.9240506329113924,0.0,6,1.0,UNDERPOWERED,ES|ASIA,1.0,5,3,0.0,False,UNDERPOWERED
ES,ASIA,SESSION_0_TO_30,FROM_BELOW,3,1.0,417,79,0.18944844124700239,39,40,0,0.4936708860759494,0.5063291139240507,-0.012658227848101266,1.0,-0.07642900510251385,0.3515567320784276,0.44375657515979033,-0.0693820190128463,0.4810126582278481,0.5189873417721519,0.9493670886075949,8,7,0,64,0.10126582278481013,0.08860759493670886,0.0,0.810126582278481,0.012658227848101264,15,1.0,UNDERPOWERED,ES|ASIA,1.0,5,4,1.2658227848101264,False,UNDERPOWERED
ES,ASIA,SESSION_0_TO_30,FROM_BELOW,4,1.0,417,79,0.18944844124700239,39,40,0,0.4936708860759494,0.5063291139240507,-0.012658227848101266,1.0,-0.03705847365219522,0.3913521939001886,0.4657025862671665,-0.02388145096017979,0.46835443037974683,0.5316455696202531,0.9493670886075949,11,9,0,59,0.13924050632911392,0.11392405063291139,0.0,0.7468354430379747,0.025316455696202528,20,0.8238029479980469,OK,ES|ASIA,0.9885635375976562,5,3,2.531645569620253,True,MIXED_OR_NULL
ES,ASIA,SESSION_0_TO_30,FROM_BELOW,6,1.0,417,79,0.18944844124700239,39,40,0,0.4936708860759494,0.5063291139240507,-0.012658227848101266,1.0,-0.07176554912392588,0.4227508535799835,0.5496481263814513,-0.10463514301986643,0.45569620253164556,0.5443037974683544,0.9493670886075949,17,14,0,48,0.21518987341772153,0.17721518987341772,0.0,0.6075949367088608,0.037974683544303806,31,0.720100131817162,OK,ES|ASIA,0.9402575664595653,5,3,3.7974683544303804,True,MIXED_OR_NULL
ES,ASIA,SESSION_0_TO_30,FROM_BELOW,9,1.0,417,79,0.18944844124700239,39,40,0,0.4936708860759494,0.5063291139240507,-0.012658227848101266,1.0,0.07242494202468411,0.6154219390824656,0.7547731875472959,-0.045717437718121805,0.4936708860759494,0.5063291139240507,0.9493670886075949,19,23,0,37,0.24050632911392406,0.2911392405063291,0.0,0.46835443037974683,-0.050632911392405056,42,0.6439689563703723,OK,ES|ASIA,0.9091326442875844,5,3,-5.063291139240506,True,MIXED_OR_NULL
ES,ASIA,SESSION_0_TO_30,FROM_BELOW,12,1.0,417,79,0.18944844124700239,39,40,0,0.4936708860759494,0.5063291139240507,-0.012658227848101266,1.0,0.19664854450915614,0.6952411317947437,0.8163264796004045,-0.09220322234294147,0.4936708860759494,0.5063291139240507,0.9493670886075949,27,28,0,24,0.34177215189873417,0.35443037974683544,0.0,0.3037974683544304,-0.012658227848101278,55,1.0,OK,ES|ASIA,1.0,5,4,-1.2658227848101278,True,MIXED_OR_NULL
ES,ASIA,SESSION_0_TO_30,FROM_BELOW,18,1.0,417,79,0.18944844124700239,39,40,0,0.4936708860759494,0.5063291139240507,-0.012658227848101266,1.0,0.05937180953961532,0.9801414166950286,0.9235197011995754,-0.006268381166332183,0.4810126582278481,0.5189873417721519,0.9493670886075949,34,34,0,11,0.43037974683544306,0.43037974683544306,0.0,0.13924050632911392,0.0,68,1.0,OK,ES|ASIA,1.0,5,3,0.0,True,MIXED_OR_NULL
ES,ASIA,SESSION_0_TO_30,FROM_BELOW,24,1.0,417,79,0.18944844124700239,39,40,0,0.4936708860759494,0.5063291139240507,-0.012658227848101266,1.0,-0.03663573993417817,1.1766459765490842,1.0141605776069655,0.07689082164429956,0.5443037974683544,0.45569620253164556,0.9493670886075949,36,38,0,5,0.45569620253164556,0.4810126582278481,0.0,0.06329113924050633,-0.025316455696202556,74,0.9075606176124984,OK,ES|ASIA,1.0,5,3,-2.5316455696202556,True,MIXED_OR_NULL
ES,ASIA,SESSION_30_TO_60,FROM_BELOW,1,1.0,162,193,1.191358024691358,99,94,0,0.5129533678756477,0.48704663212435234,0.025906735751295335,0.7734911416953507,0.049589457520624186,0.32661921344697475,0.24114739983887962,0.19662238208790467,0.5492227979274611,0.45077720207253885,0.9015544041450777,20,12,1,160,0.10362694300518134,0.06217616580310881,0.0051813471502590676,0.8290155440414507,0.04145077720207253,32,0.21532714972272515,OK,ES|ASIA,0.4559034761547472,5,3,4.1450777202072535,True,MIXED_OR_NULL
ES,ASIA,SESSION_30_TO_60,FROM_BELOW,2,1.0,162,193,1.191358024691358,99,94,0,0.5129533678756477,0.48704663212435234,0.025906735751295335,0.7734911416953507,0.058109940673126796,0.43675219638164214,0.3393106826168666,0.19128588892393364,0.5492227979274611,0.45077720207253885,0.9015544041450777,39,24,1,129,0.20207253886010362,0.12435233160621761,0.0051813471502590676,0.6683937823834197,0.07772020725388601,63,0.07692583360960925,OK,ES|ASIA,0.4502623367266319,5,3,7.772020725388601,True,MIXED_OR_NULL
ES,ASIA,SESSION_30_TO_60,FROM_BELOW,3,1.0,162,193,1.191358024691358,99,94,0,0.5129533678756477,0.48704663212435234,0.025906735751295335,0.7734911416953507,0.08524858502434134,0.5615096327551874,0.4659217270476195,0.14730723699370474,0.5595854922279793,0.44041450777202074,0.9015544041450777,53,36,1,103,0.27461139896373055,0.18652849740932642,0.0051813471502590676,0.533678756476684,0.08808290155440412,89,0.08932073673118937,OK,ES|ASIA,0.4502623367266319,5,4,8.808290155440412,True,MIXED_OR_NULL
ES,ASIA,SESSION_30_TO_60,FROM_BELOW,4,1.0,162,193,1.191358024691358,99,94,0,0.5129533678756477,0.48704663212435234,0.025906735751295335,0.7734911416953507,0.17267813667335383,0.6715508980346583,0.5330889218497498,0.1109179353347024,0.5440414507772021,0.45595854922279794,0.9015544041450777,62,48,1,82,0.32124352331606215,0.24870466321243523,0.0051813471502590676,0.42487046632124353,0.07253886010362692,110,0.21497653774329686,OK,ES|ASIA,0.4559034761547472,5,4,7.2538860103626925,True,MIXED_OR_NULL
ES,ASIA,SESSION_30_TO_60,FROM_BELOW,6,1.0,162,193,1.191358024691358,99,94,0,0.5129533678756477,0.48704663212435234,0.025906735751295335,0.7734911416953507,0.15165343902310724,0.848335614454784,0.6426087294505234,0.11843392257963256,0.5492227979274611,0.45077720207253885,0.9015544041450777,77,60,1,55,0.39896373056994816,0.31088082901554404,0.0051813471502590676,0.2849740932642487,0.08808290155440412,137,0.17140890326024463,OK,ES|ASIA,0.4502623367266319,5,3,8.808290155440412,True,MIXED_OR_NULL
ES,ASIA,SESSION_30_TO_60,FROM_BELOW,9,1.0,162,193,1.191358024691358,99,94,0,0.5129533678756477,0.48704663212435234,0.025906735751295335,0.7734911416953507,0.15418695754002937,1.0526880027599277,0.8397676716771423,0.102168194798287,0.538860103626943,0.46113989637305697,0.9015544041450777,93,74,1,25,0.48186528497409326,0.38341968911917096,0.0051813471502590676,0.12953367875647667,0.0984455958549223,167,0.1634586699591323,OK,ES|ASIA,0.4502623367266319,5,3,9.84455958549223,True,MIXED_OR_NULL
ES,ASIA,SESSION_30_TO_60,FROM_BELOW,12,1.0,162,193,1.191358024691358,99,94,0,0.5129533678756477,0.48704663212435234,0.025906735751295335,0.7734911416953507,0.20360072289430023,1.188485695277679,1.0367807003679748,0.11834655320108137,0.538860103626943,0.46113989637305697,0.9015544041450777,100,79,1,13,0.5181347150259067,0.40932642487046633,0.0051813471502590676,0.06735751295336788,0.10880829015544036,179,0.1347243493166559,OK,ES|ASIA,0.4502623367266319,5,3,10.880829015544036,True,MIXED_OR_NULL
ES,ASIA,SESSION_30_TO_60,FROM_BELOW,18,1.0,162,193,1.191358024691358,99,94,0,0.5129533678756477,0.48704663212435234,0.025906735751295335,0.7734911416953507,-0.23022856948227854,1.4396637819492872,1.19553959231556,0.11708269053094764,0.5751295336787565,0.42487046632124353,0.9015544041450777,105,83,1,4,0.5440414507772021,0.43005181347150256,0.0051813471502590676,0.02072538860103627,0.11398963730569955,188,0.12540008404533773,OK,ES|ASIA,0.4502623367266319,5,4,11.398963730569955,True,MIXED_OR_NULL
ES,ASIA,SESSION_30_TO_60,FROM_BELOW,24,1.0,162,193,1.191358024691358,99,94,0,0.5129533678756477,0.48704663212435234,0.025906735751295335,0.7734911416953507,-0.33327556486253246,1.7066626313407756,1.7494983021356791,0.05132111878534163,0.5181347150259067,0.48186528497409326,0.9015544041450777,107,84,1,1,0.5544041450777202,0.43523316062176165,0.0051813471502590676,0.0051813471502590676,0.11917098445595853,191,0.1111757658129903,OK,ES|ASIA,0.4502623367266319,5,3,11.917098445595853,True,MIXED_OR_NULL
ES,ASIA,SESSION_60_TO_120,FROM_BELOW,1,1.0,473,472,0.9978858350951374,230,242,0,0.4872881355932203,0.5127118644067796,-0.025423728813559324,0.6126816587526722,0.012109589151475107,0.40904602383126615,0.3770354457355115,-0.06530748428910255,0.4936440677966102,0.5063559322033898,0.9088983050847458,75,107,2,288,0.15889830508474576,0.2266949152542373,0.00423728813559322,0.6101694915254238,-0.06779661016949154,182,0.02131154380660733,OK,ES|ASIA,0.38671875,5,3,-6.779661016949154,True,MIXED_OR_NULL
ES,ASIA,SESSION_60_TO_120,FROM_BELOW,2,1.0,473,472,0.9978858350951374,230,242,0,0.4872881355932203,0.5127118644067796,-0.025423728813559324,0.6126816587526722,0.02717443329761049,0.5471978919418892,0.5672683562241048,-0.04828252005164456,0.4915254237288136,0.5084745762711864,0.9088983050847458,117,140,3,212,0.2478813559322034,0.2966101694915254,0.006355932203389831,0.4491525423728814,-0.048728813559322015,257,0.16984118326117162,OK,ES|ASIA,0.4502623367266319,5,3,-4.8728813559322015,True,MIXED_OR_NULL
ES,ASIA,SESSION_60_TO_120,FROM_BELOW,3,1.0,473,472,0.9978858350951374,230,242,0,0.4872881355932203,0.5127118644067796,-0.025423728813559324,0.6126816587526722,-0.0564971140631267,0.7061989173944854,0.7153207488621526,0.01862235230367635,0.5042372881355932,0.4957627118644068,0.9088983050847458,142,170,6,154,0.3008474576271186,0.3601694915254237,0.012711864406779662,0.326271186440678,-0.05932203389830509,312,0.12623478614397118,OK,ES|ASIA,0.4502623367266319,5,3,-5.9322033898305095,True,MIXED_OR_NULL
ES,ASIA,SESSION_60_TO_120,FROM_BELOW,4,1.0,473,472,0.9978858350951374,230,242,0,0.4872881355932203,0.5127118644067796,-0.025423728813559324,0.6126816587526722,0.04941075594348659,0.837418236415326,0.8341345192150793,-0.0025892083990078484,0.5,0.5,0.9088983050847458,163,188,6,115,0.3453389830508475,0.3983050847457627,0.012711864406779662,0.24364406779661016,-0.052966101694915224,351,0.2001165941007253,OK,ES|ASIA,0.4502623367266319,5,4,-5.296610169491522,True,MIXED_OR_NULL
ES,ASIA,SESSION_60_TO_120,FROM_BELOW,6,1.0,473,472,0.9978858350951374,230,242,0,0.4872881355932203,0.5127118644067796,-0.025423728813559324,0.6126816587526722,-0.0898372883672918,1.0495559986833554,1.081353598482964,-0.04563832518190836,0.4788135593220339,0.5211864406779662,0.9088983050847458,192,219,7,54,0.4067796610169492,0.4639830508474576,0.014830508474576272,0.11440677966101695,-0.05720338983050843,411,0.19961383078793085,OK,ES|ASIA,0.4502623367266319,5,4,-5.720338983050843,True,MIXED_OR_NULL
ES,ASIA,SESSION_60_TO_120,FROM_BELOW,9,1.0,473,472,0.9978858350951374,230,242,0,0.4872881355932203,0.5127118644067796,-0.025423728813559324,0.6126816587526722,0.03887001157150888,1.3392126356146652,1.3316540587476662,-0.005289030715201974,0.4957627118644068,0.5042372881355932,0.9088983050847458,206,235,8,23,0.4364406779661017,0.4978813559322034,0.01694915254237288,0.048728813559322036,-0.0614406779661017,441,0.18235830113589663,OK,ES|ASIA,0.4502623367266319,5,3,-6.1440677966101696,True,MIXED_OR_NULL
ES,ASIA,SESSION_60_TO_120,FROM_BELOW,12,1.0,473,472,0.9978858350951374,230,242,0,0.4872881355932203,0.5127118644067796,-0.025423728813559324,0.6126816587526722,-0.006921424779674448,1.6781064158651429,1.578456042474488,0.044249633195249785,0.5169491525423728,0.4830508474576271,0.9088983050847458,212,242,8,10,0.4491525423728814,0.5127118644067796,0.01694915254237288,0.0211864406779661,-0.06355932203389825,454,0.17343468356530006,OK,ES|ASIA,0.4502623367266319,5,3,-6.355932203389825,True,MIXED_OR_NULL
ES,ASIA,SESSION_60_TO_120,FROM_BELOW,18,1.0,473,472,0.9978858350951374,230,242,0,0.4872881355932203,0.5127118644067796,-0.025423728813559324,0.6126816587526722,-0.07166003264775649,2.0498633638901484,2.059420669049727,0.01854646204138294,0.5148305084745762,0.4851694915254237,0.9088983050847458,214,244,8,6,0.4533898305084746,0.5169491525423728,0.01694915254237288,0.012711864406779662,-0.06355932203389825,458,0.17532618536481948,OK,ES|ASIA,0.4502623367266319,5,3,-6.355932203389825,True,MIXED_OR_NULL
ES,ASIA,SESSION_60_TO_120,FROM_BELOW,24,1.0,473,472,0.9978858350951374,230,242,0,0.4872881355932203,0.5127118644067796,-0.025423728813559324,0.6126816587526722,-0.2092147773414868,2.327904020778832,2.4554356102968926,-0.0019971145075336053,0.4978813559322034,0.5021186440677966,0.9088983050847458,215,246,8,3,0.4555084745762712,0.5211864406779662,0.01694915254237288,0.006355932203389831,-0.06567796610169496,461,0.16226941649112567,OK,ES|ASIA,0.4502623367266319,5,3,-6.567796610169497,True,MIXED_OR_NULL
ES,ASIA,SESSION_120_PLUS,FROM_BELOW,1,1.0,3229,3245,1.004955094456488,1569,1676,0,0.48351309707241913,0.5164869029275809,-0.03297380585516179,0.06275651458430628,0.0025745557445894314,0.4300275038517667,0.4203997567094529,0.006678225072694954,0.5024984384759525,0.49750156152404745,0.8782742681047766,580,619,7,1996,0.17873651771956856,0.19075500770416023,0.0021571648690292757,0.615100154083205,-0.01201848998459168,1199,0.2724498052456042,OK,ES|ASIA,0.5162206836232501,5,4,-1.2018489984591678,True,MIXED_OR_NULL
ES,ASIA,SESSION_120_PLUS,FROM_BELOW,2,1.0,3229,3245,1.004955094456488,1569,1676,0,0.48351309707241913,0.5164869029275809,-0.03297380585516179,0.06275651458430628,-0.01816966658081714,0.5837720862978293,0.604750446388586,-0.013887882455099487,0.493015873015873,0.506984126984127,0.8782742681047766,871,876,14,1389,0.2684129429892142,0.2699537750385208,0.004314329738058551,0.4280431432973806,-0.0015408320493066063,1747,0.9237621561347265,OK,ES|ASIA,1.0,5,5,-0.15408320493066063,True,MIXED_OR_NULL
ES,ASIA,SESSION_120_PLUS,FROM_BELOW,3,1.0,3229,3245,1.004955094456488,1569,1676,0,0.48351309707241913,0.5164869029275809,-0.03297380585516179,0.06275651458430628,-0.037838803994040306,0.7007688224362982,0.7343530071116822,-0.0109847418305955,0.4943639291465378,0.5056360708534622,0.8782742681047766,1062,1066,16,961,0.32727272727272727,0.32850539291217257,0.004930662557781202,0.29614791987673345,-0.0012326656394452962,2128,0.9481495489132161,OK,ES|ASIA,1.0,5,4,-0.12326656394452962,True,MIXED_OR_NULL
ES,ASIA,SESSION_120_PLUS,FROM_BELOW,4,1.0,3229,3245,1.004955094456488,1569,1676,0,0.48351309707241913,0.5164869029275809,-0.03297380585516179,0.06275651458430628,-0.005436493058468924,0.8075077289636856,0.8363109606639505,-0.016243435979528213,0.4897360703812317,0.5102639296187683,0.8782742681047766,1174,1188,16,691,0.3617873651771957,0.36610169491525424,0.004930662557781202,0.21294298921417565,-0.004314329738058564,2362,0.7891006278145475,OK,ES|ASIA,0.9795731931490934,5,3,-0.43143297380585643,True,MIXED_OR_NULL
ES,ASIA,SESSION_120_PLUS,FROM_BELOW,6,1.0,3229,3245,1.004955094456488,1569,1676,0,0.48351309707241913,0.5164869029275809,-0.03297380585516179,0.06275651458430628,-0.08299797771156371,1.0047434797678234,1.0179631598918302,-0.010428028853615007,0.49382716049382713,0.5061728395061729,0.8782742681047766,1298,1311,17,371,0.4,0.4040061633281972,0.005238828967642527,0.11432973805855162,-0.004006163328197199,2609,0.8142661656012097,OK,ES|ASIA,0.9885635375976562,5,4,-0.40061633281971987,True,MIXED_OR_NULL
ES,ASIA,SESSION_120_PLUS,FROM_BELOW,9,1.0,3229,3245,1.004955094456488,1569,1676,0,0.48351309707241913,0.5164869029275809,-0.03297380585516179,0.06275651458430628,-0.09196595767025831,1.2081266319121644,1.2214475726434433,-0.022211283098080167,0.4872764786795048,0.5127235213204951,0.8782742681047766,1350,1368,18,172,0.41602465331278893,0.42157164869029273,0.005546995377503852,0.05300462249614792,-0.005546995377503805,2718,0.7443705734471558,OK,ES|ASIA,0.9402575664595653,5,5,-0.5546995377503805,True,MIXED_OR_NULL
ES,ASIA,SESSION_120_PLUS,FROM_BELOW,12,1.0,3229,3245,1.004955094456488,1569,1676,0,0.48351309707241913,0.5164869029275809,-0.03297380585516179,0.06275651458430628,-0.10491538794601829,1.3494541077937658,1.4365560362212149,-0.03413089017121824,0.48645720476706394,0.5135427952329361,0.8782742681047766,1318,1343,14,94,0.4061633281972265,0.41386748844375965,0.004314329738058551,0.02896764252696456,-0.007704160246533143,2661,0.6417587582159107,OK,ES|ASIA,0.9091326442875844,5,5,-0.7704160246533143,True,MIXED_OR_NULL
ES,ASIA,SESSION_120_PLUS,FROM_BELOW,18,1.0,3229,3245,1.004955094456488,1569,1676,0,0.48351309707241913,0.5164869029275809,-0.03297380585516179,0.06275651458430628,-0.15356393183630818,1.6085617040958442,1.6599631544494569,-0.019994494029378952,0.4886408927859705,0.5113591072140294,0.8782742681047766,1231,1231,7,40,0.37935285053929124,0.37935285053929124,0.0021571648690292757,0.012326656394453005,0.0,2462,1.0,OK,ES|ASIA,1.0,5,5,0.0,True,MIXED_OR_NULL
ES,ASIA,SESSION_120_PLUS,FROM_BELOW,24,1.0,3229,3245,1.004955094456488,1569,1676,0,0.48351309707241913,0.5164869029275809,-0.03297380585516179,0.06275651458430628,-0.24672031135476294,1.7891280321490803,1.8996407110372933,-0.034195495349164134,0.4826067811536768,0.5173932188463232,0.8782742681047766,1120,1122,7,22,0.34514637904468415,0.34576271186440677,0.0021571648690292757,0.006779661016949152,-0.0006163328197226203,2242,0.9831510116412012,OK,ES|ASIA,1.0,5,4,-0.06163328197226203,True,MIXED_OR_NULL
ES,LONDON,SESSION_0_TO_30,FROM_ABOVE,1,1.0,415,107,0.25783132530120484,48,59,0,0.4485981308411215,0.5514018691588785,-0.102803738317757,0.3337051161974391,-0.20228690139579192,0.4629184112799284,0.6482111863347232,-0.24657173575105842,0.4485981308411215,0.5514018691588785,0.897196261682243,27,40,0,40,0.2523364485981308,0.37383177570093457,0.0,0.37383177570093457,-0.12149532710280375,67,0.1420713794263756,OK,ES|LONDON,0.46496087812268383,5,4,-12.149532710280376,True,MIXED_OR_NULL
ES,LONDON,SESSION_0_TO_30,FROM_ABOVE,2,1.0,415,107,0.25783132530120484,48,59,0,0.4485981308411215,0.5514018691588785,-0.102803738317757,0.3337051161974391,-0.26154486542721067,0.6167743977341291,0.952182245471383,-0.2280226990433921,0.411214953271028,0.5887850467289719,0.897196261682243,33,50,0,24,0.308411214953271,0.4672897196261682,0.0,0.22429906542056074,-0.15887850467289721,83,0.07841962481580764,OK,ES|LONDON,0.31367849926323055,5,4,-15.887850467289722,True,MIXED_OR_NULL
ES,LONDON,SESSION_0_TO_30,FROM_ABOVE,3,1.0,415,107,0.25783132530120484,48,59,0,0.4485981308411215,0.5514018691588785,-0.102803738317757,0.3337051161974391,-0.14704663712487295,0.7621523030031867,1.1725355903226735,-0.33095300583760645,0.3925233644859813,0.6074766355140186,0.897196261682243,37,61,0,9,0.34579439252336447,0.5700934579439252,0.0,0.08411214953271028,-0.22429906542056072,98,0.019690184799846844,OK,ES|LONDON,0.20067895642223638,5,4,-22.42990654205607,True,MIXED_OR_NULL
ES,LONDON,SESSION_0_TO_30,FROM_ABOVE,4,1.0,415,107,0.25783132530120484,48,59,0,0.4485981308411215,0.5514018691588785,-0.102803738317757,0.3337051161974391,-0.17069807475866494,0.8345274827038777,1.366993054621772,-0.2728554468818689,0.3925233644859813,0.6074766355140186,0.897196261682243,39,63,0,5,0.3644859813084112,0.5887850467289719,0.0,0.04672897196261682,-0.22429906542056072,102,0.022297661824692932,OK,ES|LONDON,0.20067895642223638,5,4,-22.42990654205607,True,MIXED_OR_NULL
ES,LONDON,SESSION_0_TO_30,FROM_ABOVE,6,1.0,415,107,0.25783132530120484,48,59,0,0.4485981308411215,0.5514018691588785,-0.102803738317757,0.3337051161974391,-0.06938187103263897,1.152488683448415,1.4371357994523422,-0.11468030910884196,0.4205607476635514,0.5794392523364486,0.897196261682243,43,63,0,1,0.40186915887850466,0.5887850467289719,0.0,0.009345794392523364,-0.18691588785046725,106,0.0644635919894938,OK,ES|LONDON,0.2730222719555031,5,3,-18.691588785046726,True,MIXED_OR_NULL
ES,LONDON,SESSION_0_TO_30,FROM_ABOVE,9,1.0,415,107,0.25783132530120484,48,59,0,0.4485981308411215,0.5514018691588785,-0.102803738317757,0.3337051161974391,-0.07524489583960327,1.3861699744733482,1.7420825376235263,-0.11468030910884196,0.4205607476635514,0.5794392523364486,0.897196261682243,43,64,0,0,0.40186915887850466,0.5981308411214953,0.0,0.0,-0.19626168224299062,107,0.05266778129862431,OK,ES|LONDON,0.2370050158438094,5,4,-19.62616822429906,True,MIXED_OR_NULL
ES,LONDON,SESSION_0_TO_30,FROM_ABOVE,12,1.0,415,107,0.25783132530120484,48,59,0,0.4485981308411215,0.5514018691588785,-0.102803738317757,0.3337051161974391,0.005933363957152368,1.6021401290108048,2.0649682387643202,-0.16386473638057292,0.3925233644859813,0.6074766355140186,0.897196261682243,43,64,0,0,0.40186915887850466,0.5981308411214953,0.0,0.0,-0.19626168224299062,107,0.05266778129862431,OK,ES|LONDON,0.2370050158438094,5,3,-19.62616822429906,True,MIXED_OR_NULL
ES,LONDON,SESSION_0_TO_30,FROM_ABOVE,18,1.0,415,107,0.25783132530120484,48,59,0,0.4485981308411215,0.5514018691588785,-0.102803738317757,0.3337051161974391,-0.10868581390241161,1.7630551317078196,2.1297219298055725,-0.16401175298181317,0.411214953271028,0.5887850467289719,0.897196261682243,43,64,0,0,0.40186915887850466,0.5981308411214953,0.0,0.0,-0.19626168224299062,107,0.05266778129862431,OK,ES|LONDON,0.2370050158438094,5,3,-19.62616822429906,True,MIXED_OR_NULL
ES,LONDON,SESSION_0_TO_30,FROM_ABOVE,24,1.0,415,107,0.25783132530120484,48,59,0,0.4485981308411215,0.5514018691588785,-0.102803738317757,0.3337051161974391,0.21639869943488343,2.0699300948154646,2.3247312650792264,-0.04309166502821671,0.45794392523364486,0.5420560747663551,0.897196261682243,43,64,0,0,0.40186915887850466,0.5981308411214953,0.0,0.0,-0.19626168224299062,107,0.05266778129862431,OK,ES|LONDON,0.2370050158438094,5,3,-19.62616822429906,True,MIXED_OR_NULL
ES,LONDON,SESSION_30_TO_60,FROM_ABOVE,1,1.0,279,237,0.8494623655913979,118,119,0,0.4978902953586498,0.5021097046413502,-0.004219409282700422,1.0,0.0041331320077869485,0.5294389476953906,0.4491874132302725,0.10964035855868137,0.5189873417721519,0.4810126582278481,0.9071729957805907,50,52,0,135,0.2109704641350211,0.21940928270042195,0.0,0.569620253164557,-0.008438818565400852,102,0.9211910492538724,OK,ES|LONDON,1.0,5,3,-0.8438818565400852,True,MIXED_OR_NULL
ES,LONDON,SESSION_30_TO_60,FROM_ABOVE,2,1.0,279,237,0.8494623655913979,118,119,0,0.4978902953586498,0.5021097046413502,-0.004219409282700422,1.0,0.029844495357428967,0.7200386685555579,0.673322716731923,0.0012102384991723664,0.5063291139240507,0.4936708860759494,0.9071729957805907,83,78,0,76,0.350210970464135,0.3291139240506329,0.0,0.3206751054852321,0.02109704641350213,161,0.7526889571542663,OK,ES|LONDON,1.0,5,3,2.1097046413502127,True,MIXED_OR_NULL
ES,LONDON,SESSION_30_TO_60,FROM_ABOVE,3,1.0,279,237,0.8494623655913979,118,119,0,0.4978902953586498,0.5021097046413502,-0.004219409282700422,1.0,0.076869235743881,0.8553908056511913,0.8464528745216562,0.014389415991900023,0.5147679324894515,0.48523206751054854,0.9071729957805907,97,92,1,47,0.4092827004219409,0.3881856540084388,0.004219409282700422,0.19831223628691982,0.02109704641350213,189,0.7711746227039273,OK,ES|LONDON,1.0,5,4,2.1097046413502127,True,MIXED_OR_NULL
ES,LONDON,SESSION_30_TO_60,FROM_ABOVE,4,1.0,279,237,0.8494623655913979,118,119,0,0.4978902953586498,0.5021097046413502,-0.004219409282700422,1.0,-0.011932830009569998,1.0062362148609114,0.9938889865922003,0.004064246474323752,0.5063291139240507,0.4936708860759494,0.9071729957805907,107,103,1,26,0.45147679324894513,0.4345991561181435,0.004219409282700422,0.10970464135021098,0.016877637130801648,210,0.8360563438452242,OK,ES|LONDON,1.0,5,3,1.6877637130801648,True,MIXED_OR_NULL
ES,LONDON,SESSION_30_TO_60,FROM_ABOVE,6,1.0,279,237,0.8494623655913979,118,119,0,0.4978902953586498,0.5021097046413502,-0.004219409282700422,1.0,0.0807362719322097,1.150154751478567,1.1726162760725967,-0.04016884512190395,0.4767932489451477,0.5232067510548524,0.9071729957805907,112,112,1,12,0.47257383966244726,0.47257383966244726,0.004219409282700422,0.05063291139240506,0.0,224,1.0,OK,ES|LONDON,1.0,5,3,0.0,True,MIXED_OR_NULL
ES,LONDON,SESSION_30_TO_60,FROM_ABOVE,9,1.0,279,237,0.8494623655913979,118,119,0,0.4978902953586498,0.5021097046413502,-0.004219409282700422,1.0,0.037374257269377646,1.380755382608007,1.3808724894258284,-0.01570798276225104,0.4936708860759494,0.5063291139240507,0.9071729957805907,118,115,1,3,0.4978902953586498,0.48523206751054854,0.004219409282700422,0.012658227848101266,0.012658227848101278,233,0.8957927008383412,OK,ES|LONDON,1.0,5,3,1.2658227848101278,True,MIXED_OR_NULL
ES,LONDON,SESSION_30_TO_60,FROM_ABOVE,12,1.0,279,237,0.8494623655913979,118,119,0,0.4978902953586498,0.5021097046413502,-0.004219409282700422,1.0,0.06670136864028921,1.5446898088375152,1.4733586624085406,0.004144685911645266,0.5021097046413502,0.4978902953586498,0.9071729957805907,119,115,1,2,0.5021097046413502,0.48523206751054854,0.004219409282700422,0.008438818565400843,0.016877637130801648,234,0.844572163962271,OK,ES|LONDON,1.0,5,3,1.6877637130801648,True,MIXED_OR_NULL
ES,LONDON,SESSION_30_TO_60,FROM_ABOVE,18,1.0,279,237,0.8494623655913979,118,119,0,0.4978902953586498,0.5021097046413502,-0.004219409282700422,1.0,0.154524073827009,1.7721390153603294,1.7006721644065692,-0.05006200714505497,0.48945147679324896,0.510548523206751,0.9071729957805907,119,116,1,1,0.5021097046413502,0.48945147679324896,0.004219409282700422,0.004219409282700422,0.012658227848101222,235,0.8962342571907205,OK,ES|LONDON,1.0,5,3,1.2658227848101222,True,MIXED_OR_NULL
ES,LONDON,SESSION_30_TO_60,FROM_ABOVE,24,1.0,279,237,0.8494623655913979,118,119,0,0.4978902953586498,0.5021097046413502,-0.004219409282700422,1.0,0.25381516126163095,1.9561035390012687,1.9646695977508584,-0.0026344461746190084,0.4978902953586498,0.5021097046413502,0.9071729957805907,120,116,1,0,0.5063291139240507,0.48945147679324896,0.004219409282700422,0.0,0.016877637130801704,236,0.8452233668180927,OK,ES|LONDON,1.0,5,5,1.6877637130801704,True,MIXED_OR_NULL
ES,LONDON,SESSION_60_TO_120,FROM_ABOVE,1,1.0,482,456,0.946058091286307,222,234,0,0.4868421052631579,0.5131578947368421,-0.02631578947368421,0.606516168750087,-0.0004268499681841037,0.3835466697645935,0.39331782800995085,0.02361526511631383,0.506578947368421,0.4934210526315789,0.9122807017543859,78,77,0,301,0.17105263157894737,0.16885964912280702,0.0,0.6600877192982456,0.0021929824561403577,155,1.0,OK,ES|LONDON,1.0,5,3,0.21929824561403577,True,MIXED_OR_NULL
ES,LONDON,SESSION_60_TO_120,FROM_ABOVE,2,1.0,482,456,0.946058091286307,222,234,0,0.4868421052631579,0.5131578947368421,-0.02631578947368421,0.606516168750087,0.010990218324018265,0.5298054282665914,0.5680163720555809,-0.0614357972458493,0.4824561403508772,0.5175438596491229,0.9122807017543859,129,120,0,207,0.28289473684210525,0.2631578947368421,0.0,0.45394736842105265,0.019736842105263164,249,0.6122584257423306,OK,ES|LONDON,1.0,5,3,1.9736842105263164,True,MIXED_OR_NULL
ES,LONDON,SESSION_60_TO_120,FROM_ABOVE,3,1.0,482,456,0.946058091286307,222,234,0,0.4868421052631579,0.5131578947368421,-0.02631578947368421,0.606516168750087,-0.04764403770960973,0.6298288816094164,0.6980341516556114,-0.07415839132417679,0.45614035087719296,0.543859649122807,0.9122807017543859,151,147,0,158,0.33114035087719296,0.3223684210526316,0.0,0.34649122807017546,0.008771929824561375,298,0.8620713949182119,OK,ES|LONDON,1.0,5,3,0.8771929824561375,True,MIXED_OR_NULL
ES,LONDON,SESSION_60_TO_120,FROM_ABOVE,4,1.0,482,456,0.946058091286307,222,234,0,0.4868421052631579,0.5131578947368421,-0.02631578947368421,0.606516168750087,-0.018732544391271762,0.7537584274641234,0.7992947500101073,-0.07353291016001351,0.47368421052631576,0.5263157894736842,0.9122807017543859,173,169,0,114,0.3793859649122807,0.3706140350877193,0.0,0.25,0.00877192982456143,342,0.8711619288653867,OK,ES|LONDON,1.0,5,3,0.8771929824561431,True,MIXED_OR_NULL
ES,LONDON,SESSION_60_TO_120,FROM_ABOVE,6,1.0,482,456,0.946058091286307,222,234,0,0.4868421052631579,0.5131578947368421,-0.02631578947368421,0.606516168750087,-0.03927845868476605,0.8765388930249405,0.9566320825474609,-0.05269135861121087,0.48026315789473684,0.5197368421052632,0.9122807017543859,192,203,0,61,0.42105263157894735,0.4451754385964912,0.0,0.1337719298245614,-0.02412280701754388,395,0.6149115878706543,OK,ES|LONDON,1.0,5,3,-2.412280701754388,True,MIXED_OR_NULL
ES,LONDON,SESSION_60_TO_120,FROM_ABOVE,9,1.0,482,456,0.946058091286307,222,234,0,0.4868421052631579,0.5131578947368421,-0.02631578947368421,0.606516168750087,0.06494727609207689,1.0659239641677252,1.151530389852591,-0.020551144550024353,0.4868421052631579,0.5131578947368421,0.9122807017543859,212,214,0,30,0.4649122807017544,0.4692982456140351,0.0,0.06578947368421052,-0.004385964912280715,426,0.9613650464432584,OK,ES|LONDON,1.0,5,3,-0.43859649122807154,True,MIXED_OR_NULL
ES,LONDON,SESSION_60_TO_120,FROM_ABOVE,12,1.0,482,456,0.946058091286307,222,234,0,0.4868421052631579,0.5131578947368421,-0.02631578947368421,0.606516168750087,-0.014194452799630575,1.179751682609812,1.311051887145684,-0.03934599831695992,0.4758771929824561,0.5241228070175439,0.9122807017543859,220,218,0,18,0.4824561403508772,0.4780701754385965,0.0,0.039473684210526314,0.004385964912280715,438,0.9618973552631319,OK,ES|LONDON,1.0,5,3,0.43859649122807154,True,MIXED_OR_NULL
ES,LONDON,SESSION_60_TO_120,FROM_ABOVE,18,1.0,482,456,0.946058091286307,222,234,0,0.4868421052631579,0.5131578947368421,-0.02631578947368421,0.606516168750087,0.08790711469286677,1.383587057960635,1.523463365124596,-0.04515303100284358,0.4692982456140351,0.5307017543859649,0.9122807017543859,228,224,0,4,0.5,0.49122807017543857,0.0,0.008771929824561403,0.00877192982456143,452,0.8878047283992622,OK,ES|LONDON,1.0,5,3,0.8771929824561431,True,MIXED_OR_NULL
ES,LONDON,SESSION_60_TO_120,FROM_ABOVE,24,1.0,482,456,0.946058091286307,222,234,0,0.4868421052631579,0.5131578947368421,-0.02631578947368421,0.606516168750087,0.15432000591842476,1.6747787789641204,1.8266320925976025,-0.0460312198424159,0.4824561403508772,0.5175438596491229,0.9122807017543859,229,225,0,2,0.5021929824561403,0.4934210526315789,0.0,0.0043859649122807015,0.008771929824561375,454,0.888050408301806,OK,ES|LONDON,1.0,5,3,0.8771929824561375,True,MIXED_OR_NULL
ES,LONDON,SESSION_120_PLUS,FROM_ABOVE,1,1.0,1879,1953,1.0393826503459287,1032,921,0,0.5284178187403994,0.4715821812596006,0.05683563748079877,0.012786969277085369,0.0665357080481079,0.46695034155212056,0.3766926682061889,0.10613443786256752,0.5377358490566038,0.46226415094339623,0.8520225294418843,366,330,4,1208,0.18740399385560677,0.16897081413210446,0.002048131080389145,0.6185355862775218,0.018433179723502308,696,0.18457745079795967,OK,ES|LONDON,0.5778076720631781,5,5,1.8433179723502309,True,MIXED_OR_NULL
ES,LONDON,SESSION_120_PLUS,FROM_ABOVE,2,1.0,1879,1953,1.0393826503459287,1032,921,0,0.5284178187403994,0.4715821812596006,0.05683563748079877,0.012786969277085369,0.054355889641297464,0.6395749510935186,0.5506013899458027,0.07071815935018504,0.524422973698336,0.475577026301664,0.8520225294418843,566,515,4,778,0.289810547875064,0.2636968766001024,0.002048131080389145,0.3983614951356887,0.026113671274961614,1081,0.12828454617329355,OK,ES|LONDON,0.43983272973700643,5,4,2.6113671274961616,True,MIXED_OR_NULL
ES,LONDON,SESSION_120_PLUS,FROM_ABOVE,3,1.0,1879,1953,1.0393826503459287,1032,921,0,0.5284178187403994,0.4715821812596006,0.05683563748079877,0.012786969277085369,0.020311199857086785,0.7669338685551147,0.7071505385740275,0.05918606010762979,0.5238879736408567,0.47611202635914335,0.8520225294418843,675,603,6,537,0.3456221198156682,0.3087557603686636,0.0030721966205837174,0.2749615975422427,0.036866359447004615,1278,0.046984023924447386,OK,ES|LONDON,0.2370050158438094,5,3,3.6866359447004617,True,MIXED_OR_NULL
ES,LONDON,SESSION_120_PLUS,FROM_ABOVE,4,1.0,1879,1953,1.0393826503459287,1032,921,0,0.5284178187403994,0.4715821812596006,0.05683563748079877,0.012786969277085369,0.04398694262123938,0.8718734286640988,0.8095537256097707,0.030514225599694737,0.5162192393736018,0.4837807606263982,0.8520225294418843,752,673,7,356,0.38504864311315923,0.34459805427547363,0.0035842293906810036,0.1822836661546339,0.0404505888376856,1425,0.03876564729190083,OK,ES|LONDON,0.2370050158438094,5,3,4.04505888376856,True,MIXED_OR_NULL
ES,LONDON,SESSION_120_PLUS,FROM_ABOVE,6,1.0,1879,1953,1.0393826503459287,1032,921,0,0.5284178187403994,0.4715821812596006,0.05683563748079877,0.012786969277085369,0.1193723681936679,1.093250447659984,0.9807211027982164,0.0481542045177725,0.51301775147929,0.48698224852071004,0.8520225294418843,811,716,7,156,0.41525857654889914,0.36661546338965695,0.0035842293906810036,0.07987711213517665,0.04864311315924219,1527,0.016121836855256453,OK,ES|LONDON,0.20067895642223638,5,4,4.864311315924219,True,MIXED_OR_NULL
ES,LONDON,SESSION_120_PLUS,FROM_ABOVE,9,1.0,1879,1953,1.0393826503459287,1032,921,0,0.5284178187403994,0.4715821812596006,0.05683563748079877,0.012786969277085369,0.14225534367883316,1.308394642792171,1.1894747888378154,0.04976073193927135,0.5218241042345277,0.4781758957654723,0.8520225294418843,781,697,7,50,0.3998975934459805,0.3568868407578085,0.0035842293906810036,0.025601638504864313,0.043010752688172005,1478,0.030820110426728536,OK,ES|LONDON,0.2370050158438094,5,5,4.3010752688172005,True,MIXED_OR_NULL
ES,LONDON,SESSION_120_PLUS,FROM_ABOVE,12,1.0,1879,1953,1.0393826503459287,1032,921,0,0.5284178187403994,0.4715821812596006,0.05683563748079877,0.012786969277085369,0.2281518915146107,1.5627317074983762,1.339012287589867,0.08061893362735813,0.5329471397538016,0.4670528602461984,0.8520225294418843,726,632,7,16,0.3717357910906298,0.3236047107014849,0.0035842293906810036,0.00819252432155658,0.04813108038914493,1358,0.011586113216450764,OK,ES|LONDON,0.20067895642223638,5,5,4.813108038914493,True,MIXED_OR_NULL
ES,LONDON,SESSION_120_PLUS,FROM_ABOVE,18,1.0,1879,1953,1.0393826503459287,1032,921,0,0.5284178187403994,0.4715821812596006,0.05683563748079877,0.012786969277085369,0.42473666692979734,1.9370043966892077,1.4572542521398364,0.15891820640506574,0.5593692022263451,0.44063079777365494,0.8520225294418843,585,485,4,4,0.2995391705069124,0.24833589349718382,0.002048131080389145,0.002048131080389145,0.0512032770097286,1070,0.0024581376472464366,OK,ES|LONDON,0.17698591060174343,5,5,5.12032770097286,True,MIXED_OR_NULL
ES,LONDON,SESSION_120_PLUS,FROM_ABOVE,24,1.0,1879,1953,1.0393826503459287,1032,921,0,0.5284178187403994,0.4715821812596006,0.05683563748079877,0.012786969277085369,0.3912036389394362,2.169489771245194,1.6171128923087963,0.15788565053962345,0.5683269476372924,0.43167305236270753,0.8520225294418843,427,353,3,0,0.21863799283154123,0.18074756784434204,0.0015360983102918587,0.0,0.03789042498719919,780,0.008910922532990667,OK,ES|LONDON,0.20067895642223638,5,5,3.789042498719919,True,MIXED_OR_NULL
ES,LONDON,SESSION_0_TO_30,FROM_BELOW,1,1.0,365,113,0.3095890410958904,49,64,0,0.4336283185840708,0.5663716814159292,-0.13274336283185842,0.18759872474577596,-0.02592705404296996,0.5358448775266024,0.6011777895305735,-0.04245555935267476,0.4778761061946903,0.5221238938053098,0.8672566371681416,28,38,0,47,0.24778761061946902,0.336283185840708,0.0,0.415929203539823,-0.08849557522123896,66,0.2678116648465871,OK,ES|LONDON,0.7272486901881707,5,3,-8.849557522123897,True,MIXED_OR_NULL
ES,LONDON,SESSION_0_TO_30,FROM_BELOW,2,1.0,365,113,0.3095890410958904,49,64,0,0.4336283185840708,0.5663716814159292,-0.13274336283185842,0.18759872474577596,-0.13844466836073135,0.6643738502600048,0.7561861899819005,-0.03889058106445494,0.4690265486725664,0.5309734513274337,0.8672566371681416,42,45,0,26,0.37168141592920356,0.39823008849557523,0.0,0.23008849557522124,-0.026548672566371667,87,0.830373009685754,OK,ES|LONDON,1.0,5,3,-2.654867256637167,True,MIXED_OR_NULL
ES,LONDON,SESSION_0_TO_30,FROM_BELOW,3,1.0,365,113,0.3095890410958904,49,64,0,0.4336283185840708,0.5663716814159292,-0.13274336283185842,0.18759872474577596,0.1363763687964622,0.765673957319794,0.9675572674189483,-0.07621691918757283,0.4778761061946903,0.5221238938053098,0.8672566371681416,44,52,1,16,0.3893805309734513,0.46017699115044247,0.008849557522123894,0.1415929203539823,-0.07079646017699115,96,0.47515204998657296,OK,ES|LONDON,0.9246202053792771,5,3,-7.079646017699115,True,MIXED_OR_NULL
ES,LONDON,SESSION_0_TO_30,FROM_BELOW,4,1.0,365,113,0.3095890410958904,49,64,0,0.4336283185840708,0.5663716814159292,-0.13274336283185842,0.18759872474577596,-0.16825033240242834,0.9527028994087071,1.0613574105154486,-0.04826519349116293,0.48672566371681414,0.5132743362831859,0.8672566371681416,47,56,1,9,0.415929203539823,0.49557522123893805,0.008849557522123894,0.07964601769911504,-0.07964601769911506,103,0.4306890663081309,OK,ES|LONDON,0.885988936405298,5,3,-7.964601769911505,True,MIXED_OR_NULL
ES,LONDON,SESSION_0_TO_30,FROM_BELOW,6,1.0,365,113,0.3095890410958904,49,64,0,0.4336283185840708,0.5663716814159292,-0.13274336283185842,0.18759872474577596,-0.04631383346124554,1.2449760566232726,1.2645731706546992,-0.019835386014771413,0.49557522123893805,0.504424778761062,0.8672566371681416,51,56,1,5,0.45132743362831856,0.49557522123893805,0.008849557522123894,0.04424778761061947,-0.04424778761061948,107,0.6991749840078744,OK,ES|LONDON,1.0,5,3,-4.4247787610619485,True,MIXED_OR_NULL
ES,LONDON,SESSION_0_TO_30,FROM_BELOW,9,1.0,365,113,0.3095890410958904,49,64,0,0.4336283185840708,0.5663716814159292,-0.13274336283185842,0.18759872474577596,-0.21488366696619282,1.4474922747937602,1.6412219798574006,-0.07423239572766588,0.4642857142857143,0.5357142857142857,0.8672566371681416,51,57,1,3,0.45132743362831856,0.504424778761062,0.008849557522123894,0.02654867256637168,-0.05309734513274339,108,0.6306338345308322,OK,ES|LONDON,1.0,5,3,-5.309734513274339,True,MIXED_OR_NULL
ES,LONDON,SESSION_0_TO_30,FROM_BELOW,12,1.0,365,113,0.3095890410958904,49,64,0,0.4336283185840708,0.5663716814159292,-0.13274336283185842,0.18759872474577596,-0.2510598711939318,1.4833774100183854,1.8209181309471312,-0.01894224642237702,0.48214285714285715,0.5178571428571429,0.8672566371681416,52,59,1,0,0.46017699115044247,0.5221238938053098,0.008849557522123894,0.0,-0.0619469026548673,111,0.5692202278035751,OK,ES|LONDON,0.999606253703839,5,3,-6.19469026548673,True,MIXED_OR_NULL
ES,LONDON,SESSION_0_TO_30,FROM_BELOW,18,1.0,365,113,0.3095890410958904,49,64,0,0.4336283185840708,0.5663716814159292,-0.13274336283185842,0.18759872474577596,-0.6231643821024544,1.7641805798020453,2.449520288340625,-0.06983402262833562,0.4732142857142857,0.5267857142857143,0.8672566371681416,52,59,1,0,0.46017699115044247,0.5221238938053098,0.008849557522123894,0.0,-0.0619469026548673,111,0.5692202278035751,OK,ES|LONDON,0.999606253703839,5,5,-6.19469026548673,True,MIXED_OR_NULL
ES,LONDON,SESSION_0_TO_30,FROM_BELOW,24,1.0,365,113,0.3095890410958904,49,64,0,0.4336283185840708,0.5663716814159292,-0.13274336283185842,0.18759872474577596,-0.4259484305168725,1.85342797146033,2.63026218814903,-0.11276230080439217,0.4375,0.5625,0.8672566371681416,52,59,1,0,0.46017699115044247,0.5221238938053098,0.008849557522123894,0.0,-0.0619469026548673,111,0.5692202278035751,OK,ES|LONDON,0.999606253703839,5,4,-6.19469026548673,True,MIXED_OR_NULL
ES,LONDON,SESSION_30_TO_60,FROM_BELOW,1,1.0,266,217,0.8157894736842105,111,106,0,0.511520737327189,0.48847926267281105,0.02304147465437788,0.786052322485778,-0.07911922808125382,0.4760059694750193,0.47714273796413587,-0.056700740555243094,0.48847926267281105,0.511520737327189,0.9032258064516129,48,47,0,122,0.22119815668202766,0.21658986175115208,0.0,0.5622119815668203,0.004608294930875584,95,1.0,OK,ES|LONDON,1.0,5,3,0.4608294930875584,True,MIXED_OR_NULL
ES,LONDON,SESSION_30_TO_60,FROM_BELOW,2,1.0,266,217,0.8157894736842105,111,106,0,0.511520737327189,0.48847926267281105,0.02304147465437788,0.786052322485778,-0.14247837705928998,0.650157841639022,0.6888488444292307,-0.0909871122934419,0.47465437788018433,0.5253456221198156,0.9032258064516129,68,70,1,78,0.31336405529953915,0.3225806451612903,0.004608294930875576,0.35944700460829493,-0.009216589861751168,138,0.9322024875049745,OK,ES|LONDON,1.0,5,3,-0.9216589861751168,True,MIXED_OR_NULL
ES,LONDON,SESSION_30_TO_60,FROM_BELOW,3,1.0,266,217,0.8157894736842105,111,106,0,0.511520737327189,0.48847926267281105,0.02304147465437788,0.786052322485778,-0.035753792452419546,0.8428264070012922,0.8538659073114256,-0.06075549000919034,0.4838709677419355,0.5161290322580645,0.9032258064516129,87,79,1,50,0.4009216589861751,0.3640552995391705,0.004608294930875576,0.2304147465437788,0.036866359447004615,166,0.5870535639169906,OK,ES|LONDON,1.0,5,3,3.6866359447004617,True,MIXED_OR_NULL
ES,LONDON,SESSION_30_TO_60,FROM_BELOW,4,1.0,266,217,0.8157894736842105,111,106,0,0.511520737327189,0.48847926267281105,0.02304147465437788,0.786052322485778,-0.05462429116748297,0.9425645412305341,0.9539432181355085,-0.040974460450949365,0.4792626728110599,0.5207373271889401,0.9032258064516129,90,93,1,33,0.4147465437788018,0.42857142857142855,0.004608294930875576,0.15207373271889402,-0.013824884792626724,183,0.8825180694589555,OK,ES|LONDON,1.0,5,4,-1.3824884792626724,True,MIXED_OR_NULL
ES,LONDON,SESSION_30_TO_60,FROM_BELOW,6,1.0,266,217,0.8157894736842105,111,106,0,0.511520737327189,0.48847926267281105,0.02304147465437788,0.786052322485778,-0.15579231684799863,1.192680618749817,1.2203671007961872,-0.026881185576485295,0.4838709677419355,0.5161290322580645,0.9032258064516129,96,109,1,11,0.4423963133640553,0.5023041474654378,0.004608294930875576,0.05069124423963134,-0.05990783410138251,205,0.40202361223750865,OK,ES|LONDON,0.8513441200323713,5,3,-5.990783410138251,True,MIXED_OR_NULL
ES,LONDON,SESSION_30_TO_60,FROM_BELOW,9,1.0,266,217,0.8157894736842105,111,106,0,0.511520737327189,0.48847926267281105,0.02304147465437788,0.786052322485778,-0.08937019163233512,1.350010350950374,1.5090665316926821,-0.03918896783676853,0.47465437788018433,0.5253456221198156,0.9032258064516129,98,114,1,4,0.45161290322580644,0.5253456221198156,0.004608294930875576,0.018433179723502304,-0.07373271889400917,212,0.30290363192094993,OK,ES|LONDON,0.7788950535110141,5,3,-7.373271889400917,True,MIXED_OR_NULL
ES,LONDON,SESSION_30_TO_60,FROM_BELOW,12,1.0,266,217,0.8157894736842105,111,106,0,0.511520737327189,0.48847926267281105,0.02304147465437788,0.786052322485778,0.0071334596555725814,1.566721674189182,1.6286741464347205,-0.020231610586337198,0.4930875576036866,0.5069124423963134,0.9032258064516129,100,115,1,1,0.4608294930875576,0.5299539170506913,0.004608294930875576,0.004608294930875576,-0.06912442396313367,215,0.339700567534243,OK,ES|LONDON,0.8022784499465988,5,3,-6.912442396313367,True,MIXED_OR_NULL
ES,LONDON,SESSION_30_TO_60,FROM_BELOW,18,1.0,266,217,0.8157894736842105,111,106,0,0.511520737327189,0.48847926267281105,0.02304147465437788,0.786052322485778,-0.09988492388651131,1.7991121885561592,1.8533509929625018,-0.020231610586337198,0.4930875576036866,0.5069124423963134,0.9032258064516129,101,115,1,0,0.46543778801843316,0.5299539170506913,0.004608294930875576,0.0,-0.06451612903225812,216,0.37644713102655936,OK,ES|LONDON,0.8213391949670386,5,3,-6.451612903225811,True,MIXED_OR_NULL
ES,LONDON,SESSION_30_TO_60,FROM_BELOW,24,1.0,266,217,0.8157894736842105,111,106,0,0.511520737327189,0.48847926267281105,0.02304147465437788,0.786052322485778,-0.04327570249663807,2.0198986194516717,1.9575747198643354,-0.023146374598228357,0.4930875576036866,0.5069124423963134,0.9032258064516129,101,115,1,0,0.46543778801843316,0.5299539170506913,0.004608294930875576,0.0,-0.06451612903225812,216,0.37644713102655936,OK,ES|LONDON,0.8213391949670386,5,3,-6.451612903225811,True,MIXED_OR_NULL
ES,LONDON,SESSION_60_TO_120,FROM_BELOW,1,1.0,465,451,0.9698924731182795,223,228,0,0.49445676274944567,0.5055432372505543,-0.011086474501108648,0.8506266192532147,0.008590391629587062,0.3634084610478758,0.4112065361481625,-0.04720175732042041,0.4878048780487805,0.5121951219512195,0.8913525498891353,74,66,3,308,0.164079822616408,0.14634146341463414,0.0066518847006651885,0.6829268292682927,0.017738359201773857,140,0.5542689157763168,OK,ES|LONDON,0.999606253703839,5,3,1.7738359201773857,True,MIXED_OR_NULL
ES,LONDON,SESSION_60_TO_120,FROM_BELOW,2,1.0,465,451,0.9698924731182795,223,228,0,0.49445676274944567,0.5055432372505543,-0.011086474501108648,0.8506266192532147,-0.011499013427887707,0.488049451506716,0.5924482468358006,-0.09344839754873342,0.4700665188470067,0.5299334811529933,0.8913525498891353,111,108,4,228,0.24611973392461198,0.2394678492239468,0.008869179600886918,0.5055432372505543,0.006651884700665189,219,0.8925354555605164,OK,ES|LONDON,1.0,5,3,0.6651884700665189,True,MIXED_OR_NULL
ES,LONDON,SESSION_60_TO_120,FROM_BELOW,3,1.0,465,451,0.9698924731182795,223,228,0,0.49445676274944567,0.5055432372505543,-0.011086474501108648,0.8506266192532147,-0.005177070291467075,0.5865701036699505,0.6899863863476141,-0.06197961830669858,0.47671840354767187,0.5232815964523282,0.8913525498891353,134,135,4,178,0.29711751662971175,0.29933481152993346,0.008869179600886918,0.3946784922394678,-0.0022172949002217113,269,1.0,OK,ES|LONDON,1.0,5,3,-0.22172949002217113,True,MIXED_OR_NULL
ES,LONDON,SESSION_60_TO_120,FROM_BELOW,4,1.0,465,451,0.9698924731182795,223,228,0,0.49445676274944567,0.5055432372505543,-0.011086474501108648,0.8506266192532147,-0.022082265537546785,0.7306950758497442,0.7565008413581792,-0.03345867463324868,0.48337028824833705,0.516629711751663,0.8913525498891353,153,156,4,138,0.3392461197339246,0.3458980044345898,0.008869179600886918,0.30598669623059865,-0.006651884700665189,309,0.9094394662841003,OK,ES|LONDON,1.0,5,3,-0.6651884700665189,True,MIXED_OR_NULL
ES,LONDON,SESSION_60_TO_120,FROM_BELOW,6,1.0,465,451,0.9698924731182795,223,228,0,0.49445676274944567,0.5055432372505543,-0.011086474501108648,0.8506266192532147,-0.061953601512262445,0.8442551982878128,0.9202042174138365,0.03003367396785038,0.5077605321507761,0.49223946784922396,0.8913525498891353,181,185,4,81,0.401330376940133,0.41019955654101997,0.008869179600886918,0.17960088691796008,-0.008869179600886956,366,0.875420169283074,OK,ES|LONDON,1.0,5,3,-0.8869179600886956,True,MIXED_OR_NULL
ES,LONDON,SESSION_60_TO_120,FROM_BELOW,9,1.0,465,451,0.9698924731182795,223,228,0,0.49445676274944567,0.5055432372505543,-0.011086474501108648,0.8506266192532147,-0.11958864519444584,1.0512368409072224,1.086570888930975,-0.033522393177631,0.4878048780487805,0.5121951219512195,0.8913525498891353,194,210,4,43,0.43015521064301554,0.4656319290465632,0.008869179600886918,0.09534368070953436,-0.03547671840354766,404,0.4555410886796587,OK,ES|LONDON,0.9110821773593174,5,4,-3.5476718403547656,True,MIXED_OR_NULL
ES,LONDON,SESSION_60_TO_120,FROM_BELOW,12,1.0,465,451,0.9698924731182795,223,228,0,0.49445676274944567,0.5055432372505543,-0.011086474501108648,0.8506266192532147,-0.24157252045691652,1.1794044788377385,1.2329433852929388,-0.033522393177631,0.49002217294900224,0.5099778270509978,0.8913525498891353,201,222,4,24,0.44567627494456763,0.49223946784922396,0.008869179600886918,0.05321507760532151,-0.046563192904656325,423,0.33084052275966985,OK,ES|LONDON,0.8022784499465988,5,3,-4.656319290465633,True,MIXED_OR_NULL
ES,LONDON,SESSION_60_TO_120,FROM_BELOW,18,1.0,465,451,0.9698924731182795,223,228,0,0.49445676274944567,0.5055432372505543,-0.011086474501108648,0.8506266192532147,-0.2885703183090537,1.4227025482072941,1.4423529987897592,-0.034627830486539155,0.49002217294900224,0.5099778270509978,0.8913525498891353,208,233,4,6,0.4611973392461197,0.516629711751663,0.008869179600886918,0.013303769401330377,-0.055432372505543226,441,0.2530706851726295,OK,ES|LONDON,0.7272486901881707,5,3,-5.543237250554323,True,MIXED_OR_NULL
ES,LONDON,SESSION_60_TO_120,FROM_BELOW,24,1.0,465,451,0.9698924731182795,223,228,0,0.49445676274944567,0.5055432372505543,-0.011086474501108648,0.8506266192532147,-0.43152576374389345,1.597077613176287,1.7353569710508898,-0.04245558735456142,0.48337028824833705,0.516629711751663,0.8913525498891353,209,237,4,1,0.4634146341463415,0.5254988913525499,0.008869179600886918,0.0022172949002217295,-0.062084257206208415,446,0.20102450054187557,OK,ES|LONDON,0.6030735016256267,5,5,-6.208425720620841,True,MIXED_OR_NULL
ES,LONDON,SESSION_120_PLUS,FROM_BELOW,1,1.0,1592,1641,1.0307788944723617,777,864,0,0.473491773308958,0.526508226691042,-0.05301645338208409,0.03372454326030625,-0.027481463802308252,0.4066086308574388,0.4127879636948353,-0.06004968404392018,0.481875,0.518125,0.8580134064594759,243,281,9,1067,0.1480804387568556,0.1712370505789153,0.005484460694698354,0.6502132845825715,-0.02315661182205972,524,0.10592853578814017,OK,ES|LONDON,0.40141339877611015,5,4,-2.315661182205972,True,MIXED_OR_NULL
ES,LONDON,SESSION_120_PLUS,FROM_BELOW,2,1.0,1592,1641,1.0307788944723617,777,864,0,0.473491773308958,0.526508226691042,-0.05301645338208409,0.03372454326030625,-0.04909196364001959,0.5646720140781637,0.6160064917276031,-0.05622415802245082,0.47837314396384767,0.5216268560361523,0.8580134064594759,410,424,8,707,0.2498476538695917,0.2583790371724558,0.004875076173065204,0.4308348567946374,-0.008531383302864098,834,0.6526259055149833,OK,ES|LONDON,1.0,5,4,-0.8531383302864098,True,MIXED_OR_NULL
ES,LONDON,SESSION_120_PLUS,FROM_BELOW,3,1.0,1592,1641,1.0307788944723617,777,864,0,0.473491773308958,0.526508226691042,-0.05301645338208409,0.03372454326030625,-0.08451164826439439,0.691914404335898,0.7491528107491658,-0.035504644576141546,0.4867021276595745,0.5132978723404256,0.8580134064594759,490,521,9,484,0.29859841560024375,0.3174893357708714,0.005484460694698354,0.29494210847044483,-0.018890920170627656,1011,0.34542544372700784,OK,ES|LONDON,0.8022784499465988,5,5,-1.8890920170627656,True,MIXED_OR_NULL
ES,LONDON,SESSION_120_PLUS,FROM_BELOW,4,1.0,1592,1641,1.0307788944723617,777,864,0,0.473491773308958,0.526508226691042,-0.05301645338208409,0.03372454326030625,-0.10227878222161388,0.7895657109904224,0.8585769071486988,-0.04639435324061196,0.4822404371584699,0.51775956284153,0.8580134064594759,550,588,9,317,0.3351614868982328,0.3583180987202925,0.005484460694698354,0.1931748933577087,-0.023156611822059747,1138,0.27271825882056405,OK,ES|LONDON,0.7272486901881707,5,3,-2.3156611822059747,True,MIXED_OR_NULL
ES,LONDON,SESSION_120_PLUS,FROM_BELOW,6,1.0,1592,1641,1.0307788944723617,777,864,0,0.473491773308958,0.526508226691042,-0.05301645338208409,0.03372454326030625,-0.13395685889460401,0.942957838460378,1.0636693801994814,-0.07604664466849827,0.46530314097881664,0.5346968590211834,0.8580134064594759,573,646,7,143,0.3491773308957952,0.39366240097501526,0.0042656916514320535,0.08714198659354053,-0.044485070079220035,1219,0.03914509881118441,OK,ES|LONDON,0.2370050158438094,5,5,-4.448507007922004,True,MIXED_OR_NULL
ES,LONDON,SESSION_120_PLUS,FROM_BELOW,9,1.0,1592,1641,1.0307788944723617,777,864,0,0.473491773308958,0.526508226691042,-0.05301645338208409,0.03372454326030625,-0.25256258898801554,1.1446482491352896,1.3098645329072984,-0.09570574802342592,0.4710547184773989,0.5289452815226011,0.8580134064594759,556,638,8,59,0.3388177940280317,0.38878732480195005,0.004875076173065204,0.03595368677635588,-0.04996953077391836,1194,0.019033572334278534,OK,ES|LONDON,0.20067895642223638,5,5,-4.996953077391836,True,MIXED_OR_NULL
ES,LONDON,SESSION_120_PLUS,FROM_BELOW,12,1.0,1592,1641,1.0307788944723617,777,864,0,0.473491773308958,0.526508226691042,-0.05301645338208409,0.03372454326030625,-0.20558151304575029,1.3339313923268308,1.5095447937709163,-0.09819697157816637,0.4698275862068966,0.5301724137931034,0.8580134064594759,524,607,7,22,0.31931748933577087,0.36989640463132234,0.0042656916514320535,0.01340645947592931,-0.050578915295551474,1131,0.014721276186808054,OK,ES|LONDON,0.20067895642223638,5,5,-5.057891529555148,True,MIXED_OR_NULL
ES,LONDON,SESSION_120_PLUS,FROM_BELOW,18,1.0,1592,1641,1.0307788944723617,777,864,0,0.473491773308958,0.526508226691042,-0.05301645338208409,0.03372454326030625,-0.19685939618418496,1.5681058264639665,1.797682875969836,-0.06069973936286664,0.476038338658147,0.5239616613418531,0.8580134064594759,439,487,7,6,0.2675198049969531,0.2967702620353443,0.0042656916514320535,0.003656307129798903,-0.029250457038391187,926,0.1224168065225125,OK,ES|LONDON,0.43983272973700643,5,4,-2.9250457038391184,True,MIXED_OR_NULL
ES,LONDON,SESSION_120_PLUS,FROM_BELOW,24,1.0,1592,1641,1.0307788944723617,777,864,0,0.473491773308958,0.526508226691042,-0.05301645338208409,0.03372454326030625,-0.3517313421668699,1.752398117814499,1.9972186226793727,-0.07198105134257277,0.4649122807017544,0.5350877192982456,0.8580134064594759,337,341,5,1,0.20536258379037173,0.20780012187690433,0.0030469226081657527,0.0006093845216331506,-0.0024375380865326035,678,0.9082863585026535,OK,ES|LONDON,1.0,5,5,-0.24375380865326035,True,MIXED_OR_NULL
ES,NEW_YORK,SESSION_0_TO_30,FROM_ABOVE,1,1.0,380,78,0.20526315789473684,40,38,0,0.5128205128205128,0.48717948717948717,0.02564102564102564,0.9099464518745242,0.14021625538685217,0.7406983310247013,0.7815468973084141,-0.1372509346726676,0.47435897435897434,0.5256410256410257,0.8461538461538461,28,30,2,18,0.358974358974359,0.38461538461538464,0.02564102564102564,0.23076923076923078,-0.02564102564102566,58,0.8956832138895906,OK,ES|NEW_YORK,1.0,4,3,-2.564102564102566,True,MIXED_OR_NULL
ES,NEW_YORK,SESSION_0_TO_30,FROM_ABOVE,2,1.0,380,78,0.20526315789473684,40,38,0,0.5128205128205128,0.48717948717948717,0.02564102564102564,0.9099464518745242,-0.030630346834336093,1.1288441635360313,1.129528912783687,-0.0073457113061782126,0.48717948717948717,0.5128205128205128,0.8461538461538461,35,37,3,3,0.44871794871794873,0.47435897435897434,0.038461538461538464,0.038461538461538464,-0.025641025641025605,72,0.906294324703081,OK,ES|NEW_YORK,1.0,4,3,-2.5641025641025603,True,MIXED_OR_NULL
ES,NEW_YORK,SESSION_0_TO_30,FROM_ABOVE,3,1.0,380,78,0.20526315789473684,40,38,0,0.5128205128205128,0.48717948717948717,0.02564102564102564,0.9099464518745242,0.5143325075111183,1.3973483752904963,1.2135595963666,0.08486759807190727,0.5256410256410257,0.47435897435897434,0.8461538461538461,36,38,3,1,0.46153846153846156,0.48717948717948717,0.038461538461538464,0.01282051282051282,-0.025641025641025605,74,0.9075606176124984,OK,ES|NEW_YORK,1.0,4,4,-2.5641025641025603,True,MIXED_OR_NULL
ES,NEW_YORK,SESSION_0_TO_30,FROM_ABOVE,4,1.0,380,78,0.20526315789473684,40,38,0,0.5128205128205128,0.48717948717948717,0.02564102564102564,0.9099464518745242,0.47723210776577774,1.7119616399723938,1.4032287065916529,0.06409438216221693,0.5324675324675324,0.4675324675324675,0.8461538461538461,36,38,3,0,0.46153846153846156,0.48717948717948717,0.038461538461538464,0.0,-0.025641025641025605,74,0.9075606176124984,OK,ES|NEW_YORK,1.0,4,3,-2.5641025641025603,True,MIXED_OR_NULL
ES,NEW_YORK,SESSION_0_TO_30,FROM_ABOVE,6,1.0,380,78,0.20526315789473684,40,38,0,0.5128205128205128,0.48717948717948717,0.02564102564102564,0.9099464518745242,0.5196769587068364,1.9760477231881282,1.6942462802183578,0.005934464658431735,0.5064935064935064,0.4935064935064935,0.8461538461538461,36,38,3,0,0.46153846153846156,0.48717948717948717,0.038461538461538464,0.0,-0.025641025641025605,74,0.9075606176124984,OK,ES|NEW_YORK,1.0,4,3,-2.5641025641025603,True,MIXED_OR_NULL
ES,NEW_YORK,SESSION_0_TO_30,FROM_ABOVE,9,1.0,380,78,0.20526315789473684,40,38,0,0.5128205128205128,0.48717948717948717,0.02564102564102564,0.9099464518745242,0.7044851800227487,2.201304390346195,1.9740308503236816,-0.007601167217808311,0.4805194805194805,0.5194805194805194,0.8461538461538461,36,38,3,0,0.46153846153846156,0.48717948717948717,0.038461538461538464,0.0,-0.025641025641025605,74,0.9075606176124984,OK,ES|NEW_YORK,1.0,4,5,-2.5641025641025603,True,MIXED_OR_NULL
ES,NEW_YORK,SESSION_0_TO_30,FROM_ABOVE,12,1.0,380,78,0.20526315789473684,40,38,0,0.5128205128205128,0.48717948717948717,0.02564102564102564,0.9099464518745242,0.33505618372418405,2.6022788197696842,2.211309514672461,0.06974633318692638,0.5194805194805194,0.4805194805194805,0.8461538461538461,36,38,3,0,0.46153846153846156,0.48717948717948717,0.038461538461538464,0.0,-0.025641025641025605,74,0.9075606176124984,OK,ES|NEW_YORK,1.0,4,3,-2.5641025641025603,True,MIXED_OR_NULL
ES,NEW_YORK,SESSION_0_TO_30,FROM_ABOVE,18,1.0,380,78,0.20526315789473684,40,38,0,0.5128205128205128,0.48717948717948717,0.02564102564102564,0.9099464518745242,1.5865275903489733,3.388026394985288,2.8426896478609147,0.12310251540561615,0.5584415584415584,0.44155844155844154,0.8461538461538461,36,38,3,0,0.46153846153846156,0.48717948717948717,0.038461538461538464,0.0,-0.025641025641025605,74,0.9075606176124984,OK,ES|NEW_YORK,1.0,4,5,-2.5641025641025603,True,MIXED_OR_NULL
ES,NEW_YORK,SESSION_0_TO_30,FROM_ABOVE,24,1.0,380,78,0.20526315789473684,40,38,0,0.5128205128205128,0.48717948717948717,0.02564102564102564,0.9099464518745242,1.6532446283904831,3.8618930530437763,2.8426896478609147,0.19485842162854772,0.5714285714285714,0.42857142857142855,0.8461538461538461,36,38,3,0,0.46153846153846156,0.48717948717948717,0.038461538461538464,0.0,-0.025641025641025605,74,0.9075606176124984,OK,ES|NEW_YORK,1.0,4,5,-2.5641025641025603,True,MIXED_OR_NULL
ES,NEW_YORK,SESSION_30_TO_60,FROM_ABOVE,1,1.0,283,222,0.784452296819788,115,107,0,0.5180180180180181,0.481981981981982,0.036036036036036036,0.6385903392719319,-0.01697026447675932,0.621105505688716,0.5789691621196269,0.0931790963261874,0.5135135135135135,0.4864864864864865,0.8648648648648649,61,70,2,89,0.2747747747747748,0.3153153153153153,0.009009009009009009,0.4009009009009009,-0.040540540540540515,131,0.4847202181285303,OK,ES|NEW_YORK,1.0,5,3,-4.054054054054052,True,MIXED_OR_NULL
ES,NEW_YORK,SESSION_30_TO_60,FROM_ABOVE,2,1.0,283,222,0.784452296819788,115,107,0,0.5180180180180181,0.481981981981982,0.036036036036036036,0.6385903392719319,0.17466309711319433,0.8151738330505172,0.8345713020715659,-0.010165187143077969,0.5,0.5,0.8648648648648649,83,89,2,48,0.3738738738738739,0.4009009009009009,0.009009009009009009,0.21621621621621623,-0.02702702702702703,172,0.7031386893685866,OK,ES|NEW_YORK,1.0,5,3,-2.7027027027027026,True,MIXED_OR_NULL
ES,NEW_YORK,SESSION_30_TO_60,FROM_ABOVE,3,1.0,283,222,0.784452296819788,115,107,0,0.5180180180180181,0.481981981981982,0.036036036036036036,0.6385903392719319,0.2020345566225185,0.980361658046117,0.9840456948022949,-0.009076793452991174,0.4954954954954955,0.5045045045045045,0.8648648648648649,95,98,2,27,0.42792792792792794,0.44144144144144143,0.009009009009009009,0.12162162162162163,-0.013513513513513487,193,0.8855779994131153,OK,ES|NEW_YORK,1.0,5,4,-1.3513513513513487,True,MIXED_OR_NULL
ES,NEW_YORK,SESSION_30_TO_60,FROM_ABOVE,4,1.0,283,222,0.784452296819788,115,107,0,0.5180180180180181,0.481981981981982,0.036036036036036036,0.6385903392719319,0.15987065709482157,1.1145191479540073,1.1021025614136135,0.04575647954170565,0.5135135135135135,0.4864864864864865,0.8648648648648649,104,102,2,14,0.46846846846846846,0.4594594594594595,0.009009009009009009,0.06306306306306306,0.009009009009008973,206,0.9444761724149132,OK,ES|NEW_YORK,1.0,5,3,0.9009009009008973,True,MIXED_OR_NULL
ES,NEW_YORK,SESSION_30_TO_60,FROM_ABOVE,6,1.0,283,222,0.784452296819788,115,107,0,0.5180180180180181,0.481981981981982,0.036036036036036036,0.6385903392719319,0.07072793038181013,1.302730486563118,1.2929059822502011,-0.034105024448892476,0.4864864864864865,0.5135135135135135,0.8648648648648649,111,107,2,2,0.5,0.481981981981982,0.009009009009009009,0.009009009009009009,0.018018018018018,218,0.8390485361819623,OK,ES|NEW_YORK,1.0,5,3,1.8018018018018,True,MIXED_OR_NULL
ES,NEW_YORK,SESSION_30_TO_60,FROM_ABOVE,9,1.0,283,222,0.784452296819788,115,107,0,0.5180180180180181,0.481981981981982,0.036036036036036036,0.6385903392719319,0.12399638645641778,1.4474722474662303,1.6439479626048463,-0.06537328129395195,0.4864864864864865,0.5135135135135135,0.8648648648648649,112,108,2,0,0.5045045045045045,0.4864864864864865,0.009009009009009009,0.0,0.018018018018017945,220,0.8397713323897803,OK,ES|NEW_YORK,1.0,5,3,1.8018018018017945,True,MIXED_OR_NULL
ES,NEW_YORK,SESSION_30_TO_60,FROM_ABOVE,12,1.0,283,222,0.784452296819788,115,107,0,0.5180180180180181,0.481981981981982,0.036036036036036036,0.6385903392719319,0.2099351446218614,1.5452824218206644,1.871101366477441,-0.062430091087143036,0.481981981981982,0.5180180180180181,0.8648648648648649,112,108,2,0,0.5045045045045045,0.4864864864864865,0.009009009009009009,0.0,0.018018018018017945,220,0.8397713323897803,OK,ES|NEW_YORK,1.0,5,3,1.8018018018017945,True,MIXED_OR_NULL
ES,NEW_YORK,SESSION_30_TO_60,FROM_ABOVE,18,1.0,283,222,0.784452296819788,115,107,0,0.5180180180180181,0.481981981981982,0.036036036036036036,0.6385903392719319,0.44164437407768564,1.9082976161230807,2.0573578462340447,-0.0177719798112174,0.4954954954954955,0.5045045045045045,0.8648648648648649,112,108,2,0,0.5045045045045045,0.4864864864864865,0.009009009009009009,0.0,0.018018018018017945,220,0.8397713323897803,OK,ES|NEW_YORK,1.0,5,5,1.8018018018017945,True,MIXED_OR_NULL
ES,NEW_YORK,SESSION_30_TO_60,FROM_ABOVE,24,1.0,283,222,0.784452296819788,115,107,0,0.5180180180180181,0.481981981981982,0.036036036036036036,0.6385903392719319,0.5349657032469199,2.233604146864701,2.18693165430237,0.037106076174619834,0.5135135135135135,0.4864864864864865,0.8648648648648649,112,108,2,0,0.5045045045045045,0.4864864864864865,0.009009009009009009,0.0,0.018018018018017945,220,0.8397713323897803,OK,ES|NEW_YORK,1.0,5,4,1.8018018018017945,True,MIXED_OR_NULL
ES,NEW_YORK,SESSION_60_TO_120,FROM_ABOVE,1,1.0,511,484,0.9471624266144814,239,245,0,0.493801652892562,0.506198347107438,-0.012396694214876033,0.8202406234343985,0.047879876631665784,0.45197558962359574,0.39087026470987657,0.057031874558829715,0.5206611570247934,0.4793388429752066,0.8822314049586777,73,73,0,338,0.15082644628099173,0.15082644628099173,0.0,0.6983471074380165,0.0,146,1.0,OK,ES|NEW_YORK,1.0,5,4,0.0,True,MIXED_OR_NULL
ES,NEW_YORK,SESSION_60_TO_120,FROM_ABOVE,2,1.0,511,484,0.9471624266144814,239,245,0,0.493801652892562,0.506198347107438,-0.012396694214876033,0.8202406234343985,0.039839382099783466,0.5994872925000774,0.5411616838253035,0.03196369222113578,0.5082644628099173,0.49173553719008267,0.8822314049586777,133,120,0,231,0.27479338842975204,0.24793388429752067,0.0,0.4772727272727273,0.02685950413223137,253,0.4506540583676507,OK,ES|NEW_YORK,1.0,5,3,2.685950413223137,True,MIXED_OR_NULL
ES,NEW_YORK,SESSION_60_TO_120,FROM_ABOVE,3,1.0,511,484,0.9471624266144814,239,245,0,0.493801652892562,0.506198347107438,-0.012396694214876033,0.8202406234343985,0.07056021310966817,0.70872669875921,0.6172772795227519,0.04594394019540175,0.5165289256198347,0.4834710743801653,0.8822314049586777,164,155,0,165,0.33884297520661155,0.3202479338842975,0.0,0.3409090909090909,0.018595041322314043,319,0.654283151436237,OK,ES|NEW_YORK,1.0,5,3,1.8595041322314043,True,MIXED_OR_NULL
ES,NEW_YORK,SESSION_60_TO_120,FROM_ABOVE,4,1.0,511,484,0.9471624266144814,239,245,0,0.493801652892562,0.506198347107438,-0.012396694214876033,0.8202406234343985,0.1664820703612882,0.7869956567793408,0.7257819494871016,0.03932142329055738,0.512396694214876,0.48760330578512395,0.8822314049586777,187,180,0,117,0.38636363636363635,0.371900826446281,0.0,0.24173553719008264,0.01446280991735538,367,0.7541795954251868,OK,ES|NEW_YORK,1.0,5,4,1.446280991735538,True,MIXED_OR_NULL
ES,NEW_YORK,SESSION_60_TO_120,FROM_ABOVE,6,1.0,511,484,0.9471624266144814,239,245,0,0.493801652892562,0.506198347107438,-0.012396694214876033,0.8202406234343985,0.108952153560955,0.981625261160707,0.8811056468116032,0.07573696272302188,0.53099173553719,0.4690082644628099,0.8822314049586777,218,205,0,61,0.45041322314049587,0.42355371900826444,0.0,0.12603305785123967,0.026859504132231427,423,0.5596349919663398,OK,ES|NEW_YORK,1.0,5,4,2.685950413223143,True,MIXED_OR_NULL
ES,NEW_YORK,SESSION_60_TO_120,FROM_ABOVE,9,1.0,511,484,0.9471624266144814,239,245,0,0.493801652892562,0.506198347107438,-0.012396694214876033,0.8202406234343985,0.11380099880498237,1.113043008143446,1.0805004863126006,0.0430408759709512,0.5227272727272727,0.4772727272727273,0.8822314049586777,231,222,0,31,0.4772727272727273,0.45867768595041325,0.0,0.0640495867768595,0.018595041322314043,453,0.7070557804668209,OK,ES|NEW_YORK,1.0,5,3,1.8595041322314043,True,MIXED_OR_NULL
ES,NEW_YORK,SESSION_60_TO_120,FROM_ABOVE,12,1.0,511,484,0.9471624266144814,239,245,0,0.493801652892562,0.506198347107438,-0.012396694214876033,0.8202406234343985,0.1205772864392968,1.2456966933074378,1.2561892867605238,-0.028609523697978756,0.49586776859504134,0.5041322314049587,0.8822314049586777,236,231,0,17,0.48760330578512395,0.4772727272727273,0.0,0.03512396694214876,0.01033057851239666,467,0.8531773269117712,OK,ES|NEW_YORK,1.0,5,3,1.033057851239666,True,MIXED_OR_NULL
ES,NEW_YORK,SESSION_60_TO_120,FROM_ABOVE,18,1.0,511,484,0.9471624266144814,239,245,0,0.493801652892562,0.506198347107438,-0.012396694214876033,0.8202406234343985,0.10610655159919533,1.4367347741541465,1.4751115070729892,0.012296384239814648,0.506198347107438,0.493801652892562,0.8822314049586777,241,235,0,8,0.49793388429752067,0.4855371900826446,0.0,0.01652892561983471,0.012396694214876047,476,0.8187628337440023,OK,ES|NEW_YORK,1.0,5,4,1.2396694214876047,True,MIXED_OR_NULL
ES,NEW_YORK,SESSION_60_TO_120,FROM_ABOVE,24,1.0,511,484,0.9471624266144814,239,245,0,0.493801652892562,0.506198347107438,-0.012396694214876033,0.8202406234343985,0.050208496069472225,1.5142101660932819,1.702683137647436,-0.044360382438102974,0.4851694915254237,0.5148305084745762,0.8822314049586777,238,231,0,3,0.49173553719008267,0.4772727272727273,0.0,0.006198347107438017,0.01446280991735538,469,0.7817734583300615,OK,ES|NEW_YORK,1.0,5,3,1.446280991735538,True,MIXED_OR_NULL
ES,NEW_YORK,SESSION_120_PLUS,FROM_ABOVE,1,1.0,2254,2389,1.0598935226264419,1233,1156,0,0.5161155295102553,0.48388447048974464,0.032231059020510676,0.11994896714812214,0.05374791964211247,0.4827731930022329,0.40276255989115556,0.09377800739622176,0.530779164873009,0.469220835126991,0.8694014231896191,460,429,8,1426,0.19254918375889493,0.17957304311427374,0.0033486814566764337,0.5969024696525743,0.012976140644621187,889,0.31433440855396155,OK,ES|NEW_YORK,0.8704645159955858,5,5,1.2976140644621186,True,MIXED_OR_NULL
ES,NEW_YORK,SESSION_120_PLUS,FROM_ABOVE,2,1.0,2254,2389,1.0598935226264419,1233,1156,0,0.5161155295102553,0.48388447048974464,0.032231059020510676,0.11994896714812214,0.0918755213282995,0.6839043476639322,0.5685488171899398,0.08611340163279244,0.5249668581528943,0.4750331418471056,0.8694014231896191,726,623,13,901,0.30389284219338636,0.26077856843867725,0.0054416073670992045,0.37714524905818336,0.04311427375470911,1349,0.00546490238476506,OK,ES|NEW_YORK,0.19673648585154216,5,5,4.311427375470911,True,MIXED_OR_NULL
ES,NEW_YORK,SESSION_120_PLUS,FROM_ABOVE,3,1.0,2254,2389,1.0598935226264419,1233,1156,0,0.5161155295102553,0.48388447048974464,0.032231059020510676,0.11994896714812214,0.09190588044865544,0.8005572140325575,0.7125170887713217,0.0563044390008243,0.5216606498194946,0.47833935018050544,0.8694014231896191,839,749,14,614,0.351192967768941,0.3135203013813311,0.0058601925491837585,0.25701130179991627,0.03767266638760991,1588,0.025492361884075766,OK,ES|NEW_YORK,0.26220715080763646,5,5,3.767266638760991,True,MIXED_OR_NULL
ES,NEW_YORK,SESSION_120_PLUS,FROM_ABOVE,4,1.0,2254,2389,1.0598935226264419,1233,1156,0,0.5161155295102553,0.48388447048974464,0.032231059020510676,0.11994896714812214,0.07125054341958621,0.9271624792371009,0.8057856403535566,0.07270699555149239,0.5279445727482679,0.4720554272517321,0.8694014231896191,926,831,12,396,0.3876098786102972,0.34784428631226455,0.0050230221850146506,0.16575973210548348,0.03976559229803267,1757,0.024898227225842295,OK,ES|NEW_YORK,0.26220715080763646,5,4,3.976559229803267,True,MIXED_OR_NULL
ES,NEW_YORK,SESSION_120_PLUS,FROM_ABOVE,6,1.0,2254,2389,1.0598935226264419,1233,1156,0,0.5161155295102553,0.48388447048974464,0.032231059020510676,0.11994896714812214,0.039694100841970024,1.058171676000934,0.9968255485936177,0.05016184591670477,0.5226277372262774,0.47737226277372263,0.8694014231896191,964,866,12,213,0.4035161155295103,0.36249476768522393,0.0050230221850146506,0.08915864378401005,0.04102134784428635,1830,0.023333946132106174,OK,ES|NEW_YORK,0.26220715080763646,5,4,4.102134784428635,True,MIXED_OR_NULL
ES,NEW_YORK,SESSION_120_PLUS,FROM_ABOVE,9,1.0,2254,2389,1.0598935226264419,1233,1156,0,0.5161155295102553,0.48388447048974464,0.032231059020510676,0.11994896714812214,0.13560452503439663,1.295501766376417,1.2237903514055095,0.00962401025197531,0.5038961038961038,0.4961038961038961,0.8694014231896191,953,872,13,87,0.39891167852658016,0.3650062787777313,0.0054416073670992045,0.03641691084135622,0.033905399748848875,1825,0.06108594981132791,OK,ES|NEW_YORK,0.429680722088748,5,5,3.3905399748848875,True,MIXED_OR_NULL
ES,NEW_YORK,SESSION_120_PLUS,FROM_ABOVE,12,1.0,2254,2389,1.0598935226264419,1233,1156,0,0.5161155295102553,0.48388447048974464,0.032231059020510676,0.11994896714812214,0.17713208236879532,1.4371221935864842,1.4082464878511858,0.00021977048856066511,0.500850822461713,0.499149177538287,0.8694014231896191,898,816,12,37,0.3758894935119297,0.3415655085809962,0.0050230221850146506,0.015487651737128506,0.03432398493093347,1714,0.05037474266050868,OK,ES|NEW_YORK,0.429680722088748,5,5,3.432398493093347,True,MIXED_OR_NULL
ES,NEW_YORK,SESSION_120_PLUS,FROM_ABOVE,18,1.0,2254,2389,1.0598935226264419,1233,1156,0,0.5161155295102553,0.48388447048974464,0.032231059020510676,0.11994896714812214,0.3545869134017063,1.7453700405736254,1.6293766412246298,0.037828861349143234,0.5116124751161247,0.48838752488387527,0.8694014231896191,780,708,11,8,0.3264964420259523,0.2963583089158644,0.0046044370029300966,0.0033486814566764337,0.030138133110087895,1488,0.06564566587466984,OK,ES|NEW_YORK,0.429680722088748,5,4,3.0138133110087892,True,MIXED_OR_NULL
ES,NEW_YORK,SESSION_120_PLUS,FROM_ABOVE,24,1.0,2254,2389,1.0598935226264419,1233,1156,0,0.5161155295102553,0.48388447048974464,0.032231059020510676,0.11994896714812214,0.3577675114390579,1.9547949484001677,1.7736684358744588,0.036608194467420196,0.5126324368378158,0.4873675631621842,0.8694014231896191,636,582,8,1,0.26622017580577645,0.24361657597321054,0.0033486814566764337,0.0004185851820845542,0.022603599832565907,1218,0.1288212579137931,OK,ES|NEW_YORK,0.4881647668312159,5,5,2.2603599832565906,True,MIXED_OR_NULL
ES,NEW_YORK,SESSION_0_TO_30,FROM_BELOW,1,1.0,316,77,0.24367088607594936,36,41,0,0.4675324675324675,0.5324675324675324,-0.06493506493506493,0.6487911623106449,0.15448424791380816,0.8019293155895043,0.6033605183278828,0.10162132875914476,0.5454545454545454,0.45454545454545453,0.9090909090909091,26,21,1,29,0.33766233766233766,0.2727272727272727,0.012987012987012988,0.37662337662337664,0.06493506493506496,47,0.5600646295802106,OK,ES|NEW_YORK,1.0,5,3,6.493506493506496,True,MIXED_OR_NULL
ES,NEW_YORK,SESSION_0_TO_30,FROM_BELOW,2,1.0,316,77,0.24367088607594936,36,41,0,0.4675324675324675,0.5324675324675324,-0.06493506493506493,0.6487911623106449,0.18313566491152605,1.0931442418613617,0.6944210493739994,0.12609837613225944,0.5584415584415584,0.44155844155844154,0.9090909090909091,35,24,2,16,0.45454545454545453,0.3116883116883117,0.025974025974025976,0.2077922077922078,0.14285714285714285,59,0.19252645776146274,OK,ES|NEW_YORK,0.6026915199489268,5,4,14.285714285714285,True,MIXED_OR_NULL
ES,NEW_YORK,SESSION_0_TO_30,FROM_BELOW,3,1.0,316,77,0.24367088607594936,36,41,0,0.4675324675324675,0.5324675324675324,-0.06493506493506493,0.6487911623106449,0.5442567076667977,1.2894267693080474,0.7674137501039264,0.247653600773386,0.6233766233766234,0.37662337662337664,0.9090909090909091,41,27,2,7,0.5324675324675324,0.35064935064935066,0.025974025974025976,0.09090909090909091,0.18181818181818177,68,0.11425430684992327,OK,ES|NEW_YORK,0.4784373425195397,5,4,18.181818181818176,True,MIXED_OR_NULL
ES,NEW_YORK,SESSION_0_TO_30,FROM_BELOW,4,1.0,316,77,0.24367088607594936,36,41,0,0.4675324675324675,0.5324675324675324,-0.06493506493506493,0.6487911623106449,0.3452155999794155,1.716459388722781,0.799682309758022,0.3579857891563151,0.5974025974025974,0.4025974025974026,0.9090909090909091,42,28,2,5,0.5454545454545454,0.36363636363636365,0.025974025974025976,0.06493506493506493,0.18181818181818177,70,0.11960933562988493,OK,ES|NEW_YORK,0.4784373425195397,5,4,18.181818181818176,True,MIXED_OR_NULL
ES,NEW_YORK,SESSION_0_TO_30,FROM_BELOW,6,1.0,316,77,0.24367088607594936,36,41,0,0.4675324675324675,0.5324675324675324,-0.06493506493506493,0.6487911623106449,0.22340343606641613,1.9346243856438856,1.0049584838198853,0.3711906596129211,0.6623376623376623,0.33766233766233766,0.9090909090909091,45,28,2,2,0.5844155844155844,0.36363636363636365,0.025974025974025976,0.025974025974025976,0.22077922077922074,73,0.060370037339928545,OK,ES|NEW_YORK,0.429680722088748,5,3,22.077922077922075,True,MIXED_OR_NULL
ES,NEW_YORK,SESSION_0_TO_30,FROM_BELOW,9,1.0,316,77,0.24367088607594936,36,41,0,0.4675324675324675,0.5324675324675324,-0.06493506493506493,0.6487911623106449,0.3287849695854914,2.116868240649149,1.2053699544834884,0.33031178420125273,0.6233766233766234,0.37662337662337664,0.9090909090909091,45,29,2,1,0.5844155844155844,0.37662337662337664,0.025974025974025976,0.012987012987012988,0.20779220779220775,74,0.08050685743008208,OK,ES|NEW_YORK,0.4740402099357217,5,3,20.779220779220775,True,MIXED_OR_NULL
ES,NEW_YORK,SESSION_0_TO_30,FROM_BELOW,12,1.0,316,77,0.24367088607594936,36,41,0,0.4675324675324675,0.5324675324675324,-0.06493506493506493,0.6487911623106449,-0.1461666273895931,2.116868240649149,1.2739251105150204,0.2212698346765599,0.5974025974025974,0.4025974025974026,0.9090909090909091,45,30,2,0,0.5844155844155844,0.38961038961038963,0.025974025974025976,0.0,0.19480519480519476,75,0.10534226887460482,OK,ES|NEW_YORK,0.4740402099357217,5,3,19.480519480519476,True,MIXED_OR_NULL
ES,NEW_YORK,SESSION_0_TO_30,FROM_BELOW,18,1.0,316,77,0.24367088607594936,36,41,0,0.4675324675324675,0.5324675324675324,-0.06493506493506493,0.6487911623106449,0.41600625198936575,2.453841698847845,1.426621062816447,0.17656433391822615,0.5974025974025974,0.4025974025974026,0.9090909090909091,45,30,2,0,0.5844155844155844,0.38961038961038963,0.025974025974025976,0.0,0.19480519480519476,75,0.10534226887460482,OK,ES|NEW_YORK,0.4740402099357217,5,3,19.480519480519476,True,MIXED_OR_NULL
ES,NEW_YORK,SESSION_0_TO_30,FROM_BELOW,24,1.0,316,77,0.24367088607594936,36,41,0,0.4675324675324675,0.5324675324675324,-0.06493506493506493,0.6487911623106449,0.08127798523731998,2.8364897882006415,1.9916859176678463,0.3037402586174682,0.5844155844155844,0.4155844155844156,0.9090909090909091,45,30,2,0,0.5844155844155844,0.38961038961038963,0.025974025974025976,0.0,0.19480519480519476,75,0.10534226887460482,OK,ES|NEW_YORK,0.4740402099357217,5,3,19.480519480519476,True,MIXED_OR_NULL
ES,NEW_YORK,SESSION_30_TO_60,FROM_BELOW,1,1.0,294,230,0.782312925170068,117,113,0,0.508695652173913,0.49130434782608695,0.017391304347826087,0.8432447137966196,-0.010488238392904574,0.5622870513822025,0.5053366474159318,0.02946985560971349,0.5304347826086957,0.46956521739130436,0.9391304347826087,67,51,1,111,0.29130434782608694,0.2217391304347826,0.004347826086956522,0.4826086956521739,0.06956521739130433,118,0.16705111417380186,OK,ES|NEW_YORK,0.5727466771673206,5,3,6.956521739130434,True,MIXED_OR_NULL
ES,NEW_YORK,SESSION_30_TO_60,FROM_BELOW,2,1.0,294,230,0.782312925170068,117,113,0,0.508695652173913,0.49130434782608695,0.017391304347826087,0.8432447137966196,-0.020574911252647515,0.8102558411220028,0.7648455612575307,0.051555785210231964,0.5173913043478261,0.4826086956521739,0.9391304347826087,93,76,2,59,0.4043478260869565,0.33043478260869563,0.008695652173913044,0.2565217391304348,0.07391304347826089,169,0.2182936219850504,OK,ES|NEW_YORK,0.6548808659551512,5,3,7.391304347826089,True,MIXED_OR_NULL
ES,NEW_YORK,SESSION_30_TO_60,FROM_BELOW,3,1.0,294,230,0.782312925170068,117,113,0,0.508695652173913,0.49130434782608695,0.017391304347826087,0.8432447137966196,0.017583411424505077,1.0089935951534221,0.8643016844000713,0.07233236565599169,0.5260869565217391,0.47391304347826085,0.9391304347826087,105,91,2,32,0.45652173913043476,0.39565217391304347,0.008695652173913044,0.1391304347826087,0.060869565217391286,196,0.35314085510666426,OK,ES|NEW_YORK,0.9417089469511047,5,3,6.086956521739129,True,MIXED_OR_NULL
ES,NEW_YORK,SESSION_30_TO_60,FROM_BELOW,4,1.0,294,230,0.782312925170068,117,113,0,0.508695652173913,0.49130434782608695,0.017391304347826087,0.8432447137966196,-0.11104202498996928,1.1506689987855379,0.9571035185779584,0.07233236565599169,0.5347826086956522,0.4652173913043478,0.9391304347826087,112,95,2,21,0.48695652173913045,0.41304347826086957,0.008695652173913044,0.09130434782608696,0.07391304347826089,207,0.26606062824702703,OK,ES|NEW_YORK,0.766254609351438,5,4,7.391304347826089,True,MIXED_OR_NULL
ES,NEW_YORK,SESSION_30_TO_60,FROM_BELOW,6,1.0,294,230,0.782312925170068,117,113,0,0.508695652173913,0.49130434782608695,0.017391304347826087,0.8432447137966196,-0.11695964367220074,1.3755960858953662,1.1974160079988225,0.058258768596879375,0.5347826086956522,0.4652173913043478,0.9391304347826087,115,105,2,8,0.5,0.45652173913043476,0.008695652173913044,0.034782608695652174,0.043478260869565244,220,0.5440944078914433,OK,ES|NEW_YORK,1.0,5,3,4.347826086956524,True,MIXED_OR_NULL
ES,NEW_YORK,SESSION_30_TO_60,FROM_BELOW,9,1.0,294,230,0.782312925170068,117,113,0,0.508695652173913,0.49130434782608695,0.017391304347826087,0.8432447137966196,-0.045485783379889726,1.5690909099487227,1.4891708958967351,0.006774643434134002,0.5043478260869565,0.4956521739130435,0.9391304347826087,118,108,2,2,0.5130434782608696,0.46956521739130436,0.008695652173913044,0.008695652173913044,0.043478260869565244,226,0.5494876579470017,OK,ES|NEW_YORK,1.0,5,3,4.347826086956524,True,MIXED_OR_NULL
ES,NEW_YORK,SESSION_30_TO_60,FROM_BELOW,12,1.0,294,230,0.782312925170068,117,113,0,0.508695652173913,0.49130434782608695,0.017391304347826087,0.8432447137966196,-0.019198410716064433,1.7550661806641163,1.7069422811568238,0.019620450434173112,0.5304347826086957,0.46956521739130436,0.9391304347826087,120,108,2,0,0.5217391304347826,0.46956521739130436,0.008695652173913044,0.0,0.05217391304347824,228,0.46638947965447153,OK,ES|NEW_YORK,1.0,5,4,5.2173913043478235,True,MIXED_OR_NULL
ES,NEW_YORK,SESSION_30_TO_60,FROM_BELOW,18,1.0,294,230,0.782312925170068,117,113,0,0.508695652173913,0.49130434782608695,0.017391304347826087,0.8432447137966196,-0.09095505729563798,2.006778109075067,1.9096657658586582,0.02927668618586991,0.5130434782608696,0.48695652173913045,0.9391304347826087,120,108,2,0,0.5217391304347826,0.46956521739130436,0.008695652173913044,0.0,0.05217391304347824,228,0.46638947965447153,OK,ES|NEW_YORK,1.0,5,3,5.2173913043478235,True,MIXED_OR_NULL
ES,NEW_YORK,SESSION_30_TO_60,FROM_BELOW,24,1.0,294,230,0.782312925170068,117,113,0,0.508695652173913,0.49130434782608695,0.017391304347826087,0.8432447137966196,-0.05983688238219986,2.251782448198264,2.1449886384959185,0.006774154836563974,0.5,0.5,0.9391304347826087,120,108,2,0,0.5217391304347826,0.46956521739130436,0.008695652173913044,0.0,0.05217391304347824,228,0.46638947965447153,OK,ES|NEW_YORK,1.0,5,3,5.2173913043478235,True,MIXED_OR_NULL
ES,NEW_YORK,SESSION_60_TO_120,FROM_BELOW,1,1.0,409,425,1.039119804400978,227,198,0,0.5341176470588235,0.46588235294117647,0.06823529411764706,0.17432916528670334,0.025838537636837963,0.40563708627368833,0.35700357460676607,0.09290107076415421,0.5377358490566038,0.46226415094339623,0.9176470588235294,53,45,0,326,0.12470588235294118,0.10588235294117647,0.0,0.7670588235294118,0.01882352941176471,98,0.4796924995674869,OK,ES|NEW_YORK,1.0,5,3,1.882352941176471,True,MIXED_OR_NULL
ES,NEW_YORK,SESSION_60_TO_120,FROM_BELOW,2,1.0,409,425,1.039119804400978,227,198,0,0.5341176470588235,0.46588235294117647,0.06823529411764706,0.17432916528670334,-0.004627397679934231,0.5561363242468935,0.5128039700860627,0.05692870139066647,0.5259433962264151,0.4740566037735849,0.9176470588235294,88,85,0,251,0.20705882352941177,0.2,0.0,0.5905882352941176,0.007058823529411756,173,0.8791987439042924,OK,ES|NEW_YORK,1.0,5,3,0.7058823529411756,True,MIXED_OR_NULL
ES,NEW_YORK,SESSION_60_TO_120,FROM_BELOW,3,1.0,409,425,1.039119804400978,227,198,0,0.5341176470588235,0.46588235294117647,0.06823529411764706,0.17432916528670334,0.03634985033649481,0.6707974902159755,0.6075300523382057,0.050096425544711415,0.5212264150943396,0.47877358490566035,0.9176470588235294,122,115,0,187,0.28705882352941176,0.27058823529411763,0.0,0.44,0.016470588235294126,237,0.6968139967835645,OK,ES|NEW_YORK,1.0,5,3,1.6470588235294126,True,MIXED_OR_NULL
ES,NEW_YORK,SESSION_60_TO_120,FROM_BELOW,4,1.0,409,425,1.039119804400978,227,198,0,0.5341176470588235,0.46588235294117647,0.06823529411764706,0.17432916528670334,-0.08234392378680991,0.7415136230010185,0.6999468396887201,-0.011897141867279951,0.49764150943396224,0.5023584905660378,0.9176470588235294,148,140,0,136,0.34823529411764703,0.32941176470588235,0.0,0.32,0.018823529411764683,288,0.6800614268589981,OK,ES|NEW_YORK,1.0,5,4,1.8823529411764683,True,MIXED_OR_NULL
ES,NEW_YORK,SESSION_60_TO_120,FROM_BELOW,6,1.0,409,425,1.039119804400978,227,198,0,0.5341176470588235,0.46588235294117647,0.06823529411764706,0.17432916528670334,-0.18349257878317943,0.8939415285063684,0.8680648549413406,-0.024174730795435306,0.4882075471698113,0.5117924528301887,0.9176470588235294,174,174,0,76,0.40941176470588236,0.40941176470588236,0.0,0.17882352941176471,0.0,348,1.0,OK,ES|NEW_YORK,1.0,5,4,0.0,True,MIXED_OR_NULL
ES,NEW_YORK,SESSION_60_TO_120,FROM_BELOW,9,1.0,409,425,1.039119804400978,227,198,0,0.5341176470588235,0.46588235294117647,0.06823529411764706,0.17432916528670334,-0.2555907433073291,1.003670985057767,1.098630952281285,-0.062494477563694584,0.4811320754716981,0.5188679245283019,0.9176470588235294,193,194,1,36,0.4541176470588235,0.45647058823529413,0.002352941176470588,0.08470588235294117,-0.002352941176470613,387,1.0,OK,ES|NEW_YORK,1.0,5,5,-0.23529411764706132,True,MIXED_OR_NULL
ES,NEW_YORK,SESSION_60_TO_120,FROM_BELOW,12,1.0,409,425,1.039119804400978,227,198,0,0.5341176470588235,0.46588235294117647,0.06823529411764706,0.17432916528670334,-0.20378820833679007,1.0716953584470765,1.223747008622569,-0.07201607017794763,0.46462264150943394,0.535377358490566,0.9176470588235294,200,202,1,21,0.47058823529411764,0.4752941176470588,0.002352941176470588,0.04941176470588235,-0.004705882352941171,402,0.9602298754042772,OK,ES|NEW_YORK,1.0,5,4,-0.4705882352941171,True,MIXED_OR_NULL
ES,NEW_YORK,SESSION_60_TO_120,FROM_BELOW,18,1.0,409,425,1.039119804400978,227,198,0,0.5341176470588235,0.46588235294117647,0.06823529411764706,0.17432916528670334,-0.19074418582223077,1.2442393120339403,1.404285336636537,-0.08478037989953141,0.4811320754716981,0.5188679245283019,0.9176470588235294,209,209,1,5,0.49176470588235294,0.49176470588235294,0.002352941176470588,0.011764705882352941,0.0,418,1.0,OK,ES|NEW_YORK,1.0,5,4,0.0,True,MIXED_OR_NULL
ES,NEW_YORK,SESSION_60_TO_120,FROM_BELOW,24,1.0,409,425,1.039119804400978,227,198,0,0.5341176470588235,0.46588235294117647,0.06823529411764706,0.17432916528670334,-0.23710988880345435,1.3726760674160796,1.5476463549133377,-0.05962572669630463,0.4738095238095238,0.5261904761904762,0.9176470588235294,208,207,1,4,0.4894117647058824,0.48705882352941177,0.002352941176470588,0.009411764705882352,0.002352941176470613,415,1.0,OK,ES|NEW_YORK,1.0,5,5,0.23529411764706132,True,MIXED_OR_NULL
ES,NEW_YORK,SESSION_120_PLUS,FROM_BELOW,1,1.0,1908,1976,1.0356394129979036,1014,962,0,0.5131578947368421,0.4868421052631579,0.02631578947368421,0.2512516564105959,0.011534559675055789,0.4427716606797029,0.39704725437968896,0.04335851677803604,0.517774343122102,0.482225656877898,0.8719635627530364,355,295,4,1287,0.17965587044534412,0.1492914979757085,0.0020242914979757085,0.6513157894736842,0.03036437246963561,650,0.020587439388100086,OK,ES|NEW_YORK,0.26220715080763646,5,4,3.036437246963561,True,MIXED_OR_NULL
ES,NEW_YORK,SESSION_120_PLUS,FROM_BELOW,2,1.0,1908,1976,1.0356394129979036,1014,962,0,0.5131578947368421,0.4868421052631579,0.02631578947368421,0.2512516564105959,-0.03405001113340526,0.623999788321656,0.5457477899960017,0.04653122063921593,0.5233595800524934,0.47664041994750656,0.8719635627530364,567,445,7,886,0.28694331983805665,0.22520242914979757,0.00354251012145749,0.4483805668016194,0.06174089068825908,1012,0.00014018456568464763,OK,ES|NEW_YORK,0.010093288729294629,5,4,6.174089068825908,True,MIXED_OR_NULL
ES,NEW_YORK,SESSION_120_PLUS,FROM_BELOW,3,1.0,1908,1976,1.0356394129979036,1014,962,0,0.5131578947368421,0.4868421052631579,0.02631578947368421,0.2512516564105959,-0.06724898047739372,0.7036365706349338,0.6759128793034386,0.012851733319852938,0.5050938337801608,0.4949061662198391,0.8719635627530364,657,569,7,632,0.3324898785425101,0.28795546558704455,0.00354251012145749,0.31983805668016196,0.04453441295546556,1226,0.012934210853013677,OK,ES|NEW_YORK,0.26220715080763646,5,4,4.453441295546556,True,MIXED_OR_NULL
ES,NEW_YORK,SESSION_120_PLUS,FROM_BELOW,4,1.0,1908,1976,1.0356394129979036,1014,962,0,0.5131578947368421,0.4868421052631579,0.02631578947368421,0.2512516564105959,-0.08873673586759454,0.8001135234144391,0.7975859405065836,-0.0005468879124916131,0.5,0.5,0.8719635627530364,703,651,6,450,0.3557692307692308,0.32945344129554655,0.003036437246963563,0.22773279352226722,0.026315789473684237,1354,0.165725251787351,OK,ES|NEW_YORK,0.5727466771673206,5,4,2.631578947368424,True,MIXED_OR_NULL
ES,NEW_YORK,SESSION_120_PLUS,FROM_BELOW,6,1.0,1908,1976,1.0356394129979036,1014,962,0,0.5131578947368421,0.4868421052631579,0.02631578947368421,0.2512516564105959,-0.06042342218106136,0.9807438931431165,0.9413414119166554,0.01110131581561034,0.5048878665899943,0.49511213341000576,0.8719635627530364,782,718,6,233,0.395748987854251,0.3633603238866397,0.003036437246963563,0.11791497975708502,0.03238866396761131,1500,0.10377920308907625,OK,ES|NEW_YORK,0.4740402099357217,5,3,3.238866396761131,True,MIXED_OR_NULL
ES,NEW_YORK,SESSION_120_PLUS,FROM_BELOW,9,1.0,1908,1976,1.0356394129979036,1014,962,0,0.5131578947368421,0.4868421052631579,0.02631578947368421,0.2512516564105959,-0.1392397228849312,1.1803824620320076,1.1648099560871499,-0.025413743157756265,0.4891908585546634,0.5108091414453366,0.8719635627530364,780,728,6,105,0.39473684210526316,0.3684210526315789,0.003036437246963563,0.05313765182186235,0.026315789473684237,1508,0.18905850936241014,OK,ES|NEW_YORK,0.6026915199489268,5,4,2.631578947368424,True,MIXED_OR_NULL
ES,NEW_YORK,SESSION_120_PLUS,FROM_BELOW,12,1.0,1908,1976,1.0356394129979036,1014,962,0,0.5131578947368421,0.4868421052631579,0.02631578947368421,0.2512516564105959,-0.14268364869810357,1.3351617323590537,1.3346640702585304,-0.0538898055005633,0.4788918205804749,0.521108179419525,0.8719635627530364,743,720,6,47,0.37601214574898784,0.3643724696356275,0.003036437246963563,0.023785425101214574,0.011639676113360309,1463,0.5651873339911575,OK,ES|NEW_YORK,1.0,5,4,1.1639676113360309,True,MIXED_OR_NULL
ES,NEW_YORK,SESSION_120_PLUS,FROM_BELOW,18,1.0,1908,1976,1.0356394129979036,1014,962,0,0.5131578947368421,0.4868421052631579,0.02631578947368421,0.2512516564105959,-0.16438828049164958,1.607556336641194,1.6006664554556669,-0.02928014625559426,0.48430141287284145,0.5156985871271585,0.8719635627530364,633,624,6,11,0.32034412955465585,0.3157894736842105,0.003036437246963563,0.005566801619433198,0.0045546558704453455,1257,0.8214899553728122,OK,ES|NEW_YORK,1.0,5,4,0.45546558704453455,True,MIXED_OR_NULL
ES,NEW_YORK,SESSION_120_PLUS,FROM_BELOW,24,1.0,1908,1976,1.0356394129979036,1014,962,0,0.5131578947368421,0.4868421052631579,0.02631578947368421,0.2512516564105959,-0.2258962439778786,1.855307080841398,1.809521237780714,-0.026502962545136007,0.4890162368672397,0.5109837631327603,0.8719635627530364,513,528,2,4,0.25961538461538464,0.26720647773279355,0.0010121457489878543,0.0020242914979757085,-0.007591093117408909,1041,0.6643721232856893,OK,ES|NEW_YORK,1.0,5,3,-0.7591093117408909,True,MIXED_OR_NULL
NQ,ASIA,SESSION_0_TO_30,FROM_ABOVE,1,1.0,606,84,0.13861386138613863,40,44,0,0.47619047619047616,0.5238095238095238,-0.047619047619047616,0.7436441861052041,-0.018639369223592318,0.2752108970540272,0.2883836718033088,-0.17741487426577474,0.44047619047619047,0.5595238095238095,0.9285714285714286,6,8,0,70,0.07142857142857142,0.09523809523809523,0.0,0.8333333333333334,-0.023809523809523808,14,0.79052734375,UNDERPOWERED,NQ|ASIA,0.9180317540322581,5,3,-2.380952380952381,False,UNDERPOWERED
NQ,ASIA,SESSION_0_TO_30,FROM_ABOVE,2,1.0,606,84,0.13861386138613863,40,44,0,0.47619047619047616,0.5238095238095238,-0.047619047619047616,0.7436441861052041,-0.03034899157853111,0.3469592319307765,0.4131079232155258,0.09853587987640625,0.5357142857142857,0.4642857142857143,0.9285714285714286,9,12,0,63,0.10714285714285714,0.14285714285714285,0.0,0.75,-0.03571428571428571,21,0.6636238098144531,OK,NQ|ASIA,0.8401872811297906,5,4,-3.571428571428571,True,MIXED_OR_NULL
NQ,ASIA,SESSION_0_TO_30,FROM_ABOVE,3,1.0,606,84,0.13861386138613863,40,44,0,0.47619047619047616,0.5238095238095238,-0.047619047619047616,0.7436441861052041,0.048211785822717755,0.4163657618482398,0.4504063717031914,0.045091815707564833,0.5357142857142857,0.4642857142857143,0.9285714285714286,13,13,0,58,0.15476190476190477,0.15476190476190477,0.0,0.6904761904761905,0.0,26,1.0,OK,NQ|ASIA,1.0,5,4,0.0,True,MIXED_OR_NULL
NQ,ASIA,SESSION_0_TO_30,FROM_ABOVE,4,1.0,606,84,0.13861386138613863,40,44,0,0.47619047619047616,0.5238095238095238,-0.047619047619047616,0.7436441861052041,-0.009948155029001824,0.44883760155951025,0.5401620826312084,-0.028913434310297942,0.4880952380952381,0.5119047619047619,0.9285714285714286,14,15,0,55,0.16666666666666666,0.17857142857142858,0.0,0.6547619047619048,-0.011904761904761918,29,1.0,OK,NQ|ASIA,1.0,5,3,-1.1904761904761918,True,MIXED_OR_NULL
NQ,ASIA,SESSION_0_TO_30,FROM_ABOVE,6,1.0,606,84,0.13861386138613863,40,44,0,0.47619047619047616,0.5238095238095238,-0.047619047619047616,0.7436441861052041,0.058352675163433884,0.5397413611189164,0.5735414433846935,0.06840312626661509,0.5119047619047619,0.4880952380952381,0.9285714285714286,19,21,0,44,0.2261904761904762,0.25,0.0,0.5238095238095238,-0.023809523809523808,40,0.8746293123804207,OK,NQ|ASIA,0.9802279961759317,5,4,-2.380952380952381,True,MIXED_OR_NULL
NQ,ASIA,SESSION_0_TO_30,FROM_ABOVE,9,1.0,606,84,0.13861386138613863,40,44,0,0.47619047619047616,0.5238095238095238,-0.047619047619047616,0.7436441861052041,0.1529513020004658,0.8244032610287497,0.621509350280659,0.09080541209375279,0.5476190476190477,0.4523809523809524,0.9285714285714286,28,25,0,31,0.3333333333333333,0.2976190476190476,0.0,0.36904761904761907,0.0357142857142857,53,0.7838463022094988,OK,NQ|ASIA,0.9180317540322581,5,4,3.57142857142857,True,MIXED_OR_NULL
NQ,ASIA,SESSION_0_TO_30,FROM_ABOVE,12,1.0,606,84,0.13861386138613863,40,44,0,0.47619047619047616,0.5238095238095238,-0.047619047619047616,0.7436441861052041,0.1486172328953152,0.943984952651455,0.7010712497120328,0.17291947082115758,0.5952380952380952,0.40476190476190477,0.9285714285714286,34,28,0,22,0.40476190476190477,0.3333333333333333,0.0,0.2619047619047619,0.07142857142857145,62,0.52577336017565,OK,NQ|ASIA,0.7279938833201308,5,4,7.142857142857145,True,MIXED_OR_NULL
NQ,ASIA,SESSION_0_TO_30,FROM_ABOVE,18,1.0,606,84,0.13861386138613863,40,44,0,0.47619047619047616,0.5238095238095238,-0.047619047619047616,0.7436441861052041,0.2650824691258711,1.259476091836179,0.8802602212648527,0.21535448088770287,0.5833333333333334,0.4166666666666667,0.9285714285714286,41,36,0,7,0.4880952380952381,0.42857142857142855,0.0,0.08333333333333333,0.059523809523809534,77,0.6487911623106449,OK,NQ|ASIA,0.8401872811297906,5,4,5.952380952380953,True,MIXED_OR_NULL
NQ,ASIA,SESSION_0_TO_30,FROM_ABOVE,24,1.0,606,84,0.13861386138613863,40,44,0,0.47619047619047616,0.5238095238095238,-0.047619047619047616,0.7436441861052041,0.40570656917475634,1.429630279855219,1.189930094385516,0.18960667549056998,0.5595238095238095,0.44047619047619047,0.9285714285714286,42,40,0,2,0.5,0.47619047619047616,0.0,0.023809523809523808,0.023809523809523836,82,0.9121566075526032,OK,NQ|ASIA,0.9802279961759317,5,3,2.3809523809523836,True,MIXED_OR_NULL
NQ,ASIA,SESSION_30_TO_60,FROM_ABOVE,1,1.0,177,231,1.305084745762712,111,120,0,0.4805194805194805,0.5194805194805194,-0.03896103896103896,0.5987333596107642,-0.004397899705266182,0.21482261802955352,0.3430950490419727,-0.12366526566078319,0.46320346320346323,0.5367965367965368,0.922077922077922,19,30,0,182,0.08225108225108226,0.12987012987012986,0.0,0.7878787878787878,-0.0476190476190476,49,0.15240777196147803,OK,NQ|ASIA,0.40642072523060807,5,3,-4.76190476190476,True,MIXED_OR_NULL
NQ,ASIA,SESSION_30_TO_60,FROM_ABOVE,2,1.0,177,231,1.305084745762712,111,120,0,0.4805194805194805,0.5194805194805194,-0.03896103896103896,0.5987333596107642,-0.0039659041560534585,0.34923667789787727,0.400419264525916,-0.07875237739644946,0.47186147186147187,0.5281385281385281,0.922077922077922,28,44,0,159,0.12121212121212122,0.19047619047619047,0.0,0.6883116883116883,-0.06926406926406925,72,0.07636915467183139,OK,NQ|ASIA,0.3179373419179022,5,4,-6.926406926406925,True,MIXED_OR_NULL
NQ,ASIA,SESSION_30_TO_60,FROM_ABOVE,3,1.0,177,231,1.305084745762712,111,120,0,0.4805194805194805,0.5194805194805194,-0.03896103896103896,0.5987333596107642,0.021032325769902698,0.436843217685318,0.5126583248327768,-0.11119265474990242,0.4675324675324675,0.5324675324675324,0.922077922077922,46,58,0,127,0.19913419913419914,0.2510822510822511,0.0,0.5497835497835498,-0.05194805194805194,104,0.2806903290341792,OK,NQ|ASIA,0.5613806580683584,5,3,-5.194805194805194,True,MIXED_OR_NULL
NQ,ASIA,SESSION_30_TO_60,FROM_ABOVE,4,1.0,177,231,1.305084745762712,111,120,0,0.4805194805194805,0.5194805194805194,-0.03896103896103896,0.5987333596107642,0.04814390033049977,0.509115115745787,0.5686807337963623,-0.0710500523066577,0.4675324675324675,0.5324675324675324,0.922077922077922,56,66,0,109,0.24242424242424243,0.2857142857142857,0.0,0.47186147186147187,-0.04329004329004327,122,0.4152851813125318,OK,NQ|ASIA,0.6672241098663917,5,5,-4.329004329004327,True,MIXED_OR_NULL
NQ,ASIA,SESSION_30_TO_60,FROM_ABOVE,6,1.0,177,231,1.305084745762712,111,120,0,0.4805194805194805,0.5194805194805194,-0.03896103896103896,0.5987333596107642,0.02698468388076209,0.6697151514189725,0.7000818832313808,-0.023840950883390024,0.48917748917748916,0.5108225108225108,0.922077922077922,69,78,0,84,0.2987012987012987,0.33766233766233766,0.0,0.36363636363636365,-0.038961038961038974,147,0.5095015886349893,OK,NQ|ASIA,0.7192963604258672,5,3,-3.8961038961038974,True,MIXED_OR_NULL
NQ,ASIA,SESSION_30_TO_60,FROM_ABOVE,9,1.0,177,231,1.305084745762712,111,120,0,0.4805194805194805,0.5194805194805194,-0.03896103896103896,0.5987333596107642,-0.05423007890246709,0.8580558550606251,0.9017392289117009,-0.02250167735597502,0.48484848484848486,0.5151515151515151,0.922077922077922,83,96,0,52,0.3593073593073593,0.4155844155844156,0.0,0.22510822510822512,-0.056277056277056314,179,0.3698057750369407,OK,NQ|ASIA,0.6482070107361533,5,3,-5.627705627705631,True,MIXED_OR_NULL
NQ,ASIA,SESSION_30_TO_60,FROM_ABOVE,12,1.0,177,231,1.305084745762712,111,120,0,0.4805194805194805,0.5194805194805194,-0.03896103896103896,0.5987333596107642,-0.014456456523402687,0.9979023481492312,1.0061967852457372,0.00794450388767156,0.5021645021645021,0.49783549783549785,0.922077922077922,95,100,0,36,0.41125541125541126,0.4329004329004329,0.0,0.15584415584415584,-0.021645021645021634,195,0.7746233321773475,OK,NQ|ASIA,0.9180317540322581,5,3,-2.1645021645021636,True,MIXED_OR_NULL
NQ,ASIA,SESSION_30_TO_60,FROM_ABOVE,18,1.0,177,231,1.305084745762712,111,120,0,0.4805194805194805,0.5194805194805194,-0.03896103896103896,0.5987333596107642,0.2834609725633131,1.5632885738956872,1.4004490833289809,0.07490253514760428,0.5454545454545454,0.45454545454545453,0.922077922077922,111,110,0,10,0.4805194805194805,0.47619047619047616,0.0,0.04329004329004329,0.004329004329004349,221,1.0,OK,NQ|ASIA,1.0,5,3,0.4329004329004349,True,MIXED_OR_NULL
NQ,ASIA,SESSION_30_TO_60,FROM_ABOVE,24,1.0,177,231,1.305084745762712,111,120,0,0.4805194805194805,0.5194805194805194,-0.03896103896103896,0.5987333596107642,0.06384806662228183,1.7244812659697886,1.5348653374096952,0.07472570206247355,0.5411255411255411,0.4588744588744589,0.922077922077922,115,112,0,4,0.49783549783549785,0.48484848484848486,0.0,0.017316017316017316,0.012987012987012991,227,0.8944334241384705,OK,NQ|ASIA,0.9802279961759317,5,3,1.2987012987012991,True,MIXED_OR_NULL
NQ,ASIA,SESSION_60_TO_120,FROM_ABOVE,1,1.0,407,483,1.1867321867321867,224,259,0,0.463768115942029,0.5362318840579711,-0.07246376811594203,0.12176067128492853,-0.04526695187057167,0.39188647816942807,0.4569490776332109,-0.1249068953080236,0.45962732919254656,0.5403726708074534,0.9316770186335404,68,123,3,289,0.14078674948240166,0.2546583850931677,0.006211180124223602,0.598343685300207,-0.11387163561076602,191,8.411757648898617e-05,OK,NQ|ASIA,0.006056465507207004,5,3,-11.387163561076601,True,MIXED_OR_NULL
NQ,ASIA,SESSION_60_TO_120,FROM_ABOVE,2,1.0,407,483,1.1867321867321867,224,259,0,0.463768115942029,0.5362318840579711,-0.07246376811594203,0.12176067128492853,-0.029574591928136197,0.5642606455576337,0.6995711839005428,-0.08373277960601949,0.46790890269151136,0.5320910973084886,0.9316770186335404,116,166,5,196,0.2401656314699793,0.34368530020703936,0.010351966873706004,0.4057971014492754,-0.10351966873706006,282,0.0034505799128292476,OK,NQ|ASIA,0.08281391790790195,5,3,-10.351966873706006,True,MIXED_OR_NULL
NQ,ASIA,SESSION_60_TO_120,FROM_ABOVE,3,1.0,407,483,1.1867321867321867,224,259,0,0.463768115942029,0.5362318840579711,-0.07246376811594203,0.12176067128492853,-0.04639764417820102,0.7028096101138068,0.854171237924621,-0.11415413960743798,0.45962732919254656,0.5403726708074534,0.9316770186335404,143,195,6,139,0.29606625258799174,0.40372670807453415,0.012422360248447204,0.28778467908902694,-0.1076604554865424,338,0.005458526556885905,OK,NQ|ASIA,0.09825347802394628,5,3,-10.76604554865424,True,MIXED_OR_NULL
NQ,ASIA,SESSION_60_TO_120,FROM_ABOVE,4,1.0,407,483,1.1867321867321867,224,259,0,0.463768115942029,0.5362318840579711,-0.07246376811594203,0.12176067128492853,0.007872644503279572,0.8230923241577269,1.0031031207092065,-0.1053155152294033,0.45134575569358176,0.5486542443064182,0.9316770186335404,158,218,7,100,0.32712215320910976,0.45134575569358176,0.014492753623188406,0.2070393374741201,-0.124223602484472,376,0.002301318239271848,OK,NQ|ASIA,0.08281391790790195,5,3,-12.4223602484472,True,MIXED_OR_NULL
NQ,ASIA,SESSION_60_TO_120,FROM_ABOVE,6,1.0,407,483,1.1867321867321867,224,259,0,0.463768115942029,0.5362318840579711,-0.07246376811594203,0.12176067128492853,0.1034894394969026,1.0910481223311088,1.208135721932424,-0.05735060466880293,0.46790890269151136,0.5320910973084886,0.9316770186335404,190,242,9,42,0.39337474120082816,0.5010351966873706,0.018633540372670808,0.08695652173913043,-0.10766045548654246,432,0.014044376742603991,OK,NQ|ASIA,0.12639939068343592,5,5,-10.766045548654246,True,MIXED_OR_NULL
NQ,ASIA,SESSION_60_TO_120,FROM_ABOVE,9,1.0,407,483,1.1867321867321867,224,259,0,0.463768115942029,0.5362318840579711,-0.07246376811594203,0.12176067128492853,0.009785378484696782,1.3932175413567496,1.5121328992236842,-0.05581822251195036,0.4720496894409938,0.5279503105590062,0.9316770186335404,204,258,9,12,0.422360248447205,0.5341614906832298,0.018633540372670808,0.024844720496894408,-0.11180124223602483,462,0.013585032443061897,OK,NQ|ASIA,0.12639939068343592,5,3,-11.180124223602483,True,MIXED_OR_NULL
NQ,ASIA,SESSION_60_TO_120,FROM_ABOVE,12,1.0,407,483,1.1867321867321867,224,259,0,0.463768115942029,0.5362318840579711,-0.07246376811594203,0.12176067128492853,0.25008631447616736,1.6771159993923819,1.8682987423263302,0.015586744851993111,0.5010351966873706,0.4989648033126294,0.9316770186335404,209,260,9,5,0.432712215320911,0.5383022774327122,0.018633540372670808,0.010351966873706004,-0.10559006211180122,469,0.020856695777969437,OK,NQ|ASIA,0.1668535662237555,5,4,-10.559006211180122,True,MIXED_OR_NULL
NQ,ASIA,SESSION_60_TO_120,FROM_ABOVE,18,1.0,407,483,1.1867321867321867,224,259,0,0.463768115942029,0.5362318840579711,-0.07246376811594203,0.12176067128492853,0.2971371705182707,2.0980932836154467,2.2483411980790984,0.026583559011406726,0.5134575569358178,0.4865424430641822,0.9316770186335404,209,264,9,1,0.432712215320911,0.546583850931677,0.018633540372670808,0.002070393374741201,-0.11387163561076608,473,0.012948157890843031,OK,NQ|ASIA,0.12639939068343592,5,4,-11.387163561076608,True,MIXED_OR_NULL
NQ,ASIA,SESSION_60_TO_120,FROM_ABOVE,24,1.0,407,483,1.1867321867321867,224,259,0,0.463768115942029,0.5362318840579711,-0.07246376811594203,0.12176067128492853,0.6176029738734566,2.4614833949359167,2.3962005050308517,0.038987305540272486,0.525879917184265,0.474120082815735,0.9316770186335404,209,264,9,1,0.432712215320911,0.546583850931677,0.018633540372670808,0.002070393374741201,-0.11387163561076608,473,0.012948157890843031,OK,NQ|ASIA,0.12639939068343592,5,5,-11.387163561076608,True,MIXED_OR_NULL
NQ,ASIA,SESSION_120_PLUS,FROM_ABOVE,1,1.0,3562,3587,1.0070185289163391,1950,1637,0,0.5436297741845554,0.4563702258154447,0.08725954836911068,1.8622575594781221e-07,0.07661874818438968,0.48394887797351027,0.3849681395677378,0.12049193732125207,0.5405862457722661,0.45941375422773395,0.8739894061890159,659,715,12,2162,0.1837189852244215,0.19933091720100363,0.003345413994981879,0.6027320880959018,-0.015611931976582116,1374,0.1378387759393529,OK,NQ|ASIA,0.40642072523060807,5,5,-1.5611931976582116,True,MIXED_OR_NULL
NQ,ASIA,SESSION_120_PLUS,FROM_ABOVE,2,1.0,3562,3587,1.0070185289163391,1950,1637,0,0.5436297741845554,0.4563702258154447,0.08725954836911068,1.8622575594781221e-07,0.08410842060102368,0.6596107446747452,0.5628990552259068,0.10964815889021196,0.5355097365406644,0.46449026345933564,0.8739894061890159,1023,998,13,1458,0.2851965430722052,0.2782269305826596,0.0036241984945637024,0.4064678003902983,0.006969612489545585,2021,0.5934487017352614,OK,NQ|ASIA,0.8061944627346948,5,5,0.6969612489545585,True,MIXED_OR_NULL
NQ,ASIA,SESSION_120_PLUS,FROM_ABOVE,3,1.0,3562,3587,1.0070185289163391,1950,1637,0,0.5436297741845554,0.4563702258154447,0.08725954836911068,1.8622575594781221e-07,0.09246958100068205,0.7997593701034308,0.6906272126582669,0.08923029391073875,0.5343731946851531,0.4656268053148469,0.8739894061890159,1235,1188,15,1024,0.3442988569835517,0.331195985503206,0.004181767493727348,0.285475327571787,0.013102871480345724,2423,0.35004612691009135,OK,NQ|ASIA,0.6462390035263225,5,5,1.3102871480345724,True,MIXED_OR_NULL
NQ,ASIA,SESSION_120_PLUS,FROM_ABOVE,4,1.0,3562,3587,1.0070185289163391,1950,1637,0,0.5436297741845554,0.4563702258154447,0.08725954836911068,1.8622575594781221e-07,0.09687814157696464,0.8923566825967236,0.8055945410477645,0.07777845544828951,0.5322251385243512,0.4677748614756489,0.8739894061890159,1372,1312,15,730,0.3824923334262615,0.36576526345135213,0.004181767493727348,0.20351268469473097,0.01672706997490936,2684,0.2547676614406048,OK,NQ|ASIA,0.5558567158704104,5,5,1.6727069974909359,True,MIXED_OR_NULL
NQ,ASIA,SESSION_120_PLUS,FROM_ABOVE,6,1.0,3562,3587,1.0070185289163391,1950,1637,0,0.5436297741845554,0.4563702258154447,0.08725954836911068,1.8622575594781221e-07,0.09007877337370415,1.0599033935518123,1.009591700270872,0.06355582767046972,0.5199642431466031,0.4800357568533969,0.8739894061890159,1505,1451,17,383,0.419570671870644,0.40451630889322554,0.004739336492890996,0.10677446333983831,0.015054362977418467,2956,0.32965110294471284,OK,NQ|ASIA,0.6246020897899822,5,4,1.5054362977418467,True,MIXED_OR_NULL
NQ,ASIA,SESSION_120_PLUS,FROM_ABOVE,9,1.0,3562,3587,1.0070185289163391,1950,1637,0,0.5436297741845554,0.4563702258154447,0.08725954836911068,1.8622575594781221e-07,0.0636059168480852,1.2880335650875754,1.2437713129507353,0.027275627246249858,0.507564062982402,0.492435937017598,0.8739894061890159,1569,1488,17,165,0.43741287984388066,0.414831335377753,0.004739336492890996,0.045999442431000834,0.022581544466127645,3057,0.1479093522821762,OK,NQ|ASIA,0.40642072523060807,5,4,2.2581544466127648,True,MIXED_OR_NULL
NQ,ASIA,SESSION_120_PLUS,FROM_ABOVE,12,1.0,3562,3587,1.0070185289163391,1950,1637,0,0.5436297741845554,0.4563702258154447,0.08725954836911068,1.8622575594781221e-07,0.1344644124173972,1.459120982184286,1.4128684868506776,0.013389989936927372,0.5054697554697555,0.4945302445302445,0.8739894061890159,1550,1461,15,82,0.432115974351826,0.4073041538890438,0.004181767493727348,0.022860328965709508,0.02481182046278224,3011,0.10876141799936748,OK,NQ|ASIA,0.37289629028354565,5,5,2.4811820462782244,True,MIXED_OR_NULL
NQ,ASIA,SESSION_120_PLUS,FROM_ABOVE,18,1.0,3562,3587,1.0070185289163391,1950,1637,0,0.5436297741845554,0.4563702258154447,0.08725954836911068,1.8622575594781221e-07,0.09347273452535715,1.7445022698779518,1.6364650064890898,0.0335510928084009,0.5125752745306411,0.48742472546935883,0.8739894061890159,1438,1343,14,28,0.40089211039866185,0.3744075829383886,0.0039029829941455256,0.007805965988291051,0.026484527460273244,2781,0.07465023809072215,OK,NQ|ASIA,0.3179373419179022,5,4,2.648452746027324,True,MIXED_OR_NULL
NQ,ASIA,SESSION_120_PLUS,FROM_ABOVE,24,1.0,3562,3587,1.0070185289163391,1950,1637,0,0.5436297741845554,0.4563702258154447,0.08725954836911068,1.8622575594781221e-07,0.1498503988474862,1.9228176654876101,1.8561904591469598,0.014675551228006154,0.5059194948697711,0.4940805051302289,0.8739894061890159,1298,1211,11,14,0.3618622804572066,0.33760802899358794,0.0030666294954000556,0.0039029829941455256,0.024254251463618648,2509,0.08597489113575509,OK,NQ|ASIA,0.3179373419179022,5,5,2.4254251463618646,True,MIXED_OR_NULL
NQ,ASIA,SESSION_0_TO_30,FROM_BELOW,1,1.0,406,70,0.1724137931034483,36,34,0,0.5142857142857142,0.4857142857142857,0.02857142857142857,0.9049745264594622,-0.012167867899660487,0.2131701544403271,0.20546986438680157,0.024712072748866,0.5,0.5,0.9714285714285714,3,2,0,65,0.04285714285714286,0.02857142857142857,0.0,0.9285714285714286,0.014285714285714287,5,1.0,UNDERPOWERED,NQ|ASIA,1.0,5,4,1.4285714285714286,False,UNDERPOWERED
NQ,ASIA,SESSION_0_TO_30,FROM_BELOW,2,1.0,406,70,0.1724137931034483,36,34,0,0.5142857142857142,0.4857142857142857,0.02857142857142857,0.9049745264594622,0.03396280044486241,0.3318821931109369,0.33859089234764017,0.08343968652815319,0.5142857142857142,0.4857142857142857,0.9714285714285714,4,2,0,64,0.05714285714285714,0.02857142857142857,0.0,0.9142857142857143,0.02857142857142857,6,0.6875,UNDERPOWERED,NQ|ASIA,0.8473471941613536,5,3,2.857142857142857,False,UNDERPOWERED
NQ,ASIA,SESSION_0_TO_30,FROM_BELOW,3,1.0,406,70,0.1724137931034483,36,34,0,0.5142857142857142,0.4857142857142857,0.02857142857142857,0.9049745264594622,-0.004627223315380258,0.40133820902417927,0.4187318432587575,-0.0235202667089622,0.4714285714285714,0.5285714285714286,0.9714285714285714,10,5,0,55,0.14285714285714285,0.07142857142857142,0.0,0.7857142857142857,0.07142857142857142,15,0.30175781249999994,UNDERPOWERED,NQ|ASIA,0.5872043918918918,5,3,7.142857142857142,False,UNDERPOWERED
NQ,ASIA,SESSION_0_TO_30,FROM_BELOW,4,1.0,406,70,0.1724137931034483,36,34,0,0.5142857142857142,0.4857142857142857,0.02857142857142857,0.9049745264594622,0.05319974648662346,0.47105072903740147,0.46062320876633683,0.09482818027313138,0.5142857142857142,0.4857142857142857,0.9714285714285714,16,6,0,48,0.22857142857142856,0.08571428571428572,0.0,0.6857142857142857,0.14285714285714285,22,0.052478790283203125,OK,NQ|ASIA,0.2698909214564732,5,4,14.285714285714285,True,MIXED_OR_NULL
NQ,ASIA,SESSION_0_TO_30,FROM_BELOW,6,1.0,406,70,0.1724137931034483,36,34,0,0.5142857142857142,0.4857142857142857,0.02857142857142857,0.9049745264594622,-0.06342459044324865,0.49850202688968404,0.5046997577086473,0.10480786579213093,0.5285714285714286,0.4714285714285714,0.9714285714285714,19,11,0,40,0.2714285714285714,0.15714285714285714,0.0,0.5714285714285714,0.11428571428571427,30,0.20048842206597334,OK,NQ|ASIA,0.4747009580715065,5,3,11.428571428571427,True,MIXED_OR_NULL
NQ,ASIA,SESSION_0_TO_30,FROM_BELOW,9,1.0,406,70,0.1724137931034483,36,34,0,0.5142857142857142,0.4857142857142857,0.02857142857142857,0.9049745264594622,-0.0019332884648781425,0.6499318485142556,0.6817356425039511,0.04108843525469776,0.5142857142857142,0.4857142857142857,0.9714285714285714,23,24,0,23,0.32857142857142857,0.34285714285714286,0.0,0.32857142857142857,-0.01428571428571429,47,1.0,OK,NQ|ASIA,1.0,5,3,-1.428571428571429,True,MIXED_OR_NULL
NQ,ASIA,SESSION_0_TO_30,FROM_BELOW,12,1.0,406,70,0.1724137931034483,36,34,0,0.5142857142857142,0.4857142857142857,0.02857142857142857,0.9049745264594622,0.1496876427335741,0.980990784367947,0.8015824783039907,0.06678930942105044,0.5285714285714286,0.4714285714285714,0.9714285714285714,33,26,0,11,0.4714285714285714,0.37142857142857144,0.0,0.15714285714285714,0.09999999999999998,59,0.43499280512215344,OK,NQ|ASIA,0.6672241098663917,5,3,9.999999999999998,True,MIXED_OR_NULL
NQ,ASIA,SESSION_0_TO_30,FROM_BELOW,18,1.0,406,70,0.1724137931034483,36,34,0,0.5142857142857142,0.4857142857142857,0.02857142857142857,0.9049745264594622,-0.07982764337068501,1.0598399352277075,0.9197805399879422,-0.021858864328295924,0.4857142857142857,0.5142857142857142,0.9714285714285714,35,28,0,7,0.5,0.4,0.0,0.1,0.09999999999999998,63,0.44996253629022254,OK,NQ|ASIA,0.6692994519190136,5,3,9.999999999999998,True,MIXED_OR_NULL
NQ,ASIA,SESSION_0_TO_30,FROM_BELOW,24,1.0,406,70,0.1724137931034483,36,34,0,0.5142857142857142,0.4857142857142857,0.02857142857142857,0.9049745264594622,0.10653659824745468,1.2818702841297775,1.299868406348064,-0.03126848728648757,0.4714285714285714,0.5285714285714286,0.9714285714285714,38,30,0,2,0.5428571428571428,0.42857142857142855,0.0,0.02857142857142857,0.11428571428571427,68,0.39612484029702977,OK,NQ|ASIA,0.6632788023578172,5,3,11.428571428571427,True,MIXED_OR_NULL
NQ,ASIA,SESSION_30_TO_60,FROM_BELOW,1,1.0,163,191,1.1717791411042944,102,89,0,0.5340314136125655,0.46596858638743455,0.06806282722513089,0.3852883963184292,0.10252647145416498,0.2921035423593716,0.20795543964306948,0.13883077217528972,0.5578947368421052,0.4421052631578947,0.900523560209424,20,16,0,154,0.10471204188481675,0.08376963350785341,0.0,0.806282722513089,0.020942408376963345,36,0.617719317029696,OK,NQ|ASIA,0.8236257560395946,5,5,2.0942408376963346,True,MIXED_OR_NULL
NQ,ASIA,SESSION_30_TO_60,FROM_BELOW,2,1.0,163,191,1.1717791411042944,102,89,0,0.5340314136125655,0.46596858638743455,0.06806282722513089,0.3852883963184292,0.13702492871433347,0.48152087838537827,0.32162690455708176,0.19526003240918122,0.5684210526315789,0.43157894736842106,0.900523560209424,39,29,0,122,0.20418848167539266,0.1518324607329843,0.0,0.6387434554973822,0.05235602094240838,68,0.2749903961710005,OK,NQ|ASIA,0.5613806580683584,5,4,5.2356020942408374,True,MIXED_OR_NULL
NQ,ASIA,SESSION_30_TO_60,FROM_BELOW,3,1.0,163,191,1.1717791411042944,102,89,0,0.5340314136125655,0.46596858638743455,0.06806282722513089,0.3852883963184292,0.13892403242497758,0.6317094374211567,0.4274139476876663,0.2944967086311264,0.6052631578947368,0.39473684210526316,0.900523560209424,54,34,0,102,0.28272251308900526,0.17801047120418848,0.0,0.5340314136125655,0.10471204188481678,88,0.04221061162240417,OK,NQ|ASIA,0.23378184898562313,5,3,10.471204188481678,True,MIXED_OR_NULL
NQ,ASIA,SESSION_30_TO_60,FROM_BELOW,4,1.0,163,191,1.1717791411042944,102,89,0,0.5340314136125655,0.46596858638743455,0.06806282722513089,0.3852883963184292,0.15490531333993807,0.6969731744316923,0.4707993065173771,0.18923667089857765,0.5684210526315789,0.43157894736842106,0.900523560209424,65,42,0,83,0.3403141361256545,0.2198952879581152,0.0,0.43455497382198954,0.12041884816753928,107,0.03294666029982695,OK,NQ|ASIA,0.19767996179896172,5,4,12.041884816753928,True,MIXED_OR_NULL
NQ,ASIA,SESSION_30_TO_60,FROM_BELOW,6,1.0,163,191,1.1717791411042944,102,89,0,0.5340314136125655,0.46596858638743455,0.06806282722513089,0.3852883963184292,0.13541697707640224,0.8490383445012546,0.6068782987784787,0.19041174340175976,0.5631578947368421,0.4368421052631579,0.900523560209424,78,57,0,55,0.4083769633507853,0.29842931937172773,0.0,0.2879581151832461,0.1099476439790576,135,0.08481264433974647,OK,NQ|ASIA,0.3179373419179022,5,3,10.99476439790576,True,MIXED_OR_NULL
NQ,ASIA,SESSION_30_TO_60,FROM_BELOW,9,1.0,163,191,1.1717791411042944,102,89,0,0.5340314136125655,0.46596858638743455,0.06806282722513089,0.3852883963184292,0.2069063768460282,1.1440232425081802,0.7424231912302182,0.20880693193750477,0.5842105263157895,0.41578947368421054,0.900523560209424,93,64,0,33,0.4869109947643979,0.33507853403141363,0.0,0.17277486910994763,0.1518324607329843,157,0.025128032190317236,OK,NQ|ASIA,0.1809218317702841,5,4,15.18324607329843,True,MIXED_OR_NULL
NQ,ASIA,SESSION_30_TO_60,FROM_BELOW,12,1.0,163,191,1.1717791411042944,102,89,0,0.5340314136125655,0.46596858638743455,0.06806282722513089,0.3852883963184292,0.1590999296243879,1.2470678998492173,0.7939952371733441,0.19248849700064055,0.5789473684210527,0.42105263157894735,0.900523560209424,98,69,0,23,0.5130890052356021,0.3612565445026178,0.0,0.12041884816753927,0.1518324607329843,167,0.029951223196102755,OK,NQ|ASIA,0.1960443700108544,5,4,15.18324607329843,True,MIXED_OR_NULL
NQ,ASIA,SESSION_30_TO_60,FROM_BELOW,18,1.0,163,191,1.1717791411042944,102,89,0,0.5340314136125655,0.46596858638743455,0.06806282722513089,0.3852883963184292,0.17052892014239968,1.6241185420636053,1.0736584555274171,0.13828553681803518,0.5684210526315789,0.43157894736842106,0.900523560209424,102,82,0,6,0.5340314136125655,0.4293193717277487,0.0,0.031413612565445025,0.10471204188481675,184,0.1611222709609794,OK,NQ|ASIA,0.4143144110425184,5,3,10.471204188481675,True,MIXED_OR_NULL
NQ,ASIA,SESSION_30_TO_60,FROM_BELOW,24,1.0,163,191,1.1717791411042944,102,89,0,0.5340314136125655,0.46596858638743455,0.06806282722513089,0.3852883963184292,0.08235644566356717,1.8983546860367584,1.3525802067543324,0.11995001972254957,0.5684210526315789,0.43157894736842106,0.900523560209424,106,84,0,0,0.5549738219895288,0.4397905759162304,0.0,0.0,0.11518324607329844,190,0.1274131384280197,OK,NQ|ASIA,0.39885852029640956,5,4,11.518324607329845,True,MIXED_OR_NULL
NQ,ASIA,SESSION_60_TO_120,FROM_BELOW,1,1.0,428,429,1.0023364485981308,221,208,0,0.5151515151515151,0.48484848484848486,0.030303030303030304,0.5623933025733228,0.02047803671219341,0.3685277471579381,0.3456233737546385,-0.0013240929335800406,0.4988344988344988,0.5011655011655012,0.9184149184149184,68,87,4,270,0.1585081585081585,0.20279720279720279,0.009324009324009324,0.6293706293706294,-0.04428904428904429,155,0.14799763102341476,OK,NQ|ASIA,0.40642072523060807,5,3,-4.428904428904429,True,MIXED_OR_NULL
NQ,ASIA,SESSION_60_TO_120,FROM_BELOW,2,1.0,428,429,1.0023364485981308,221,208,0,0.5151515151515151,0.48484848484848486,0.030303030303030304,0.5623933025733228,0.054406478285091,0.584166041037497,0.5065930098235336,0.005306294521218861,0.5034965034965035,0.4965034965034965,0.9184149184149184,113,120,4,192,0.2634032634032634,0.27972027972027974,0.009324009324009324,0.44755244755244755,-0.01631701631701632,233,0.6943539507711092,OK,NQ|ASIA,0.8473471941613536,5,3,-1.631701631701632,True,MIXED_OR_NULL
NQ,ASIA,SESSION_60_TO_120,FROM_BELOW,3,1.0,428,429,1.0023364485981308,221,208,0,0.5151515151515151,0.48484848484848486,0.030303030303030304,0.5623933025733228,0.0713440803637041,0.7316523510119286,0.6646643683479787,0.019449137585501118,0.5104895104895105,0.48951048951048953,0.9184149184149184,146,149,6,128,0.34032634032634035,0.3473193473193473,0.013986013986013986,0.29836829836829837,-0.006993006993006978,295,0.9073261085985455,OK,NQ|ASIA,0.9802279961759317,5,3,-0.6993006993006978,True,MIXED_OR_NULL
NQ,ASIA,SESSION_60_TO_120,FROM_BELOW,4,1.0,428,429,1.0023364485981308,221,208,0,0.5151515151515151,0.48484848484848486,0.030303030303030304,0.5623933025733228,0.06984476947000641,0.8786915793224117,0.7411333903163876,0.02815601152348487,0.5151515151515151,0.48484848484848486,0.9184149184149184,165,161,6,97,0.38461538461538464,0.3752913752913753,0.013986013986013986,0.2261072261072261,0.009324009324009341,326,0.8680679088829238,OK,NQ|ASIA,0.9802279961759317,5,4,0.9324009324009341,True,MIXED_OR_NULL
NQ,ASIA,SESSION_60_TO_120,FROM_BELOW,6,1.0,428,429,1.0023364485981308,221,208,0,0.5151515151515151,0.48484848484848486,0.030303030303030304,0.5623933025733228,0.14501454749437184,1.0942334169877543,1.0120170213385478,0.06521121803373155,0.5407925407925408,0.4592074592074592,0.9184149184149184,195,177,7,50,0.45454545454545453,0.4125874125874126,0.016317016317016316,0.11655011655011654,0.041958041958041925,372,0.3781207562627561,OK,NQ|ASIA,0.6482070107361533,5,5,4.195804195804192,True,MIXED_OR_NULL
NQ,ASIA,SESSION_60_TO_120,FROM_BELOW,9,1.0,428,429,1.0023364485981308,221,208,0,0.5151515151515151,0.48484848484848486,0.030303030303030304,0.5623933025733228,0.0717903141672013,1.4377674714769695,1.3056985468261142,0.07037162370746138,0.5268065268065268,0.4731934731934732,0.9184149184149184,211,192,7,19,0.49184149184149184,0.44755244755244755,0.016317016317016316,0.04428904428904429,0.04428904428904429,403,0.36992872312289,OK,NQ|ASIA,0.6482070107361533,5,3,4.428904428904429,True,MIXED_OR_NULL
NQ,ASIA,SESSION_60_TO_120,FROM_BELOW,12,1.0,428,429,1.0023364485981308,221,208,0,0.5151515151515151,0.48484848484848486,0.030303030303030304,0.5623933025733228,-0.00626078224814417,1.6995015057878424,1.5063328694776867,0.05356740867688186,0.5268065268065268,0.4731934731934732,0.9184149184149184,213,197,7,12,0.4965034965034965,0.4592074592074592,0.016317016317016316,0.027972027972027972,0.03729603729603731,410,0.4588579375604054,OK,NQ|ASIA,0.6692994519190136,5,3,3.729603729603731,True,MIXED_OR_NULL
NQ,ASIA,SESSION_60_TO_120,FROM_BELOW,18,1.0,428,429,1.0023364485981308,221,208,0,0.5151515151515151,0.48484848484848486,0.030303030303030304,0.5623933025733228,-0.021240746979269844,2.2736937739523477,1.8691827513152914,0.05182229411278084,0.5268065268065268,0.4731934731934732,0.9184149184149184,218,201,7,3,0.5081585081585082,0.46853146853146854,0.016317016317016316,0.006993006993006993,0.03962703962703962,419,0.43445548301173104,OK,NQ|ASIA,0.6672241098663917,5,3,3.9627039627039617,True,MIXED_OR_NULL
NQ,ASIA,SESSION_60_TO_120,FROM_BELOW,24,1.0,428,429,1.0023364485981308,221,208,0,0.5151515151515151,0.48484848484848486,0.030303030303030304,0.5623933025733228,-0.21335064018273095,2.4768540221518354,2.222584192716829,0.03784760730755243,0.5244755244755245,0.4755244755244755,0.9184149184149184,219,202,7,1,0.5104895104895105,0.47086247086247085,0.016317016317016316,0.002331002331002331,0.03962703962703967,421,0.435549071718339,OK,NQ|ASIA,0.6672241098663917,5,4,3.9627039627039675,True,MIXED_OR_NULL
NQ,ASIA,SESSION_120_PLUS,FROM_BELOW,1,1.0,3176,3198,1.006926952141058,1678,1520,0,0.5247029393370857,0.47529706066291433,0.04940587867417136,0.005490581507051896,0.004415795062769852,0.4177790369669075,0.4037788814896407,0.022044848154605834,0.5068102629078239,0.4931897370921761,0.883364602876798,557,596,6,1998,0.17417135709818637,0.18636647904940587,0.001876172607879925,0.624765478424015,-0.012195121951219495,1153,0.26308875480634364,OK,NQ|ASIA,0.5571291278251982,5,3,-1.2195121951219496,True,MIXED_OR_NULL
NQ,ASIA,SESSION_120_PLUS,FROM_BELOW,2,1.0,3176,3198,1.006926952141058,1678,1520,0,0.5247029393370857,0.47529706066291433,0.04940587867417136,0.005490581507051896,-0.020843546129544678,0.5717288588837224,0.60075238276894,-0.023121100673541548,0.4914763589578643,0.5085236410421358,0.883364602876798,845,899,10,1355,0.26422764227642276,0.2811131957473421,0.0031269543464665416,0.4237023139462164,-0.016885553470919357,1744,0.20438513472523195,OK,NQ|ASIA,0.4747009580715065,5,3,-1.6885553470919357,True,MIXED_OR_NULL
NQ,ASIA,SESSION_120_PLUS,FROM_BELOW,3,1.0,3176,3198,1.006926952141058,1678,1520,0,0.5247029393370857,0.47529706066291433,0.04940587867417136,0.005490581507051896,-0.03522916156041574,0.6908722705939754,0.7253312512555081,-0.022894904491925556,0.49021526418786693,0.5097847358121331,0.883364602876798,1030,1085,12,939,0.3220762976860538,0.33927454659161976,0.00375234521575985,0.29362101313320826,-0.017198248905565983,2115,0.24031171060615986,OK,NQ|ASIA,0.5407013488638597,5,4,-1.7198248905565983,True,MIXED_OR_NULL
NQ,ASIA,SESSION_120_PLUS,FROM_BELOW,4,1.0,3176,3198,1.006926952141058,1678,1520,0,0.5247029393370857,0.47529706066291433,0.04940587867417136,0.005490581507051896,-0.0035847271039876716,0.8150051333785561,0.8488522394893039,-0.020476056272111045,0.49059095411026743,0.5094090458897326,0.883364602876798,1166,1188,12,663,0.36460287679799874,0.3714821763602251,0.00375234521575985,0.2073170731707317,-0.006879299562226382,2354,0.6651482642277509,OK,NQ|ASIA,0.8401872811297906,5,3,-0.6879299562226382,True,MIXED_OR_NULL
NQ,ASIA,SESSION_120_PLUS,FROM_BELOW,6,1.0,3176,3198,1.006926952141058,1678,1520,0,0.5247029393370857,0.47529706066291433,0.04940587867417136,0.005490581507051896,-0.07230192012819574,0.9900295163152434,1.0407809144039453,-0.03259803993673165,0.48759768943255183,0.5124023105674482,0.883364602876798,1262,1300,12,369,0.39462163852407756,0.4065040650406504,0.00375234521575985,0.11538461538461539,-0.011882426516572842,2562,0.4647912860548706,OK,NQ|ASIA,0.6692994519190136,5,4,-1.1882426516572842,True,MIXED_OR_NULL
NQ,ASIA,SESSION_120_PLUS,FROM_BELOW,9,1.0,3176,3198,1.006926952141058,1678,1520,0,0.5247029393370857,0.47529706066291433,0.04940587867417136,0.005490581507051896,-0.05848377319039563,1.1986694599563903,1.2489125686707387,-0.03247319372249482,0.48539246744104186,0.5146075325589581,0.883364602876798,1291,1358,12,180,0.40368980612883054,0.42464040025015637,0.00375234521575985,0.05628517823639775,-0.020950594121325827,2649,0.1997145328448082,OK,NQ|ASIA,0.4747009580715065,5,4,-2.0950594121325827,True,MIXED_OR_NULL
NQ,ASIA,SESSION_120_PLUS,FROM_BELOW,12,1.0,3176,3198,1.006926952141058,1678,1520,0,0.5247029393370857,0.47529706066291433,0.04940587867417136,0.005490581507051896,-0.13487313953990154,1.316249705726763,1.4306379036558792,-0.04795603847394332,0.48205697373288936,0.5179430262671106,0.883364602876798,1259,1347,10,87,0.39368355222013757,0.42120075046904315,0.0031269543464665416,0.027204502814258912,-0.027517198248905583,2606,0.08831592831052838,OK,NQ|ASIA,0.3179373419179022,5,5,-2.751719824890558,True,MIXED_OR_NULL
NQ,ASIA,SESSION_120_PLUS,FROM_BELOW,18,1.0,3176,3198,1.006926952141058,1678,1520,0,0.5247029393370857,0.47529706066291433,0.04940587867417136,0.005490581507051896,-0.1546559740085941,1.5456326858337937,1.706498955070843,-0.06792503561666649,0.477124183006536,0.5228758169934641,0.883364602876798,1159,1251,5,33,0.3624140087554722,0.39118198874296434,0.0015634771732332708,0.010318949343339587,-0.028767979987492143,2410,0.0637637543296424,OK,NQ|ASIA,0.30606602078228357,5,4,-2.8767979987492143,True,MIXED_OR_NULL
NQ,ASIA,SESSION_120_PLUS,FROM_BELOW,24,1.0,3176,3198,1.006926952141058,1678,1520,0,0.5247029393370857,0.47529706066291433,0.04940587867417136,0.005490581507051896,-0.20226019986317742,1.7241545055465337,1.8971009296580073,-0.06443662066000827,0.47681224673570466,0.5231877532642953,0.883364602876798,1064,1139,2,16,0.33270794246404,0.35616010006253906,0.0006253908692933083,0.0050031269543464665,-0.023452157598499057,2203,0.11486472775712334,OK,NQ|ASIA,0.37592092720513093,5,4,-2.3452157598499057,True,MIXED_OR_NULL
NQ,LONDON,SESSION_0_TO_30,FROM_ABOVE,1,1.0,423,108,0.2553191489361702,61,47,0,0.5648148148148148,0.4351851851851852,0.12962962962962962,0.210765793978782,0.15669416155006727,0.5481265417584695,0.475757903799678,0.12236719159688134,0.5277777777777778,0.4722222222222222,0.8703703703703703,29,33,0,46,0.26851851851851855,0.3055555555555556,0.0,0.42592592592592593,-0.037037037037037035,62,0.7035366713552733,OK,NQ|LONDON,1.0,5,3,-3.7037037037037033,True,MIXED_OR_NULL
NQ,LONDON,SESSION_0_TO_30,FROM_ABOVE,2,1.0,423,108,0.2553191489361702,61,47,0,0.5648148148148148,0.4351851851851852,0.12962962962962962,0.210765793978782,0.07527818550291543,0.7705423107538498,0.695706259322199,0.13234557983626904,0.5462962962962963,0.4537037037037037,0.8703703703703703,41,40,0,27,0.37962962962962965,0.37037037037037035,0.0,0.25,0.0092592592592593,81,1.0,OK,NQ|LONDON,1.0,5,3,0.92592592592593,True,MIXED_OR_NULL
NQ,LONDON,SESSION_0_TO_30,FROM_ABOVE,3,1.0,423,108,0.2553191489361702,61,47,0,0.5648148148148148,0.4351851851851852,0.12962962962962962,0.210765793978782,0.11628054760708048,0.9430967320538843,0.870807893972062,0.056222065396182845,0.5185185185185185,0.48148148148148145,0.8703703703703703,50,46,0,12,0.46296296296296297,0.42592592592592593,0.0,0.1111111111111111,0.037037037037037035,96,0.7596492883236299,OK,NQ|LONDON,1.0,5,3,3.7037037037037033,True,MIXED_OR_NULL
NQ,LONDON,SESSION_0_TO_30,FROM_ABOVE,4,1.0,423,108,0.2553191489361702,61,47,0,0.5648148148148148,0.4351851851851852,0.12962962962962962,0.210765793978782,-0.028239719158719125,1.0340616418654711,0.9661914441441639,0.04791837162648133,0.5092592592592593,0.49074074074074076,0.8703703703703703,52,48,0,8,0.48148148148148145,0.4444444444444444,0.0,0.07407407407407407,0.037037037037037035,100,0.7643534344026676,OK,NQ|LONDON,1.0,5,3,3.7037037037037033,True,MIXED_OR_NULL
NQ,LONDON,SESSION_0_TO_30,FROM_ABOVE,6,1.0,423,108,0.2553191489361702,61,47,0,0.5648148148148148,0.4351851851851852,0.12962962962962962,0.210765793978782,0.2322262431598769,1.2484428151412497,1.2235829883395013,0.030774666330010643,0.5277777777777778,0.4722222222222222,0.8703703703703703,55,49,0,4,0.5092592592592593,0.4537037037037037,0.0,0.037037037037037035,0.05555555555555558,104,0.624143515844679,OK,NQ|LONDON,1.0,5,3,5.555555555555558,True,MIXED_OR_NULL
NQ,LONDON,SESSION_0_TO_30,FROM_ABOVE,9,1.0,423,108,0.2553191489361702,61,47,0,0.5648148148148148,0.4351851851851852,0.12962962962962962,0.210765793978782,0.34819046045703905,1.7261799298196951,1.4263211662918713,0.062389963547691905,0.5370370370370371,0.46296296296296297,0.8703703703703703,55,53,0,0,0.5092592592592593,0.49074074074074076,0.0,0.0,0.018518518518518545,108,0.923401037594597,OK,NQ|LONDON,1.0,5,4,1.8518518518518545,True,MIXED_OR_NULL
NQ,LONDON,SESSION_0_TO_30,FROM_ABOVE,12,1.0,423,108,0.2553191489361702,61,47,0,0.5648148148148148,0.4351851851851852,0.12962962962962962,0.210765793978782,0.09527413001815775,1.8745019657869488,1.6892266602982784,0.03666800293786061,0.5370370370370371,0.46296296296296297,0.8703703703703703,55,53,0,0,0.5092592592592593,0.49074074074074076,0.0,0.0,0.018518518518518545,108,0.923401037594597,OK,NQ|LONDON,1.0,5,3,1.8518518518518545,True,MIXED_OR_NULL
NQ,LONDON,SESSION_0_TO_30,FROM_ABOVE,18,1.0,423,108,0.2553191489361702,61,47,0,0.5648148148148148,0.4351851851851852,0.12962962962962962,0.210765793978782,0.25911345993968204,2.1839922117312742,1.7988195778282212,0.012099679301036578,0.5092592592592593,0.49074074074074076,0.8703703703703703,55,53,0,0,0.5092592592592593,0.49074074074074076,0.0,0.0,0.018518518518518545,108,0.923401037594597,OK,NQ|LONDON,1.0,5,5,1.8518518518518545,True,MIXED_OR_NULL
NQ,LONDON,SESSION_0_TO_30,FROM_ABOVE,24,1.0,423,108,0.2553191489361702,61,47,0,0.5648148148148148,0.4351851851851852,0.12962962962962962,0.210765793978782,0.1741818098662294,2.283475285894379,2.0225405286079354,0.05784558031146739,0.5462962962962963,0.4537037037037037,0.8703703703703703,55,53,0,0,0.5092592592592593,0.49074074074074076,0.0,0.0,0.018518518518518545,108,0.923401037594597,OK,NQ|LONDON,1.0,5,3,1.8518518518518545,True,MIXED_OR_NULL
NQ,LONDON,SESSION_30_TO_60,FROM_ABOVE,1,1.0,294,236,0.8027210884353742,118,118,0,0.5,0.5,0.0,1.0,0.010191681964485447,0.48952846532826555,0.46339578557384686,-0.0015260650366858298,0.5,0.5,0.9322033898305084,47,44,0,145,0.19915254237288135,0.1864406779661017,0.0,0.614406779661017,0.012711864406779655,91,0.8340810393049418,OK,NQ|LONDON,1.0,5,3,1.2711864406779654,True,MIXED_OR_NULL
NQ,LONDON,SESSION_30_TO_60,FROM_ABOVE,2,1.0,294,236,0.8027210884353742,118,118,0,0.5,0.5,0.0,1.0,-0.03369854635844474,0.6703742625071969,0.7428410007812352,-0.12499796470099708,0.4745762711864407,0.5254237288135594,0.9322033898305084,82,75,1,78,0.3474576271186441,0.3177966101694915,0.00423728813559322,0.3305084745762712,0.029661016949152574,157,0.6321848782933399,OK,NQ|LONDON,1.0,5,3,2.9661016949152574,True,MIXED_OR_NULL
NQ,LONDON,SESSION_30_TO_60,FROM_ABOVE,3,1.0,294,236,0.8027210884353742,118,118,0,0.5,0.5,0.0,1.0,0.0528965319962527,0.8036054198581566,0.8649429392567083,0.02052409457535123,0.5084745762711864,0.4915254237288136,0.9322033898305084,95,93,1,47,0.4025423728813559,0.3940677966101695,0.00423728813559322,0.19915254237288135,0.008474576271186418,188,0.9418856184644896,OK,NQ|LONDON,1.0,5,3,0.8474576271186418,True,MIXED_OR_NULL
NQ,LONDON,SESSION_30_TO_60,FROM_ABOVE,4,1.0,294,236,0.8027210884353742,118,118,0,0.5,0.5,0.0,1.0,0.12146400316323779,0.8894790832760863,0.9729276544071589,0.026366401898649784,0.5127118644067796,0.4872881355932203,0.9322033898305084,105,102,1,28,0.4449152542372881,0.4322033898305085,0.00423728813559322,0.11864406779661017,0.012711864406779627,207,0.8894862277873755,OK,NQ|LONDON,1.0,5,3,1.2711864406779627,True,MIXED_OR_NULL
NQ,LONDON,SESSION_30_TO_60,FROM_ABOVE,6,1.0,294,236,0.8027210884353742,118,118,0,0.5,0.5,0.0,1.0,0.1755008406508577,1.1623788612278427,1.1047791614753306,0.04986962701932282,0.5338983050847458,0.4661016949152542,0.9322033898305084,115,110,1,10,0.4872881355932203,0.4661016949152542,0.00423728813559322,0.0423728813559322,0.0211864406779661,225,0.7897969502669107,OK,NQ|LONDON,1.0,5,4,2.11864406779661,True,MIXED_OR_NULL
NQ,LONDON,SESSION_30_TO_60,FROM_ABOVE,9,1.0,294,236,0.8027210884353742,118,118,0,0.5,0.5,0.0,1.0,0.09000029819423078,1.4175850895966517,1.2928203583820346,0.07558747143696505,0.5550847457627118,0.4449152542372881,0.9322033898305084,119,112,1,4,0.5042372881355932,0.4745762711864407,0.00423728813559322,0.01694915254237288,0.02966101694915252,231,0.6931012792711911,OK,NQ|LONDON,1.0,5,4,2.9661016949152517,True,MIXED_OR_NULL
NQ,LONDON,SESSION_30_TO_60,FROM_ABOVE,12,1.0,294,236,0.8027210884353742,118,118,0,0.5,0.5,0.0,1.0,0.1288769809787071,1.581067267058411,1.3763478051322147,0.07363678351425845,0.5423728813559322,0.4576271186440678,0.9322033898305084,121,113,1,1,0.5127118644067796,0.4788135593220339,0.00423728813559322,0.00423728813559322,0.03389830508474573,234,0.6473300545214408,OK,NQ|LONDON,1.0,5,4,3.3898305084745726,True,MIXED_OR_NULL
NQ,LONDON,SESSION_30_TO_60,FROM_ABOVE,18,1.0,294,236,0.8027210884353742,118,118,0,0.5,0.5,0.0,1.0,0.39539141752436846,1.8080127651390412,1.650287423200638,0.04048486561674259,0.5211864406779662,0.4788135593220339,0.9322033898305084,121,114,1,0,0.5127118644067796,0.4830508474576271,0.00423728813559322,0.0,0.02966101694915252,235,0.6955914217250478,OK,NQ|LONDON,1.0,5,4,2.9661016949152517,True,MIXED_OR_NULL
NQ,LONDON,SESSION_30_TO_60,FROM_ABOVE,24,1.0,294,236,0.8027210884353742,118,118,0,0.5,0.5,0.0,1.0,0.5327746752042231,2.075661698002276,1.9087773636259637,0.05013202705760263,0.538135593220339,0.461864406779661,0.9322033898305084,121,114,1,0,0.5127118644067796,0.4830508474576271,0.00423728813559322,0.0,0.02966101694915252,235,0.6955914217250478,OK,NQ|LONDON,1.0,5,5,2.9661016949152517,True,MIXED_OR_NULL
NQ,LONDON,SESSION_60_TO_120,FROM_ABOVE,1,1.0,477,473,0.9916142557651991,242,231,0,0.5116279069767442,0.4883720930232558,0.023255813953488372,0.6457054685103282,0.053512293532058844,0.42894610895628693,0.379809151699868,0.06849947993815968,0.5348837209302325,0.46511627906976744,0.904862579281184,58,83,0,332,0.1226215644820296,0.17547568710359407,0.0,0.7019027484143763,-0.05285412262156447,141,0.04287961522740881,OK,NQ|LONDON,0.5370091770100414,5,4,-5.285412262156447,True,MIXED_OR_NULL
NQ,LONDON,SESSION_60_TO_120,FROM_ABOVE,2,1.0,477,473,0.9916142557651991,242,231,0,0.5116279069767442,0.4883720930232558,0.023255813953488372,0.6457054685103282,0.05429351509138807,0.5607712149893723,0.5429793148700311,0.03995305594504489,0.5200845665961945,0.4799154334038055,0.904862579281184,107,118,0,248,0.226215644820296,0.24947145877378435,0.0,0.5243128964059197,-0.023255813953488358,225,0.5050737415102835,OK,NQ|LONDON,0.9828461996956869,5,4,-2.325581395348836,True,MIXED_OR_NULL
NQ,LONDON,SESSION_60_TO_120,FROM_ABOVE,3,1.0,477,473,0.9916142557651991,242,231,0,0.5116279069767442,0.4883720930232558,0.023255813953488372,0.6457054685103282,0.029580209897340753,0.6572463924657432,0.643757288873374,0.022313899382632944,0.5116279069767442,0.4883720930232558,0.904862579281184,137,156,0,180,0.28964059196617337,0.3298097251585624,0.0,0.38054968287526425,-0.04016913319238902,293,0.29298237456948284,OK,NQ|LONDON,0.9050880689674535,5,3,-4.016913319238902,True,MIXED_OR_NULL
NQ,LONDON,SESSION_60_TO_120,FROM_ABOVE,4,1.0,477,473,0.9916142557651991,242,231,0,0.5116279069767442,0.4883720930232558,0.023255813953488372,0.6457054685103282,0.035009792454399405,0.7271844746088082,0.7351280635352201,-0.006974202633045963,0.49682875264270615,0.5031712473572939,0.904862579281184,158,178,0,137,0.33403805496828753,0.3763213530655391,0.0,0.28964059196617337,-0.042283298097251565,336,0.2999441623407962,OK,NQ|LONDON,0.9050880689674535,5,3,-4.228329809725157,True,MIXED_OR_NULL
NQ,LONDON,SESSION_60_TO_120,FROM_ABOVE,6,1.0,477,473,0.9916142557651991,242,231,0,0.5116279069767442,0.4883720930232558,0.023255813953488372,0.6457054685103282,-0.003332693785305436,0.8900597796330572,0.96656955735309,-0.04138056288193976,0.4883720930232558,0.5116279069767442,0.904862579281184,189,211,1,72,0.39957716701902746,0.44608879492600423,0.0021141649048625794,0.1522198731501057,-0.04651162790697677,400,0.2937081181617824,OK,NQ|LONDON,0.9050880689674535,5,3,-4.651162790697677,True,MIXED_OR_NULL
NQ,LONDON,SESSION_60_TO_120,FROM_ABOVE,9,1.0,477,473,0.9916142557651991,242,231,0,0.5116279069767442,0.4883720930232558,0.023255813953488372,0.6457054685103282,0.014161737379269224,1.0812687652539283,1.1471727541176966,-0.02422956413108669,0.4820295983086681,0.5179704016913319,0.904862579281184,215,232,1,25,0.45454545454545453,0.4904862579281184,0.0021141649048625794,0.052854122621564484,-0.035940803382663866,447,0.44922164939337245,OK,NQ|LONDON,0.9616144334700737,5,3,-3.5940803382663864,True,MIXED_OR_NULL
NQ,LONDON,SESSION_60_TO_120,FROM_ABOVE,12,1.0,477,473,0.9916142557651991,242,231,0,0.5116279069767442,0.4883720930232558,0.023255813953488372,0.6457054685103282,-0.011047529340350673,1.1665311142901056,1.2698366804073278,-0.0012971498155821182,0.49471458773784355,0.5052854122621564,0.904862579281184,221,239,1,12,0.46723044397463004,0.5052854122621564,0.0021141649048625794,0.02536997885835095,-0.03805496828752636,460,0.4280253266472907,OK,NQ|LONDON,0.9616144334700737,5,3,-3.805496828752636,True,MIXED_OR_NULL
NQ,LONDON,SESSION_60_TO_120,FROM_ABOVE,18,1.0,477,473,0.9916142557651991,242,231,0,0.5116279069767442,0.4883720930232558,0.023255813953488372,0.6457054685103282,0.10756300372871586,1.5009200888698135,1.4296241365657847,-0.0035639600930622976,0.49682875264270615,0.5031712473572939,0.904862579281184,226,243,1,3,0.47780126849894294,0.5137420718816068,0.0021141649048625794,0.006342494714587738,-0.035940803382663866,469,0.4600580101719274,OK,NQ|LONDON,0.9616144334700737,5,4,-3.5940803382663864,True,MIXED_OR_NULL
NQ,LONDON,SESSION_60_TO_120,FROM_ABOVE,24,1.0,477,473,0.9916142557651991,242,231,0,0.5116279069767442,0.4883720930232558,0.023255813953488372,0.6457054685103282,0.18390239390813076,1.7162816721576462,1.7028554529701247,0.004665431573598448,0.5031712473572939,0.49682875264270615,0.904862579281184,226,245,1,1,0.47780126849894294,0.5179704016913319,0.0021141649048625794,0.0021141649048625794,-0.04016913319238896,471,0.40690639737693474,OK,NQ|LONDON,0.9616144334700737,5,4,-4.016913319238896,True,MIXED_OR_NULL
NQ,LONDON,SESSION_120_PLUS,FROM_ABOVE,1,1.0,1828,1891,1.0344638949671772,935,956,0,0.4944473823373876,0.5055526176626124,-0.01110523532522475,0.6455836549853374,0.006493243660867419,0.4327183950598418,0.42958714766184286,0.006112688453868025,0.5018970189701897,0.4981029810298103,0.8461131676361714,353,382,5,1105,0.1866737176097303,0.20200951877313592,0.0026441036488630354,0.5843469063987309,-0.015335801163405605,735,0.30169602298915116,OK,NQ|LONDON,0.9050880689674535,5,3,-1.5335801163405605,True,MIXED_OR_NULL
NQ,LONDON,SESSION_120_PLUS,FROM_ABOVE,2,1.0,1828,1891,1.0344638949671772,935,956,0,0.4944473823373876,0.5055526176626124,-0.01110523532522475,0.6455836549853374,0.031360543931392336,0.6080463337131566,0.6137285924299871,0.0056239766882855155,0.5008356545961002,0.4991643454038997,0.8461131676361714,519,556,6,714,0.2744579587519831,0.2940243257535695,0.0031729243786356425,0.37757800105764144,-0.019566367001586427,1075,0.27220138434318003,OK,NQ|LONDON,0.9050880689674535,5,3,-1.9566367001586427,True,MIXED_OR_NULL
NQ,LONDON,SESSION_120_PLUS,FROM_ABOVE,3,1.0,1828,1891,1.0344638949671772,935,956,0,0.4944473823373876,0.5055526176626124,-0.01110523532522475,0.6455836549853374,0.03223464708045844,0.7408882475006291,0.7490376440701312,-0.007545377055926529,0.49657142857142855,0.5034285714285714,0.8461131676361714,639,651,8,452,0.3379164463246959,0.3442622950819672,0.004230565838180857,0.2390269698572184,-0.0063458487572712885,1290,0.7594163043510895,OK,NQ|LONDON,1.0,5,4,-0.6345848757271288,True,MIXED_OR_NULL
NQ,LONDON,SESSION_120_PLUS,FROM_ABOVE,4,1.0,1828,1891,1.0344638949671772,935,956,0,0.4944473823373876,0.5055526176626124,-0.01110523532522475,0.6455836549853374,0.00860116093541253,0.8684457376649444,0.8622778736283816,-0.007731787181364794,0.49535423925667826,0.5046457607433217,0.8461131676361714,708,707,8,299,0.3744050766790058,0.3738762559492332,0.004230565838180857,0.1581173982020095,0.0005288207297726166,1415,1.0,OK,NQ|LONDON,1.0,5,3,0.05288207297726166,True,MIXED_OR_NULL
NQ,LONDON,SESSION_120_PLUS,FROM_ABOVE,6,1.0,1828,1891,1.0344638949671772,935,956,0,0.4944473823373876,0.5055526176626124,-0.01110523532522475,0.6455836549853374,0.03969994023999537,1.0666528252477292,1.0554058302069096,0.01399185602331718,0.5052307692307693,0.4947692307692308,0.8461131676361714,747,742,9,127,0.3950290851401375,0.39238498149127443,0.004759386567953464,0.0671602326811211,0.002644103648863083,1489,0.9174434576057998,OK,NQ|LONDON,1.0,5,3,0.2644103648863083,True,MIXED_OR_NULL
NQ,LONDON,SESSION_120_PLUS,FROM_ABOVE,9,1.0,1828,1891,1.0344638949671772,935,956,0,0.4944473823373876,0.5055526176626124,-0.01110523532522475,0.6455836549853374,0.01181220134493222,1.3140191229701397,1.2713773362513026,0.019191449451959785,0.5064406779661017,0.4935593220338983,0.8461131676361714,724,717,9,25,0.38286620835536755,0.3791644632469593,0.004759386567953464,0.013220518244315178,0.003701745108408261,1441,0.8744173288807818,OK,NQ|LONDON,1.0,5,3,0.3701745108408261,True,MIXED_OR_NULL
NQ,LONDON,SESSION_120_PLUS,FROM_ABOVE,12,1.0,1828,1891,1.0344638949671772,935,956,0,0.4944473823373876,0.5055526176626124,-0.01110523532522475,0.6455836549853374,0.06890142328249671,1.5200280516158964,1.4507905979900593,-0.0022606409578728886,0.49925149700598803,0.500748502994012,0.8461131676361714,664,654,9,9,0.3511369645690111,0.34584875727128506,0.004759386567953464,0.004759386567953464,0.005288207297726055,1318,0.8042195197585261,OK,NQ|LONDON,1.0,5,3,0.5288207297726055,True,MIXED_OR_NULL
NQ,LONDON,SESSION_120_PLUS,FROM_ABOVE,18,1.0,1828,1891,1.0344638949671772,935,956,0,0.4944473823373876,0.5055526176626124,-0.01110523532522475,0.6455836549853374,0.2539857915068582,1.8199059265221733,1.775871828043913,0.032760042117806316,0.5128205128205128,0.48717948717948717,0.8461131676361714,529,516,8,0,0.27974616604970914,0.27287149656266524,0.004230565838180857,0.0,0.006874669487043905,1045,0.7104979789806599,OK,NQ|LONDON,1.0,5,4,0.6874669487043905,True,MIXED_OR_NULL
NQ,LONDON,SESSION_120_PLUS,FROM_ABOVE,24,1.0,1828,1891,1.0344638949671772,935,956,0,0.4944473823373876,0.5055526176626124,-0.01110523532522475,0.6455836549853374,0.27317864657531077,2.0829894655499057,1.9980069319659324,0.024705082139832805,0.5065963060686016,0.49340369393139843,0.8461131676361714,375,379,4,0,0.19830777366472765,0.2004230565838181,0.0021152829190904283,0.0,-0.0021152829190904388,754,0.9130108637135083,OK,NQ|LONDON,1.0,5,3,-0.21152829190904388,True,MIXED_OR_NULL
NQ,LONDON,SESSION_0_TO_30,FROM_BELOW,1,1.0,366,99,0.27049180327868855,56,43,0,0.5656565656565656,0.43434343434343436,0.13131313131313133,0.22762615711004686,-0.05211458832584074,0.5688244575057746,0.5839644149360594,-0.11033940272164094,0.46464646464646464,0.5353535353535354,0.9090909090909091,16,32,0,51,0.16161616161616163,0.32323232323232326,0.0,0.5151515151515151,-0.16161616161616163,48,0.029304946720529308,OK,NQ|LONDON,0.5370091770100414,5,3,-16.161616161616163,True,MIXED_OR_NULL
NQ,LONDON,SESSION_0_TO_30,FROM_BELOW,2,1.0,366,99,0.27049180327868855,56,43,0,0.5656565656565656,0.43434343434343436,0.13131313131313133,0.22762615711004686,-0.22232735428328754,0.7390598704480529,0.9306019001652281,-0.11033940272164094,0.48484848484848486,0.5151515151515151,0.9090909090909091,31,45,0,23,0.31313131313131315,0.45454545454545453,0.0,0.23232323232323232,-0.14141414141414138,76,0.13538510529943087,OK,NQ|LONDON,0.6498485054372681,5,4,-14.141414141414138,True,MIXED_OR_NULL
NQ,LONDON,SESSION_0_TO_30,FROM_BELOW,3,1.0,366,99,0.27049180327868855,56,43,0,0.5656565656565656,0.43434343434343436,0.13131313131313133,0.22762615711004686,-0.034427188358511725,0.7766185096780495,1.0321014630944074,-0.21006523194357415,0.46464646464646464,0.5353535353535354,0.9090909090909091,37,53,0,9,0.37373737373737376,0.5353535353535354,0.0,0.09090909090909091,-0.1616161616161616,90,0.11334435404342058,OK,NQ|LONDON,0.6235160337663087,5,3,-16.16161616161616,True,MIXED_OR_NULL
NQ,LONDON,SESSION_0_TO_30,FROM_BELOW,4,1.0,366,99,0.27049180327868855,56,43,0,0.5656565656565656,0.43434343434343436,0.13131313131313133,0.22762615711004686,-0.13480574121280772,0.9195716613289631,1.158497567049245,-0.08212546291447084,0.46464646464646464,0.5353535353535354,0.9090909090909091,39,54,0,6,0.3939393939393939,0.5454545454545454,0.0,0.06060606060606061,-0.1515151515151515,93,0.14617702864715262,OK,NQ|LONDON,0.6577966289121868,5,3,-15.151515151515149,True,MIXED_OR_NULL
NQ,LONDON,SESSION_0_TO_30,FROM_BELOW,6,1.0,366,99,0.27049180327868855,56,43,0,0.5656565656565656,0.43434343434343436,0.13131313131313133,0.22762615711004686,0.04311169919449916,1.08429590835728,1.3365254957146746,-0.037143182234945206,0.494949494949495,0.5050505050505051,0.9090909090909091,39,56,0,4,0.3939393939393939,0.5656565656565656,0.0,0.04040404040404041,-0.1717171717171717,95,0.10017333048675532,OK,NQ|LONDON,0.6235160337663087,5,3,-17.17171717171717,True,MIXED_OR_NULL
NQ,LONDON,SESSION_0_TO_30,FROM_BELOW,9,1.0,366,99,0.27049180327868855,56,43,0,0.5656565656565656,0.43434343434343436,0.13131313131313133,0.22762615711004686,-0.30841685232391886,1.4638166000662924,1.60727260746431,-0.05167271804041062,0.43434343434343436,0.5656565656565656,0.9090909090909091,39,59,0,1,0.3939393939393939,0.5959595959595959,0.0,0.010101010101010102,-0.202020202020202,98,0.054390558277088434,OK,NQ|LONDON,0.5370091770100414,5,3,-20.2020202020202,True,MIXED_OR_NULL
NQ,LONDON,SESSION_0_TO_30,FROM_BELOW,12,1.0,366,99,0.27049180327868855,56,43,0,0.5656565656565656,0.43434343434343436,0.13131313131313133,0.22762615711004686,0.06171232683639695,1.584099498481104,1.652894721172075,-0.021252809867032093,0.46464646464646464,0.5353535353535354,0.9090909090909091,40,59,0,0,0.40404040404040403,0.5959595959595959,0.0,0.0,-0.19191919191919188,99,0.06990057369494646,OK,NQ|LONDON,0.5370091770100414,5,3,-19.191919191919187,True,MIXED_OR_NULL
NQ,LONDON,SESSION_0_TO_30,FROM_BELOW,18,1.0,366,99,0.27049180327868855,56,43,0,0.5656565656565656,0.43434343434343436,0.13131313131313133,0.22762615711004686,-0.45517631899504185,1.9224387440599493,1.904191198353687,-0.015591975920605254,0.46464646464646464,0.5353535353535354,0.9090909090909091,40,59,0,0,0.40404040404040403,0.5959595959595959,0.0,0.0,-0.19191919191919188,99,0.06990057369494646,OK,NQ|LONDON,0.5370091770100414,5,3,-19.191919191919187,True,MIXED_OR_NULL
NQ,LONDON,SESSION_0_TO_30,FROM_BELOW,24,1.0,366,99,0.27049180327868855,56,43,0,0.5656565656565656,0.43434343434343436,0.13131313131313133,0.22762615711004686,-0.3013221473060073,2.2164337142558264,2.2585837445940875,-0.02117946566550578,0.48484848484848486,0.5151515151515151,0.9090909090909091,40,59,0,0,0.40404040404040403,0.5959595959595959,0.0,0.0,-0.19191919191919188,99,0.06990057369494646,OK,NQ|LONDON,0.5370091770100414,5,3,-19.191919191919187,True,MIXED_OR_NULL
NQ,LONDON,SESSION_30_TO_60,FROM_BELOW,1,1.0,252,214,0.8492063492063492,122,92,0,0.5700934579439252,0.42990654205607476,0.14018691588785046,0.04718091517598743,-0.012912023959950085,0.4625043665379841,0.4669911649988928,-0.017185894395014722,0.5,0.5,0.8925233644859814,40,42,0,132,0.18691588785046728,0.19626168224299065,0.0,0.616822429906542,-0.009345794392523366,82,0.9121566075526032,OK,NQ|LONDON,1.0,5,3,-0.9345794392523366,True,MIXED_OR_NULL
NQ,LONDON,SESSION_30_TO_60,FROM_BELOW,2,1.0,252,214,0.8492063492063492,122,92,0,0.5700934579439252,0.42990654205607476,0.14018691588785046,0.04718091517598743,-0.08818252505992401,0.6301743904138088,0.6799917908069706,-0.07034266985276258,0.4719626168224299,0.5280373831775701,0.8925233644859814,66,73,0,75,0.308411214953271,0.3411214953271028,0.0,0.35046728971962615,-0.03271028037383178,139,0.610973689956024,OK,NQ|LONDON,1.0,5,3,-3.2710280373831777,True,MIXED_OR_NULL
NQ,LONDON,SESSION_30_TO_60,FROM_BELOW,3,1.0,252,214,0.8492063492063492,122,92,0,0.5700934579439252,0.42990654205607476,0.14018691588785046,0.04718091517598743,-0.14483569185969924,0.7775703187535257,0.799888362750137,-0.046773499181927414,0.48130841121495327,0.5186915887850467,0.8925233644859814,79,81,0,54,0.3691588785046729,0.37850467289719625,0.0,0.2523364485981308,-0.009345794392523366,160,0.9370201692131983,OK,NQ|LONDON,1.0,5,3,-0.9345794392523366,True,MIXED_OR_NULL
NQ,LONDON,SESSION_30_TO_60,FROM_BELOW,4,1.0,252,214,0.8492063492063492,122,92,0,0.5700934579439252,0.42990654205607476,0.14018691588785046,0.04718091517598743,-0.20386728340565413,0.831542899612766,0.9585820805258911,-0.09390320690904602,0.45794392523364486,0.5420560747663551,0.8925233644859814,85,96,0,33,0.397196261682243,0.4485981308411215,0.0,0.1542056074766355,-0.05140186915887851,181,0.4573979740487129,OK,NQ|LONDON,0.9616144334700737,5,4,-5.140186915887851,True,MIXED_OR_NULL
NQ,LONDON,SESSION_30_TO_60,FROM_BELOW,6,1.0,252,214,0.8492063492063492,122,92,0,0.5700934579439252,0.42990654205607476,0.14018691588785046,0.04718091517598743,-0.3282388285420767,0.9891281971392321,1.2174657199389476,-0.08920811941585817,0.4439252336448598,0.5560747663551402,0.8925233644859814,91,107,0,16,0.4252336448598131,0.5,0.0,0.07476635514018691,-0.07476635514018692,198,0.28639562989179196,OK,NQ|LONDON,0.9050880689674535,5,4,-7.476635514018692,True,MIXED_OR_NULL
NQ,LONDON,SESSION_30_TO_60,FROM_BELOW,9,1.0,252,214,0.8492063492063492,122,92,0,0.5700934579439252,0.42990654205607476,0.14018691588785046,0.04718091517598743,-0.12488713755874412,1.1855997988679992,1.48832756508566,-0.11609174199972884,0.4439252336448598,0.5560747663551402,0.8925233644859814,92,116,0,6,0.42990654205607476,0.5420560747663551,0.0,0.028037383177570093,-0.11214953271028033,208,0.11054461951096506,OK,NQ|LONDON,0.6235160337663087,5,3,-11.214953271028033,True,MIXED_OR_NULL
NQ,LONDON,SESSION_30_TO_60,FROM_BELOW,12,1.0,252,214,0.8492063492063492,122,92,0,0.5700934579439252,0.42990654205607476,0.14018691588785046,0.04718091517598743,-0.04919694429813874,1.2949603419879074,1.6100500523501755,-0.12283837815896001,0.4439252336448598,0.5560747663551402,0.8925233644859814,92,120,0,2,0.42990654205607476,0.5607476635514018,0.0,0.009345794392523364,-0.13084112149532706,212,0.06343187528222906,OK,NQ|LONDON,0.5370091770100414,5,3,-13.084112149532706,True,MIXED_OR_NULL
NQ,LONDON,SESSION_30_TO_60,FROM_BELOW,18,1.0,252,214,0.8492063492063492,122,92,0,0.5700934579439252,0.42990654205607476,0.14018691588785046,0.04718091517598743,-0.2081744420001446,1.5089199485543567,1.8737344002957697,-0.12242510329213249,0.4392523364485981,0.5607476635514018,0.8925233644859814,93,120,0,1,0.43457943925233644,0.5607476635514018,0.0,0.004672897196261682,-0.12616822429906538,213,0.0745846079180613,OK,NQ|LONDON,0.5370091770100414,5,4,-12.616822429906538,True,MIXED_OR_NULL
NQ,LONDON,SESSION_30_TO_60,FROM_BELOW,24,1.0,252,214,0.8492063492063492,122,92,0,0.5700934579439252,0.42990654205607476,0.14018691588785046,0.04718091517598743,-0.4669144878147208,1.7430227977858683,2.169907720529001,-0.20456224253430208,0.4392523364485981,0.5607476635514018,0.8925233644859814,93,121,0,0,0.43457943925233644,0.5654205607476636,0.0,0.0,-0.13084112149532712,214,0.0646865577037599,OK,NQ|LONDON,0.5370091770100414,5,4,-13.08411214953271,True,MIXED_OR_NULL
NQ,LONDON,SESSION_60_TO_120,FROM_BELOW,1,1.0,456,455,0.9978070175438597,255,200,0,0.5604395604395604,0.43956043956043955,0.12087912087912088,0.011274332316134169,0.08130591435293949,0.42421243719923085,0.3332833106616444,0.12529443282189523,0.5472527472527473,0.45274725274725275,0.9098901098901099,64,63,1,327,0.14065934065934066,0.13846153846153847,0.002197802197802198,0.7186813186813187,0.00219780219780219,127,1.0,OK,NQ|LONDON,1.0,5,5,0.219780219780219,True,MIXED_OR_NULL
NQ,LONDON,SESSION_60_TO_120,FROM_BELOW,2,1.0,456,455,0.9978070175438597,255,200,0,0.5604395604395604,0.43956043956043955,0.12087912087912088,0.011274332316134169,0.056104525024004814,0.5709849559715654,0.4668916691346448,0.08197896187663327,0.5296703296703297,0.4703296703296703,0.9098901098901099,107,95,1,252,0.23516483516483516,0.2087912087912088,0.002197802197802198,0.5538461538461539,0.026373626373626363,202,0.4390331063623678,OK,NQ|LONDON,0.9616144334700737,5,5,2.6373626373626364,True,MIXED_OR_NULL
NQ,LONDON,SESSION_60_TO_120,FROM_BELOW,3,1.0,456,455,0.9978070175438597,255,200,0,0.5604395604395604,0.43956043956043955,0.12087912087912088,0.011274332316134169,0.0032457190134955794,0.6868182511214662,0.5825709299783739,0.1161026177161713,0.5472527472527473,0.45274725274725275,0.9098901098901099,141,129,1,184,0.3098901098901099,0.2835164835164835,0.002197802197802198,0.4043956043956044,0.02637362637362639,270,0.5032891112117153,OK,NQ|LONDON,0.9828461996956869,5,3,2.637362637362639,True,MIXED_OR_NULL
NQ,LONDON,SESSION_60_TO_120,FROM_BELOW,4,1.0,456,455,0.9978070175438597,255,200,0,0.5604395604395604,0.43956043956043955,0.12087912087912088,0.011274332316134169,-0.041032524463234625,0.7825697223457893,0.7118890836846892,0.09200753591039752,0.5406593406593406,0.4593406593406593,0.9098901098901099,167,153,1,134,0.367032967032967,0.3362637362637363,0.002197802197802198,0.2945054945054945,0.030769230769230715,320,0.4674514607146191,OK,NQ|LONDON,0.9616144334700737,5,3,3.0769230769230713,True,MIXED_OR_NULL
NQ,LONDON,SESSION_60_TO_120,FROM_BELOW,6,1.0,456,455,0.9978070175438597,255,200,0,0.5604395604395604,0.43956043956043955,0.12087912087912088,0.011274332316134169,-0.010033255005998378,0.9429733467099833,0.8599665968604726,0.07190689383992316,0.5362637362637362,0.46373626373626375,0.9098901098901099,192,182,1,80,0.421978021978022,0.4,0.002197802197802198,0.17582417582417584,0.021978021978021955,374,0.641718581977318,OK,NQ|LONDON,1.0,5,3,2.1978021978021953,True,MIXED_OR_NULL
NQ,LONDON,SESSION_60_TO_120,FROM_BELOW,9,1.0,456,455,0.9978070175438597,255,200,0,0.5604395604395604,0.43956043956043955,0.12087912087912088,0.011274332316134169,-0.08199169263727998,1.1686889472871393,1.082570929978374,0.02758776727182524,0.5098901098901099,0.4901098901098901,0.9098901098901099,212,214,1,28,0.46593406593406594,0.4703296703296703,0.002197802197802198,0.06153846153846154,-0.00439560439560438,426,0.9613650464432584,OK,NQ|LONDON,1.0,5,3,-0.439560439560438,True,MIXED_OR_NULL
NQ,LONDON,SESSION_60_TO_120,FROM_BELOW,12,1.0,456,455,0.9978070175438597,255,200,0,0.5604395604395604,0.43956043956043955,0.12087912087912088,0.011274332316134169,-0.048906573621573496,1.25977654650955,1.1738336764017023,0.06065057625481481,0.512087912087912,0.4879120879120879,0.9098901098901099,219,222,1,13,0.48131868131868133,0.4879120879120879,0.002197802197802198,0.02857142857142857,-0.00659340659340657,441,0.9241399226818902,OK,NQ|LONDON,1.0,5,3,-0.659340659340657,True,MIXED_OR_NULL
NQ,LONDON,SESSION_60_TO_120,FROM_BELOW,18,1.0,456,455,0.9978070175438597,255,200,0,0.5604395604395604,0.43956043956043955,0.12087912087912088,0.011274332316134169,-0.11460684565884131,1.4650902778855297,1.4507918403284503,0.010828776190464896,0.5010989010989011,0.4989010989010989,0.9098901098901099,224,226,1,4,0.49230769230769234,0.4967032967032967,0.002197802197802198,0.008791208791208791,-0.00439560439560438,450,0.9624082511867862,OK,NQ|LONDON,1.0,5,4,-0.439560439560438,True,MIXED_OR_NULL
NQ,LONDON,SESSION_60_TO_120,FROM_BELOW,24,1.0,456,455,0.9978070175438597,255,200,0,0.5604395604395604,0.43956043956043955,0.12087912087912088,0.011274332316134169,-0.1994904655743917,1.6536602553388484,1.7484381160470976,-0.006854533705707704,0.4989010989010989,0.5010989010989011,0.9098901098901099,226,228,1,0,0.4967032967032967,0.5010989010989011,0.002197802197802198,0.0,-0.00439560439560438,454,0.962574036792979,OK,NQ|LONDON,1.0,5,4,-0.439560439560438,True,MIXED_OR_NULL
NQ,LONDON,SESSION_120_PLUS,FROM_BELOW,1,1.0,1642,1652,1.0060901339829476,839,813,0,0.5078692493946732,0.49213075060532685,0.015738498789346248,0.5385114827307637,-0.03827393319852021,0.4078473519358352,0.4188453500970255,-0.015253176394201404,0.49597024178549287,0.5040297582145071,0.847457627118644,267,311,5,1030,0.16162227602905568,0.18825665859564164,0.003026634382566586,0.6234866828087167,-0.026634382566585957,578,0.07359357289557097,OK,NQ|LONDON,0.5370091770100414,5,3,-2.663438256658596,True,MIXED_OR_NULL
NQ,LONDON,SESSION_120_PLUS,FROM_BELOW,2,1.0,1642,1652,1.0060901339829476,839,813,0,0.5078692493946732,0.49213075060532685,0.015738498789346248,0.5385114827307637,-0.05625718772165847,0.5644233926404647,0.6018302760961098,-0.05414318804873562,0.4827144686299616,0.5172855313700384,0.847457627118644,425,451,6,680,0.2572639225181598,0.27300242130750607,0.0036319612590799033,0.4116222760290557,-0.015738498789346245,876,0.398307082244187,OK,NQ|LONDON,0.9616144334700737,5,4,-1.5738498789346245,True,MIXED_OR_NULL
NQ,LONDON,SESSION_120_PLUS,FROM_BELOW,3,1.0,1642,1652,1.0060901339829476,839,813,0,0.5078692493946732,0.49213075060532685,0.015738498789346248,0.5385114827307637,-0.014933131361631553,0.6844357552435052,0.72958283124367,-0.019700334300075492,0.49407114624505927,0.5059288537549407,0.847457627118644,512,541,8,457,0.3099273607748184,0.3274818401937046,0.004842615012106538,0.27663438256658596,-0.01755447941888616,1053,0.38822025414290884,OK,NQ|LONDON,0.9616144334700737,5,3,-1.755447941888616,True,MIXED_OR_NULL
NQ,LONDON,SESSION_120_PLUS,FROM_BELOW,4,1.0,1642,1652,1.0060901339829476,839,813,0,0.5078692493946732,0.49213075060532685,0.015738498789346248,0.5385114827307637,-0.004212836862751737,0.8163184222469033,0.8299648196925962,0.010628458015781383,0.5033647375504711,0.49663526244952894,0.847457627118644,570,602,8,306,0.3450363196125908,0.3644067796610169,0.004842615012106538,0.18523002421307505,-0.01937046004842613,1172,0.3651963228508918,OK,NQ|LONDON,0.9616144334700737,5,3,-1.937046004842613,True,MIXED_OR_NULL
NQ,LONDON,SESSION_120_PLUS,FROM_BELOW,6,1.0,1642,1652,1.0060901339829476,839,813,0,0.5078692493946732,0.49213075060532685,0.015738498789346248,0.5385114827307637,-0.10876260157695637,1.002638950651051,1.0494490914299957,-0.01661933804858219,0.4910394265232975,0.5089605734767025,0.847457627118644,602,658,4,131,0.3644067796610169,0.3983050847457627,0.002421307506053269,0.07929782082324455,-0.03389830508474578,1260,0.12123922878789337,OK,NQ|LONDON,0.6235160337663087,5,4,-3.3898305084745783,True,MIXED_OR_NULL
NQ,LONDON,SESSION_120_PLUS,FROM_BELOW,9,1.0,1642,1652,1.0060901339829476,839,813,0,0.5078692493946732,0.49213075060532685,0.015738498789346248,0.5385114827307637,-0.07438171609545402,1.2086911283255146,1.2890415087227334,-0.008008515859962347,0.4957463263727765,0.5042536736272235,0.847457627118644,603,647,3,40,0.36501210653753025,0.3916464891041162,0.0018159806295399517,0.024213075060532687,-0.026634382566585957,1250,0.22388495937048933,OK,NQ|LONDON,0.8955398374819574,5,3,-2.663438256658596,True,MIXED_OR_NULL
NQ,LONDON,SESSION_120_PLUS,FROM_BELOW,12,1.0,1642,1652,1.0060901339829476,839,813,0,0.5078692493946732,0.49213075060532685,0.015738498789346248,0.5385114827307637,-0.11349758503296042,1.3786010512288591,1.4542868006720773,-0.013454922577167105,0.4927536231884058,0.5072463768115942,0.847457627118644,562,593,3,15,0.34019370460048426,0.3589588377723971,0.0018159806295399517,0.009079903147699757,-0.018765133171912862,1155,0.3773871996878177,OK,NQ|LONDON,0.9616144334700737,5,4,-1.8765133171912862,True,MIXED_OR_NULL
NQ,LONDON,SESSION_120_PLUS,FROM_BELOW,18,1.0,1642,1652,1.0060901339829476,839,813,0,0.5078692493946732,0.49213075060532685,0.015738498789346248,0.5385114827307637,-0.21195827144173246,1.6320710647176537,1.8174445551041467,-0.04173002611588217,0.4824945295404814,0.5175054704595186,0.847457627118644,433,474,3,4,0.26210653753026636,0.28692493946731235,0.0018159806295399517,0.002421307506053269,-0.024818401937045986,907,0.18408848376835232,OK,NQ|LONDON,0.7796688724306686,5,5,-2.4818401937045986,True,MIXED_OR_NULL
NQ,LONDON,SESSION_120_PLUS,FROM_BELOW,24,1.0,1642,1652,1.0060901339829476,839,813,0,0.5078692493946732,0.49213075060532685,0.015738498789346248,0.5385114827307637,-0.2699313636462677,1.8962019785416522,2.05630817281006,-0.024594935961428692,0.49099099099099097,0.509009009009009,0.847457627118644,333,331,2,0,0.20157384987893462,0.200363196125908,0.0012106537530266344,0.0,0.0012106537530266193,664,0.9690477298398854,OK,NQ|LONDON,1.0,5,4,0.12106537530266193,True,MIXED_OR_NULL
NQ,NEW_YORK,SESSION_0_TO_30,FROM_ABOVE,1,1.0,364,75,0.20604395604395603,37,38,0,0.49333333333333335,0.5066666666666667,-0.013333333333333334,1.0,0.03925817242848387,0.6895241028054131,1.0448384840304494,-0.19682581011358322,0.41333333333333333,0.5866666666666667,0.88,27,37,2,9,0.36,0.49333333333333335,0.02666666666666667,0.12,-0.13333333333333336,64,0.26043547657665356,OK,NQ|NEW_YORK,0.4950429679859165,5,3,-13.333333333333336,True,MIXED_OR_NULL
NQ,NEW_YORK,SESSION_0_TO_30,FROM_ABOVE,2,1.0,364,75,0.20604395604395603,37,38,0,0.49333333333333335,0.5066666666666667,-0.013333333333333334,1.0,0.24148363921537386,0.8950328215743061,1.4092878080391187,-0.22978512432698905,0.4,0.6,0.88,30,40,2,3,0.4,0.5333333333333333,0.02666666666666667,0.04,-0.1333333333333333,70,0.281978921793656,OK,NQ|NEW_YORK,0.5075620592285809,5,3,-13.33333333333333,True,MIXED_OR_NULL
NQ,NEW_YORK,SESSION_0_TO_30,FROM_ABOVE,3,1.0,364,75,0.20604395604395603,37,38,0,0.49333333333333335,0.5066666666666667,-0.013333333333333334,1.0,0.07321334231452695,1.1861380982907404,1.5096592605371308,-0.10939122450373227,0.4666666666666667,0.5333333333333333,0.88,31,42,2,0,0.41333333333333333,0.56,0.02666666666666667,0.0,-0.14666666666666672,73,0.241644723140752,OK,NQ|NEW_YORK,0.483289446281504,5,4,-14.666666666666671,True,MIXED_OR_NULL
NQ,NEW_YORK,SESSION_0_TO_30,FROM_ABOVE,4,1.0,364,75,0.20604395604395603,37,38,0,0.49333333333333335,0.5066666666666667,-0.013333333333333334,1.0,-0.3992981122511367,1.3653472466932726,1.9490678253398805,-0.07012245970303298,0.48,0.52,0.88,31,42,2,0,0.41333333333333333,0.56,0.02666666666666667,0.0,-0.14666666666666672,73,0.241644723140752,OK,NQ|NEW_YORK,0.483289446281504,5,3,-14.666666666666671,True,MIXED_OR_NULL
NQ,NEW_YORK,SESSION_0_TO_30,FROM_ABOVE,6,1.0,364,75,0.20604395604395603,37,38,0,0.49333333333333335,0.5066666666666667,-0.013333333333333334,1.0,0.017704127062383876,1.5248318287914429,2.251357367430245,-0.2542614471538532,0.4533333333333333,0.5466666666666666,0.88,31,42,2,0,0.41333333333333333,0.56,0.02666666666666667,0.0,-0.14666666666666672,73,0.241644723140752,OK,NQ|NEW_YORK,0.483289446281504,5,3,-14.666666666666671,True,MIXED_OR_NULL
NQ,NEW_YORK,SESSION_0_TO_30,FROM_ABOVE,9,1.0,364,75,0.20604395604395603,37,38,0,0.49333333333333335,0.5066666666666667,-0.013333333333333334,1.0,0.05745199800600509,2.0796329609789868,2.850867482156308,-0.2045119821391854,0.4266666666666667,0.5733333333333334,0.88,31,42,2,0,0.41333333333333333,0.56,0.02666666666666667,0.0,-0.14666666666666672,73,0.241644723140752,OK,NQ|NEW_YORK,0.483289446281504,5,3,-14.666666666666671,True,MIXED_OR_NULL
NQ,NEW_YORK,SESSION_0_TO_30,FROM_ABOVE,12,1.0,364,75,0.20604395604395603,37,38,0,0.49333333333333335,0.5066666666666667,-0.013333333333333334,1.0,0.18210910300040656,2.4752111496106965,2.8877411045401367,-0.225391302460891,0.4266666666666667,0.5733333333333334,0.88,31,42,2,0,0.41333333333333333,0.56,0.02666666666666667,0.0,-0.14666666666666672,73,0.241644723140752,OK,NQ|NEW_YORK,0.483289446281504,5,3,-14.666666666666671,True,MIXED_OR_NULL
NQ,NEW_YORK,SESSION_0_TO_30,FROM_ABOVE,18,1.0,364,75,0.20604395604395603,37,38,0,0.49333333333333335,0.5066666666666667,-0.013333333333333334,1.0,1.0510251912559927,2.737518999681047,3.3739308539262094,-0.06611494696595141,0.4266666666666667,0.5733333333333334,0.88,31,42,2,0,0.41333333333333333,0.56,0.02666666666666667,0.0,-0.14666666666666672,73,0.241644723140752,OK,NQ|NEW_YORK,0.483289446281504,5,4,-14.666666666666671,True,MIXED_OR_NULL
NQ,NEW_YORK,SESSION_0_TO_30,FROM_ABOVE,24,1.0,364,75,0.20604395604395603,37,38,0,0.49333333333333335,0.5066666666666667,-0.013333333333333334,1.0,1.2510406571929118,3.2800261644392887,3.44090744099392,-0.0015167207478476634,0.49333333333333335,0.5066666666666667,0.88,31,42,2,0,0.41333333333333333,0.56,0.02666666666666667,0.0,-0.14666666666666672,73,0.241644723140752,OK,NQ|NEW_YORK,0.483289446281504,5,4,-14.666666666666671,True,MIXED_OR_NULL
NQ,NEW_YORK,SESSION_30_TO_60,FROM_ABOVE,1,1.0,278,207,0.7446043165467626,111,96,0,0.5362318840579711,0.463768115942029,0.07246376811594203,0.3305314667325053,-0.024762605094236386,0.6005322164829913,0.5713211123223213,-0.007868625427194229,0.4975845410628019,0.5024154589371981,0.8695652173913043,58,66,2,81,0.28019323671497587,0.3188405797101449,0.00966183574879227,0.391304347826087,-0.03864734299516903,124,0.5297694043652676,OK,NQ|NEW_YORK,0.6811320913267727,5,3,-3.864734299516903,True,MIXED_OR_NULL
NQ,NEW_YORK,SESSION_30_TO_60,FROM_ABOVE,2,1.0,278,207,0.7446043165467626,111,96,0,0.5362318840579711,0.463768115942029,0.07246376811594203,0.3305314667325053,0.07358071971349045,0.7999019644887978,0.7819350811567969,0.011968573660030181,0.5024154589371981,0.4975845410628019,0.8695652173913043,80,80,3,44,0.3864734299516908,0.3864734299516908,0.014492753623188406,0.21256038647342995,0.0,160,1.0,OK,NQ|NEW_YORK,1.0,5,3,0.0,True,MIXED_OR_NULL
NQ,NEW_YORK,SESSION_30_TO_60,FROM_ABOVE,3,1.0,278,207,0.7446043165467626,111,96,0,0.5362318840579711,0.463768115942029,0.07246376811594203,0.3305314667325053,0.13113504746529106,1.0853430075270263,0.962697447593075,0.03448617650220895,0.5362318840579711,0.463768115942029,0.8695652173913043,96,89,4,18,0.463768115942029,0.42995169082125606,0.01932367149758454,0.08695652173913043,0.03381642512077293,185,0.6592367635355442,OK,NQ|NEW_YORK,0.8044923216026979,5,4,3.381642512077293,True,MIXED_OR_NULL
NQ,NEW_YORK,SESSION_30_TO_60,FROM_ABOVE,4,1.0,278,207,0.7446043165467626,111,96,0,0.5362318840579711,0.463768115942029,0.07246376811594203,0.3305314667325053,0.14171918619385496,1.1601693871664627,1.1540801607316933,0.010617696603630931,0.5072463768115942,0.4927536231884058,0.8695652173913043,102,96,4,5,0.4927536231884058,0.463768115942029,0.01932367149758454,0.024154589371980676,0.02898550724637683,198,0.722437692629862,OK,NQ|NEW_YORK,0.8498051797280834,5,5,2.898550724637683,True,MIXED_OR_NULL
NQ,NEW_YORK,SESSION_30_TO_60,FROM_ABOVE,6,1.0,278,207,0.7446043165467626,111,96,0,0.5362318840579711,0.463768115942029,0.07246376811594203,0.3305314667325053,0.07579410334058076,1.3447696408838203,1.3347491681594386,0.011319747354360449,0.5120772946859904,0.48792270531400966,0.8695652173913043,103,98,4,2,0.4975845410628019,0.47342995169082125,0.01932367149758454,0.00966183574879227,0.024154589371980673,201,0.7779207003752829,OK,NQ|NEW_YORK,0.8498051797280834,5,3,2.4154589371980673,True,MIXED_OR_NULL
NQ,NEW_YORK,SESSION_30_TO_60,FROM_ABOVE,9,1.0,278,207,0.7446043165467626,111,96,0,0.5362318840579711,0.463768115942029,0.07246376811594203,0.3305314667325053,0.13106835084770077,1.503861670665705,1.572743375916175,0.011968573660030181,0.5120772946859904,0.48792270531400966,0.8695652173913043,104,99,4,0,0.5024154589371981,0.4782608695652174,0.01932367149758454,0.0,0.024154589371980673,203,0.7789880814174098,OK,NQ|NEW_YORK,0.8498051797280834,5,3,2.4154589371980673,True,MIXED_OR_NULL
NQ,NEW_YORK,SESSION_30_TO_60,FROM_ABOVE,12,1.0,278,207,0.7446043165467626,111,96,0,0.5362318840579711,0.463768115942029,0.07246376811594203,0.3305314667325053,-0.1297007572405177,1.6995771674898055,1.8214278652039309,0.011444327707722593,0.5072463768115942,0.4927536231884058,0.8695652173913043,104,99,4,0,0.5024154589371981,0.4782608695652174,0.01932367149758454,0.0,0.024154589371980673,203,0.7789880814174098,OK,NQ|NEW_YORK,0.8498051797280834,5,3,2.4154589371980673,True,MIXED_OR_NULL
NQ,NEW_YORK,SESSION_30_TO_60,FROM_ABOVE,18,1.0,278,207,0.7446043165467626,111,96,0,0.5362318840579711,0.463768115942029,0.07246376811594203,0.3305314667325053,0.25338362707223505,1.8874115227140658,2.187767597179416,-0.09041624748125945,0.47342995169082125,0.5265700483091788,0.8695652173913043,104,99,4,0,0.5024154589371981,0.4782608695652174,0.01932367149758454,0.0,0.024154589371980673,203,0.7789880814174098,OK,NQ|NEW_YORK,0.8498051797280834,5,4,2.4154589371980673,True,MIXED_OR_NULL
NQ,NEW_YORK,SESSION_30_TO_60,FROM_ABOVE,24,1.0,278,207,0.7446043165467626,111,96,0,0.5362318840579711,0.463768115942029,0.07246376811594203,0.3305314667325053,0.07979271448701218,2.0077912960693616,2.49084149390994,-0.04157721832361748,0.48792270531400966,0.5120772946859904,0.8695652173913043,104,99,4,0,0.5024154589371981,0.4782608695652174,0.01932367149758454,0.0,0.024154589371980673,203,0.7789880814174098,OK,NQ|NEW_YORK,0.8498051797280834,5,3,2.4154589371980673,True,MIXED_OR_NULL
NQ,NEW_YORK,SESSION_60_TO_120,FROM_ABOVE,1,1.0,499,439,0.8797595190380761,235,204,0,0.5353075170842825,0.4646924829157175,0.07061503416856492,0.1521131875795532,-0.03518520789917342,0.38021712521555484,0.3937374584267488,-0.06600352568825153,0.47380410022779046,0.5261958997722096,0.8792710706150342,43,74,0,322,0.0979498861047836,0.16856492027334852,0.0,0.7334851936218679,-0.07061503416856492,117,0.005319279348701682,OK,NQ|NEW_YORK,0.3504750549895587,5,4,-7.061503416856492,True,MIXED_OR_NULL
NQ,NEW_YORK,SESSION_60_TO_120,FROM_ABOVE,2,1.0,499,439,0.8797595190380761,235,204,0,0.5353075170842825,0.4646924829157175,0.07061503416856492,0.1521131875795532,0.016926744148494224,0.4831644282034192,0.5643100114264487,-0.10534433301744653,0.4624145785876993,0.5375854214123007,0.8792710706150342,93,107,0,239,0.21184510250569477,0.2437357630979499,0.0,0.5444191343963554,-0.03189066059225512,200,0.3580030906245022,OK,NQ|NEW_YORK,0.5941872604455446,5,3,-3.189066059225512,True,MIXED_OR_NULL
NQ,NEW_YORK,SESSION_60_TO_120,FROM_ABOVE,3,1.0,499,439,0.8797595190380761,235,204,0,0.5353075170842825,0.4646924829157175,0.07061503416856492,0.1521131875795532,-0.009583468697530772,0.6229516748209744,0.6531181358347492,-0.07410043974548135,0.4601366742596811,0.5398633257403189,0.8792710706150342,129,133,0,177,0.2938496583143508,0.30296127562642367,0.0,0.4031890660592255,-0.009111617312072884,262,0.8530067797433794,OK,NQ|NEW_YORK,0.8995780869092269,5,3,-0.9111617312072884,True,MIXED_OR_NULL
NQ,NEW_YORK,SESSION_60_TO_120,FROM_ABOVE,4,1.0,499,439,0.8797595190380761,235,204,0,0.5353075170842825,0.4646924829157175,0.07061503416856492,0.1521131875795532,-0.038960682929689766,0.6999154579899114,0.8104698281293566,-0.07976063147510688,0.4646924829157175,0.5353075170842825,0.8792710706150342,143,167,1,128,0.32574031890660593,0.3804100227790433,0.002277904328018223,0.29157175398633256,-0.05466970387243736,310,0.19136239052666348,OK,NQ|NEW_YORK,0.483289446281504,5,3,-5.466970387243736,True,MIXED_OR_NULL
NQ,NEW_YORK,SESSION_60_TO_120,FROM_ABOVE,6,1.0,499,439,0.8797595190380761,235,204,0,0.5353075170842825,0.4646924829157175,0.07061503416856492,0.1521131875795532,-0.009314983602278951,0.8365378551550611,0.909588052345717,-0.11470257916270106,0.45558086560364464,0.5444191343963554,0.8792710706150342,160,201,1,77,0.36446469248291574,0.45785876993166286,0.002277904328018223,0.17539863325740318,-0.09339407744874711,361,0.03512301507178065,OK,NQ|NEW_YORK,0.36126529788117245,5,3,-9.33940774487471,True,MIXED_OR_NULL
NQ,NEW_YORK,SESSION_60_TO_120,FROM_ABOVE,9,1.0,499,439,0.8797595190380761,235,204,0,0.5353075170842825,0.4646924829157175,0.07061503416856492,0.1521131875795532,-0.029607703789438614,0.9719810670537242,1.0940581357646704,-0.08278648223025202,0.46924829157175396,0.530751708428246,0.8792710706150342,185,218,1,35,0.4214123006833713,0.49658314350797267,0.002277904328018223,0.07972665148063782,-0.07517084282460135,403,0.11081475799135744,OK,NQ|NEW_YORK,0.45648665923891485,5,3,-7.517084282460135,True,MIXED_OR_NULL
NQ,NEW_YORK,SESSION_60_TO_120,FROM_ABOVE,12,1.0,499,439,0.8797595190380761,235,204,0,0.5353075170842825,0.4646924829157175,0.07061503416856492,0.1521131875795532,0.030000021982503632,1.1319180761679914,1.2472802127699338,-0.08441627231501925,0.4806378132118451,0.5193621867881549,0.8792710706150342,196,223,1,19,0.44646924829157175,0.5079726651480638,0.002277904328018223,0.04328018223234624,-0.06150341685649208,419,0.20396442072051044,OK,NQ|NEW_YORK,0.483289446281504,5,3,-6.150341685649208,True,MIXED_OR_NULL
NQ,NEW_YORK,SESSION_60_TO_120,FROM_ABOVE,18,1.0,499,439,0.8797595190380761,235,204,0,0.5353075170842825,0.4646924829157175,0.07061503416856492,0.1521131875795532,0.16450783971164804,1.2695944768891307,1.3779309015553682,-0.07480397499494272,0.4715261958997722,0.5284738041002278,0.8792710706150342,204,228,1,6,0.4646924829157175,0.5193621867881549,0.002277904328018223,0.01366742596810934,-0.054669703872437414,432,0.268451610704549,OK,NQ|NEW_YORK,0.4956029736083981,5,3,-5.466970387243741,True,MIXED_OR_NULL
NQ,NEW_YORK,SESSION_60_TO_120,FROM_ABOVE,24,1.0,499,439,0.8797595190380761,235,204,0,0.5353075170842825,0.4646924829157175,0.07061503416856492,0.1521131875795532,0.1335554669997892,1.4389899442551206,1.573034878517877,-0.0989993291829101,0.4649532710280374,0.5350467289719626,0.8792710706150342,197,227,1,3,0.44874715261959,0.5170842824601367,0.002277904328018223,0.00683371298405467,-0.06833712984054674,424,0.15894270468897087,OK,NQ|NEW_YORK,0.483289446281504,5,3,-6.833712984054674,True,MIXED_OR_NULL
NQ,NEW_YORK,SESSION_120_PLUS,FROM_ABOVE,1,1.0,2230,2379,1.0668161434977579,1245,1134,0,0.5233291298865069,0.4766708701134931,0.04665825977301387,0.024097132748458223,0.08081619263056902,0.48168186418487874,0.4121993355539644,0.06782181068410861,0.5267665952890792,0.4732334047109208,0.8705338377469525,438,414,12,1471,0.1841109709962169,0.17402269861286254,0.005044136191677175,0.6183270281630937,0.010088272383354357,852,0.4307331661698671,OK,NQ|NEW_YORK,0.627158042477526,5,5,1.0088272383354357,True,MIXED_OR_NULL
NQ,NEW_YORK,SESSION_120_PLUS,FROM_ABOVE,2,1.0,2230,2379,1.0668161434977579,1245,1134,0,0.5233291298865069,0.4766708701134931,0.04665825977301387,0.024097132748458223,0.09007084282106945,0.6606299109935676,0.5577756779358594,0.09485513883505362,0.5361739902352419,0.4638260097647581,0.8705338377469525,679,591,13,970,0.2854140395124002,0.2484237074401009,0.00546448087431694,0.4077343421605717,0.03699033207229929,1270,0.014603127291231612,OK,NQ|NEW_YORK,0.3504750549895587,5,5,3.6990332072299292,True,MIXED_OR_NULL
NQ,NEW_YORK,SESSION_120_PLUS,FROM_ABOVE,3,1.0,2230,2379,1.0668161434977579,1245,1134,0,0.5233291298865069,0.4766708701134931,0.04665825977301387,0.024097132748458223,0.13320208511812578,0.7814440221263201,0.7047160138524721,0.06966864515523578,0.529707495429616,0.4702925045703839,0.8705338377469525,803,717,11,657,0.337536780159731,0.30138713745271123,0.004623791509037411,0.27616645649432536,0.03614964270701976,1520,0.02920908724051279,OK,NQ|NEW_YORK,0.3505090468861534,5,5,3.614964270701976,True,MIXED_OR_NULL
NQ,NEW_YORK,SESSION_120_PLUS,FROM_ABOVE,4,1.0,2230,2379,1.0668161434977579,1245,1134,0,0.5233291298865069,0.4766708701134931,0.04665825977301387,0.024097132748458223,0.11904308853675347,0.8859354920067901,0.8031254344459894,0.05380719943811578,0.519644527595884,0.480355472404116,0.8705338377469525,887,795,12,444,0.3728457335014712,0.33417402269861285,0.005044136191677175,0.18663303909205547,0.03867171080285836,1682,0.026467408943027165,OK,NQ|NEW_YORK,0.3505090468861534,5,5,3.867171080285836,True,MIXED_OR_NULL
NQ,NEW_YORK,SESSION_120_PLUS,FROM_ABOVE,6,1.0,2230,2379,1.0668161434977579,1245,1134,0,0.5233291298865069,0.4766708701134931,0.04665825977301387,0.024097132748458223,0.1535275779813445,1.0201476877054538,0.9609547960441156,0.03336289006693002,0.5171568627450981,0.48284313725490197,0.8705338377469525,938,868,11,223,0.3942833123160992,0.36485918453131566,0.004623791509037411,0.0937368642286675,0.029424127784783538,1806,0.10442610483355871,OK,NQ|NEW_YORK,0.45648665923891485,5,4,2.942412778478354,True,MIXED_OR_NULL
NQ,NEW_YORK,SESSION_120_PLUS,FROM_ABOVE,9,1.0,2230,2379,1.0668161434977579,1245,1134,0,0.5233291298865069,0.4766708701134931,0.04665825977301387,0.024097132748458223,0.197315942642944,1.229935227374836,1.1443760298250072,0.04089817987491261,0.5146596858638743,0.48534031413612566,0.8705338377469525,943,864,11,92,0.396385035729298,0.36317780580075665,0.004623791509037411,0.03867171080285835,0.03320722992854136,1807,0.06648886189437064,OK,NQ|NEW_YORK,0.451902725260255,5,5,3.3207229928541357,True,MIXED_OR_NULL
NQ,NEW_YORK,SESSION_120_PLUS,FROM_ABOVE,12,1.0,2230,2379,1.0668161434977579,1245,1134,0,0.5233291298865069,0.4766708701134931,0.04665825977301387,0.024097132748458223,0.2749050548130875,1.39501144770671,1.3131389303294971,0.03286066067793746,0.5094017094017094,0.4905982905982906,0.8705338377469525,889,813,11,42,0.37368642286675074,0.3417402269861286,0.004623791509037411,0.017654476670870115,0.03194619588062214,1702,0.0690406941369834,OK,NQ|NEW_YORK,0.451902725260255,5,5,3.1946195880622144,True,MIXED_OR_NULL
NQ,NEW_YORK,SESSION_120_PLUS,FROM_ABOVE,18,1.0,2230,2379,1.0668161434977579,1245,1134,0,0.5233291298865069,0.4766708701134931,0.04665825977301387,0.024097132748458223,0.3293361206729792,1.64178283517698,1.497051127229812,0.06463765640484695,0.5265604249667994,0.47343957503320055,0.8705338377469525,781,706,8,11,0.32828919714165616,0.2967633459436738,0.003362757461118117,0.004623791509037411,0.031525851197982346,1487,0.05494710514287134,OK,NQ|NEW_YORK,0.43957684114297074,5,5,3.1525851197982346,True,MIXED_OR_NULL
NQ,NEW_YORK,SESSION_120_PLUS,FROM_ABOVE,24,1.0,2230,2379,1.0668161434977579,1245,1134,0,0.5233291298865069,0.4766708701134931,0.04665825977301387,0.024097132748458223,0.43775442322198377,1.8410543972681492,1.6599387906363294,0.05888995973341827,0.5184275184275184,0.48157248157248156,0.8705338377469525,628,585,7,1,0.2639764606977722,0.2459016393442623,0.0029424127784783522,0.0004203446826397646,0.018074821353509907,1213,0.22783343349084806,OK,NQ|NEW_YORK,0.483289446281504,5,5,1.8074821353509907,True,MIXED_OR_NULL
NQ,NEW_YORK,SESSION_0_TO_30,FROM_BELOW,1,1.0,333,70,0.21021021021021022,28,42,0,0.4,0.6,-0.2,0.11960933562988493,-0.09563373992643598,0.4610608254342963,0.8060966021184959,-0.415892278750856,0.42857142857142855,0.5714285714285714,0.9,20,27,1,22,0.2857142857142857,0.38571428571428573,0.014285714285714285,0.3142857142857143,-0.10000000000000003,47,0.38169339766321275,OK,NQ|NEW_YORK,0.5941872604455446,3,3,-10.000000000000004,True,MIXED_OR_NULL
NQ,NEW_YORK,SESSION_0_TO_30,FROM_BELOW,2,1.0,333,70,0.21021021021021022,28,42,0,0.4,0.6,-0.2,0.11960933562988493,0.0016697320703673788,0.9865528744961927,1.0564307120133882,0.0339777717135227,0.5,0.5,0.9,27,34,1,8,0.38571428571428573,0.4857142857142857,0.014285714285714285,0.11428571428571428,-0.09999999999999998,61,0.4426260049464714,OK,NQ|NEW_YORK,0.627158042477526,3,3,-9.999999999999998,True,MIXED_OR_NULL
NQ,NEW_YORK,SESSION_0_TO_30,FROM_BELOW,3,1.0,333,70,0.21021021021021022,28,42,0,0.4,0.6,-0.2,0.11960933562988493,-0.10819255365382674,1.2095545314815277,1.1614099797824777,-0.00016276463667301306,0.5,0.5,0.9,29,36,1,4,0.4142857142857143,0.5142857142857142,0.014285714285714285,0.05714285714285714,-0.09999999999999992,65,0.45702078541058977,OK,NQ|NEW_YORK,0.627158042477526,3,3,-9.999999999999993,True,MIXED_OR_NULL
NQ,NEW_YORK,SESSION_0_TO_30,FROM_BELOW,4,1.0,333,70,0.21021021021021022,28,42,0,0.4,0.6,-0.2,0.11960933562988493,0.08407056122913838,1.3915241997851044,1.2838794319793985,0.07093054827919415,0.5142857142857142,0.4857142857142857,0.9,30,38,1,1,0.42857142857142855,0.5428571428571428,0.014285714285714285,0.014285714285714285,-0.11428571428571427,68,0.39612484029702977,OK,NQ|NEW_YORK,0.5941872604455446,3,3,-11.428571428571427,True,MIXED_OR_NULL
NQ,NEW_YORK,SESSION_0_TO_30,FROM_BELOW,6,1.0,333,70,0.21021021021021022,28,42,0,0.4,0.6,-0.2,0.11960933562988493,-0.22508578708336335,1.6610364730154772,1.5696670725977175,-0.06333396659925407,0.42857142857142855,0.5714285714285714,0.9,30,38,1,1,0.42857142857142855,0.5428571428571428,0.014285714285714285,0.014285714285714285,-0.11428571428571427,68,0.39612484029702977,OK,NQ|NEW_YORK,0.5941872604455446,3,3,-11.428571428571427,True,MIXED_OR_NULL
NQ,NEW_YORK,SESSION_0_TO_30,FROM_BELOW,9,1.0,333,70,0.21021021021021022,28,42,0,0.4,0.6,-0.2,0.11960933562988493,-0.19891141290614614,1.978946085032877,1.925803873055469,-0.10138115629474634,0.42857142857142855,0.5714285714285714,0.9,30,38,1,1,0.42857142857142855,0.5428571428571428,0.014285714285714285,0.014285714285714285,-0.11428571428571427,68,0.39612484029702977,OK,NQ|NEW_YORK,0.5941872604455446,3,3,-11.428571428571427,True,MIXED_OR_NULL
NQ,NEW_YORK,SESSION_0_TO_30,FROM_BELOW,12,1.0,333,70,0.21021021021021022,28,42,0,0.4,0.6,-0.2,0.11960933562988493,-0.5265810803379456,1.978946085032877,2.0708339777258984,-0.06501843901187622,0.42857142857142855,0.5714285714285714,0.9,31,38,1,0,0.44285714285714284,0.5428571428571428,0.014285714285714285,0.0,-0.09999999999999998,69,0.47036853185814453,OK,NQ|NEW_YORK,0.627158042477526,3,4,-9.999999999999998,True,MIXED_OR_NULL
NQ,NEW_YORK,SESSION_0_TO_30,FROM_BELOW,18,1.0,333,70,0.21021021021021022,28,42,0,0.4,0.6,-0.2,0.11960933562988493,-0.16605541792191597,2.366628490711061,2.637027869500306,-0.08872989936692799,0.44285714285714284,0.5571428571428572,0.9,31,38,1,0,0.44285714285714284,0.5428571428571428,0.014285714285714285,0.0,-0.09999999999999998,69,0.47036853185814453,OK,NQ|NEW_YORK,0.627158042477526,3,3,-9.999999999999998,True,MIXED_OR_NULL
NQ,NEW_YORK,SESSION_0_TO_30,FROM_BELOW,24,1.0,333,70,0.21021021021021022,28,42,0,0.4,0.6,-0.2,0.11960933562988493,-0.785921703185037,2.703039267813504,2.9122818830497166,-0.05876945249893331,0.45714285714285713,0.5428571428571428,0.9,31,38,1,0,0.44285714285714284,0.5428571428571428,0.014285714285714285,0.0,-0.09999999999999998,69,0.47036853185814453,OK,NQ|NEW_YORK,0.627158042477526,3,3,-9.999999999999998,True,MIXED_OR_NULL
NQ,NEW_YORK,SESSION_30_TO_60,FROM_BELOW,1,1.0,281,233,0.8291814946619217,117,116,0,0.5021459227467812,0.4978540772532189,0.004291845493562232,1.0,0.06482014941660498,0.5369523358308417,0.38942905514421056,0.15622324296280504,0.5407725321888412,0.4592274678111588,0.9055793991416309,67,49,0,117,0.2875536480686695,0.21030042918454936,0.0,0.5021459227467812,0.07725321888412015,116,0.11408316540850279,OK,NQ|NEW_YORK,0.45648665923891485,5,3,7.725321888412015,True,MIXED_OR_NULL
NQ,NEW_YORK,SESSION_30_TO_60,FROM_BELOW,2,1.0,281,233,0.8291814946619217,117,116,0,0.5021459227467812,0.4978540772532189,0.004291845493562232,1.0,0.10632225038399824,0.8905113970300054,0.6514063001620669,0.13865677597571066,0.5450643776824035,0.45493562231759654,0.9055793991416309,104,77,1,51,0.44635193133047213,0.33047210300429186,0.004291845493562232,0.21888412017167383,0.11587982832618027,181,0.052988888653444234,OK,NQ|NEW_YORK,0.43957684114297074,5,4,11.587982832618026,True,MIXED_OR_NULL
NQ,NEW_YORK,SESSION_30_TO_60,FROM_BELOW,3,1.0,281,233,0.8291814946619217,117,116,0,0.5021459227467812,0.4978540772532189,0.004291845493562232,1.0,-0.033989498003574335,1.0101793695175163,0.8317820237004491,0.08722281217464439,0.5364806866952789,0.463519313304721,0.9055793991416309,109,90,1,33,0.4678111587982833,0.38626609442060084,0.004291845493562232,0.14163090128755365,0.08154506437768244,199,0.2018426032987927,OK,NQ|NEW_YORK,0.483289446281504,5,3,8.154506437768244,True,MIXED_OR_NULL
NQ,NEW_YORK,SESSION_30_TO_60,FROM_BELOW,4,1.0,281,233,0.8291814946619217,117,116,0,0.5021459227467812,0.4978540772532189,0.004291845493562232,1.0,0.03994844190690056,1.1221152903887417,1.0314112233954302,0.02987864307633574,0.5107296137339056,0.4892703862660944,0.9055793991416309,117,97,1,18,0.5021459227467812,0.41630901287553645,0.004291845493562232,0.07725321888412018,0.0858369098712447,214,0.19388944511670822,OK,NQ|NEW_YORK,0.483289446281504,5,3,8.58369098712447,True,MIXED_OR_NULL
NQ,NEW_YORK,SESSION_30_TO_60,FROM_BELOW,6,1.0,281,233,0.8291814946619217,117,116,0,0.5021459227467812,0.4978540772532189,0.004291845493562232,1.0,0.1378505135465753,1.305456694091311,1.2301348055772905,0.06525415147512427,0.5364806866952789,0.463519313304721,0.9055793991416309,125,100,1,7,0.5364806866952789,0.4291845493562232,0.004291845493562232,0.030042918454935622,0.10729613733905574,225,0.10939346729996904,OK,NQ|NEW_YORK,0.45648665923891485,5,3,10.729613733905573,True,MIXED_OR_NULL
NQ,NEW_YORK,SESSION_30_TO_60,FROM_BELOW,9,1.0,281,233,0.8291814946619217,117,116,0,0.5021459227467812,0.4978540772532189,0.004291845493562232,1.0,-0.07883680970295621,1.5729015321794364,1.4319395105456607,0.07155309607605798,0.5344827586206896,0.46551724137931033,0.9055793991416309,126,103,1,2,0.5407725321888412,0.44206008583690987,0.004291845493562232,0.008583690987124463,0.09871244635193138,229,0.14583841090489005,OK,NQ|NEW_YORK,0.483289446281504,5,3,9.871244635193138,True,MIXED_OR_NULL
NQ,NEW_YORK,SESSION_30_TO_60,FROM_BELOW,12,1.0,281,233,0.8291814946619217,117,116,0,0.5021459227467812,0.4978540772532189,0.004291845493562232,1.0,-0.04004320967263221,1.7466116724012992,1.5798131405150104,0.08576009402601881,0.5344827586206896,0.46551724137931033,0.9055793991416309,127,103,1,1,0.5450643776824035,0.44206008583690987,0.004291845493562232,0.004291845493562232,0.10300429184549359,230,0.12919367225164363,OK,NQ|NEW_YORK,0.48171018307295527,5,4,10.300429184549358,True,MIXED_OR_NULL
NQ,NEW_YORK,SESSION_30_TO_60,FROM_BELOW,18,1.0,281,233,0.8291814946619217,117,116,0,0.5021459227467812,0.4978540772532189,0.004291845493562232,1.0,0.16711293335195948,1.9252540273678886,1.7239894510039053,0.09779966323917763,0.5517241379310345,0.4482758620689655,0.9055793991416309,128,103,1,0,0.5493562231759657,0.44206008583690987,0.004291845493562232,0.0,0.1072961373390558,231,0.11412166480972873,OK,NQ|NEW_YORK,0.45648665923891485,5,3,10.72961373390558,True,MIXED_OR_NULL
NQ,NEW_YORK,SESSION_30_TO_60,FROM_BELOW,24,1.0,281,233,0.8291814946619217,117,116,0,0.5021459227467812,0.4978540772532189,0.004291845493562232,1.0,-0.04051226807437911,2.0379120137105633,1.8292446406608907,0.0706630888547699,0.5474137931034483,0.4525862068965517,0.9055793991416309,128,103,1,0,0.5493562231759657,0.44206008583690987,0.004291845493562232,0.0,0.1072961373390558,231,0.11412166480972873,OK,NQ|NEW_YORK,0.45648665923891485,5,3,10.72961373390558,True,MIXED_OR_NULL
NQ,NEW_YORK,SESSION_60_TO_120,FROM_BELOW,1,1.0,394,400,1.015228426395939,197,203,0,0.4925,0.5075,-0.015,0.8026252540927463,-0.04418185414709416,0.3161153799387447,0.36901493715174016,-0.06720614266900725,0.48,0.52,0.905,42,36,0,322,0.105,0.09,0.0,0.805,0.015,78,0.5715867180030723,OK,NQ|NEW_YORK,0.7220042753723017,5,3,1.5,True,MIXED_OR_NULL
NQ,NEW_YORK,SESSION_60_TO_120,FROM_BELOW,2,1.0,394,400,1.015228426395939,197,203,0,0.4925,0.5075,-0.015,0.8026252540927463,-0.09373312512728393,0.4458355371145262,0.5254012856898312,-0.09421314995610525,0.46,0.54,0.905,72,78,0,250,0.18,0.195,0.0,0.625,-0.015000000000000013,150,0.6832317601040961,OK,NQ|NEW_YORK,0.8198781121249153,5,5,-1.5000000000000013,True,MIXED_OR_NULL
NQ,NEW_YORK,SESSION_60_TO_120,FROM_BELOW,3,1.0,394,400,1.015228426395939,197,203,0,0.4925,0.5075,-0.015,0.8026252540927463,-0.12910953004220027,0.5513361980027974,0.5941871365164952,-0.08379219126392133,0.48,0.52,0.905,105,108,0,187,0.2625,0.27,0.0,0.4675,-0.007500000000000007,213,0.891042828898554,OK,NQ|NEW_YORK,0.9035927278971253,5,5,-0.7500000000000007,True,MIXED_OR_NULL
NQ,NEW_YORK,SESSION_60_TO_120,FROM_BELOW,4,1.0,394,400,1.015228426395939,197,203,0,0.4925,0.5075,-0.015,0.8026252540927463,-0.15571312163114354,0.6287069292660987,0.7092781456757281,-0.09259829109595746,0.4625,0.5375,0.905,132,137,0,131,0.33,0.3425,0.0,0.3275,-0.012500000000000011,269,0.8073757737324019,OK,NQ|NEW_YORK,0.8676276971452678,5,5,-1.250000000000001,True,MIXED_OR_NULL
NQ,NEW_YORK,SESSION_60_TO_120,FROM_BELOW,6,1.0,394,400,1.015228426395939,197,203,0,0.4925,0.5075,-0.015,0.8026252540927463,-0.23025511382706787,0.7691117717610516,0.8964543222784787,-0.10755149170890313,0.435,0.565,0.905,148,169,0,83,0.37,0.4225,0.0,0.2075,-0.05249999999999999,317,0.2612726775481226,OK,NQ|NEW_YORK,0.4950429679859165,5,5,-5.249999999999999,True,MIXED_OR_NULL
NQ,NEW_YORK,SESSION_60_TO_120,FROM_BELOW,9,1.0,394,400,1.015228426395939,197,203,0,0.4925,0.5075,-0.015,0.8026252540927463,-0.24065785244599353,0.8932375996394935,1.0735227620162635,-0.09555222664290103,0.4575,0.5425,0.905,160,189,0,51,0.4,0.4725,0.0,0.1275,-0.07249999999999995,349,0.13380838418693203,OK,NQ|NEW_YORK,0.48171018307295527,5,5,-7.249999999999996,True,MIXED_OR_NULL
NQ,NEW_YORK,SESSION_60_TO_120,FROM_BELOW,12,1.0,394,400,1.015228426395939,197,203,0,0.4925,0.5075,-0.015,0.8026252540927463,-0.3733935909224617,0.9762062418088833,1.1635004974057037,-0.0984096038974537,0.455,0.545,0.905,177,198,0,25,0.4425,0.495,0.0,0.0625,-0.05249999999999999,375,0.3016927840930848,OK,NQ|NEW_YORK,0.5298019623098075,5,5,-5.249999999999999,True,MIXED_OR_NULL
NQ,NEW_YORK,SESSION_60_TO_120,FROM_BELOW,18,1.0,394,400,1.015228426395939,197,203,0,0.4925,0.5075,-0.015,0.8026252540927463,-0.28858025147977984,1.1668152083178067,1.358072585687399,-0.09457937488518858,0.47,0.53,0.905,181,210,0,9,0.4525,0.525,0.0,0.0225,-0.07250000000000001,391,0.15668070766695708,OK,NQ|NEW_YORK,0.483289446281504,5,4,-7.250000000000001,True,MIXED_OR_NULL
NQ,NEW_YORK,SESSION_60_TO_120,FROM_BELOW,24,1.0,394,400,1.015228426395939,197,203,0,0.4925,0.5075,-0.015,0.8026252540927463,-0.3572539792402761,1.2977912454905762,1.525502011461702,-0.11134164581605376,0.4578005115089514,0.5421994884910486,0.905,181,206,0,4,0.4525,0.515,0.0,0.01,-0.0625,387,0.22242083104695912,OK,NQ|NEW_YORK,0.483289446281504,5,4,-6.25,True,MIXED_OR_NULL
NQ,NEW_YORK,SESSION_120_PLUS,FROM_BELOW,1,1.0,1826,1900,1.04052573932092,920,980,0,0.4842105263157895,0.5157894736842106,-0.031578947368421054,0.17586332193565596,-0.027255709930888487,0.3799400799109648,0.4226151152330019,-0.03341622609606647,0.4884965222043874,0.5115034777956127,0.8789473684210526,319,257,7,1286,0.16789473684210526,0.13526315789473684,0.0036842105263157894,0.6768421052631579,0.03263157894736843,576,0.01096908498822427,OK,NQ|NEW_YORK,0.3504750549895587,5,4,3.263157894736843,True,MIXED_OR_NULL
NQ,NEW_YORK,SESSION_120_PLUS,FROM_BELOW,2,1.0,1826,1900,1.04052573932092,920,980,0,0.4842105263157895,0.5157894736842106,-0.031578947368421054,0.17586332193565596,-0.03277163101236739,0.5621881492717702,0.5766049067021396,-0.012283859256422135,0.49212384573601303,0.5078761542639869,0.8789473684210526,518,448,7,868,0.27263157894736845,0.23578947368421052,0.0036842105263157894,0.4568421052631579,0.036842105263157926,966,0.026365038686861297,OK,NQ|NEW_YORK,0.3505090468861534,5,4,3.6842105263157925,True,MIXED_OR_NULL
NQ,NEW_YORK,SESSION_120_PLUS,FROM_BELOW,3,1.0,1826,1900,1.04052573932092,920,980,0,0.4842105263157895,0.5157894736842106,-0.031578947368421054,0.17586332193565596,-0.07866132500696486,0.663834969282804,0.6906113433108507,-0.024523241276028757,0.49082823790994995,0.50917176209005,0.8789473684210526,622,561,6,610,0.3273684210526316,0.29526315789473684,0.003157894736842105,0.32105263157894737,0.03210526315789475,1183,0.08103665032618132,OK,NQ|NEW_YORK,0.45648665923891485,5,4,3.210526315789475,True,MIXED_OR_NULL
NQ,NEW_YORK,SESSION_120_PLUS,FROM_BELOW,4,1.0,1826,1900,1.04052573932092,920,980,0,0.4842105263157895,0.5157894736842106,-0.031578947368421054,0.17586332193565596,-0.11604090792158944,0.76008293841044,0.8021687296391983,-0.030420053009907473,0.48853211009174313,0.5114678899082569,0.8789473684210526,667,635,6,436,0.3510526315789474,0.33421052631578946,0.003157894736842105,0.2294736842105263,0.016842105263157936,1302,0.39027970258614514,OK,NQ|NEW_YORK,0.5941872604455446,5,5,1.6842105263157936,True,MIXED_OR_NULL
NQ,NEW_YORK,SESSION_120_PLUS,FROM_BELOW,6,1.0,1826,1900,1.04052573932092,920,980,0,0.4842105263157895,0.5157894736842106,-0.031578947368421054,0.17586332193565596,-0.10505451570024496,0.9441959384546338,0.9808553448363031,-0.040910418905435175,0.48286229705351774,0.5171377029464823,0.8789473684210526,726,719,6,212,0.3821052631578947,0.37842105263157894,0.003157894736842105,0.11157894736842106,0.00368421052631579,1445,0.8745898067173039,OK,NQ|NEW_YORK,0.8995780869092269,5,4,0.368421052631579,True,MIXED_OR_NULL
NQ,NEW_YORK,SESSION_120_PLUS,FROM_BELOW,9,1.0,1826,1900,1.04052573932092,920,980,0,0.4842105263157895,0.5157894736842106,-0.031578947368421054,0.17586332193565596,-0.14844940771613943,1.1097282117278693,1.1753972172166447,-0.06666231388246643,0.47533632286995514,0.5246636771300448,0.8789473684210526,723,749,7,82,0.38052631578947366,0.39421052631578946,0.0036842105263157894,0.0431578947368421,-0.013684210526315799,1472,0.5146681001871608,OK,NQ|NEW_YORK,0.6737473311541015,5,3,-1.3684210526315799,True,MIXED_OR_NULL
NQ,NEW_YORK,SESSION_120_PLUS,FROM_BELOW,12,1.0,1826,1900,1.04052573932092,920,980,0,0.4842105263157895,0.5157894736842106,-0.031578947368421054,0.17586332193565596,-0.08842508562859924,1.2371209990557983,1.2887022140018884,-0.06946118751167274,0.46808510638297873,0.5319148936170213,0.8789473684210526,686,722,7,42,0.36105263157894735,0.38,0.0036842105263157894,0.022105263157894735,-0.018947368421052657,1408,0.35095117692071326,OK,NQ|NEW_YORK,0.5941872604455446,5,4,-1.8947368421052657,True,MIXED_OR_NULL
NQ,NEW_YORK,SESSION_120_PLUS,FROM_BELOW,18,1.0,1826,1900,1.04052573932092,920,980,0,0.4842105263157895,0.5157894736842106,-0.031578947368421054,0.17586332193565596,-0.15959528595502592,1.485157110333796,1.504306283007419,-0.01826118645885863,0.49065800162469536,0.5093419983753046,0.8789473684210526,596,616,7,12,0.3136842105263158,0.32421052631578945,0.0036842105263157894,0.00631578947368421,-0.010526315789473661,1212,0.5852485584185693,OK,NQ|NEW_YORK,0.726515451829948,5,3,-1.0526315789473661,True,MIXED_OR_NULL
NQ,NEW_YORK,SESSION_120_PLUS,FROM_BELOW,24,1.0,1826,1900,1.04052573932092,920,980,0,0.4842105263157895,0.5157894736842106,-0.031578947368421054,0.17586332193565596,-0.17676212020738907,1.666866594414916,1.687759702196346,-0.06347360712429971,0.47279920870425324,0.5272007912957468,0.8789473684210526,498,504,6,3,0.26210526315789473,0.26526315789473687,0.003157894736842105,0.0015789473684210526,-0.0031578947368421373,1002,0.8745015737790638,OK,NQ|NEW_YORK,0.8995780869092269,5,3,-0.31578947368421373,True,MIXED_OR_NULL
