instrument,candle_state,context_dim,context_value,horizon_min,barrier,n_observations,continuation_first_rate,reversal_first_rate,cont_minus_rev_first_rate,tie_rate,neither_rate,median_signed_close_atr,median_cont_exc_atr,median_rev_exc_atr,median_dominance,p_cont_exc_gt_rev_exc,p_rev_exc_gt_cont_exc,retouch_rate,n_nontied,binom_p,sample_status
ES,BEARISH_1000,pre10_stratum,PRE10_DOWN,1,0.25,293,0.37542662116040953,0.006825938566552901,0.36860068259385664,0.0034129692832764505,0.6143344709897611,0.13846153846153847,0.21052631578947367,0.0,1.0,0.9010238907849829,0.07849829351535836,0.8498293515358362,112,2.437842123605363e-30,OK
ES,BEARISH_1000,pre10_stratum,PRE10_DOWN,1,0.5,293,0.06825938566552901,0.0,0.06825938566552901,0.0,0.931740614334471,0.13846153846153847,0.21052631578947367,0.0,1.0,0.9010238907849829,0.07849829351535836,0.8498293515358362,20,1.9073486328125e-06,OK
ES,BEARISH_1000,pre10_stratum,PRE10_DOWN,1,1.0,293,0.006825938566552901,0.0,0.006825938566552901,0.0,0.9931740614334471,0.13846153846153847,0.21052631578947367,0.0,1.0,0.9010238907849829,0.07849829351535836,0.8498293515358362,2,0.5,UNDERPOWERED
ES,BEARISH_1000,pre10_stratum,PRE10_DOWN,3,0.25,293,0.5494880546075085,0.040955631399317405,0.5085324232081911,0.0034129692832764505,0.4061433447098976,0.125,0.2857142857142857,0.0,1.0,0.8361774744027304,0.14675767918088736,0.8498293515358362,173,1.8312802271375588e-34,OK
ES,BEARISH_1000,pre10_stratum,PRE10_DOWN,3,0.5,293,0.16723549488054607,0.0034129692832764505,0.16382252559726962,0.0,0.8293515358361775,0.125,0.2857142857142857,0.0,1.0,0.8361774744027304,0.14675767918088736,0.8498293515358362,50,9.059419880941277e-14,OK
ES,BEARISH_1000,pre10_stratum,PRE10_DOWN,3,1.0,293,0.010238907849829351,0.0,0.010238907849829351,0.0,0.9897610921501706,0.125,0.2857142857142857,0.0,1.0,0.8361774744027304,0.14675767918088736,0.8498293515358362,3,0.25,UNDERPOWERED
ES,BEARISH_1000,pre10_stratum,PRE10_DOWN,5,0.25,293,0.6416382252559727,0.08191126279863481,0.5597269624573379,0.0034129692832764505,0.27303754266211605,0.14705882352941177,0.3170731707317073,0.05263157894736842,0.7142857142857143,0.7986348122866894,0.19112627986348124,0.8498293515358362,212,9.841192267780557e-33,OK
ES,BEARISH_1000,pre10_stratum,PRE10_DOWN,5,0.5,293,0.24573378839590443,0.020477815699658702,0.22525597269624573,0.0,0.7337883959044369,0.14705882352941177,0.3170731707317073,0.05263157894736842,0.7142857142857143,0.7986348122866894,0.19112627986348124,0.8498293515358362,78,1.8493658649069896e-15,OK
ES,BEARISH_1000,pre10_stratum,PRE10_DOWN,5,1.0,293,0.030716723549488054,0.0,0.030716723549488054,0.0,0.9692832764505119,0.14705882352941177,0.3170731707317073,0.05263157894736842,0.7142857142857143,0.7986348122866894,0.19112627986348124,0.8498293515358362,9,0.00390625,UNDERPOWERED
ES,BEARISH_1000,pre10_stratum,PRE10_DOWN,10,0.25,293,0.6962457337883959,0.17747440273037543,0.5187713310580204,0.0034129692832764505,0.12286689419795221,0.1125,0.37142857142857144,0.11538461538461539,0.5555555555555556,0.7201365187713311,0.26621160409556316,0.8498293515358362,256,1.8510782576732105e-22,OK
ES,BEARISH_1000,pre10_stratum,PRE10_DOWN,10,0.5,293,0.3447098976109215,0.04436860068259386,0.3003412969283277,0.0,0.6109215017064846,0.1125,0.37142857142857144,0.11538461538461539,0.5555555555555556,0.7201365187713311,0.26621160409556316,0.8498293515358362,114,4.774037347032614e-18,OK
ES,BEARISH_1000,pre10_stratum,PRE10_DOWN,10,1.0,293,0.06143344709897611,0.0034129692832764505,0.05802047781569966,0.0,0.9351535836177475,0.1125,0.37142857142857144,0.11538461538461539,0.5555555555555556,0.7201365187713311,0.26621160409556316,0.8498293515358362,19,7.62939453125e-05,UNDERPOWERED
ES,BEARISH_1000,pre10_stratum,PRE10_DOWN,15,0.25,293,0.726962457337884,0.2150170648464164,0.5119453924914675,0.0034129692832764505,0.05460750853242321,0.10891089108910891,0.42857142857142855,0.1686746987951807,0.4666666666666667,0.6996587030716723,0.27986348122866894,0.8498293515358362,276,3.244692371306674e-20,OK
ES,BEARISH_1000,pre10_stratum,PRE10_DOWN,15,0.5,293,0.40955631399317405,0.11262798634812286,0.29692832764505117,0.0,0.4778156996587031,0.10891089108910891,0.42857142857142855,0.1686746987951807,0.4666666666666667,0.6996587030716723,0.27986348122866894,0.8498293515358362,153,8.276309548310359e-13,OK
ES,BEARISH_1000,pre10_stratum,PRE10_DOWN,15,1.0,293,0.09215017064846416,0.0034129692832764505,0.08873720136518772,0.0,0.9044368600682594,0.10891089108910891,0.42857142857142855,0.1686746987951807,0.4666666666666667,0.6996587030716723,0.27986348122866894,0.8498293515358362,28,2.1606683731079102e-07,OK
ES,BEARISH_1000,pre10_stratum,PRE10_DOWN,30,0.25,293,0.7406143344709898,0.2354948805460751,0.5051194539249146,0.0034129692832764505,0.020477815699658702,0.14634146341463414,0.5434782608695652,0.2537313432835821,0.3962264150943396,0.6518771331058021,0.3378839590443686,0.8498293515358362,286,5.48549639983327e-19,OK
ES,BEARISH_1000,pre10_stratum,PRE10_DOWN,30,0.5,293,0.5290102389078498,0.21843003412969283,0.310580204778157,0.0,0.2525597269624573,0.14634146341463414,0.5434782608695652,0.2537313432835821,0.3962264150943396,0.6518771331058021,0.3378839590443686,0.8498293515358362,219,6.808307754738393e-10,OK
ES,BEARISH_1000,pre10_stratum,PRE10_DOWN,30,1.0,293,0.16723549488054607,0.05460750853242321,0.11262798634812286,0.0,0.7781569965870307,0.14634146341463414,0.5434782608695652,0.2537313432835821,0.3962264150943396,0.6518771331058021,0.3378839590443686,0.8498293515358362,65,5.084767048790175e-05,OK
ES,BEARISH_1000,pre10_stratum,PRE10_DOWN,60,0.25,293,0.7440273037542662,0.24914675767918087,0.4948805460750853,0.0034129692832764505,0.0034129692832764505,0.14619883040935672,0.6607142857142857,0.34507042253521125,0.30000000000000004,0.6245733788395904,0.36860068259385664,0.8498293515358362,291,6.218514571963798e-18,OK
ES,BEARISH_1000,pre10_stratum,PRE10_DOWN,60,0.5,293,0.6006825938566553,0.29692832764505117,0.3037542662116041,0.0,0.10238907849829351,0.14619883040935672,0.6607142857142857,0.34507042253521125,0.30000000000000004,0.6245733788395904,0.36860068259385664,0.8498293515358362,263,4.318202012490537e-08,OK
ES,BEARISH_1000,pre10_stratum,PRE10_DOWN,60,1.0,293,0.3003412969283277,0.1296928327645051,0.17064846416382254,0.0,0.5699658703071673,0.14619883040935672,0.6607142857142857,0.34507042253521125,0.30000000000000004,0.6245733788395904,0.36860068259385664,0.8498293515358362,126,9.848038166935363e-06,OK
ES,BEARISH_1000,pre10_stratum,PRE10_FLAT,1,0.25,8,0.5,0.0,0.5,0.0,0.5,0.17119565217391303,0.27389705882352944,0.0,1.0,1.0,0.0,1.0,4,0.125,UNDERPOWERED
ES,BEARISH_1000,pre10_stratum,PRE10_FLAT,1,0.5,8,0.125,0.0,0.125,0.0,0.875,0.17119565217391303,0.27389705882352944,0.0,1.0,1.0,0.0,1.0,1,1.0,UNDERPOWERED
ES,BEARISH_1000,pre10_stratum,PRE10_FLAT,1,1.0,8,0.0,0.0,0.0,0.0,1.0,0.17119565217391303,0.27389705882352944,0.0,1.0,1.0,0.0,1.0,0,,UNDERPOWERED
ES,BEARISH_1000,pre10_stratum,PRE10_FLAT,3,0.25,8,0.625,0.125,0.5,0.0,0.25,0.22146739130434784,0.36141304347826086,0.0,1.0,0.875,0.125,1.0,6,0.21875,UNDERPOWERED
ES,BEARISH_1000,pre10_stratum,PRE10_FLAT,3,0.5,8,0.25,0.0,0.25,0.0,0.75,0.22146739130434784,0.36141304347826086,0.0,1.0,0.875,0.125,1.0,2,0.5,UNDERPOWERED
ES,BEARISH_1000,pre10_stratum,PRE10_FLAT,3,1.0,8,0.0,0.0,0.0,0.0,1.0,0.22146739130434784,0.36141304347826086,0.0,1.0,0.875,0.125,1.0,0,,UNDERPOWERED
ES,BEARISH_1000,pre10_stratum,PRE10_FLAT,5,0.25,8,0.625,0.125,0.5,0.0,0.25,0.11490683229813664,0.42391304347826086,0.07427536231884058,0.5606060606060606,0.75,0.125,1.0,6,0.21875,UNDERPOWERED
ES,BEARISH_1000,pre10_stratum,PRE10_FLAT,5,0.5,8,0.5,0.125,0.375,0.0,0.375,0.11490683229813664,0.42391304347826086,0.07427536231884058,0.5606060606060606,0.75,0.125,1.0,5,0.375,UNDERPOWERED
ES,BEARISH_1000,pre10_stratum,PRE10_FLAT,5,1.0,8,0.0,0.0,0.0,0.0,1.0,0.11490683229813664,0.42391304347826086,0.07427536231884058,0.5606060606060606,0.75,0.125,1.0,0,,UNDERPOWERED
ES,BEARISH_1000,pre10_stratum,PRE10_FLAT,10,0.25,8,0.75,0.125,0.625,0.0,0.125,0.06159420289855072,0.48641304347826086,0.13664596273291924,0.5470085470085471,0.75,0.25,1.0,7,0.125,UNDERPOWERED
ES,BEARISH_1000,pre10_stratum,PRE10_FLAT,10,0.5,8,0.5,0.25,0.25,0.0,0.25,0.06159420289855072,0.48641304347826086,0.13664596273291924,0.5470085470085471,0.75,0.25,1.0,6,0.6875,UNDERPOWERED
ES,BEARISH_1000,pre10_stratum,PRE10_FLAT,10,1.0,8,0.125,0.0,0.125,0.0,0.875,0.06159420289855072,0.48641304347826086,0.13664596273291924,0.5470085470085471,0.75,0.25,1.0,1,1.0,UNDERPOWERED
ES,BEARISH_1000,pre10_stratum,PRE10_FLAT,15,0.25,8,0.75,0.125,0.625,0.0,0.125,0.18167701863354035,0.6041666666666667,0.16925465838509318,0.5892857142857142,0.625,0.375,1.0,7,0.125,UNDERPOWERED
ES,BEARISH_1000,pre10_stratum,PRE10_FLAT,15,0.5,8,0.625,0.25,0.375,0.0,0.125,0.18167701863354035,0.6041666666666667,0.16925465838509318,0.5892857142857142,0.625,0.375,1.0,7,0.453125,UNDERPOWERED
ES,BEARISH_1000,pre10_stratum,PRE10_FLAT,15,1.0,8,0.25,0.0,0.25,0.0,0.75,0.18167701863354035,0.6041666666666667,0.16925465838509318,0.5892857142857142,0.625,0.375,1.0,2,0.5,UNDERPOWERED
ES,BEARISH_1000,pre10_stratum,PRE10_FLAT,30,0.25,8,0.75,0.25,0.5,0.0,0.0,-0.28894927536231885,0.6041666666666667,0.375,0.1,0.5,0.5,1.0,8,0.2890625,UNDERPOWERED
ES,BEARISH_1000,pre10_stratum,PRE10_FLAT,30,0.5,8,0.625,0.375,0.25,0.0,0.0,-0.28894927536231885,0.6041666666666667,0.375,0.1,0.5,0.5,1.0,8,0.7265625,UNDERPOWERED
ES,BEARISH_1000,pre10_stratum,PRE10_FLAT,30,1.0,8,0.25,0.25,0.0,0.0,0.5,-0.28894927536231885,0.6041666666666667,0.375,0.1,0.5,0.5,1.0,4,1.0,UNDERPOWERED
ES,BEARISH_1000,pre10_stratum,PRE10_FLAT,60,0.25,8,0.75,0.25,0.5,0.0,0.0,-0.2950310559006211,0.6041666666666667,0.5357142857142857,-0.09487666034155598,0.5,0.5,1.0,8,0.2890625,UNDERPOWERED
ES,BEARISH_1000,pre10_stratum,PRE10_FLAT,60,0.5,8,0.625,0.375,0.25,0.0,0.0,-0.2950310559006211,0.6041666666666667,0.5357142857142857,-0.09487666034155598,0.5,0.5,1.0,8,0.7265625,UNDERPOWERED
ES,BEARISH_1000,pre10_stratum,PRE10_FLAT,60,1.0,8,0.25,0.375,-0.125,0.0,0.375,-0.2950310559006211,0.6041666666666667,0.5357142857142857,-0.09487666034155598,0.5,0.5,1.0,5,1.0,UNDERPOWERED
ES,BEARISH_1000,pre10_stratum,PRE10_UP,1,0.25,298,0.31543624161073824,0.02348993288590604,0.29194630872483224,0.0,0.6610738255033557,0.09375,0.16666666666666666,0.0,1.0,0.825503355704698,0.14429530201342283,0.8825503355704698,101,1.4633698424991997e-20,OK
ES,BEARISH_1000,pre10_stratum,PRE10_UP,1,0.5,298,0.04697986577181208,0.0,0.04697986577181208,0.0,0.9530201342281879,0.09375,0.16666666666666666,0.0,1.0,0.825503355704698,0.14429530201342283,0.8825503355704698,14,0.0001220703125,UNDERPOWERED
ES,BEARISH_1000,pre10_stratum,PRE10_UP,1,1.0,298,0.003355704697986577,0.0,0.003355704697986577,0.0,0.9966442953020134,0.09375,0.16666666666666666,0.0,1.0,0.825503355704698,0.14429530201342283,0.8825503355704698,1,1.0,UNDERPOWERED
ES,BEARISH_1000,pre10_stratum,PRE10_UP,3,0.25,298,0.4664429530201342,0.11073825503355705,0.35570469798657717,0.0,0.4228187919463087,0.08606701940035273,0.22095959595959597,0.031754032258064516,0.732488822652757,0.7516778523489933,0.2214765100671141,0.8825503355704698,172,1.1137047323553833e-16,OK
ES,BEARISH_1000,pre10_stratum,PRE10_UP,3,0.5,298,0.09731543624161074,0.003355704697986577,0.09395973154362416,0.0,0.8993288590604027,0.08606701940035273,0.22095959595959597,0.031754032258064516,0.732488822652757,0.7516778523489933,0.2214765100671141,0.8825503355704698,30,5.774199962615967e-08,OK
ES,BEARISH_1000,pre10_stratum,PRE10_UP,3,1.0,298,0.006711409395973154,0.0,0.006711409395973154,0.0,0.9932885906040269,0.08606701940035273,0.22095959595959597,0.031754032258064516,0.732488822652757,0.7516778523489933,0.2214765100671141,0.8825503355704698,2,0.5,UNDERPOWERED
ES,BEARISH_1000,pre10_stratum,PRE10_UP,5,0.25,298,0.5134228187919463,0.1476510067114094,0.36577181208053694,0.0,0.3389261744966443,0.09122919334186941,0.2541383989145183,0.06539558089807555,0.5857142857142857,0.697986577181208,0.28187919463087246,0.8825503355704698,197,2.604008169188834e-15,OK
ES,BEARISH_1000,pre10_stratum,PRE10_UP,5,0.5,298,0.15436241610738255,0.02348993288590604,0.13087248322147652,0.0,0.8221476510067114,0.09122919334186941,0.2541383989145183,0.06539558089807555,0.5857142857142857,0.697986577181208,0.28187919463087246,0.8825503355704698,53,4.003196174551249e-08,OK
ES,BEARISH_1000,pre10_stratum,PRE10_UP,5,1.0,298,0.016778523489932886,0.0,0.016778523489932886,0.0,0.9832214765100671,0.09122919334186941,0.2541383989145183,0.06539558089807555,0.5857142857142857,0.697986577181208,0.28187919463087246,0.8825503355704698,5,0.0625,UNDERPOWERED
ES,BEARISH_1000,pre10_stratum,PRE10_UP,10,0.25,298,0.610738255033557,0.21476510067114093,0.3959731543624161,0.0,0.174496644295302,0.11251780344991297,0.30958385876418665,0.11777389277389277,0.4349298500241896,0.6711409395973155,0.31543624161073824,0.8825503355704698,246,2.7301522539643083e-14,OK
ES,BEARISH_1000,pre10_stratum,PRE10_UP,10,0.5,298,0.2684563758389262,0.06040268456375839,0.2080536912751678,0.0,0.6711409395973155,0.11251780344991297,0.30958385876418665,0.11777389277389277,0.4349298500241896,0.6711409395973155,0.31543624161073824,0.8825503355704698,98,1.6606697571045604e-10,OK
ES,BEARISH_1000,pre10_stratum,PRE10_UP,10,1.0,298,0.040268456375838924,0.0,0.040268456375838924,0.0,0.959731543624161,0.11251780344991297,0.30958385876418665,0.11777389277389277,0.4349298500241896,0.6711409395973155,0.31543624161073824,0.8825503355704698,12,0.00048828125,UNDERPOWERED
ES,BEARISH_1000,pre10_stratum,PRE10_UP,15,0.25,298,0.6610738255033557,0.24496644295302014,0.4161073825503356,0.0,0.09395973154362416,0.08401880141010576,0.36811594202898545,0.1461100569259962,0.41338112305854247,0.6644295302013423,0.32550335570469796,0.8825503355704698,270,2.4716540517427527e-14,OK
ES,BEARISH_1000,pre10_stratum,PRE10_UP,15,0.5,298,0.3389261744966443,0.09731543624161074,0.24161073825503357,0.0,0.5637583892617449,0.08401880141010576,0.36811594202898545,0.1461100569259962,0.41338112305854247,0.6644295302013423,0.32550335570469796,0.8825503355704698,130,1.582681806486603e-10,OK
ES,BEARISH_1000,pre10_stratum,PRE10_UP,15,1.0,298,0.07718120805369127,0.006711409395973154,0.07046979865771812,0.0,0.9161073825503355,0.08401880141010576,0.36811594202898545,0.1461100569259962,0.41338112305854247,0.6644295302013423,0.32550335570469796,0.8825503355704698,25,1.9431114196777344e-05,OK
ES,BEARISH_1000,pre10_stratum,PRE10_UP,30,0.25,298,0.6912751677852349,0.28187919463087246,0.40939597315436244,0.0,0.026845637583892617,0.056228956228956226,0.4616176470588236,0.2572892040977147,0.31731875719217484,0.6073825503355704,0.3825503355704698,0.8825503355704698,290,5.458082522715783e-13,OK
ES,BEARISH_1000,pre10_stratum,PRE10_UP,30,0.5,298,0.44966442953020136,0.2080536912751678,0.24161073825503357,0.0,0.3422818791946309,0.056228956228956226,0.4616176470588236,0.2572892040977147,0.31731875719217484,0.6073825503355704,0.3825503355704698,0.8825503355704698,196,2.9370924277452296e-07,OK
ES,BEARISH_1000,pre10_stratum,PRE10_UP,30,1.0,298,0.17114093959731544,0.030201342281879196,0.14093959731543623,0.0,0.7986577181208053,0.056228956228956226,0.4616176470588236,0.2572892040977147,0.31731875719217484,0.6073825503355704,0.3825503355704698,0.8825503355704698,60,3.085035609438902e-08,OK
ES,BEARISH_1000,pre10_stratum,PRE10_UP,60,0.25,298,0.697986577181208,0.2953020134228188,0.40268456375838924,0.0,0.006711409395973154,0.027696078431372548,0.5854166666666667,0.3797010607521697,0.23238095238095235,0.5906040268456376,0.40604026845637586,0.8825503355704698,296,2.3201290333773665e-12,OK
ES,BEARISH_1000,pre10_stratum,PRE10_UP,60,0.5,298,0.5302013422818792,0.33557046979865773,0.19463087248322147,0.0,0.1342281879194631,0.027696078431372548,0.5854166666666667,0.3797010607521697,0.23238095238095235,0.5906040268456376,0.40604026845637586,0.8825503355704698,258,0.00036777127632735897,OK
ES,BEARISH_1000,pre10_stratum,PRE10_UP,60,1.0,298,0.28859060402684567,0.10738255033557047,0.18120805369127516,0.0,0.6040268456375839,0.027696078431372548,0.5854166666666667,0.3797010607521697,0.23238095238095235,0.5906040268456376,0.40604026845637586,0.8825503355704698,118,6.904732386830466e-07,OK
ES,BEARISH_1000,close_loc_stratum,CLOSE_HIGH,1,0.25,207,0.24154589371980675,0.024154589371980676,0.21739130434782608,0.0,0.7342995169082126,0.08571428571428572,0.15384615384615385,0.0,1.0,0.8405797101449275,0.13043478260869565,0.893719806763285,55,2.1358426138817774e-10,OK
ES,BEARISH_1000,close_loc_stratum,CLOSE_HIGH,1,0.5,207,0.03864734299516908,0.0,0.03864734299516908,0.0,0.961352657004831,0.08571428571428572,0.15384615384615385,0.0,1.0,0.8405797101449275,0.13043478260869565,0.893719806763285,8,0.0078125,UNDERPOWERED
ES,BEARISH_1000,close_loc_stratum,CLOSE_HIGH,1,1.0,207,0.004830917874396135,0.0,0.004830917874396135,0.0,0.9951690821256038,0.08571428571428572,0.15384615384615385,0.0,1.0,0.8405797101449275,0.13043478260869565,0.893719806763285,1,1.0,UNDERPOWERED
ES,BEARISH_1000,close_loc_stratum,CLOSE_HIGH,3,0.25,207,0.38164251207729466,0.11594202898550725,0.26570048309178745,0.0,0.5024154589371981,0.06666666666666667,0.19607843137254902,0.041666666666666664,0.6250000000000001,0.7294685990338164,0.24154589371980675,0.893719806763285,103,4.980762968257179e-08,OK
ES,BEARISH_1000,close_loc_stratum,CLOSE_HIGH,3,0.5,207,0.06280193236714976,0.00966183574879227,0.05314009661835749,0.0,0.927536231884058,0.06666666666666667,0.19607843137254902,0.041666666666666664,0.6250000000000001,0.7294685990338164,0.24154589371980675,0.893719806763285,15,0.00738525390625,UNDERPOWERED
ES,BEARISH_1000,close_loc_stratum,CLOSE_HIGH,3,1.0,207,0.004830917874396135,0.0,0.004830917874396135,0.0,0.9951690821256038,0.06666666666666667,0.19607843137254902,0.041666666666666664,0.6250000000000001,0.7294685990338164,0.24154589371980675,0.893719806763285,1,1.0,UNDERPOWERED
ES,BEARISH_1000,close_loc_stratum,CLOSE_HIGH,5,0.25,207,0.42995169082125606,0.16908212560386474,0.2608695652173913,0.0,0.40096618357487923,0.07936507936507936,0.21761658031088082,0.07746478873239436,0.4545454545454546,0.6763285024154589,0.30917874396135264,0.893719806763285,124,1.3391625040993677e-06,OK
ES,BEARISH_1000,close_loc_stratum,CLOSE_HIGH,5,0.5,207,0.10628019323671498,0.028985507246376812,0.07729468599033816,0.0,0.8647342995169082,0.07936507936507936,0.21761658031088082,0.07746478873239436,0.4545454545454546,0.6763285024154589,0.30917874396135264,0.893719806763285,28,0.0037191659212112427,OK
ES,BEARISH_1000,close_loc_stratum,CLOSE_HIGH,5,1.0,207,0.00966183574879227,0.0,0.00966183574879227,0.0,0.9903381642512077,0.07936507936507936,0.21761658031088082,0.07746478873239436,0.4545454545454546,0.6763285024154589,0.30917874396135264,0.893719806763285,2,0.5,UNDERPOWERED
ES,BEARISH_1000,close_loc_stratum,CLOSE_HIGH,10,0.25,207,0.5314009661835749,0.2608695652173913,0.27053140096618356,0.0,0.20772946859903382,0.08695652173913043,0.265625,0.11888111888111888,0.4,0.6376811594202898,0.3526570048309179,0.893719806763285,164,1.460983514936857e-05,OK
ES,BEARISH_1000,close_loc_stratum,CLOSE_HIGH,10,0.5,207,0.2028985507246377,0.07246376811594203,0.13043478260869565,0.0,0.7246376811594203,0.08695652173913043,0.265625,0.11888111888111888,0.4,0.6376811594202898,0.3526570048309179,0.893719806763285,57,0.00046000500864878935,OK
ES,BEARISH_1000,close_loc_stratum,CLOSE_HIGH,10,1.0,207,0.01932367149758454,0.0,0.01932367149758454,0.0,0.9806763285024155,0.08695652173913043,0.265625,0.11888111888111888,0.4,0.6376811594202898,0.3526570048309179,0.893719806763285,4,0.125,UNDERPOWERED
ES,BEARISH_1000,close_loc_stratum,CLOSE_HIGH,15,0.25,207,0.5990338164251208,0.2946859903381642,0.30434782608695654,0.0,0.10628019323671498,0.046875,0.32142857142857145,0.14285714285714285,0.38461538461538464,0.6376811594202898,0.34782608695652173,0.893719806763285,185,4.210926882969811e-06,OK
ES,BEARISH_1000,close_loc_stratum,CLOSE_HIGH,15,0.5,207,0.2753623188405797,0.10628019323671498,0.16908212560386474,0.0,0.6183574879227053,0.046875,0.32142857142857145,0.14285714285714285,0.38461538461538464,0.6376811594202898,0.34782608695652173,0.893719806763285,79,0.00010259635179423318,OK
ES,BEARISH_1000,close_loc_stratum,CLOSE_HIGH,15,1.0,207,0.04830917874396135,0.004830917874396135,0.043478260869565216,0.0,0.9468599033816425,0.046875,0.32142857142857145,0.14285714285714285,0.38461538461538464,0.6376811594202898,0.34782608695652173,0.893719806763285,11,0.01171875,UNDERPOWERED
ES,BEARISH_1000,close_loc_stratum,CLOSE_HIGH,30,0.25,207,0.6328502415458938,0.3333333333333333,0.2995169082125604,0.0,0.033816425120772944,0.016666666666666666,0.4235294117647059,0.2549019607843137,0.31250000000000006,0.5797101449275363,0.4106280193236715,0.893719806763285,200,1.3857451572364535e-05,OK
ES,BEARISH_1000,close_loc_stratum,CLOSE_HIGH,30,0.5,207,0.38164251207729466,0.21256038647342995,0.16908212560386474,0.0,0.4057971014492754,0.016666666666666666,0.4235294117647059,0.2549019607843137,0.31250000000000006,0.5797101449275363,0.4106280193236715,0.893719806763285,123,0.002045039581843465,OK
ES,BEARISH_1000,close_loc_stratum,CLOSE_HIGH,30,1.0,207,0.10144927536231885,0.01932367149758454,0.0821256038647343,0.0,0.8792270531400966,0.016666666666666666,0.4235294117647059,0.2549019607843137,0.31250000000000006,0.5797101449275363,0.4106280193236715,0.893719806763285,25,0.0009105205535888672,OK
ES,BEARISH_1000,close_loc_stratum,CLOSE_HIGH,60,0.25,207,0.642512077294686,0.34782608695652173,0.2946859903381642,0.0,0.00966183574879227,0.0,0.48826291079812206,0.3375,0.18181818181818182,0.5797101449275363,0.41545893719806765,0.893719806763285,205,2.4462147139291295e-05,OK
ES,BEARISH_1000,close_loc_stratum,CLOSE_HIGH,60,0.5,207,0.4782608695652174,0.34299516908212563,0.13526570048309178,0.0,0.178743961352657,0.0,0.48826291079812206,0.3375,0.18181818181818182,0.5797101449275363,0.41545893719806765,0.893719806763285,170,0.03806366960413438,OK
ES,BEARISH_1000,close_loc_stratum,CLOSE_HIGH,60,1.0,207,0.21256038647342995,0.09178743961352658,0.12077294685990338,0.0,0.6956521739130435,0.0,0.48826291079812206,0.3375,0.18181818181818182,0.5797101449275363,0.41545893719806765,0.893719806763285,63,0.0022275315109880345,OK
ES,BEARISH_1000,close_loc_stratum,CLOSE_LOW,1,0.25,136,0.34558823529411764,0.0,0.34558823529411764,0.007352941176470588,0.6470588235294118,0.11866791744840526,0.19840131174420989,0.0,1.0,0.8602941176470589,0.11029411764705882,0.8455882352941176,47,1.4210854715202004e-14,OK
ES,BEARISH_1000,close_loc_stratum,CLOSE_LOW,1,0.5,136,0.07352941176470588,0.0,0.07352941176470588,0.0,0.9264705882352942,0.11866791744840526,0.19840131174420989,0.0,1.0,0.8602941176470589,0.11029411764705882,0.8455882352941176,10,0.001953125,UNDERPOWERED
ES,BEARISH_1000,close_loc_stratum,CLOSE_LOW,1,1.0,136,0.0,0.0,0.0,0.0,1.0,0.11866791744840526,0.19840131174420989,0.0,1.0,0.8602941176470589,0.11029411764705882,0.8455882352941176,0,,UNDERPOWERED
ES,BEARISH_1000,close_loc_stratum,CLOSE_LOW,3,0.25,136,0.49264705882352944,0.014705882352941176,0.47794117647058826,0.007352941176470588,0.4852941176470588,0.12743506493506493,0.24885321100917432,0.018706293706293706,0.8499999999999999,0.8088235294117647,0.16911764705882354,0.8455882352941176,69,8.185726402265558e-18,OK
ES,BEARISH_1000,close_loc_stratum,CLOSE_LOW,3,0.5,136,0.13970588235294118,0.0,0.13970588235294118,0.0,0.8602941176470589,0.12743506493506493,0.24885321100917432,0.018706293706293706,0.8499999999999999,0.8088235294117647,0.16911764705882354,0.8455882352941176,19,3.814697265625e-06,UNDERPOWERED
ES,BEARISH_1000,close_loc_stratum,CLOSE_LOW,3,1.0,136,0.0,0.0,0.0,0.0,1.0,0.12743506493506493,0.24885321100917432,0.018706293706293706,0.8499999999999999,0.8088235294117647,0.16911764705882354,0.8455882352941176,0,,UNDERPOWERED
ES,BEARISH_1000,close_loc_stratum,CLOSE_LOW,5,0.25,136,0.5808823529411765,0.058823529411764705,0.5220588235294118,0.007352941176470588,0.35294117647058826,0.11645021645021644,0.29695373339441133,0.058604917095483135,0.6189516129032258,0.7794117647058824,0.21323529411764705,0.8455882352941176,87,8.377941473730054e-16,OK
ES,BEARISH_1000,close_loc_stratum,CLOSE_LOW,5,0.5,136,0.21323529411764705,0.007352941176470588,0.20588235294117646,0.0,0.7794117647058824,0.11645021645021644,0.29695373339441133,0.058604917095483135,0.6189516129032258,0.7794117647058824,0.21323529411764705,0.8455882352941176,30,5.774199962615967e-08,OK
ES,BEARISH_1000,close_loc_stratum,CLOSE_LOW,5,1.0,136,0.007352941176470588,0.0,0.007352941176470588,0.0,0.9926470588235294,0.11645021645021644,0.29695373339441133,0.058604917095483135,0.6189516129032258,0.7794117647058824,0.21323529411764705,0.8455882352941176,1,1.0,UNDERPOWERED
ES,BEARISH_1000,close_loc_stratum,CLOSE_LOW,10,0.25,136,0.6470588235294118,0.16911764705882354,0.47794117647058826,0.007352941176470588,0.17647058823529413,0.09776785714285714,0.33493825761867,0.11701434159061277,0.511904761904762,0.7058823529411765,0.2867647058823529,0.8455882352941176,111,3.795723347076606e-10,OK
ES,BEARISH_1000,close_loc_stratum,CLOSE_LOW,10,0.5,136,0.2867647058823529,0.029411764705882353,0.25735294117647056,0.0,0.6838235294117647,0.09776785714285714,0.33493825761867,0.11701434159061277,0.511904761904762,0.7058823529411765,0.2867647058823529,0.8455882352941176,43,3.1081526685738936e-08,OK
ES,BEARISH_1000,close_loc_stratum,CLOSE_LOW,10,1.0,136,0.04411764705882353,0.0,0.04411764705882353,0.0,0.9558823529411765,0.09776785714285714,0.33493825761867,0.11701434159061277,0.511904761904762,0.7058823529411765,0.2867647058823529,0.8455882352941176,6,0.03125,UNDERPOWERED
ES,BEARISH_1000,close_loc_stratum,CLOSE_LOW,15,0.25,136,0.6838235294117647,0.22794117647058823,0.45588235294117646,0.007352941176470588,0.08088235294117647,0.06260869565217392,0.39780219780219783,0.1654228855721393,0.4490986214209968,0.6985294117647058,0.29411764705882354,0.8455882352941176,124,2.2005721799037115e-08,OK
ES,BEARISH_1000,close_loc_stratum,CLOSE_LOW,15,0.5,136,0.34558823529411764,0.08088235294117647,0.2647058823529412,0.0,0.5735294117647058,0.06260869565217392,0.39780219780219783,0.1654228855721393,0.4490986214209968,0.6985294117647058,0.29411764705882354,0.8455882352941176,58,2.0315945360449565e-06,OK
ES,BEARISH_1000,close_loc_stratum,CLOSE_LOW,15,1.0,136,0.08823529411764706,0.0,0.08823529411764706,0.0,0.9117647058823529,0.06260869565217392,0.39780219780219783,0.1654228855721393,0.4490986214209968,0.6985294117647058,0.29411764705882354,0.8455882352941176,12,0.00048828125,UNDERPOWERED
ES,BEARISH_1000,close_loc_stratum,CLOSE_LOW,30,0.25,136,0.7058823529411765,0.25735294117647056,0.4485294117647059,0.007352941176470588,0.029411764705882353,0.12902711323763955,0.462748643761302,0.24295125164690384,0.26271777003484326,0.6397058823529411,0.34558823529411764,0.8455882352941176,131,9.39531721168893e-08,OK
ES,BEARISH_1000,close_loc_stratum,CLOSE_LOW,30,0.5,136,0.4485294117647059,0.19117647058823528,0.25735294117647056,0.0,0.3602941176470588,0.12902711323763955,0.462748643761302,0.24295125164690384,0.26271777003484326,0.6397058823529411,0.34558823529411764,0.8455882352941176,87,0.0002236893560948182,OK
ES,BEARISH_1000,close_loc_stratum,CLOSE_LOW,30,1.0,136,0.14705882352941177,0.04411764705882353,0.10294117647058823,0.0,0.8088235294117647,0.12902711323763955,0.462748643761302,0.24295125164690384,0.26271777003484326,0.6397058823529411,0.34558823529411764,0.8455882352941176,26,0.009355306625366211,OK
ES,BEARISH_1000,close_loc_stratum,CLOSE_LOW,60,0.25,136,0.7132352941176471,0.27941176470588236,0.4338235294117647,0.007352941176470588,0.0,0.018867924528301886,0.5927927927927927,0.35294117647058826,0.2620533182076007,0.5882352941176471,0.40441176470588236,0.8455882352941176,135,3.957630638799941e-07,OK
ES,BEARISH_1000,close_loc_stratum,CLOSE_LOW,60,0.5,136,0.5441176470588235,0.3161764705882353,0.22794117647058823,0.0,0.13970588235294118,0.018867924528301886,0.5927927927927927,0.35294117647058826,0.2620533182076007,0.5882352941176471,0.40441176470588236,0.8455882352941176,117,0.005319279348701682,OK
ES,BEARISH_1000,close_loc_stratum,CLOSE_LOW,60,1.0,136,0.2647058823529412,0.1323529411764706,0.1323529411764706,0.0,0.6029411764705882,0.018867924528301886,0.5927927927927927,0.35294117647058826,0.2620533182076007,0.5882352941176471,0.40441176470588236,0.8455882352941176,54,0.01983432672806828,OK
ES,BEARISH_1000,close_loc_stratum,CLOSE_MIDDLE,1,0.25,256,0.43359375,0.015625,0.41796875,0.0,0.55078125,0.14430284857571213,0.22727272727272727,0.0,1.0,0.88671875,0.09375,0.859375,115,3.4507445333269973e-28,OK
ES,BEARISH_1000,close_loc_stratum,CLOSE_MIDDLE,1,0.5,256,0.06640625,0.0,0.06640625,0.0,0.93359375,0.14430284857571213,0.22727272727272727,0.0,1.0,0.88671875,0.09375,0.859375,17,1.52587890625e-05,UNDERPOWERED
ES,BEARISH_1000,close_loc_stratum,CLOSE_MIDDLE,1,1.0,256,0.0078125,0.0,0.0078125,0.0,0.9921875,0.14430284857571213,0.22727272727272727,0.0,1.0,0.88671875,0.09375,0.859375,2,0.5,UNDERPOWERED
ES,BEARISH_1000,close_loc_stratum,CLOSE_MIDDLE,3,0.25,256,0.62109375,0.078125,0.54296875,0.0,0.30078125,0.125,0.3069073783359498,0.0,1.0,0.83984375,0.14453125,0.859375,179,4.6387944283656995e-28,OK
ES,BEARISH_1000,close_loc_stratum,CLOSE_MIDDLE,3,0.5,256,0.1875,0.0,0.1875,0.0,0.8125,0.125,0.3069073783359498,0.0,1.0,0.83984375,0.14453125,0.859375,48,7.105427357601002e-15,OK
ES,BEARISH_1000,close_loc_stratum,CLOSE_MIDDLE,3,1.0,256,0.015625,0.0,0.015625,0.0,0.984375,0.125,0.3069073783359498,0.0,1.0,0.83984375,0.14453125,0.859375,4,0.125,UNDERPOWERED
ES,BEARISH_1000,close_loc_stratum,CLOSE_MIDDLE,5,0.25,256,0.6953125,0.1015625,0.59375,0.0,0.203125,0.1488772236803733,0.3333333333333333,0.04124149659863945,0.779513888888889,0.7890625,0.1875,0.859375,204,4.793260482996339e-29,OK
ES,BEARISH_1000,close_loc_stratum,CLOSE_MIDDLE,5,0.5,256,0.27734375,0.02734375,0.25,0.0,0.6953125,0.1488772236803733,0.3333333333333333,0.04124149659863945,0.779513888888889,0.7890625,0.1875,0.859375,78,1.933200757632093e-14,OK
ES,BEARISH_1000,close_loc_stratum,CLOSE_MIDDLE,5,1.0,256,0.04296875,0.0,0.04296875,0.0,0.95703125,0.1488772236803733,0.3333333333333333,0.04124149659863945,0.779513888888889,0.7890625,0.1875,0.859375,11,0.0009765625,UNDERPOWERED
ES,BEARISH_1000,close_loc_stratum,CLOSE_MIDDLE,10,0.25,256,0.7578125,0.15625,0.6015625,0.0,0.0859375,0.1373108409823865,0.4243853630646084,0.11538461538461539,0.5555555555555556,0.73828125,0.2421875,0.859375,234,1.9014811437014407e-25,OK
ES,BEARISH_1000,close_loc_stratum,CLOSE_MIDDLE,10,0.5,256,0.40625,0.0546875,0.3515625,0.0,0.5390625,0.1373108409823865,0.4243853630646084,0.11538461538461539,0.5555555555555556,0.73828125,0.2421875,0.859375,118,3.6166024407626366e-18,OK
ES,BEARISH_1000,close_loc_stratum,CLOSE_MIDDLE,10,1.0,256,0.08203125,0.00390625,0.078125,0.0,0.9140625,0.1373108409823865,0.4243853630646084,0.11538461538461539,0.5555555555555556,0.73828125,0.2421875,0.859375,22,1.0967254638671875e-05,OK
ES,BEARISH_1000,close_loc_stratum,CLOSE_MIDDLE,15,0.25,256,0.77734375,0.17578125,0.6015625,0.0,0.046875,0.15959252971137522,0.4782608695652174,0.16954022988505746,0.48913043478260865,0.70703125,0.2734375,0.859375,244,2.7162366408315192e-24,OK
ES,BEARISH_1000,close_loc_stratum,CLOSE_MIDDLE,15,0.5,256,0.4765625,0.12109375,0.35546875,0.0,0.40234375,0.15959252971137522,0.4782608695652174,0.16954022988505746,0.48913043478260865,0.70703125,0.2734375,0.859375,153,5.761122611124854e-14,OK
ES,BEARISH_1000,close_loc_stratum,CLOSE_MIDDLE,15,1.0,256,0.1171875,0.0078125,0.109375,0.0,0.875,0.15959252971137522,0.4782608695652174,0.16954022988505746,0.48913043478260865,0.70703125,0.2734375,0.859375,32,2.4633482098579407e-07,OK
ES,BEARISH_1000,close_loc_stratum,CLOSE_MIDDLE,30,0.25,256,0.7890625,0.19921875,0.58984375,0.0,0.01171875,0.15123286664461838,0.6228448275862069,0.27130750605326875,0.4164079822616408,0.66015625,0.33203125,0.859375,253,1.9170355399552323e-22,OK
ES,BEARISH_1000,close_loc_stratum,CLOSE_MIDDLE,30,0.5,256,0.6015625,0.23046875,0.37109375,0.0,0.16796875,0.15123286664461838,0.6228448275862069,0.27130750605326875,0.4164079822616408,0.66015625,0.33203125,0.859375,213,5.724265698159521e-11,OK
ES,BEARISH_1000,close_loc_stratum,CLOSE_MIDDLE,30,1.0,256,0.23828125,0.06640625,0.171875,0.0,0.6953125,0.15123286664461838,0.6228448275862069,0.27130750605326875,0.4164079822616408,0.66015625,0.33203125,0.859375,78,5.663739625418237e-07,OK
ES,BEARISH_1000,close_loc_stratum,CLOSE_MIDDLE,60,0.25,256,0.7890625,0.20703125,0.58203125,0.0,0.00390625,0.17817460317460318,0.7705802968960864,0.3745711017918414,0.37307152875175315,0.63671875,0.359375,0.859375,255,1.1411179698820727e-21,OK
ES,BEARISH_1000,close_loc_stratum,CLOSE_MIDDLE,60,0.5,256,0.6484375,0.296875,0.3515625,0.0,0.0546875,0.17817460317460318,0.7705802968960864,0.3745711017918414,0.37307152875175315,0.63671875,0.359375,0.859375,242,7.168318201682952e-09,OK
ES,BEARISH_1000,close_loc_stratum,CLOSE_MIDDLE,60,1.0,256,0.375,0.140625,0.234375,0.0,0.484375,0.17817460317460318,0.7705802968960864,0.3745711017918414,0.37307152875175315,0.63671875,0.359375,0.859375,132,1.74937401430774e-07,OK
ES,BEARISH_1000,dominance_stratum,BALANCED,1,0.25,179,0.37988826815642457,0.027932960893854747,0.35195530726256985,0.00558659217877095,0.5865921787709497,0.11538461538461539,0.208955223880597,0.0,1.0,0.8435754189944135,0.13966480446927373,0.88268156424581,73,3.4249061479387204e-15,OK
ES,BEARISH_1000,dominance_stratum,BALANCED,1,0.5,179,0.0670391061452514,0.0,0.0670391061452514,0.0,0.9329608938547486,0.11538461538461539,0.208955223880597,0.0,1.0,0.8435754189944135,0.13966480446927373,0.88268156424581,12,0.00048828125,UNDERPOWERED
ES,BEARISH_1000,dominance_stratum,BALANCED,1,1.0,179,0.00558659217877095,0.0,0.00558659217877095,0.0,0.994413407821229,0.11538461538461539,0.208955223880597,0.0,1.0,0.8435754189944135,0.13966480446927373,0.88268156424581,1,1.0,UNDERPOWERED
ES,BEARISH_1000,dominance_stratum,BALANCED,3,0.25,179,0.5586592178770949,0.11173184357541899,0.44692737430167595,0.00558659217877095,0.3240223463687151,0.0967741935483871,0.2708333333333333,0.05102040816326531,0.7377049180327869,0.7653631284916201,0.2122905027932961,0.88268156424581,120,5.50839085025408e-14,OK
ES,BEARISH_1000,dominance_stratum,BALANCED,3,0.5,179,0.13966480446927373,0.0,0.13966480446927373,0.0,0.8603351955307262,0.0967741935483871,0.2708333333333333,0.05102040816326531,0.7377049180327869,0.7653631284916201,0.2122905027932961,0.88268156424581,25,5.960464477539063e-08,OK
ES,BEARISH_1000,dominance_stratum,BALANCED,3,1.0,179,0.0111731843575419,0.0,0.0111731843575419,0.0,0.9888268156424581,0.0967741935483871,0.2708333333333333,0.05102040816326531,0.7377049180327869,0.7653631284916201,0.2122905027932961,0.88268156424581,2,0.5,UNDERPOWERED
ES,BEARISH_1000,dominance_stratum,BALANCED,5,0.25,179,0.6256983240223464,0.1452513966480447,0.48044692737430167,0.00558659217877095,0.22346368715083798,0.10416666666666667,0.30952380952380953,0.09615384615384616,0.5652173913043479,0.7206703910614525,0.26256983240223464,0.88268156424581,138,6.450507784326394e-14,OK
ES,BEARISH_1000,dominance_stratum,BALANCED,5,0.5,179,0.21787709497206703,0.0223463687150838,0.19553072625698323,0.0,0.7597765363128491,0.10416666666666667,0.30952380952380953,0.09615384615384616,0.5652173913043479,0.7206703910614525,0.26256983240223464,0.88268156424581,43,3.1081526685738936e-08,OK
ES,BEARISH_1000,dominance_stratum,BALANCED,5,1.0,179,0.0223463687150838,0.0,0.0223463687150838,0.0,0.9776536312849162,0.10416666666666667,0.30952380952380953,0.09615384615384616,0.5652173913043479,0.7206703910614525,0.26256983240223464,0.88268156424581,4,0.125,UNDERPOWERED
ES,BEARISH_1000,dominance_stratum,BALANCED,10,0.25,179,0.6927374301675978,0.19553072625698323,0.4972067039106145,0.00558659217877095,0.10614525139664804,0.12698412698412698,0.375,0.14634146341463414,0.4444444444444444,0.7150837988826816,0.2849162011173184,0.88268156424581,159,7.15959349419407e-13,OK
ES,BEARISH_1000,dominance_stratum,BALANCED,10,0.5,179,0.3463687150837989,0.061452513966480445,0.2849162011173184,0.0,0.5921787709497207,0.12698412698412698,0.375,0.14634146341463414,0.4444444444444444,0.7150837988826816,0.2849162011173184,0.88268156424581,73,9.089007009078587e-10,OK
ES,BEARISH_1000,dominance_stratum,BALANCED,10,1.0,179,0.061452513966480445,0.0,0.061452513966480445,0.0,0.9385474860335196,0.12698412698412698,0.375,0.14634146341463414,0.4444444444444444,0.7150837988826816,0.2849162011173184,0.88268156424581,11,0.0009765625,UNDERPOWERED
ES,BEARISH_1000,dominance_stratum,BALANCED,15,0.25,179,0.7541899441340782,0.21787709497206703,0.5363128491620112,0.00558659217877095,0.0223463687150838,0.18181818181818182,0.4482758620689655,0.17391304347826086,0.46153846153846156,0.7094972067039106,0.2849162011173184,0.88268156424581,174,1.3641533276398227e-13,OK
ES,BEARISH_1000,dominance_stratum,BALANCED,15,0.5,179,0.4301675977653631,0.13966480446927373,0.2905027932960894,0.0,0.4301675977653631,0.18181818181818182,0.4482758620689655,0.17391304347826086,0.46153846153846156,0.7094972067039106,0.2849162011173184,0.88268156424581,102,2.4519113385990644e-07,OK
ES,BEARISH_1000,dominance_stratum,BALANCED,15,1.0,179,0.0893854748603352,0.00558659217877095,0.08379888268156424,0.0,0.9050279329608939,0.18181818181818182,0.4482758620689655,0.17391304347826086,0.46153846153846156,0.7094972067039106,0.2849162011173184,0.88268156424581,17,0.000274658203125,UNDERPOWERED
ES,BEARISH_1000,dominance_stratum,BALANCED,30,0.25,179,0.7653631284916201,0.22905027932960895,0.5363128491620112,0.00558659217877095,0.0,0.13793103448275862,0.5662650602409639,0.2727272727272727,0.38613861386138615,0.6536312849162011,0.33519553072625696,0.88268156424581,178,2.7465958612715486e-13,OK
ES,BEARISH_1000,dominance_stratum,BALANCED,30,0.5,179,0.5642458100558659,0.24581005586592178,0.31843575418994413,0.0,0.18994413407821228,0.13793103448275862,0.5662650602409639,0.2727272727272727,0.38613861386138615,0.6536312849162011,0.33519553072625696,0.88268156424581,145,2.490595620029593e-06,OK
ES,BEARISH_1000,dominance_stratum,BALANCED,30,1.0,179,0.16201117318435754,0.0782122905027933,0.08379888268156424,0.0,0.7597765363128491,0.13793103448275862,0.5662650602409639,0.2727272727272727,0.38613861386138615,0.6536312849162011,0.33519553072625696,0.88268156424581,43,0.03153949735315109,OK
ES,BEARISH_1000,dominance_stratum,BALANCED,60,0.25,179,0.7653631284916201,0.22905027932960895,0.5363128491620112,0.00558659217877095,0.0,0.08,0.7169811320754716,0.39,0.3207547169811321,0.6201117318435754,0.37988826815642457,0.88268156424581,178,2.7465958612715486e-13,OK
ES,BEARISH_1000,dominance_stratum,BALANCED,60,0.5,179,0.6033519553072626,0.3407821229050279,0.26256983240223464,0.0,0.055865921787709494,0.08,0.7169811320754716,0.39,0.3207547169811321,0.6201117318435754,0.37988826815642457,0.88268156424581,169,0.00037210118761839945,OK
ES,BEARISH_1000,dominance_stratum,BALANCED,60,1.0,179,0.329608938547486,0.1564245810055866,0.17318435754189945,0.0,0.5139664804469274,0.08,0.7169811320754716,0.39,0.3207547169811321,0.6201117318435754,0.37988826815642457,0.88268156424581,87,0.0011686374974383248,OK
ES,BEARISH_1000,dominance_stratum,DOWN_DOMINANT,1,0.25,211,0.36492890995260663,0.004739336492890996,0.36018957345971564,0.0,0.6303317535545023,0.13953488372093023,0.2072072072072072,0.0,1.0,0.909952606635071,0.06635071090047394,0.8436018957345972,78,5.227781471335135e-22,OK
ES,BEARISH_1000,dominance_stratum,DOWN_DOMINANT,1,0.5,211,0.061611374407582936,0.0,0.061611374407582936,0.0,0.9383886255924171,0.13953488372093023,0.2072072072072072,0.0,1.0,0.909952606635071,0.06635071090047394,0.8436018957345972,13,0.000244140625,UNDERPOWERED
ES,BEARISH_1000,dominance_stratum,DOWN_DOMINANT,1,1.0,211,0.009478672985781991,0.0,0.009478672985781991,0.0,0.990521327014218,0.13953488372093023,0.2072072072072072,0.0,1.0,0.909952606635071,0.06635071090047394,0.8436018957345972,2,0.5,UNDERPOWERED
ES,BEARISH_1000,dominance_stratum,DOWN_DOMINANT,3,0.25,211,0.5450236966824644,0.037914691943127965,0.5071090047393365,0.0,0.41706161137440756,0.13274336283185842,0.2727272727272727,0.0,1.0,0.8388625592417062,0.14218009478672985,0.8436018957345972,123,2.078977522968645e-25,OK
ES,BEARISH_1000,dominance_stratum,DOWN_DOMINANT,3,0.5,211,0.15165876777251186,0.004739336492890996,0.14691943127962084,0.0,0.8436018957345972,0.13274336283185842,0.2727272727272727,0.0,1.0,0.8388625592417062,0.14218009478672985,0.8436018957345972,33,7.916241884231567e-09,OK
ES,BEARISH_1000,dominance_stratum,DOWN_DOMINANT,3,1.0,211,0.009478672985781991,0.0,0.009478672985781991,0.0,0.990521327014218,0.13274336283185842,0.2727272727272727,0.0,1.0,0.8388625592417062,0.14218009478672985,0.8436018957345972,2,0.5,UNDERPOWERED
ES,BEARISH_1000,dominance_stratum,DOWN_DOMINANT,5,0.25,211,0.6208530805687204,0.07582938388625593,0.5450236966824644,0.0,0.3033175355450237,0.125,0.3125,0.03571428571428571,0.75,0.8009478672985783,0.1943127962085308,0.8436018957345972,147,1.2414966157561691e-23,OK
ES,BEARISH_1000,dominance_stratum,DOWN_DOMINANT,5,0.5,211,0.24644549763033174,0.018957345971563982,0.22748815165876776,0.0,0.7345971563981043,0.125,0.3125,0.03571428571428571,0.75,0.8009478672985783,0.1943127962085308,0.8436018957345972,56,1.1008055578187737e-11,OK
ES,BEARISH_1000,dominance_stratum,DOWN_DOMINANT,5,1.0,211,0.023696682464454975,0.0,0.023696682464454975,0.0,0.976303317535545,0.125,0.3125,0.03571428571428571,0.75,0.8009478672985783,0.1943127962085308,0.8436018957345972,5,0.0625,UNDERPOWERED
ES,BEARISH_1000,dominance_stratum,DOWN_DOMINANT,10,0.25,211,0.6682464454976303,0.1895734597156398,0.4786729857819905,0.0,0.14218009478672985,0.07777777777777778,0.35,0.1,0.5555555555555557,0.7061611374407583,0.27014218009478674,0.8436018957345972,181,2.122871879223626e-14,OK
ES,BEARISH_1000,dominance_stratum,DOWN_DOMINANT,10,0.5,211,0.33649289099526064,0.037914691943127965,0.2985781990521327,0.0,0.6255924170616114,0.07777777777777778,0.35,0.1,0.5555555555555557,0.7061611374407583,0.27014218009478674,0.8436018957345972,79,9.691123017072029e-14,OK
ES,BEARISH_1000,dominance_stratum,DOWN_DOMINANT,10,1.0,211,0.052132701421800945,0.004739336492890996,0.04739336492890995,0.0,0.943127962085308,0.07777777777777778,0.35,0.1,0.5555555555555557,0.7061611374407583,0.27014218009478674,0.8436018957345972,12,0.00634765625,UNDERPOWERED
ES,BEARISH_1000,dominance_stratum,DOWN_DOMINANT,15,0.25,211,0.6872037914691943,0.22748815165876776,0.4597156398104265,0.0,0.08530805687203792,0.0967741935483871,0.41025641025641024,0.14634146341463414,0.45762711864406774,0.6824644549763034,0.2843601895734597,0.8436018957345972,193,1.6174226975053522e-12,OK
ES,BEARISH_1000,dominance_stratum,DOWN_DOMINANT,15,0.5,211,0.3981042654028436,0.0947867298578199,0.3033175355450237,0.0,0.5071090047393365,0.0967741935483871,0.41025641025641024,0.14634146341463414,0.45762711864406774,0.6824644549763034,0.2843601895734597,0.8436018957345972,104,1.6380501511665785e-10,OK
ES,BEARISH_1000,dominance_stratum,DOWN_DOMINANT,15,1.0,211,0.08530805687203792,0.004739336492890996,0.08056872037914692,0.0,0.909952606635071,0.0967741935483871,0.41025641025641024,0.14634146341463414,0.45762711864406774,0.6824644549763034,0.2843601895734597,0.8436018957345972,19,7.62939453125e-05,UNDERPOWERED
ES,BEARISH_1000,dominance_stratum,DOWN_DOMINANT,30,0.25,211,0.7061611374407583,0.26066350710900477,0.44549763033175355,0.0,0.03317535545023697,0.1368421052631579,0.49411764705882355,0.24347826086956523,0.3827160493827161,0.6492890995260664,0.33649289099526064,0.8436018957345972,204,3.341567941496215e-11,OK
ES,BEARISH_1000,dominance_stratum,DOWN_DOMINANT,30,0.5,211,0.4928909952606635,0.2037914691943128,0.2890995260663507,0.0,0.3033175355450237,0.1368421052631579,0.49411764705882355,0.24347826086956523,0.3827160493827161,0.6492890995260664,0.33649289099526064,0.8436018957345972,147,5.195289743459159e-07,OK
ES,BEARISH_1000,dominance_stratum,DOWN_DOMINANT,30,1.0,211,0.17061611374407584,0.02843601895734597,0.14218009478672985,0.0,0.8009478672985783,0.1368421052631579,0.49411764705882355,0.24347826086956523,0.3827160493827161,0.6492890995260664,0.33649289099526064,0.8436018957345972,42,2.8288777684792876e-06,OK
ES,BEARISH_1000,dominance_stratum,DOWN_DOMINANT,60,0.25,211,0.7156398104265402,0.2796208530805687,0.43601895734597157,0.0,0.004739336492890996,0.16216216216216217,0.6307692307692307,0.34507042253521125,0.282051282051282,0.6255924170616114,0.36018957345971564,0.8436018957345972,210,1.7414889022878865e-10,OK
ES,BEARISH_1000,dominance_stratum,DOWN_DOMINANT,60,0.5,211,0.5781990521327014,0.2843601895734597,0.2938388625592417,0.0,0.13744075829383887,0.16216216216216217,0.6307692307692307,0.34507042253521125,0.282051282051282,0.6255924170616114,0.36018957345971564,0.8436018957345972,182,5.02808218497859e-06,OK
ES,BEARISH_1000,dominance_stratum,DOWN_DOMINANT,60,1.0,211,0.2843601895734597,0.10900473933649289,0.17535545023696683,0.0,0.6066350710900474,0.16216216216216217,0.6307692307692307,0.34507042253521125,0.282051282051282,0.6255924170616114,0.36018957345971564,0.8436018957345972,83,5.973595638605142e-05,OK
ES,BEARISH_1000,dominance_stratum,UP_DOMINANT,1,0.25,209,0.3014354066985646,0.014354066985645933,0.28708133971291866,0.0,0.6842105263157895,0.09090909090909091,0.16666666666666666,0.0,1.0,0.8373205741626795,0.1291866028708134,0.8803827751196173,66,1.3002836654618655e-15,OK
ES,BEARISH_1000,dominance_stratum,UP_DOMINANT,1,0.5,209,0.04784688995215311,0.0,0.04784688995215311,0.0,0.9521531100478469,0.09090909090909091,0.16666666666666666,0.0,1.0,0.8373205741626795,0.1291866028708134,0.8803827751196173,10,0.001953125,UNDERPOWERED
ES,BEARISH_1000,dominance_stratum,UP_DOMINANT,1,1.0,209,0.0,0.0,0.0,0.0,1.0,0.09090909090909091,0.16666666666666666,0.0,1.0,0.8373205741626795,0.1291866028708134,0.8803827751196173,0,,UNDERPOWERED
ES,BEARISH_1000,dominance_stratum,UP_DOMINANT,3,0.25,209,0.430622009569378,0.0861244019138756,0.3444976076555024,0.0,0.48325358851674644,0.08695652173913043,0.208955223880597,0.024390243902439025,0.7777777777777777,0.7751196172248804,0.20095693779904306,0.8803827751196173,108,1.0657835390692565e-12,OK
ES,BEARISH_1000,dominance_stratum,UP_DOMINANT,3,0.5,209,0.11004784688995216,0.004784688995215311,0.10526315789473684,0.0,0.8851674641148325,0.08695652173913043,0.208955223880597,0.024390243902439025,0.7777777777777777,0.7751196172248804,0.20095693779904306,0.8803827751196173,24,2.9802322387695312e-06,OK
ES,BEARISH_1000,dominance_stratum,UP_DOMINANT,3,1.0,209,0.004784688995215311,0.0,0.004784688995215311,0.0,0.9952153110047847,0.08695652173913043,0.208955223880597,0.024390243902439025,0.7777777777777777,0.7751196172248804,0.20095693779904306,0.8803827751196173,1,1.0,UNDERPOWERED
ES,BEARISH_1000,dominance_stratum,UP_DOMINANT,5,0.25,209,0.49282296650717705,0.1291866028708134,0.36363636363636365,0.0,0.37799043062200954,0.09615384615384616,0.2459016393442623,0.06,0.5714285714285715,0.7177033492822966,0.2535885167464115,0.8803827751196173,130,1.1837867653112194e-11,OK
ES,BEARISH_1000,dominance_stratum,UP_DOMINANT,5,0.5,209,0.14832535885167464,0.028708133971291867,0.11961722488038277,0.0,0.8229665071770335,0.09615384615384616,0.2459016393442623,0.06,0.5714285714285715,0.7177033492822966,0.2535885167464115,0.8803827751196173,37,4.12575900554657e-05,OK
ES,BEARISH_1000,dominance_stratum,UP_DOMINANT,5,1.0,209,0.023923444976076555,0.0,0.023923444976076555,0.0,0.9760765550239234,0.09615384615384616,0.2459016393442623,0.06,0.5714285714285715,0.7177033492822966,0.2535885167464115,0.8803827751196173,5,0.0625,UNDERPOWERED
ES,BEARISH_1000,dominance_stratum,UP_DOMINANT,10,0.25,209,0.6076555023923444,0.20095693779904306,0.40669856459330145,0.0,0.19138755980861244,0.11764705882352941,0.3076923076923077,0.10810810810810811,0.46666666666666673,0.6698564593301436,0.3157894736842105,0.8803827751196173,169,3.983773385419666e-11,OK
ES,BEARISH_1000,dominance_stratum,UP_DOMINANT,10,0.5,209,0.24880382775119617,0.06698564593301436,0.18181818181818182,0.0,0.6842105263157895,0.11764705882352941,0.3076923076923077,0.10810810810810811,0.46666666666666673,0.6698564593301436,0.3157894736842105,0.8803827751196173,66,2.8220182313622557e-06,OK
ES,BEARISH_1000,dominance_stratum,UP_DOMINANT,10,1.0,209,0.0430622009569378,0.0,0.0430622009569378,0.0,0.9569377990430622,0.11764705882352941,0.3076923076923077,0.10810810810810811,0.46666666666666673,0.6698564593301436,0.3157894736842105,0.8803827751196173,9,0.00390625,UNDERPOWERED
ES,BEARISH_1000,dominance_stratum,UP_DOMINANT,15,0.25,209,0.6507177033492823,0.23923444976076555,0.41148325358851673,0.0,0.11004784688995216,0.05128205128205128,0.3582089552238806,0.14516129032258066,0.375,0.6555023923444976,0.3397129186602871,0.8803827751196173,186,2.1938834033335798e-10,OK
ES,BEARISH_1000,dominance_stratum,UP_DOMINANT,15,0.5,209,0.31100478468899523,0.09090909090909091,0.22009569377990432,0.0,0.5980861244019139,0.05128205128205128,0.3582089552238806,0.14516129032258066,0.375,0.6555023923444976,0.3397129186602871,0.8803827751196173,84,4.748492975346606e-07,OK
ES,BEARISH_1000,dominance_stratum,UP_DOMINANT,15,1.0,209,0.0861244019138756,0.004784688995215311,0.08133971291866028,0.0,0.9090909090909091,0.05128205128205128,0.3582089552238806,0.14516129032258066,0.375,0.6555023923444976,0.3397129186602871,0.8803827751196173,19,7.62939453125e-05,UNDERPOWERED
ES,BEARISH_1000,dominance_stratum,UP_DOMINANT,30,0.25,209,0.6842105263157895,0.2822966507177033,0.4019138755980861,0.0,0.03349282296650718,0.032520325203252036,0.45454545454545453,0.24193548387096775,0.3181818181818181,0.583732057416268,0.41148325358851673,0.8803827751196173,202,3.1240759594251533e-09,OK
ES,BEARISH_1000,dominance_stratum,UP_DOMINANT,30,0.5,209,0.4258373205741627,0.20095693779904306,0.22488038277511962,0.0,0.37320574162679426,0.032520325203252036,0.45454545454545453,0.24193548387096775,0.3181818181818181,0.583732057416268,0.41148325358851673,0.8803827751196173,131,4.915299690811684e-05,OK
ES,BEARISH_1000,dominance_stratum,UP_DOMINANT,30,1.0,209,0.17703349282296652,0.03349282296650718,0.14354066985645933,0.0,0.7894736842105263,0.032520325203252036,0.45454545454545453,0.24193548387096775,0.3181818181818181,0.583732057416268,0.41148325358851673,0.8803827751196173,44,5.299581744111492e-06,OK
ES,BEARISH_1000,dominance_stratum,UP_DOMINANT,60,0.25,209,0.6889952153110048,0.3014354066985646,0.3875598086124402,0.0,0.009569377990430622,0.006369426751592357,0.5346534653465347,0.3493975903614458,0.19553072625698326,0.5741626794258373,0.4258373205741627,0.8803827751196173,207,1.7888701495813968e-08,OK
ES,BEARISH_1000,dominance_stratum,UP_DOMINANT,60,0.5,209,0.5215311004784688,0.33014354066985646,0.19138755980861244,0.0,0.14832535885167464,0.006369426751592357,0.5346534653465347,0.3493975903614458,0.19553072625698326,0.5741626794258373,0.4258373205741627,0.8803827751196173,178,0.0033497141805529586,OK
ES,BEARISH_1000,dominance_stratum,UP_DOMINANT,60,1.0,209,0.2727272727272727,0.10526315789473684,0.1674641148325359,0.0,0.6220095693779905,0.006369426751592357,0.5346534653465347,0.3493975903614458,0.19553072625698326,0.5741626794258373,0.4258373205741627,0.8803827751196173,79,0.00010259635179423318,OK
ES,BULLISH_1000,pre10_stratum,PRE10_DOWN,1,0.25,303,0.3564356435643564,0.026402640264026403,0.33003300330033003,0.0033003300330033004,0.6138613861386139,0.1111111111111111,0.18888888888888888,0.0,1.0,0.8415841584158416,0.13861386138613863,0.8943894389438944,116,1.6492278067940443e-23,OK
ES,BULLISH_1000,pre10_stratum,PRE10_DOWN,1,0.5,303,0.0594059405940594,0.0,0.0594059405940594,0.0,0.9405940594059405,0.1111111111111111,0.18888888888888888,0.0,1.0,0.8415841584158416,0.13861386138613863,0.8943894389438944,18,7.62939453125e-06,UNDERPOWERED
ES,BULLISH_1000,pre10_stratum,PRE10_DOWN,1,1.0,303,0.009900990099009901,0.0,0.009900990099009901,0.0,0.9900990099009901,0.1111111111111111,0.18888888888888888,0.0,1.0,0.8415841584158416,0.13861386138613863,0.8943894389438944,3,0.25,UNDERPOWERED
ES,BULLISH_1000,pre10_stratum,PRE10_DOWN,3,0.25,303,0.46534653465346537,0.10561056105610561,0.35973597359735976,0.0033003300330033004,0.42574257425742573,0.10909090909090909,0.24,0.028169014084507043,0.8,0.759075907590759,0.22442244224422442,0.8943894389438944,173,1.5894089827339682e-17,OK
ES,BULLISH_1000,pre10_stratum,PRE10_DOWN,3,0.5,303,0.11221122112211221,0.013201320132013201,0.09900990099009901,0.0,0.8745874587458746,0.10909090909090909,0.24,0.028169014084507043,0.8,0.759075907590759,0.22442244224422442,0.8943894389438944,38,6.038535502739251e-07,OK
ES,BULLISH_1000,pre10_stratum,PRE10_DOWN,3,1.0,303,0.0165016501650165,0.0,0.0165016501650165,0.0,0.9834983498349835,0.10909090909090909,0.24,0.028169014084507043,0.8,0.759075907590759,0.22442244224422442,0.8943894389438944,5,0.0625,UNDERPOWERED
ES,BULLISH_1000,pre10_stratum,PRE10_DOWN,5,0.25,303,0.5478547854785478,0.1551155115511551,0.3927392739273927,0.0033003300330033004,0.29372937293729373,0.12,0.2676056338028169,0.058823529411764705,0.6551724137931035,0.735973597359736,0.24752475247524752,0.8943894389438944,213,9.118519172448693e-17,OK
ES,BULLISH_1000,pre10_stratum,PRE10_DOWN,5,0.5,303,0.1419141914191419,0.033003300330033,0.10891089108910891,0.0,0.8250825082508251,0.12,0.2676056338028169,0.058823529411764705,0.6551724137931035,0.735973597359736,0.24752475247524752,0.8943894389438944,53,5.550520889130439e-06,OK
ES,BULLISH_1000,pre10_stratum,PRE10_DOWN,5,1.0,303,0.0231023102310231,0.0,0.0231023102310231,0.0,0.976897689768977,0.12,0.2676056338028169,0.058823529411764705,0.6551724137931035,0.735973597359736,0.24752475247524752,0.8943894389438944,7,0.015625,UNDERPOWERED
ES,BULLISH_1000,pre10_stratum,PRE10_DOWN,10,0.25,303,0.6435643564356436,0.23102310231023102,0.41254125412541254,0.0033003300330033004,0.12211221122112212,0.0915032679738562,0.3300970873786408,0.12698412698412698,0.42857142857142855,0.6831683168316832,0.297029702970297,0.8943894389438944,265,8.098919633092008e-15,OK
ES,BULLISH_1000,pre10_stratum,PRE10_DOWN,10,0.5,303,0.24752475247524752,0.0891089108910891,0.15841584158415842,0.0,0.6633663366336634,0.0915032679738562,0.3300970873786408,0.12698412698412698,0.42857142857142855,0.6831683168316832,0.297029702970297,0.8943894389438944,102,2.1476915287407434e-06,OK
ES,BULLISH_1000,pre10_stratum,PRE10_DOWN,10,1.0,303,0.039603960396039604,0.0033003300330033004,0.036303630363036306,0.0,0.9570957095709571,0.0915032679738562,0.3300970873786408,0.12698412698412698,0.42857142857142855,0.6831683168316832,0.297029702970297,0.8943894389438944,13,0.00341796875,UNDERPOWERED
ES,BULLISH_1000,pre10_stratum,PRE10_DOWN,15,0.25,303,0.66996699669967,0.27722772277227725,0.3927392739273927,0.0033003300330033004,0.04950495049504951,0.10526315789473684,0.358974358974359,0.19047619047619047,0.3473684210526316,0.6402640264026402,0.3465346534653465,0.8943894389438944,287,1.5736401542716617e-12,OK
ES,BULLISH_1000,pre10_stratum,PRE10_DOWN,15,0.5,303,0.297029702970297,0.1716171617161716,0.1254125412541254,0.0,0.5313531353135313,0.10526315789473684,0.358974358974359,0.19047619047619047,0.3473684210526316,0.6402640264026402,0.3465346534653465,0.8943894389438944,142,0.001801710219750175,OK
ES,BULLISH_1000,pre10_stratum,PRE10_DOWN,15,1.0,303,0.07260726072607261,0.013201320132013201,0.0594059405940594,0.0,0.9141914191419142,0.10526315789473684,0.358974358974359,0.19047619047619047,0.3473684210526316,0.6402640264026402,0.3465346534653465,0.8943894389438944,26,0.0005335211753845215,OK
ES,BULLISH_1000,pre10_stratum,PRE10_DOWN,30,0.25,303,0.6897689768976898,0.29372937293729373,0.39603960396039606,0.0033003300330033004,0.013201320132013201,0.17142857142857143,0.47435897435897434,0.2903225806451613,0.25,0.6072607260726073,0.3795379537953795,0.8943894389438944,298,2.7727824699021905e-12,OK
ES,BULLISH_1000,pre10_stratum,PRE10_DOWN,30,0.5,303,0.45874587458745875,0.2607260726072607,0.19801980198019803,0.0,0.28052805280528054,0.17142857142857143,0.47435897435897434,0.2903225806451613,0.25,0.6072607260726073,0.3795379537953795,0.8943894389438944,218,5.832784520632604e-05,OK
ES,BULLISH_1000,pre10_stratum,PRE10_DOWN,30,1.0,303,0.12871287128712872,0.066006600660066,0.0627062706270627,0.0,0.8052805280528053,0.17142857142857143,0.47435897435897434,0.2903225806451613,0.25,0.6072607260726073,0.3795379537953795,0.8943894389438944,59,0.018337087779101986,OK
ES,BULLISH_1000,pre10_stratum,PRE10_DOWN,60,0.25,303,0.6963696369636964,0.297029702970297,0.39933993399339934,0.0033003300330033004,0.0,0.16064516129032258,0.625,0.3920807453416149,0.2382333978078659,0.5860927152317881,0.40066225165562913,0.8943894389438944,301,2.349624293950303e-12,OK
ES,BULLISH_1000,pre10_stratum,PRE10_DOWN,60,0.5,303,0.5445544554455446,0.3333333333333333,0.21122112211221122,0.0,0.1188118811881188,0.16064516129032258,0.625,0.3920807453416149,0.2382333978078659,0.5860927152317881,0.40066225165562913,0.8943894389438944,266,0.00010446722965270358,OK
ES,BULLISH_1000,pre10_stratum,PRE10_DOWN,60,1.0,303,0.21782178217821782,0.16831683168316833,0.04950495049504951,0.0,0.6105610561056105,0.16064516129032258,0.625,0.3920807453416149,0.2382333978078659,0.5860927152317881,0.40066225165562913,0.8943894389438944,117,0.19534905940457842,OK
ES,BULLISH_1000,pre10_stratum,PRE10_FLAT,1,0.25,4,0.25,0.0,0.25,0.0,0.75,0.04,0.1730232558139535,0.0,1.0,1.0,0.0,1.0,1,1.0,UNDERPOWERED
ES,BULLISH_1000,pre10_stratum,PRE10_FLAT,1,0.5,4,0.0,0.0,0.0,0.0,1.0,0.04,0.1730232558139535,0.0,1.0,1.0,0.0,1.0,0,,UNDERPOWERED
ES,BULLISH_1000,pre10_stratum,PRE10_FLAT,1,1.0,4,0.0,0.0,0.0,0.0,1.0,0.04,0.1730232558139535,0.0,1.0,1.0,0.0,1.0,0,,UNDERPOWERED
ES,BULLISH_1000,pre10_stratum,PRE10_FLAT,3,0.25,4,0.25,0.25,0.0,0.0,0.5,0.0057692307692307696,0.1730232558139535,0.195,0.025000000000000022,0.5,0.5,1.0,2,1.0,UNDERPOWERED
ES,BULLISH_1000,pre10_stratum,PRE10_FLAT,3,0.5,4,0.0,0.0,0.0,0.0,1.0,0.0057692307692307696,0.1730232558139535,0.195,0.025000000000000022,0.5,0.5,1.0,0,,UNDERPOWERED
ES,BULLISH_1000,pre10_stratum,PRE10_FLAT,3,1.0,4,0.0,0.0,0.0,0.0,1.0,0.0057692307692307696,0.1730232558139535,0.195,0.025000000000000022,0.5,0.5,1.0,0,,UNDERPOWERED
ES,BULLISH_1000,pre10_stratum,PRE10_FLAT,5,0.25,4,0.25,0.5,-0.25,0.0,0.25,-0.1076923076923077,0.1730232558139535,0.2096153846153846,-0.011363636363636354,0.5,0.5,1.0,3,1.0,UNDERPOWERED
ES,BULLISH_1000,pre10_stratum,PRE10_FLAT,5,0.5,4,0.0,0.0,0.0,0.0,1.0,-0.1076923076923077,0.1730232558139535,0.2096153846153846,-0.011363636363636354,0.5,0.5,1.0,0,,UNDERPOWERED
ES,BULLISH_1000,pre10_stratum,PRE10_FLAT,5,1.0,4,0.0,0.0,0.0,0.0,1.0,-0.1076923076923077,0.1730232558139535,0.2096153846153846,-0.011363636363636354,0.5,0.5,1.0,0,,UNDERPOWERED
ES,BULLISH_1000,pre10_stratum,PRE10_FLAT,10,0.25,4,0.25,0.5,-0.25,0.0,0.25,-0.38076923076923075,0.1730232558139535,0.5326923076923077,-0.44285714285714284,0.25,0.75,1.0,3,1.0,UNDERPOWERED
ES,BULLISH_1000,pre10_stratum,PRE10_FLAT,10,0.5,4,0.0,0.5,-0.5,0.0,0.5,-0.38076923076923075,0.1730232558139535,0.5326923076923077,-0.44285714285714284,0.25,0.75,1.0,2,0.5,UNDERPOWERED
ES,BULLISH_1000,pre10_stratum,PRE10_FLAT,10,1.0,4,0.0,0.0,0.0,0.0,1.0,-0.38076923076923075,0.1730232558139535,0.5326923076923077,-0.44285714285714284,0.25,0.75,1.0,0,,UNDERPOWERED
ES,BULLISH_1000,pre10_stratum,PRE10_FLAT,15,0.25,4,0.25,0.5,-0.25,0.0,0.25,-0.39,0.1730232558139535,0.635,-0.5056818181818181,0.25,0.75,1.0,3,1.0,UNDERPOWERED
ES,BULLISH_1000,pre10_stratum,PRE10_FLAT,15,0.5,4,0.0,0.75,-0.75,0.0,0.25,-0.39,0.1730232558139535,0.635,-0.5056818181818181,0.25,0.75,1.0,3,0.25,UNDERPOWERED
ES,BULLISH_1000,pre10_stratum,PRE10_FLAT,15,1.0,4,0.0,0.0,0.0,0.0,1.0,-0.39,0.1730232558139535,0.635,-0.5056818181818181,0.25,0.75,1.0,0,,UNDERPOWERED
ES,BULLISH_1000,pre10_stratum,PRE10_FLAT,30,0.25,4,0.5,0.5,0.0,0.0,0.0,-0.24976744186046512,0.20500000000000002,0.8407692307692307,-0.6711229946524064,0.25,0.75,1.0,4,1.0,UNDERPOWERED
ES,BULLISH_1000,pre10_stratum,PRE10_FLAT,30,0.5,4,0.0,0.75,-0.75,0.0,0.25,-0.24976744186046512,0.20500000000000002,0.8407692307692307,-0.6711229946524064,0.25,0.75,1.0,3,0.25,UNDERPOWERED
ES,BULLISH_1000,pre10_stratum,PRE10_FLAT,30,1.0,4,0.0,0.25,-0.25,0.0,0.75,-0.24976744186046512,0.20500000000000002,0.8407692307692307,-0.6711229946524064,0.25,0.75,1.0,1,1.0,UNDERPOWERED
ES,BULLISH_1000,pre10_stratum,PRE10_FLAT,60,0.25,4,0.5,0.5,0.0,0.0,0.0,-0.6654740608228981,0.20500000000000002,1.1292307692307693,-0.699134199134199,0.0,1.0,1.0,4,1.0,UNDERPOWERED
ES,BULLISH_1000,pre10_stratum,PRE10_FLAT,60,0.5,4,0.0,1.0,-1.0,0.0,0.0,-0.6654740608228981,0.20500000000000002,1.1292307692307693,-0.699134199134199,0.0,1.0,1.0,4,0.125,UNDERPOWERED
ES,BULLISH_1000,pre10_stratum,PRE10_FLAT,60,1.0,4,0.0,0.5,-0.5,0.0,0.5,-0.6654740608228981,0.20500000000000002,1.1292307692307693,-0.699134199134199,0.0,1.0,1.0,2,0.5,UNDERPOWERED
ES,BULLISH_1000,pre10_stratum,PRE10_UP,1,0.25,302,0.2913907284768212,0.019867549668874173,0.271523178807947,0.0033112582781456954,0.6854304635761589,0.10547710740265298,0.18708333333333332,0.0,1.0,0.8774834437086093,0.10596026490066225,0.8708609271523179,94,8.807936656038951e-20,OK
ES,BULLISH_1000,pre10_stratum,PRE10_UP,1,0.5,302,0.04304635761589404,0.006622516556291391,0.03642384105960265,0.0,0.9503311258278145,0.10547710740265298,0.18708333333333332,0.0,1.0,0.8774834437086093,0.10596026490066225,0.8708609271523179,15,0.00738525390625,UNDERPOWERED
ES,BULLISH_1000,pre10_stratum,PRE10_UP,1,1.0,302,0.006622516556291391,0.0,0.006622516556291391,0.0,0.9933774834437086,0.10547710740265298,0.18708333333333332,0.0,1.0,0.8774834437086093,0.10596026490066225,0.8708609271523179,2,0.5,UNDERPOWERED
ES,BULLISH_1000,pre10_stratum,PRE10_UP,3,0.25,302,0.46688741721854304,0.076158940397351,0.39072847682119205,0.0033112582781456954,0.45364238410596025,0.09346588663135426,0.23447145061728394,0.02424331472230385,0.8263305322128851,0.7814569536423841,0.1986754966887417,0.8708609271523179,164,6.824392548809798e-22,OK
ES,BULLISH_1000,pre10_stratum,PRE10_UP,3,0.5,302,0.08609271523178808,0.016556291390728478,0.0695364238410596,0.0,0.8973509933774835,0.09346588663135426,0.23447145061728394,0.02424331472230385,0.8263305322128851,0.7814569536423841,0.1986754966887417,0.8708609271523179,31,0.00019219517707824707,OK
ES,BULLISH_1000,pre10_stratum,PRE10_UP,3,1.0,302,0.016556291390728478,0.0033112582781456954,0.013245033112582781,0.0,0.9801324503311258,0.09346588663135426,0.23447145061728394,0.02424331472230385,0.8263305322128851,0.7814569536423841,0.1986754966887417,0.8708609271523179,6,0.21875,UNDERPOWERED
ES,BULLISH_1000,pre10_stratum,PRE10_UP,5,0.25,302,0.5364238410596026,0.1423841059602649,0.39403973509933776,0.0033112582781456954,0.31788079470198677,0.10349444370062927,0.25868097419821556,0.045454545454545456,0.6666666666666667,0.7251655629139073,0.25496688741721857,0.8708609271523179,205,1.926121569934134e-17,OK
ES,BULLISH_1000,pre10_stratum,PRE10_UP,5,0.5,302,0.1291390728476821,0.039735099337748346,0.08940397350993377,0.0,0.8311258278145696,0.10349444370062927,0.25868097419821556,0.045454545454545456,0.6666666666666667,0.7251655629139073,0.25496688741721857,0.8708609271523179,51,0.0001980394513374506,OK
ES,BULLISH_1000,pre10_stratum,PRE10_UP,5,1.0,302,0.019867549668874173,0.006622516556291391,0.013245033112582781,0.0,0.9735099337748344,0.10349444370062927,0.25868097419821556,0.045454545454545456,0.6666666666666667,0.7251655629139073,0.25496688741721857,0.8708609271523179,8,0.2890625,UNDERPOWERED
ES,BULLISH_1000,pre10_stratum,PRE10_UP,10,0.25,302,0.609271523178808,0.19536423841059603,0.4139072847682119,0.0033112582781456954,0.19205298013245034,0.10527868852459016,0.3028021349599695,0.11429608127721336,0.4545454545454546,0.6887417218543046,0.28807947019867547,0.8708609271523179,243,3.857391969474354e-16,OK
ES,BULLISH_1000,pre10_stratum,PRE10_UP,10,0.5,302,0.2251655629139073,0.08609271523178808,0.1390728476821192,0.0,0.6887417218543046,0.10527868852459016,0.3028021349599695,0.11429608127721336,0.4545454545454546,0.6887417218543046,0.28807947019867547,0.8708609271523179,94,1.7316912262453792e-05,OK
ES,BULLISH_1000,pre10_stratum,PRE10_UP,10,1.0,302,0.026490066225165563,0.009933774834437087,0.016556291390728478,0.0,0.9635761589403974,0.10527868852459016,0.3028021349599695,0.11429608127721336,0.4545454545454546,0.6887417218543046,0.28807947019867547,0.8708609271523179,11,0.2265625,UNDERPOWERED
ES,BULLISH_1000,pre10_stratum,PRE10_UP,15,0.25,302,0.6456953642384106,0.23509933774834438,0.4105960264900662,0.0033112582781456954,0.11258278145695365,0.12903225806451613,0.34545454545454546,0.16037735849056603,0.3445378151260504,0.6611295681063123,0.31893687707641194,0.8708609271523179,266,1.5289643744786822e-14,OK
ES,BULLISH_1000,pre10_stratum,PRE10_UP,15,0.5,302,0.26490066225165565,0.1456953642384106,0.11920529801324503,0.0033112582781456954,0.5827814569536424,0.12903225806451613,0.34545454545454546,0.16037735849056603,0.3445378151260504,0.6611295681063123,0.31893687707641194,0.8708609271523179,124,0.0015647340261696686,OK
ES,BULLISH_1000,pre10_stratum,PRE10_UP,15,1.0,302,0.04304635761589404,0.016556291390728478,0.026490066225165563,0.0,0.9370860927152318,0.12903225806451613,0.34545454545454546,0.16037735849056603,0.3445378151260504,0.6611295681063123,0.31893687707641194,0.8708609271523179,18,0.09625244140625,UNDERPOWERED
ES,BULLISH_1000,pre10_stratum,PRE10_UP,30,0.25,302,0.7086092715231788,0.26158940397350994,0.4470198675496689,0.0033112582781456954,0.023178807947019868,0.19230769230769232,0.4444444444444444,0.23333333333333334,0.33333333333333337,0.654485049833887,0.33222591362126247,0.8708609271523179,293,1.5369324258337878e-15,OK
ES,BULLISH_1000,pre10_stratum,PRE10_UP,30,0.5,302,0.40728476821192056,0.2251655629139073,0.18211920529801323,0.0033112582781456954,0.3609271523178808,0.19230769230769232,0.4444444444444444,0.23333333333333334,0.33333333333333337,0.654485049833887,0.33222591362126247,0.8708609271523179,191,8.411757648898617e-05,OK
ES,BULLISH_1000,pre10_stratum,PRE10_UP,30,1.0,302,0.11589403973509933,0.06291390728476821,0.052980132450331126,0.0,0.8178807947019867,0.19230769230769232,0.4444444444444444,0.23333333333333334,0.33333333333333337,0.654485049833887,0.33222591362126247,0.8708609271523179,54,0.04022356409571669,OK
ES,BULLISH_1000,pre10_stratum,PRE10_UP,60,0.25,302,0.7218543046357616,0.26490066225165565,0.45695364238410596,0.0033112582781456954,0.006622516556291391,0.23711340206185566,0.6216216216216216,0.3048780487804878,0.3382352941176471,0.654485049833887,0.3388704318936877,0.8708609271523179,298,6.189355857694206e-16,OK
ES,BULLISH_1000,pre10_stratum,PRE10_UP,60,0.5,302,0.5264900662251656,0.304635761589404,0.22185430463576158,0.0033112582781456954,0.16225165562913907,0.23711340206185566,0.6216216216216216,0.3048780487804878,0.3382352941176471,0.654485049833887,0.3388704318936877,0.8708609271523179,251,2.8007747837626892e-05,OK
ES,BULLISH_1000,pre10_stratum,PRE10_UP,60,1.0,302,0.2119205298013245,0.1423841059602649,0.0695364238410596,0.0,0.6423841059602649,0.23711340206185566,0.6216216216216216,0.3048780487804878,0.3382352941176471,0.654485049833887,0.3388704318936877,0.8708609271523179,107,0.05266778129862431,OK
ES,BULLISH_1000,close_loc_stratum,CLOSE_HIGH,1,0.25,188,0.2712765957446808,0.010638297872340425,0.26063829787234044,0.0,0.7180851063829787,0.09726522187822498,0.18181818181818182,0.0,1.0,0.8829787234042553,0.10106382978723404,0.8617021276595744,53,3.1796787425264483e-13,OK
ES,BULLISH_1000,close_loc_stratum,CLOSE_HIGH,1,0.5,188,0.047872340425531915,0.0,0.047872340425531915,0.0,0.9521276595744681,0.09726522187822498,0.18181818181818182,0.0,1.0,0.8829787234042553,0.10106382978723404,0.8617021276595744,9,0.00390625,UNDERPOWERED
ES,BULLISH_1000,close_loc_stratum,CLOSE_HIGH,1,1.0,188,0.0,0.0,0.0,0.0,1.0,0.09726522187822498,0.18181818181818182,0.0,1.0,0.8829787234042553,0.10106382978723404,0.8617021276595744,0,,UNDERPOWERED
ES,BULLISH_1000,close_loc_stratum,CLOSE_HIGH,3,0.25,188,0.4627659574468085,0.05319148936170213,0.4095744680851064,0.0,0.48404255319148937,0.09878048780487805,0.2263052876621217,0.0045871559633027525,0.9722222222222222,0.8297872340425532,0.15425531914893617,0.8617021276595744,97,1.7877527700122911e-16,OK
ES,BULLISH_1000,close_loc_stratum,CLOSE_HIGH,3,0.5,188,0.07446808510638298,0.010638297872340425,0.06382978723404255,0.0,0.9148936170212766,0.09878048780487805,0.2263052876621217,0.0045871559633027525,0.9722222222222222,0.8297872340425532,0.15425531914893617,0.8617021276595744,16,0.004180908203125,UNDERPOWERED
ES,BULLISH_1000,close_loc_stratum,CLOSE_HIGH,3,1.0,188,0.02127659574468085,0.005319148936170213,0.015957446808510637,0.0,0.973404255319149,0.09878048780487805,0.2263052876621217,0.0045871559633027525,0.9722222222222222,0.8297872340425532,0.15425531914893617,0.8617021276595744,5,0.375,UNDERPOWERED
ES,BULLISH_1000,close_loc_stratum,CLOSE_HIGH,5,0.25,188,0.526595744680851,0.10638297872340426,0.42021276595744683,0.0,0.3670212765957447,0.10990338164251207,0.25245098039215685,0.03297101449275362,0.7638888888888888,0.7606382978723404,0.21808510638297873,0.8617021276595744,119,9.20254356955225e-14,OK
ES,BULLISH_1000,close_loc_stratum,CLOSE_HIGH,5,0.5,188,0.11702127659574468,0.02127659574468085,0.09574468085106383,0.0,0.8617021276595744,0.10990338164251207,0.25245098039215685,0.03297101449275362,0.7638888888888888,0.7606382978723404,0.21808510638297873,0.8617021276595744,26,0.0005335211753845215,OK
ES,BULLISH_1000,close_loc_stratum,CLOSE_HIGH,5,1.0,188,0.02127659574468085,0.005319148936170213,0.015957446808510637,0.0,0.973404255319149,0.10990338164251207,0.25245098039215685,0.03297101449275362,0.7638888888888888,0.7606382978723404,0.21808510638297873,0.8617021276595744,5,0.375,UNDERPOWERED
ES,BULLISH_1000,close_loc_stratum,CLOSE_HIGH,10,0.25,188,0.5851063829787234,0.1595744680851064,0.425531914893617,0.0,0.2553191489361702,0.10733274257864422,0.28361597627652674,0.08265027322404371,0.603030303030303,0.723404255319149,0.26063829787234044,0.8617021276595744,140,6.249132901619841e-12,OK
ES,BULLISH_1000,close_loc_stratum,CLOSE_HIGH,10,0.5,188,0.2074468085106383,0.06382978723404255,0.14361702127659576,0.0,0.7287234042553191,0.10733274257864422,0.28361597627652674,0.08265027322404371,0.603030303030303,0.723404255319149,0.26063829787234044,0.8617021276595744,51,0.0001980394513374506,OK
ES,BULLISH_1000,close_loc_stratum,CLOSE_HIGH,10,1.0,188,0.026595744680851064,0.010638297872340425,0.015957446808510637,0.0,0.9627659574468085,0.10733274257864422,0.28361597627652674,0.08265027322404371,0.603030303030303,0.723404255319149,0.26063829787234044,0.8617021276595744,7,0.453125,UNDERPOWERED
ES,BULLISH_1000,close_loc_stratum,CLOSE_HIGH,15,0.25,188,0.6276595744680851,0.2127659574468085,0.4148936170212766,0.0,0.1595744680851064,0.11371857478748418,0.34016308835673,0.14634146341463414,0.3667452830188679,0.6914893617021277,0.2872340425531915,0.8617021276595744,158,3.966067932010878e-10,OK
ES,BULLISH_1000,close_loc_stratum,CLOSE_HIGH,15,0.5,188,0.2393617021276596,0.11702127659574468,0.12234042553191489,0.005319148936170213,0.6382978723404256,0.11371857478748418,0.34016308835673,0.14634146341463414,0.3667452830188679,0.6914893617021277,0.2872340425531915,0.8617021276595744,67,0.006741447363103123,OK
ES,BULLISH_1000,close_loc_stratum,CLOSE_HIGH,15,1.0,188,0.0425531914893617,0.015957446808510637,0.026595744680851064,0.0,0.9414893617021277,0.11371857478748418,0.34016308835673,0.14634146341463414,0.3667452830188679,0.6914893617021277,0.2872340425531915,0.8617021276595744,11,0.2265625,UNDERPOWERED
ES,BULLISH_1000,close_loc_stratum,CLOSE_HIGH,30,0.25,188,0.7127659574468085,0.2553191489361702,0.4574468085106383,0.0,0.031914893617021274,0.1673027989821883,0.41438778024143874,0.22760910815939278,0.33072916666666663,0.6542553191489362,0.324468085106383,0.8617021276595744,182,1.3433801806875107e-10,OK
ES,BULLISH_1000,close_loc_stratum,CLOSE_HIGH,30,0.5,188,0.3617021276595745,0.20212765957446807,0.1595744680851064,0.005319148936170213,0.4308510638297872,0.1673027989821883,0.41438778024143874,0.22760910815939278,0.33072916666666663,0.6542553191489362,0.324468085106383,0.8617021276595744,106,0.0046185356920239295,OK
ES,BULLISH_1000,close_loc_stratum,CLOSE_HIGH,30,1.0,188,0.10638297872340426,0.05319148936170213,0.05319148936170213,0.0,0.8404255319148937,0.1673027989821883,0.41438778024143874,0.22760910815939278,0.33072916666666663,0.6542553191489362,0.324468085106383,0.8617021276595744,30,0.09873714670538905,OK
ES,BULLISH_1000,close_loc_stratum,CLOSE_HIGH,60,0.25,188,0.7287234042553191,0.26063829787234044,0.46808510638297873,0.0,0.010638297872340425,0.21954484605087016,0.5425685425685425,0.298936170212766,0.3230550284629981,0.6595744680851063,0.3351063829787234,0.8617021276595744,186,7.88860500830373e-11,OK
ES,BULLISH_1000,close_loc_stratum,CLOSE_HIGH,60,0.5,188,0.48404255319148937,0.2978723404255319,0.18617021276595744,0.005319148936170213,0.2127659574468085,0.21954484605087016,0.5425685425685425,0.298936170212766,0.3230550284629981,0.6595744680851063,0.3351063829787234,0.8617021276595744,147,0.004871742181500842,OK
ES,BULLISH_1000,close_loc_stratum,CLOSE_HIGH,60,1.0,188,0.19680851063829788,0.11170212765957446,0.0851063829787234,0.0,0.6914893617021277,0.21954484605087016,0.5425685425685425,0.298936170212766,0.3230550284629981,0.6595744680851063,0.3351063829787234,0.8617021276595744,58,0.047940324071666984,OK
ES,BULLISH_1000,close_loc_stratum,CLOSE_LOW,1,0.25,163,0.3312883435582822,0.03067484662576687,0.3006134969325153,0.006134969325153374,0.6319018404907976,0.10526315789473684,0.18518518518518517,0.0,1.0,0.8404907975460123,0.15337423312883436,0.8834355828220859,59,1.9067358802971057e-11,OK
ES,BULLISH_1000,close_loc_stratum,CLOSE_LOW,1,0.5,163,0.05521472392638037,0.006134969325153374,0.049079754601226995,0.0,0.9386503067484663,0.10526315789473684,0.18518518518518517,0.0,1.0,0.8404907975460123,0.15337423312883436,0.8834355828220859,10,0.021484375,UNDERPOWERED
ES,BULLISH_1000,close_loc_stratum,CLOSE_LOW,1,1.0,163,0.018404907975460124,0.0,0.018404907975460124,0.0,0.9815950920245399,0.10526315789473684,0.18518518518518517,0.0,1.0,0.8404907975460123,0.15337423312883436,0.8834355828220859,3,0.25,UNDERPOWERED
ES,BULLISH_1000,close_loc_stratum,CLOSE_LOW,3,0.25,163,0.4539877300613497,0.09815950920245399,0.3558282208588957,0.006134969325153374,0.44171779141104295,0.10344827586206896,0.24,0.0273972602739726,0.794871794871795,0.7484662576687117,0.24539877300613497,0.8834355828220859,90,4.3857845641773173e-10,OK
ES,BULLISH_1000,close_loc_stratum,CLOSE_LOW,3,0.5,163,0.09815950920245399,0.018404907975460124,0.07975460122699386,0.0,0.8834355828220859,0.10344827586206896,0.24,0.0273972602739726,0.794871794871795,0.7484662576687117,0.24539877300613497,0.8834355828220859,19,0.004425048828125,UNDERPOWERED
ES,BULLISH_1000,close_loc_stratum,CLOSE_LOW,3,1.0,163,0.018404907975460124,0.0,0.018404907975460124,0.0,0.9815950920245399,0.10344827586206896,0.24,0.0273972602739726,0.794871794871795,0.7484662576687117,0.24539877300613497,0.8834355828220859,3,0.25,UNDERPOWERED
ES,BULLISH_1000,close_loc_stratum,CLOSE_LOW,5,0.25,163,0.558282208588957,0.17177914110429449,0.38650306748466257,0.006134969325153374,0.26380368098159507,0.11904761904761904,0.2727272727272727,0.05825242718446602,0.6551724137931035,0.7300613496932515,0.25766871165644173,0.8834355828220859,119,5.801973989742983e-09,OK
ES,BULLISH_1000,close_loc_stratum,CLOSE_LOW,5,0.5,163,0.12883435582822086,0.03680981595092025,0.09202453987730061,0.0,0.8343558282208589,0.11904761904761904,0.2727272727272727,0.05825242718446602,0.6551724137931035,0.7300613496932515,0.25766871165644173,0.8834355828220859,27,0.005924612283706665,OK
ES,BULLISH_1000,close_loc_stratum,CLOSE_LOW,5,1.0,163,0.03067484662576687,0.0,0.03067484662576687,0.0,0.9693251533742331,0.11904761904761904,0.2727272727272727,0.05825242718446602,0.6551724137931035,0.7300613496932515,0.25766871165644173,0.8834355828220859,5,0.0625,UNDERPOWERED
ES,BULLISH_1000,close_loc_stratum,CLOSE_LOW,10,0.25,163,0.6380368098159509,0.2331288343558282,0.4049079754601227,0.006134969325153374,0.12269938650306748,0.06896551724137931,0.3300970873786408,0.11578947368421053,0.4285714285714286,0.6687116564417178,0.3067484662576687,0.8834355828220859,142,2.7833777337348257e-08,OK
ES,BULLISH_1000,close_loc_stratum,CLOSE_LOW,10,0.5,163,0.24539877300613497,0.08588957055214724,0.15950920245398773,0.0,0.6687116564417178,0.06896551724137931,0.3300970873786408,0.11578947368421053,0.4285714285714286,0.6687116564417178,0.3067484662576687,0.8834355828220859,54,0.0005354355028570622,OK
ES,BULLISH_1000,close_loc_stratum,CLOSE_LOW,10,1.0,163,0.03067484662576687,0.006134969325153374,0.024539877300613498,0.0,0.9631901840490797,0.06896551724137931,0.3300970873786408,0.11578947368421053,0.4285714285714286,0.6687116564417178,0.3067484662576687,0.8834355828220859,6,0.21875,UNDERPOWERED
ES,BULLISH_1000,close_loc_stratum,CLOSE_LOW,15,0.25,163,0.656441717791411,0.2822085889570552,0.37423312883435583,0.006134969325153374,0.05521472392638037,0.10526315789473684,0.36764705882352944,0.18888888888888888,0.3333333333333333,0.6196319018404908,0.3619631901840491,0.8834355828220859,153,8.931479599682931e-07,OK
ES,BULLISH_1000,close_loc_stratum,CLOSE_LOW,15,0.5,163,0.2822085889570552,0.1656441717791411,0.1165644171779141,0.0,0.5521472392638037,0.10526315789473684,0.36764705882352944,0.18888888888888888,0.3333333333333333,0.6196319018404908,0.3619631901840491,0.8834355828220859,73,0.034415913668175036,OK
ES,BULLISH_1000,close_loc_stratum,CLOSE_LOW,15,1.0,163,0.06134969325153374,0.006134969325153374,0.05521472392638037,0.0,0.9325153374233128,0.10526315789473684,0.36764705882352944,0.18888888888888888,0.3333333333333333,0.6196319018404908,0.3619631901840491,0.8834355828220859,11,0.01171875,UNDERPOWERED
ES,BULLISH_1000,close_loc_stratum,CLOSE_LOW,30,0.25,163,0.6809815950920245,0.3006134969325153,0.3803680981595092,0.006134969325153374,0.012269938650306749,0.18115942028985507,0.4647887323943662,0.2916666666666667,0.25,0.6257668711656442,0.37423312883435583,0.8834355828220859,160,1.05255808262707e-06,OK
ES,BULLISH_1000,close_loc_stratum,CLOSE_LOW,30,0.5,163,0.4601226993865031,0.22085889570552147,0.2392638036809816,0.0,0.31901840490797545,0.18115942028985507,0.4647887323943662,0.2916666666666667,0.25,0.6257668711656442,0.37423312883435583,0.8834355828220859,111,0.0002718177522028417,OK
ES,BULLISH_1000,close_loc_stratum,CLOSE_LOW,30,1.0,163,0.09815950920245399,0.04294478527607362,0.05521472392638037,0.0,0.8588957055214724,0.18115942028985507,0.4647887323943662,0.2916666666666667,0.25,0.6257668711656442,0.37423312883435583,0.8834355828220859,23,0.0931396484375,OK
ES,BULLISH_1000,close_loc_stratum,CLOSE_LOW,60,0.25,163,0.6871165644171779,0.3006134969325153,0.38650306748466257,0.006134969325153374,0.0,0.20431654676258992,0.6233108108108107,0.35339366515837106,0.24633162142333087,0.6111111111111112,0.37037037037037035,0.8834355828220859,161,7.517348023407591e-07,OK
ES,BULLISH_1000,close_loc_stratum,CLOSE_LOW,60,0.5,163,0.558282208588957,0.3006134969325153,0.25766871165644173,0.0,0.13496932515337423,0.20431654676258992,0.6233108108108107,0.35339366515837106,0.24633162142333087,0.6111111111111112,0.37037037037037035,0.8834355828220859,140,0.00048561896725776943,OK
ES,BULLISH_1000,close_loc_stratum,CLOSE_LOW,60,1.0,163,0.19631901840490798,0.13496932515337423,0.06134969325153374,0.0,0.6625766871165644,0.20431654676258992,0.6233108108108107,0.35339366515837106,0.24633162142333087,0.6111111111111112,0.37037037037037035,0.8834355828220859,54,0.22032849417661093,OK
ES,BULLISH_1000,close_loc_stratum,CLOSE_MIDDLE,1,0.25,258,0.35658914728682173,0.027131782945736434,0.32945736434108525,0.003875968992248062,0.6124031007751938,0.11627906976744186,0.2034412955465587,0.0,1.0,0.8565891472868217,0.11627906976744186,0.8992248062015504,99,5.0749031687767575e-20,OK
ES,BULLISH_1000,close_loc_stratum,CLOSE_MIDDLE,1,0.5,258,0.050387596899224806,0.003875968992248062,0.046511627906976744,0.0,0.9457364341085271,0.11627906976744186,0.2034412955465587,0.0,1.0,0.8565891472868217,0.11627906976744186,0.8992248062015504,14,0.0018310546875,UNDERPOWERED
ES,BULLISH_1000,close_loc_stratum,CLOSE_MIDDLE,1,1.0,258,0.007751937984496124,0.0,0.007751937984496124,0.0,0.9922480620155039,0.11627906976744186,0.2034412955465587,0.0,1.0,0.8565891472868217,0.11627906976744186,0.8992248062015504,2,0.5,UNDERPOWERED
ES,BULLISH_1000,close_loc_stratum,CLOSE_MIDDLE,3,0.25,258,0.4728682170542636,0.11627906976744186,0.35658914728682173,0.003875968992248062,0.4069767441860465,0.09838709677419355,0.24226475279106857,0.04511533242876527,0.7207792207792207,0.7364341085271318,0.2364341085271318,0.8992248062015504,152,2.3100537989353282e-14,OK
ES,BULLISH_1000,close_loc_stratum,CLOSE_MIDDLE,3,0.5,258,0.11627906976744186,0.015503875968992248,0.10077519379844961,0.0,0.8682170542635659,0.09838709677419355,0.24226475279106857,0.04511533242876527,0.7207792207792207,0.7364341085271318,0.2364341085271318,0.8992248062015504,34,6.16488978266716e-06,OK
ES,BULLISH_1000,close_loc_stratum,CLOSE_MIDDLE,3,1.0,258,0.011627906976744186,0.0,0.011627906976744186,0.0,0.9883720930232558,0.09838709677419355,0.24226475279106857,0.04511533242876527,0.7207792207792207,0.7364341085271318,0.2364341085271318,0.8992248062015504,3,0.25,UNDERPOWERED
ES,BULLISH_1000,close_loc_stratum,CLOSE_MIDDLE,5,0.25,258,0.5387596899224806,0.17054263565891473,0.3682170542635659,0.003875968992248062,0.2868217054263566,0.10551948051948051,0.2627264883520276,0.07894736842105263,0.5000000000000001,0.7054263565891473,0.2751937984496124,0.8992248062015504,183,1.1204830967101137e-12,OK
ES,BULLISH_1000,close_loc_stratum,CLOSE_MIDDLE,5,0.5,258,0.1511627906976744,0.046511627906976744,0.10465116279069768,0.0,0.8023255813953488,0.10551948051948051,0.2627264883520276,0.07894736842105263,0.5000000000000001,0.7054263565891473,0.2751937984496124,0.8992248062015504,51,0.0001980394513374506,OK
ES,BULLISH_1000,close_loc_stratum,CLOSE_MIDDLE,5,1.0,258,0.015503875968992248,0.003875968992248062,0.011627906976744186,0.0,0.9806201550387597,0.10551948051948051,0.2627264883520276,0.07894736842105263,0.5000000000000001,0.7054263565891473,0.2751937984496124,0.8992248062015504,5,0.375,UNDERPOWERED
ES,BULLISH_1000,close_loc_stratum,CLOSE_MIDDLE,10,0.25,258,0.6434108527131783,0.2441860465116279,0.3992248062015504,0.003875968992248062,0.10852713178294573,0.10737704918032787,0.3298936170212766,0.16703131409818134,0.35567567567567565,0.6627906976744186,0.313953488372093,0.8992248062015504,229,6.981473285582512e-12,OK
ES,BULLISH_1000,close_loc_stratum,CLOSE_MIDDLE,10,0.5,258,0.24806201550387597,0.1124031007751938,0.13565891472868216,0.0,0.6395348837209303,0.10737704918032787,0.3298936170212766,0.16703131409818134,0.35567567567567565,0.6627906976744186,0.313953488372093,0.8992248062015504,93,0.00036579567696276875,OK
ES,BULLISH_1000,close_loc_stratum,CLOSE_MIDDLE,10,1.0,258,0.03875968992248062,0.003875968992248062,0.03488372093023256,0.0,0.9573643410852714,0.10737704918032787,0.3298936170212766,0.16703131409818134,0.35567567567567565,0.6627906976744186,0.313953488372093,0.8992248062015504,11,0.01171875,UNDERPOWERED
ES,BULLISH_1000,close_loc_stratum,CLOSE_MIDDLE,15,0.25,258,0.6744186046511628,0.2751937984496124,0.3992248062015504,0.003875968992248062,0.04263565891472868,0.11235955056179775,0.36363636363636365,0.2037037037037037,0.30000000000000004,0.6342412451361867,0.3540856031128405,0.8992248062015504,245,3.7214049829321244e-11,OK
ES,BULLISH_1000,close_loc_stratum,CLOSE_MIDDLE,15,0.5,258,0.3062015503875969,0.1937984496124031,0.1124031007751938,0.0,0.49612403100775193,0.11235955056179775,0.36363636363636365,0.2037037037037037,0.30000000000000004,0.6342412451361867,0.3540856031128405,0.8992248062015504,129,0.013380437039567974,OK
ES,BULLISH_1000,close_loc_stratum,CLOSE_MIDDLE,15,1.0,258,0.06589147286821706,0.01937984496124031,0.046511627906976744,0.0,0.9108527131782945,0.11235955056179775,0.36363636363636365,0.2037037037037037,0.30000000000000004,0.6342412451361867,0.3540856031128405,0.8992248062015504,22,0.01690053939819336,OK
ES,BULLISH_1000,close_loc_stratum,CLOSE_MIDDLE,30,0.25,258,0.6976744186046512,0.28294573643410853,0.41472868217054265,0.003875968992248062,0.011627906976744186,0.18181818181818182,0.4827586206896552,0.2631578947368421,0.28571428571428575,0.6108949416342413,0.3735408560311284,0.8992248062015504,253,1.3230727973003414e-11,OK
ES,BULLISH_1000,close_loc_stratum,CLOSE_MIDDLE,30,0.5,258,0.46124031007751937,0.29457364341085274,0.16666666666666666,0.0,0.24031007751937986,0.18181818181818182,0.4827586206896552,0.2631578947368421,0.28571428571428575,0.6108949416342413,0.3735408560311284,0.8992248062015504,195,0.002542823725696823,OK
ES,BULLISH_1000,close_loc_stratum,CLOSE_MIDDLE,30,1.0,258,0.14728682170542637,0.08914728682170543,0.05813953488372093,0.0,0.7596899224806202,0.18181818181818182,0.4827586206896552,0.2631578947368421,0.28571428571428575,0.6108949416342413,0.3735408560311284,0.8992248062015504,61,0.07217743850092258,OK
ES,BULLISH_1000,close_loc_stratum,CLOSE_MIDDLE,60,0.25,258,0.7054263565891473,0.2868217054263566,0.4186046511627907,0.003875968992248062,0.0,0.15789473684210525,0.636986301369863,0.37777777777777777,0.2857142857142857,0.5875486381322957,0.4046692607003891,0.8992248062015504,256,1.1269613933588162e-11,OK
ES,BULLISH_1000,close_loc_stratum,CLOSE_MIDDLE,60,0.5,258,0.5503875968992248,0.35658914728682173,0.1937984496124031,0.0,0.08914728682170543,0.15789473684210525,0.636986301369863,0.37777777777777777,0.2857142857142857,0.5875486381322957,0.4046692607003891,0.8992248062015504,234,0.001309163970442513,OK
ES,BULLISH_1000,close_loc_stratum,CLOSE_MIDDLE,60,1.0,258,0.2364341085271318,0.2054263565891473,0.031007751937984496,0.0,0.5542635658914729,0.15789473684210525,0.636986301369863,0.37777777777777777,0.2857142857142857,0.5875486381322957,0.4046692607003891,0.8992248062015504,114,0.5122548722298447,OK
ES,BULLISH_1000,dominance_stratum,BALANCED,1,0.25,173,0.3988439306358382,0.017341040462427744,0.3815028901734104,0.0,0.5838150289017341,0.13333333333333333,0.21568627450980393,0.0,1.0,0.9190751445086706,0.07514450867052024,0.9017341040462428,72,2.6371947296289014e-17,OK
ES,BULLISH_1000,dominance_stratum,BALANCED,1,0.5,173,0.08092485549132948,0.0,0.08092485549132948,0.0,0.9190751445086706,0.13333333333333333,0.21568627450980393,0.0,1.0,0.9190751445086706,0.07514450867052024,0.9017341040462428,14,0.0001220703125,UNDERPOWERED
ES,BULLISH_1000,dominance_stratum,BALANCED,1,1.0,173,0.005780346820809248,0.0,0.005780346820809248,0.0,0.9942196531791907,0.13333333333333333,0.21568627450980393,0.0,1.0,0.9190751445086706,0.07514450867052024,0.9017341040462428,1,1.0,UNDERPOWERED
ES,BULLISH_1000,dominance_stratum,BALANCED,3,0.25,173,0.5491329479768786,0.07514450867052024,0.47398843930635837,0.0,0.37572254335260113,0.11538461538461539,0.2564102564102564,0.024390243902439025,0.8461538461538461,0.8439306358381503,0.15028901734104047,0.9017341040462428,108,1.4649140049273037e-16,OK
ES,BULLISH_1000,dominance_stratum,BALANCED,3,0.5,173,0.1329479768786127,0.017341040462427744,0.11560693641618497,0.0,0.8497109826589595,0.11538461538461539,0.2564102564102564,0.024390243902439025,0.8461538461538461,0.8439306358381503,0.15028901734104047,0.9017341040462428,26,8.797645568847656e-05,OK
ES,BULLISH_1000,dominance_stratum,BALANCED,3,1.0,173,0.011560693641618497,0.0,0.011560693641618497,0.0,0.9884393063583815,0.11538461538461539,0.2564102564102564,0.024390243902439025,0.8461538461538461,0.8439306358381503,0.15028901734104047,0.9017341040462428,2,0.5,UNDERPOWERED
ES,BULLISH_1000,dominance_stratum,BALANCED,5,0.25,173,0.653179190751445,0.12716763005780346,0.5260115606936416,0.0,0.21965317919075145,0.11904761904761904,0.2828282828282828,0.06060606060606061,0.6296296296296295,0.7514450867052023,0.23699421965317918,0.9017341040462428,135,6.08603424961975e-16,OK
ES,BULLISH_1000,dominance_stratum,BALANCED,5,0.5,173,0.20809248554913296,0.05202312138728324,0.15606936416184972,0.0,0.7398843930635838,0.11904761904761904,0.2828282828282828,0.06060606060606061,0.6296296296296295,0.7514450867052023,0.23699421965317918,0.9017341040462428,45,6.57466324582856e-05,OK
ES,BULLISH_1000,dominance_stratum,BALANCED,5,1.0,173,0.023121387283236993,0.0,0.023121387283236993,0.0,0.976878612716763,0.11904761904761904,0.2828282828282828,0.06060606060606061,0.6296296296296295,0.7514450867052023,0.23699421965317918,0.9017341040462428,4,0.125,UNDERPOWERED
ES,BULLISH_1000,dominance_stratum,BALANCED,10,0.25,173,0.7052023121387283,0.1907514450867052,0.5144508670520231,0.0,0.10404624277456648,0.11627906976744186,0.358974358974359,0.13953488372093023,0.4444444444444444,0.6820809248554913,0.28901734104046245,0.9017341040462428,155,3.32618272082601e-13,OK
ES,BULLISH_1000,dominance_stratum,BALANCED,10,0.5,173,0.3179190751445087,0.12138728323699421,0.19653179190751446,0.0,0.5606936416184971,0.11627906976744186,0.358974358974359,0.13953488372093023,0.4444444444444444,0.6820809248554913,0.28901734104046245,0.9017341040462428,76,0.0001206291159979032,OK
ES,BULLISH_1000,dominance_stratum,BALANCED,10,1.0,173,0.03468208092485549,0.005780346820809248,0.028901734104046242,0.0,0.9595375722543352,0.11627906976744186,0.358974358974359,0.13953488372093023,0.4444444444444444,0.6820809248554913,0.28901734104046245,0.9017341040462428,7,0.125,UNDERPOWERED
ES,BULLISH_1000,dominance_stratum,BALANCED,15,0.25,173,0.7398843930635838,0.21965317919075145,0.5202312138728323,0.0,0.04046242774566474,0.13043478260869565,0.39285714285714285,0.17647058823529413,0.3333333333333333,0.6705202312138728,0.31213872832369943,0.9017341040462428,166,1.3455349453696383e-12,OK
ES,BULLISH_1000,dominance_stratum,BALANCED,15,0.5,173,0.3583815028901734,0.18497109826589594,0.17341040462427745,0.0,0.45664739884393063,0.13043478260869565,0.39285714285714285,0.17647058823529413,0.3333333333333333,0.6705202312138728,0.31213872832369943,0.9017341040462428,94,0.002587308956921308,OK
ES,BULLISH_1000,dominance_stratum,BALANCED,15,1.0,173,0.06936416184971098,0.017341040462427744,0.05202312138728324,0.0,0.9132947976878613,0.13043478260869565,0.39285714285714285,0.17647058823529413,0.3333333333333333,0.6705202312138728,0.31213872832369943,0.9017341040462428,15,0.03515625,UNDERPOWERED
ES,BULLISH_1000,dominance_stratum,BALANCED,30,0.25,173,0.7630057803468208,0.2254335260115607,0.5375722543352601,0.0,0.011560693641618497,0.1875,0.5172413793103449,0.26666666666666666,0.25925925925925924,0.6416184971098265,0.3352601156069364,0.9017341040462428,171,5.115953576649163e-13,OK
ES,BULLISH_1000,dominance_stratum,BALANCED,30,0.5,173,0.5086705202312138,0.2543352601156069,0.2543352601156069,0.0,0.23699421965317918,0.1875,0.5172413793103449,0.26666666666666666,0.25925925925925924,0.6416184971098265,0.3352601156069364,0.9017341040462428,132,0.0001602353488235466,OK
ES,BULLISH_1000,dominance_stratum,BALANCED,30,1.0,173,0.15606936416184972,0.08092485549132948,0.07514450867052024,0.0,0.7630057803468208,0.1875,0.5172413793103449,0.26666666666666666,0.25925925925925924,0.6416184971098265,0.3352601156069364,0.9017341040462428,41,0.05958388801809633,OK
ES,BULLISH_1000,dominance_stratum,BALANCED,60,0.25,173,0.7687861271676301,0.23121387283236994,0.5375722543352601,0.0,0.0,0.16129032258064516,0.6666666666666666,0.3953488372093023,0.24242424242424246,0.6069364161849711,0.3699421965317919,0.9017341040462428,173,7.206323880944913e-13,OK
ES,BULLISH_1000,dominance_stratum,BALANCED,60,0.5,173,0.5838150289017341,0.3179190751445087,0.2658959537572254,0.0,0.09826589595375723,0.16129032258064516,0.6666666666666666,0.3953488372093023,0.24242424242424246,0.6069364161849711,0.3699421965317919,0.9017341040462428,156,0.00028710851697853605,OK
ES,BULLISH_1000,dominance_stratum,BALANCED,60,1.0,173,0.21965317919075145,0.2023121387283237,0.017341040462427744,0.0,0.5780346820809249,0.16129032258064516,0.6666666666666666,0.3953488372093023,0.24242424242424246,0.6069364161849711,0.3699421965317919,0.9017341040462428,73,0.8151212352249976,OK
ES,BULLISH_1000,dominance_stratum,DOWN_DOMINANT,1,0.25,226,0.3185840707964602,0.02654867256637168,0.2920353982300885,0.004424778761061947,0.6504424778761062,0.09958677685950414,0.18257575757575756,0.0,1.0,0.8053097345132744,0.16371681415929204,0.8805309734513275,78,1.8493658649069896e-15,OK
ES,BULLISH_1000,dominance_stratum,DOWN_DOMINANT,1,0.5,226,0.048672566371681415,0.0,0.048672566371681415,0.0,0.9513274336283186,0.09958677685950414,0.18257575757575756,0.0,1.0,0.8053097345132744,0.16371681415929204,0.8805309734513275,11,0.0009765625,UNDERPOWERED
ES,BULLISH_1000,dominance_stratum,DOWN_DOMINANT,1,1.0,226,0.008849557522123894,0.0,0.008849557522123894,0.0,0.9911504424778761,0.09958677685950414,0.18257575757575756,0.0,1.0,0.8053097345132744,0.16371681415929204,0.8805309734513275,2,0.5,UNDERPOWERED
ES,BULLISH_1000,dominance_stratum,DOWN_DOMINANT,3,0.25,226,0.4247787610619469,0.11946902654867257,0.3053097345132743,0.004424778761061947,0.45132743362831856,0.10228593568384348,0.22635467980295565,0.031754032258064516,0.7499999999999999,0.7168141592920354,0.2610619469026549,0.8805309734513275,123,2.912355660156406e-10,OK
ES,BULLISH_1000,dominance_stratum,DOWN_DOMINANT,3,0.5,226,0.09734513274336283,0.01327433628318584,0.084070796460177,0.0,0.8893805309734514,0.10228593568384348,0.22635467980295565,0.031754032258064516,0.7499999999999999,0.7168141592920354,0.2610619469026549,0.8805309734513275,25,0.00015652179718017578,OK
ES,BULLISH_1000,dominance_stratum,DOWN_DOMINANT,3,1.0,226,0.017699115044247787,0.0,0.017699115044247787,0.0,0.9823008849557522,0.10228593568384348,0.22635467980295565,0.031754032258064516,0.7499999999999999,0.7168141592920354,0.2610619469026549,0.8805309734513275,4,0.125,UNDERPOWERED
ES,BULLISH_1000,dominance_stratum,DOWN_DOMINANT,5,0.25,226,0.4823008849557522,0.17699115044247787,0.3053097345132743,0.004424778761061947,0.336283185840708,0.10762548262548263,0.24632744304875454,0.0693664795509222,0.543560606060606,0.7123893805309734,0.26991150442477874,0.8805309734513275,149,1.409350261849022e-08,OK
ES,BULLISH_1000,dominance_stratum,DOWN_DOMINANT,5,0.5,226,0.12389380530973451,0.035398230088495575,0.08849557522123894,0.0,0.8407079646017699,0.10762548262548263,0.24632744304875454,0.0693664795509222,0.543560606060606,0.7123893805309734,0.26991150442477874,0.8805309734513275,36,0.0011932429624721408,OK
ES,BULLISH_1000,dominance_stratum,DOWN_DOMINANT,5,1.0,226,0.017699115044247787,0.0,0.017699115044247787,0.0,0.9823008849557522,0.10762548262548263,0.24632744304875454,0.0693664795509222,0.543560606060606,0.7123893805309734,0.26991150442477874,0.8805309734513275,4,0.125,UNDERPOWERED
ES,BULLISH_1000,dominance_stratum,DOWN_DOMINANT,10,0.25,226,0.584070796460177,0.26991150442477874,0.3141592920353982,0.004424778761061947,0.1415929203539823,0.05982142857142857,0.3059246954595792,0.13354700854700854,0.3466666666666667,0.6504424778761062,0.33185840707964603,0.8805309734513275,193,3.497073762524471e-07,OK
ES,BULLISH_1000,dominance_stratum,DOWN_DOMINANT,10,0.5,226,0.19911504424778761,0.09734513274336283,0.10176991150442478,0.0,0.7035398230088495,0.05982142857142857,0.3059246954595792,0.13354700854700854,0.3466666666666667,0.6504424778761062,0.33185840707964603,0.8805309734513275,67,0.006741447363103123,OK
ES,BULLISH_1000,dominance_stratum,DOWN_DOMINANT,10,1.0,226,0.035398230088495575,0.0,0.035398230088495575,0.0,0.9646017699115044,0.05982142857142857,0.3059246954595792,0.13354700854700854,0.3466666666666667,0.6504424778761062,0.33185840707964603,0.8805309734513275,8,0.0078125,UNDERPOWERED
ES,BULLISH_1000,dominance_stratum,DOWN_DOMINANT,15,0.25,226,0.6017699115044248,0.33185840707964603,0.26991150442477874,0.004424778761061947,0.061946902654867256,0.09259259259259259,0.33602150537634407,0.1956622414325409,0.265993265993266,0.6017699115044248,0.38495575221238937,0.8805309734513275,211,3.216505634538129e-05,OK
ES,BULLISH_1000,dominance_stratum,DOWN_DOMINANT,15,0.5,226,0.2610619469026549,0.17699115044247787,0.084070796460177,0.0,0.5619469026548672,0.09259259259259259,0.33602150537634407,0.1956622414325409,0.265993265993266,0.6017699115044248,0.38495575221238937,0.8805309734513275,99,0.06990057369494646,OK
ES,BULLISH_1000,dominance_stratum,DOWN_DOMINANT,15,1.0,226,0.061946902654867256,0.008849557522123894,0.05309734513274336,0.0,0.9292035398230089,0.09259259259259259,0.33602150537634407,0.1956622414325409,0.265993265993266,0.6017699115044248,0.38495575221238937,0.8805309734513275,16,0.004180908203125,UNDERPOWERED
ES,BULLISH_1000,dominance_stratum,DOWN_DOMINANT,30,0.25,226,0.6283185840707964,0.35398230088495575,0.2743362831858407,0.004424778761061947,0.01327433628318584,0.16169934640522876,0.4411538461538461,0.2829075387609064,0.249390243902439,0.5929203539823009,0.39823008849557523,0.8805309734513275,222,3.805855136168667e-05,OK
ES,BULLISH_1000,dominance_stratum,DOWN_DOMINANT,30,0.5,226,0.4247787610619469,0.2831858407079646,0.1415929203539823,0.0,0.2920353982300885,0.16169934640522876,0.4411538461538461,0.2829075387609064,0.249390243902439,0.5929203539823009,0.39823008849557523,0.8805309734513275,160,0.01400101615962956,OK
ES,BULLISH_1000,dominance_stratum,DOWN_DOMINANT,30,1.0,226,0.10619469026548672,0.05309734513274336,0.05309734513274336,0.0,0.8407079646017699,0.16169934640522876,0.4411538461538461,0.2829075387609064,0.249390243902439,0.5929203539823009,0.39823008849557523,0.8805309734513275,36,0.06524533522315325,OK
ES,BULLISH_1000,dominance_stratum,DOWN_DOMINANT,60,0.25,226,0.6327433628318584,0.36283185840707965,0.26991150442477874,0.004424778761061947,0.0,0.16333333333333333,0.5868076688983567,0.3811965811965812,0.2334596327601282,0.5752212389380531,0.42035398230088494,0.8805309734513275,225,5.750697351966444e-05,OK
ES,BULLISH_1000,dominance_stratum,DOWN_DOMINANT,60,0.5,226,0.5132743362831859,0.35398230088495575,0.1592920353982301,0.0,0.13274336283185842,0.16333333333333333,0.5868076688983567,0.3811965811965812,0.2334596327601282,0.5752212389380531,0.42035398230088494,0.8805309734513275,196,0.012222947566698823,OK
ES,BULLISH_1000,dominance_stratum,DOWN_DOMINANT,60,1.0,226,0.19469026548672566,0.1504424778761062,0.04424778761061947,0.0,0.6548672566371682,0.16333333333333333,0.5868076688983567,0.3811965811965812,0.2334596327601282,0.5752212389380531,0.42035398230088494,0.8805309734513275,78,0.3081682319436807,OK
ES,BULLISH_1000,dominance_stratum,UP_DOMINANT,1,0.25,210,0.26666666666666666,0.023809523809523808,0.24285714285714285,0.004761904761904762,0.7047619047619048,0.1,0.17928571428571427,0.0,1.0,0.8714285714285714,0.11428571428571428,0.8714285714285714,61,5.645556938604912e-12,OK
ES,BULLISH_1000,dominance_stratum,UP_DOMINANT,1,0.5,210,0.02857142857142857,0.009523809523809525,0.01904761904761905,0.0,0.9619047619047619,0.1,0.17928571428571427,0.0,1.0,0.8714285714285714,0.11428571428571428,0.8714285714285714,8,0.2890625,UNDERPOWERED
ES,BULLISH_1000,dominance_stratum,UP_DOMINANT,1,1.0,210,0.009523809523809525,0.0,0.009523809523809525,0.0,0.9904761904761905,0.1,0.17928571428571427,0.0,1.0,0.8714285714285714,0.11428571428571428,0.8714285714285714,2,0.5,UNDERPOWERED
ES,BULLISH_1000,dominance_stratum,UP_DOMINANT,3,0.25,210,0.4380952380952381,0.0761904761904762,0.3619047619047619,0.004761904761904762,0.48095238095238096,0.09346588663135426,0.2254032258064516,0.021764775274271557,0.8446455505279035,0.7619047619047619,0.21428571428571427,0.8714285714285714,108,3.777381890593871e-14,OK
ES,BULLISH_1000,dominance_stratum,UP_DOMINANT,3,0.5,210,0.07142857142857142,0.014285714285714285,0.05714285714285714,0.0,0.9142857142857143,0.09346588663135426,0.2254032258064516,0.021764775274271557,0.8446455505279035,0.7619047619047619,0.21428571428571427,0.8714285714285714,18,0.007537841796875,UNDERPOWERED
ES,BULLISH_1000,dominance_stratum,UP_DOMINANT,3,1.0,210,0.01904761904761905,0.004761904761904762,0.014285714285714285,0.0,0.9761904761904762,0.09346588663135426,0.2254032258064516,0.021764775274271557,0.8446455505279035,0.7619047619047619,0.21428571428571427,0.8714285714285714,5,0.375,UNDERPOWERED
ES,BULLISH_1000,dominance_stratum,UP_DOMINANT,5,0.25,210,0.5095238095238095,0.14285714285714285,0.36666666666666664,0.004761904761904762,0.34285714285714286,0.10791925465838509,0.25219298245614036,0.03553459119496855,0.7416666666666667,0.7285714285714285,0.24761904761904763,0.8714285714285714,137,2.434599941375845e-11,OK
ES,BULLISH_1000,dominance_stratum,UP_DOMINANT,5,0.5,210,0.08571428571428572,0.023809523809523808,0.06190476190476191,0.0,0.8904761904761904,0.10791925465838509,0.25219298245614036,0.03553459119496855,0.7416666666666667,0.7285714285714285,0.24761904761904763,0.8714285714285714,23,0.010622024536132812,OK
ES,BULLISH_1000,dominance_stratum,UP_DOMINANT,5,1.0,210,0.023809523809523808,0.009523809523809525,0.014285714285714285,0.0,0.9666666666666667,0.10791925465838509,0.25219298245614036,0.03553459119496855,0.7416666666666667,0.7285714285714285,0.24761904761904763,0.8714285714285714,7,0.453125,UNDERPOWERED
ES,BULLISH_1000,dominance_stratum,UP_DOMINANT,10,0.25,210,0.6,0.1761904761904762,0.4238095238095238,0.004761904761904762,0.21904761904761905,0.10960960960960961,0.3028021349599695,0.09718406593406594,0.5447058823529412,0.719047619047619,0.2619047619047619,0.8714285714285714,163,1.4735913521729927e-12,OK
ES,BULLISH_1000,dominance_stratum,UP_DOMINANT,10,0.5,210,0.20476190476190476,0.05714285714285714,0.14761904761904762,0.0,0.7380952380952381,0.10960960960960961,0.3028021349599695,0.09718406593406594,0.5447058823529412,0.719047619047619,0.2619047619047619,0.8714285714285714,55,3.3053764732060564e-05,OK
ES,BULLISH_1000,dominance_stratum,UP_DOMINANT,10,1.0,210,0.02857142857142857,0.014285714285714285,0.014285714285714285,0.0,0.9571428571428572,0.10960960960960961,0.3028021349599695,0.09718406593406594,0.5447058823529412,0.719047619047619,0.2619047619047619,0.8714285714285714,9,0.5078125,UNDERPOWERED
ES,BULLISH_1000,dominance_stratum,UP_DOMINANT,15,0.25,210,0.6428571428571429,0.20952380952380953,0.43333333333333335,0.004761904761904762,0.1380952380952381,0.11403508771929824,0.34285714285714286,0.16037735849056603,0.4,0.6794258373205742,0.3014354066985646,0.8714285714285714,179,5.982173737770528e-12,OK
ES,BULLISH_1000,dominance_stratum,UP_DOMINANT,15,0.5,210,0.23333333333333334,0.12857142857142856,0.10476190476190476,0.004761904761904762,0.6285714285714286,0.11403508771929824,0.34285714285714286,0.16037735849056603,0.4,0.6794258373205742,0.3014354066985646,0.8714285714285714,76,0.01544026202090637,OK
ES,BULLISH_1000,dominance_stratum,UP_DOMINANT,15,1.0,210,0.04285714285714286,0.01904761904761905,0.023809523809523808,0.0,0.9333333333333333,0.11403508771929824,0.34285714285714286,0.16037735849056603,0.4,0.6794258373205742,0.3014354066985646,0.8714285714285714,13,0.266845703125,UNDERPOWERED
ES,BULLISH_1000,dominance_stratum,UP_DOMINANT,30,0.25,210,0.719047619047619,0.24285714285714285,0.47619047619047616,0.004761904761904762,0.02857142857142857,0.1875,0.4375,0.2222222222222222,0.3333333333333333,0.6555023923444976,0.3349282296650718,0.8714285714285714,202,1.1134318859529773e-12,OK
ES,BULLISH_1000,dominance_stratum,UP_DOMINANT,30,0.5,210,0.37142857142857144,0.2,0.17142857142857143,0.004761904761904762,0.41904761904761906,0.1875,0.4375,0.2222222222222222,0.3333333333333333,0.6555023923444976,0.3349282296650718,0.8714285714285714,120,0.0012993330972502712,OK
ES,BULLISH_1000,dominance_stratum,UP_DOMINANT,30,1.0,210,0.10952380952380952,0.06666666666666667,0.04285714285714286,0.0,0.819047619047619,0.1875,0.4375,0.2222222222222222,0.3333333333333333,0.6555023923444976,0.3349282296650718,0.8714285714285714,37,0.18774155899882317,OK
ES,BULLISH_1000,dominance_stratum,UP_DOMINANT,60,0.25,210,0.7380952380952381,0.23809523809523808,0.5,0.004761904761904762,0.009523809523809525,0.25462962962962965,0.6129032258064516,0.29276434500180437,0.3571532580997452,0.6682692307692307,0.3269230769230769,0.8714285714285714,205,1.0623155763595258e-13,OK
ES,BULLISH_1000,dominance_stratum,UP_DOMINANT,60,0.5,210,0.5095238095238095,0.29523809523809524,0.21428571428571427,0.004761904761904762,0.18095238095238095,0.25462962962962965,0.6129032258064516,0.29276434500180437,0.3571532580997452,0.6682692307692307,0.3269230769230769,0.8714285714285714,169,0.0006677136382200452,OK
ES,BULLISH_1000,dominance_stratum,UP_DOMINANT,60,1.0,210,0.22857142857142856,0.12857142857142856,0.1,0.0,0.6333333333333333,0.25462962962962965,0.6129032258064516,0.29276434500180437,0.3571532580997452,0.6682692307692307,0.3269230769230769,0.8714285714285714,75,0.02029840699010744,OK
NQ,BEARISH_1000,pre10_stratum,PRE10_DOWN,1,0.25,296,0.3614864864864865,0.010135135135135136,0.35135135135135137,0.0033783783783783786,0.625,0.12402597402597403,0.2040613656598863,0.0,1.0,0.8885135135135135,0.10810810810810811,0.8378378378378378,110,3.4193114307046536e-28,OK
NQ,BEARISH_1000,pre10_stratum,PRE10_DOWN,1,0.5,296,0.030405405405405407,0.0,0.030405405405405407,0.0,0.9695945945945946,0.12402597402597403,0.2040613656598863,0.0,1.0,0.8885135135135135,0.10810810810810811,0.8378378378378378,9,0.00390625,UNDERPOWERED
NQ,BEARISH_1000,pre10_stratum,PRE10_DOWN,1,1.0,296,0.0033783783783783786,0.0,0.0033783783783783786,0.0,0.9966216216216216,0.12402597402597403,0.2040613656598863,0.0,1.0,0.8885135135135135,0.10810810810810811,0.8378378378378378,1,1.0,UNDERPOWERED
NQ,BEARISH_1000,pre10_stratum,PRE10_DOWN,3,0.25,296,0.5101351351351351,0.037162162162162164,0.47297297297297297,0.0033783783783783786,0.44932432432432434,0.12817539860341415,0.2523371248299615,0.0,1.0,0.8378378378378378,0.16216216216216217,0.8378378378378378,162,1.316177885315771e-32,OK
NQ,BEARISH_1000,pre10_stratum,PRE10_DOWN,3,0.5,296,0.08783783783783784,0.006756756756756757,0.08108108108108109,0.0,0.9054054054054054,0.12817539860341415,0.2523371248299615,0.0,1.0,0.8378378378378378,0.16216216216216217,0.8378378378378378,28,3.032386302947998e-06,OK
NQ,BEARISH_1000,pre10_stratum,PRE10_DOWN,3,1.0,296,0.0033783783783783786,0.0,0.0033783783783783786,0.0,0.9966216216216216,0.12817539860341415,0.2523371248299615,0.0,1.0,0.8378378378378378,0.16216216216216217,0.8378378378378378,1,1.0,UNDERPOWERED
NQ,BEARISH_1000,pre10_stratum,PRE10_DOWN,5,0.25,296,0.581081081081081,0.09121621621621621,0.48986486486486486,0.0033783783783783786,0.32432432432432434,0.11678321678321679,0.2857142857142857,0.029798876072167996,0.8070719602977667,0.7972972972972973,0.20270270270270271,0.8378378378378378,199,4.9969404659019415e-27,OK
NQ,BEARISH_1000,pre10_stratum,PRE10_DOWN,5,0.5,296,0.20270270270270271,0.006756756756756757,0.19594594594594594,0.0,0.7905405405405406,0.11678321678321679,0.2857142857142857,0.029798876072167996,0.8070719602977667,0.7972972972972973,0.20270270270270271,0.8378378378378378,62,8.474124180146703e-16,OK
NQ,BEARISH_1000,pre10_stratum,PRE10_DOWN,5,1.0,296,0.006756756756756757,0.0,0.006756756756756757,0.0,0.9932432432432432,0.11678321678321679,0.2857142857142857,0.029798876072167996,0.8070719602977667,0.7972972972972973,0.20270270270270271,0.8378378378378378,2,0.5,UNDERPOWERED
NQ,BEARISH_1000,pre10_stratum,PRE10_DOWN,10,0.25,296,0.6722972972972973,0.15878378378378377,0.5135135135135135,0.0033783783783783786,0.16554054054054054,0.09553455019556714,0.335881576777173,0.09338662790697674,0.5780022446689114,0.75,0.24662162162162163,0.8378378378378378,246,1.9174153193454082e-23,OK
NQ,BEARISH_1000,pre10_stratum,PRE10_DOWN,10,0.5,296,0.31756756756756754,0.0472972972972973,0.2702702702702703,0.0,0.6351351351351351,0.09553455019556714,0.335881576777173,0.09338662790697674,0.5780022446689114,0.75,0.24662162162162163,0.8378378378378378,108,1.0076928692422093e-15,OK
NQ,BEARISH_1000,pre10_stratum,PRE10_DOWN,10,1.0,296,0.013513513513513514,0.0,0.013513513513513514,0.0,0.9864864864864865,0.09553455019556714,0.335881576777173,0.09338662790697674,0.5780022446689114,0.75,0.24662162162162163,0.8378378378378378,4,0.125,UNDERPOWERED
NQ,BEARISH_1000,pre10_stratum,PRE10_DOWN,15,0.25,296,0.7195945945945946,0.19594594594594594,0.5236486486486487,0.0033783783783783786,0.08108108108108109,0.1345318532818533,0.3842445353122318,0.14314574314574313,0.46777819408017984,0.7094594594594594,0.28716216216216217,0.8378378378378378,271,5.492170892453974e-22,OK
NQ,BEARISH_1000,pre10_stratum,PRE10_DOWN,15,0.5,296,0.3918918918918919,0.125,0.2668918918918919,0.0,0.4831081081081081,0.1345318532818533,0.3842445353122318,0.14314574314574313,0.46777819408017984,0.7094594594594594,0.28716216216216217,0.8378378378378378,153,1.0927128909927039e-10,OK
NQ,BEARISH_1000,pre10_stratum,PRE10_DOWN,15,1.0,296,0.04391891891891892,0.010135135135135136,0.033783783783783786,0.0,0.9459459459459459,0.1345318532818533,0.3842445353122318,0.14314574314574313,0.46777819408017984,0.7094594594594594,0.28716216216216217,0.8378378378378378,16,0.021270751953125,UNDERPOWERED
NQ,BEARISH_1000,pre10_stratum,PRE10_DOWN,30,0.25,296,0.7432432432432432,0.22635135135135134,0.5168918918918919,0.0033783783783783786,0.02702702702702703,0.11226664944125056,0.5056320753386999,0.22505484861781483,0.4078372105575646,0.6486486486486487,0.35135135135135137,0.8378378378378378,287,3.450426330399671e-20,OK
NQ,BEARISH_1000,pre10_stratum,PRE10_DOWN,30,0.5,296,0.4966216216216216,0.19594594594594594,0.30067567567567566,0.0,0.30743243243243246,0.11226664944125056,0.5056320753386999,0.22505484861781483,0.4078372105575646,0.6486486486486487,0.35135135135135137,0.8378378378378378,205,4.242660826742515e-10,OK
NQ,BEARISH_1000,pre10_stratum,PRE10_DOWN,30,1.0,296,0.12837837837837837,0.030405405405405407,0.09797297297297297,0.0,0.8412162162162162,0.11226664944125056,0.5056320753386999,0.22505484861781483,0.4078372105575646,0.6486486486486487,0.35135135135135137,0.8378378378378378,47,2.4904030624384174e-05,OK
NQ,BEARISH_1000,pre10_stratum,PRE10_DOWN,60,0.25,296,0.7567567567567568,0.23986486486486486,0.5168918918918919,0.0033783783783783786,0.0,0.08728460255697609,0.6144188362498222,0.31240274694495734,0.31649675625579243,0.6317567567567568,0.36824324324324326,0.8378378378378378,295,1.2511376218082995e-19,OK
NQ,BEARISH_1000,pre10_stratum,PRE10_DOWN,60,0.5,296,0.5777027027027027,0.27364864864864863,0.30405405405405406,0.0,0.14864864864864866,0.08728460255697609,0.6144188362498222,0.31240274694495734,0.31649675625579243,0.6317567567567568,0.36824324324324326,0.8378378378378378,252,1.465015126198292e-08,OK
NQ,BEARISH_1000,pre10_stratum,PRE10_DOWN,60,1.0,296,0.22635135135135134,0.11486486486486487,0.11148648648648649,0.0,0.6587837837837838,0.08728460255697609,0.6144188362498222,0.31240274694495734,0.31649675625579243,0.6317567567567568,0.36824324324324326,0.8378378378378378,101,0.001331825114199613,OK
NQ,BEARISH_1000,pre10_stratum,PRE10_FLAT,1,0.25,1,0.0,0.0,0.0,0.0,1.0,0.018779342723004695,0.12441314553990611,0.0,1.0,1.0,0.0,1.0,0,,UNDERPOWERED
NQ,BEARISH_1000,pre10_stratum,PRE10_FLAT,1,0.5,1,0.0,0.0,0.0,0.0,1.0,0.018779342723004695,0.12441314553990611,0.0,1.0,1.0,0.0,1.0,0,,UNDERPOWERED
NQ,BEARISH_1000,pre10_stratum,PRE10_FLAT,1,1.0,1,0.0,0.0,0.0,0.0,1.0,0.018779342723004695,0.12441314553990611,0.0,1.0,1.0,0.0,1.0,0,,UNDERPOWERED
NQ,BEARISH_1000,pre10_stratum,PRE10_FLAT,3,0.25,1,0.0,0.0,0.0,0.0,1.0,0.18309859154929578,0.22300469483568075,0.0,1.0,1.0,0.0,1.0,0,,UNDERPOWERED
NQ,BEARISH_1000,pre10_stratum,PRE10_FLAT,3,0.5,1,0.0,0.0,0.0,0.0,1.0,0.18309859154929578,0.22300469483568075,0.0,1.0,1.0,0.0,1.0,0,,UNDERPOWERED
NQ,BEARISH_1000,pre10_stratum,PRE10_FLAT,3,1.0,1,0.0,0.0,0.0,0.0,1.0,0.18309859154929578,0.22300469483568075,0.0,1.0,1.0,0.0,1.0,0,,UNDERPOWERED
NQ,BEARISH_1000,pre10_stratum,PRE10_FLAT,5,0.25,1,1.0,0.0,1.0,0.0,0.0,0.19248826291079812,0.25821596244131456,0.0,1.0,1.0,0.0,1.0,1,1.0,UNDERPOWERED
NQ,BEARISH_1000,pre10_stratum,PRE10_FLAT,5,0.5,1,0.0,0.0,0.0,0.0,1.0,0.19248826291079812,0.25821596244131456,0.0,1.0,1.0,0.0,1.0,0,,UNDERPOWERED
NQ,BEARISH_1000,pre10_stratum,PRE10_FLAT,5,1.0,1,0.0,0.0,0.0,0.0,1.0,0.19248826291079812,0.25821596244131456,0.0,1.0,1.0,0.0,1.0,0,,UNDERPOWERED
NQ,BEARISH_1000,pre10_stratum,PRE10_FLAT,10,0.25,1,1.0,0.0,1.0,0.0,0.0,0.07511737089201878,0.25821596244131456,0.0,1.0,1.0,0.0,1.0,1,1.0,UNDERPOWERED
NQ,BEARISH_1000,pre10_stratum,PRE10_FLAT,10,0.5,1,0.0,0.0,0.0,0.0,1.0,0.07511737089201878,0.25821596244131456,0.0,1.0,1.0,0.0,1.0,0,,UNDERPOWERED
NQ,BEARISH_1000,pre10_stratum,PRE10_FLAT,10,1.0,1,0.0,0.0,0.0,0.0,1.0,0.07511737089201878,0.25821596244131456,0.0,1.0,1.0,0.0,1.0,0,,UNDERPOWERED
NQ,BEARISH_1000,pre10_stratum,PRE10_FLAT,15,0.25,1,1.0,0.0,1.0,0.0,0.0,0.13380281690140844,0.25821596244131456,0.0,1.0,1.0,0.0,1.0,1,1.0,UNDERPOWERED
NQ,BEARISH_1000,pre10_stratum,PRE10_FLAT,15,0.5,1,0.0,0.0,0.0,0.0,1.0,0.13380281690140844,0.25821596244131456,0.0,1.0,1.0,0.0,1.0,0,,UNDERPOWERED
NQ,BEARISH_1000,pre10_stratum,PRE10_FLAT,15,1.0,1,0.0,0.0,0.0,0.0,1.0,0.13380281690140844,0.25821596244131456,0.0,1.0,1.0,0.0,1.0,0,,UNDERPOWERED
NQ,BEARISH_1000,pre10_stratum,PRE10_FLAT,30,0.25,1,1.0,0.0,1.0,0.0,0.0,0.7582159624413145,1.0023474178403755,0.0,1.0,1.0,0.0,1.0,1,1.0,UNDERPOWERED
NQ,BEARISH_1000,pre10_stratum,PRE10_FLAT,30,0.5,1,1.0,0.0,1.0,0.0,0.0,0.7582159624413145,1.0023474178403755,0.0,1.0,1.0,0.0,1.0,1,1.0,UNDERPOWERED
NQ,BEARISH_1000,pre10_stratum,PRE10_FLAT,30,1.0,1,1.0,0.0,1.0,0.0,0.0,0.7582159624413145,1.0023474178403755,0.0,1.0,1.0,0.0,1.0,1,1.0,UNDERPOWERED
NQ,BEARISH_1000,pre10_stratum,PRE10_FLAT,60,0.25,1,1.0,0.0,1.0,0.0,0.0,0.9741784037558685,1.2910798122065728,0.0,1.0,1.0,0.0,1.0,1,1.0,UNDERPOWERED
NQ,BEARISH_1000,pre10_stratum,PRE10_FLAT,60,0.5,1,1.0,0.0,1.0,0.0,0.0,0.9741784037558685,1.2910798122065728,0.0,1.0,1.0,0.0,1.0,1,1.0,UNDERPOWERED
NQ,BEARISH_1000,pre10_stratum,PRE10_FLAT,60,1.0,1,1.0,0.0,1.0,0.0,0.0,0.9741784037558685,1.2910798122065728,0.0,1.0,1.0,0.0,1.0,1,1.0,UNDERPOWERED
NQ,BEARISH_1000,pre10_stratum,PRE10_UP,1,0.25,337,0.22551928783382788,0.008902077151335312,0.2166172106824926,0.0,0.7655786350148368,0.08899297423887588,0.16666666666666666,0.0,1.0,0.8486646884272997,0.14540059347181009,0.8813056379821959,79,2.72109334305444e-19,OK
NQ,BEARISH_1000,pre10_stratum,PRE10_UP,1,0.5,337,0.032640949554896145,0.0,0.032640949554896145,0.0,0.9673590504451038,0.08899297423887588,0.16666666666666666,0.0,1.0,0.8486646884272997,0.14540059347181009,0.8813056379821959,11,0.0009765625,UNDERPOWERED
NQ,BEARISH_1000,pre10_stratum,PRE10_UP,1,1.0,337,0.002967359050445104,0.0,0.002967359050445104,0.0,0.9970326409495549,0.08899297423887588,0.16666666666666666,0.0,1.0,0.8486646884272997,0.14540059347181009,0.8813056379821959,1,1.0,UNDERPOWERED
NQ,BEARISH_1000,pre10_stratum,PRE10_UP,3,0.25,337,0.3620178041543027,0.07418397626112759,0.2878338278931751,0.0,0.5637982195845698,0.07738095238095238,0.20175438596491227,0.03208556149732621,0.6774193548387096,0.7477744807121661,0.23738872403560832,0.8813056379821959,147,1.5818511154852923e-16,OK
NQ,BEARISH_1000,pre10_stratum,PRE10_UP,3,0.5,337,0.0830860534124629,0.008902077151335312,0.07418397626112759,0.0,0.9080118694362018,0.07738095238095238,0.20175438596491227,0.03208556149732621,0.6774193548387096,0.7477744807121661,0.23738872403560832,0.8813056379821959,31,4.649162292480469e-06,OK
NQ,BEARISH_1000,pre10_stratum,PRE10_UP,3,1.0,337,0.002967359050445104,0.0,0.002967359050445104,0.0,0.9970326409495549,0.07738095238095238,0.20175438596491227,0.03208556149732621,0.6774193548387096,0.7477744807121661,0.23738872403560832,0.8813056379821959,1,1.0,UNDERPOWERED
NQ,BEARISH_1000,pre10_stratum,PRE10_UP,5,0.25,337,0.456973293768546,0.11869436201780416,0.33827893175074186,0.0,0.42433234421364985,0.08904109589041095,0.22764227642276422,0.07203389830508475,0.4811715481171549,0.7210682492581603,0.27596439169139464,0.8813056379821959,194,5.639881373533345e-17,OK
NQ,BEARISH_1000,pre10_stratum,PRE10_UP,5,0.5,337,0.14540059347181009,0.01483679525222552,0.13056379821958458,0.0,0.8397626112759644,0.08904109589041095,0.22764227642276422,0.07203389830508475,0.4811715481171549,0.7210682492581603,0.27596439169139464,0.8813056379821959,54,3.8913883226854296e-10,OK
NQ,BEARISH_1000,pre10_stratum,PRE10_UP,5,1.0,337,0.01483679525222552,0.0,0.01483679525222552,0.0,0.9851632047477745,0.08904109589041095,0.22764227642276422,0.07203389830508475,0.4811715481171549,0.7210682492581603,0.27596439169139464,0.8813056379821959,5,0.0625,UNDERPOWERED
NQ,BEARISH_1000,pre10_stratum,PRE10_UP,10,0.25,337,0.5816023738872403,0.20771513353115728,0.37388724035608306,0.0,0.21068249258160238,0.08185053380782918,0.2967741935483871,0.11650485436893204,0.4382022471910112,0.655786350148368,0.34124629080118696,0.8813056379821959,266,5.4807585462699554e-15,OK
NQ,BEARISH_1000,pre10_stratum,PRE10_UP,10,0.5,337,0.2166172106824926,0.050445103857566766,0.1661721068249258,0.0,0.7329376854599406,0.08185053380782918,0.2967741935483871,0.11650485436893204,0.4382022471910112,0.655786350148368,0.34124629080118696,0.8813056379821959,90,1.9482376627755696e-09,OK
NQ,BEARISH_1000,pre10_stratum,PRE10_UP,10,1.0,337,0.032640949554896145,0.0,0.032640949554896145,0.0,0.9673590504451038,0.08185053380782918,0.2967741935483871,0.11650485436893204,0.4382022471910112,0.655786350148368,0.34124629080118696,0.8813056379821959,11,0.0009765625,UNDERPOWERED
NQ,BEARISH_1000,pre10_stratum,PRE10_UP,15,0.25,337,0.6023738872403561,0.24925816023738873,0.35311572700296734,0.0,0.14836795252225518,0.07951482479784366,0.3397129186602871,0.14798206278026907,0.4146341463414634,0.6379821958456974,0.3590504451038576,0.8813056379821959,287,1.5736401542716617e-12,OK
NQ,BEARISH_1000,pre10_stratum,PRE10_UP,15,0.5,337,0.3026706231454006,0.10089020771513353,0.20178041543026706,0.0,0.5964391691394659,0.07951482479784366,0.3397129186602871,0.14798206278026907,0.4146341463414634,0.6379821958456974,0.3590504451038576,0.8813056379821959,136,4.379138784366244e-09,OK
NQ,BEARISH_1000,pre10_stratum,PRE10_UP,15,1.0,337,0.06824925816023739,0.005934718100890208,0.06231454005934718,0.0,0.9258160237388724,0.07951482479784366,0.3397129186602871,0.14798206278026907,0.4146341463414634,0.6379821958456974,0.3590504451038576,0.8813056379821959,25,1.9431114196777344e-05,OK
NQ,BEARISH_1000,pre10_stratum,PRE10_UP,30,0.25,337,0.655786350148368,0.29673590504451036,0.3590504451038576,0.0,0.04747774480712166,0.04790419161676647,0.43521594684385384,0.23448275862068965,0.2993630573248408,0.6231454005934718,0.3768545994065282,0.8813056379821959,321,1.2172213390319686e-11,OK
NQ,BEARISH_1000,pre10_stratum,PRE10_UP,30,0.5,337,0.4391691394658754,0.19287833827893175,0.24629080118694363,0.0,0.36795252225519287,0.04790419161676647,0.43521594684385384,0.23448275862068965,0.2993630573248408,0.6231454005934718,0.3768545994065282,0.8813056379821959,213,1.2730979265778458e-08,OK
NQ,BEARISH_1000,pre10_stratum,PRE10_UP,30,1.0,337,0.12166172106824925,0.02967359050445104,0.09198813056379822,0.0,0.8486646884272997,0.04790419161676647,0.43521594684385384,0.23448275862068965,0.2993630573248408,0.6231454005934718,0.3768545994065282,0.8813056379821959,51,1.4737715885004832e-05,OK
NQ,BEARISH_1000,pre10_stratum,PRE10_UP,60,0.25,337,0.6676557863501483,0.314540059347181,0.35311572700296734,0.0,0.01483679525222552,0.031309171103339195,0.5126050420168067,0.3356807511737089,0.15523632993512515,0.5684523809523809,0.42857142857142855,0.8813056379821959,331,5.519087931698571e-11,OK
NQ,BEARISH_1000,pre10_stratum,PRE10_UP,60,0.5,337,0.5014836795252225,0.3293768545994065,0.17210682492581603,0.0,0.1661721068249258,0.031309171103339195,0.5126050420168067,0.3356807511737089,0.15523632993512515,0.5684523809523809,0.42857142857142855,0.8813056379821959,280,0.0006324213912109311,OK
NQ,BEARISH_1000,pre10_stratum,PRE10_UP,60,1.0,337,0.2403560830860534,0.09198813056379822,0.14836795252225518,0.0,0.6646884272997032,0.031309171103339195,0.5126050420168067,0.3356807511737089,0.15523632993512515,0.5684523809523809,0.42857142857142855,0.8813056379821959,112,2.5277503538116926e-06,OK
NQ,BEARISH_1000,close_loc_stratum,CLOSE_HIGH,1,0.25,210,0.17142857142857143,0.004761904761904762,0.16666666666666666,0.0,0.8238095238095238,0.07487322515212982,0.15354176021553662,0.0,1.0,0.8380952380952381,0.1523809523809524,0.9,37,5.529727786779404e-10,OK
NQ,BEARISH_1000,close_loc_stratum,CLOSE_HIGH,1,0.5,210,0.01904761904761905,0.0,0.01904761904761905,0.0,0.9809523809523809,0.07487322515212982,0.15354176021553662,0.0,1.0,0.8380952380952381,0.1523809523809524,0.9,4,0.125,UNDERPOWERED
NQ,BEARISH_1000,close_loc_stratum,CLOSE_HIGH,1,1.0,210,0.0,0.0,0.0,0.0,1.0,0.07487322515212982,0.15354176021553662,0.0,1.0,0.8380952380952381,0.1523809523809524,0.9,0,,UNDERPOWERED
NQ,BEARISH_1000,close_loc_stratum,CLOSE_HIGH,3,0.25,210,0.29523809523809524,0.06666666666666667,0.22857142857142856,0.0,0.638095238095238,0.07110682326997936,0.17570589413256793,0.03668453257269047,0.6427350427350427,0.7476190476190476,0.23333333333333334,0.9,76,2.3236524454068507e-08,OK
NQ,BEARISH_1000,close_loc_stratum,CLOSE_HIGH,3,0.5,210,0.04285714285714286,0.004761904761904762,0.0380952380952381,0.0,0.9523809523809523,0.07110682326997936,0.17570589413256793,0.03668453257269047,0.6427350427350427,0.7476190476190476,0.23333333333333334,0.9,10,0.021484375,UNDERPOWERED
NQ,BEARISH_1000,close_loc_stratum,CLOSE_HIGH,3,1.0,210,0.0,0.0,0.0,0.0,1.0,0.07110682326997936,0.17570589413256793,0.03668453257269047,0.6427350427350427,0.7476190476190476,0.23333333333333334,0.9,0,,UNDERPOWERED
NQ,BEARISH_1000,close_loc_stratum,CLOSE_HIGH,5,0.25,210,0.40476190476190477,0.10476190476190476,0.3,0.0,0.49047619047619045,0.05386975086017494,0.20736803519061583,0.07276156442326781,0.44562899786780386,0.7047619047619048,0.2904761904761905,0.9,107,6.375481651166934e-10,OK
NQ,BEARISH_1000,close_loc_stratum,CLOSE_HIGH,5,0.5,210,0.09047619047619047,0.009523809523809525,0.08095238095238096,0.0,0.9,0.05386975086017494,0.20736803519061583,0.07276156442326781,0.44562899786780386,0.7047619047619048,0.2904761904761905,0.9,21,0.00022125244140625,OK
NQ,BEARISH_1000,close_loc_stratum,CLOSE_HIGH,5,1.0,210,0.009523809523809525,0.0,0.009523809523809525,0.0,0.9904761904761905,0.05386975086017494,0.20736803519061583,0.07276156442326781,0.44562899786780386,0.7047619047619048,0.2904761904761905,0.9,2,0.5,UNDERPOWERED
NQ,BEARISH_1000,close_loc_stratum,CLOSE_HIGH,10,0.25,210,0.5095238095238095,0.22380952380952382,0.2857142857142857,0.0,0.26666666666666666,0.04187495942348893,0.26669117647058826,0.1203430258973194,0.3732371794871795,0.6190476190476191,0.3761904761904762,0.9,154,1.4858788501056015e-06,OK
NQ,BEARISH_1000,close_loc_stratum,CLOSE_HIGH,10,0.5,210,0.14285714285714285,0.02857142857142857,0.11428571428571428,0.0,0.8285714285714286,0.04187495942348893,0.26669117647058826,0.1203430258973194,0.3732371794871795,0.6190476190476191,0.3761904761904762,0.9,36,6.960169412195683e-05,OK
NQ,BEARISH_1000,close_loc_stratum,CLOSE_HIGH,10,1.0,210,0.01904761904761905,0.0,0.01904761904761905,0.0,0.9809523809523809,0.04187495942348893,0.26669117647058826,0.1203430258973194,0.3732371794871795,0.6190476190476191,0.3761904761904762,0.9,4,0.125,UNDERPOWERED
NQ,BEARISH_1000,close_loc_stratum,CLOSE_HIGH,15,0.25,210,0.5238095238095238,0.28095238095238095,0.24285714285714285,0.0,0.19523809523809524,0.014616343243724409,0.2864045366432312,0.14809075438182429,0.2819320214669052,0.5952380952380952,0.4,0.9,169,0.00010742609168386575,OK
NQ,BEARISH_1000,close_loc_stratum,CLOSE_HIGH,15,0.5,210,0.22380952380952382,0.07142857142857142,0.1523809523809524,0.0,0.7047619047619048,0.014616343243724409,0.2864045366432312,0.14809075438182429,0.2819320214669052,0.5952380952380952,0.4,0.9,62,5.778372004920304e-05,OK
NQ,BEARISH_1000,close_loc_stratum,CLOSE_HIGH,15,1.0,210,0.0380952380952381,0.004761904761904762,0.03333333333333333,0.0,0.9571428571428572,0.014616343243724409,0.2864045366432312,0.14809075438182429,0.2819320214669052,0.5952380952380952,0.4,0.9,9,0.0390625,UNDERPOWERED
NQ,BEARISH_1000,close_loc_stratum,CLOSE_HIGH,30,0.25,210,0.6,0.3238095238095238,0.2761904761904762,0.0,0.0761904761904762,0.03159911272433959,0.3860162601626016,0.23078208556149732,0.2333469034654725,0.6142857142857143,0.38571428571428573,0.9,194,3.773199299544291e-05,OK
NQ,BEARISH_1000,close_loc_stratum,CLOSE_HIGH,30,0.5,210,0.36666666666666664,0.17142857142857143,0.19523809523809524,0.0,0.46190476190476193,0.03159911272433959,0.3860162601626016,0.23078208556149732,0.2333469034654725,0.6142857142857143,0.38571428571428573,0.9,113,0.00014401960112955247,OK
NQ,BEARISH_1000,close_loc_stratum,CLOSE_HIGH,30,1.0,210,0.08095238095238096,0.014285714285714285,0.06666666666666667,0.0,0.9047619047619048,0.03159911272433959,0.3860162601626016,0.23078208556149732,0.2333469034654725,0.6142857142857143,0.38571428571428573,0.9,20,0.0025768280029296875,OK
NQ,BEARISH_1000,close_loc_stratum,CLOSE_HIGH,60,0.25,210,0.6190476190476191,0.35714285714285715,0.2619047619047619,0.0,0.023809523809523808,-0.005228704910908301,0.4718526563489909,0.3353230973825787,0.0866096866096866,0.5523809523809524,0.44285714285714284,0.9,205,0.00014924419676890354,OK
NQ,BEARISH_1000,close_loc_stratum,CLOSE_HIGH,60,0.5,210,0.4523809523809524,0.319047619047619,0.13333333333333333,0.0,0.22857142857142856,-0.005228704910908301,0.4718526563489909,0.3353230973825787,0.0866096866096866,0.5523809523809524,0.44285714285714284,0.9,162,0.03357225212016405,OK
NQ,BEARISH_1000,close_loc_stratum,CLOSE_HIGH,60,1.0,210,0.18095238095238095,0.05714285714285714,0.12380952380952381,0.0,0.7619047619047619,-0.005228704910908301,0.4718526563489909,0.3353230973825787,0.0866096866096866,0.5523809523809524,0.44285714285714284,0.9,50,0.00030586400160359517,OK
NQ,BEARISH_1000,close_loc_stratum,CLOSE_LOW,1,0.25,153,0.33986928104575165,0.006535947712418301,0.3333333333333333,0.0,0.6535947712418301,0.12987012987012986,0.19686162624821682,0.0,1.0,0.9019607843137255,0.09803921568627451,0.8431372549019608,53,1.199040866595169e-14,OK
NQ,BEARISH_1000,close_loc_stratum,CLOSE_LOW,1,0.5,153,0.032679738562091505,0.0,0.032679738562091505,0.0,0.9673202614379085,0.12987012987012986,0.19686162624821682,0.0,1.0,0.9019607843137255,0.09803921568627451,0.8431372549019608,5,0.0625,UNDERPOWERED
NQ,BEARISH_1000,close_loc_stratum,CLOSE_LOW,1,1.0,153,0.0,0.0,0.0,0.0,1.0,0.12987012987012986,0.19686162624821682,0.0,1.0,0.9019607843137255,0.09803921568627451,0.8431372549019608,0,,UNDERPOWERED
NQ,BEARISH_1000,close_loc_stratum,CLOSE_LOW,3,0.25,153,0.5163398692810458,0.026143790849673203,0.49019607843137253,0.0,0.45751633986928103,0.13725490196078433,0.25263157894736843,0.0,1.0,0.8562091503267973,0.1437908496732026,0.8431372549019608,83,3.9973254947441296e-19,OK
NQ,BEARISH_1000,close_loc_stratum,CLOSE_LOW,3,0.5,153,0.0718954248366013,0.0,0.0718954248366013,0.0,0.9281045751633987,0.13725490196078433,0.25263157894736843,0.0,1.0,0.8562091503267973,0.1437908496732026,0.8431372549019608,11,0.0009765625,UNDERPOWERED
NQ,BEARISH_1000,close_loc_stratum,CLOSE_LOW,3,1.0,153,0.0,0.0,0.0,0.0,1.0,0.13725490196078433,0.25263157894736843,0.0,1.0,0.8562091503267973,0.1437908496732026,0.8431372549019608,0,,UNDERPOWERED
NQ,BEARISH_1000,close_loc_stratum,CLOSE_LOW,5,0.25,153,0.5816993464052288,0.08496732026143791,0.49673202614379086,0.0,0.3333333333333333,0.11538461538461539,0.2828282828282828,0.02207505518763797,0.8589743589743589,0.8235294117647058,0.17647058823529413,0.8431372549019608,102,4.301653981910124e-15,OK
NQ,BEARISH_1000,close_loc_stratum,CLOSE_LOW,5,0.5,153,0.17647058823529413,0.0,0.17647058823529413,0.0,0.8235294117647058,0.11538461538461539,0.2828282828282828,0.02207505518763797,0.8589743589743589,0.8235294117647058,0.17647058823529413,0.8431372549019608,27,1.4901161193847656e-08,OK
NQ,BEARISH_1000,close_loc_stratum,CLOSE_LOW,5,1.0,153,0.0,0.0,0.0,0.0,1.0,0.11538461538461539,0.2828282828282828,0.02207505518763797,0.8589743589743589,0.8235294117647058,0.17647058823529413,0.8431372549019608,0,,UNDERPOWERED
NQ,BEARISH_1000,close_loc_stratum,CLOSE_LOW,10,0.25,153,0.6470588235294118,0.13725490196078433,0.5098039215686274,0.0,0.21568627450980393,0.09491525423728814,0.3146067415730337,0.07348242811501597,0.625,0.7712418300653595,0.22875816993464052,0.8431372549019608,120,2.661783496052934e-13,OK
NQ,BEARISH_1000,close_loc_stratum,CLOSE_LOW,10,0.5,153,0.26143790849673204,0.032679738562091505,0.22875816993464052,0.0,0.7058823529411765,0.09491525423728814,0.3146067415730337,0.07348242811501597,0.625,0.7712418300653595,0.22875816993464052,0.8431372549019608,45,7.878384167270269e-08,OK
NQ,BEARISH_1000,close_loc_stratum,CLOSE_LOW,10,1.0,153,0.006535947712418301,0.0,0.006535947712418301,0.0,0.9934640522875817,0.09491525423728814,0.3146067415730337,0.07348242811501597,0.625,0.7712418300653595,0.22875816993464052,0.8431372549019608,1,1.0,UNDERPOWERED
NQ,BEARISH_1000,close_loc_stratum,CLOSE_LOW,15,0.25,153,0.6993464052287581,0.17647058823529413,0.5228758169934641,0.0,0.12418300653594772,0.12525667351129363,0.3382352941176471,0.1189358372456964,0.4649681528662421,0.7058823529411765,0.29411764705882354,0.8431372549019608,134,1.8183331048258316e-12,OK
NQ,BEARISH_1000,close_loc_stratum,CLOSE_LOW,15,0.5,153,0.3333333333333333,0.12418300653594772,0.20915032679738563,0.0,0.5424836601307189,0.12525667351129363,0.3382352941176471,0.1189358372456964,0.4649681528662421,0.7058823529411765,0.29411764705882354,0.8431372549019608,70,0.00016604182060301758,OK
NQ,BEARISH_1000,close_loc_stratum,CLOSE_LOW,15,1.0,153,0.032679738562091505,0.0,0.032679738562091505,0.0,0.9673202614379085,0.12525667351129363,0.3382352941176471,0.1189358372456964,0.4649681528662421,0.7058823529411765,0.29411764705882354,0.8431372549019608,5,0.0625,UNDERPOWERED
NQ,BEARISH_1000,close_loc_stratum,CLOSE_LOW,30,0.25,153,0.7320261437908496,0.21568627450980393,0.5163398692810458,0.0,0.05228758169934641,0.10948905109489052,0.40408163265306124,0.192,0.36363636363636365,0.6339869281045751,0.3660130718954248,0.8431372549019608,145,2.9545137576578215e-11,OK
NQ,BEARISH_1000,close_loc_stratum,CLOSE_LOW,30,0.5,153,0.41830065359477125,0.1830065359477124,0.23529411764705882,0.0,0.39869281045751637,0.10948905109489052,0.40408163265306124,0.192,0.36363636363636365,0.6339869281045751,0.3660130718954248,0.8431372549019608,92,0.00022250112957580403,OK
NQ,BEARISH_1000,close_loc_stratum,CLOSE_LOW,30,1.0,153,0.09803921568627451,0.032679738562091505,0.06535947712418301,0.0,0.869281045751634,0.10948905109489052,0.40408163265306124,0.192,0.36363636363636365,0.6339869281045751,0.3660130718954248,0.8431372549019608,20,0.04138946533203125,OK
NQ,BEARISH_1000,close_loc_stratum,CLOSE_LOW,60,0.25,153,0.7581699346405228,0.24183006535947713,0.5163398692810458,0.0,0.0,0.08171206225680934,0.5527027027027027,0.3163265306122449,0.33442088091353994,0.6274509803921569,0.37254901960784315,0.8431372549019608,153,1.0927128909927039e-10,OK
NQ,BEARISH_1000,close_loc_stratum,CLOSE_LOW,60,0.5,153,0.5490196078431373,0.2549019607843137,0.29411764705882354,0.0,0.19607843137254902,0.08171206225680934,0.5527027027027027,0.3163265306122449,0.33442088091353994,0.6274509803921569,0.37254901960784315,0.8431372549019608,123,6.099636236844482e-05,OK
NQ,BEARISH_1000,close_loc_stratum,CLOSE_LOW,60,1.0,153,0.1830065359477124,0.12418300653594772,0.058823529411764705,0.0,0.6928104575163399,0.08171206225680934,0.5527027027027027,0.3163265306122449,0.33442088091353994,0.6274509803921569,0.37254901960784315,0.8431372549019608,47,0.24296021728332556,OK
NQ,BEARISH_1000,close_loc_stratum,CLOSE_MIDDLE,1,0.25,271,0.3505535055350554,0.014760147601476014,0.33579335793357934,0.0036900369003690036,0.6309963099630996,0.11409395973154363,0.20535714285714285,0.0,1.0,0.8708487084870848,0.12546125461254612,0.8413284132841329,99,1.2388827013668045e-23,OK
NQ,BEARISH_1000,close_loc_stratum,CLOSE_MIDDLE,1,0.5,271,0.04059040590405904,0.0,0.04059040590405904,0.0,0.959409594095941,0.11409395973154363,0.20535714285714285,0.0,1.0,0.8708487084870848,0.12546125461254612,0.8413284132841329,11,0.0009765625,UNDERPOWERED
NQ,BEARISH_1000,close_loc_stratum,CLOSE_MIDDLE,1,1.0,271,0.007380073800738007,0.0,0.007380073800738007,0.0,0.992619926199262,0.11409395973154363,0.20535714285714285,0.0,1.0,0.8708487084870848,0.12546125461254612,0.8413284132841329,2,0.5,UNDERPOWERED
NQ,BEARISH_1000,close_loc_stratum,CLOSE_MIDDLE,3,0.25,271,0.4870848708487085,0.06642066420664207,0.42066420664206644,0.0036900369003690036,0.44280442804428044,0.11070110701107011,0.24731182795698925,0.012135922330097087,0.9278350515463918,0.7859778597785978,0.21033210332103322,0.8413284132841329,150,1.2913641527344654e-22,OK
NQ,BEARISH_1000,close_loc_stratum,CLOSE_MIDDLE,3,0.5,271,0.12546125461254612,0.014760147601476014,0.11070110701107011,0.0,0.8597785977859779,0.11070110701107011,0.24731182795698925,0.012135922330097087,0.9278350515463918,0.7859778597785978,0.21033210332103322,0.8413284132841329,38,6.038535502739251e-07,OK
NQ,BEARISH_1000,close_loc_stratum,CLOSE_MIDDLE,3,1.0,271,0.007380073800738007,0.0,0.007380073800738007,0.0,0.992619926199262,0.11070110701107011,0.24731182795698925,0.012135922330097087,0.9278350515463918,0.7859778597785978,0.21033210332103322,0.8413284132841329,2,0.5,UNDERPOWERED
NQ,BEARISH_1000,close_loc_stratum,CLOSE_MIDDLE,5,0.25,271,0.5645756457564576,0.11808118081180811,0.44649446494464945,0.0036900369003690036,0.31365313653136534,0.11451942740286299,0.28205128205128205,0.04713804713804714,0.674698795180723,0.7601476014760148,0.23985239852398524,0.8413284132841329,185,4.0099362306376966e-20,OK
NQ,BEARISH_1000,close_loc_stratum,CLOSE_MIDDLE,5,0.5,271,0.23247232472324722,0.01845018450184502,0.2140221402214022,0.0,0.7490774907749077,0.11451942740286299,0.28205128205128205,0.04713804713804714,0.674698795180723,0.7601476014760148,0.23985239852398524,0.8413284132841329,68,7.651062942926057e-14,OK
NQ,BEARISH_1000,close_loc_stratum,CLOSE_MIDDLE,5,1.0,271,0.01845018450184502,0.0,0.01845018450184502,0.0,0.981549815498155,0.11451942740286299,0.28205128205128205,0.04713804713804714,0.674698795180723,0.7601476014760148,0.23985239852398524,0.8413284132841329,5,0.0625,UNDERPOWERED
NQ,BEARISH_1000,close_loc_stratum,CLOSE_MIDDLE,10,0.25,271,0.7011070110701108,0.18081180811808117,0.5202952029520295,0.0036900369003690036,0.11439114391143912,0.1282798833819242,0.36541889483065954,0.11475409836065574,0.5497835497835497,0.7232472324723247,0.2730627306273063,0.8413284132841329,239,8.739481442702603e-21,OK
NQ,BEARISH_1000,close_loc_stratum,CLOSE_MIDDLE,10,0.5,271,0.35793357933579334,0.07380073800738007,0.28413284132841327,0.0,0.5682656826568265,0.1282798833819242,0.36541889483065954,0.11475409836065574,0.5497835497835497,0.7232472324723247,0.2730627306273063,0.8413284132841329,117,2.5558679651606525e-13,OK
NQ,BEARISH_1000,close_loc_stratum,CLOSE_MIDDLE,10,1.0,271,0.03690036900369004,0.0,0.03690036900369004,0.0,0.9630996309963099,0.1282798833819242,0.36541889483065954,0.11475409836065574,0.5497835497835497,0.7232472324723247,0.2730627306273063,0.8413284132841329,10,0.001953125,UNDERPOWERED
NQ,BEARISH_1000,close_loc_stratum,CLOSE_MIDDLE,15,0.25,271,0.7380073800738007,0.2066420664206642,0.5313653136531366,0.0036900369003690036,0.05166051660516605,0.16535433070866143,0.4421768707482993,0.16161616161616163,0.47770700636942676,0.7121771217712177,0.28413284132841327,0.8413284132841329,256,3.6507891452819966e-20,OK
NQ,BEARISH_1000,close_loc_stratum,CLOSE_MIDDLE,15,0.5,271,0.44280442804428044,0.13653136531365315,0.3062730627306273,0.0,0.42066420664206644,0.16535433070866143,0.4421768707482993,0.16161616161616163,0.47770700636942676,0.7121771217712177,0.28413284132841327,0.8413284132841329,157,1.9960725165998886e-11,OK
NQ,BEARISH_1000,close_loc_stratum,CLOSE_MIDDLE,15,1.0,271,0.08487084870848709,0.014760147601476014,0.07011070110701106,0.0,0.9003690036900369,0.16535433070866143,0.4421768707482993,0.16161616161616163,0.47770700636942676,0.7121771217712177,0.28413284132841327,0.8413284132841329,27,0.000310748815536499,OK
NQ,BEARISH_1000,close_loc_stratum,CLOSE_MIDDLE,30,0.25,271,0.7527675276752768,0.24354243542435425,0.5092250922509225,0.0036900369003690036,0.0,0.12738853503184713,0.5769230769230769,0.24060150375939848,0.46031746031746035,0.6531365313653137,0.34686346863468637,0.8413284132841329,270,1.4287557093171482e-17,OK
NQ,BEARISH_1000,close_loc_stratum,CLOSE_MIDDLE,30,0.5,271,0.5719557195571956,0.2177121771217712,0.35424354243542433,0.0,0.21033210332103322,0.12738853503184713,0.5769230769230769,0.24060150375939848,0.46031746031746035,0.6531365313653137,0.34686346863468637,0.8413284132841329,214,3.9367833515548387e-11,OK
NQ,BEARISH_1000,close_loc_stratum,CLOSE_MIDDLE,30,1.0,271,0.17712177121771217,0.04059040590405904,0.13653136531365315,0.0,0.7822878228782287,0.12738853503184713,0.5769230769230769,0.24060150375939848,0.46031746031746035,0.6531365313653137,0.34686346863468637,0.8413284132841329,59,1.2416282261784595e-06,OK
NQ,BEARISH_1000,close_loc_stratum,CLOSE_MIDDLE,60,0.25,271,0.7527675276752768,0.23985239852398524,0.5129151291512916,0.0036900369003690036,0.0,0.1213235294117647,0.6803963954578602,0.3189030484757621,0.30424448217317485,0.6185185185185185,0.3814814814814815,0.8413284132841329,269,6.936104268610102e-18,OK
NQ,BEARISH_1000,close_loc_stratum,CLOSE_MIDDLE,60,0.5,271,0.5977859778597786,0.3173431734317343,0.28044280442804426,0.0,0.08118081180811808,0.1213235294117647,0.6803963954578602,0.3189030484757621,0.30424448217317485,0.6185185185185185,0.3814814814814815,0.8413284132841329,248,1.5993441867690272e-06,OK
NQ,BEARISH_1000,close_loc_stratum,CLOSE_MIDDLE,60,1.0,271,0.3062730627306273,0.12546125461254612,0.18081180811808117,0.0,0.5645756457564576,0.1213235294117647,0.6803963954578602,0.3189030484757621,0.30424448217317485,0.6185185185185185,0.3814814814814815,0.8413284132841329,117,6.775655653746717e-06,OK
NQ,BEARISH_1000,dominance_stratum,BALANCED,1,0.25,188,0.2925531914893617,0.010638297872340425,0.28191489361702127,0.005319148936170213,0.6914893617021277,0.11277966477146865,0.2019079107012861,0.0,1.0,0.8829787234042553,0.11702127659574468,0.8404255319148937,57,2.295386103412511e-14,OK
NQ,BEARISH_1000,dominance_stratum,BALANCED,1,0.5,188,0.026595744680851064,0.0,0.026595744680851064,0.0,0.973404255319149,0.11277966477146865,0.2019079107012861,0.0,1.0,0.8829787234042553,0.11702127659574468,0.8404255319148937,5,0.0625,UNDERPOWERED
NQ,BEARISH_1000,dominance_stratum,BALANCED,1,1.0,188,0.005319148936170213,0.0,0.005319148936170213,0.0,0.9946808510638298,0.11277966477146865,0.2019079107012861,0.0,1.0,0.8829787234042553,0.11702127659574468,0.8404255319148937,1,1.0,UNDERPOWERED
NQ,BEARISH_1000,dominance_stratum,BALANCED,3,0.25,188,0.42021276595744683,0.05319148936170213,0.3670212765957447,0.005319148936170213,0.5212765957446809,0.11051763071043946,0.2333847918136909,0.014928698752228164,0.8659176029962546,0.8138297872340425,0.16489361702127658,0.8404255319148937,89,1.87368886800412e-14,OK
NQ,BEARISH_1000,dominance_stratum,BALANCED,3,0.5,188,0.10106382978723404,0.010638297872340425,0.09042553191489362,0.0,0.8882978723404256,0.11051763071043946,0.2333847918136909,0.014928698752228164,0.8659176029962546,0.8138297872340425,0.16489361702127658,0.8404255319148937,21,0.00022125244140625,OK
NQ,BEARISH_1000,dominance_stratum,BALANCED,3,1.0,188,0.005319148936170213,0.0,0.005319148936170213,0.0,0.9946808510638298,0.11051763071043946,0.2333847918136909,0.014928698752228164,0.8659176029962546,0.8138297872340425,0.16489361702127658,0.8404255319148937,1,1.0,UNDERPOWERED
NQ,BEARISH_1000,dominance_stratum,BALANCED,5,0.25,188,0.5425531914893617,0.12234042553191489,0.42021276595744683,0.005319148936170213,0.32978723404255317,0.10638144626908672,0.26340458562216384,0.07282676510346262,0.4950980392156863,0.7978723404255319,0.19680851063829788,0.8404255319148937,125,4.56640478646766e-13,OK
NQ,BEARISH_1000,dominance_stratum,BALANCED,5,0.5,188,0.19148936170212766,0.010638297872340425,0.18085106382978725,0.0,0.7978723404255319,0.10638144626908672,0.26340458562216384,0.07282676510346262,0.4950980392156863,0.7978723404255319,0.19680851063829788,0.8404255319148937,38,5.398760549724102e-09,OK
NQ,BEARISH_1000,dominance_stratum,BALANCED,5,1.0,188,0.005319148936170213,0.0,0.005319148936170213,0.0,0.9946808510638298,0.10638144626908672,0.26340458562216384,0.07282676510346262,0.4950980392156863,0.7978723404255319,0.19680851063829788,0.8404255319148937,1,1.0,UNDERPOWERED
NQ,BEARISH_1000,dominance_stratum,BALANCED,10,0.25,188,0.6542553191489362,0.17553191489361702,0.4787234042553192,0.005319148936170213,0.16489361702127658,0.11748545183475208,0.3439339875111508,0.12114417719798887,0.44369747899159667,0.75,0.25,0.8404255319148937,156,2.1033030286992984e-13,OK
NQ,BEARISH_1000,dominance_stratum,BALANCED,10,0.5,188,0.30851063829787234,0.05851063829787234,0.25,0.0,0.6329787234042553,0.11748545183475208,0.3439339875111508,0.12114417719798887,0.44369747899159667,0.75,0.25,0.8404255319148937,69,7.555829742748269e-09,OK
NQ,BEARISH_1000,dominance_stratum,BALANCED,10,1.0,188,0.015957446808510637,0.0,0.015957446808510637,0.0,0.9840425531914894,0.11748545183475208,0.3439339875111508,0.12114417719798887,0.44369747899159667,0.75,0.25,0.8404255319148937,3,0.25,UNDERPOWERED
NQ,BEARISH_1000,dominance_stratum,BALANCED,15,0.25,188,0.675531914893617,0.22340425531914893,0.4521276595744681,0.005319148936170213,0.09574468085106383,0.1276689871621509,0.4105414165028426,0.16104565537555227,0.4422857142857143,0.7021276595744681,0.2978723404255319,0.8404255319148937,169,3.983773385419666e-11,OK
NQ,BEARISH_1000,dominance_stratum,BALANCED,15,0.5,188,0.4095744680851064,0.12234042553191489,0.2872340425531915,0.0,0.46808510638297873,0.1276689871621509,0.4105414165028426,0.16104565537555227,0.4422857142857143,0.7021276595744681,0.2978723404255319,0.8404255319148937,100,5.513580775850052e-08,OK
NQ,BEARISH_1000,dominance_stratum,BALANCED,15,1.0,188,0.06382978723404255,0.005319148936170213,0.05851063829787234,0.0,0.9308510638297872,0.1276689871621509,0.4105414165028426,0.16104565537555227,0.4422857142857143,0.7021276595744681,0.2978723404255319,0.8404255319148937,13,0.00341796875,UNDERPOWERED
NQ,BEARISH_1000,dominance_stratum,BALANCED,30,0.25,188,0.7287234042553191,0.24468085106382978,0.48404255319148937,0.005319148936170213,0.02127659574468085,0.14541782378187326,0.5424516087266136,0.23075135226504395,0.4488766069926709,0.6595744680851063,0.3404255319148936,0.8404255319148937,183,1.0670282385724535e-11,OK
NQ,BEARISH_1000,dominance_stratum,BALANCED,30,0.5,188,0.5319148936170213,0.18085106382978725,0.35106382978723405,0.0,0.2872340425531915,0.14541782378187326,0.5424516087266136,0.23075135226504395,0.4488766069926709,0.6595744680851063,0.3404255319148936,0.8404255319148937,134,9.920107218562598e-09,OK
NQ,BEARISH_1000,dominance_stratum,BALANCED,30,1.0,188,0.16489361702127658,0.0425531914893617,0.12234042553191489,0.0,0.7925531914893617,0.14541782378187326,0.5424516087266136,0.23075135226504395,0.4488766069926709,0.6595744680851063,0.3404255319148936,0.8404255319148937,39,0.0002940768754342571,OK
NQ,BEARISH_1000,dominance_stratum,BALANCED,60,0.25,188,0.7393617021276596,0.2553191489361702,0.48404255319148937,0.005319148936170213,0.0,0.07331369008015715,0.6259060867711331,0.3189919610746774,0.32954193268455967,0.6382978723404256,0.3617021276595745,0.8404255319148937,187,1.8504102114994242e-11,OK
NQ,BEARISH_1000,dominance_stratum,BALANCED,60,0.5,188,0.601063829787234,0.2925531914893617,0.30851063829787234,0.0,0.10638297872340426,0.07331369008015715,0.6259060867711331,0.3189919610746774,0.32954193268455967,0.6382978723404256,0.3617021276595745,0.8404255319148937,168,9.020235670869777e-06,OK
NQ,BEARISH_1000,dominance_stratum,BALANCED,60,1.0,188,0.26063829787234044,0.12234042553191489,0.13829787234042554,0.0,0.6170212765957447,0.07331369008015715,0.6259060867711331,0.3189919610746774,0.32954193268455967,0.6382978723404256,0.3617021276595745,0.8404255319148937,72,0.002942760530124976,OK
NQ,BEARISH_1000,dominance_stratum,DOWN_DOMINANT,1,0.25,227,0.3524229074889868,0.00881057268722467,0.3436123348017621,0.0,0.6387665198237885,0.12121212121212122,0.1875,0.0,1.0,0.8854625550660793,0.11013215859030837,0.8325991189427313,82,1.4078614025652531e-21,OK
NQ,BEARISH_1000,dominance_stratum,DOWN_DOMINANT,1,0.5,227,0.02643171806167401,0.0,0.02643171806167401,0.0,0.973568281938326,0.12121212121212122,0.1875,0.0,1.0,0.8854625550660793,0.11013215859030837,0.8325991189427313,6,0.03125,UNDERPOWERED
NQ,BEARISH_1000,dominance_stratum,DOWN_DOMINANT,1,1.0,227,0.004405286343612335,0.0,0.004405286343612335,0.0,0.9955947136563876,0.12121212121212122,0.1875,0.0,1.0,0.8854625550660793,0.11013215859030837,0.8325991189427313,1,1.0,UNDERPOWERED
NQ,BEARISH_1000,dominance_stratum,DOWN_DOMINANT,3,0.25,227,0.5066079295154186,0.04405286343612335,0.46255506607929514,0.0,0.44933920704845814,0.12585034013605442,0.2521489971346705,0.0,1.0,0.8237885462555066,0.1762114537444934,0.8325991189427313,125,9.11799030781427e-24,OK
NQ,BEARISH_1000,dominance_stratum,DOWN_DOMINANT,3,0.5,227,0.07929515418502203,0.004405286343612335,0.07488986784140969,0.0,0.9162995594713657,0.12585034013605442,0.2521489971346705,0.0,1.0,0.8237885462555066,0.1762114537444934,0.8325991189427313,19,7.62939453125e-05,UNDERPOWERED
NQ,BEARISH_1000,dominance_stratum,DOWN_DOMINANT,3,1.0,227,0.004405286343612335,0.0,0.004405286343612335,0.0,0.9955947136563876,0.12585034013605442,0.2521489971346705,0.0,1.0,0.8237885462555066,0.1762114537444934,0.8325991189427313,1,1.0,UNDERPOWERED
NQ,BEARISH_1000,dominance_stratum,DOWN_DOMINANT,5,0.25,227,0.5682819383259912,0.07488986784140969,0.4933920704845815,0.0,0.3568281938325991,0.10248447204968944,0.2824427480916031,0.02564102564102564,0.8181818181818181,0.7841409691629956,0.21585903083700442,0.8325991189427313,146,1.710414012325665e-22,OK
NQ,BEARISH_1000,dominance_stratum,DOWN_DOMINANT,5,0.5,227,0.1894273127753304,0.00881057268722467,0.18061674008810572,0.0,0.801762114537445,0.10248447204968944,0.2824427480916031,0.02564102564102564,0.8181818181818181,0.7841409691629956,0.21585903083700442,0.8325991189427313,45,5.88897819397971e-11,OK
NQ,BEARISH_1000,dominance_stratum,DOWN_DOMINANT,5,1.0,227,0.00881057268722467,0.0,0.00881057268722467,0.0,0.9911894273127754,0.10248447204968944,0.2824427480916031,0.02564102564102564,0.8181818181818181,0.7841409691629956,0.21585903083700442,0.8325991189427313,2,0.5,UNDERPOWERED
NQ,BEARISH_1000,dominance_stratum,DOWN_DOMINANT,10,0.25,227,0.6607929515418502,0.16299559471365638,0.4977973568281938,0.0,0.1762114537444934,0.07981220657276995,0.32131147540983607,0.08648648648648649,0.588235294117647,0.7312775330396476,0.2643171806167401,0.8325991189427313,187,2.4541429975807847e-17,OK
NQ,BEARISH_1000,dominance_stratum,DOWN_DOMINANT,10,0.5,227,0.2907488986784141,0.05286343612334802,0.23788546255506607,0.0,0.6563876651982379,0.07981220657276995,0.32131147540983607,0.08648648648648649,0.588235294117647,0.7312775330396476,0.2643171806167401,0.8325991189427313,78,3.485851300097458e-10,OK
NQ,BEARISH_1000,dominance_stratum,DOWN_DOMINANT,10,1.0,227,0.01762114537444934,0.0,0.01762114537444934,0.0,0.9823788546255506,0.07981220657276995,0.32131147540983607,0.08648648648648649,0.588235294117647,0.7312775330396476,0.2643171806167401,0.8325991189427313,4,0.125,UNDERPOWERED
NQ,BEARISH_1000,dominance_stratum,DOWN_DOMINANT,15,0.25,227,0.7180616740088106,0.20704845814977973,0.5110132158590308,0.0,0.07488986784140969,0.13380281690140844,0.35789473684210527,0.14153132250580047,0.4817813765182186,0.6960352422907489,0.29955947136563876,0.8325991189427313,210,3.4632164707591116e-16,OK
NQ,BEARISH_1000,dominance_stratum,DOWN_DOMINANT,15,0.5,227,0.36123348017621143,0.11013215859030837,0.2511013215859031,0.0,0.5286343612334802,0.13380281690140844,0.35789473684210527,0.14153132250580047,0.4817813765182186,0.6960352422907489,0.29955947136563876,0.8325991189427313,107,2.9080967413009272e-08,OK
NQ,BEARISH_1000,dominance_stratum,DOWN_DOMINANT,15,1.0,227,0.039647577092511016,0.013215859030837005,0.02643171806167401,0.0,0.947136563876652,0.13380281690140844,0.35789473684210527,0.14153132250580047,0.4817813765182186,0.6960352422907489,0.29955947136563876,0.8325991189427313,12,0.14599609375,UNDERPOWERED
NQ,BEARISH_1000,dominance_stratum,DOWN_DOMINANT,30,0.25,227,0.7400881057268722,0.23348017621145375,0.5066079295154186,0.0,0.02643171806167401,0.1245136186770428,0.45714285714285713,0.21224489795918366,0.3928571428571428,0.6475770925110133,0.3524229074889868,0.8325991189427313,221,4.0213487791034564e-15,OK
NQ,BEARISH_1000,dominance_stratum,DOWN_DOMINANT,30,0.5,227,0.47577092511013214,0.1894273127753304,0.28634361233480177,0.0,0.33480176211453744,0.1245136186770428,0.45714285714285713,0.21224489795918366,0.3928571428571428,0.6475770925110133,0.3524229074889868,0.8325991189427313,151,1.2317843510887638e-07,OK
NQ,BEARISH_1000,dominance_stratum,DOWN_DOMINANT,30,1.0,227,0.12334801762114538,0.022026431718061675,0.1013215859030837,0.0,0.8546255506607929,0.1245136186770428,0.45714285714285713,0.21224489795918366,0.3928571428571428,0.6475770925110133,0.3524229074889868,0.8325991189427313,33,6.618769839406013e-05,OK
NQ,BEARISH_1000,dominance_stratum,DOWN_DOMINANT,60,0.25,227,0.748898678414097,0.2511013215859031,0.4977973568281938,0.0,0.0,0.17293233082706766,0.6126760563380281,0.31210191082802546,0.35469107551487417,0.6255506607929515,0.3744493392070485,0.8325991189427313,227,3.038422457615614e-14,OK
NQ,BEARISH_1000,dominance_stratum,DOWN_DOMINANT,60,0.5,227,0.5638766519823789,0.28193832599118945,0.28193832599118945,0.0,0.15418502202643172,0.17293233082706766,0.6126760563380281,0.31210191082802546,0.35469107551487417,0.6255506607929515,0.3744493392070485,0.8325991189427313,192,4.49549704393563e-06,OK
NQ,BEARISH_1000,dominance_stratum,DOWN_DOMINANT,60,1.0,227,0.24669603524229075,0.11013215859030837,0.13656387665198239,0.0,0.6431718061674009,0.17293233082706766,0.6126760563380281,0.31210191082802546,0.35469107551487417,0.6255506607929515,0.3744493392070485,0.8325991189427313,81,0.000752126064634077,OK
NQ,BEARISH_1000,dominance_stratum,UP_DOMINANT,1,0.25,219,0.2191780821917808,0.0091324200913242,0.2100456621004566,0.0,0.771689497716895,0.07647058823529412,0.15441176470588236,0.0,1.0,0.8356164383561644,0.1552511415525114,0.908675799086758,50,2.2666313270747196e-12,OK
NQ,BEARISH_1000,dominance_stratum,UP_DOMINANT,1,0.5,219,0.0410958904109589,0.0,0.0410958904109589,0.0,0.958904109589041,0.07647058823529412,0.15441176470588236,0.0,1.0,0.8356164383561644,0.1552511415525114,0.908675799086758,9,0.00390625,UNDERPOWERED
NQ,BEARISH_1000,dominance_stratum,UP_DOMINANT,1,1.0,219,0.0,0.0,0.0,0.0,1.0,0.07647058823529412,0.15441176470588236,0.0,1.0,0.8356164383561644,0.1552511415525114,0.908675799086758,0,,UNDERPOWERED
NQ,BEARISH_1000,dominance_stratum,UP_DOMINANT,3,0.25,219,0.3607305936073059,0.0730593607305936,0.2876712328767123,0.0,0.5662100456621004,0.0682261208576998,0.18208955223880596,0.034482758620689655,0.6,0.7351598173515982,0.2602739726027397,0.908675799086758,95,3.4675436577962654e-11,OK
NQ,BEARISH_1000,dominance_stratum,UP_DOMINANT,3,0.5,219,0.0776255707762557,0.0091324200913242,0.0684931506849315,0.0,0.91324200913242,0.0682261208576998,0.18208955223880596,0.034482758620689655,0.6,0.7351598173515982,0.2602739726027397,0.908675799086758,19,0.000728607177734375,UNDERPOWERED
NQ,BEARISH_1000,dominance_stratum,UP_DOMINANT,3,1.0,219,0.0,0.0,0.0,0.0,1.0,0.0682261208576998,0.18208955223880596,0.034482758620689655,0.6,0.7351598173515982,0.2602739726027397,0.908675799086758,0,,UNDERPOWERED
NQ,BEARISH_1000,dominance_stratum,UP_DOMINANT,5,0.25,219,0.4383561643835616,0.1232876712328767,0.3150684931506849,0.0,0.4383561643835616,0.09274193548387097,0.22043010752688172,0.06993006993006994,0.5172413793103449,0.6940639269406392,0.3059360730593607,0.908675799086758,123,2.912355660156406e-10,OK
NQ,BEARISH_1000,dominance_stratum,UP_DOMINANT,5,0.5,219,0.136986301369863,0.0136986301369863,0.1232876712328767,0.0,0.8493150684931506,0.09274193548387097,0.22043010752688172,0.06993006993006994,0.5172413793103449,0.6940639269406392,0.3059360730593607,0.908675799086758,33,1.4011748135089874e-06,OK
NQ,BEARISH_1000,dominance_stratum,UP_DOMINANT,5,1.0,219,0.0182648401826484,0.0,0.0182648401826484,0.0,0.9817351598173516,0.09274193548387097,0.22043010752688172,0.06993006993006994,0.5172413793103449,0.6940639269406392,0.3059360730593607,0.908675799086758,4,0.125,UNDERPOWERED
NQ,BEARISH_1000,dominance_stratum,UP_DOMINANT,10,0.25,219,0.5616438356164384,0.2146118721461187,0.3470319634703196,0.0,0.2237442922374429,0.0660377358490566,0.2888198757763975,0.11392405063291139,0.47761194029850756,0.6255707762557078,0.3698630136986301,0.908675799086758,170,4.921803862976486e-09,OK
NQ,BEARISH_1000,dominance_stratum,UP_DOMINANT,10,0.5,219,0.1963470319634703,0.0365296803652968,0.1598173515981735,0.0,0.7671232876712328,0.0660377358490566,0.2888198757763975,0.11392405063291139,0.47761194029850756,0.6255707762557078,0.3698630136986301,0.908675799086758,51,6.867117736675254e-07,OK
NQ,BEARISH_1000,dominance_stratum,UP_DOMINANT,10,1.0,219,0.0365296803652968,0.0,0.0365296803652968,0.0,0.9634703196347032,0.0660377358490566,0.2888198757763975,0.11392405063291139,0.47761194029850756,0.6255707762557078,0.3698630136986301,0.908675799086758,8,0.0078125,UNDERPOWERED
NQ,BEARISH_1000,dominance_stratum,UP_DOMINANT,15,0.25,219,0.5799086757990868,0.2420091324200913,0.3378995433789954,0.0,0.1780821917808219,0.05021834061135371,0.3246753246753247,0.1473429951690821,0.3870967741935484,0.6210045662100456,0.3744292237442922,0.908675799086758,180,3.4319699653170795e-08,OK
NQ,BEARISH_1000,dominance_stratum,UP_DOMINANT,15,0.5,219,0.2694063926940639,0.1050228310502283,0.1643835616438356,0.0,0.6255707762557078,0.05021834061135371,0.3246753246753247,0.1473429951690821,0.3870967741935484,0.6210045662100456,0.3744292237442922,0.908675799086758,82,8.715478657320524e-05,OK
NQ,BEARISH_1000,dominance_stratum,UP_DOMINANT,15,1.0,219,0.0684931506849315,0.0045662100456621,0.0639269406392694,0.0,0.9269406392694064,0.05021834061135371,0.3246753246753247,0.1473429951690821,0.3870967741935484,0.6210045662100456,0.3744292237442922,0.908675799086758,16,0.000518798828125,UNDERPOWERED
NQ,BEARISH_1000,dominance_stratum,UP_DOMINANT,30,0.25,219,0.6255707762557078,0.3105022831050228,0.3150684931506849,0.0,0.0639269406392694,-0.008130081300813009,0.3853658536585366,0.23759791122715404,0.2368421052631579,0.6027397260273972,0.3972602739726027,0.908675799086758,205,1.6455457800434312e-06,OK
NQ,BEARISH_1000,dominance_stratum,UP_DOMINANT,30,0.5,219,0.4018264840182648,0.2100456621004566,0.1917808219178082,0.0,0.3881278538812785,-0.008130081300813009,0.3853658536585366,0.23759791122715404,0.2368421052631579,0.6027397260273972,0.3972602739726027,0.908675799086758,134,0.00035945913215013216,OK
NQ,BEARISH_1000,dominance_stratum,UP_DOMINANT,30,1.0,219,0.0958904109589041,0.0273972602739726,0.0684931506849315,0.0,0.8767123287671232,-0.008130081300813009,0.3853658536585366,0.23759791122715404,0.2368421052631579,0.6027397260273972,0.3972602739726027,0.908675799086758,27,0.005924612283706665,OK
NQ,BEARISH_1000,dominance_stratum,UP_DOMINANT,60,0.25,219,0.6438356164383562,0.3287671232876712,0.3150684931506849,0.0,0.0228310502283105,0.0,0.4681570638162278,0.3480204006519796,0.0866096866096866,0.536697247706422,0.45871559633027525,0.908675799086758,213,2.6207920379097322e-06,OK
NQ,BEARISH_1000,dominance_stratum,UP_DOMINANT,60,0.5,219,0.45662100456621,0.3333333333333333,0.1232876712328767,0.0,0.2054794520547945,0.0,0.4681570638162278,0.3480204006519796,0.0866096866096866,0.536697247706422,0.45871559633027525,0.908675799086758,173,0.04775644768128972,OK
NQ,BEARISH_1000,dominance_stratum,UP_DOMINANT,60,1.0,219,0.2009132420091324,0.0776255707762557,0.1232876712328767,0.0,0.7168949771689498,0.0,0.4681570638162278,0.3480204006519796,0.0866096866096866,0.536697247706422,0.45871559633027525,0.908675799086758,61,0.0007299045109347685,OK
NQ,BULLISH_1000,pre10_stratum,PRE10_DOWN,1,0.25,297,0.265993265993266,0.03367003367003367,0.23232323232323232,0.0,0.7003367003367004,0.09348441926345609,0.17301038062283736,0.0,1.0,0.8080808080808081,0.18518518518518517,0.8888888888888888,89,1.87368886800412e-14,OK
NQ,BULLISH_1000,pre10_stratum,PRE10_DOWN,1,0.5,297,0.020202020202020204,0.003367003367003367,0.016835016835016835,0.0,0.9764309764309764,0.09348441926345609,0.17301038062283736,0.0,1.0,0.8080808080808081,0.18518518518518517,0.8888888888888888,7,0.125,UNDERPOWERED
NQ,BULLISH_1000,pre10_stratum,PRE10_DOWN,1,1.0,297,0.003367003367003367,0.0,0.003367003367003367,0.0,0.9966329966329966,0.09348441926345609,0.17301038062283736,0.0,1.0,0.8080808080808081,0.18518518518518517,0.8888888888888888,1,1.0,UNDERPOWERED
NQ,BULLISH_1000,pre10_stratum,PRE10_DOWN,3,0.25,297,0.4175084175084175,0.10437710437710437,0.31313131313131315,0.0,0.4781144781144781,0.0945273631840796,0.2185430463576159,0.04046242774566474,0.7076923076923077,0.7373737373737373,0.2558922558922559,0.8888888888888888,155,2.2424398957776773e-14,OK
NQ,BULLISH_1000,pre10_stratum,PRE10_DOWN,3,0.5,297,0.06060606060606061,0.010101010101010102,0.050505050505050504,0.0,0.9292929292929293,0.0945273631840796,0.2185430463576159,0.04046242774566474,0.7076923076923077,0.7373737373737373,0.2558922558922559,0.8888888888888888,21,0.0014896392822265625,OK
NQ,BULLISH_1000,pre10_stratum,PRE10_DOWN,3,1.0,297,0.003367003367003367,0.0,0.003367003367003367,0.0,0.9966329966329966,0.0945273631840796,0.2185430463576159,0.04046242774566474,0.7076923076923077,0.7373737373737373,0.2558922558922559,0.8888888888888888,1,1.0,UNDERPOWERED
NQ,BULLISH_1000,pre10_stratum,PRE10_DOWN,5,0.25,297,0.494949494949495,0.16835016835016836,0.3265993265993266,0.0,0.3367003367003367,0.10077519379844961,0.24581005586592178,0.06162464985994398,0.5596330275229359,0.6936026936026936,0.2996632996632997,0.8888888888888888,197,2.8457987336761435e-12,OK
NQ,BULLISH_1000,pre10_stratum,PRE10_DOWN,5,0.5,297,0.09764309764309764,0.03367003367003367,0.06397306397306397,0.0,0.8686868686868687,0.10077519379844961,0.24581005586592178,0.06162464985994398,0.5596330275229359,0.6936026936026936,0.2996632996632997,0.8888888888888888,39,0.0033778479119064286,OK
NQ,BULLISH_1000,pre10_stratum,PRE10_DOWN,5,1.0,297,0.003367003367003367,0.003367003367003367,0.0,0.0,0.9932659932659933,0.10077519379844961,0.24581005586592178,0.06162464985994398,0.5596330275229359,0.6936026936026936,0.2996632996632997,0.8888888888888888,2,1.0,UNDERPOWERED
NQ,BULLISH_1000,pre10_stratum,PRE10_DOWN,10,0.25,297,0.5993265993265994,0.23232323232323232,0.367003367003367,0.0,0.16835016835016836,0.07738095238095238,0.3,0.1390728476821192,0.3364055299539171,0.6430976430976431,0.3501683501683502,0.8888888888888888,247,2.803321861756173e-12,OK
NQ,BULLISH_1000,pre10_stratum,PRE10_DOWN,10,0.5,297,0.19528619528619529,0.09764309764309764,0.09764309764309764,0.0,0.7070707070707071,0.07738095238095238,0.3,0.1390728476821192,0.3364055299539171,0.6430976430976431,0.3501683501683502,0.8888888888888888,87,0.002479419793816073,OK
NQ,BULLISH_1000,pre10_stratum,PRE10_DOWN,10,1.0,297,0.013468013468013467,0.010101010101010102,0.003367003367003367,0.0,0.9764309764309764,0.07738095238095238,0.3,0.1390728476821192,0.3364055299539171,0.6430976430976431,0.3501683501683502,0.8888888888888888,7,1.0,UNDERPOWERED
NQ,BULLISH_1000,pre10_stratum,PRE10_DOWN,15,0.25,297,0.6195286195286195,0.28619528619528617,0.3333333333333333,0.0,0.09427609427609428,0.06865671641791045,0.3333333333333333,0.1891891891891892,0.1927272727272727,0.6060606060606061,0.3872053872053872,0.8888888888888888,269,1.5155094803677689e-09,OK
NQ,BULLISH_1000,pre10_stratum,PRE10_DOWN,15,0.5,297,0.25252525252525254,0.16161616161616163,0.09090909090909091,0.0,0.5858585858585859,0.06865671641791045,0.3333333333333333,0.1891891891891892,0.1927272727272727,0.6060606060606061,0.3872053872053872,0.8888888888888888,123,0.01869342540925406,OK
NQ,BULLISH_1000,pre10_stratum,PRE10_DOWN,15,1.0,297,0.02356902356902357,0.030303030303030304,-0.006734006734006734,0.0,0.9461279461279462,0.06865671641791045,0.3333333333333333,0.1891891891891892,0.1927272727272727,0.6060606060606061,0.3872053872053872,0.8888888888888888,16,0.803619384765625,UNDERPOWERED
NQ,BULLISH_1000,pre10_stratum,PRE10_DOWN,30,0.25,297,0.6498316498316499,0.3063973063973064,0.3434343434343434,0.0,0.04377104377104377,0.15789473684210525,0.4245810055865922,0.2515527950310559,0.18877551020408156,0.5892255892255892,0.4107744107744108,0.8888888888888888,284,1.3812047834908862e-09,OK
NQ,BULLISH_1000,pre10_stratum,PRE10_DOWN,30,0.5,297,0.39730639730639733,0.2727272727272727,0.12457912457912458,0.0,0.32996632996632996,0.15789473684210525,0.4245810055865922,0.2515527950310559,0.18877551020408156,0.5892255892255892,0.4107744107744108,0.8888888888888888,199,0.010529721671611788,OK
NQ,BULLISH_1000,pre10_stratum,PRE10_DOWN,30,1.0,297,0.05723905723905724,0.06060606060606061,-0.003367003367003367,0.0,0.8821548821548821,0.15789473684210525,0.4245810055865922,0.2515527950310559,0.18877551020408156,0.5892255892255892,0.4107744107744108,0.8888888888888888,35,1.0,OK
NQ,BULLISH_1000,pre10_stratum,PRE10_DOWN,60,0.25,297,0.6801346801346801,0.3164983164983165,0.36363636363636365,0.0,0.003367003367003367,0.189873417721519,0.539622641509434,0.3395348837209302,0.21914357682619648,0.6060606060606061,0.3939393939393939,0.8888888888888888,296,3.204287442295073e-10,OK
NQ,BULLISH_1000,pre10_stratum,PRE10_DOWN,60,0.5,297,0.5084175084175084,0.3400673400673401,0.16835016835016836,0.0,0.15151515151515152,0.189873417721519,0.539622641509434,0.3395348837209302,0.21914357682619648,0.6060606060606061,0.3939393939393939,0.8888888888888888,252,0.001964590560882453,OK
NQ,BULLISH_1000,pre10_stratum,PRE10_DOWN,60,1.0,297,0.1414141414141414,0.15151515151515152,-0.010101010101010102,0.0,0.7070707070707071,0.189873417721519,0.539622641509434,0.3395348837209302,0.21914357682619648,0.6060606060606061,0.3939393939393939,0.8888888888888888,87,0.830373009685754,OK
NQ,BULLISH_1000,pre10_stratum,PRE10_FLAT,1,0.25,1,1.0,0.0,1.0,0.0,0.0,0.29098360655737704,0.3073770491803279,0.0,1.0,1.0,0.0,1.0,1,1.0,UNDERPOWERED
NQ,BULLISH_1000,pre10_stratum,PRE10_FLAT,1,0.5,1,0.0,0.0,0.0,0.0,1.0,0.29098360655737704,0.3073770491803279,0.0,1.0,1.0,0.0,1.0,0,,UNDERPOWERED
NQ,BULLISH_1000,pre10_stratum,PRE10_FLAT,1,1.0,1,0.0,0.0,0.0,0.0,1.0,0.29098360655737704,0.3073770491803279,0.0,1.0,1.0,0.0,1.0,0,,UNDERPOWERED
NQ,BULLISH_1000,pre10_stratum,PRE10_FLAT,3,0.25,1,1.0,0.0,1.0,0.0,0.0,0.5368852459016393,0.5983606557377049,0.0,1.0,1.0,0.0,1.0,1,1.0,UNDERPOWERED
NQ,BULLISH_1000,pre10_stratum,PRE10_FLAT,3,0.5,1,1.0,0.0,1.0,0.0,0.0,0.5368852459016393,0.5983606557377049,0.0,1.0,1.0,0.0,1.0,1,1.0,UNDERPOWERED
NQ,BULLISH_1000,pre10_stratum,PRE10_FLAT,3,1.0,1,0.0,0.0,0.0,0.0,1.0,0.5368852459016393,0.5983606557377049,0.0,1.0,1.0,0.0,1.0,0,,UNDERPOWERED
NQ,BULLISH_1000,pre10_stratum,PRE10_FLAT,5,0.25,1,1.0,0.0,1.0,0.0,0.0,0.4016393442622951,0.5983606557377049,0.0,1.0,1.0,0.0,1.0,1,1.0,UNDERPOWERED
NQ,BULLISH_1000,pre10_stratum,PRE10_FLAT,5,0.5,1,1.0,0.0,1.0,0.0,0.0,0.4016393442622951,0.5983606557377049,0.0,1.0,1.0,0.0,1.0,1,1.0,UNDERPOWERED
NQ,BULLISH_1000,pre10_stratum,PRE10_FLAT,5,1.0,1,0.0,0.0,0.0,0.0,1.0,0.4016393442622951,0.5983606557377049,0.0,1.0,1.0,0.0,1.0,0,,UNDERPOWERED
NQ,BULLISH_1000,pre10_stratum,PRE10_FLAT,10,0.25,1,1.0,0.0,1.0,0.0,0.0,0.5860655737704918,0.639344262295082,0.0,1.0,1.0,0.0,1.0,1,1.0,UNDERPOWERED
NQ,BULLISH_1000,pre10_stratum,PRE10_FLAT,10,0.5,1,1.0,0.0,1.0,0.0,0.0,0.5860655737704918,0.639344262295082,0.0,1.0,1.0,0.0,1.0,1,1.0,UNDERPOWERED
NQ,BULLISH_1000,pre10_stratum,PRE10_FLAT,10,1.0,1,0.0,0.0,0.0,0.0,1.0,0.5860655737704918,0.639344262295082,0.0,1.0,1.0,0.0,1.0,0,,UNDERPOWERED
NQ,BULLISH_1000,pre10_stratum,PRE10_FLAT,15,0.25,1,1.0,0.0,1.0,0.0,0.0,0.6024590163934426,0.7868852459016393,0.0,1.0,1.0,0.0,1.0,1,1.0,UNDERPOWERED
NQ,BULLISH_1000,pre10_stratum,PRE10_FLAT,15,0.5,1,1.0,0.0,1.0,0.0,0.0,0.6024590163934426,0.7868852459016393,0.0,1.0,1.0,0.0,1.0,1,1.0,UNDERPOWERED
NQ,BULLISH_1000,pre10_stratum,PRE10_FLAT,15,1.0,1,0.0,0.0,0.0,0.0,1.0,0.6024590163934426,0.7868852459016393,0.0,1.0,1.0,0.0,1.0,0,,UNDERPOWERED
NQ,BULLISH_1000,pre10_stratum,PRE10_FLAT,30,0.25,1,1.0,0.0,1.0,0.0,0.0,0.5983606557377049,0.8483606557377049,0.0,1.0,1.0,0.0,1.0,1,1.0,UNDERPOWERED
NQ,BULLISH_1000,pre10_stratum,PRE10_FLAT,30,0.5,1,1.0,0.0,1.0,0.0,0.0,0.5983606557377049,0.8483606557377049,0.0,1.0,1.0,0.0,1.0,1,1.0,UNDERPOWERED
NQ,BULLISH_1000,pre10_stratum,PRE10_FLAT,30,1.0,1,0.0,0.0,0.0,0.0,1.0,0.5983606557377049,0.8483606557377049,0.0,1.0,1.0,0.0,1.0,0,,UNDERPOWERED
NQ,BULLISH_1000,pre10_stratum,PRE10_FLAT,60,0.25,1,1.0,0.0,1.0,0.0,0.0,0.1557377049180328,0.8483606557377049,0.21721311475409835,0.5923076923076923,1.0,0.0,1.0,1,1.0,UNDERPOWERED
NQ,BULLISH_1000,pre10_stratum,PRE10_FLAT,60,0.5,1,1.0,0.0,1.0,0.0,0.0,0.1557377049180328,0.8483606557377049,0.21721311475409835,0.5923076923076923,1.0,0.0,1.0,1,1.0,UNDERPOWERED
NQ,BULLISH_1000,pre10_stratum,PRE10_FLAT,60,1.0,1,0.0,0.0,0.0,0.0,1.0,0.1557377049180328,0.8483606557377049,0.21721311475409835,0.5923076923076923,1.0,0.0,1.0,0,,UNDERPOWERED
NQ,BULLISH_1000,pre10_stratum,PRE10_UP,1,0.25,333,0.2552552552552553,0.009009009009009009,0.24624624624624625,0.0,0.7357357357357357,0.09876543209876543,0.17494600431965443,0.0,1.0,0.8798798798798799,0.1111111111111111,0.8558558558558559,88,7.344652981131973e-22,OK
NQ,BULLISH_1000,pre10_stratum,PRE10_UP,1,0.5,333,0.03003003003003003,0.0,0.03003003003003003,0.0,0.96996996996997,0.09876543209876543,0.17494600431965443,0.0,1.0,0.8798798798798799,0.1111111111111111,0.8558558558558559,10,0.001953125,UNDERPOWERED
NQ,BULLISH_1000,pre10_stratum,PRE10_UP,1,1.0,333,0.003003003003003003,0.0,0.003003003003003003,0.0,0.996996996996997,0.09876543209876543,0.17494600431965443,0.0,1.0,0.8798798798798799,0.1111111111111111,0.8558558558558559,1,1.0,UNDERPOWERED
NQ,BULLISH_1000,pre10_stratum,PRE10_UP,3,0.25,333,0.39039039039039036,0.06906906906906907,0.3213213213213213,0.0,0.5405405405405406,0.08,0.21212121212121213,0.021739130434782608,0.8333333333333333,0.7567567567567568,0.2222222222222222,0.8558558558558559,153,2.5441093918760216e-19,OK
NQ,BULLISH_1000,pre10_stratum,PRE10_UP,3,0.5,333,0.08108108108108109,0.003003003003003003,0.07807807807807808,0.0,0.9159159159159159,0.08,0.21212121212121213,0.021739130434782608,0.8333333333333333,0.7567567567567568,0.2222222222222222,0.8558558558558559,28,2.1606683731079102e-07,OK
NQ,BULLISH_1000,pre10_stratum,PRE10_UP,3,1.0,333,0.006006006006006006,0.0,0.006006006006006006,0.0,0.993993993993994,0.08,0.21212121212121213,0.021739130434782608,0.8333333333333333,0.7567567567567568,0.2222222222222222,0.8558558558558559,2,0.5,UNDERPOWERED
NQ,BULLISH_1000,pre10_stratum,PRE10_UP,5,0.25,333,0.4864864864864865,0.11711711711711711,0.36936936936936937,0.0,0.3963963963963964,0.09523809523809523,0.2480916030534351,0.06493506493506493,0.5443037974683544,0.7267267267267268,0.2702702702702703,0.8558558558558559,201,5.154100405796965e-19,OK
NQ,BULLISH_1000,pre10_stratum,PRE10_UP,5,0.5,333,0.10810810810810811,0.018018018018018018,0.09009009009009009,0.0,0.8738738738738738,0.09523809523809523,0.2480916030534351,0.06493506493506493,0.5443037974683544,0.7267267267267268,0.2702702702702703,0.8558558558558559,42,2.8288777684792876e-06,OK
NQ,BULLISH_1000,pre10_stratum,PRE10_UP,5,1.0,333,0.006006006006006006,0.0,0.006006006006006006,0.0,0.993993993993994,0.09523809523809523,0.2480916030534351,0.06493506493506493,0.5443037974683544,0.7267267267267268,0.2702702702702703,0.8558558558558559,2,0.5,UNDERPOWERED
NQ,BULLISH_1000,pre10_stratum,PRE10_UP,10,0.25,333,0.5855855855855856,0.18018018018018017,0.40540540540540543,0.0,0.23423423423423423,0.1048951048951049,0.2952029520295203,0.11818181818181818,0.4181818181818182,0.6876876876876877,0.3123123123123123,0.8558558558558559,255,7.703506241557544e-18,OK
NQ,BULLISH_1000,pre10_stratum,PRE10_UP,10,0.5,333,0.1831831831831832,0.07807807807807808,0.10510510510510511,0.0,0.7387387387387387,0.1048951048951049,0.2952029520295203,0.11818181818181818,0.4181818181818182,0.6876876876876877,0.3123123123123123,0.8558558558558559,87,0.0002236893560948182,OK
NQ,BULLISH_1000,pre10_stratum,PRE10_UP,10,1.0,333,0.012012012012012012,0.006006006006006006,0.006006006006006006,0.0,0.9819819819819819,0.1048951048951049,0.2952029520295203,0.11818181818181818,0.4181818181818182,0.6876876876876877,0.3123123123123123,0.8558558558558559,6,0.6875,UNDERPOWERED
NQ,BULLISH_1000,pre10_stratum,PRE10_UP,15,0.25,333,0.6336336336336337,0.22522522522522523,0.4084084084084084,0.0,0.13813813813813813,0.11719633501811719,0.3415750915750916,0.1539840088227185,0.3462635054021609,0.641566265060241,0.35240963855421686,0.8558558558558559,286,3.89222722362644e-16,OK
NQ,BULLISH_1000,pre10_stratum,PRE10_UP,15,0.5,333,0.25225225225225223,0.14114114114114115,0.1111111111111111,0.0,0.6036036036036037,0.11719633501811719,0.3415750915750916,0.1539840088227185,0.3462635054021609,0.641566265060241,0.35240963855421686,0.8558558558558559,131,0.0015581706108055652,OK
NQ,BULLISH_1000,pre10_stratum,PRE10_UP,15,1.0,333,0.03903903903903904,0.012012012012012012,0.02702702702702703,0.0,0.9459459459459459,0.11719633501811719,0.3415750915750916,0.1539840088227185,0.3462635054021609,0.641566265060241,0.35240963855421686,0.8558558558558559,17,0.049041748046875,UNDERPOWERED
NQ,BULLISH_1000,pre10_stratum,PRE10_UP,30,0.25,333,0.6936936936936937,0.26126126126126126,0.43243243243243246,0.0,0.042042042042042045,0.15461154964686333,0.4356158484065461,0.21860655737704918,0.30967355495657384,0.6506024096385542,0.3463855421686747,0.8558558558558559,318,3.2705426193347454e-16,OK
NQ,BULLISH_1000,pre10_stratum,PRE10_UP,30,0.5,333,0.3933933933933934,0.2132132132132132,0.18018018018018017,0.0,0.39039039039039036,0.15461154964686333,0.4356158484065461,0.21860655737704918,0.30967355495657384,0.6506024096385542,0.3463855421686747,0.8558558558558559,202,2.9161174388759137e-05,OK
NQ,BULLISH_1000,pre10_stratum,PRE10_UP,30,1.0,333,0.08108108108108109,0.04804804804804805,0.03303303303303303,0.0,0.8678678678678678,0.15461154964686333,0.4356158484065461,0.21860655737704918,0.30967355495657384,0.6506024096385542,0.3463855421686747,0.8558558558558559,43,0.12628947438543037,OK
NQ,BULLISH_1000,pre10_stratum,PRE10_UP,60,0.25,333,0.7027027027027027,0.2822822822822823,0.42042042042042044,0.0,0.012012012012012012,0.14371772805507743,0.5469991173874669,0.34417087542087543,0.3143133462282398,0.6385542168674698,0.35843373493975905,0.8558558558558559,328,6.391851942936567e-15,OK
NQ,BULLISH_1000,pre10_stratum,PRE10_UP,60,0.5,333,0.5195195195195195,0.3033033033033033,0.21621621621621623,0.0,0.17417417417417416,0.14371772805507743,0.5469991173874669,0.34417087542087543,0.3143133462282398,0.6385542168674698,0.35843373493975905,0.8558558558558559,274,1.6139512859660104e-05,OK
NQ,BULLISH_1000,pre10_stratum,PRE10_UP,60,1.0,333,0.1981981981981982,0.11411411411411411,0.08408408408408409,0.0,0.6846846846846847,0.14371772805507743,0.5469991173874669,0.34417087542087543,0.3143133462282398,0.6385542168674698,0.35843373493975905,0.8558558558558559,104,0.0077996161848893665,OK
NQ,BULLISH_1000,close_loc_stratum,CLOSE_HIGH,1,0.25,203,0.21182266009852216,0.0049261083743842365,0.20689655172413793,0.0,0.7832512315270936,0.09090909090909091,0.16322314049586778,0.0,1.0,0.9064039408866995,0.09359605911330049,0.8423645320197044,44,5.115907697472721e-12,OK
NQ,BULLISH_1000,close_loc_stratum,CLOSE_HIGH,1,0.5,203,0.014778325123152709,0.0,0.014778325123152709,0.0,0.9852216748768473,0.09090909090909091,0.16322314049586778,0.0,1.0,0.9064039408866995,0.09359605911330049,0.8423645320197044,3,0.25,UNDERPOWERED
NQ,BULLISH_1000,close_loc_stratum,CLOSE_HIGH,1,1.0,203,0.0,0.0,0.0,0.0,1.0,0.09090909090909091,0.16322314049586778,0.0,1.0,0.9064039408866995,0.09359605911330049,0.8423645320197044,0,,UNDERPOWERED
NQ,BULLISH_1000,close_loc_stratum,CLOSE_HIGH,3,0.25,203,0.33497536945812806,0.029556650246305417,0.3054187192118227,0.0,0.6354679802955665,0.08108108108108109,0.19839142091152814,0.0125,0.8749999999999999,0.7832512315270936,0.1921182266009852,0.8423645320197044,74,2.1448756331687684e-14,OK
NQ,BULLISH_1000,close_loc_stratum,CLOSE_HIGH,3,0.5,203,0.04433497536945813,0.0,0.04433497536945813,0.0,0.9556650246305419,0.08108108108108109,0.19839142091152814,0.0125,0.8749999999999999,0.7832512315270936,0.1921182266009852,0.8423645320197044,9,0.00390625,UNDERPOWERED
NQ,BULLISH_1000,close_loc_stratum,CLOSE_HIGH,3,1.0,203,0.0,0.0,0.0,0.0,1.0,0.08108108108108109,0.19839142091152814,0.0125,0.8749999999999999,0.7832512315270936,0.1921182266009852,0.8423645320197044,0,,UNDERPOWERED
NQ,BULLISH_1000,close_loc_stratum,CLOSE_HIGH,5,0.25,203,0.45320197044334976,0.059113300492610835,0.39408866995073893,0.0,0.4876847290640394,0.10396039603960396,0.2413793103448276,0.0425531914893617,0.6410256410256411,0.7487684729064039,0.24630541871921183,0.8423645320197044,104,1.953190833147217e-16,OK
NQ,BULLISH_1000,close_loc_stratum,CLOSE_HIGH,5,0.5,203,0.06896551724137931,0.009852216748768473,0.059113300492610835,0.0,0.9211822660098522,0.10396039603960396,0.2413793103448276,0.0425531914893617,0.6410256410256411,0.7487684729064039,0.24630541871921183,0.8423645320197044,16,0.004180908203125,UNDERPOWERED
NQ,BULLISH_1000,close_loc_stratum,CLOSE_HIGH,5,1.0,203,0.0,0.0,0.0,0.0,1.0,0.10396039603960396,0.2413793103448276,0.0425531914893617,0.6410256410256411,0.7487684729064039,0.24630541871921183,0.8423645320197044,0,,UNDERPOWERED
NQ,BULLISH_1000,close_loc_stratum,CLOSE_HIGH,10,0.25,203,0.5615763546798029,0.1330049261083744,0.42857142857142855,0.0,0.3054187192118227,0.1101871101871102,0.2756756756756757,0.07954545454545454,0.5087719298245614,0.7192118226600985,0.28078817733990147,0.8423645320197044,141,6.399435193704268e-14,OK
NQ,BULLISH_1000,close_loc_stratum,CLOSE_HIGH,10,0.5,203,0.11330049261083744,0.03940886699507389,0.07389162561576355,0.0,0.8472906403940886,0.1101871101871102,0.2756756756756757,0.07954545454545454,0.5087719298245614,0.7192118226600985,0.28078817733990147,0.8423645320197044,31,0.010673840530216694,OK
NQ,BULLISH_1000,close_loc_stratum,CLOSE_HIGH,10,1.0,203,0.0,0.0,0.0,0.0,1.0,0.1101871101871102,0.2756756756756757,0.07954545454545454,0.5087719298245614,0.7192118226600985,0.28078817733990147,0.8423645320197044,0,,UNDERPOWERED
NQ,BULLISH_1000,close_loc_stratum,CLOSE_HIGH,15,0.25,203,0.6206896551724138,0.1921182266009852,0.42857142857142855,0.0,0.18226600985221675,0.14881796690307328,0.32720814454326785,0.12758728386064866,0.4252086711103105,0.6782178217821783,0.3118811881188119,0.8423645320197044,165,6.87515972944126e-12,OK
NQ,BULLISH_1000,close_loc_stratum,CLOSE_HIGH,15,0.5,203,0.1921182266009852,0.08866995073891626,0.10344827586206896,0.0,0.7142857142857143,0.14881796690307328,0.32720814454326785,0.12758728386064866,0.4252086711103105,0.6782178217821783,0.3118811881188119,0.8423645320197044,57,0.0075081755341502,OK
NQ,BULLISH_1000,close_loc_stratum,CLOSE_HIGH,15,1.0,203,0.019704433497536946,0.0,0.019704433497536946,0.0,0.9753694581280788,0.14881796690307328,0.32720814454326785,0.12758728386064866,0.4252086711103105,0.6782178217821783,0.3118811881188119,0.8423645320197044,4,0.125,UNDERPOWERED
NQ,BULLISH_1000,close_loc_stratum,CLOSE_HIGH,30,0.25,203,0.7093596059113301,0.22167487684729065,0.4876847290640394,0.0,0.06403940886699508,0.1807967313585291,0.41155241478346305,0.16727650727650728,0.4465710707884205,0.6881188118811881,0.3069306930693069,0.8423645320197044,189,2.8203541637653373e-13,OK
NQ,BULLISH_1000,close_loc_stratum,CLOSE_HIGH,30,0.5,203,0.3399014778325123,0.14285714285714285,0.19704433497536947,0.0,0.5123152709359606,0.1807967313585291,0.41155241478346305,0.16727650727650728,0.4465710707884205,0.6881188118811881,0.3069306930693069,0.8423645320197044,98,6.572240952992274e-05,OK
NQ,BULLISH_1000,close_loc_stratum,CLOSE_HIGH,30,1.0,203,0.059113300492610835,0.014778325123152709,0.04433497536945813,0.0,0.9211822660098522,0.1807967313585291,0.41155241478346305,0.16727650727650728,0.4465710707884205,0.6881188118811881,0.3069306930693069,0.8423645320197044,15,0.03515625,UNDERPOWERED
NQ,BULLISH_1000,close_loc_stratum,CLOSE_HIGH,60,0.25,203,0.7241379310344828,0.2561576354679803,0.46798029556650245,0.0,0.014778325123152709,0.16198287007110534,0.5337121212121212,0.24325144070367,0.3845852895148669,0.6633663366336634,0.3316831683168317,0.8423645320197044,199,1.0784015496377771e-11,OK
NQ,BULLISH_1000,close_loc_stratum,CLOSE_HIGH,60,0.5,203,0.5073891625615764,0.2413793103448276,0.2660098522167488,0.0,0.24630541871921183,0.16198287007110534,0.5337121212121212,0.24325144070367,0.3845852895148669,0.6633663366336634,0.3316831683168317,0.8423645320197044,152,1.4119459050488046e-05,OK
NQ,BULLISH_1000,close_loc_stratum,CLOSE_HIGH,60,1.0,203,0.16748768472906403,0.059113300492610835,0.10837438423645321,0.0,0.7684729064039408,0.16198287007110534,0.5337121212121212,0.24325144070367,0.3845852895148669,0.6633663366336634,0.3316831683168317,0.8423645320197044,46,0.0016414913408482334,OK
NQ,BULLISH_1000,close_loc_stratum,CLOSE_LOW,1,0.25,144,0.2013888888888889,0.05555555555555555,0.14583333333333334,0.0,0.7430555555555556,0.08500830564784054,0.1630285774543921,0.0,1.0,0.7916666666666666,0.20833333333333334,0.8611111111111112,37,0.0007528970600105822,OK
NQ,BULLISH_1000,close_loc_stratum,CLOSE_LOW,1,0.5,144,0.013888888888888888,0.006944444444444444,0.006944444444444444,0.0,0.9791666666666666,0.08500830564784054,0.1630285774543921,0.0,1.0,0.7916666666666666,0.20833333333333334,0.8611111111111112,3,1.0,UNDERPOWERED
NQ,BULLISH_1000,close_loc_stratum,CLOSE_LOW,1,1.0,144,0.006944444444444444,0.0,0.006944444444444444,0.0,0.9930555555555556,0.08500830564784054,0.1630285774543921,0.0,1.0,0.7916666666666666,0.20833333333333334,0.8611111111111112,1,1.0,UNDERPOWERED
NQ,BULLISH_1000,close_loc_stratum,CLOSE_LOW,3,0.25,144,0.3472222222222222,0.1388888888888889,0.20833333333333334,0.0,0.5138888888888888,0.09196256473374981,0.20709510887550467,0.029911814391767277,0.7379487179487179,0.6944444444444444,0.2916666666666667,0.8611111111111112,70,0.00044028500651396835,OK
NQ,BULLISH_1000,close_loc_stratum,CLOSE_LOW,3,0.5,144,0.04861111111111111,0.013888888888888888,0.034722222222222224,0.0,0.9375,0.09196256473374981,0.20709510887550467,0.029911814391767277,0.7379487179487179,0.6944444444444444,0.2916666666666667,0.8611111111111112,9,0.1796875,UNDERPOWERED
NQ,BULLISH_1000,close_loc_stratum,CLOSE_LOW,3,1.0,144,0.006944444444444444,0.0,0.006944444444444444,0.0,0.9930555555555556,0.09196256473374981,0.20709510887550467,0.029911814391767277,0.7379487179487179,0.6944444444444444,0.2916666666666667,0.8611111111111112,1,1.0,UNDERPOWERED
NQ,BULLISH_1000,close_loc_stratum,CLOSE_LOW,5,0.25,144,0.4513888888888889,0.22916666666666666,0.2222222222222222,0.0,0.3194444444444444,0.09201668424851481,0.22429210134128166,0.06781418289798177,0.5249396621078037,0.6388888888888888,0.3472222222222222,0.8611111111111112,98,0.0016005802102081264,OK
NQ,BULLISH_1000,close_loc_stratum,CLOSE_LOW,5,0.5,144,0.09027777777777778,0.04861111111111111,0.041666666666666664,0.0,0.8611111111111112,0.09201668424851481,0.22429210134128166,0.06781418289798177,0.5249396621078037,0.6388888888888888,0.3472222222222222,0.8611111111111112,20,0.26317596435546875,OK
NQ,BULLISH_1000,close_loc_stratum,CLOSE_LOW,5,1.0,144,0.006944444444444444,0.006944444444444444,0.0,0.0,0.9861111111111112,0.09201668424851481,0.22429210134128166,0.06781418289798177,0.5249396621078037,0.6388888888888888,0.3472222222222222,0.8611111111111112,2,1.0,UNDERPOWERED
NQ,BULLISH_1000,close_loc_stratum,CLOSE_LOW,10,0.25,144,0.5555555555555556,0.2847222222222222,0.2708333333333333,0.0,0.1597222222222222,0.054669201881012486,0.2656813175810973,0.12133632904218282,0.32815149802148114,0.5902777777777778,0.4097222222222222,0.8611111111111112,121,0.0004985619576974186,OK
NQ,BULLISH_1000,close_loc_stratum,CLOSE_LOW,10,0.5,144,0.1875,0.11805555555555555,0.06944444444444445,0.0,0.6944444444444444,0.054669201881012486,0.2656813175810973,0.12133632904218282,0.32815149802148114,0.5902777777777778,0.4097222222222222,0.8611111111111112,44,0.17417114727072658,OK
NQ,BULLISH_1000,close_loc_stratum,CLOSE_LOW,10,1.0,144,0.020833333333333332,0.013888888888888888,0.006944444444444444,0.0,0.9652777777777778,0.054669201881012486,0.2656813175810973,0.12133632904218282,0.32815149802148114,0.5902777777777778,0.4097222222222222,0.8611111111111112,5,1.0,UNDERPOWERED
NQ,BULLISH_1000,close_loc_stratum,CLOSE_LOW,15,0.25,144,0.5763888888888888,0.3333333333333333,0.24305555555555555,0.0,0.09027777777777778,0.043961352657004835,0.2988554273383994,0.20507127192982455,0.13985859478568274,0.5486111111111112,0.4513888888888889,0.8611111111111112,131,0.002828895514273519,OK
NQ,BULLISH_1000,close_loc_stratum,CLOSE_LOW,15,0.5,144,0.2222222222222222,0.2013888888888889,0.020833333333333332,0.0,0.5763888888888888,0.043961352657004835,0.2988554273383994,0.20507127192982455,0.13985859478568274,0.5486111111111112,0.4513888888888889,0.8611111111111112,61,0.7981526273057179,OK
NQ,BULLISH_1000,close_loc_stratum,CLOSE_LOW,15,1.0,144,0.034722222222222224,0.027777777777777776,0.006944444444444444,0.0,0.9375,0.043961352657004835,0.2988554273383994,0.20507127192982455,0.13985859478568274,0.5486111111111112,0.4513888888888889,0.8611111111111112,9,1.0,UNDERPOWERED
NQ,BULLISH_1000,close_loc_stratum,CLOSE_LOW,30,0.25,144,0.6041666666666666,0.3402777777777778,0.2638888888888889,0.0,0.05555555555555555,0.14491291225773606,0.4021532438478747,0.2878797310756972,0.09846259302781038,0.5486111111111112,0.4513888888888889,0.8611111111111112,136,0.001418637741993395,OK
NQ,BULLISH_1000,close_loc_stratum,CLOSE_LOW,30,0.5,144,0.3541666666666667,0.2777777777777778,0.0763888888888889,0.0,0.3680555555555556,0.14491291225773606,0.4021532438478747,0.2878797310756972,0.09846259302781038,0.5486111111111112,0.4513888888888889,0.8611111111111112,91,0.294469784568533,OK
NQ,BULLISH_1000,close_loc_stratum,CLOSE_LOW,30,1.0,144,0.05555555555555555,0.05555555555555555,0.0,0.0,0.8888888888888888,0.14491291225773606,0.4021532438478747,0.2878797310756972,0.09846259302781038,0.5486111111111112,0.4513888888888889,0.8611111111111112,16,1.0,UNDERPOWERED
NQ,BULLISH_1000,close_loc_stratum,CLOSE_LOW,60,0.25,144,0.6388888888888888,0.3541666666666667,0.2847222222222222,0.0,0.006944444444444444,0.11456176673567978,0.49112124172365135,0.35049661135779386,0.19985960396618796,0.6041666666666666,0.3958333333333333,0.8611111111111112,143,0.0007643052018738799,OK
NQ,BULLISH_1000,close_loc_stratum,CLOSE_LOW,60,0.5,144,0.4652777777777778,0.3333333333333333,0.13194444444444445,0.0,0.2013888888888889,0.11456176673567978,0.49112124172365135,0.35049661135779386,0.19985960396618796,0.6041666666666666,0.3958333333333333,0.8611111111111112,115,0.09281592098218967,OK
NQ,BULLISH_1000,close_loc_stratum,CLOSE_LOW,60,1.0,144,0.11805555555555555,0.14583333333333334,-0.027777777777777776,0.0,0.7361111111111112,0.11456176673567978,0.49112124172365135,0.35049661135779386,0.19985960396618796,0.6041666666666666,0.3958333333333333,0.8611111111111112,38,0.6271025701571489,OK
NQ,BULLISH_1000,close_loc_stratum,CLOSE_MIDDLE,1,0.25,284,0.3274647887323944,0.014084507042253521,0.31338028169014087,0.0,0.6584507042253521,0.10954565718106843,0.19290452951044684,0.0,1.0,0.8309859154929577,0.15140845070422534,0.897887323943662,97,4.5653387447282835e-23,OK
NQ,BULLISH_1000,close_loc_stratum,CLOSE_MIDDLE,1,0.5,284,0.03873239436619718,0.0,0.03873239436619718,0.0,0.9612676056338029,0.10954565718106843,0.19290452951044684,0.0,1.0,0.8309859154929577,0.15140845070422534,0.897887323943662,11,0.0009765625,UNDERPOWERED
NQ,BULLISH_1000,close_loc_stratum,CLOSE_MIDDLE,1,1.0,284,0.0035211267605633804,0.0,0.0035211267605633804,0.0,0.9964788732394366,0.10954565718106843,0.19290452951044684,0.0,1.0,0.8309859154929577,0.15140845070422534,0.897887323943662,1,1.0,UNDERPOWERED
NQ,BULLISH_1000,close_loc_stratum,CLOSE_MIDDLE,3,0.25,284,0.4823943661971831,0.09859154929577464,0.38380281690140844,0.0,0.41901408450704225,0.08296321410408544,0.24520005605773948,0.042583959250625913,0.693979933110368,0.75,0.24295774647887325,0.897887323943662,165,1.898834462748165e-18,OK
NQ,BULLISH_1000,close_loc_stratum,CLOSE_MIDDLE,3,0.5,284,0.1056338028169014,0.007042253521126761,0.09859154929577464,0.0,0.8873239436619719,0.08296321410408544,0.24520005605773948,0.042583959250625913,0.693979933110368,0.75,0.24295774647887325,0.897887323943662,32,2.4633482098579407e-07,OK
NQ,BULLISH_1000,close_loc_stratum,CLOSE_MIDDLE,3,1.0,284,0.007042253521126761,0.0,0.007042253521126761,0.0,0.9929577464788732,0.08296321410408544,0.24520005605773948,0.042583959250625913,0.693979933110368,0.75,0.24295774647887325,0.897887323943662,2,0.5,UNDERPOWERED
NQ,BULLISH_1000,close_loc_stratum,CLOSE_MIDDLE,5,0.25,284,0.5387323943661971,0.15492957746478872,0.38380281690140844,0.0,0.30633802816901406,0.10456793336803748,0.26304916317991633,0.06754558110669417,0.5381593714927048,0.721830985915493,0.27816901408450706,0.897887323943662,197,2.604008169188834e-15,OK
NQ,BULLISH_1000,close_loc_stratum,CLOSE_MIDDLE,5,0.5,284,0.13732394366197184,0.02464788732394366,0.11267605633802817,0.0,0.8380281690140845,0.10456793336803748,0.26304916317991633,0.06754558110669417,0.5381593714927048,0.721830985915493,0.27816901408450706,0.897887323943662,46,1.831543272601266e-06,OK
NQ,BULLISH_1000,close_loc_stratum,CLOSE_MIDDLE,5,1.0,284,0.007042253521126761,0.0,0.007042253521126761,0.0,0.9929577464788732,0.10456793336803748,0.26304916317991633,0.06754558110669417,0.5381593714927048,0.721830985915493,0.27816901408450706,0.897887323943662,2,0.5,UNDERPOWERED
NQ,BULLISH_1000,close_loc_stratum,CLOSE_MIDDLE,10,0.25,284,0.6338028169014085,0.2147887323943662,0.41901408450704225,0.0,0.15140845070422534,0.10239149423210145,0.32183566260283475,0.1569065563929834,0.2928921568627451,0.6690140845070423,0.323943661971831,0.897887323943662,241,8.163132608364069e-15,OK
NQ,BULLISH_1000,close_loc_stratum,CLOSE_MIDDLE,10,0.5,284,0.24647887323943662,0.1056338028169014,0.14084507042253522,0.0,0.647887323943662,0.10239149423210145,0.32183566260283475,0.1569065563929834,0.2928921568627451,0.6690140845070423,0.323943661971831,0.897887323943662,100,7.85013964559367e-05,OK
NQ,BULLISH_1000,close_loc_stratum,CLOSE_MIDDLE,10,1.0,284,0.017605633802816902,0.01056338028169014,0.007042253521126761,0.0,0.971830985915493,0.10239149423210145,0.32183566260283475,0.1569065563929834,0.2928921568627451,0.6690140845070423,0.323943661971831,0.897887323943662,8,0.7265625,UNDERPOWERED
NQ,BULLISH_1000,close_loc_stratum,CLOSE_MIDDLE,15,0.25,284,0.6584507042253521,0.25704225352112675,0.4014084507042254,0.0,0.08450704225352113,0.09716981132075472,0.3513528138528138,0.2072451408876097,0.2416094584286804,0.6267605633802817,0.36619718309859156,0.897887323943662,260,1.0469297110797673e-12,OK
NQ,BULLISH_1000,close_loc_stratum,CLOSE_MIDDLE,15,0.5,284,0.31338028169014087,0.16901408450704225,0.1443661971830986,0.0,0.5176056338028169,0.09716981132075472,0.3513528138528138,0.2072451408876097,0.2416094584286804,0.6267605633802817,0.36619718309859156,0.897887323943662,137,0.0005809879886357773,OK
NQ,BULLISH_1000,close_loc_stratum,CLOSE_MIDDLE,15,1.0,284,0.03873239436619718,0.03169014084507042,0.007042253521126761,0.0,0.9295774647887324,0.09716981132075472,0.3513528138528138,0.2072451408876097,0.2416094584286804,0.6267605633802817,0.36619718309859156,0.897887323943662,20,0.8238029479980469,OK
NQ,BULLISH_1000,close_loc_stratum,CLOSE_MIDDLE,30,0.25,284,0.6830985915492958,0.29577464788732394,0.3873239436619718,0.0,0.02112676056338028,0.14523200201376069,0.4676786843769766,0.28388184959684054,0.24523383593151035,0.6126760563380281,0.3873239436619718,0.897887323943662,278,3.493579348798091e-11,OK
NQ,BULLISH_1000,close_loc_stratum,CLOSE_MIDDLE,30,0.5,284,0.45774647887323944,0.29225352112676056,0.16549295774647887,0.0,0.25,0.14523200201376069,0.4676786843769766,0.28388184959684054,0.24523383593151035,0.6126760563380281,0.3873239436619718,0.897887323943662,213,0.0015611343304454191,OK
NQ,BULLISH_1000,close_loc_stratum,CLOSE_MIDDLE,30,1.0,284,0.08450704225352113,0.08098591549295775,0.0035211267605633804,0.0,0.8345070422535211,0.14523200201376069,0.4676786843769766,0.28388184959684054,0.24523383593151035,0.6126760563380281,0.3873239436619718,0.897887323943662,47,1.0,OK
NQ,BULLISH_1000,close_loc_stratum,CLOSE_MIDDLE,60,0.25,284,0.6971830985915493,0.2992957746478873,0.397887323943662,0.0,0.0035211267605633804,0.18135646194717925,0.5784061372296666,0.39376429517274586,0.24613922546923261,0.6056338028169014,0.39436619718309857,0.897887323943662,283,1.5003245325684048e-11,OK
NQ,BULLISH_1000,close_loc_stratum,CLOSE_MIDDLE,60,0.5,284,0.545774647887324,0.36971830985915494,0.176056338028169,0.0,0.08450704225352113,0.18135646194717925,0.5784061372296666,0.39376429517274586,0.24613922546923261,0.6056338028169014,0.39436619718309857,0.897887323943662,260,0.0023115747945043957,OK
NQ,BULLISH_1000,close_loc_stratum,CLOSE_MIDDLE,60,1.0,284,0.2007042253521127,0.176056338028169,0.02464788732394366,0.0,0.6232394366197183,0.18135646194717925,0.5784061372296666,0.39376429517274586,0.24613922546923261,0.6056338028169014,0.39436619718309857,0.897887323943662,107,0.5620926850537901,OK
NQ,BULLISH_1000,dominance_stratum,BALANCED,1,0.25,173,0.3236994219653179,0.04046242774566474,0.2832369942196532,0.0,0.6358381502890174,0.11046511627906977,0.19298245614035087,0.0,1.0,0.8323699421965318,0.15606936416184972,0.9075144508670521,63,1.363671398024735e-10,OK
NQ,BULLISH_1000,dominance_stratum,BALANCED,1,0.5,173,0.023121387283236993,0.0,0.023121387283236993,0.0,0.976878612716763,0.11046511627906977,0.19298245614035087,0.0,1.0,0.8323699421965318,0.15606936416184972,0.9075144508670521,4,0.125,UNDERPOWERED
NQ,BULLISH_1000,dominance_stratum,BALANCED,1,1.0,173,0.0,0.0,0.0,0.0,1.0,0.11046511627906977,0.19298245614035087,0.0,1.0,0.8323699421965318,0.15606936416184972,0.9075144508670521,0,,UNDERPOWERED
NQ,BULLISH_1000,dominance_stratum,BALANCED,3,0.25,173,0.48554913294797686,0.12716763005780346,0.3583815028901734,0.0,0.3872832369942196,0.10526315789473684,0.24789915966386555,0.030303030303030304,0.7851239669421488,0.7630057803468208,0.21965317919075145,0.9075144508670521,106,1.0168289347541834e-09,OK
NQ,BULLISH_1000,dominance_stratum,BALANCED,3,0.5,173,0.08670520231213873,0.005780346820809248,0.08092485549132948,0.0,0.9075144508670521,0.10526315789473684,0.24789915966386555,0.030303030303030304,0.7851239669421488,0.7630057803468208,0.21965317919075145,0.9075144508670521,16,0.000518798828125,UNDERPOWERED
NQ,BULLISH_1000,dominance_stratum,BALANCED,3,1.0,173,0.005780346820809248,0.0,0.005780346820809248,0.0,0.9942196531791907,0.10526315789473684,0.24789915966386555,0.030303030303030304,0.7851239669421488,0.7630057803468208,0.21965317919075145,0.9075144508670521,1,1.0,UNDERPOWERED
NQ,BULLISH_1000,dominance_stratum,BALANCED,5,0.25,173,0.5606936416184971,0.19653179190751446,0.36416184971098264,0.0,0.24277456647398843,0.10588235294117647,0.2711864406779661,0.0875,0.5348837209302326,0.6994219653179191,0.30057803468208094,0.9075144508670521,131,3.321500013147583e-08,OK
NQ,BULLISH_1000,dominance_stratum,BALANCED,5,0.5,173,0.12138728323699421,0.046242774566473986,0.07514450867052024,0.0,0.8323699421965318,0.10588235294117647,0.2711864406779661,0.0875,0.5348837209302326,0.6994219653179191,0.30057803468208094,0.9075144508670521,29,0.0241195447742939,OK
NQ,BULLISH_1000,dominance_stratum,BALANCED,5,1.0,173,0.005780346820809248,0.005780346820809248,0.0,0.0,0.9884393063583815,0.10588235294117647,0.2711864406779661,0.0875,0.5348837209302326,0.6994219653179191,0.30057803468208094,0.9075144508670521,2,1.0,UNDERPOWERED
NQ,BULLISH_1000,dominance_stratum,BALANCED,10,0.25,173,0.6011560693641619,0.26011560693641617,0.34104046242774566,0.0,0.13872832369942195,0.05976095617529881,0.32460732984293195,0.1606060606060606,0.2558139534883721,0.6184971098265896,0.3815028901734104,0.9075144508670521,149,1.4920913863662092e-06,OK
NQ,BULLISH_1000,dominance_stratum,BALANCED,10,0.5,173,0.24277456647398843,0.11560693641618497,0.12716763005780346,0.0,0.6416184971098265,0.05976095617529881,0.32460732984293195,0.1606060606060606,0.2558139534883721,0.6184971098265896,0.3815028901734104,0.9075144508670521,62,0.007148733833163066,OK
NQ,BULLISH_1000,dominance_stratum,BALANCED,10,1.0,173,0.011560693641618497,0.011560693641618497,0.0,0.0,0.976878612716763,0.05976095617529881,0.32460732984293195,0.1606060606060606,0.2558139534883721,0.6184971098265896,0.3815028901734104,0.9075144508670521,4,1.0,UNDERPOWERED
NQ,BULLISH_1000,dominance_stratum,BALANCED,15,0.25,173,0.630057803468208,0.28901734104046245,0.34104046242774566,0.0,0.08092485549132948,0.04659498207885305,0.3509090909090909,0.2283464566929134,0.17557251908396945,0.5664739884393064,0.4277456647398844,0.9075144508670521,159,3.306476510172179e-06,OK
NQ,BULLISH_1000,dominance_stratum,BALANCED,15,0.5,173,0.2947976878612717,0.2023121387283237,0.09248554913294797,0.0,0.5028901734104047,0.04659498207885305,0.3509090909090909,0.2283464566929134,0.17557251908396945,0.5664739884393064,0.4277456647398844,0.9075144508670521,86,0.10522535125694396,OK
NQ,BULLISH_1000,dominance_stratum,BALANCED,15,1.0,173,0.03468208092485549,0.011560693641618497,0.023121387283236993,0.0,0.953757225433526,0.04659498207885305,0.3509090909090909,0.2283464566929134,0.17557251908396945,0.5664739884393064,0.4277456647398844,0.9075144508670521,8,0.2890625,UNDERPOWERED
NQ,BULLISH_1000,dominance_stratum,BALANCED,30,0.25,173,0.653179190751445,0.32947976878612717,0.3236994219653179,0.0,0.017341040462427744,0.1676300578034682,0.4666666666666667,0.30808080808080807,0.1956521739130435,0.5722543352601156,0.4277456647398844,0.9075144508670521,170,2.0959052717667597e-05,OK
NQ,BULLISH_1000,dominance_stratum,BALANCED,30,0.5,173,0.4277456647398844,0.30057803468208094,0.12716763005780346,0.0,0.27167630057803466,0.1676300578034682,0.4666666666666667,0.30808080808080807,0.1956521739130435,0.5722543352601156,0.4277456647398844,0.9075144508670521,126,0.06093825261566016,OK
NQ,BULLISH_1000,dominance_stratum,BALANCED,30,1.0,173,0.07514450867052024,0.046242774566473986,0.028901734104046242,0.0,0.8786127167630058,0.1676300578034682,0.4666666666666667,0.30808080808080807,0.1956521739130435,0.5722543352601156,0.4277456647398844,0.9075144508670521,21,0.38331031799316406,OK
NQ,BULLISH_1000,dominance_stratum,BALANCED,60,0.25,173,0.6589595375722543,0.34104046242774566,0.3179190751445087,0.0,0.0,0.11801242236024845,0.6045548654244306,0.4370860927152318,0.2567567567567568,0.6069364161849711,0.3930635838150289,0.9075144508670521,173,3.50253792366362e-05,OK
NQ,BULLISH_1000,dominance_stratum,BALANCED,60,0.5,173,0.5202312138728323,0.37572254335260113,0.14450867052023122,0.0,0.10404624277456648,0.11801242236024845,0.6045548654244306,0.4370860927152318,0.2567567567567568,0.6069364161849711,0.3930635838150289,0.9075144508670521,155,0.05353757584043604,OK
NQ,BULLISH_1000,dominance_stratum,BALANCED,60,1.0,173,0.23699421965317918,0.15028901734104047,0.08670520231213873,0.0,0.6127167630057804,0.11801242236024845,0.6045548654244306,0.4370860927152318,0.2567567567567568,0.6069364161849711,0.3930635838150289,0.9075144508670521,67,0.08643723427347082,OK
NQ,BULLISH_1000,dominance_stratum,DOWN_DOMINANT,1,0.25,227,0.2643171806167401,0.013215859030837005,0.2511013215859031,0.0,0.7224669603524229,0.08430232558139535,0.15938303341902313,0.0,1.0,0.8325991189427313,0.15859030837004406,0.8722466960352423,63,9.048317650695026e-15,OK
NQ,BULLISH_1000,dominance_stratum,DOWN_DOMINANT,1,0.5,227,0.02643171806167401,0.0,0.02643171806167401,0.0,0.973568281938326,0.08430232558139535,0.15938303341902313,0.0,1.0,0.8325991189427313,0.15859030837004406,0.8722466960352423,6,0.03125,UNDERPOWERED
NQ,BULLISH_1000,dominance_stratum,DOWN_DOMINANT,1,1.0,227,0.004405286343612335,0.0,0.004405286343612335,0.0,0.9955947136563876,0.08430232558139535,0.15938303341902313,0.0,1.0,0.8325991189427313,0.15859030837004406,0.8722466960352423,1,1.0,UNDERPOWERED
NQ,BULLISH_1000,dominance_stratum,DOWN_DOMINANT,3,0.25,227,0.3964757709251101,0.07048458149779736,0.32599118942731276,0.0,0.5330396475770925,0.09395973154362416,0.20930232558139536,0.029288702928870293,0.7666666666666667,0.7444933920704846,0.24669603524229075,0.8722466960352423,106,1.0994809875335328e-13,OK
NQ,BULLISH_1000,dominance_stratum,DOWN_DOMINANT,3,0.5,227,0.06167400881057269,0.004405286343612335,0.05726872246696035,0.0,0.933920704845815,0.09395973154362416,0.20930232558139536,0.029288702928870293,0.7666666666666667,0.7444933920704846,0.24669603524229075,0.8722466960352423,15,0.0009765625,UNDERPOWERED
NQ,BULLISH_1000,dominance_stratum,DOWN_DOMINANT,3,1.0,227,0.004405286343612335,0.0,0.004405286343612335,0.0,0.9955947136563876,0.09395973154362416,0.20930232558139536,0.029288702928870293,0.7666666666666667,0.7444933920704846,0.24669603524229075,0.8722466960352423,1,1.0,UNDERPOWERED
NQ,BULLISH_1000,dominance_stratum,DOWN_DOMINANT,5,0.25,227,0.4977973568281938,0.1277533039647577,0.3700440528634361,0.0,0.3744493392070485,0.12110726643598616,0.24581005586592178,0.05223880597014925,0.6601941747572816,0.7092511013215859,0.28193832599118945,0.8722466960352423,142,6.542224944064406e-13,OK
NQ,BULLISH_1000,dominance_stratum,DOWN_DOMINANT,5,0.5,227,0.09251101321585903,0.013215859030837005,0.07929515418502203,0.0,0.8942731277533039,0.12110726643598616,0.24581005586592178,0.05223880597014925,0.6601941747572816,0.7092511013215859,0.28193832599118945,0.8722466960352423,24,0.0002771615982055664,OK
NQ,BULLISH_1000,dominance_stratum,DOWN_DOMINANT,5,1.0,227,0.004405286343612335,0.0,0.004405286343612335,0.0,0.9955947136563876,0.12110726643598616,0.24581005586592178,0.05223880597014925,0.6601941747572816,0.7092511013215859,0.28193832599118945,0.8722466960352423,1,1.0,UNDERPOWERED
NQ,BULLISH_1000,dominance_stratum,DOWN_DOMINANT,10,0.25,227,0.6167400881057269,0.2026431718061674,0.41409691629955947,0.0,0.18061674008810572,0.09734513274336283,0.2972972972972973,0.11235955056179775,0.4010695187165775,0.6607929515418502,0.3303964757709251,0.8722466960352423,186,3.1128872649217725e-12,OK
NQ,BULLISH_1000,dominance_stratum,DOWN_DOMINANT,10,0.5,227,0.18502202643171806,0.07048458149779736,0.1145374449339207,0.0,0.7444933920704846,0.09734513274336283,0.2972972972972973,0.11235955056179775,0.4010695187165775,0.6607929515418502,0.3303964757709251,0.8722466960352423,58,0.0008617822405421265,OK
NQ,BULLISH_1000,dominance_stratum,DOWN_DOMINANT,10,1.0,227,0.00881057268722467,0.004405286343612335,0.004405286343612335,0.0,0.986784140969163,0.09734513274336283,0.2972972972972973,0.11235955056179775,0.4010695187165775,0.6607929515418502,0.3303964757709251,0.8722466960352423,3,1.0,UNDERPOWERED
NQ,BULLISH_1000,dominance_stratum,DOWN_DOMINANT,15,0.25,227,0.6387665198237885,0.2555066079295154,0.3832599118942731,0.0,0.10572687224669604,0.1,0.3333333333333333,0.1744186046511628,0.24641833810888253,0.6343612334801763,0.3568281938325991,0.8722466960352423,203,8.782978551181798e-10,OK
NQ,BULLISH_1000,dominance_stratum,DOWN_DOMINANT,15,0.5,227,0.2511013215859031,0.1277533039647577,0.12334801762114538,0.0,0.6211453744493393,0.1,0.3333333333333333,0.1744186046511628,0.24641833810888253,0.6343612334801763,0.3568281938325991,0.8722466960352423,86,0.0033532746580679047,OK
NQ,BULLISH_1000,dominance_stratum,DOWN_DOMINANT,15,1.0,227,0.02643171806167401,0.02643171806167401,0.0,0.0,0.947136563876652,0.1,0.3333333333333333,0.1744186046511628,0.24641833810888253,0.6343612334801763,0.3568281938325991,0.8722466960352423,12,1.0,UNDERPOWERED
NQ,BULLISH_1000,dominance_stratum,DOWN_DOMINANT,30,0.25,227,0.6740088105726872,0.2775330396475771,0.3964757709251101,0.0,0.048458149779735685,0.13786008230452676,0.4127906976744186,0.24,0.24395604395604398,0.6123348017621145,0.3876651982378855,0.8722466960352423,216,8.015361429963199e-10,OK
NQ,BULLISH_1000,dominance_stratum,DOWN_DOMINANT,30,0.5,227,0.3832599118942731,0.24669603524229075,0.13656387665198239,0.0,0.3700440528634361,0.13786008230452676,0.4127906976744186,0.24,0.24395604395604398,0.6123348017621145,0.3876651982378855,0.8722466960352423,143,0.011849894881018045,OK
NQ,BULLISH_1000,dominance_stratum,DOWN_DOMINANT,30,1.0,227,0.05726872246696035,0.06167400881057269,-0.004405286343612335,0.0,0.8810572687224669,0.13786008230452676,0.4127906976744186,0.24,0.24395604395604398,0.6123348017621145,0.3876651982378855,0.8722466960352423,27,1.0,OK
NQ,BULLISH_1000,dominance_stratum,DOWN_DOMINANT,60,0.25,227,0.7092511013215859,0.28634361233480177,0.42290748898678415,0.0,0.004405286343612335,0.1981981981981982,0.5066413662239089,0.3273542600896861,0.2244897959183673,0.6211453744493393,0.3788546255506608,0.8722466960352423,226,1.3953782373736419e-10,OK
NQ,BULLISH_1000,dominance_stratum,DOWN_DOMINANT,60,0.5,227,0.5066079295154186,0.32158590308370044,0.18502202643171806,0.0,0.17180616740088106,0.1981981981981982,0.5066413662239089,0.3273542600896861,0.2244897959183673,0.6211453744493393,0.3788546255506608,0.8722466960352423,188,0.0026914770025668754,OK
NQ,BULLISH_1000,dominance_stratum,DOWN_DOMINANT,60,1.0,227,0.1277533039647577,0.14537444933920704,-0.01762114537444934,0.0,0.7268722466960352,0.1981981981981982,0.5066413662239089,0.3273542600896861,0.2244897959183673,0.6211453744493393,0.3788546255506608,0.8722466960352423,62,0.7035366713552733,OK
NQ,BULLISH_1000,dominance_stratum,UP_DOMINANT,1,0.25,231,0.21212121212121213,0.012987012987012988,0.19913419913419914,0.0,0.7748917748917749,0.09872611464968153,0.16901408450704225,0.0,1.0,0.8701298701298701,0.12554112554112554,0.8441558441558441,52,1.042677055806962e-11,OK
NQ,BULLISH_1000,dominance_stratum,UP_DOMINANT,1,0.5,231,0.025974025974025976,0.004329004329004329,0.021645021645021644,0.0,0.9696969696969697,0.09872611464968153,0.16901408450704225,0.0,1.0,0.8701298701298701,0.12554112554112554,0.8441558441558441,7,0.125,UNDERPOWERED
NQ,BULLISH_1000,dominance_stratum,UP_DOMINANT,1,1.0,231,0.004329004329004329,0.0,0.004329004329004329,0.0,0.9956709956709957,0.09872611464968153,0.16901408450704225,0.0,1.0,0.8701298701298701,0.12554112554112554,0.8441558441558441,1,1.0,UNDERPOWERED
NQ,BULLISH_1000,dominance_stratum,UP_DOMINANT,3,0.25,231,0.35064935064935066,0.06926406926406926,0.2813852813852814,0.0,0.5800865800865801,0.06991525423728813,0.20229007633587787,0.02074688796680498,0.7916666666666666,0.7402597402597403,0.24242424242424243,0.8441558441558441,97,1.2385312683552131e-11,OK
NQ,BULLISH_1000,dominance_stratum,UP_DOMINANT,3,0.5,231,0.0735930735930736,0.008658008658008658,0.06493506493506493,0.0,0.9177489177489178,0.06991525423728813,0.20229007633587787,0.02074688796680498,0.7916666666666666,0.7402597402597403,0.24242424242424243,0.8441558441558441,19,0.000728607177734375,UNDERPOWERED
NQ,BULLISH_1000,dominance_stratum,UP_DOMINANT,3,1.0,231,0.004329004329004329,0.0,0.004329004329004329,0.0,0.9956709956709957,0.06991525423728813,0.20229007633587787,0.02074688796680498,0.7916666666666666,0.7402597402597403,0.24242424242424243,0.8441558441558441,1,1.0,UNDERPOWERED
NQ,BULLISH_1000,dominance_stratum,UP_DOMINANT,5,0.25,231,0.4329004329004329,0.11255411255411256,0.3203463203463203,0.0,0.45454545454545453,0.08391608391608392,0.22924901185770752,0.06722689075630252,0.5193798449612403,0.7229437229437229,0.2727272727272727,0.8441558441558441,126,1.9845342971897425e-11,OK
NQ,BULLISH_1000,dominance_stratum,UP_DOMINANT,5,0.5,231,0.1038961038961039,0.021645021645021644,0.08225108225108226,0.0,0.8744588744588745,0.08391608391608392,0.22924901185770752,0.06722689075630252,0.5193798449612403,0.7229437229437229,0.2727272727272727,0.8441558441558441,29,0.0005461126565933228,OK
NQ,BULLISH_1000,dominance_stratum,UP_DOMINANT,5,1.0,231,0.004329004329004329,0.0,0.004329004329004329,0.0,0.9956709956709957,0.08391608391608392,0.22924901185770752,0.06722689075630252,0.5193798449612403,0.7229437229437229,0.2727272727272727,0.8441558441558441,1,1.0,UNDERPOWERED
NQ,BULLISH_1000,dominance_stratum,UP_DOMINANT,10,0.25,231,0.5627705627705628,0.1645021645021645,0.39826839826839827,0.0,0.2727272727272727,0.11650485436893204,0.2832512315270936,0.11235955056179775,0.4347826086956522,0.70995670995671,0.29004329004329005,0.8441558441558441,168,5.593404540671204e-13,OK
NQ,BULLISH_1000,dominance_stratum,UP_DOMINANT,10,0.5,231,0.15584415584415584,0.08225108225108226,0.0735930735930736,0.0,0.7619047619047619,0.11650485436893204,0.2832512315270936,0.11235955056179775,0.4347826086956522,0.70995670995671,0.29004329004329005,0.8441558441558441,55,0.030028945411892487,OK
NQ,BULLISH_1000,dominance_stratum,UP_DOMINANT,10,1.0,231,0.017316017316017316,0.008658008658008658,0.008658008658008658,0.0,0.974025974025974,0.11650485436893204,0.2832512315270936,0.11235955056179775,0.4347826086956522,0.70995670995671,0.29004329004329005,0.8441558441558441,6,0.6875,UNDERPOWERED
NQ,BULLISH_1000,dominance_stratum,UP_DOMINANT,15,0.25,231,0.6147186147186147,0.22510822510822512,0.38961038961038963,0.0,0.15584415584415584,0.1353693181818182,0.3291302011361892,0.14345655869915863,0.3762272306267366,0.6608695652173913,0.3347826086956522,0.8441558441558441,194,7.591488591636762e-11,OK
NQ,BULLISH_1000,dominance_stratum,UP_DOMINANT,15,0.5,231,0.22510822510822512,0.1341991341991342,0.09090909090909091,0.0,0.6363636363636364,0.1353693181818182,0.3291302011361892,0.14345655869915863,0.3762272306267366,0.6608695652173913,0.3347826086956522,0.8441558441558441,83,0.027534178012294533,OK
NQ,BULLISH_1000,dominance_stratum,UP_DOMINANT,15,1.0,231,0.03463203463203463,0.021645021645021644,0.012987012987012988,0.0,0.9393939393939394,0.1353693181818182,0.3291302011361892,0.14345655869915863,0.3762272306267366,0.6608695652173913,0.3347826086956522,0.8441558441558441,13,0.5810546875,UNDERPOWERED
NQ,BULLISH_1000,dominance_stratum,UP_DOMINANT,30,0.25,231,0.6883116883116883,0.2510822510822511,0.43722943722943725,0.0,0.05627705627705628,0.15461154964686333,0.43515860866607137,0.20201149425287357,0.3971283726310776,0.6695652173913044,0.32608695652173914,0.8441558441558441,217,4.6425654373410645e-12,OK
NQ,BULLISH_1000,dominance_stratum,UP_DOMINANT,30,0.5,231,0.3852813852813853,0.19047619047619047,0.19480519480519481,0.0,0.4199134199134199,0.15461154964686333,0.43515860866607137,0.20201149425287357,0.3971283726310776,0.6695652173913044,0.32608695652173914,0.8441558441558441,133,0.00011857946685526096,OK
NQ,BULLISH_1000,dominance_stratum,UP_DOMINANT,30,1.0,231,0.07792207792207792,0.05194805194805195,0.025974025974025976,0.0,0.8658008658008658,0.15461154964686333,0.43515860866607137,0.20201149425287357,0.3971283726310776,0.6695652173913044,0.32608695652173914,0.8441558441558441,30,0.36159460805356514,OK
NQ,BULLISH_1000,dominance_stratum,UP_DOMINANT,60,0.25,231,0.7012987012987013,0.27705627705627706,0.42424242424242425,0.0,0.017316017316017316,0.16198287007110534,0.5345731298222073,0.29048936336008724,0.33528115366423916,0.6391304347826087,0.3565217391304348,0.8441558441558441,226,5.5224301251324437e-11,OK
NQ,BULLISH_1000,dominance_stratum,UP_DOMINANT,60,0.5,231,0.5194805194805194,0.27705627705627706,0.24242424242424243,0.0,0.19913419913419914,0.16198287007110534,0.5345731298222073,0.29048936336008724,0.33528115366423916,0.6391304347826087,0.3565217391304348,0.8441558441558441,184,4.4273647819452346e-05,OK
NQ,BULLISH_1000,dominance_stratum,UP_DOMINANT,60,1.0,231,0.1645021645021645,0.1038961038961039,0.06060606060606061,0.0,0.7272727272727273,0.16198287007110534,0.5345731298222073,0.29048936336008724,0.33528115366423916,0.6391304347826087,0.3565217391304348,0.8441558441558441,62,0.09795444051950736,OK
