instrument,side,activation_window,context_dim,context_value,horizon_min,barrier,valid_blocks,first_interactions,same_bar_reversal_rate,same_bar_breakthrough_rate,same_bar_unresolved_rate,median_signed_close_atr,median_rev_exc_atr,median_brk_exc_atr,median_dominance,p_rev_exc_gt_brk_exc,p_brk_exc_gt_rev_exc,retouch_rate,reversal_first_n,breakthrough_first_n,tie_n,neither_n,n_nontied,reversal_first_rate,breakthrough_first_rate,rev_minus_brk_first_rate,tie_rate,neither_rate,binom_p,sample_status
ES,lower,WITHIN_10AM_CANDLE,ALL,ALL,15,0.5,251,251,0.4701195219123506,0.30278884462151395,0.22709163346613545,0.0,0.2923076923076923,0.25806451612903225,0.08333333333333331,0.5139442231075697,0.4701195219123506,0.9123505976095617,64,51,0,136,115,0.2549800796812749,0.20318725099601595,0.05179282868525897,0.0,0.5418326693227091,0.26305395754293537,OK
ES,lower,WITHIN_10AM_CANDLE,pre10_stratum,PRE10_DOWN,15,0.5,228,228,0.4692982456140351,0.30701754385964913,0.2236842105263158,0.0,0.2904837430610626,0.237468671679198,0.11437908496732029,0.5263157894736842,0.4605263157894737,0.9078947368421053,58,44,0,126,102,0.2543859649122807,0.19298245614035087,0.06140350877192982,0.0,0.5526315789473685,0.1977898630680834,OK
ES,lower,WITHIN_10AM_CANDLE,pre10_stratum,PRE10_FLAT,15,0.5,3,3,0.3333333333333333,0.3333333333333333,0.3333333333333333,0.0,0.42857142857142855,0.14285714285714285,0.5,0.6666666666666666,0.3333333333333333,1.0,1,1,0,1,2,0.3333333333333333,0.3333333333333333,0.0,0.0,0.3333333333333333,1.0,UNDERPOWERED
ES,lower,WITHIN_10AM_CANDLE,pre10_stratum,PRE10_UP,15,0.5,20,20,0.5,0.25,0.25,0.058823529411764705,0.28425794215267897,0.4392982456140351,-0.12857142857142856,0.35,0.6,0.95,5,6,0,9,11,0.25,0.3,-0.05,0.0,0.45,1.0,UNDERPOWERED
ES,lower,WITHIN_10AM_CANDLE,close_loc_stratum,CLOSE_HIGH,15,0.5,3,3,0.3333333333333333,0.6666666666666666,0.0,0.3103448275862069,0.7241379310344828,0.1724137931034483,0.6153846153846154,0.6666666666666666,0.3333333333333333,0.6666666666666666,2,1,0,0,3,0.6666666666666666,0.3333333333333333,0.3333333333333333,0.0,0.0,1.0,UNDERPOWERED
ES,lower,WITHIN_10AM_CANDLE,close_loc_stratum,CLOSE_LOW,15,0.5,191,191,0.4607329842931937,0.3507853403141361,0.18848167539267016,0.0,0.26666666666666666,0.26,0.0,0.49214659685863876,0.4869109947643979,0.8952879581151832,40,36,0,115,76,0.2094240837696335,0.18848167539267016,0.020942408376963352,0.0,0.6020942408376964,0.7310088822226056,OK
ES,lower,WITHIN_10AM_CANDLE,close_loc_stratum,CLOSE_MIDDLE,15,0.5,57,57,0.5087719298245614,0.12280701754385964,0.3684210526315789,0.06315789473684211,0.390625,0.25806451612903225,0.23076923076923078,0.5789473684210527,0.42105263157894735,0.9824561403508771,22,14,0,21,36,0.38596491228070173,0.24561403508771928,0.14035087719298245,0.0,0.3684210526315789,0.24298495403490966,OK
ES,lower,WITHIN_10AM_CANDLE,dominance_stratum,BALANCED,15,0.5,73,73,0.4520547945205479,0.3013698630136986,0.2465753424657534,0.022222222222222223,0.3541666666666667,0.23684210526315788,0.23076923076923075,0.5616438356164384,0.4383561643835616,0.958904109589041,23,16,0,34,39,0.3150684931506849,0.2191780821917808,0.0958904109589041,0.0,0.4657534246575342,0.3367836351899315,OK
ES,lower,WITHIN_10AM_CANDLE,dominance_stratum,DOWN_DOMINANT,15,0.5,138,138,0.4927536231884058,0.2826086956521739,0.2246376811594203,0.0036231884057971015,0.2633333333333333,0.22100907941615905,0.08012820512820512,0.5144927536231884,0.47101449275362317,0.8840579710144928,30,26,0,82,56,0.21739130434782608,0.18840579710144928,0.028985507246376812,0.0,0.5942028985507246,0.6888797607233395,OK
ES,lower,WITHIN_10AM_CANDLE,dominance_stratum,UP_DOMINANT,15,0.5,40,40,0.425,0.375,0.2,0.0,0.297270955165692,0.36330698287220026,-0.05714285714285714,0.425,0.525,0.925,11,9,0,20,20,0.275,0.225,0.05,0.0,0.5,0.8238029479980469,UNDERPOWERED
ES,lower,WITHIN_10AM_CANDLE,freshness,PRETOUCHED,15,0.5,133,133,0.5413533834586466,0.2556390977443609,0.20300751879699247,0.05384615384615385,0.3333333333333333,0.22,0.23076923076923073,0.5789473684210527,0.39097744360902253,0.9022556390977443,36,25,0,72,61,0.2706766917293233,0.18796992481203006,0.08270676691729323,0.0,0.5413533834586466,0.20003136851310313,OK
ES,lower,WITHIN_10AM_CANDLE,freshness,PRISTINE,15,0.5,118,118,0.3898305084745763,0.3559322033898305,0.2542372881355932,0.0,0.24497449744974498,0.27890295358649786,-0.07774086378737538,0.4406779661016949,0.559322033898305,0.923728813559322,28,26,0,64,54,0.23728813559322035,0.22033898305084745,0.01694915254237288,0.0,0.5423728813559322,0.8919231511047488,OK
ES,lower,WITHIN_10AM_CANDLE,momentum,MOMENTUM_INTO_BLOCK,15,0.5,113,113,0.49557522123893805,0.3185840707964602,0.18584070796460178,0.0,0.25316455696202533,0.22077922077922077,0.0,0.49557522123893805,0.48672566371681414,0.8672566371681416,19,21,0,73,40,0.168141592920354,0.18584070796460178,-0.017699115044247787,0.0,0.6460176991150443,0.8746293123804207,OK
ES,lower,WITHIN_10AM_CANDLE,momentum,NOT_MOMENTUM_INTO_BLOCK,15,0.5,138,138,0.4492753623188406,0.2898550724637681,0.2608695652173913,0.011111111111111112,0.34949712643678166,0.28908355795148244,0.11437908496732029,0.5289855072463768,0.45652173913043476,0.9492753623188406,45,30,0,63,75,0.32608695652173914,0.21739130434782608,0.10869565217391304,0.0,0.45652173913043476,0.10534226887460482,OK
ES,lower,WITHIN_5MIN,ALL,ALL,15,0.5,384,384,0.4713541666666667,0.2760416666666667,0.2526041666666667,0.0,0.29991645781119464,0.24662162162162163,0.08712121212121211,0.5234375,0.4583333333333333,0.9244791666666666,99,83,0,202,182,0.2578125,0.21614583333333334,0.041666666666666664,0.0,0.5260416666666666,0.26614202924299535,OK
ES,lower,WITHIN_5MIN,pre10_stratum,PRE10_DOWN,15,0.5,325,325,0.47692307692307695,0.27076923076923076,0.2523076923076923,0.022222222222222223,0.2972972972972973,0.23333333333333334,0.11764705882352941,0.5323076923076923,0.4492307692307692,0.9230769230769231,81,64,0,180,145,0.24923076923076923,0.19692307692307692,0.052307692307692305,0.0,0.5538461538461539,0.18374624131166653,OK
ES,lower,WITHIN_5MIN,pre10_stratum,PRE10_FLAT,15,0.5,5,5,0.4,0.2,0.4,0.0,0.42857142857142855,0.0,1.0,0.8,0.2,1.0,2,1,0,2,3,0.4,0.2,0.2,0.0,0.4,1.0,UNDERPOWERED
ES,lower,WITHIN_5MIN,pre10_stratum,PRE10_UP,15,0.5,54,54,0.4444444444444444,0.3148148148148148,0.24074074074074073,0.0,0.3273809523809524,0.3691511387163561,-0.05714285714285714,0.4444444444444444,0.5370370370370371,0.9259259259259259,16,18,0,20,34,0.2962962962962963,0.3333333333333333,-0.037037037037037035,0.0,0.37037037037037035,0.8641662404406816,OK
ES,lower,WITHIN_5MIN,close_loc_stratum,CLOSE_HIGH,15,0.5,12,12,0.5833333333333334,0.3333333333333333,0.08333333333333333,0.15517241379310345,0.5701754385964912,0.20525451559934318,0.5445344129554657,0.5833333333333334,0.4166666666666667,0.8333333333333334,6,5,0,1,11,0.5,0.4166666666666667,0.08333333333333333,0.0,0.08333333333333333,1.0,UNDERPOWERED
ES,lower,WITHIN_5MIN,close_loc_stratum,CLOSE_LOW,15,0.5,229,229,0.4585152838427948,0.32751091703056767,0.21397379912663755,0.0,0.26666666666666666,0.25,0.0,0.49344978165938863,0.48034934497816595,0.9126637554585153,46,42,0,141,88,0.20087336244541484,0.18340611353711792,0.017467248908296942,0.0,0.6157205240174672,0.7493290032022802,OK
ES,lower,WITHIN_5MIN,close_loc_stratum,CLOSE_MIDDLE,15,0.5,143,143,0.4825174825174825,0.1888111888111888,0.32867132867132864,0.02702702702702703,0.3541666666666667,0.24324324324324326,0.20000000000000004,0.5664335664335665,0.42657342657342656,0.951048951048951,47,36,0,60,83,0.32867132867132864,0.2517482517482518,0.07692307692307693,0.0,0.4195804195804196,0.272268945972048,OK
ES,lower,WITHIN_5MIN,dominance_stratum,BALANCED,15,0.5,111,111,0.4594594594594595,0.2702702702702703,0.2702702702702703,0.0,0.35294117647058826,0.25,0.14285714285714285,0.5495495495495496,0.44144144144144143,0.9369369369369369,37,24,0,50,61,0.3333333333333333,0.21621621621621623,0.11711711711711711,0.0,0.45045045045045046,0.12373144253809215,OK
ES,lower,WITHIN_5MIN,dominance_stratum,DOWN_DOMINANT,15,0.5,209,209,0.4880382775119617,0.24880382775119617,0.2631578947368421,0.038461538461538464,0.2777777777777778,0.22,0.17647058823529416,0.5358851674641149,0.4449760765550239,0.9186602870813397,44,41,0,124,85,0.21052631578947367,0.19617224880382775,0.014354066985645933,0.0,0.5933014354066986,0.8284232741648999,OK
ES,lower,WITHIN_5MIN,dominance_stratum,UP_DOMINANT,15,0.5,64,64,0.4375,0.375,0.1875,0.0,0.3053728070175439,0.3405797101449275,-0.08333333333333329,0.4375,0.53125,0.921875,18,18,0,28,36,0.28125,0.28125,0.0,0.0,0.4375,1.0,OK
ES,lower,WITHIN_5MIN,freshness,PRETOUCHED,15,0.5,233,233,0.5107296137339056,0.23605150214592274,0.2532188841201717,0.05,0.32,0.21052631578947367,0.21212121212121207,0.575107296137339,0.3948497854077253,0.9141630901287554,62,46,0,125,108,0.26609442060085836,0.19742489270386265,0.06866952789699571,0.0,0.5364806866952789,0.1485763476105622,OK
ES,lower,WITHIN_5MIN,freshness,PRISTINE,15,0.5,151,151,0.4105960264900662,0.33774834437086093,0.25165562913907286,0.0,0.2545454545454545,0.2911392405063291,-0.07142857142857145,0.44370860927152317,0.5562913907284768,0.9403973509933775,37,37,0,77,74,0.24503311258278146,0.24503311258278146,0.0,0.0,0.5099337748344371,1.0,OK
ES,lower,WITHIN_5MIN,momentum,MOMENTUM_INTO_BLOCK,15,0.5,139,139,0.48201438848920863,0.302158273381295,0.2158273381294964,0.0,0.2545454545454545,0.22123893805309736,0.02127659574468077,0.5035971223021583,0.4748201438848921,0.8920863309352518,23,25,0,91,48,0.16546762589928057,0.17985611510791366,-0.014388489208633094,0.0,0.6546762589928058,0.8854334972865135,OK
ES,lower,WITHIN_5MIN,momentum,NOT_MOMENTUM_INTO_BLOCK,15,0.5,245,245,0.46530612244897956,0.2612244897959184,0.27346938775510204,0.0,0.3333333333333333,0.25925925925925924,0.11111111111111115,0.5346938775510204,0.4489795918367347,0.9428571428571428,76,58,0,111,134,0.31020408163265306,0.23673469387755103,0.07346938775510205,0.0,0.4530612244897959,0.14166174981277432,OK
ES,lower,WITHIN_10MIN,ALL,ALL,15,0.5,470,470,0.46808510638297873,0.24893617021276596,0.28297872340425534,0.023015873015873017,0.3076923076923077,0.22431386347642507,0.12499999999999999,0.5425531914893617,0.43617021276595747,0.9212765957446809,127,91,0,252,218,0.2702127659574468,0.19361702127659575,0.07659574468085106,0.0,0.5361702127659574,0.017562221952778453,OK
ES,lower,WITHIN_10MIN,pre10_stratum,PRE10_DOWN,15,0.5,377,377,0.47480106100795755,0.2546419098143236,0.27055702917771884,0.022222222222222223,0.30158730158730157,0.22123893805309736,0.18840579710144922,0.5464190981432361,0.4350132625994695,0.9177718832891246,100,69,0,208,169,0.26525198938992045,0.1830238726790451,0.08222811671087533,0.0,0.5517241379310345,0.02074104038358705,OK
ES,lower,WITHIN_10MIN,pre10_stratum,PRE10_FLAT,15,0.5,8,8,0.375,0.125,0.5,0.17615384615384616,0.35027472527472525,0.13142857142857142,0.375,0.75,0.25,1.0,2,1,0,5,3,0.25,0.125,0.125,0.0,0.625,1.0,UNDERPOWERED
ES,lower,WITHIN_10MIN,pre10_stratum,PRE10_UP,15,0.5,85,85,0.4470588235294118,0.23529411764705882,0.3176470588235294,0.0,0.34210526315789475,0.2631578947368421,0.009708737864077615,0.5058823529411764,0.4588235294117647,0.9294117647058824,25,21,0,39,46,0.29411764705882354,0.24705882352941178,0.047058823529411764,0.0,0.4588235294117647,0.6587380770236564,OK
ES,lower,WITHIN_10MIN,close_loc_stratum,CLOSE_HIGH,15,0.5,17,17,0.5294117647058824,0.29411764705882354,0.17647058823529413,0.12195121951219512,0.43902439024390244,0.23809523809523808,0.44000000000000006,0.5882352941176471,0.4117647058823529,0.8823529411764706,7,6,0,4,13,0.4117647058823529,0.35294117647058826,0.058823529411764705,0.0,0.23529411764705882,1.0,UNDERPOWERED
ES,lower,WITHIN_10MIN,close_loc_stratum,CLOSE_LOW,15,0.5,247,247,0.4574898785425101,0.31983805668016196,0.22267206477732793,0.007246376811594203,0.2736842105263158,0.23275862068965517,0.06976744186046517,0.5101214574898786,0.46558704453441296,0.902834008097166,54,42,0,151,96,0.21862348178137653,0.1700404858299595,0.048582995951417005,0.0,0.611336032388664,0.2614694362863879,OK
ES,lower,WITHIN_10MIN,close_loc_stratum,CLOSE_MIDDLE,15,0.5,206,206,0.47572815533980584,0.16019417475728157,0.3640776699029126,0.0323814380418154,0.3390804597701149,0.20974076983503534,0.20606060606060606,0.5776699029126213,0.4029126213592233,0.9466019417475728,66,43,0,97,109,0.32038834951456313,0.2087378640776699,0.11165048543689321,0.0,0.470873786407767,0.03461537053818671,OK
ES,lower,WITHIN_10MIN,dominance_stratum,BALANCED,15,0.5,141,141,0.46099290780141844,0.24822695035460993,0.2907801418439716,0.023809523809523808,0.3392857142857143,0.25,0.19999999999999996,0.5531914893617021,0.425531914893617,0.9361702127659575,46,27,0,68,73,0.3262411347517731,0.19148936170212766,0.1347517730496454,0.0,0.48226950354609927,0.034415913668175036,OK
ES,lower,WITHIN_10MIN,dominance_stratum,DOWN_DOMINANT,15,0.5,247,247,0.4817813765182186,0.22672064777327935,0.291497975708502,0.038461538461538464,0.2962962962962963,0.20454545454545456,0.23076923076923078,0.562753036437247,0.42105263157894735,0.9149797570850202,59,44,0,144,103,0.2388663967611336,0.17813765182186234,0.06072874493927125,0.0,0.582995951417004,0.1674443344120587,OK
ES,lower,WITHIN_10MIN,dominance_stratum,UP_DOMINANT,15,0.5,82,82,0.43902439024390244,0.3170731707317073,0.24390243902439024,0.0,0.30879237288135597,0.30550373134328357,-0.009433962264150933,0.4634146341463415,0.5,0.9146341463414634,22,20,0,40,42,0.2682926829268293,0.24390243902439024,0.024390243902439025,0.0,0.4878048780487805,0.8776143287523154,OK
ES,lower,WITHIN_10MIN,freshness,PRETOUCHED,15,0.5,291,291,0.5017182130584192,0.20618556701030927,0.2920962199312715,0.05384615384615385,0.3225806451612903,0.19444444444444445,0.24000000000000005,0.5910652920962199,0.38144329896907214,0.9072164948453608,82,50,0,159,132,0.281786941580756,0.1718213058419244,0.10996563573883161,0.0,0.5463917525773195,0.00674635885953616,OK
ES,lower,WITHIN_10MIN,freshness,PRISTINE,15,0.5,179,179,0.4134078212290503,0.31843575418994413,0.2681564245810056,0.0,0.2807017543859649,0.26666666666666666,-0.05882352941176471,0.46368715083798884,0.5251396648044693,0.9441340782122905,45,41,0,93,86,0.25139664804469275,0.22905027932960895,0.0223463687150838,0.0,0.5195530726256983,0.7465343822890571,OK
ES,lower,WITHIN_10MIN,momentum,MOMENTUM_INTO_BLOCK,15,0.5,152,152,0.4868421052631579,0.29605263157894735,0.21710526315789475,0.02993161240608746,0.2639444444444444,0.20886676149834044,0.1824381926683717,0.5328947368421053,0.4473684210526316,0.881578947368421,29,25,0,98,54,0.19078947368421054,0.16447368421052633,0.02631578947368421,0.0,0.6447368421052632,0.6834892282353371,OK
ES,lower,WITHIN_10MIN,momentum,NOT_MOMENTUM_INTO_BLOCK,15,0.5,318,318,0.4591194968553459,0.22641509433962265,0.31446540880503143,0.023015873015873017,0.3333333333333333,0.25,0.12132352941176469,0.5471698113207547,0.4308176100628931,0.940251572327044,98,66,0,154,164,0.3081761006289308,0.20754716981132076,0.10062893081761007,0.0,0.48427672955974843,0.01523502593351421,OK
ES,lower,WITHIN_15MIN,ALL,ALL,15,0.5,541,541,0.47504621072088726,0.2365988909426987,0.28835489833641403,0.007246376811594203,0.3050847457627119,0.23684210526315788,0.11111111111111115,0.532347504621072,0.4491682070240296,0.9260628465804066,143,108,0,290,251,0.2643253234750462,0.19963031423290203,0.06469500924214418,0.0,0.5360443622920518,0.031662588111442916,OK
ES,lower,WITHIN_15MIN,pre10_stratum,PRE10_DOWN,15,0.5,415,415,0.472289156626506,0.2433734939759036,0.28433734939759037,0.01675977653631285,0.2972972972972973,0.22448979591836735,0.14285714285714285,0.5373493975903615,0.4457831325301205,0.9228915662650602,107,77,0,231,184,0.25783132530120484,0.1855421686746988,0.07228915662650602,0.0,0.5566265060240964,0.032242423435938715,OK
ES,lower,WITHIN_15MIN,pre10_stratum,PRE10_FLAT,15,0.5,9,9,0.4444444444444444,0.1111111111111111,0.4444444444444444,0.16,0.3076923076923077,0.14285714285714285,0.25000000000000006,0.7777777777777778,0.2222222222222222,1.0,2,1,0,6,3,0.2222222222222222,0.1111111111111111,0.1111111111111111,0.0,0.6666666666666666,1.0,UNDERPOWERED
ES,lower,WITHIN_15MIN,pre10_stratum,PRE10_UP,15,0.5,117,117,0.48717948717948717,0.2222222222222222,0.2905982905982906,0.0,0.34210526315789475,0.25925925925925924,0.0,0.49572649572649574,0.47863247863247865,0.9316239316239316,34,30,0,53,64,0.2905982905982906,0.2564102564102564,0.03418803418803419,0.0,0.452991452991453,0.7079807541347641,OK
ES,lower,WITHIN_15MIN,close_loc_stratum,CLOSE_HIGH,15,0.5,32,32,0.5625,0.21875,0.21875,0.04054054054054054,0.37034161490683226,0.22061011904761904,0.24747474747474751,0.59375,0.40625,0.90625,11,10,0,11,21,0.34375,0.3125,0.03125,0.0,0.34375,1.0,UNDERPOWERED
ES,lower,WITHIN_15MIN,close_loc_stratum,CLOSE_LOW,15,0.5,256,256,0.4609375,0.3125,0.2265625,0.020284650172918327,0.2777777777777778,0.22862420830401126,0.08391608391608392,0.515625,0.4609375,0.90234375,55,44,0,157,99,0.21484375,0.171875,0.04296875,0.0,0.61328125,0.31487989103762254,OK
ES,lower,WITHIN_15MIN,close_loc_stratum,CLOSE_MIDDLE,15,0.5,253,253,0.4782608695652174,0.16205533596837945,0.35968379446640314,0.0,0.32142857142857145,0.2389937106918239,0.1111111111111111,0.541501976284585,0.4426877470355731,0.9525691699604744,77,54,0,122,131,0.30434782608695654,0.2134387351778656,0.09090909090909091,0.0,0.48221343873517786,0.05417080038723309,OK
ES,lower,WITHIN_15MIN,dominance_stratum,BALANCED,15,0.5,158,158,0.46835443037974683,0.24050632911392406,0.2911392405063291,0.0,0.3333333333333333,0.24404761904761904,0.14285714285714285,0.5443037974683544,0.43670886075949367,0.930379746835443,50,33,0,75,83,0.31645569620253167,0.2088607594936709,0.10759493670886076,0.0,0.47468354430379744,0.07841962481580764,OK
ES,lower,WITHIN_15MIN,dominance_stratum,DOWN_DOMINANT,15,0.5,280,280,0.4857142857142857,0.21071428571428572,0.30357142857142855,0.03610930383864672,0.2892290869327502,0.20618800188946623,0.21498599439775912,0.55,0.4357142857142857,0.9214285714285714,66,49,0,165,115,0.2357142857142857,0.175,0.060714285714285714,0.0,0.5892857142857143,0.13535040983481555,OK
ES,lower,WITHIN_15MIN,dominance_stratum,UP_DOMINANT,15,0.5,103,103,0.4563106796116505,0.30097087378640774,0.24271844660194175,0.0,0.3142857142857143,0.29850746268656714,-0.018867924528301865,0.46601941747572817,0.5048543689320388,0.9320388349514563,27,26,0,50,53,0.2621359223300971,0.2524271844660194,0.009708737864077669,0.0,0.4854368932038835,1.0,OK
ES,lower,WITHIN_15MIN,freshness,PRETOUCHED,15,0.5,340,340,0.5147058823529411,0.19117647058823528,0.29411764705882354,0.05,0.32071428571428573,0.2,0.22649572649572647,0.5735294117647058,0.40294117647058825,0.9147058823529411,93,62,0,185,155,0.2735294117647059,0.18235294117647058,0.09117647058823529,0.0,0.5441176470588235,0.015693618723720187,OK
ES,lower,WITHIN_15MIN,freshness,PRISTINE,15,0.5,201,201,0.4079601990049751,0.31343283582089554,0.27860696517412936,0.0,0.2807017543859649,0.26573426573426573,-0.05882352941176473,0.4626865671641791,0.527363184079602,0.945273631840796,50,46,0,105,96,0.24875621890547264,0.22885572139303484,0.01990049751243781,0.0,0.5223880597014925,0.7596492883236299,OK
ES,lower,WITHIN_15MIN,momentum,MOMENTUM_INTO_BLOCK,15,0.5,158,158,0.4936708860759494,0.2911392405063291,0.21518987341772153,0.03879310344827586,0.2653333333333333,0.20886676149834044,0.20204603580562658,0.5379746835443038,0.4430379746835443,0.879746835443038,30,26,0,102,56,0.189873417721519,0.16455696202531644,0.02531645569620253,0.0,0.6455696202531646,0.6888797607233395,OK
ES,lower,WITHIN_15MIN,momentum,NOT_MOMENTUM_INTO_BLOCK,15,0.5,383,383,0.46736292428198434,0.21409921671018275,0.3185378590078329,0.0,0.32,0.25,0.08,0.5300261096605744,0.4516971279373368,0.9451697127937336,113,82,0,188,195,0.2950391644908616,0.21409921671018275,0.08093994778067885,0.0,0.4908616187989556,0.03142191449014981,OK
ES,lower,WITHIN_30MIN,ALL,ALL,15,0.5,629,629,0.4785373608903021,0.2289348171701113,0.29252782193958665,0.02631578947368421,0.3050847457627119,0.21739130434782608,0.125,0.5389507154213037,0.4419713831478537,0.9236883942766295,172,122,0,335,294,0.27344992050874406,0.19395866454689983,0.0794912559618442,0.0,0.5325914149443561,0.004188557996587833,OK
ES,lower,WITHIN_30MIN,pre10_stratum,PRE10_DOWN,15,0.5,453,453,0.47019867549668876,0.24061810154525387,0.2891832229580574,0.022222222222222223,0.2962962962962963,0.2222222222222222,0.12499999999999997,0.5364238410596026,0.445916114790287,0.9227373068432672,116,83,0,254,199,0.2560706401766004,0.18322295805739514,0.0728476821192053,0.0,0.5607064017660044,0.023062898871225274,OK
ES,lower,WITHIN_30MIN,pre10_stratum,PRE10_FLAT,15,0.5,9,9,0.4444444444444444,0.1111111111111111,0.4444444444444444,0.16,0.3076923076923077,0.14285714285714285,0.25000000000000006,0.7777777777777778,0.2222222222222222,1.0,2,1,0,6,3,0.2222222222222222,0.1111111111111111,0.1111111111111111,0.0,0.6666666666666666,1.0,UNDERPOWERED
ES,lower,WITHIN_30MIN,pre10_stratum,PRE10_UP,15,0.5,167,167,0.5029940119760479,0.20359281437125748,0.2934131736526946,0.06395348837209303,0.3448275862068966,0.2,0.1111111111111111,0.5329341317365269,0.4431137724550898,0.9221556886227545,54,38,0,75,92,0.32335329341317365,0.2275449101796407,0.09580838323353294,0.0,0.4491017964071856,0.11737015883134433,OK
ES,lower,WITHIN_30MIN,close_loc_stratum,CLOSE_HIGH,15,0.5,65,65,0.5230769230769231,0.2,0.27692307692307694,0.06395348837209303,0.34210526315789475,0.18055555555555555,0.44000000000000006,0.5846153846153846,0.4,0.8923076923076924,22,16,0,27,38,0.3384615384615385,0.24615384615384617,0.09230769230769231,0.0,0.4153846153846154,0.417692190836533,OK
ES,lower,WITHIN_30MIN,close_loc_stratum,CLOSE_LOW,15,0.5,264,264,0.4583333333333333,0.3181818181818182,0.22348484848484848,0.027056277056277056,0.2757309941520468,0.2231800766283525,0.08391608391608392,0.5189393939393939,0.4583333333333333,0.9015151515151515,56,44,0,164,100,0.21212121212121213,0.16666666666666666,0.045454545454545456,0.0,0.6212121212121212,0.2712530240738354,OK
ES,lower,WITHIN_30MIN,close_loc_stratum,CLOSE_MIDDLE,15,0.5,300,300,0.4866666666666667,0.15666666666666668,0.3566666666666667,0.018803418803418806,0.32142857142857145,0.21637426900584794,0.15037593984962405,0.5466666666666666,0.43666666666666665,0.95,94,62,0,144,156,0.31333333333333335,0.20666666666666667,0.10666666666666667,0.0,0.48,0.012813143553546088,OK
ES,lower,WITHIN_30MIN,dominance_stratum,BALANCED,15,0.5,190,190,0.47368421052631576,0.23157894736842105,0.29473684210526313,0.032229965156794424,0.35355392156862747,0.2,0.23700623700623702,0.5736842105263158,0.4105263157894737,0.9263157894736842,65,37,0,88,102,0.34210526315789475,0.19473684210526315,0.14736842105263157,0.0,0.4631578947368421,0.007206214620046471,OK
ES,lower,WITHIN_30MIN,dominance_stratum,DOWN_DOMINANT,15,0.5,307,307,0.4788273615635179,0.21172638436482086,0.30944625407166126,0.034482758620689655,0.2830188679245283,0.2072072072072072,0.19999999999999996,0.5439739413680782,0.43973941368078173,0.9250814332247557,71,53,0,183,124,0.23127035830618892,0.17263843648208468,0.05863192182410423,0.0,0.5960912052117264,0.1265100563218553,OK
ES,lower,WITHIN_30MIN,dominance_stratum,UP_DOMINANT,15,0.5,132,132,0.48484848484848486,0.26515151515151514,0.25,0.0,0.31339285714285714,0.28908355795148244,0.0,0.4772727272727273,0.49242424242424243,0.9166666666666666,36,32,0,64,68,0.2727272727272727,0.24242424242424243,0.030303030303030304,0.0,0.48484848484848486,0.716300760154337,OK
ES,lower,WITHIN_30MIN,freshness,PRETOUCHED,15,0.5,395,395,0.5063291139240507,0.18734177215189873,0.30632911392405066,0.03773584905660377,0.3142857142857143,0.1956521739130435,0.22222222222222224,0.5645569620253165,0.41012658227848103,0.9139240506329114,108,71,0,216,179,0.27341772151898736,0.17974683544303796,0.09367088607594937,0.0,0.5468354430379747,0.006961190928254817,OK
ES,lower,WITHIN_30MIN,freshness,PRISTINE,15,0.5,234,234,0.43162393162393164,0.29914529914529914,0.2692307692307692,0.0,0.2934002869440459,0.25,0.0,0.49572649572649574,0.49572649572649574,0.9401709401709402,64,51,0,119,115,0.27350427350427353,0.21794871794871795,0.05555555555555555,0.0,0.5085470085470085,0.26305395754293537,OK
ES,lower,WITHIN_30MIN,momentum,MOMENTUM_INTO_BLOCK,15,0.5,165,165,0.48484848484848486,0.30303030303030304,0.21212121212121213,0.04310344827586207,0.264,0.21052631578947367,0.17647058823529416,0.5393939393939394,0.44242424242424244,0.8787878787878788,31,26,0,108,57,0.18787878787878787,0.15757575757575756,0.030303030303030304,0.0,0.6545454545454545,0.5966417603730826,OK
ES,lower,WITHIN_30MIN,momentum,NOT_MOMENTUM_INTO_BLOCK,15,0.5,464,464,0.47629310344827586,0.2025862068965517,0.32112068965517243,0.018803418803418806,0.3204938271604938,0.237468671679198,0.12499999999999999,0.5387931034482759,0.4418103448275862,0.9396551724137931,141,96,0,227,237,0.30387931034482757,0.20689655172413793,0.09698275862068965,0.0,0.4892241379310345,0.004164825184005584,OK
ES,lower,WITHIN_60MIN,ALL,ALL,15,0.5,707,707,0.4681753889674682,0.22913719943422914,0.3026874115983027,0.01020408163265306,0.2962962962962963,0.23255813953488372,0.08333333333333331,0.5261669024045261,0.45685997171145687,0.9278642149929278,185,145,0,377,330,0.26166902404526166,0.2050919377652051,0.056577086280056574,0.0,0.5332390381895332,0.03164673470771364,OK
ES,lower,WITHIN_60MIN,pre10_stratum,PRE10_DOWN,15,0.5,479,479,0.4697286012526096,0.24217118997912318,0.2881002087682672,0.01675977653631285,0.29310344827586204,0.22413793103448276,0.11111111111111116,0.5323590814196242,0.4509394572025052,0.9206680584551148,121,92,0,266,213,0.25260960334029225,0.19206680584551147,0.060542797494780795,0.0,0.5553235908141962,0.054788507489458946,OK
ES,lower,WITHIN_60MIN,pre10_stratum,PRE10_FLAT,15,0.5,10,10,0.5,0.1,0.4,0.0916279069767442,0.3038461538461539,0.17142857142857143,0.23611111111111116,0.7,0.3,1.0,2,1,0,7,3,0.2,0.1,0.1,0.0,0.7,1.0,UNDERPOWERED
ES,lower,WITHIN_60MIN,pre10_stratum,PRE10_UP,15,0.5,218,218,0.463302752293578,0.20642201834862386,0.3302752293577982,0.0,0.3016651798988998,0.2450784117450784,0.01034887442654428,0.5045871559633027,0.47706422018348627,0.9403669724770642,62,52,0,104,114,0.28440366972477066,0.23853211009174313,0.045871559633027525,0.0,0.47706422018348627,0.39937318688053774,OK
ES,lower,WITHIN_60MIN,close_loc_stratum,CLOSE_HIGH,15,0.5,96,96,0.4791666666666667,0.20833333333333334,0.3125,0.0,0.25998463901689706,0.22061011904761904,0.20714285714285713,0.5208333333333334,0.46875,0.9270833333333334,26,24,0,46,50,0.2708333333333333,0.25,0.020833333333333332,0.0,0.4791666666666667,0.887724827340783,OK
ES,lower,WITHIN_60MIN,close_loc_stratum,CLOSE_LOW,15,0.5,269,269,0.4646840148698885,0.3159851301115242,0.21933085501858737,0.023809523809523808,0.2736842105263158,0.22330097087378642,0.07692307692307693,0.516728624535316,0.46096654275092935,0.9033457249070632,57,45,0,167,102,0.21189591078066913,0.16728624535315986,0.04460966542750929,0.0,0.620817843866171,0.27601389249250197,OK
ES,lower,WITHIN_60MIN,close_loc_stratum,CLOSE_MIDDLE,15,0.5,342,342,0.4678362573099415,0.16666666666666666,0.3654970760233918,0.010081053698074976,0.30805176132278933,0.23606889564336372,0.08166666666666667,0.5350877192982456,0.4502923976608187,0.9473684210526315,102,76,0,164,178,0.2982456140350877,0.2222222222222222,0.07602339181286549,0.0,0.47953216374269003,0.06064937703927806,OK
ES,lower,WITHIN_60MIN,dominance_stratum,BALANCED,15,0.5,220,220,0.4590909090909091,0.22272727272727272,0.3181818181818182,0.0,0.31934065934065936,0.2347001223990208,0.07846153846153846,0.5227272727272727,0.4636363636363636,0.9318181818181818,69,51,0,100,120,0.31363636363636366,0.2318181818181818,0.08181818181818182,0.0,0.45454545454545453,0.12032782773865805,OK
ES,lower,WITHIN_60MIN,dominance_stratum,DOWN_DOMINANT,15,0.5,326,326,0.4815950920245399,0.2147239263803681,0.30368098159509205,0.038098693759071114,0.284366576819407,0.20618800188946623,0.1942028985507246,0.549079754601227,0.43558282208588955,0.9233128834355828,76,58,0,192,134,0.2331288343558282,0.17791411042944785,0.05521472392638037,0.0,0.588957055214724,0.14166174981277432,OK
ES,lower,WITHIN_60MIN,dominance_stratum,UP_DOMINANT,15,0.5,161,161,0.453416149068323,0.2670807453416149,0.2795031055900621,0.0,0.2807017543859649,0.2635135135135135,0.0,0.484472049689441,0.4906832298136646,0.9316770186335404,40,36,0,85,76,0.2484472049689441,0.2236024844720497,0.024844720496894408,0.0,0.5279503105590062,0.7310088822226056,OK
ES,lower,WITHIN_60MIN,freshness,PRETOUCHED,15,0.5,447,447,0.5011185682326622,0.18791946308724833,0.31096196868008946,0.01675977653631285,0.30158730158730157,0.2054794520547945,0.18840579710144922,0.5480984340044742,0.42953020134228187,0.9172259507829977,116,88,0,243,204,0.2595078299776286,0.19686800894854586,0.06263982102908278,0.0,0.5436241610738255,0.05844113647593814,OK
ES,lower,WITHIN_60MIN,freshness,PRISTINE,15,0.5,260,260,0.4115384615384615,0.3,0.28846153846153844,0.0,0.27783275606135577,0.25,-0.038980509745127394,0.48846153846153845,0.5038461538461538,0.9461538461538461,69,57,0,134,126,0.2653846153846154,0.21923076923076923,0.046153846153846156,0.0,0.5153846153846153,0.3271229672167791,OK
ES,lower,WITHIN_60MIN,momentum,MOMENTUM_INTO_BLOCK,15,0.5,168,168,0.49404761904761907,0.2976190476190476,0.20833333333333334,0.04655172413793104,0.2653333333333333,0.20886676149834044,0.1824381926683717,0.5416666666666666,0.44047619047619047,0.8809523809523809,32,27,0,109,59,0.19047619047619047,0.16071428571428573,0.02976190476190476,0.0,0.6488095238095238,0.6029232012571504,OK
ES,lower,WITHIN_60MIN,momentum,NOT_MOMENTUM_INTO_BLOCK,15,0.5,539,539,0.4601113172541744,0.2077922077922078,0.3320964749536178,0.0,0.3050847457627119,0.24761904761904763,0.05555555555555558,0.5213358070500927,0.4619666048237477,0.9424860853432282,153,118,0,268,271,0.28385899814471244,0.2189239332096475,0.06493506493506493,0.0,0.4972170686456401,0.03869303079688004,OK
ES,upper,WITHIN_10AM_CANDLE,ALL,ALL,15,0.5,320,320,0.484375,0.240625,0.275,0.0,0.24666429460950007,0.17902930402930403,0.21874999999999997,0.578125,0.403125,0.925,73,43,1,203,116,0.228125,0.134375,0.09375,0.003125,0.634375,0.006831631268294236,OK
ES,upper,WITHIN_10AM_CANDLE,pre10_stratum,PRE10_DOWN,15,0.5,24,24,0.4583333333333333,0.4166666666666667,0.125,0.007462686567164179,0.429185520361991,0.25816326530612244,0.25510204081632654,0.5416666666666666,0.4583333333333333,0.9583333333333334,7,8,0,9,15,0.2916666666666667,0.3333333333333333,-0.041666666666666664,0.0,0.375,1.0,UNDERPOWERED
ES,upper,WITHIN_10AM_CANDLE,pre10_stratum,PRE10_FLAT,15,0.5,3,3,0.6666666666666666,0.0,0.3333333333333333,0.45,0.7,0.0,1.0,1.0,0.0,1.0,3,0,0,0,3,1.0,0.0,1.0,0.0,0.0,0.25,UNDERPOWERED
ES,upper,WITHIN_10AM_CANDLE,pre10_stratum,PRE10_UP,15,0.5,293,293,0.48464163822525597,0.22866894197952217,0.28668941979522183,0.0,0.23333333333333334,0.1794871794871795,0.2,0.5767918088737202,0.40273037542662116,0.9215017064846417,63,35,1,194,98,0.2150170648464164,0.11945392491467577,0.09556313993174062,0.0034129692832764505,0.6621160409556314,0.00609262967206472,OK
ES,upper,WITHIN_10AM_CANDLE,close_loc_stratum,CLOSE_HIGH,15,0.5,270,270,0.48148148148148145,0.24074074074074073,0.2777777777777778,0.0,0.22431865828092243,0.1835016835016835,0.15476190476190477,0.5592592592592592,0.4222222222222222,0.9185185185185185,54,29,1,186,83,0.2,0.10740740740740741,0.09259259259259259,0.003703703703703704,0.6888888888888889,0.008036706377857002,OK
ES,upper,WITHIN_10AM_CANDLE,close_loc_stratum,CLOSE_LOW,15,0.5,3,3,0.0,1.0,0.0,0.15789473684210525,0.5263157894736842,0.5789473684210527,-0.19999999999999996,0.0,1.0,1.0,0,3,0,0,3,0.0,1.0,-1.0,0.0,0.0,0.25,UNDERPOWERED
ES,upper,WITHIN_10AM_CANDLE,close_loc_stratum,CLOSE_MIDDLE,15,0.5,47,47,0.5319148936170213,0.19148936170212766,0.2765957446808511,0.045454545454545456,0.4375,0.031914893617021274,0.8495720868992758,0.723404255319149,0.2553191489361702,0.9574468085106383,19,11,0,17,30,0.40425531914893614,0.23404255319148937,0.1702127659574468,0.0,0.3617021276595745,0.20048842206597334,UNDERPOWERED
ES,upper,WITHIN_10AM_CANDLE,dominance_stratum,BALANCED,15,0.5,101,101,0.46534653465346537,0.26732673267326734,0.26732673267326734,0.0,0.29411764705882354,0.21518987341772153,0.17948717948717946,0.5544554455445545,0.44554455445544555,0.9207920792079208,25,18,0,58,43,0.24752475247524752,0.1782178217821782,0.06930693069306931,0.0,0.5742574257425742,0.3603776529357674,OK
ES,upper,WITHIN_10AM_CANDLE,dominance_stratum,DOWN_DOMINANT,15,0.5,47,47,0.48936170212765956,0.2978723404255319,0.2127659574468085,0.1,0.48148148148148145,0.10236220472440945,0.6,0.6808510638297872,0.3191489361702128,0.9574468085106383,20,10,0,17,30,0.425531914893617,0.2127659574468085,0.2127659574468085,0.0,0.3617021276595745,0.09873714670538905,UNDERPOWERED
ES,upper,WITHIN_10AM_CANDLE,dominance_stratum,UP_DOMINANT,15,0.5,172,172,0.4941860465116279,0.20930232558139536,0.29651162790697677,0.0,0.20662287903667215,0.17595238095238097,0.1304347826086957,0.563953488372093,0.4011627906976744,0.9186046511627907,28,15,1,128,43,0.16279069767441862,0.0872093023255814,0.0755813953488372,0.005813953488372093,0.7441860465116279,0.0659940344557981,OK
ES,upper,WITHIN_10AM_CANDLE,freshness,PRETOUCHED,15,0.5,185,185,0.4918918918918919,0.21621621621621623,0.2918918918918919,0.0,0.2833333333333333,0.18181818181818182,0.27922077922077926,0.5783783783783784,0.4,0.9351351351351351,49,29,1,106,78,0.2648648648648649,0.15675675675675677,0.10810810810810811,0.005405405405405406,0.572972972972973,0.030786495821399938,OK
ES,upper,WITHIN_10AM_CANDLE,freshness,PRISTINE,15,0.5,135,135,0.4740740740740741,0.2740740740740741,0.2518518518518518,0.0,0.21686746987951808,0.17333333333333334,0.17948717948717946,0.5777777777777777,0.4074074074074074,0.9111111111111111,24,14,0,97,38,0.17777777777777778,0.1037037037037037,0.07407407407407407,0.0,0.7185185185185186,0.14330665429588407,OK
ES,upper,WITHIN_10AM_CANDLE,momentum,MOMENTUM_INTO_BLOCK,15,0.5,155,155,0.49032258064516127,0.21935483870967742,0.2903225806451613,0.0,0.2,0.18518518518518517,0.07692307692307693,0.5419354838709678,0.4258064516129032,0.9096774193548387,22,12,1,120,34,0.14193548387096774,0.07741935483870968,0.06451612903225806,0.0064516129032258064,0.7741935483870968,0.12144948495551944,OK
ES,upper,WITHIN_10AM_CANDLE,momentum,NOT_MOMENTUM_INTO_BLOCK,15,0.5,165,165,0.47878787878787876,0.2606060606060606,0.2606060606060606,0.014925373134328358,0.3333333333333333,0.14705882352941177,0.4226190476190476,0.6121212121212121,0.38181818181818183,0.9393939393939394,51,31,0,83,82,0.3090909090909091,0.18787878787878787,0.12121212121212122,0.0,0.503030303030303,0.03524144017874746,OK
ES,upper,WITHIN_5MIN,ALL,ALL,15,0.5,440,440,0.4863636363636364,0.22727272727272727,0.2863636363636364,0.0,0.25265957446808507,0.17274535809018568,0.22222222222222218,0.5818181818181818,0.39545454545454545,0.9318181818181818,105,56,1,278,161,0.23863636363636365,0.12727272727272726,0.11136363636363636,0.0022727272727272726,0.6318181818181818,0.00013904177586029201,OK
ES,upper,WITHIN_5MIN,pre10_stratum,PRE10_DOWN,15,0.5,49,49,0.46938775510204084,0.32653061224489793,0.20408163265306123,0.0,0.28,0.24271844660194175,0.03225806451612913,0.5102040816326531,0.46938775510204084,0.9387755102040817,13,12,0,24,25,0.2653061224489796,0.24489795918367346,0.02040816326530612,0.0,0.4897959183673469,1.0,UNDERPOWERED
ES,upper,WITHIN_5MIN,pre10_stratum,PRE10_FLAT,15,0.5,5,5,0.6,0.2,0.2,0.45,0.7,0.0,1.0,1.0,0.0,0.8,4,0,0,1,4,0.8,0.0,0.8,0.0,0.2,0.125,UNDERPOWERED
ES,upper,WITHIN_5MIN,pre10_stratum,PRE10_UP,15,0.5,386,386,0.48704663212435234,0.21502590673575128,0.2979274611398964,0.0,0.24185463659147868,0.16843971631205673,0.22222222222222218,0.5854922279792746,0.3911917098445596,0.9326424870466321,88,44,1,253,132,0.22797927461139897,0.11398963730569948,0.11398963730569948,0.0025906735751295338,0.655440414507772,0.0001602353488235466,OK
ES,upper,WITHIN_5MIN,close_loc_stratum,CLOSE_HIGH,15,0.5,324,324,0.46296296296296297,0.24382716049382716,0.2932098765432099,0.0,0.21462121212121213,0.1835016835016835,0.13961038961038963,0.5493827160493827,0.42901234567901236,0.9228395061728395,64,37,1,222,101,0.19753086419753085,0.11419753086419752,0.08333333333333333,0.0030864197530864196,0.6851851851851852,0.009335048120644805,OK
ES,upper,WITHIN_5MIN,close_loc_stratum,CLOSE_LOW,15,0.5,5,5,0.2,0.6,0.2,-0.1891891891891892,0.3783783783783784,0.5789473684210527,-0.2307692307692307,0.0,1.0,1.0,0,5,0,0,5,0.0,1.0,-1.0,0.0,0.0,0.0625,UNDERPOWERED
ES,upper,WITHIN_5MIN,close_loc_stratum,CLOSE_MIDDLE,15,0.5,111,111,0.5675675675675675,0.16216216216216217,0.2702702702702703,0.03333333333333333,0.41007194244604317,0.1111111111111111,0.5582655826558266,0.7027027027027027,0.2702702702702703,0.954954954954955,41,14,0,56,55,0.36936936936936937,0.12612612612612611,0.24324324324324326,0.0,0.5045045045045045,0.00035528111863147854,OK
ES,upper,WITHIN_5MIN,dominance_stratum,BALANCED,15,0.5,138,138,0.4855072463768116,0.2536231884057971,0.2608695652173913,0.0,0.31414473684210525,0.2147377938517179,0.20937499999999998,0.5579710144927537,0.43478260869565216,0.927536231884058,38,25,0,75,63,0.2753623188405797,0.18115942028985507,0.09420289855072464,0.0,0.5434782608695652,0.12991792302255253,OK
ES,upper,WITHIN_5MIN,dominance_stratum,DOWN_DOMINANT,15,0.5,67,67,0.4925373134328358,0.29850746268656714,0.208955223880597,0.06837606837606838,0.4098360655737705,0.10714285714285714,0.5555555555555557,0.6567164179104478,0.3283582089552239,0.9253731343283582,26,11,0,30,37,0.3880597014925373,0.16417910447761194,0.22388059701492538,0.0,0.44776119402985076,0.020073851919732988,OK
ES,upper,WITHIN_5MIN,dominance_stratum,UP_DOMINANT,15,0.5,235,235,0.4851063829787234,0.19148936170212766,0.32340425531914896,0.0,0.20689655172413793,0.16666666666666666,0.17316341829085458,0.574468085106383,0.39148936170212767,0.9361702127659575,41,20,1,173,61,0.17446808510638298,0.0851063829787234,0.08936170212765958,0.00425531914893617,0.7361702127659574,0.009853448195259268,OK
ES,upper,WITHIN_5MIN,freshness,PRETOUCHED,15,0.5,274,274,0.49635036496350365,0.20072992700729927,0.3029197080291971,0.0,0.28297101449275364,0.17549261083743845,0.23076923076923078,0.583941605839416,0.39416058394160586,0.9416058394160584,72,38,1,163,110,0.26277372262773724,0.1386861313868613,0.12408759124087591,0.0036496350364963502,0.5948905109489051,0.001533052576472405,OK
ES,upper,WITHIN_5MIN,freshness,PRISTINE,15,0.5,166,166,0.46987951807228917,0.2710843373493976,0.25903614457831325,0.0,0.21980676328502413,0.17164484451718492,0.2,0.5783132530120482,0.39759036144578314,0.9156626506024096,33,18,0,115,51,0.19879518072289157,0.10843373493975904,0.09036144578313253,0.0,0.6927710843373494,0.04887389231827033,OK
ES,upper,WITHIN_5MIN,momentum,MOMENTUM_INTO_BLOCK,15,0.5,190,190,0.4631578947368421,0.21052631578947367,0.3263157894736842,-0.011626584797316505,0.1905241935483871,0.1835016835016835,0.06787330316742081,0.5263157894736842,0.4368421052631579,0.9210526315789473,25,16,1,148,41,0.13157894736842105,0.08421052631578947,0.04736842105263158,0.005263157894736842,0.7789473684210526,0.21102359760880063,OK
ES,upper,WITHIN_5MIN,momentum,NOT_MOMENTUM_INTO_BLOCK,15,0.5,250,250,0.504,0.24,0.256,0.0,0.3408348001005783,0.14090796328454477,0.4166666666666667,0.624,0.364,0.94,80,40,0,130,120,0.32,0.16,0.16,0.0,0.52,0.00033040001839131815,OK
ES,upper,WITHIN_10MIN,ALL,ALL,15,0.5,508,508,0.5,0.2106299212598425,0.28937007874015747,0.0,0.2553191489361702,0.16515151515151516,0.23076923076923078,0.5866141732283464,0.39173228346456695,0.9291338582677166,123,65,1,319,188,0.2421259842519685,0.1279527559055118,0.1141732283464567,0.001968503937007874,0.6279527559055118,2.8117586607301425e-05,OK
ES,upper,WITHIN_10MIN,pre10_stratum,PRE10_DOWN,15,0.5,75,75,0.56,0.21333333333333335,0.22666666666666666,0.0,0.2857142857142857,0.24,0.1428571428571429,0.5466666666666666,0.4266666666666667,0.9466666666666667,23,18,0,34,41,0.30666666666666664,0.24,0.06666666666666667,0.0,0.4533333333333333,0.5327092552361137,OK
ES,upper,WITHIN_10MIN,pre10_stratum,PRE10_FLAT,15,0.5,6,6,0.6666666666666666,0.16666666666666666,0.16666666666666666,0.4392857142857143,0.6625,0.0,1.0,1.0,0.0,0.8333333333333334,4,0,0,2,4,0.6666666666666666,0.0,0.6666666666666666,0.0,0.3333333333333333,0.125,UNDERPOWERED
ES,upper,WITHIN_10MIN,pre10_stratum,PRE10_UP,15,0.5,427,427,0.48711943793911006,0.2107728337236534,0.30210772833723654,0.0,0.23809523809523808,0.1625,0.23076923076923075,0.5878220140515222,0.3911007025761124,0.927400468384075,96,47,1,283,143,0.22482435597189696,0.11007025761124122,0.11475409836065574,0.00234192037470726,0.6627634660421545,5.103511101755181e-05,OK
ES,upper,WITHIN_10MIN,close_loc_stratum,CLOSE_HIGH,15,0.5,344,344,0.47093023255813954,0.2441860465116279,0.28488372093023256,0.0,0.213224043715847,0.18181818181818182,0.16954022988505746,0.5523255813953488,0.4273255813953488,0.9215116279069767,68,39,1,236,107,0.19767441860465115,0.11337209302325581,0.08430232558139535,0.0029069767441860465,0.686046511627907,0.006517764631278951,OK
ES,upper,WITHIN_10MIN,close_loc_stratum,CLOSE_LOW,15,0.5,9,9,0.4444444444444444,0.3333333333333333,0.2222222222222222,0.0,0.3592233009708738,0.5128205128205128,-0.19999999999999996,0.3333333333333333,0.6666666666666666,1.0,1,5,0,3,6,0.1111111111111111,0.5555555555555556,-0.4444444444444444,0.0,0.3333333333333333,0.21875,UNDERPOWERED
ES,upper,WITHIN_10MIN,close_loc_stratum,CLOSE_MIDDLE,15,0.5,155,155,0.567741935483871,0.12903225806451613,0.3032258064516129,0.045454545454545456,0.38,0.11627906976744186,0.5555555555555556,0.6774193548387096,0.2967741935483871,0.9419354838709677,54,21,0,80,75,0.34838709677419355,0.13548387096774195,0.2129032258064516,0.0,0.5161290322580645,0.00017630923003028777,OK
ES,upper,WITHIN_10MIN,dominance_stratum,BALANCED,15,0.5,160,160,0.50625,0.225,0.26875,0.0,0.31414473684210525,0.19034448076439528,0.26136363636363635,0.58125,0.4125,0.93125,45,28,0,87,73,0.28125,0.175,0.10625,0.0,0.54375,0.060370037339928545,OK
ES,upper,WITHIN_10MIN,dominance_stratum,DOWN_DOMINANT,15,0.5,86,86,0.5465116279069767,0.23255813953488372,0.22093023255813954,0.06363636363636363,0.3733407079646018,0.12716429395921508,0.536813922356091,0.6395348837209303,0.3372093023255814,0.9418604651162791,33,15,0,38,48,0.38372093023255816,0.1744186046511628,0.20930232558139536,0.0,0.4418604651162791,0.01328328156224501,OK
ES,upper,WITHIN_10MIN,dominance_stratum,UP_DOMINANT,15,0.5,262,262,0.48091603053435117,0.1946564885496183,0.3244274809160305,0.0,0.20112359550561798,0.16515151515151516,0.1724137931034483,0.5725190839694656,0.3969465648854962,0.9236641221374046,45,22,1,194,67,0.1717557251908397,0.08396946564885496,0.08778625954198473,0.003816793893129771,0.7404580152671756,0.006741447363103123,OK
ES,upper,WITHIN_10MIN,freshness,PRETOUCHED,15,0.5,326,326,0.5030674846625767,0.18404907975460122,0.3128834355828221,0.0,0.28102564102564104,0.16079545454545455,0.2727272727272727,0.5920245398773006,0.38650306748466257,0.9355828220858896,84,46,1,195,130,0.25766871165644173,0.1411042944785276,0.1165644171779141,0.003067484662576687,0.598159509202454,0.0010925614858707433,OK
ES,upper,WITHIN_10MIN,freshness,PRISTINE,15,0.5,182,182,0.4945054945054945,0.25824175824175827,0.24725274725274726,0.0,0.22474747474747475,0.17164484451718492,0.2,0.5769230769230769,0.4010989010989011,0.9175824175824175,39,19,0,124,58,0.21428571428571427,0.1043956043956044,0.10989010989010989,0.0,0.6813186813186813,0.011928139715763179,OK
ES,upper,WITHIN_10MIN,momentum,MOMENTUM_INTO_BLOCK,15,0.5,198,198,0.46464646464646464,0.2222222222222222,0.31313131313131315,-0.0076631701631701635,0.1875,0.1835016835016835,0.06787330316742081,0.5252525252525253,0.4393939393939394,0.9141414141414141,26,16,1,155,42,0.13131313131313133,0.08080808080808081,0.050505050505050504,0.005050505050505051,0.7828282828282829,0.16414940178310644,OK
ES,upper,WITHIN_10MIN,momentum,NOT_MOMENTUM_INTO_BLOCK,15,0.5,310,310,0.5225806451612903,0.2032258064516129,0.27419354838709675,0.007462686567164179,0.3333333333333333,0.13319419409923158,0.4166666666666667,0.6258064516129033,0.36129032258064514,0.9387096774193548,97,49,0,164,146,0.31290322580645163,0.15806451612903225,0.15483870967741936,0.0,0.5290322580645161,8.768705718553253e-05,OK
ES,upper,WITHIN_15MIN,ALL,ALL,15,0.5,551,551,0.49727767695099817,0.2014519056261343,0.30127041742286753,0.0,0.2553191489361702,0.16666666666666666,0.2222222222222222,0.5789473684210527,0.3956442831215971,0.9328493647912885,131,68,1,351,199,0.23774954627949182,0.12341197822141561,0.11433756805807622,0.0018148820326678765,0.6370235934664247,9.422495164347988e-06,OK
ES,upper,WITHIN_15MIN,pre10_stratum,PRE10_DOWN,15,0.5,100,100,0.55,0.2,0.25,0.0,0.28801843317972353,0.24056267806267806,0.14065934065934071,0.53,0.44,0.95,29,19,0,52,48,0.29,0.19,0.1,0.0,0.52,0.19341265286193737,OK
ES,upper,WITHIN_15MIN,pre10_stratum,PRE10_FLAT,15,0.5,7,7,0.7142857142857143,0.14285714285714285,0.14285714285714285,0.42857142857142855,0.625,0.0,1.0,1.0,0.0,0.8571428571428571,4,0,0,3,4,0.5714285714285714,0.0,0.5714285714285714,0.0,0.42857142857142855,0.125,UNDERPOWERED
ES,upper,WITHIN_15MIN,pre10_stratum,PRE10_UP,15,0.5,444,444,0.481981981981982,0.20270270270270271,0.3153153153153153,0.0,0.23431372549019608,0.16035353535353536,0.23076923076923073,0.5833333333333334,0.3918918918918919,0.9301801801801802,98,49,1,296,147,0.22072072072072071,0.11036036036036036,0.11036036036036036,0.0022522522522522522,0.6666666666666666,6.517525759627493e-05,OK
ES,upper,WITHIN_15MIN,close_loc_stratum,CLOSE_HIGH,15,0.5,348,348,0.47126436781609193,0.2413793103448276,0.28735632183908044,0.0,0.213224043715847,0.18181818181818182,0.16954022988505746,0.5517241379310345,0.4281609195402299,0.9224137931034483,69,40,1,238,109,0.19827586206896552,0.11494252873563218,0.08333333333333333,0.0028735632183908046,0.6839080459770115,0.0070407508355076484,OK
ES,upper,WITHIN_15MIN,close_loc_stratum,CLOSE_LOW,15,0.5,14,14,0.42857142857142855,0.2857142857142857,0.2857142857142857,0.0,0.36880083967462607,0.3410505352252925,-0.12380952380952381,0.42857142857142855,0.5714285714285714,1.0,3,5,0,6,8,0.21428571428571427,0.35714285714285715,-0.14285714285714285,0.0,0.42857142857142855,0.7265625,UNDERPOWERED
ES,upper,WITHIN_15MIN,close_loc_stratum,CLOSE_MIDDLE,15,0.5,189,189,0.5502645502645502,0.12169312169312169,0.328042328042328,0.02631578947368421,0.3333333333333333,0.12,0.44932330827067674,0.6402116402116402,0.32275132275132273,0.9470899470899471,59,23,0,107,82,0.31216931216931215,0.12169312169312169,0.19047619047619047,0.0,0.5661375661375662,8.715478657320524e-05,OK
ES,upper,WITHIN_15MIN,dominance_stratum,BALANCED,15,0.5,172,172,0.5,0.21511627906976744,0.28488372093023256,0.0,0.3,0.1836925960637301,0.2403846153846154,0.5755813953488372,0.4186046511627907,0.936046511627907,46,29,0,97,75,0.26744186046511625,0.1686046511627907,0.09883720930232558,0.0,0.563953488372093,0.06394991646706692,OK
ES,upper,WITHIN_15MIN,dominance_stratum,DOWN_DOMINANT,15,0.5,105,105,0.5428571428571428,0.21904761904761905,0.23809523809523808,0.03773584905660377,0.3333333333333333,0.1875,0.4375,0.6,0.37142857142857144,0.9428571428571428,37,16,0,52,53,0.3523809523809524,0.1523809523809524,0.2,0.0,0.49523809523809526,0.005486344876760141,OK
ES,upper,WITHIN_15MIN,dominance_stratum,UP_DOMINANT,15,0.5,274,274,0.4781021897810219,0.18613138686131386,0.3357664233576642,0.0,0.20429819868022114,0.15797682709447414,0.17391304347826084,0.572992700729927,0.3905109489051095,0.927007299270073,48,23,1,202,71,0.17518248175182483,0.08394160583941605,0.09124087591240876,0.0036496350364963502,0.7372262773722628,0.004065116124638666,OK
ES,upper,WITHIN_15MIN,freshness,PRETOUCHED,15,0.5,356,356,0.5028089887640449,0.17696629213483145,0.3202247191011236,0.0,0.27289924332935084,0.16079545454545455,0.23076923076923078,0.5870786516853933,0.39325842696629215,0.9382022471910112,89,48,1,218,137,0.25,0.1348314606741573,0.1151685393258427,0.0028089887640449437,0.6123595505617978,0.0005809879886357773,OK
ES,upper,WITHIN_15MIN,freshness,PRISTINE,15,0.5,195,195,0.48717948717948717,0.24615384615384617,0.26666666666666666,0.0,0.2289156626506024,0.17333333333333334,0.2,0.5641025641025641,0.4,0.9230769230769231,42,20,0,133,62,0.2153846153846154,0.10256410256410256,0.11282051282051282,0.0,0.6820512820512821,0.007148733833163066,OK
ES,upper,WITHIN_15MIN,momentum,MOMENTUM_INTO_BLOCK,15,0.5,201,201,0.4626865671641791,0.21890547263681592,0.31840796019900497,-0.006993006993006993,0.1875,0.18181818181818182,0.07692307692307693,0.527363184079602,0.43781094527363185,0.9154228855721394,27,17,1,156,44,0.13432835820895522,0.0845771144278607,0.04975124378109453,0.004975124378109453,0.7761194029850746,0.17417114727072658,OK
ES,upper,WITHIN_15MIN,momentum,NOT_MOMENTUM_INTO_BLOCK,15,0.5,350,350,0.5171428571428571,0.19142857142857142,0.2914285714285714,0.0,0.32142857142857145,0.1433710174717369,0.375,0.6085714285714285,0.37142857142857144,0.9428571428571428,104,51,0,195,155,0.29714285714285715,0.1457142857142857,0.15142857142857144,0.0,0.5571428571428572,2.4948890391151907e-05,OK
ES,upper,WITHIN_30MIN,ALL,ALL,15,0.5,659,659,0.4931714719271624,0.19575113808801214,0.3110773899848255,0.0,0.25,0.16666666666666666,0.2222222222222222,0.5720789074355084,0.40515933232169954,0.9377845220030349,153,79,1,426,232,0.2321699544764795,0.11987860394537178,0.11229135053110774,0.0015174506828528073,0.6464339908952959,1.3521476327358664e-06,OK
ES,upper,WITHIN_30MIN,pre10_stratum,PRE10_DOWN,15,0.5,168,168,0.5357142857142857,0.17261904761904762,0.2916666666666667,0.01546268656716418,0.2731157731157731,0.19923664122137405,0.21980676328502413,0.5535714285714286,0.42857142857142855,0.9464285714285714,44,26,0,98,70,0.2619047619047619,0.15476190476190477,0.10714285714285714,0.0,0.5833333333333334,0.04139142867391546,OK
ES,upper,WITHIN_30MIN,pre10_stratum,PRE10_FLAT,15,0.5,8,8,0.625,0.25,0.125,0.21428571428571427,0.5183823529411764,0.058823529411764705,0.7777777777777777,0.875,0.125,0.875,4,0,0,4,4,0.5,0.0,0.5,0.0,0.5,0.125,UNDERPOWERED
ES,upper,WITHIN_30MIN,pre10_stratum,PRE10_UP,15,0.5,483,483,0.47619047619047616,0.2028985507246377,0.32091097308488614,0.0,0.23275862068965517,0.16161616161616163,0.22048611111111108,0.5734989648033126,0.40165631469979296,0.9358178053830227,105,53,1,324,158,0.21739130434782608,0.10973084886128365,0.10766045548654245,0.002070393374741201,0.6708074534161491,4.281407907845983e-05,OK
ES,upper,WITHIN_30MIN,close_loc_stratum,CLOSE_HIGH,15,0.5,361,361,0.4709141274238227,0.24376731301939059,0.2853185595567867,0.0,0.21686746987951808,0.18181818181818182,0.17391304347826084,0.554016620498615,0.42382271468144045,0.925207756232687,74,40,1,246,114,0.20498614958448755,0.11080332409972299,0.09418282548476455,0.002770083102493075,0.6814404432132964,0.0018667182273168978,OK
ES,upper,WITHIN_30MIN,close_loc_stratum,CLOSE_LOW,15,0.5,44,44,0.4772727272727273,0.18181818181818182,0.3409090909090909,0.0782674772036474,0.2798965740142211,0.18878205128205128,0.09195804195804198,0.5227272727272727,0.4772727272727273,0.9545454545454546,11,8,0,25,19,0.25,0.18181818181818182,0.06818181818181818,0.0,0.5681818181818182,0.6476058959960938,UNDERPOWERED
ES,upper,WITHIN_30MIN,close_loc_stratum,CLOSE_MIDDLE,15,0.5,254,254,0.5275590551181102,0.12992125984251968,0.3425196850393701,0.0,0.2903225806451613,0.13148245154531168,0.3333333333333333,0.6062992125984252,0.3661417322834646,0.952755905511811,68,31,0,155,99,0.2677165354330709,0.1220472440944882,0.14566929133858267,0.0,0.610236220472441,0.00025534608649658137,OK
ES,upper,WITHIN_30MIN,dominance_stratum,BALANCED,15,0.5,206,206,0.5242718446601942,0.18932038834951456,0.28640776699029125,0.0,0.28224701507144256,0.1900057273768614,0.23076923076923078,0.5679611650485437,0.42718446601941745,0.941747572815534,55,33,0,118,88,0.2669902912621359,0.16019417475728157,0.10679611650485436,0.0,0.5728155339805825,0.024622831581791033,OK
ES,upper,WITHIN_30MIN,dominance_stratum,DOWN_DOMINANT,15,0.5,145,145,0.5103448275862069,0.20689655172413793,0.2827586206896552,0.03773584905660377,0.30612244897959184,0.14634146341463414,0.39024390243902435,0.6,0.3724137931034483,0.9379310344827586,45,20,0,80,65,0.3103448275862069,0.13793103448275862,0.1724137931034483,0.0,0.5517241379310345,0.0026263768106840374,OK
ES,upper,WITHIN_30MIN,dominance_stratum,UP_DOMINANT,15,0.5,308,308,0.4642857142857143,0.19480519480519481,0.3409090909090909,0.0,0.20662287903667215,0.15797682709447414,0.14285714285714288,0.5616883116883117,0.40584415584415584,0.935064935064935,53,26,1,228,79,0.17207792207792208,0.08441558441558442,0.08766233766233766,0.003246753246753247,0.7402597402597403,0.003183010628835073,OK
ES,upper,WITHIN_30MIN,freshness,PRETOUCHED,15,0.5,437,437,0.5034324942791762,0.17620137299771166,0.32036613272311215,0.0,0.2631578947368421,0.15306122448979592,0.24264705882352944,0.5835240274599542,0.39816933638443935,0.9427917620137299,106,53,1,277,159,0.2425629290617849,0.12128146453089245,0.12128146453089245,0.002288329519450801,0.6338672768878718,3.184196047045374e-05,OK
ES,upper,WITHIN_30MIN,freshness,PRISTINE,15,0.5,222,222,0.47297297297297297,0.23423423423423423,0.2927927927927928,0.0,0.2208672086720867,0.17724358974358972,0.17307692307692307,0.5495495495495496,0.4189189189189189,0.9279279279279279,47,26,0,149,73,0.21171171171171171,0.11711711711711711,0.0945945945945946,0.0,0.6711711711711712,0.01861775143319464,OK
ES,upper,WITHIN_30MIN,momentum,MOMENTUM_INTO_BLOCK,15,0.5,208,208,0.46153846153846156,0.22596153846153846,0.3125,0.0,0.1905241935483871,0.1798598688133572,0.0839160839160839,0.5336538461538461,0.4326923076923077,0.9182692307692307,30,17,1,160,47,0.14423076923076922,0.08173076923076923,0.0625,0.004807692307692308,0.7692307692307693,0.07894069368148846,OK
ES,upper,WITHIN_30MIN,momentum,NOT_MOMENTUM_INTO_BLOCK,15,0.5,451,451,0.5077605321507761,0.18181818181818182,0.31042128603104213,0.0,0.2903225806451613,0.14634146341463414,0.3333333333333333,0.5898004434589801,0.3924611973392461,0.9467849223946785,123,62,0,266,185,0.2727272727272727,0.13747228381374724,0.1352549889135255,0.0,0.5898004434589801,8.609403556021708e-06,OK
ES,upper,WITHIN_60MIN,ALL,ALL,15,0.5,758,758,0.49340369393139843,0.18997361477572558,0.316622691292876,0.0,0.24357284113381675,0.16666666666666666,0.21874999999999997,0.5672823218997362,0.4102902374670185,0.941952506596306,167,90,1,500,257,0.22031662269129287,0.11873350923482849,0.10158311345646438,0.0013192612137203166,0.6596306068601583,1.7983873336145558e-06,OK
ES,upper,WITHIN_60MIN,pre10_stratum,PRE10_DOWN,15,0.5,239,239,0.5313807531380753,0.1589958158995816,0.30962343096234307,0.0,0.25,0.18,0.2,0.5523012552301255,0.42677824267782427,0.9539748953974896,56,35,0,148,91,0.23430962343096234,0.14644351464435146,0.08786610878661087,0.0,0.6192468619246861,0.0354495948795191,OK
ES,upper,WITHIN_60MIN,pre10_stratum,PRE10_FLAT,15,0.5,8,8,0.625,0.25,0.125,0.21428571428571427,0.5183823529411764,0.058823529411764705,0.7777777777777777,0.875,0.125,0.875,4,0,0,4,4,0.5,0.0,0.5,0.0,0.5,0.125,UNDERPOWERED
ES,upper,WITHIN_60MIN,pre10_stratum,PRE10_UP,15,0.5,511,511,0.4735812133072407,0.2035225048923679,0.32289628180039137,0.0,0.2289156626506024,0.1625,0.21463815789473684,0.5694716242661448,0.4070450097847358,0.9373776908023483,107,55,1,348,162,0.20939334637964774,0.10763209393346379,0.10176125244618395,0.0019569471624266144,0.6810176125244618,5.364766083535536e-05,OK
ES,upper,WITHIN_60MIN,close_loc_stratum,CLOSE_HIGH,15,0.5,367,367,0.4713896457765668,0.2452316076294278,0.28337874659400547,0.0,0.2159090909090909,0.18023255813953487,0.17391304347826084,0.553133514986376,0.4250681198910082,0.9264305177111717,74,40,1,252,114,0.2016348773841962,0.10899182561307902,0.09264305177111716,0.0027247956403269754,0.6866485013623979,0.0018667182273168978,OK
ES,upper,WITHIN_60MIN,close_loc_stratum,CLOSE_LOW,15,0.5,84,84,0.44047619047619047,0.17857142857142858,0.38095238095238093,0.018416666666666665,0.25,0.15604395604395604,0.2143920595533499,0.5357142857142857,0.4523809523809524,0.9523809523809523,18,15,0,51,33,0.21428571428571427,0.17857142857142858,0.03571428571428571,0.0,0.6071428571428571,0.7283324808813632,OK
ES,upper,WITHIN_60MIN,close_loc_stratum,CLOSE_MIDDLE,15,0.5,307,307,0.5342019543973942,0.1270358306188925,0.33876221498371334,0.0,0.27350427350427353,0.14285714285714285,0.2601503759398497,0.5928338762214984,0.3811074918566775,0.9576547231270358,75,35,0,197,110,0.24429967426710097,0.11400651465798045,0.13029315960912052,0.0,0.6416938110749185,0.00017238430132681824,OK
ES,upper,WITHIN_60MIN,dominance_stratum,BALANCED,15,0.5,232,232,0.5129310344827587,0.1896551724137931,0.2974137931034483,0.0,0.27346041055718473,0.18181818181818182,0.2403846153846154,0.5689655172413793,0.4267241379310345,0.9482758620689655,59,35,0,138,94,0.2543103448275862,0.15086206896551724,0.10344827586206896,0.0,0.5948275862068966,0.017209595585930455,OK
ES,upper,WITHIN_60MIN,dominance_stratum,DOWN_DOMINANT,15,0.5,192,192,0.5208333333333334,0.1875,0.2916666666666667,0.017879353233830844,0.2736568986568987,0.14634146341463414,0.3503401360544217,0.5885416666666666,0.3802083333333333,0.9427083333333334,51,27,0,114,78,0.265625,0.140625,0.125,0.0,0.59375,0.008771714457060136,OK
ES,upper,WITHIN_60MIN,dominance_stratum,UP_DOMINANT,15,0.5,334,334,0.46407185628742514,0.19161676646706588,0.344311377245509,0.0,0.20662287903667215,0.16515151515151516,0.14285714285714285,0.5538922155688623,0.4161676646706587,0.937125748502994,57,28,1,248,85,0.17065868263473055,0.08383233532934131,0.08682634730538923,0.0029940119760479044,0.7425149700598802,0.0021949089077805926,OK
ES,upper,WITHIN_60MIN,freshness,PRETOUCHED,15,0.5,506,506,0.5059288537549407,0.17391304347826086,0.3201581027667984,0.0,0.25477264838597713,0.16079545454545455,0.23076923076923078,0.5770750988142292,0.4031620553359684,0.9466403162055336,114,57,1,334,171,0.22529644268774704,0.11264822134387352,0.11264822134387352,0.001976284584980237,0.6600790513833992,1.559612370558935e-05,OK
ES,upper,WITHIN_60MIN,freshness,PRISTINE,15,0.5,252,252,0.46825396825396826,0.2222222222222222,0.30952380952380953,0.0,0.2211111111111111,0.17164484451718492,0.18974358974358974,0.5476190476190477,0.4246031746031746,0.9325396825396826,53,33,0,166,86,0.21031746031746032,0.13095238095238096,0.07936507936507936,0.0,0.6587301587301587,0.03985362856053515,OK
ES,upper,WITHIN_60MIN,momentum,MOMENTUM_INTO_BLOCK,15,0.5,212,212,0.46226415094339623,0.22641509433962265,0.3113207547169811,0.0,0.19184461608359837,0.17902930402930403,0.0839160839160839,0.5330188679245284,0.4339622641509434,0.9198113207547169,30,17,1,164,47,0.14150943396226415,0.08018867924528301,0.06132075471698113,0.0047169811320754715,0.7735849056603774,0.07894069368148846,OK
ES,upper,WITHIN_60MIN,momentum,NOT_MOMENTUM_INTO_BLOCK,15,0.5,546,546,0.5054945054945055,0.17582417582417584,0.31868131868131866,0.0,0.2731157731157731,0.14670014347202295,0.28571428571428575,0.5805860805860806,0.4010989010989011,0.9505494505494505,137,73,0,336,210,0.2509157509157509,0.1336996336996337,0.11721611721611722,0.0,0.6153846153846154,1.1903615062325953e-05,OK
NQ,lower,WITHIN_10AM_CANDLE,ALL,ALL,15,0.5,238,238,0.46638655462184875,0.3067226890756303,0.226890756302521,0.0,0.2482394366197183,0.22954820561324754,0.0226297726297726,0.5042016806722689,0.49159663865546216,0.8991596638655462,54,44,0,140,98,0.226890756302521,0.18487394957983194,0.04201680672268908,0.0,0.5882352941176471,0.36335418766405314,OK
NQ,lower,WITHIN_10AM_CANDLE,pre10_stratum,PRE10_DOWN,15,0.5,208,208,0.4519230769230769,0.3173076923076923,0.23076923076923078,0.0,0.2371325791641028,0.2300057075004428,-0.014346764346764324,0.49038461538461536,0.5048076923076923,0.9038461538461539,40,36,0,132,76,0.19230769230769232,0.17307692307692307,0.019230769230769232,0.0,0.6346153846153846,0.7310088822226056,OK
NQ,lower,WITHIN_10AM_CANDLE,pre10_stratum,PRE10_UP,15,0.5,30,30,0.5666666666666667,0.23333333333333334,0.2,0.034482758620689655,0.36034883720930233,0.20235541677979907,0.2991219743711438,0.6,0.4,0.8666666666666667,14,8,0,8,22,0.4666666666666667,0.26666666666666666,0.2,0.0,0.26666666666666666,0.28627872467041016,UNDERPOWERED
NQ,lower,WITHIN_10AM_CANDLE,close_loc_stratum,CLOSE_HIGH,15,0.5,1,1,1.0,0.0,0.0,0.7745098039215687,1.0686274509803921,0.0,1.0,1.0,0.0,0.0,1,0,0,0,1,1.0,0.0,1.0,0.0,0.0,1.0,UNDERPOWERED
NQ,lower,WITHIN_10AM_CANDLE,close_loc_stratum,CLOSE_LOW,15,0.5,191,191,0.4607329842931937,0.34554973821989526,0.193717277486911,0.0,0.23642732049036777,0.23003194888178913,-0.022900763358778626,0.4816753926701571,0.5130890052356021,0.900523560209424,37,32,0,122,69,0.193717277486911,0.16753926701570682,0.02617801047120419,0.0,0.6387434554973822,0.6304564917867981,OK
NQ,lower,WITHIN_10AM_CANDLE,close_loc_stratum,CLOSE_MIDDLE,15,0.5,46,46,0.4782608695652174,0.15217391304347827,0.3695652173913043,0.09645458960660515,0.3126490552192258,0.20672514619883042,0.15542521994134895,0.5869565217391305,0.41304347826086957,0.9130434782608695,16,12,0,18,28,0.34782608695652173,0.2608695652173913,0.08695652173913043,0.0,0.391304347826087,0.5715881884098053,UNDERPOWERED
NQ,lower,WITHIN_10AM_CANDLE,dominance_stratum,BALANCED,15,0.5,66,66,0.4090909090909091,0.30303030303030304,0.2878787878787879,0.0,0.2856201769245248,0.2239463601532567,0.032889160937941433,0.5151515151515151,0.48484848484848486,0.9090909090909091,16,15,0,35,31,0.24242424242424243,0.22727272727272727,0.015151515151515152,0.0,0.5303030303030303,1.0,OK
NQ,lower,WITHIN_10AM_CANDLE,dominance_stratum,DOWN_DOMINANT,15,0.5,134,134,0.47761194029850745,0.3208955223880597,0.20149253731343283,0.0,0.2239968110550093,0.22957444699459384,-0.04554079696394688,0.47761194029850745,0.5149253731343284,0.8805970149253731,22,21,0,91,43,0.16417910447761194,0.15671641791044777,0.007462686567164179,0.0,0.6791044776119403,1.0,OK
NQ,lower,WITHIN_10AM_CANDLE,dominance_stratum,UP_DOMINANT,15,0.5,38,38,0.5263157894736842,0.2631578947368421,0.21052631578947367,0.07124746450304259,0.35214744117163077,0.2493657505285412,0.13355378593602374,0.5789473684210527,0.42105263157894735,0.9473684210526315,16,8,0,14,24,0.42105263157894735,0.21052631578947367,0.21052631578947367,0.0,0.3684210526315789,0.15158963203430176,UNDERPOWERED
NQ,lower,WITHIN_10AM_CANDLE,freshness,PRETOUCHED,15,0.5,138,138,0.4855072463768116,0.2608695652173913,0.2536231884057971,0.0075528700906344415,0.2553417093469911,0.21314142162919034,0.0634458370170056,0.5289855072463768,0.463768115942029,0.8913043478260869,31,27,0,80,58,0.2246376811594203,0.1956521739130435,0.028985507246376812,0.0,0.5797101449275363,0.6940040940761318,OK
NQ,lower,WITHIN_10AM_CANDLE,freshness,PRISTINE,15,0.5,100,100,0.44,0.37,0.19,-0.006230529595015576,0.24738805970149252,0.24453240969816922,-0.0826330532212885,0.47,0.53,0.91,23,17,0,60,40,0.23,0.17,0.06,0.0,0.6,0.42959050784338615,OK
NQ,lower,WITHIN_10AM_CANDLE,momentum,MOMENTUM_INTO_BLOCK,15,0.5,116,116,0.47413793103448276,0.3448275862068966,0.1810344827586207,-0.011606873681037081,0.2052452559971357,0.2325870338724191,-0.1640096090849531,0.45689655172413796,0.5344827586206896,0.8793103448275862,15,18,0,83,33,0.12931034482758622,0.15517241379310345,-0.02586206896551724,0.0,0.7155172413793104,0.7283324808813632,OK
NQ,lower,WITHIN_10AM_CANDLE,momentum,NOT_MOMENTUM_INTO_BLOCK,15,0.5,122,122,0.45901639344262296,0.27049180327868855,0.27049180327868855,0.04943310657596372,0.2965331635605973,0.2239463601532567,0.08193979933110371,0.5491803278688525,0.45081967213114754,0.9180327868852459,39,26,0,57,65,0.319672131147541,0.21311475409836064,0.10655737704918032,0.0,0.4672131147540984,0.1360323948778921,OK
NQ,lower,WITHIN_5MIN,ALL,ALL,15,0.5,366,366,0.44808743169398907,0.28415300546448086,0.2677595628415301,0.0,0.23426710870806727,0.2300057075004428,-0.00641025641025642,0.4972677595628415,0.5,0.9207650273224044,76,71,0,219,147,0.20765027322404372,0.19398907103825136,0.01366120218579235,0.0,0.5983606557377049,0.741591942446161,OK
NQ,lower,WITHIN_5MIN,pre10_stratum,PRE10_DOWN,15,0.5,307,307,0.4364820846905538,0.2931596091205212,0.2703583061889251,0.0,0.23222748815165878,0.21944444444444444,0.0,0.498371335504886,0.498371335504886,0.9185667752442996,56,51,0,200,107,0.18241042345276873,0.16612377850162866,0.016286644951140065,0.0,0.6514657980456026,0.6991749840078744,OK
NQ,lower,WITHIN_5MIN,pre10_stratum,PRE10_UP,15,0.5,59,59,0.5084745762711864,0.23728813559322035,0.2542372881355932,0.0,0.2413793103448276,0.3157894736842105,-0.16504854368932037,0.4915254237288136,0.5084745762711864,0.9322033898305084,20,20,0,19,40,0.3389830508474576,0.3389830508474576,0.0,0.0,0.3220338983050847,1.0,OK
NQ,lower,WITHIN_5MIN,close_loc_stratum,CLOSE_HIGH,15,0.5,3,3,1.0,0.0,0.0,0.0,0.4057142857142857,0.09142857142857143,0.632183908045977,0.6666666666666666,0.3333333333333333,0.6666666666666666,1,1,0,1,2,0.3333333333333333,0.3333333333333333,0.0,0.0,0.3333333333333333,1.0,UNDERPOWERED
NQ,lower,WITHIN_5MIN,close_loc_stratum,CLOSE_LOW,15,0.5,242,242,0.4380165289256198,0.3347107438016529,0.22727272727272727,0.0,0.22182539682539681,0.22954820561324754,-0.01938688961589722,0.48760330578512395,0.5082644628099173,0.9173553719008265,41,36,0,165,77,0.16942148760330578,0.1487603305785124,0.02066115702479339,0.0,0.6818181818181818,0.6487911623106449,OK
NQ,lower,WITHIN_5MIN,close_loc_stratum,CLOSE_MIDDLE,15,0.5,121,121,0.45454545454545453,0.19008264462809918,0.35537190082644626,0.0,0.2541436464088398,0.25196850393700787,0.03174603174603169,0.512396694214876,0.48760330578512395,0.9338842975206612,34,34,0,53,68,0.2809917355371901,0.2809917355371901,0.0,0.0,0.4380165289256198,1.0,OK
NQ,lower,WITHIN_5MIN,dominance_stratum,BALANCED,15,0.5,104,104,0.3942307692307692,0.3076923076923077,0.2980769230769231,0.0,0.22153902798232694,0.2549778357589874,-0.017860638089645733,0.49038461538461536,0.5096153846153846,0.9326923076923077,22,24,0,58,46,0.21153846153846154,0.23076923076923078,-0.019230769230769232,0.0,0.5576923076923077,0.8829959121223965,OK
NQ,lower,WITHIN_5MIN,dominance_stratum,DOWN_DOMINANT,15,0.5,198,198,0.46464646464646464,0.2777777777777778,0.25757575757575757,0.0,0.22597193648784092,0.19364762617444084,0.040197340197340184,0.5050505050505051,0.4898989898989899,0.898989898989899,32,29,0,137,61,0.16161616161616163,0.14646464646464646,0.015151515151515152,0.0,0.6919191919191919,0.7981526273057179,OK
NQ,lower,WITHIN_5MIN,dominance_stratum,UP_DOMINANT,15,0.5,64,64,0.484375,0.265625,0.25,0.0,0.26712018140589566,0.324654314159292,-0.057488280286207775,0.484375,0.515625,0.96875,22,18,0,24,40,0.34375,0.28125,0.0625,0.0,0.375,0.6358280026288412,OK
NQ,lower,WITHIN_5MIN,freshness,PRETOUCHED,15,0.5,229,229,0.4585152838427948,0.24890829694323144,0.2925764192139738,0.0,0.2389937106918239,0.21328671328671328,0.07462686567164184,0.519650655021834,0.4759825327510917,0.9170305676855895,48,46,0,135,94,0.2096069868995633,0.20087336244541484,0.008733624454148471,0.0,0.5895196506550219,0.9179230673157437,OK
NQ,lower,WITHIN_5MIN,freshness,PRISTINE,15,0.5,137,137,0.4306569343065693,0.34306569343065696,0.22627737226277372,0.0,0.2222222222222222,0.24652338811630847,-0.17460317460317462,0.45985401459854014,0.5401459854014599,0.927007299270073,28,25,0,84,53,0.20437956204379562,0.18248175182481752,0.021897810218978103,0.0,0.6131386861313869,0.7838463022094988,OK
NQ,lower,WITHIN_5MIN,momentum,MOMENTUM_INTO_BLOCK,15,0.5,149,149,0.4563758389261745,0.31543624161073824,0.22818791946308725,0.0,0.20233463035019456,0.19298245614035087,-0.03225806451612908,0.48322147651006714,0.5100671140939598,0.8993288590604027,17,19,0,113,36,0.11409395973154363,0.12751677852348994,-0.013422818791946308,0.0,0.7583892617449665,0.8679394004284404,OK
NQ,lower,WITHIN_5MIN,momentum,NOT_MOMENTUM_INTO_BLOCK,15,0.5,217,217,0.4423963133640553,0.2626728110599078,0.29493087557603687,0.0,0.2602040816326531,0.2535211267605634,0.03174603174603169,0.5069124423963134,0.4930875576036866,0.9354838709677419,59,52,0,106,111,0.271889400921659,0.23963133640552994,0.03225806451612903,0.0,0.48847926267281105,0.5692202278035751,OK
NQ,lower,WITHIN_10MIN,ALL,ALL,15,0.5,453,453,0.44370860927152317,0.27593818984547464,0.2803532008830022,0.0,0.24427480916030533,0.23003194888178913,0.017543859649122803,0.5033112582781457,0.49448123620309054,0.9205298013245033,96,87,0,270,183,0.2119205298013245,0.19205298013245034,0.019867549668874173,0.0,0.5960264900662252,0.5543865913391659,OK
NQ,lower,WITHIN_10MIN,pre10_stratum,PRE10_DOWN,15,0.5,351,351,0.4301994301994302,0.28774928774928776,0.28205128205128205,0.0,0.23783783783783785,0.22844827586206898,0.0,0.4985754985754986,0.4985754985754986,0.9230769230769231,62,57,0,232,119,0.17663817663817663,0.1623931623931624,0.014245014245014245,0.0,0.6609686609686609,0.7140263124847863,OK
NQ,lower,WITHIN_10MIN,pre10_stratum,PRE10_UP,15,0.5,102,102,0.49019607843137253,0.23529411764705882,0.27450980392156865,0.0,0.2548076923076923,0.278171614237188,0.1079943899018233,0.5196078431372549,0.4803921568627451,0.9117647058823529,34,30,0,38,64,0.3333333333333333,0.29411764705882354,0.0392156862745098,0.0,0.37254901960784315,0.7079807541347641,OK
NQ,lower,WITHIN_10MIN,close_loc_stratum,CLOSE_HIGH,15,0.5,14,14,0.7857142857142857,0.14285714285714285,0.07142857142857142,0.02737226277372263,0.4332919254658385,0.045714285714285714,0.8448275862068966,0.7142857142857143,0.2857142857142857,0.9285714285714286,6,4,0,4,10,0.42857142857142855,0.2857142857142857,0.14285714285714285,0.0,0.2857142857142857,0.75390625,UNDERPOWERED
NQ,lower,WITHIN_10MIN,close_loc_stratum,CLOSE_LOW,15,0.5,251,251,0.4342629482071713,0.3346613545816733,0.23107569721115537,0.0,0.21705426356589147,0.2299794661190965,-0.0341880341880342,0.47808764940239046,0.5179282868525896,0.9163346613545816,42,38,0,171,80,0.16733067729083664,0.15139442231075698,0.01593625498007968,0.0,0.6812749003984063,0.7375543089843226,OK
NQ,lower,WITHIN_10MIN,close_loc_stratum,CLOSE_MIDDLE,15,0.5,188,188,0.4308510638297872,0.2074468085106383,0.3617021276595745,0.026636839556283296,0.2608756534727409,0.2527448153487856,0.04802938409495783,0.5212765957446809,0.4787234042553192,0.925531914893617,48,45,0,95,93,0.2553191489361702,0.2393617021276596,0.015957446808510637,0.0,0.5053191489361702,0.8358461346314864,OK
NQ,lower,WITHIN_10MIN,dominance_stratum,BALANCED,15,0.5,134,134,0.41044776119402987,0.2835820895522388,0.30597014925373134,0.0,0.22036340852130326,0.24661684835444023,-0.03318951211417191,0.48507462686567165,0.5149253731343284,0.9328358208955224,28,29,0,77,57,0.208955223880597,0.21641791044776118,-0.007462686567164179,0.0,0.5746268656716418,1.0,OK
NQ,lower,WITHIN_10MIN,dominance_stratum,DOWN_DOMINANT,15,0.5,227,227,0.44933920704845814,0.27312775330396477,0.2775330396475771,0.0,0.23783783783783785,0.1988472622478386,0.06431273644388397,0.5110132158590308,0.4845814977973568,0.9074889867841409,35,33,0,159,68,0.15418502202643172,0.14537444933920704,0.00881057268722467,0.0,0.7004405286343612,0.9035973456835127,OK
NQ,lower,WITHIN_10MIN,dominance_stratum,UP_DOMINANT,15,0.5,92,92,0.4782608695652174,0.2717391304347826,0.25,0.05563186813186813,0.27441184807256236,0.31997364457831323,0.07064676616915426,0.5108695652173914,0.4891304347826087,0.9347826086956522,33,25,0,34,58,0.358695652173913,0.2717391304347826,0.08695652173913043,0.0,0.3695652173913043,0.358143301806138,OK
NQ,lower,WITHIN_10MIN,freshness,PRETOUCHED,15,0.5,286,286,0.45104895104895104,0.23076923076923078,0.3181818181818182,0.0,0.254460358236267,0.2078929803092669,0.09393863179074445,0.5314685314685315,0.46503496503496505,0.9195804195804196,64,53,0,169,117,0.22377622377622378,0.1853146853146853,0.038461538461538464,0.0,0.5909090909090909,0.3552796816522475,OK
NQ,lower,WITHIN_10MIN,freshness,PRISTINE,15,0.5,167,167,0.4311377245508982,0.3532934131736527,0.2155688622754491,0.0,0.21705426356589147,0.2612244897959184,-0.17460317460317462,0.4550898203592814,0.5449101796407185,0.9221556886227545,32,34,0,101,66,0.19161676646706588,0.20359281437125748,-0.011976047904191617,0.0,0.6047904191616766,0.9021585000966994,OK
NQ,lower,WITHIN_10MIN,momentum,MOMENTUM_INTO_BLOCK,15,0.5,152,152,0.4473684210526316,0.3223684210526316,0.23026315789473684,0.0,0.201993761456089,0.19364762617444084,-0.03322304935208164,0.48026315789473684,0.5131578947368421,0.9013157894736842,17,20,0,115,37,0.1118421052631579,0.13157894736842105,-0.019736842105263157,0.0,0.756578947368421,0.7428293587290682,OK
NQ,lower,WITHIN_10MIN,momentum,NOT_MOMENTUM_INTO_BLOCK,15,0.5,301,301,0.4418604651162791,0.25249169435215946,0.30564784053156147,0.0,0.2621359223300971,0.25196850393700787,0.05226480836236935,0.5149501661129569,0.4850498338870432,0.9302325581395349,79,67,0,155,146,0.26245847176079734,0.22259136212624583,0.03986710963455149,0.0,0.5149501661129569,0.36267876308767727,OK
NQ,lower,WITHIN_15MIN,ALL,ALL,15,0.5,515,515,0.44660194174757284,0.2737864077669903,0.2796116504854369,0.0,0.24313725490196078,0.2351421188630491,0.0,0.49902912621359224,0.4970873786407767,0.920388349514563,109,99,0,307,208,0.21165048543689322,0.19223300970873786,0.019417475728155338,0.0,0.596116504854369,0.5327042213056806,OK
NQ,lower,WITHIN_15MIN,pre10_stratum,PRE10_DOWN,15,0.5,388,388,0.4252577319587629,0.2963917525773196,0.27835051546391754,0.0,0.23176000257923074,0.22878261048473378,-0.01938688961589722,0.4896907216494845,0.5051546391752577,0.9175257731958762,67,65,0,256,132,0.17268041237113402,0.16752577319587628,0.005154639175257732,0.0,0.6597938144329897,0.9306844655255784,OK
NQ,lower,WITHIN_15MIN,pre10_stratum,PRE10_UP,15,0.5,127,127,0.5118110236220472,0.2047244094488189,0.28346456692913385,0.0,0.2675736961451247,0.26126126126126126,0.08695652173913047,0.5275590551181102,0.47244094488188976,0.9291338582677166,42,34,0,51,76,0.33070866141732286,0.2677165354330709,0.06299212598425197,0.0,0.4015748031496063,0.42219110499231566,OK
NQ,lower,WITHIN_15MIN,close_loc_stratum,CLOSE_HIGH,15,0.5,24,24,0.6666666666666666,0.16666666666666666,0.16666666666666666,0.13004908835904627,0.4332919254658385,0.1031316223216388,0.4546461708904584,0.7083333333333334,0.2916666666666667,0.9583333333333334,10,6,0,8,16,0.4166666666666667,0.25,0.16666666666666666,0.0,0.3333333333333333,0.454498291015625,UNDERPOWERED
NQ,lower,WITHIN_15MIN,close_loc_stratum,CLOSE_LOW,15,0.5,263,263,0.4296577946768061,0.33460076045627374,0.23574144486692014,0.0,0.21388888888888888,0.22911694510739858,-0.0341880341880342,0.4752851711026616,0.5171102661596958,0.9125475285171103,44,41,0,178,85,0.16730038022813687,0.155893536121673,0.011406844106463879,0.0,0.6768060836501901,0.8284232741648999,OK
NQ,lower,WITHIN_15MIN,close_loc_stratum,CLOSE_MIDDLE,15,0.5,228,228,0.44298245614035087,0.2149122807017544,0.34210526315789475,0.0,0.254460358236267,0.24977065973549423,0.015528686581318158,0.5043859649122807,0.4956140350877193,0.9254385964912281,55,52,0,121,107,0.2412280701754386,0.22807017543859648,0.013157894736842105,0.0,0.5307017543859649,0.846802075189195,OK
NQ,lower,WITHIN_15MIN,dominance_stratum,BALANCED,15,0.5,156,156,0.42948717948717946,0.27564102564102566,0.2948717948717949,0.0,0.22036340852130326,0.24251129165127971,-0.03525264394829612,0.4807692307692308,0.5192307692307693,0.9230769230769231,33,32,0,91,65,0.21153846153846154,0.20512820512820512,0.00641025641025641,0.0,0.5833333333333334,1.0,OK
NQ,lower,WITHIN_15MIN,dominance_stratum,DOWN_DOMINANT,15,0.5,257,257,0.44357976653696496,0.2801556420233463,0.27626459143968873,0.0,0.23783783783783785,0.2,0.03703703703703699,0.5058365758754864,0.48638132295719844,0.9105058365758755,40,39,0,178,79,0.1556420233463035,0.1517509727626459,0.0038910505836575876,0.0,0.6926070038910506,1.0,OK
NQ,lower,WITHIN_15MIN,dominance_stratum,UP_DOMINANT,15,0.5,102,102,0.4803921568627451,0.2549019607843137,0.2647058823529412,0.05563186813186813,0.27441184807256236,0.3071480406386067,0.07064676616915426,0.5098039215686274,0.49019607843137253,0.9411764705882353,36,28,0,38,64,0.35294117647058826,0.27450980392156865,0.0784313725490196,0.0,0.37254901960784315,0.3817327947933377,OK
NQ,lower,WITHIN_15MIN,freshness,PRETOUCHED,15,0.5,331,331,0.4561933534743202,0.23867069486404835,0.30513595166163143,0.0,0.25268817204301075,0.21283255086071987,0.07692307692307683,0.5287009063444109,0.4652567975830816,0.918429003021148,74,62,0,195,136,0.22356495468277945,0.18731117824773413,0.03625377643504532,0.0,0.5891238670694864,0.3455925658608849,OK
NQ,lower,WITHIN_15MIN,freshness,PRISTINE,15,0.5,184,184,0.42934782608695654,0.33695652173913043,0.23369565217391305,0.0,0.21547157622739016,0.26281160226114353,-0.17746552172781682,0.44565217391304346,0.5543478260869565,0.9239130434782609,35,37,0,112,72,0.19021739130434784,0.20108695652173914,-0.010869565217391304,0.0,0.6086956521739131,0.906294324703081,OK
NQ,lower,WITHIN_15MIN,momentum,MOMENTUM_INTO_BLOCK,15,0.5,162,162,0.4444444444444444,0.32098765432098764,0.2345679012345679,0.0,0.19791382492176843,0.1907894736842105,-0.024065540194572445,0.48148148148148145,0.5061728395061729,0.9012345679012346,19,22,0,121,41,0.11728395061728394,0.13580246913580246,-0.018518518518518517,0.0,0.7469135802469136,0.755228657504631,OK
NQ,lower,WITHIN_15MIN,momentum,NOT_MOMENTUM_INTO_BLOCK,15,0.5,353,353,0.4475920679886686,0.2521246458923513,0.3002832861189802,0.0,0.2602040816326531,0.2535211267605634,0.02857142857142856,0.5070821529745042,0.49291784702549574,0.9291784702549575,90,77,0,186,167,0.254957507082153,0.21813031161473087,0.036827195467422094,0.0,0.5269121813031161,0.35313775401242076,OK
NQ,lower,WITHIN_30MIN,ALL,ALL,15,0.5,597,597,0.457286432160804,0.2629815745393635,0.2797319932998325,0.0,0.2389937106918239,0.2299794661190965,0.013513513513513514,0.5025125628140703,0.49413735343383586,0.9262981574539364,127,114,0,356,241,0.21273031825795644,0.19095477386934673,0.021775544388609715,0.0,0.5963149078726968,0.4395941254506641,OK
NQ,lower,WITHIN_30MIN,pre10_stratum,PRE10_DOWN,15,0.5,427,427,0.42857142857142855,0.2903981264637002,0.2810304449648712,0.0,0.2254335260115607,0.22982885085574573,-0.0341880341880342,0.4847775175644028,0.5105386416861827,0.9203747072599532,73,76,0,278,149,0.17096018735362997,0.17798594847775176,-0.00702576112412178,0.0,0.6510538641686182,0.8699229710286401,OK
NQ,lower,WITHIN_30MIN,pre10_stratum,PRE10_FLAT,15,0.5,1,1,0.0,1.0,0.0,-0.03990610328638498,0.3615023474178404,0.09389671361502347,0.5876288659793814,1.0,0.0,1.0,0,0,0,1,0,0.0,0.0,0.0,0.0,1.0,,UNDERPOWERED
NQ,lower,WITHIN_30MIN,pre10_stratum,PRE10_UP,15,0.5,169,169,0.5325443786982249,0.1893491124260355,0.2781065088757396,0.0,0.26666666666666666,0.2344632768361582,0.08695652173913047,0.5443786982248521,0.4556213017751479,0.9408284023668639,54,38,0,77,92,0.31952662721893493,0.22485207100591717,0.09467455621301775,0.0,0.4556213017751479,0.11737015883134433,OK
NQ,lower,WITHIN_30MIN,close_loc_stratum,CLOSE_HIGH,15,0.5,42,42,0.6428571428571429,0.21428571428571427,0.14285714285714285,0.05288246685535528,0.37943625443625445,0.16503470835267575,0.2572208835341365,0.6428571428571429,0.35714285714285715,0.9761904761904762,13,8,0,21,21,0.30952380952380953,0.19047619047619047,0.11904761904761904,0.0,0.5,0.38331031799316406,UNDERPOWERED
NQ,lower,WITHIN_30MIN,close_loc_stratum,CLOSE_LOW,15,0.5,268,268,0.4253731343283582,0.34328358208955223,0.23134328358208955,0.0,0.21493261012491782,0.22878261048473378,-0.03322304935208164,0.47761194029850745,0.5149253731343284,0.9104477611940298,45,43,0,180,88,0.16791044776119404,0.16044776119402984,0.007462686567164179,0.0,0.6716417910447762,0.9151865048428764,OK
NQ,lower,WITHIN_30MIN,close_loc_stratum,CLOSE_MIDDLE,15,0.5,287,287,0.45993031358885017,0.1951219512195122,0.34494773519163763,0.0,0.24647887323943662,0.24583333333333332,0.013513513513513514,0.5052264808362369,0.49477351916376305,0.9337979094076655,69,63,0,155,132,0.24041811846689895,0.21951219512195122,0.020905923344947737,0.0,0.5400696864111498,0.6635853603383618,OK
NQ,lower,WITHIN_30MIN,dominance_stratum,BALANCED,15,0.5,185,185,0.42702702702702705,0.2648648648648649,0.3081081081081081,0.0,0.2188679245283019,0.2393617021276596,-0.043478260869565195,0.4810810810810811,0.518918918918919,0.9243243243243243,39,39,0,107,78,0.21081081081081082,0.21081081081081082,0.0,0.0,0.5783783783783784,1.0,OK
NQ,lower,WITHIN_30MIN,dominance_stratum,DOWN_DOMINANT,15,0.5,289,289,0.44982698961937717,0.2698961937716263,0.28027681660899656,0.0,0.23642732049036777,0.2037037037037037,0.025641025641025595,0.5017301038062284,0.4913494809688581,0.916955017301038,45,46,0,198,91,0.15570934256055363,0.15916955017301038,-0.0034602076124567475,0.0,0.6851211072664359,1.0,OK
NQ,lower,WITHIN_30MIN,dominance_stratum,UP_DOMINANT,15,0.5,123,123,0.5203252032520326,0.24390243902439024,0.23577235772357724,0.057692307692307696,0.28125,0.2545454545454545,0.07801418439716311,0.5365853658536586,0.4634146341463415,0.9512195121951219,43,29,0,51,72,0.34959349593495936,0.23577235772357724,0.11382113821138211,0.0,0.4146341463414634,0.12491820036864004,OK
NQ,lower,WITHIN_30MIN,freshness,PRETOUCHED,15,0.5,386,386,0.47150259067357514,0.23056994818652848,0.2979274611398964,0.0,0.2473068458241631,0.21049455036035075,0.07494784143797144,0.5310880829015544,0.4637305699481865,0.9222797927461139,88,71,0,227,159,0.22797927461139897,0.18393782383419688,0.04404145077720207,0.0,0.5880829015544041,0.20433958933821778,OK
NQ,lower,WITHIN_30MIN,freshness,PRISTINE,15,0.5,211,211,0.4312796208530806,0.3222748815165877,0.24644549763033174,-0.005376344086021506,0.21052631578947367,0.26262626262626265,-0.1688311688311689,0.45023696682464454,0.5497630331753555,0.933649289099526,39,43,0,129,82,0.1848341232227488,0.2037914691943128,-0.018957345971563982,0.0,0.6113744075829384,0.7406528413457826,OK
NQ,lower,WITHIN_30MIN,momentum,MOMENTUM_INTO_BLOCK,15,0.5,164,164,0.4451219512195122,0.3231707317073171,0.23170731707317074,0.0,0.19791382492176843,0.1907894736842105,-0.024065540194572445,0.4817073170731707,0.5060975609756098,0.9024390243902439,19,23,0,122,42,0.11585365853658537,0.1402439024390244,-0.024390243902439025,0.0,0.7439024390243902,0.6439689563703723,OK
NQ,lower,WITHIN_30MIN,momentum,NOT_MOMENTUM_INTO_BLOCK,15,0.5,433,433,0.4618937644341801,0.24018475750577367,0.2979214780600462,0.0,0.2576419213973799,0.24566088117489987,0.02857142857142856,0.5103926096997691,0.4896073903002309,0.9353348729792148,108,91,0,234,199,0.24942263279445728,0.21016166281755197,0.03926096997690531,0.0,0.5404157043879908,0.2566505912206386,OK
NQ,lower,WITHIN_60MIN,ALL,ALL,15,0.5,692,692,0.4595375722543353,0.2514450867052023,0.28901734104046245,0.0,0.24162461452200729,0.21978511530398323,0.02710622710622708,0.5072254335260116,0.4869942196531792,0.9335260115606936,137,127,0,428,264,0.19797687861271676,0.18352601156069365,0.014450867052023121,0.0,0.6184971098265896,0.5797228869417306,OK
NQ,lower,WITHIN_60MIN,pre10_stratum,PRE10_DOWN,15,0.5,462,462,0.42857142857142855,0.2857142857142857,0.2857142857142857,0.0,0.2289421386532141,0.22931257091435503,-0.043690349946977736,0.48268398268398266,0.512987012987013,0.922077922077922,76,82,0,304,158,0.1645021645021645,0.1774891774891775,-0.012987012987012988,0.0,0.658008658008658,0.6909249767024591,OK
NQ,lower,WITHIN_60MIN,pre10_stratum,PRE10_FLAT,15,0.5,1,1,0.0,1.0,0.0,-0.03990610328638498,0.3615023474178404,0.09389671361502347,0.5876288659793814,1.0,0.0,1.0,0,0,0,1,0,0.0,0.0,0.0,0.0,1.0,,UNDERPOWERED
NQ,lower,WITHIN_60MIN,pre10_stratum,PRE10_UP,15,0.5,229,229,0.5240174672489083,0.17903930131004367,0.29694323144104806,0.028112449799196786,0.25961538461538464,0.2079207920792079,0.12121212121212122,0.5545851528384279,0.4366812227074236,0.9563318777292577,61,45,0,123,106,0.2663755458515284,0.1965065502183406,0.06986899563318777,0.0,0.537117903930131,0.14478233933005036,OK
NQ,lower,WITHIN_60MIN,close_loc_stratum,CLOSE_HIGH,15,0.5,81,81,0.5432098765432098,0.20987654320987653,0.24691358024691357,0.04,0.2757475083056478,0.18702290076335878,0.11627906976744183,0.5802469135802469,0.3950617283950617,0.9876543209876543,19,13,0,49,32,0.2345679012345679,0.16049382716049382,0.07407407407407407,0.0,0.6049382716049383,0.37708558747544885,OK
NQ,lower,WITHIN_60MIN,close_loc_stratum,CLOSE_LOW,15,0.5,279,279,0.43010752688172044,0.34050179211469533,0.22939068100358423,0.0,0.21597633136094674,0.21944444444444444,-0.022900763358778626,0.4838709677419355,0.5089605734767025,0.9139784946236559,46,44,0,189,90,0.16487455197132617,0.15770609318996415,0.007168458781362007,0.0,0.6774193548387096,0.9161288770112896,OK
NQ,lower,WITHIN_60MIN,close_loc_stratum,CLOSE_MIDDLE,15,0.5,332,332,0.463855421686747,0.18674698795180722,0.3493975903614458,0.0,0.2520718232044199,0.23362327813032038,0.017543859649122785,0.5090361445783133,0.49096385542168675,0.9367469879518072,72,70,0,190,142,0.21686746987951808,0.21084337349397592,0.006024096385542169,0.0,0.572289156626506,0.933160792384808,OK
NQ,lower,WITHIN_60MIN,dominance_stratum,BALANCED,15,0.5,215,215,0.4558139534883721,0.24186046511627907,0.3023255813953488,0.0,0.2389937106918239,0.2299794661190965,-0.022900763358778626,0.4883720930232558,0.5069767441860465,0.9348837209302325,43,43,0,129,86,0.2,0.2,0.0,0.0,0.6,1.0,OK
NQ,lower,WITHIN_60MIN,dominance_stratum,DOWN_DOMINANT,15,0.5,320,320,0.44375,0.271875,0.284375,0.0,0.23185448481657012,0.2069015725101922,0.0,0.496875,0.49375,0.91875,48,49,0,223,97,0.15,0.153125,-0.003125,0.0,0.696875,1.0,OK
NQ,lower,WITHIN_60MIN,dominance_stratum,UP_DOMINANT,15,0.5,157,157,0.4968152866242038,0.2229299363057325,0.2802547770700637,0.05357142857142857,0.2602040816326531,0.2354948805460751,0.13807531380753138,0.554140127388535,0.445859872611465,0.9617834394904459,46,35,0,76,81,0.2929936305732484,0.2229299363057325,0.07006369426751592,0.0,0.4840764331210191,0.2664123096713203,OK
NQ,lower,WITHIN_60MIN,freshness,PRETOUCHED,15,0.5,451,451,0.4722838137472284,0.22172949002217296,0.30598669623059865,0.009589041095890411,0.25,0.20209059233449478,0.07692307692307694,0.5365853658536586,0.458980044345898,0.9312638580931264,95,78,0,278,173,0.2106430155210643,0.1729490022172949,0.037694013303769404,0.0,0.6164079822616408,0.22370496818590438,OK
NQ,lower,WITHIN_60MIN,freshness,PRISTINE,15,0.5,241,241,0.43568464730290457,0.3070539419087137,0.2572614107883817,0.0,0.2222222222222222,0.2612244897959184,-0.13157894736842105,0.45228215767634855,0.5394190871369294,0.9377593360995851,42,49,0,150,91,0.17427385892116182,0.2033195020746888,-0.029045643153526972,0.0,0.6224066390041494,0.5296020954762447,OK
NQ,lower,WITHIN_60MIN,momentum,MOMENTUM_INTO_BLOCK,15,0.5,170,170,0.4411764705882353,0.32941176470588235,0.22941176470588234,0.0,0.19791382492176843,0.18631778958797646,-0.007936507936507905,0.48823529411764705,0.5,0.9058823529411765,19,23,0,128,42,0.11176470588235295,0.13529411764705881,-0.023529411764705882,0.0,0.7529411764705882,0.6439689563703723,OK
NQ,lower,WITHIN_60MIN,momentum,NOT_MOMENTUM_INTO_BLOCK,15,0.5,522,522,0.46551724137931033,0.2260536398467433,0.30842911877394635,0.0,0.254460358236267,0.23362327813032038,0.03373015873015871,0.5134099616858238,0.4827586206896552,0.9425287356321839,118,104,0,300,222,0.2260536398467433,0.19923371647509577,0.02681992337164751,0.0,0.5747126436781609,0.3829778651180767,OK
NQ,upper,WITHIN_10AM_CANDLE,ALL,ALL,15,0.5,323,323,0.5263157894736842,0.2755417956656347,0.19814241486068113,0.0,0.22910216718266255,0.1875,0.09384719405003379,0.5263157894736842,0.46439628482972134,0.913312693498452,61,34,0,228,95,0.18885448916408668,0.10526315789473684,0.08359133126934984,0.0,0.7058823529411765,0.007313123139453615,OK
NQ,upper,WITHIN_10AM_CANDLE,pre10_stratum,PRE10_DOWN,15,0.5,13,13,0.46153846153846156,0.3076923076923077,0.23076923076923078,0.3050847457627119,0.5033333333333333,0.14985590778097982,0.659016393442623,0.6923076923076923,0.3076923076923077,0.8461538461538461,6,2,0,5,8,0.46153846153846156,0.15384615384615385,0.3076923076923077,0.0,0.38461538461538464,0.2890625,UNDERPOWERED
NQ,upper,WITHIN_10AM_CANDLE,pre10_stratum,PRE10_FLAT,15,0.5,1,1,1.0,0.0,0.0,0.13849765258215962,0.26291079812206575,0.0,1.0,1.0,0.0,0.0,0,0,0,1,0,0.0,0.0,0.0,0.0,1.0,,UNDERPOWERED
NQ,upper,WITHIN_10AM_CANDLE,pre10_stratum,PRE10_UP,15,0.5,309,309,0.5275080906148867,0.2750809061488673,0.19741100323624594,0.0,0.21287128712871287,0.1888111888111888,0.06800307979981302,0.517799352750809,0.47249190938511326,0.919093851132686,55,32,0,222,87,0.1779935275080906,0.10355987055016182,0.0744336569579288,0.0,0.7184466019417476,0.017827552929735955,OK
NQ,upper,WITHIN_10AM_CANDLE,close_loc_stratum,CLOSE_HIGH,15,0.5,278,278,0.5251798561151079,0.29856115107913667,0.17625899280575538,-0.008030990173847317,0.191093017517888,0.19212488350419385,0.03378115264797504,0.5071942446043165,0.4892086330935252,0.9136690647482014,43,25,0,210,68,0.15467625899280577,0.08992805755395683,0.06474820143884892,0.0,0.7553956834532374,0.038460053348927506,OK
NQ,upper,WITHIN_10AM_CANDLE,close_loc_stratum,CLOSE_LOW,15,0.5,1,1,0.0,1.0,0.0,0.4552590266875981,0.5274725274725275,0.6185243328100472,-0.07945205479452057,0.0,1.0,1.0,0,1,0,0,1,0.0,1.0,-1.0,0.0,0.0,1.0,UNDERPOWERED
NQ,upper,WITHIN_10AM_CANDLE,close_loc_stratum,CLOSE_MIDDLE,15,0.5,44,44,0.5454545454545454,0.11363636363636363,0.3409090909090909,0.024168936642453592,0.3766317262931736,0.1191860465116279,0.659016393442623,0.6590909090909091,0.29545454545454547,0.9090909090909091,18,8,0,18,26,0.4090909090909091,0.18181818181818182,0.22727272727272727,0.0,0.4090909090909091,0.07551869750022888,UNDERPOWERED
NQ,upper,WITHIN_10AM_CANDLE,dominance_stratum,BALANCED,15,0.5,99,99,0.5555555555555556,0.20202020202020202,0.24242424242424243,0.0,0.29393939393939394,0.1652892561983471,0.2916666666666667,0.6161616161616161,0.37373737373737376,0.9494949494949495,23,12,0,64,35,0.23232323232323232,0.12121212121212122,0.1111111111111111,0.0,0.6464646464646465,0.08953107893466952,OK
NQ,upper,WITHIN_10AM_CANDLE,dominance_stratum,DOWN_DOMINANT,15,0.5,38,38,0.5,0.34210526315789475,0.15789473684210525,0.0,0.34011652542372883,0.2008882936432817,0.2825726141078838,0.6052631578947368,0.39473684210526316,0.8947368421052632,13,9,0,16,22,0.34210526315789475,0.23684210526315788,0.10526315789473684,0.0,0.42105263157894735,0.5234670639038086,UNDERPOWERED
NQ,upper,WITHIN_10AM_CANDLE,dominance_stratum,UP_DOMINANT,15,0.5,186,186,0.5161290322580645,0.3010752688172043,0.1827956989247312,-0.022625432819607577,0.17251215721662405,0.1917028917028917,-0.09803921568627445,0.46236559139784944,0.5268817204301075,0.8978494623655914,25,13,0,148,38,0.13440860215053763,0.06989247311827956,0.06451612903225806,0.0,0.7956989247311828,0.07295138851623051,OK
NQ,upper,WITHIN_10AM_CANDLE,freshness,PRETOUCHED,15,0.5,195,195,0.5384615384615384,0.24615384615384617,0.2153846153846154,0.0,0.25298804780876494,0.17857142857142858,0.19387597696421222,0.5487179487179488,0.441025641025641,0.9230769230769231,47,23,0,125,70,0.24102564102564103,0.11794871794871795,0.12307692307692308,0.0,0.6410256410256411,0.005582667351023373,OK
NQ,upper,WITHIN_10AM_CANDLE,freshness,PRISTINE,15,0.5,128,128,0.5078125,0.3203125,0.171875,-0.024775224775224775,0.1736550803290692,0.19611152654630915,-0.01731601731601729,0.4921875,0.5,0.8984375,14,11,0,103,25,0.109375,0.0859375,0.0234375,0.0,0.8046875,0.6900379657745361,OK
NQ,upper,WITHIN_10AM_CANDLE,momentum,MOMENTUM_INTO_BLOCK,15,0.5,167,167,0.5029940119760479,0.32934131736526945,0.16766467065868262,-0.047619047619047616,0.14644351464435146,0.20603015075376885,-0.14062500000000006,0.4311377245508982,0.5688622754491018,0.8922155688622755,15,11,0,141,26,0.08982035928143713,0.0658682634730539,0.023952095808383235,0.0,0.844311377245509,0.557197093963623,OK
NQ,upper,WITHIN_10AM_CANDLE,momentum,NOT_MOMENTUM_INTO_BLOCK,15,0.5,156,156,0.5512820512820513,0.21794871794871795,0.23076923076923078,0.0,0.30894819466248036,0.15072970316162693,0.3651452282157676,0.6282051282051282,0.3525641025641026,0.9358974358974359,46,23,0,87,69,0.2948717948717949,0.14743589743589744,0.14743589743589744,0.0,0.5576923076923077,0.007620521855025698,OK
NQ,upper,WITHIN_5MIN,ALL,ALL,15,0.5,450,450,0.5111111111111111,0.25555555555555554,0.23333333333333334,0.0,0.23389230549199086,0.18709415584415584,0.08965517241379309,0.5333333333333333,0.46,0.9288888888888889,91,41,0,318,132,0.20222222222222222,0.09111111111111111,0.1111111111111111,0.0,0.7066666666666667,1.605711265765883e-05,OK
NQ,upper,WITHIN_5MIN,pre10_stratum,PRE10_DOWN,15,0.5,45,45,0.5111111111111111,0.2,0.28888888888888886,0.0,0.3952941176470588,0.20353982300884957,0.14285714285714288,0.6,0.4,0.9555555555555556,19,3,0,23,22,0.4222222222222222,0.06666666666666667,0.35555555555555557,0.0,0.5111111111111111,0.0008554458618164062,UNDERPOWERED
NQ,upper,WITHIN_5MIN,pre10_stratum,PRE10_FLAT,15,0.5,2,2,0.5,0.0,0.5,-0.010669206495805439,0.13760294004463944,0.13114754098360656,0.04477611940298509,0.5,0.5,0.5,0,0,0,2,0,0.0,0.0,0.0,0.0,1.0,,UNDERPOWERED
NQ,upper,WITHIN_5MIN,pre10_stratum,PRE10_UP,15,0.5,403,403,0.511166253101737,0.2630272952853598,0.22580645161290322,0.0,0.21287128712871287,0.18668831168831168,0.06800307979981302,0.5260545905707196,0.4665012406947891,0.9280397022332506,72,38,0,293,110,0.17866004962779156,0.09429280397022333,0.08436724565756824,0.0,0.7270471464019851,0.001533052576472405,OK
NQ,upper,WITHIN_5MIN,close_loc_stratum,CLOSE_HIGH,15,0.5,335,335,0.5044776119402985,0.28955223880597014,0.20597014925373133,-0.01985981308411215,0.19170984455958548,0.1896551724137931,0.009009009009008981,0.5044776119402985,0.4925373134328358,0.9253731343283582,50,30,0,255,80,0.14925373134328357,0.08955223880597014,0.05970149253731343,0.0,0.7611940298507462,0.03299261842647619,OK
NQ,upper,WITHIN_5MIN,close_loc_stratum,CLOSE_LOW,15,0.5,4,4,0.0,0.5,0.5,0.3883437990580848,0.5226648351648352,0.07941017316017315,0.6945122944145905,0.75,0.25,1.0,2,1,0,1,3,0.5,0.25,0.25,0.0,0.25,1.0,UNDERPOWERED
NQ,upper,WITHIN_5MIN,close_loc_stratum,CLOSE_MIDDLE,15,0.5,111,111,0.5495495495495496,0.14414414414414414,0.3063063063063063,0.0,0.29393939393939394,0.172,0.22894385026737968,0.6126126126126126,0.36936936936936937,0.9369369369369369,39,10,0,62,49,0.35135135135135137,0.09009009009009009,0.26126126126126126,0.0,0.5585585585585585,3.845911694355664e-05,OK
NQ,upper,WITHIN_5MIN,dominance_stratum,BALANCED,15,0.5,133,133,0.5488721804511278,0.18045112781954886,0.2706766917293233,0.0,0.2727272727272727,0.1652892561983471,0.2771084337349398,0.5939849624060151,0.39849624060150374,0.9473684210526315,32,14,0,87,46,0.24060150375939848,0.10526315789473684,0.13533834586466165,0.0,0.6541353383458647,0.011351591436778108,OK
NQ,upper,WITHIN_5MIN,dominance_stratum,DOWN_DOMINANT,15,0.5,68,68,0.4852941176470588,0.29411764705882354,0.22058823529411764,0.0,0.3099193393508738,0.20353982300884957,0.22666666666666668,0.6176470588235294,0.38235294117647056,0.9411764705882353,24,11,0,33,35,0.35294117647058826,0.16176470588235295,0.19117647058823528,0.0,0.4852941176470588,0.040959591511636986,OK
NQ,upper,WITHIN_5MIN,dominance_stratum,UP_DOMINANT,15,0.5,249,249,0.4979919678714859,0.285140562248996,0.21686746987951808,0.0,0.1737704918032787,0.18501529051987767,-0.04839948783610755,0.4779116465863454,0.5140562248995983,0.9156626506024096,35,16,0,198,51,0.14056224899598393,0.0642570281124498,0.07630522088353414,0.0,0.7951807228915663,0.010973562899720513,OK
NQ,upper,WITHIN_5MIN,freshness,PRETOUCHED,15,0.5,296,296,0.5236486486486487,0.23648648648648649,0.23986486486486486,0.0,0.2510434056761269,0.18218623481781376,0.17073170731707313,0.5574324324324325,0.4358108108108108,0.9358108108108109,72,28,0,196,100,0.24324324324324326,0.0945945945945946,0.14864864864864866,0.0,0.6621621621621622,1.2579150016678854e-05,OK
NQ,upper,WITHIN_5MIN,freshness,PRISTINE,15,0.5,154,154,0.487012987012987,0.2922077922077922,0.22077922077922077,-0.008901700569273722,0.17609635083226632,0.19907129865775222,-0.03538830647264381,0.487012987012987,0.5064935064935064,0.9155844155844156,19,13,0,122,32,0.12337662337662338,0.08441558441558442,0.03896103896103896,0.0,0.7922077922077922,0.37708558747544885,OK
NQ,upper,WITHIN_5MIN,momentum,MOMENTUM_INTO_BLOCK,15,0.5,201,201,0.4925373134328358,0.30845771144278605,0.19900497512437812,-0.047619047619047616,0.14953271028037382,0.20588235294117646,-0.12953367875647667,0.43781094527363185,0.5621890547263682,0.9104477611940298,19,13,0,169,32,0.0945273631840796,0.06467661691542288,0.029850746268656716,0.0,0.8407960199004975,0.37708558747544885,OK
NQ,upper,WITHIN_5MIN,momentum,NOT_MOMENTUM_INTO_BLOCK,15,0.5,249,249,0.5261044176706827,0.21285140562248997,0.26104417670682734,0.0,0.28859060402684567,0.17777777777777778,0.27659102668342084,0.6104417670682731,0.37751004016064255,0.9437751004016064,72,28,0,149,100,0.2891566265060241,0.11244979919678715,0.17670682730923695,0.0,0.5983935742971888,1.2579150016678854e-05,OK
NQ,upper,WITHIN_10MIN,ALL,ALL,15,0.5,523,523,0.5047801147227533,0.2390057361376673,0.25621414913957935,0.0,0.237012987012987,0.172,0.15886013756960365,0.5525812619502868,0.4416826003824092,0.9292543021032504,109,47,0,367,156,0.2084130019120459,0.08986615678776291,0.11854684512428298,0.0,0.7017208413001912,7.532489029546564e-07,OK
NQ,upper,WITHIN_10MIN,pre10_stratum,PRE10_DOWN,15,0.5,70,70,0.4857142857142857,0.2,0.3142857142857143,0.033069767441860465,0.3341793287694106,0.16402934936350777,0.3029331779331779,0.6428571428571429,0.35714285714285715,0.9571428571428572,26,6,0,38,32,0.37142857142857144,0.08571428571428572,0.2857142857142857,0.0,0.5428571428571428,0.0005350527353584766,OK
NQ,upper,WITHIN_10MIN,pre10_stratum,PRE10_FLAT,15,0.5,2,2,0.5,0.0,0.5,-0.010669206495805439,0.13760294004463944,0.13114754098360656,0.04477611940298509,0.5,0.5,0.5,0,0,0,2,0,0.0,0.0,0.0,0.0,1.0,,UNDERPOWERED
NQ,upper,WITHIN_10MIN,pre10_stratum,PRE10_UP,15,0.5,451,451,0.5077605321507761,0.24611973392461198,0.24611973392461198,0.0,0.2149122807017544,0.17733990147783252,0.11354928596307903,0.5388026607538803,0.45454545454545453,0.926829268292683,83,41,0,327,124,0.18403547671840353,0.09090909090909091,0.09312638580931264,0.0,0.7250554323725056,0.000203788740361683,OK
NQ,upper,WITHIN_10MIN,close_loc_stratum,CLOSE_HIGH,15,0.5,354,354,0.5,0.288135593220339,0.211864406779661,0.0,0.19382826475849732,0.18510023785253144,0.05145437362175784,0.5141242937853108,0.4830508474576271,0.923728813559322,54,31,0,269,85,0.15254237288135594,0.08757062146892655,0.06497175141242938,0.0,0.7598870056497176,0.016508822028535212,OK
NQ,upper,WITHIN_10MIN,close_loc_stratum,CLOSE_LOW,15,0.5,6,6,0.16666666666666666,0.5,0.3333333333333333,0.2447850821744627,0.4436419472247498,0.10643198362147407,0.6037376048817695,0.6666666666666666,0.3333333333333333,1.0,2,1,0,3,3,0.3333333333333333,0.16666666666666666,0.16666666666666666,0.0,0.5,1.0,UNDERPOWERED
NQ,upper,WITHIN_10MIN,close_loc_stratum,CLOSE_MIDDLE,15,0.5,163,163,0.5276073619631901,0.12269938650306748,0.3496932515337423,0.0,0.29393939393939394,0.14864864864864866,0.3461302211302212,0.6319018404907976,0.3558282208588957,0.9386503067484663,53,15,0,95,68,0.32515337423312884,0.09202453987730061,0.2331288343558282,0.0,0.5828220858895705,4.11597033439493e-06,OK
NQ,upper,WITHIN_10MIN,dominance_stratum,BALANCED,15,0.5,158,158,0.5316455696202531,0.16455696202531644,0.3037974683544304,0.0,0.2910873440285205,0.14702058504875407,0.3401360544217687,0.6139240506329114,0.379746835443038,0.9493670886075949,39,15,0,104,54,0.2468354430379747,0.0949367088607595,0.1518987341772152,0.0,0.6582278481012658,0.0014962588853935084,OK
NQ,upper,WITHIN_10MIN,dominance_stratum,DOWN_DOMINANT,15,0.5,88,88,0.4772727272727273,0.2727272727272727,0.25,0.0,0.3099193393508738,0.18007741347905282,0.25902992776057787,0.6363636363636364,0.36363636363636365,0.9431818181818182,30,13,0,45,43,0.3409090909090909,0.14772727272727273,0.19318181818181818,0.0,0.5113636363636364,0.0137181850586785,OK
NQ,upper,WITHIN_10MIN,dominance_stratum,UP_DOMINANT,15,0.5,277,277,0.4981949458483754,0.27075812274368233,0.23104693140794225,0.0,0.17391304347826086,0.17857142857142858,-0.02151769798828619,0.49097472924187724,0.5018050541516246,0.9133574007220217,40,19,0,218,59,0.1444043321299639,0.06859205776173286,0.07581227436823104,0.0,0.7870036101083032,0.008641499683281734,OK
NQ,upper,WITHIN_10MIN,freshness,PRETOUCHED,15,0.5,341,341,0.5102639296187683,0.21700879765395895,0.2727272727272727,0.0,0.25,0.1652892561983471,0.22275782469957228,0.5659824046920822,0.4281524926686217,0.9296187683284457,84,32,0,225,116,0.24633431085043989,0.093841642228739,0.15249266862170088,0.0,0.6598240469208211,1.481143728223155e-06,OK
NQ,upper,WITHIN_10MIN,freshness,PRISTINE,15,0.5,182,182,0.4945054945054945,0.2802197802197802,0.22527472527472528,0.0,0.196292698721062,0.18286909104307136,0.07504690431519698,0.5274725274725275,0.46703296703296704,0.9285714285714286,25,15,0,142,40,0.13736263736263737,0.08241758241758242,0.054945054945054944,0.0,0.7802197802197802,0.1538599441628321,OK
NQ,upper,WITHIN_10MIN,momentum,MOMENTUM_INTO_BLOCK,15,0.5,212,212,0.49528301886792453,0.30660377358490565,0.19811320754716982,-0.04549974468542557,0.15335155350978136,0.19611152654630915,-0.10874704491725769,0.4528301886792453,0.5471698113207547,0.9056603773584906,20,14,0,178,34,0.09433962264150944,0.0660377358490566,0.02830188679245283,0.0,0.839622641509434,0.39152830513194203,OK
NQ,upper,WITHIN_10MIN,momentum,NOT_MOMENTUM_INTO_BLOCK,15,0.5,311,311,0.5112540192926045,0.19292604501607716,0.2958199356913183,0.0,0.29069767441860467,0.15160349854227406,0.33712121212121215,0.6205787781350482,0.36977491961414793,0.9453376205787781,89,33,0,189,122,0.2861736334405145,0.10610932475884244,0.18006430868167203,0.0,0.6077170418006431,4.040347038076119e-07,OK
NQ,upper,WITHIN_15MIN,ALL,ALL,15,0.5,565,565,0.49911504424778763,0.23539823008849559,0.26548672566371684,0.0,0.234375,0.1744186046511628,0.14789915966386555,0.5451327433628319,0.4495575221238938,0.9327433628318584,110,52,0,403,162,0.19469026548672566,0.0920353982300885,0.10265486725663717,0.0,0.7132743362831858,6.058495675070983e-06,OK
NQ,upper,WITHIN_15MIN,pre10_stratum,PRE10_DOWN,15,0.5,92,92,0.4782608695652174,0.20652173913043478,0.31521739130434784,0.0,0.31462317210348706,0.16402934936350777,0.2640575798470536,0.6086956521739131,0.391304347826087,0.9565217391304348,27,9,0,56,36,0.29347826086956524,0.09782608695652174,0.1956521739130435,0.0,0.6086956521739131,0.00393317302223295,OK
NQ,upper,WITHIN_15MIN,pre10_stratum,PRE10_FLAT,15,0.5,2,2,0.5,0.0,0.5,-0.010669206495805439,0.13760294004463944,0.13114754098360656,0.04477611940298509,0.5,0.5,0.5,0,0,0,2,0,0.0,0.0,0.0,0.0,1.0,,UNDERPOWERED
NQ,upper,WITHIN_15MIN,pre10_stratum,PRE10_UP,15,0.5,471,471,0.5031847133757962,0.24203821656050956,0.25477707006369427,0.0,0.21052631578947367,0.18218623481781376,0.09803921568627452,0.5329087048832272,0.4607218683651805,0.9299363057324841,83,43,0,345,126,0.1762208067940552,0.09129511677282377,0.08492569002123142,0.0,0.732484076433121,0.0004639397870064175,OK
NQ,upper,WITHIN_15MIN,close_loc_stratum,CLOSE_HIGH,15,0.5,359,359,0.4986072423398329,0.28969359331476324,0.2116991643454039,0.0,0.19170984455958548,0.18518518518518517,0.046728971962616835,0.5125348189415042,0.48467966573816157,0.924791086350975,54,32,0,273,86,0.15041782729805014,0.08913649025069638,0.06128133704735376,0.0,0.7604456824512534,0.02298259190715704,OK
NQ,upper,WITHIN_15MIN,close_loc_stratum,CLOSE_LOW,15,0.5,11,11,0.2727272727272727,0.45454545454545453,0.2727272727272727,0.168141592920354,0.3620689655172414,0.10747663551401869,0.5353535353535352,0.7272727272727273,0.2727272727272727,1.0,2,1,0,8,3,0.18181818181818182,0.09090909090909091,0.09090909090909091,0.0,0.7272727272727273,1.0,UNDERPOWERED
NQ,upper,WITHIN_15MIN,close_loc_stratum,CLOSE_MIDDLE,15,0.5,195,195,0.5128205128205128,0.12307692307692308,0.3641025641025641,0.0,0.26380368098159507,0.16666666666666666,0.25245098039215685,0.5948717948717949,0.39487179487179486,0.9435897435897436,54,19,0,122,73,0.27692307692307694,0.09743589743589744,0.1794871794871795,0.0,0.6256410256410256,5.0622659111780655e-05,OK
NQ,upper,WITHIN_15MIN,dominance_stratum,BALANCED,15,0.5,169,169,0.514792899408284,0.17751479289940827,0.3076923076923077,0.0,0.28823529411764703,0.15637860082304528,0.2771084337349398,0.6035502958579881,0.3905325443786982,0.9526627218934911,39,16,0,114,55,0.23076923076923078,0.09467455621301775,0.13609467455621302,0.0,0.6745562130177515,0.0026672623828598026,OK
NQ,upper,WITHIN_15MIN,dominance_stratum,DOWN_DOMINANT,15,0.5,105,105,0.47619047619047616,0.2571428571428571,0.26666666666666666,0.0,0.296,0.17777777777777778,0.25490196078431365,0.6190476190476191,0.38095238095238093,0.9428571428571428,31,15,0,59,46,0.29523809523809524,0.14285714285714285,0.1523809523809524,0.0,0.5619047619047619,0.02589608179323477,OK
NQ,upper,WITHIN_15MIN,dominance_stratum,UP_DOMINANT,15,0.5,291,291,0.49828178694158076,0.2611683848797251,0.24054982817869416,-0.01985981308411215,0.1711229946524064,0.18072289156626506,-0.04044006528441034,0.4845360824742268,0.5085910652920962,0.9175257731958762,40,21,0,230,61,0.13745704467353953,0.07216494845360824,0.06529209621993128,0.0,0.7903780068728522,0.0204147137996349,OK
NQ,upper,WITHIN_15MIN,freshness,PRETOUCHED,15,0.5,374,374,0.5026737967914439,0.20855614973262032,0.2887700534759358,0.0,0.24711517286941204,0.16871404602109302,0.1914893617021276,0.5561497326203209,0.4385026737967914,0.9358288770053476,84,34,0,256,118,0.22459893048128343,0.09090909090909091,0.13368983957219252,0.0,0.6844919786096256,4.724470570017391e-06,OK
NQ,upper,WITHIN_15MIN,freshness,PRISTINE,15,0.5,191,191,0.49214659685863876,0.2879581151832461,0.2198952879581152,-0.005128205128205128,0.19540229885057472,0.1888111888111888,0.07317073170731705,0.5235602094240838,0.4712041884816754,0.9267015706806283,26,18,0,147,44,0.13612565445026178,0.09424083769633508,0.041884816753926704,0.0,0.7696335078534031,0.2912152365458951,OK
NQ,upper,WITHIN_15MIN,momentum,MOMENTUM_INTO_BLOCK,15,0.5,215,215,0.49767441860465117,0.3023255813953488,0.2,-0.046413502109704644,0.15443037974683543,0.1945945945945946,-0.10638297872340427,0.4558139534883721,0.5441860465116279,0.9069767441860465,20,15,0,180,35,0.09302325581395349,0.06976744186046512,0.023255813953488372,0.0,0.8372093023255814,0.4995598332025112,OK
NQ,upper,WITHIN_15MIN,momentum,NOT_MOMENTUM_INTO_BLOCK,15,0.5,350,350,0.5,0.19428571428571428,0.3057142857142857,0.0,0.2737682165163081,0.16287718623870845,0.26495726495726496,0.6,0.3914285714285714,0.9485714285714286,90,37,0,223,127,0.2571428571428571,0.10571428571428572,0.15142857142857144,0.0,0.6371428571428571,2.872030486807259e-06,OK
NQ,upper,WITHIN_30MIN,ALL,ALL,15,0.5,674,674,0.4910979228486647,0.22403560830860533,0.28486646884273,0.0,0.2302614727854856,0.16871404602109302,0.16,0.5519287833827893,0.4421364985163205,0.9362017804154302,122,59,0,493,181,0.18100890207715134,0.08753709198813056,0.09347181008902077,0.0,0.7314540059347181,3.2666467957746144e-06,OK
NQ,upper,WITHIN_30MIN,pre10_stratum,PRE10_DOWN,15,0.5,148,148,0.4864864864864865,0.16891891891891891,0.34459459459459457,0.0,0.2694857331082472,0.159353640282061,0.19335764265300087,0.5945945945945946,0.40540540540540543,0.9594594594594594,34,13,0,101,47,0.22972972972972974,0.08783783783783784,0.14189189189189189,0.0,0.6824324324324325,0.0030876764615186394,OK
NQ,upper,WITHIN_30MIN,pre10_stratum,PRE10_FLAT,15,0.5,2,2,0.5,0.0,0.5,-0.010669206495805439,0.13760294004463944,0.13114754098360656,0.04477611940298509,0.5,0.5,0.5,0,0,0,2,0,0.0,0.0,0.0,0.0,1.0,,UNDERPOWERED
NQ,upper,WITHIN_30MIN,pre10_stratum,PRE10_UP,15,0.5,524,524,0.49236641221374045,0.24045801526717558,0.26717557251908397,0.0,0.2138917839152336,0.17795566502463056,0.13653136531365317,0.5400763358778626,0.45229007633587787,0.9312977099236641,88,46,0,390,134,0.16793893129770993,0.08778625954198473,0.08015267175572519,0.0,0.7442748091603053,0.00035945913215013216,OK
NQ,upper,WITHIN_30MIN,close_loc_stratum,CLOSE_HIGH,15,0.5,377,377,0.4880636604774536,0.2864721485411141,0.22546419098143236,0.0,0.19230769230769232,0.18218623481781376,0.0658307210031348,0.519893899204244,0.47480106100795755,0.9257294429708223,57,32,0,288,89,0.15119363395225463,0.08488063660477453,0.06631299734748011,0.0,0.7639257294429708,0.010546897231105523,OK
NQ,upper,WITHIN_30MIN,close_loc_stratum,CLOSE_LOW,15,0.5,32,32,0.34375,0.28125,0.375,0.10934993059436462,0.33507970366953965,0.12455173152063373,0.48080495356037145,0.65625,0.34375,1.0,4,3,0,25,7,0.125,0.09375,0.03125,0.0,0.78125,1.0,UNDERPOWERED
NQ,upper,WITHIN_30MIN,close_loc_stratum,CLOSE_MIDDLE,15,0.5,265,265,0.5132075471698113,0.12830188679245283,0.3584905660377358,0.0,0.24871794871794872,0.15217391304347827,0.200907455853499,0.5849056603773585,0.4075471698113208,0.9433962264150944,61,24,0,180,85,0.23018867924528302,0.09056603773584905,0.13962264150943396,0.0,0.6792452830188679,7.395947454563746e-05,OK
NQ,upper,WITHIN_30MIN,dominance_stratum,BALANCED,15,0.5,199,199,0.5226130653266332,0.16080402010050251,0.3165829145728643,0.0,0.2727272727272727,0.15637860082304528,0.2760736196319018,0.5979899497487438,0.3969849246231156,0.9447236180904522,45,21,0,133,66,0.22613065326633167,0.10552763819095477,0.12060301507537688,0.0,0.6683417085427136,0.004272405031651674,OK
NQ,upper,WITHIN_30MIN,dominance_stratum,DOWN_DOMINANT,15,0.5,142,142,0.45774647887323944,0.22535211267605634,0.31690140845070425,0.0,0.2749884727701214,0.1684867672168469,0.2541176470588235,0.6197183098591549,0.38028169014084506,0.9577464788732394,35,15,0,92,50,0.24647887323943662,0.1056338028169014,0.14084507042253522,0.0,0.647887323943662,0.006600447966810918,OK
NQ,upper,WITHIN_30MIN,dominance_stratum,UP_DOMINANT,15,0.5,333,333,0.4864864864864865,0.26126126126126126,0.25225225225225223,0.0,0.1737704918032787,0.1787709497206704,0.0,0.4954954954954955,0.4954954954954955,0.9219219219219219,42,23,0,268,65,0.12612612612612611,0.06906906906906907,0.057057057057057055,0.0,0.8048048048048048,0.024811974571552153,OK
NQ,upper,WITHIN_30MIN,freshness,PRETOUCHED,15,0.5,453,453,0.4878587196467991,0.1986754966887417,0.31346578366445915,0.0,0.24,0.16046511627906976,0.2027057909410851,0.5673289183222958,0.4260485651214128,0.9359823399558499,93,38,0,322,131,0.2052980132450331,0.08388520971302428,0.12141280353200883,0.0,0.7108167770419426,1.700505180668006e-06,OK
NQ,upper,WITHIN_30MIN,freshness,PRISTINE,15,0.5,221,221,0.497737556561086,0.27601809954751133,0.22624434389140272,0.0,0.19540229885057472,0.18501529051987767,0.07317073170731705,0.5203619909502263,0.4751131221719457,0.9366515837104072,29,21,0,171,50,0.13122171945701358,0.09502262443438914,0.03619909502262444,0.0,0.7737556561085973,0.3222363203575469,OK
NQ,upper,WITHIN_30MIN,momentum,MOMENTUM_INTO_BLOCK,15,0.5,228,228,0.49122807017543857,0.2982456140350877,0.21052631578947367,-0.04253590861033033,0.16058574453069868,0.18360076266884573,-0.06292463442069743,0.4692982456140351,0.5263157894736842,0.9078947368421053,22,15,0,191,37,0.09649122807017543,0.06578947368421052,0.03070175438596491,0.0,0.8377192982456141,0.3240086000878364,OK
NQ,upper,WITHIN_30MIN,momentum,NOT_MOMENTUM_INTO_BLOCK,15,0.5,446,446,0.4910313901345291,0.1860986547085202,0.32286995515695066,0.0,0.25679080629301865,0.16037827762951667,0.2549019607843137,0.594170403587444,0.3991031390134529,0.9506726457399103,100,44,0,302,144,0.2242152466367713,0.09865470852017937,0.12556053811659193,0.0,0.6771300448430493,3.493809651109119e-06,OK
NQ,upper,WITHIN_60MIN,ALL,ALL,15,0.5,759,759,0.4888010540184453,0.21212121212121213,0.29907773386034253,0.0,0.2215568862275449,0.1652892561983471,0.15294117647058822,0.546772068511199,0.44664031620553357,0.9420289855072463,127,64,0,568,191,0.1673254281949934,0.08432147562582346,0.08300395256916997,0.0,0.7483530961791831,6.03658351595176e-06,OK
NQ,upper,WITHIN_60MIN,pre10_stratum,PRE10_DOWN,15,0.5,207,207,0.4927536231884058,0.14492753623188406,0.36231884057971014,0.0,0.23297491039426524,0.14864864864864866,0.2086330935251799,0.5748792270531401,0.4251207729468599,0.966183574879227,37,15,0,155,52,0.178743961352657,0.07246376811594203,0.10628019323671498,0.0,0.748792270531401,0.003185253447776759,OK
NQ,upper,WITHIN_60MIN,pre10_stratum,PRE10_FLAT,15,0.5,2,2,0.5,0.0,0.5,-0.010669206495805439,0.13760294004463944,0.13114754098360656,0.04477611940298509,0.5,0.5,0.5,0,0,0,2,0,0.0,0.0,0.0,0.0,1.0,,UNDERPOWERED
NQ,upper,WITHIN_60MIN,pre10_stratum,PRE10_UP,15,0.5,550,550,0.48727272727272725,0.2381818181818182,0.27454545454545454,0.0,0.20942982456140352,0.17974692064346773,0.1111111111111111,0.5363636363636364,0.45454545454545453,0.9345454545454546,90,49,0,411,139,0.16363636363636364,0.0890909090909091,0.07454545454545454,0.0,0.7472727272727273,0.0006382953625234209,OK
NQ,upper,WITHIN_60MIN,close_loc_stratum,CLOSE_HIGH,15,0.5,381,381,0.48556430446194226,0.2887139107611549,0.22572178477690288,0.0,0.19230769230769232,0.18072289156626506,0.07017543859649122,0.5223097112860893,0.47244094488188976,0.926509186351706,58,32,0,291,90,0.15223097112860892,0.08398950131233596,0.06824146981627296,0.0,0.7637795275590551,0.008045928133225093,OK
NQ,upper,WITHIN_60MIN,close_loc_stratum,CLOSE_LOW,15,0.5,58,58,0.43103448275862066,0.22413793103448276,0.3448275862068966,0.04439024390243902,0.25208883025505713,0.1477353653325737,0.38137945318972666,0.5862068965517241,0.41379310344827586,1.0,5,5,0,48,10,0.08620689655172414,0.08620689655172414,0.0,0.0,0.8275862068965517,1.0,UNDERPOWERED
NQ,upper,WITHIN_60MIN,close_loc_stratum,CLOSE_MIDDLE,15,0.5,320,320,0.503125,0.11875,0.378125,0.0,0.22812234494477485,0.1510705664754381,0.17307692307692307,0.56875,0.421875,0.95,64,27,0,229,91,0.2,0.084375,0.115625,0.0,0.715625,0.00013216326274489117,OK
NQ,upper,WITHIN_60MIN,dominance_stratum,BALANCED,15,0.5,226,226,0.5176991150442478,0.1504424778761062,0.33185840707964603,0.0,0.25629353537822314,0.15399104968265967,0.28438755020080325,0.5929203539823009,0.4026548672566372,0.9513274336283186,47,25,0,154,72,0.2079646017699115,0.11061946902654868,0.09734513274336283,0.0,0.6814159292035398,0.012774595538064901,OK
NQ,upper,WITHIN_60MIN,dominance_stratum,DOWN_DOMINANT,15,0.5,179,179,0.46368715083798884,0.20670391061452514,0.329608938547486,0.0,0.24686192468619247,0.16203703703703703,0.22580645161290322,0.5921787709497207,0.40782122905027934,0.9608938547486033,36,15,0,128,51,0.2011173184357542,0.08379888268156424,0.11731843575418995,0.0,0.7150837988826816,0.0046013097117665325,OK
NQ,upper,WITHIN_60MIN,dominance_stratum,UP_DOMINANT,15,0.5,354,354,0.4830508474576271,0.2542372881355932,0.2627118644067797,0.0,0.17142026924856404,0.17867118914604949,0.0,0.4943502824858757,0.4943502824858757,0.9265536723163842,44,24,0,286,68,0.12429378531073447,0.06779661016949153,0.05649717514124294,0.0,0.807909604519774,0.02052693371370707,OK
NQ,upper,WITHIN_60MIN,freshness,PRETOUCHED,15,0.5,513,513,0.4834307992202729,0.1871345029239766,0.32943469785575047,0.0,0.23059866962305986,0.16029143897996356,0.19387597696421222,0.5594541910331384,0.4327485380116959,0.9434697855750487,97,41,0,375,138,0.18908382066276802,0.07992202729044834,0.10916179337231968,0.0,0.7309941520467836,2.087575969839328e-06,OK
NQ,upper,WITHIN_60MIN,freshness,PRISTINE,15,0.5,246,246,0.5,0.26422764227642276,0.23577235772357724,-0.002564102564102564,0.1909332220560791,0.18082837185317144,0.07167308515190414,0.5203252032520326,0.47560975609756095,0.9390243902439024,30,23,0,193,53,0.12195121951219512,0.09349593495934959,0.028455284552845527,0.0,0.7845528455284553,0.4101027163746913,OK
NQ,upper,WITHIN_60MIN,momentum,MOMENTUM_INTO_BLOCK,15,0.5,231,231,0.48917748917748916,0.2987012987012987,0.21212121212121213,-0.038461538461538464,0.16153846153846155,0.18218623481781376,-0.05454545454545451,0.47619047619047616,0.5194805194805194,0.9090909090909091,23,15,0,193,38,0.09956709956709957,0.06493506493506493,0.03463203463203463,0.0,0.8354978354978355,0.2558750795433298,OK
NQ,upper,WITHIN_60MIN,momentum,NOT_MOMENTUM_INTO_BLOCK,15,0.5,528,528,0.48863636363636365,0.17424242424242425,0.3371212121212121,0.0,0.2414421674725612,0.16037827762951667,0.22580645161290322,0.5776515151515151,0.4147727272727273,0.9564393939393939,104,49,0,375,153,0.19696969696969696,0.0928030303030303,0.10416666666666667,0.0,0.7102272727272727,1.030627900095857e-05,OK
