instrument,level_id,horizon,k,arm,barrier_order,n
ES,mad_D_1.0,1,0.5,REAL,CONTINUATION_FIRST,373
ES,mad_D_1.0,1,0.5,REAL,REJECTION_FIRST,363
ES,mad_D_1.0,1,0.5,REAL,SAME_BAR_BARRIER_TIE,318
ES,mad_D_1.0,1,0.5,REAL,NEITHER_REACHED,11
ES,mad_D_1.0,1,0.5,SYNTHETIC,REJECTION_FIRST,364
ES,mad_D_1.0,1,0.5,SYNTHETIC,CONTINUATION_FIRST,363
ES,mad_D_1.0,1,0.5,SYNTHETIC,SAME_BAR_BARRIER_TIE,314
ES,mad_D_1.0,1,0.5,SYNTHETIC,NEITHER_REACHED,13
ES,mad_D_1.0,1,1.0,REAL,CONTINUATION_FIRST,398
ES,mad_D_1.0,1,1.0,REAL,REJECTION_FIRST,392
ES,mad_D_1.0,1,1.0,REAL,SAME_BAR_BARRIER_TIE,141
ES,mad_D_1.0,1,1.0,REAL,NEITHER_REACHED,134
ES,mad_D_1.0,1,1.0,SYNTHETIC,REJECTION_FIRST,395
ES,mad_D_1.0,1,1.0,SYNTHETIC,CONTINUATION_FIRST,391
ES,mad_D_1.0,1,1.0,SYNTHETIC,SAME_BAR_BARRIER_TIE,147
ES,mad_D_1.0,1,1.0,SYNTHETIC,NEITHER_REACHED,121
ES,mad_D_1.0,1,1.5,REAL,REJECTION_FIRST,351
ES,mad_D_1.0,1,1.5,REAL,CONTINUATION_FIRST,334
ES,mad_D_1.0,1,1.5,REAL,NEITHER_REACHED,324
ES,mad_D_1.0,1,1.5,REAL,SAME_BAR_BARRIER_TIE,56
ES,mad_D_1.0,1,1.5,SYNTHETIC,REJECTION_FIRST,353
ES,mad_D_1.0,1,1.5,SYNTHETIC,CONTINUATION_FIRST,324
ES,mad_D_1.0,1,1.5,SYNTHETIC,NEITHER_REACHED,321
ES,mad_D_1.0,1,1.5,SYNTHETIC,SAME_BAR_BARRIER_TIE,56
ES,mad_D_1.0,1,2.0,REAL,NEITHER_REACHED,500
ES,mad_D_1.0,1,2.0,REAL,REJECTION_FIRST,278
ES,mad_D_1.0,1,2.0,REAL,CONTINUATION_FIRST,264
ES,mad_D_1.0,1,2.0,REAL,SAME_BAR_BARRIER_TIE,23
ES,mad_D_1.0,1,2.0,SYNTHETIC,NEITHER_REACHED,485
ES,mad_D_1.0,1,2.0,SYNTHETIC,REJECTION_FIRST,287
ES,mad_D_1.0,1,2.0,SYNTHETIC,CONTINUATION_FIRST,260
ES,mad_D_1.0,1,2.0,SYNTHETIC,SAME_BAR_BARRIER_TIE,22
ES,mad_D_1.0,3,0.5,REAL,CONTINUATION_FIRST,376
ES,mad_D_1.0,3,0.5,REAL,REJECTION_FIRST,368
ES,mad_D_1.0,3,0.5,REAL,SAME_BAR_BARRIER_TIE,318
ES,mad_D_1.0,3,0.5,REAL,NEITHER_REACHED,3
ES,mad_D_1.0,3,0.5,SYNTHETIC,REJECTION_FIRST,371
ES,mad_D_1.0,3,0.5,SYNTHETIC,CONTINUATION_FIRST,364
ES,mad_D_1.0,3,0.5,SYNTHETIC,SAME_BAR_BARRIER_TIE,316
ES,mad_D_1.0,3,0.5,SYNTHETIC,NEITHER_REACHED,3
ES,mad_D_1.0,3,1.0,REAL,REJECTION_FIRST,449
ES,mad_D_1.0,3,1.0,REAL,CONTINUATION_FIRST,433
ES,mad_D_1.0,3,1.0,REAL,SAME_BAR_BARRIER_TIE,144
ES,mad_D_1.0,3,1.0,REAL,NEITHER_REACHED,39
ES,mad_D_1.0,3,1.0,SYNTHETIC,REJECTION_FIRST,437
ES,mad_D_1.0,3,1.0,SYNTHETIC,CONTINUATION_FIRST,430
ES,mad_D_1.0,3,1.0,SYNTHETIC,SAME_BAR_BARRIER_TIE,150
ES,mad_D_1.0,3,1.0,SYNTHETIC,NEITHER_REACHED,37
ES,mad_D_1.0,3,1.5,REAL,REJECTION_FIRST,452
ES,mad_D_1.0,3,1.5,REAL,CONTINUATION_FIRST,442
ES,mad_D_1.0,3,1.5,REAL,NEITHER_REACHED,111
ES,mad_D_1.0,3,1.5,REAL,SAME_BAR_BARRIER_TIE,60
ES,mad_D_1.0,3,1.5,SYNTHETIC,REJECTION_FIRST,450
ES,mad_D_1.0,3,1.5,SYNTHETIC,CONTINUATION_FIRST,426
ES,mad_D_1.0,3,1.5,SYNTHETIC,NEITHER_REACHED,118
ES,mad_D_1.0,3,1.5,SYNTHETIC,SAME_BAR_BARRIER_TIE,60
ES,mad_D_1.0,3,2.0,REAL,CONTINUATION_FIRST,405
ES,mad_D_1.0,3,2.0,REAL,REJECTION_FIRST,386
ES,mad_D_1.0,3,2.0,REAL,NEITHER_REACHED,249
ES,mad_D_1.0,3,2.0,REAL,SAME_BAR_BARRIER_TIE,25
ES,mad_D_1.0,3,2.0,SYNTHETIC,REJECTION_FIRST,403
ES,mad_D_1.0,3,2.0,SYNTHETIC,CONTINUATION_FIRST,388
ES,mad_D_1.0,3,2.0,SYNTHETIC,NEITHER_REACHED,239
ES,mad_D_1.0,3,2.0,SYNTHETIC,SAME_BAR_BARRIER_TIE,24
ES,mad_D_1.0,5,0.5,REAL,CONTINUATION_FIRST,376
ES,mad_D_1.0,5,0.5,REAL,REJECTION_FIRST,370
ES,mad_D_1.0,5,0.5,REAL,SAME_BAR_BARRIER_TIE,318
ES,mad_D_1.0,5,0.5,REAL,NEITHER_REACHED,1
ES,mad_D_1.0,5,0.5,SYNTHETIC,REJECTION_FIRST,372
ES,mad_D_1.0,5,0.5,SYNTHETIC,CONTINUATION_FIRST,364
ES,mad_D_1.0,5,0.5,SYNTHETIC,SAME_BAR_BARRIER_TIE,316
ES,mad_D_1.0,5,0.5,SYNTHETIC,NEITHER_REACHED,2
ES,mad_D_1.0,5,1.0,REAL,REJECTION_FIRST,461
ES,mad_D_1.0,5,1.0,REAL,CONTINUATION_FIRST,443
ES,mad_D_1.0,5,1.0,REAL,SAME_BAR_BARRIER_TIE,144
ES,mad_D_1.0,5,1.0,REAL,NEITHER_REACHED,17
ES,mad_D_1.0,5,1.0,SYNTHETIC,REJECTION_FIRST,448
ES,mad_D_1.0,5,1.0,SYNTHETIC,CONTINUATION_FIRST,440
ES,mad_D_1.0,5,1.0,SYNTHETIC,SAME_BAR_BARRIER_TIE,150
ES,mad_D_1.0,5,1.0,SYNTHETIC,NEITHER_REACHED,16
ES,mad_D_1.0,5,1.5,REAL,REJECTION_FIRST,484
ES,mad_D_1.0,5,1.5,REAL,CONTINUATION_FIRST,461
ES,mad_D_1.0,5,1.5,REAL,SAME_BAR_BARRIER_TIE,60
ES,mad_D_1.0,5,1.5,REAL,NEITHER_REACHED,60
ES,mad_D_1.0,5,1.5,SYNTHETIC,REJECTION_FIRST,471
ES,mad_D_1.0,5,1.5,SYNTHETIC,CONTINUATION_FIRST,451
ES,mad_D_1.0,5,1.5,SYNTHETIC,NEITHER_REACHED,72
ES,mad_D_1.0,5,1.5,SYNTHETIC,SAME_BAR_BARRIER_TIE,60
ES,mad_D_1.0,5,2.0,REAL,CONTINUATION_FIRST,454
ES,mad_D_1.0,5,2.0,REAL,REJECTION_FIRST,432
ES,mad_D_1.0,5,2.0,REAL,NEITHER_REACHED,154
ES,mad_D_1.0,5,2.0,REAL,SAME_BAR_BARRIER_TIE,25
ES,mad_D_1.0,5,2.0,SYNTHETIC,REJECTION_FIRST,438
ES,mad_D_1.0,5,2.0,SYNTHETIC,CONTINUATION_FIRST,431
ES,mad_D_1.0,5,2.0,SYNTHETIC,NEITHER_REACHED,161
ES,mad_D_1.0,5,2.0,SYNTHETIC,SAME_BAR_BARRIER_TIE,24
ES,mad_D_1.0,10,0.5,REAL,CONTINUATION_FIRST,376
ES,mad_D_1.0,10,0.5,REAL,REJECTION_FIRST,370
ES,mad_D_1.0,10,0.5,REAL,SAME_BAR_BARRIER_TIE,318
ES,mad_D_1.0,10,0.5,REAL,NEITHER_REACHED,1
ES,mad_D_1.0,10,0.5,SYNTHETIC,REJECTION_FIRST,372
ES,mad_D_1.0,10,0.5,SYNTHETIC,CONTINUATION_FIRST,364
ES,mad_D_1.0,10,0.5,SYNTHETIC,SAME_BAR_BARRIER_TIE,316
ES,mad_D_1.0,10,0.5,SYNTHETIC,NEITHER_REACHED,2
ES,mad_D_1.0,10,1.0,REAL,REJECTION_FIRST,469
ES,mad_D_1.0,10,1.0,REAL,CONTINUATION_FIRST,446
ES,mad_D_1.0,10,1.0,REAL,SAME_BAR_BARRIER_TIE,144
ES,mad_D_1.0,10,1.0,REAL,NEITHER_REACHED,6
ES,mad_D_1.0,10,1.0,SYNTHETIC,REJECTION_FIRST,456
ES,mad_D_1.0,10,1.0,SYNTHETIC,CONTINUATION_FIRST,442
ES,mad_D_1.0,10,1.0,SYNTHETIC,SAME_BAR_BARRIER_TIE,150
ES,mad_D_1.0,10,1.0,SYNTHETIC,NEITHER_REACHED,6
ES,mad_D_1.0,10,1.5,REAL,REJECTION_FIRST,506
ES,mad_D_1.0,10,1.5,REAL,CONTINUATION_FIRST,478
ES,mad_D_1.0,10,1.5,REAL,SAME_BAR_BARRIER_TIE,60
ES,mad_D_1.0,10,1.5,REAL,NEITHER_REACHED,21
ES,mad_D_1.0,10,1.5,SYNTHETIC,REJECTION_FIRST,497
ES,mad_D_1.0,10,1.5,SYNTHETIC,CONTINUATION_FIRST,471
ES,mad_D_1.0,10,1.5,SYNTHETIC,SAME_BAR_BARRIER_TIE,60
ES,mad_D_1.0,10,1.5,SYNTHETIC,NEITHER_REACHED,26
ES,mad_D_1.0,10,2.0,REAL,CONTINUATION_FIRST,494
ES,mad_D_1.0,10,2.0,REAL,REJECTION_FIRST,474
ES,mad_D_1.0,10,2.0,REAL,NEITHER_REACHED,72
ES,mad_D_1.0,10,2.0,REAL,SAME_BAR_BARRIER_TIE,25
ES,mad_D_1.0,10,2.0,SYNTHETIC,REJECTION_FIRST,478
ES,mad_D_1.0,10,2.0,SYNTHETIC,CONTINUATION_FIRST,475
ES,mad_D_1.0,10,2.0,SYNTHETIC,NEITHER_REACHED,77
ES,mad_D_1.0,10,2.0,SYNTHETIC,SAME_BAR_BARRIER_TIE,24
ES,mad_D_1.0,15,0.5,REAL,CONTINUATION_FIRST,377
ES,mad_D_1.0,15,0.5,REAL,REJECTION_FIRST,370
ES,mad_D_1.0,15,0.5,REAL,SAME_BAR_BARRIER_TIE,318
ES,mad_D_1.0,15,0.5,SYNTHETIC,REJECTION_FIRST,373
ES,mad_D_1.0,15,0.5,SYNTHETIC,CONTINUATION_FIRST,365
ES,mad_D_1.0,15,0.5,SYNTHETIC,SAME_BAR_BARRIER_TIE,316
ES,mad_D_1.0,15,1.0,REAL,REJECTION_FIRST,470
ES,mad_D_1.0,15,1.0,REAL,CONTINUATION_FIRST,447
ES,mad_D_1.0,15,1.0,REAL,SAME_BAR_BARRIER_TIE,144
ES,mad_D_1.0,15,1.0,REAL,NEITHER_REACHED,4
ES,mad_D_1.0,15,1.0,SYNTHETIC,REJECTION_FIRST,458
ES,mad_D_1.0,15,1.0,SYNTHETIC,CONTINUATION_FIRST,442
ES,mad_D_1.0,15,1.0,SYNTHETIC,SAME_BAR_BARRIER_TIE,150
ES,mad_D_1.0,15,1.0,SYNTHETIC,NEITHER_REACHED,4
ES,mad_D_1.0,15,1.5,REAL,REJECTION_FIRST,510
ES,mad_D_1.0,15,1.5,REAL,CONTINUATION_FIRST,482
ES,mad_D_1.0,15,1.5,REAL,SAME_BAR_BARRIER_TIE,60
ES,mad_D_1.0,15,1.5,REAL,NEITHER_REACHED,13
ES,mad_D_1.0,15,1.5,SYNTHETIC,REJECTION_FIRST,503
ES,mad_D_1.0,15,1.5,SYNTHETIC,CONTINUATION_FIRST,478
ES,mad_D_1.0,15,1.5,SYNTHETIC,SAME_BAR_BARRIER_TIE,60
ES,mad_D_1.0,15,1.5,SYNTHETIC,NEITHER_REACHED,13
ES,mad_D_1.0,15,2.0,REAL,CONTINUATION_FIRST,508
ES,mad_D_1.0,15,2.0,REAL,REJECTION_FIRST,498
ES,mad_D_1.0,15,2.0,REAL,NEITHER_REACHED,34
ES,mad_D_1.0,15,2.0,REAL,SAME_BAR_BARRIER_TIE,25
ES,mad_D_1.0,15,2.0,SYNTHETIC,REJECTION_FIRST,501
ES,mad_D_1.0,15,2.0,SYNTHETIC,CONTINUATION_FIRST,493
ES,mad_D_1.0,15,2.0,SYNTHETIC,NEITHER_REACHED,36
ES,mad_D_1.0,15,2.0,SYNTHETIC,SAME_BAR_BARRIER_TIE,24
ES,mad_D_1.5,1,0.5,REAL,REJECTION_FIRST,351
ES,mad_D_1.5,1,0.5,REAL,CONTINUATION_FIRST,334
ES,mad_D_1.5,1,0.5,REAL,SAME_BAR_BARRIER_TIE,297
ES,mad_D_1.5,1,0.5,REAL,NEITHER_REACHED,17
ES,mad_D_1.5,1,0.5,SYNTHETIC,REJECTION_FIRST,348
ES,mad_D_1.5,1,0.5,SYNTHETIC,CONTINUATION_FIRST,331
ES,mad_D_1.5,1,0.5,SYNTHETIC,SAME_BAR_BARRIER_TIE,302
ES,mad_D_1.5,1,0.5,SYNTHETIC,NEITHER_REACHED,15
ES,mad_D_1.5,1,1.0,REAL,REJECTION_FIRST,391
ES,mad_D_1.5,1,1.0,REAL,CONTINUATION_FIRST,357
ES,mad_D_1.5,1,1.0,REAL,NEITHER_REACHED,129
ES,mad_D_1.5,1,1.0,REAL,SAME_BAR_BARRIER_TIE,122
ES,mad_D_1.5,1,1.0,SYNTHETIC,REJECTION_FIRST,385
ES,mad_D_1.5,1,1.0,SYNTHETIC,CONTINUATION_FIRST,357
ES,mad_D_1.5,1,1.0,SYNTHETIC,SAME_BAR_BARRIER_TIE,134
ES,mad_D_1.5,1,1.0,SYNTHETIC,NEITHER_REACHED,120
ES,mad_D_1.5,1,1.5,REAL,REJECTION_FIRST,334
ES,mad_D_1.5,1,1.5,REAL,NEITHER_REACHED,314
ES,mad_D_1.5,1,1.5,REAL,CONTINUATION_FIRST,298
ES,mad_D_1.5,1,1.5,REAL,SAME_BAR_BARRIER_TIE,53
ES,mad_D_1.5,1,1.5,SYNTHETIC,REJECTION_FIRST,344
ES,mad_D_1.5,1,1.5,SYNTHETIC,CONTINUATION_FIRST,306
ES,mad_D_1.5,1,1.5,SYNTHETIC,NEITHER_REACHED,304
ES,mad_D_1.5,1,1.5,SYNTHETIC,SAME_BAR_BARRIER_TIE,42
ES,mad_D_1.5,1,2.0,REAL,NEITHER_REACHED,471
ES,mad_D_1.5,1,2.0,REAL,REJECTION_FIRST,266
ES,mad_D_1.5,1,2.0,REAL,CONTINUATION_FIRST,243
ES,mad_D_1.5,1,2.0,REAL,SAME_BAR_BARRIER_TIE,19
ES,mad_D_1.5,1,2.0,SYNTHETIC,NEITHER_REACHED,465
ES,mad_D_1.5,1,2.0,SYNTHETIC,REJECTION_FIRST,270
ES,mad_D_1.5,1,2.0,SYNTHETIC,CONTINUATION_FIRST,242
ES,mad_D_1.5,1,2.0,SYNTHETIC,SAME_BAR_BARRIER_TIE,19
ES,mad_D_1.5,3,0.5,REAL,REJECTION_FIRST,362
ES,mad_D_1.5,3,0.5,REAL,CONTINUATION_FIRST,338
ES,mad_D_1.5,3,0.5,REAL,SAME_BAR_BARRIER_TIE,297
ES,mad_D_1.5,3,0.5,REAL,NEITHER_REACHED,2
ES,mad_D_1.5,3,0.5,SYNTHETIC,REJECTION_FIRST,357
ES,mad_D_1.5,3,0.5,SYNTHETIC,CONTINUATION_FIRST,336
ES,mad_D_1.5,3,0.5,SYNTHETIC,SAME_BAR_BARRIER_TIE,302
ES,mad_D_1.5,3,0.5,SYNTHETIC,NEITHER_REACHED,1
ES,mad_D_1.5,3,1.0,REAL,REJECTION_FIRST,444
ES,mad_D_1.5,3,1.0,REAL,CONTINUATION_FIRST,406
ES,mad_D_1.5,3,1.0,REAL,SAME_BAR_BARRIER_TIE,124
ES,mad_D_1.5,3,1.0,REAL,NEITHER_REACHED,25
ES,mad_D_1.5,3,1.0,SYNTHETIC,REJECTION_FIRST,437
ES,mad_D_1.5,3,1.0,SYNTHETIC,CONTINUATION_FIRST,400
ES,mad_D_1.5,3,1.0,SYNTHETIC,SAME_BAR_BARRIER_TIE,135
ES,mad_D_1.5,3,1.0,SYNTHETIC,NEITHER_REACHED,24
ES,mad_D_1.5,3,1.5,REAL,REJECTION_FIRST,435
ES,mad_D_1.5,3,1.5,REAL,CONTINUATION_FIRST,410
ES,mad_D_1.5,3,1.5,REAL,NEITHER_REACHED,99
ES,mad_D_1.5,3,1.5,REAL,SAME_BAR_BARRIER_TIE,55
ES,mad_D_1.5,3,1.5,SYNTHETIC,REJECTION_FIRST,448
ES,mad_D_1.5,3,1.5,SYNTHETIC,CONTINUATION_FIRST,404
ES,mad_D_1.5,3,1.5,SYNTHETIC,NEITHER_REACHED,101
ES,mad_D_1.5,3,1.5,SYNTHETIC,SAME_BAR_BARRIER_TIE,43
ES,mad_D_1.5,3,2.0,REAL,REJECTION_FIRST,387
ES,mad_D_1.5,3,2.0,REAL,CONTINUATION_FIRST,369
ES,mad_D_1.5,3,2.0,REAL,NEITHER_REACHED,222
ES,mad_D_1.5,3,2.0,REAL,SAME_BAR_BARRIER_TIE,21
ES,mad_D_1.5,3,2.0,SYNTHETIC,REJECTION_FIRST,390
ES,mad_D_1.5,3,2.0,SYNTHETIC,CONTINUATION_FIRST,370
ES,mad_D_1.5,3,2.0,SYNTHETIC,NEITHER_REACHED,215
ES,mad_D_1.5,3,2.0,SYNTHETIC,SAME_BAR_BARRIER_TIE,21
ES,mad_D_1.5,5,0.5,REAL,REJECTION_FIRST,362
ES,mad_D_1.5,5,0.5,REAL,CONTINUATION_FIRST,339
ES,mad_D_1.5,5,0.5,REAL,SAME_BAR_BARRIER_TIE,297
ES,mad_D_1.5,5,0.5,REAL,NEITHER_REACHED,1
ES,mad_D_1.5,5,0.5,SYNTHETIC,REJECTION_FIRST,358
ES,mad_D_1.5,5,0.5,SYNTHETIC,CONTINUATION_FIRST,336
ES,mad_D_1.5,5,0.5,SYNTHETIC,SAME_BAR_BARRIER_TIE,302
ES,mad_D_1.5,5,1.0,REAL,REJECTION_FIRST,452
ES,mad_D_1.5,5,1.0,REAL,CONTINUATION_FIRST,412
ES,mad_D_1.5,5,1.0,REAL,SAME_BAR_BARRIER_TIE,125
ES,mad_D_1.5,5,1.0,REAL,NEITHER_REACHED,10
ES,mad_D_1.5,5,1.0,SYNTHETIC,REJECTION_FIRST,442
ES,mad_D_1.5,5,1.0,SYNTHETIC,CONTINUATION_FIRST,408
ES,mad_D_1.5,5,1.0,SYNTHETIC,SAME_BAR_BARRIER_TIE,135
ES,mad_D_1.5,5,1.0,SYNTHETIC,NEITHER_REACHED,11
ES,mad_D_1.5,5,1.5,REAL,REJECTION_FIRST,456
ES,mad_D_1.5,5,1.5,REAL,CONTINUATION_FIRST,431
ES,mad_D_1.5,5,1.5,REAL,SAME_BAR_BARRIER_TIE,56
ES,mad_D_1.5,5,1.5,REAL,NEITHER_REACHED,56
ES,mad_D_1.5,5,1.5,SYNTHETIC,REJECTION_FIRST,470
ES,mad_D_1.5,5,1.5,SYNTHETIC,CONTINUATION_FIRST,426
ES,mad_D_1.5,5,1.5,SYNTHETIC,NEITHER_REACHED,56
ES,mad_D_1.5,5,1.5,SYNTHETIC,SAME_BAR_BARRIER_TIE,44
ES,mad_D_1.5,5,2.0,REAL,REJECTION_FIRST,427
ES,mad_D_1.5,5,2.0,REAL,CONTINUATION_FIRST,409
ES,mad_D_1.5,5,2.0,REAL,NEITHER_REACHED,142
ES,mad_D_1.5,5,2.0,REAL,SAME_BAR_BARRIER_TIE,21
ES,mad_D_1.5,5,2.0,SYNTHETIC,REJECTION_FIRST,426
ES,mad_D_1.5,5,2.0,SYNTHETIC,CONTINUATION_FIRST,415
ES,mad_D_1.5,5,2.0,SYNTHETIC,NEITHER_REACHED,134
ES,mad_D_1.5,5,2.0,SYNTHETIC,SAME_BAR_BARRIER_TIE,21
ES,mad_D_1.5,10,0.5,REAL,REJECTION_FIRST,363
ES,mad_D_1.5,10,0.5,REAL,CONTINUATION_FIRST,339
ES,mad_D_1.5,10,0.5,REAL,SAME_BAR_BARRIER_TIE,297
ES,mad_D_1.5,10,0.5,SYNTHETIC,REJECTION_FIRST,358
ES,mad_D_1.5,10,0.5,SYNTHETIC,CONTINUATION_FIRST,336
ES,mad_D_1.5,10,0.5,SYNTHETIC,SAME_BAR_BARRIER_TIE,302
ES,mad_D_1.5,10,1.0,REAL,REJECTION_FIRST,455
ES,mad_D_1.5,10,1.0,REAL,CONTINUATION_FIRST,415
ES,mad_D_1.5,10,1.0,REAL,SAME_BAR_BARRIER_TIE,125
ES,mad_D_1.5,10,1.0,REAL,NEITHER_REACHED,4
ES,mad_D_1.5,10,1.0,SYNTHETIC,REJECTION_FIRST,448
ES,mad_D_1.5,10,1.0,SYNTHETIC,CONTINUATION_FIRST,412
ES,mad_D_1.5,10,1.0,SYNTHETIC,SAME_BAR_BARRIER_TIE,135
ES,mad_D_1.5,10,1.0,SYNTHETIC,NEITHER_REACHED,1
ES,mad_D_1.5,10,1.5,REAL,REJECTION_FIRST,478
ES,mad_D_1.5,10,1.5,REAL,CONTINUATION_FIRST,450
ES,mad_D_1.5,10,1.5,REAL,SAME_BAR_BARRIER_TIE,56
ES,mad_D_1.5,10,1.5,REAL,NEITHER_REACHED,15
ES,mad_D_1.5,10,1.5,SYNTHETIC,REJECTION_FIRST,488
ES,mad_D_1.5,10,1.5,SYNTHETIC,CONTINUATION_FIRST,446
ES,mad_D_1.5,10,1.5,SYNTHETIC,SAME_BAR_BARRIER_TIE,44
ES,mad_D_1.5,10,1.5,SYNTHETIC,NEITHER_REACHED,18
ES,mad_D_1.5,10,2.0,REAL,REJECTION_FIRST,477
ES,mad_D_1.5,10,2.0,REAL,CONTINUATION_FIRST,448
ES,mad_D_1.5,10,2.0,REAL,NEITHER_REACHED,53
ES,mad_D_1.5,10,2.0,REAL,SAME_BAR_BARRIER_TIE,21
ES,mad_D_1.5,10,2.0,SYNTHETIC,REJECTION_FIRST,464
ES,mad_D_1.5,10,2.0,SYNTHETIC,CONTINUATION_FIRST,456
ES,mad_D_1.5,10,2.0,SYNTHETIC,NEITHER_REACHED,55
ES,mad_D_1.5,10,2.0,SYNTHETIC,SAME_BAR_BARRIER_TIE,21
ES,mad_D_1.5,15,0.5,REAL,REJECTION_FIRST,363
ES,mad_D_1.5,15,0.5,REAL,CONTINUATION_FIRST,339
ES,mad_D_1.5,15,0.5,REAL,SAME_BAR_BARRIER_TIE,297
ES,mad_D_1.5,15,0.5,SYNTHETIC,REJECTION_FIRST,358
ES,mad_D_1.5,15,0.5,SYNTHETIC,CONTINUATION_FIRST,336
ES,mad_D_1.5,15,0.5,SYNTHETIC,SAME_BAR_BARRIER_TIE,302
ES,mad_D_1.5,15,1.0,REAL,REJECTION_FIRST,459
ES,mad_D_1.5,15,1.0,REAL,CONTINUATION_FIRST,415
ES,mad_D_1.5,15,1.0,REAL,SAME_BAR_BARRIER_TIE,125
ES,mad_D_1.5,15,1.0,SYNTHETIC,REJECTION_FIRST,449
ES,mad_D_1.5,15,1.0,SYNTHETIC,CONTINUATION_FIRST,412
ES,mad_D_1.5,15,1.0,SYNTHETIC,SAME_BAR_BARRIER_TIE,135
ES,mad_D_1.5,15,1.5,REAL,REJECTION_FIRST,482
ES,mad_D_1.5,15,1.5,REAL,CONTINUATION_FIRST,454
ES,mad_D_1.5,15,1.5,REAL,SAME_BAR_BARRIER_TIE,56
ES,mad_D_1.5,15,1.5,REAL,NEITHER_REACHED,7
ES,mad_D_1.5,15,1.5,SYNTHETIC,REJECTION_FIRST,492
ES,mad_D_1.5,15,1.5,SYNTHETIC,CONTINUATION_FIRST,453
ES,mad_D_1.5,15,1.5,SYNTHETIC,SAME_BAR_BARRIER_TIE,44
ES,mad_D_1.5,15,1.5,SYNTHETIC,NEITHER_REACHED,7
ES,mad_D_1.5,15,2.0,REAL,REJECTION_FIRST,489
ES,mad_D_1.5,15,2.0,REAL,CONTINUATION_FIRST,460
ES,mad_D_1.5,15,2.0,REAL,NEITHER_REACHED,29
ES,mad_D_1.5,15,2.0,REAL,SAME_BAR_BARRIER_TIE,21
ES,mad_D_1.5,15,2.0,SYNTHETIC,REJECTION_FIRST,476
ES,mad_D_1.5,15,2.0,SYNTHETIC,CONTINUATION_FIRST,466
ES,mad_D_1.5,15,2.0,SYNTHETIC,NEITHER_REACHED,33
ES,mad_D_1.5,15,2.0,SYNTHETIC,SAME_BAR_BARRIER_TIE,21
ES,mad_D_2.0,1,0.5,REAL,REJECTION_FIRST,343
ES,mad_D_2.0,1,0.5,REAL,CONTINUATION_FIRST,312
ES,mad_D_2.0,1,0.5,REAL,SAME_BAR_BARRIER_TIE,287
ES,mad_D_2.0,1,0.5,REAL,NEITHER_REACHED,11
ES,mad_D_2.0,1,0.5,SYNTHETIC,REJECTION_FIRST,352
ES,mad_D_2.0,1,0.5,SYNTHETIC,CONTINUATION_FIRST,327
ES,mad_D_2.0,1,0.5,SYNTHETIC,SAME_BAR_BARRIER_TIE,266
ES,mad_D_2.0,1,0.5,SYNTHETIC,NEITHER_REACHED,7
ES,mad_D_2.0,1,1.0,REAL,REJECTION_FIRST,369
ES,mad_D_2.0,1,1.0,REAL,CONTINUATION_FIRST,352
ES,mad_D_2.0,1,1.0,REAL,NEITHER_REACHED,130
ES,mad_D_2.0,1,1.0,REAL,SAME_BAR_BARRIER_TIE,102
ES,mad_D_2.0,1,1.0,SYNTHETIC,REJECTION_FIRST,375
ES,mad_D_2.0,1,1.0,SYNTHETIC,CONTINUATION_FIRST,349
ES,mad_D_2.0,1,1.0,SYNTHETIC,NEITHER_REACHED,126
ES,mad_D_2.0,1,1.0,SYNTHETIC,SAME_BAR_BARRIER_TIE,102
ES,mad_D_2.0,1,1.5,REAL,REJECTION_FIRST,338
ES,mad_D_2.0,1,1.5,REAL,NEITHER_REACHED,293
ES,mad_D_2.0,1,1.5,REAL,CONTINUATION_FIRST,276
ES,mad_D_2.0,1,1.5,REAL,SAME_BAR_BARRIER_TIE,46
ES,mad_D_2.0,1,1.5,SYNTHETIC,REJECTION_FIRST,340
ES,mad_D_2.0,1,1.5,SYNTHETIC,CONTINUATION_FIRST,293
ES,mad_D_2.0,1,1.5,SYNTHETIC,NEITHER_REACHED,273
ES,mad_D_2.0,1,1.5,SYNTHETIC,SAME_BAR_BARRIER_TIE,46
ES,mad_D_2.0,1,2.0,REAL,NEITHER_REACHED,444
ES,mad_D_2.0,1,2.0,REAL,REJECTION_FIRST,268
ES,mad_D_2.0,1,2.0,REAL,CONTINUATION_FIRST,222
ES,mad_D_2.0,1,2.0,REAL,SAME_BAR_BARRIER_TIE,19
ES,mad_D_2.0,1,2.0,SYNTHETIC,NEITHER_REACHED,450
ES,mad_D_2.0,1,2.0,SYNTHETIC,REJECTION_FIRST,261
ES,mad_D_2.0,1,2.0,SYNTHETIC,CONTINUATION_FIRST,222
ES,mad_D_2.0,1,2.0,SYNTHETIC,SAME_BAR_BARRIER_TIE,19
ES,mad_D_2.0,3,0.5,REAL,REJECTION_FIRST,347
ES,mad_D_2.0,3,0.5,REAL,CONTINUATION_FIRST,317
ES,mad_D_2.0,3,0.5,REAL,SAME_BAR_BARRIER_TIE,287
ES,mad_D_2.0,3,0.5,REAL,NEITHER_REACHED,2
ES,mad_D_2.0,3,0.5,SYNTHETIC,REJECTION_FIRST,355
ES,mad_D_2.0,3,0.5,SYNTHETIC,CONTINUATION_FIRST,331
ES,mad_D_2.0,3,0.5,SYNTHETIC,SAME_BAR_BARRIER_TIE,266
ES,mad_D_2.0,3,1.0,REAL,CONTINUATION_FIRST,410
ES,mad_D_2.0,3,1.0,REAL,REJECTION_FIRST,409
ES,mad_D_2.0,3,1.0,REAL,SAME_BAR_BARRIER_TIE,106
ES,mad_D_2.0,3,1.0,REAL,NEITHER_REACHED,28
ES,mad_D_2.0,3,1.0,SYNTHETIC,REJECTION_FIRST,421
ES,mad_D_2.0,3,1.0,SYNTHETIC,CONTINUATION_FIRST,402
ES,mad_D_2.0,3,1.0,SYNTHETIC,SAME_BAR_BARRIER_TIE,103
ES,mad_D_2.0,3,1.0,SYNTHETIC,NEITHER_REACHED,26
ES,mad_D_2.0,3,1.5,REAL,REJECTION_FIRST,423
ES,mad_D_2.0,3,1.5,REAL,CONTINUATION_FIRST,369
ES,mad_D_2.0,3,1.5,REAL,NEITHER_REACHED,111
ES,mad_D_2.0,3,1.5,REAL,SAME_BAR_BARRIER_TIE,50
ES,mad_D_2.0,3,1.5,SYNTHETIC,REJECTION_FIRST,423
ES,mad_D_2.0,3,1.5,SYNTHETIC,CONTINUATION_FIRST,381
ES,mad_D_2.0,3,1.5,SYNTHETIC,NEITHER_REACHED,100
ES,mad_D_2.0,3,1.5,SYNTHETIC,SAME_BAR_BARRIER_TIE,48
ES,mad_D_2.0,3,2.0,REAL,REJECTION_FIRST,378
ES,mad_D_2.0,3,2.0,REAL,CONTINUATION_FIRST,340
ES,mad_D_2.0,3,2.0,REAL,NEITHER_REACHED,215
ES,mad_D_2.0,3,2.0,REAL,SAME_BAR_BARRIER_TIE,20
ES,mad_D_2.0,3,2.0,SYNTHETIC,REJECTION_FIRST,370
ES,mad_D_2.0,3,2.0,SYNTHETIC,CONTINUATION_FIRST,345
ES,mad_D_2.0,3,2.0,SYNTHETIC,NEITHER_REACHED,217
ES,mad_D_2.0,3,2.0,SYNTHETIC,SAME_BAR_BARRIER_TIE,20
ES,mad_D_2.0,5,0.5,REAL,REJECTION_FIRST,347
ES,mad_D_2.0,5,0.5,REAL,CONTINUATION_FIRST,318
ES,mad_D_2.0,5,0.5,REAL,SAME_BAR_BARRIER_TIE,288
ES,mad_D_2.0,5,0.5,SYNTHETIC,REJECTION_FIRST,355
ES,mad_D_2.0,5,0.5,SYNTHETIC,CONTINUATION_FIRST,331
ES,mad_D_2.0,5,0.5,SYNTHETIC,SAME_BAR_BARRIER_TIE,266
ES,mad_D_2.0,5,1.0,REAL,CONTINUATION_FIRST,421
ES,mad_D_2.0,5,1.0,REAL,REJECTION_FIRST,414
ES,mad_D_2.0,5,1.0,REAL,SAME_BAR_BARRIER_TIE,106
ES,mad_D_2.0,5,1.0,REAL,NEITHER_REACHED,12
ES,mad_D_2.0,5,1.0,SYNTHETIC,REJECTION_FIRST,427
ES,mad_D_2.0,5,1.0,SYNTHETIC,CONTINUATION_FIRST,410
ES,mad_D_2.0,5,1.0,SYNTHETIC,SAME_BAR_BARRIER_TIE,104
ES,mad_D_2.0,5,1.0,SYNTHETIC,NEITHER_REACHED,11
ES,mad_D_2.0,5,1.5,REAL,REJECTION_FIRST,448
ES,mad_D_2.0,5,1.5,REAL,CONTINUATION_FIRST,391
ES,mad_D_2.0,5,1.5,REAL,NEITHER_REACHED,64
ES,mad_D_2.0,5,1.5,REAL,SAME_BAR_BARRIER_TIE,50
ES,mad_D_2.0,5,1.5,SYNTHETIC,REJECTION_FIRST,443
ES,mad_D_2.0,5,1.5,SYNTHETIC,CONTINUATION_FIRST,400
ES,mad_D_2.0,5,1.5,SYNTHETIC,NEITHER_REACHED,61
ES,mad_D_2.0,5,1.5,SYNTHETIC,SAME_BAR_BARRIER_TIE,48
ES,mad_D_2.0,5,2.0,REAL,REJECTION_FIRST,426
ES,mad_D_2.0,5,2.0,REAL,CONTINUATION_FIRST,375
ES,mad_D_2.0,5,2.0,REAL,NEITHER_REACHED,132
ES,mad_D_2.0,5,2.0,REAL,SAME_BAR_BARRIER_TIE,20
ES,mad_D_2.0,5,2.0,SYNTHETIC,REJECTION_FIRST,417
ES,mad_D_2.0,5,2.0,SYNTHETIC,CONTINUATION_FIRST,374
ES,mad_D_2.0,5,2.0,SYNTHETIC,NEITHER_REACHED,141
ES,mad_D_2.0,5,2.0,SYNTHETIC,SAME_BAR_BARRIER_TIE,20
ES,mad_D_2.0,10,0.5,REAL,REJECTION_FIRST,347
ES,mad_D_2.0,10,0.5,REAL,CONTINUATION_FIRST,318
ES,mad_D_2.0,10,0.5,REAL,SAME_BAR_BARRIER_TIE,288
ES,mad_D_2.0,10,0.5,SYNTHETIC,REJECTION_FIRST,355
ES,mad_D_2.0,10,0.5,SYNTHETIC,CONTINUATION_FIRST,331
ES,mad_D_2.0,10,0.5,SYNTHETIC,SAME_BAR_BARRIER_TIE,266
ES,mad_D_2.0,10,1.0,REAL,CONTINUATION_FIRST,427
ES,mad_D_2.0,10,1.0,REAL,REJECTION_FIRST,417
ES,mad_D_2.0,10,1.0,REAL,SAME_BAR_BARRIER_TIE,106
ES,mad_D_2.0,10,1.0,REAL,NEITHER_REACHED,3
ES,mad_D_2.0,10,1.0,SYNTHETIC,REJECTION_FIRST,431
ES,mad_D_2.0,10,1.0,SYNTHETIC,CONTINUATION_FIRST,414
ES,mad_D_2.0,10,1.0,SYNTHETIC,SAME_BAR_BARRIER_TIE,104
ES,mad_D_2.0,10,1.0,SYNTHETIC,NEITHER_REACHED,3
ES,mad_D_2.0,10,1.5,REAL,REJECTION_FIRST,468
ES,mad_D_2.0,10,1.5,REAL,CONTINUATION_FIRST,417
ES,mad_D_2.0,10,1.5,REAL,SAME_BAR_BARRIER_TIE,50
ES,mad_D_2.0,10,1.5,REAL,NEITHER_REACHED,18
ES,mad_D_2.0,10,1.5,SYNTHETIC,REJECTION_FIRST,457
ES,mad_D_2.0,10,1.5,SYNTHETIC,CONTINUATION_FIRST,429
ES,mad_D_2.0,10,1.5,SYNTHETIC,SAME_BAR_BARRIER_TIE,48
ES,mad_D_2.0,10,1.5,SYNTHETIC,NEITHER_REACHED,18
ES,mad_D_2.0,10,2.0,REAL,REJECTION_FIRST,459
ES,mad_D_2.0,10,2.0,REAL,CONTINUATION_FIRST,413
ES,mad_D_2.0,10,2.0,REAL,NEITHER_REACHED,60
ES,mad_D_2.0,10,2.0,REAL,SAME_BAR_BARRIER_TIE,21
ES,mad_D_2.0,10,2.0,SYNTHETIC,REJECTION_FIRST,457
ES,mad_D_2.0,10,2.0,SYNTHETIC,CONTINUATION_FIRST,417
ES,mad_D_2.0,10,2.0,SYNTHETIC,NEITHER_REACHED,58
ES,mad_D_2.0,10,2.0,SYNTHETIC,SAME_BAR_BARRIER_TIE,20
ES,mad_D_2.0,15,0.5,REAL,REJECTION_FIRST,347
ES,mad_D_2.0,15,0.5,REAL,CONTINUATION_FIRST,318
ES,mad_D_2.0,15,0.5,REAL,SAME_BAR_BARRIER_TIE,288
ES,mad_D_2.0,15,0.5,SYNTHETIC,REJECTION_FIRST,355
ES,mad_D_2.0,15,0.5,SYNTHETIC,CONTINUATION_FIRST,331
ES,mad_D_2.0,15,0.5,SYNTHETIC,SAME_BAR_BARRIER_TIE,266
ES,mad_D_2.0,15,1.0,REAL,CONTINUATION_FIRST,428
ES,mad_D_2.0,15,1.0,REAL,REJECTION_FIRST,419
ES,mad_D_2.0,15,1.0,REAL,SAME_BAR_BARRIER_TIE,106
ES,mad_D_2.0,15,1.0,SYNTHETIC,REJECTION_FIRST,434
ES,mad_D_2.0,15,1.0,SYNTHETIC,CONTINUATION_FIRST,414
ES,mad_D_2.0,15,1.0,SYNTHETIC,SAME_BAR_BARRIER_TIE,104
ES,mad_D_2.0,15,1.5,REAL,REJECTION_FIRST,473
ES,mad_D_2.0,15,1.5,REAL,CONTINUATION_FIRST,425
ES,mad_D_2.0,15,1.5,REAL,SAME_BAR_BARRIER_TIE,50
ES,mad_D_2.0,15,1.5,REAL,NEITHER_REACHED,5
ES,mad_D_2.0,15,1.5,SYNTHETIC,REJECTION_FIRST,465
ES,mad_D_2.0,15,1.5,SYNTHETIC,CONTINUATION_FIRST,432
ES,mad_D_2.0,15,1.5,SYNTHETIC,SAME_BAR_BARRIER_TIE,48
ES,mad_D_2.0,15,1.5,SYNTHETIC,NEITHER_REACHED,7
ES,mad_D_2.0,15,2.0,REAL,REJECTION_FIRST,473
ES,mad_D_2.0,15,2.0,REAL,CONTINUATION_FIRST,427
ES,mad_D_2.0,15,2.0,REAL,NEITHER_REACHED,32
ES,mad_D_2.0,15,2.0,REAL,SAME_BAR_BARRIER_TIE,21
ES,mad_D_2.0,15,2.0,SYNTHETIC,REJECTION_FIRST,468
ES,mad_D_2.0,15,2.0,SYNTHETIC,CONTINUATION_FIRST,433
ES,mad_D_2.0,15,2.0,SYNTHETIC,NEITHER_REACHED,31
ES,mad_D_2.0,15,2.0,SYNTHETIC,SAME_BAR_BARRIER_TIE,20
ES,mad_U_1.0,1,0.5,REAL,CONTINUATION_FIRST,411
ES,mad_U_1.0,1,0.5,REAL,REJECTION_FIRST,403
ES,mad_U_1.0,1,0.5,REAL,SAME_BAR_BARRIER_TIE,258
ES,mad_U_1.0,1,0.5,REAL,NEITHER_REACHED,19
ES,mad_U_1.0,1,0.5,SYNTHETIC,REJECTION_FIRST,401
ES,mad_U_1.0,1,0.5,SYNTHETIC,CONTINUATION_FIRST,396
ES,mad_U_1.0,1,0.5,SYNTHETIC,SAME_BAR_BARRIER_TIE,264
ES,mad_U_1.0,1,0.5,SYNTHETIC,NEITHER_REACHED,20
ES,mad_U_1.0,1,1.0,REAL,REJECTION_FIRST,410
ES,mad_U_1.0,1,1.0,REAL,CONTINUATION_FIRST,408
ES,mad_U_1.0,1,1.0,REAL,NEITHER_REACHED,190
ES,mad_U_1.0,1,1.0,REAL,SAME_BAR_BARRIER_TIE,83
ES,mad_U_1.0,1,1.0,SYNTHETIC,REJECTION_FIRST,418
ES,mad_U_1.0,1,1.0,SYNTHETIC,CONTINUATION_FIRST,404
ES,mad_U_1.0,1,1.0,SYNTHETIC,NEITHER_REACHED,185
ES,mad_U_1.0,1,1.0,SYNTHETIC,SAME_BAR_BARRIER_TIE,74
ES,mad_U_1.0,1,1.5,REAL,NEITHER_REACHED,411
ES,mad_U_1.0,1,1.5,REAL,REJECTION_FIRST,325
ES,mad_U_1.0,1,1.5,REAL,CONTINUATION_FIRST,322
ES,mad_U_1.0,1,1.5,REAL,SAME_BAR_BARRIER_TIE,33
ES,mad_U_1.0,1,1.5,SYNTHETIC,NEITHER_REACHED,404
ES,mad_U_1.0,1,1.5,SYNTHETIC,REJECTION_FIRST,334
ES,mad_U_1.0,1,1.5,SYNTHETIC,CONTINUATION_FIRST,310
ES,mad_U_1.0,1,1.5,SYNTHETIC,SAME_BAR_BARRIER_TIE,33
ES,mad_U_1.0,1,2.0,REAL,NEITHER_REACHED,609
ES,mad_U_1.0,1,2.0,REAL,REJECTION_FIRST,247
ES,mad_U_1.0,1,2.0,REAL,CONTINUATION_FIRST,223
ES,mad_U_1.0,1,2.0,REAL,SAME_BAR_BARRIER_TIE,12
ES,mad_U_1.0,1,2.0,SYNTHETIC,NEITHER_REACHED,606
ES,mad_U_1.0,1,2.0,SYNTHETIC,REJECTION_FIRST,234
ES,mad_U_1.0,1,2.0,SYNTHETIC,CONTINUATION_FIRST,229
ES,mad_U_1.0,1,2.0,SYNTHETIC,SAME_BAR_BARRIER_TIE,12
ES,mad_U_1.0,3,0.5,REAL,CONTINUATION_FIRST,419
ES,mad_U_1.0,3,0.5,REAL,REJECTION_FIRST,408
ES,mad_U_1.0,3,0.5,REAL,SAME_BAR_BARRIER_TIE,259
ES,mad_U_1.0,3,0.5,REAL,NEITHER_REACHED,5
ES,mad_U_1.0,3,0.5,SYNTHETIC,REJECTION_FIRST,408
ES,mad_U_1.0,3,0.5,SYNTHETIC,CONTINUATION_FIRST,402
ES,mad_U_1.0,3,0.5,SYNTHETIC,SAME_BAR_BARRIER_TIE,265
ES,mad_U_1.0,3,0.5,SYNTHETIC,NEITHER_REACHED,6
ES,mad_U_1.0,3,1.0,REAL,REJECTION_FIRST,484
ES,mad_U_1.0,3,1.0,REAL,CONTINUATION_FIRST,470
ES,mad_U_1.0,3,1.0,REAL,SAME_BAR_BARRIER_TIE,85
ES,mad_U_1.0,3,1.0,REAL,NEITHER_REACHED,52
ES,mad_U_1.0,3,1.0,SYNTHETIC,REJECTION_FIRST,485
ES,mad_U_1.0,3,1.0,SYNTHETIC,CONTINUATION_FIRST,465
ES,mad_U_1.0,3,1.0,SYNTHETIC,SAME_BAR_BARRIER_TIE,75
ES,mad_U_1.0,3,1.0,SYNTHETIC,NEITHER_REACHED,56
ES,mad_U_1.0,3,1.5,REAL,REJECTION_FIRST,445
ES,mad_U_1.0,3,1.5,REAL,CONTINUATION_FIRST,423
ES,mad_U_1.0,3,1.5,REAL,NEITHER_REACHED,188
ES,mad_U_1.0,3,1.5,REAL,SAME_BAR_BARRIER_TIE,35
ES,mad_U_1.0,3,1.5,SYNTHETIC,REJECTION_FIRST,458
ES,mad_U_1.0,3,1.5,SYNTHETIC,CONTINUATION_FIRST,418
ES,mad_U_1.0,3,1.5,SYNTHETIC,NEITHER_REACHED,171
ES,mad_U_1.0,3,1.5,SYNTHETIC,SAME_BAR_BARRIER_TIE,34
ES,mad_U_1.0,3,2.0,REAL,REJECTION_FIRST,390
ES,mad_U_1.0,3,2.0,REAL,CONTINUATION_FIRST,344
ES,mad_U_1.0,3,2.0,REAL,NEITHER_REACHED,343
ES,mad_U_1.0,3,2.0,REAL,SAME_BAR_BARRIER_TIE,14
ES,mad_U_1.0,3,2.0,SYNTHETIC,REJECTION_FIRST,389
ES,mad_U_1.0,3,2.0,SYNTHETIC,CONTINUATION_FIRST,347
ES,mad_U_1.0,3,2.0,SYNTHETIC,NEITHER_REACHED,331
ES,mad_U_1.0,3,2.0,SYNTHETIC,SAME_BAR_BARRIER_TIE,14
ES,mad_U_1.0,5,0.5,REAL,CONTINUATION_FIRST,421
ES,mad_U_1.0,5,0.5,REAL,REJECTION_FIRST,408
ES,mad_U_1.0,5,0.5,REAL,SAME_BAR_BARRIER_TIE,259
ES,mad_U_1.0,5,0.5,REAL,NEITHER_REACHED,3
ES,mad_U_1.0,5,0.5,SYNTHETIC,REJECTION_FIRST,411
ES,mad_U_1.0,5,0.5,SYNTHETIC,CONTINUATION_FIRST,403
ES,mad_U_1.0,5,0.5,SYNTHETIC,SAME_BAR_BARRIER_TIE,265
ES,mad_U_1.0,5,0.5,SYNTHETIC,NEITHER_REACHED,2
ES,mad_U_1.0,5,1.0,REAL,REJECTION_FIRST,498
ES,mad_U_1.0,5,1.0,REAL,CONTINUATION_FIRST,481
ES,mad_U_1.0,5,1.0,REAL,SAME_BAR_BARRIER_TIE,85
ES,mad_U_1.0,5,1.0,REAL,NEITHER_REACHED,27
ES,mad_U_1.0,5,1.0,SYNTHETIC,REJECTION_FIRST,499
ES,mad_U_1.0,5,1.0,SYNTHETIC,CONTINUATION_FIRST,478
ES,mad_U_1.0,5,1.0,SYNTHETIC,SAME_BAR_BARRIER_TIE,76
ES,mad_U_1.0,5,1.0,SYNTHETIC,NEITHER_REACHED,28
ES,mad_U_1.0,5,1.5,REAL,REJECTION_FIRST,492
ES,mad_U_1.0,5,1.5,REAL,CONTINUATION_FIRST,471
ES,mad_U_1.0,5,1.5,REAL,NEITHER_REACHED,93
ES,mad_U_1.0,5,1.5,REAL,SAME_BAR_BARRIER_TIE,35
ES,mad_U_1.0,5,1.5,SYNTHETIC,REJECTION_FIRST,498
ES,mad_U_1.0,5,1.5,SYNTHETIC,CONTINUATION_FIRST,459
ES,mad_U_1.0,5,1.5,SYNTHETIC,NEITHER_REACHED,90
ES,mad_U_1.0,5,1.5,SYNTHETIC,SAME_BAR_BARRIER_TIE,34
ES,mad_U_1.0,5,2.0,REAL,REJECTION_FIRST,462
ES,mad_U_1.0,5,2.0,REAL,CONTINUATION_FIRST,400
ES,mad_U_1.0,5,2.0,REAL,NEITHER_REACHED,214
ES,mad_U_1.0,5,2.0,REAL,SAME_BAR_BARRIER_TIE,15
ES,mad_U_1.0,5,2.0,SYNTHETIC,REJECTION_FIRST,460
ES,mad_U_1.0,5,2.0,SYNTHETIC,CONTINUATION_FIRST,406
ES,mad_U_1.0,5,2.0,SYNTHETIC,NEITHER_REACHED,200
ES,mad_U_1.0,5,2.0,SYNTHETIC,SAME_BAR_BARRIER_TIE,15
ES,mad_U_1.0,10,0.5,REAL,CONTINUATION_FIRST,422
ES,mad_U_1.0,10,0.5,REAL,REJECTION_FIRST,410
ES,mad_U_1.0,10,0.5,REAL,SAME_BAR_BARRIER_TIE,259
ES,mad_U_1.0,10,0.5,SYNTHETIC,REJECTION_FIRST,412
ES,mad_U_1.0,10,0.5,SYNTHETIC,CONTINUATION_FIRST,404
ES,mad_U_1.0,10,0.5,SYNTHETIC,SAME_BAR_BARRIER_TIE,265
ES,mad_U_1.0,10,1.0,REAL,REJECTION_FIRST,506
ES,mad_U_1.0,10,1.0,REAL,CONTINUATION_FIRST,488
ES,mad_U_1.0,10,1.0,REAL,SAME_BAR_BARRIER_TIE,85
ES,mad_U_1.0,10,1.0,REAL,NEITHER_REACHED,12
ES,mad_U_1.0,10,1.0,SYNTHETIC,REJECTION_FIRST,509
ES,mad_U_1.0,10,1.0,SYNTHETIC,CONTINUATION_FIRST,482
ES,mad_U_1.0,10,1.0,SYNTHETIC,SAME_BAR_BARRIER_TIE,77
ES,mad_U_1.0,10,1.0,SYNTHETIC,NEITHER_REACHED,13
ES,mad_U_1.0,10,1.5,REAL,REJECTION_FIRST,523
ES,mad_U_1.0,10,1.5,REAL,CONTINUATION_FIRST,495
ES,mad_U_1.0,10,1.5,REAL,NEITHER_REACHED,38
ES,mad_U_1.0,10,1.5,REAL,SAME_BAR_BARRIER_TIE,35
ES,mad_U_1.0,10,1.5,SYNTHETIC,REJECTION_FIRST,528
ES,mad_U_1.0,10,1.5,SYNTHETIC,CONTINUATION_FIRST,485
ES,mad_U_1.0,10,1.5,SYNTHETIC,SAME_BAR_BARRIER_TIE,34
ES,mad_U_1.0,10,1.5,SYNTHETIC,NEITHER_REACHED,34
ES,mad_U_1.0,10,2.0,REAL,REJECTION_FIRST,519
ES,mad_U_1.0,10,2.0,REAL,CONTINUATION_FIRST,455
ES,mad_U_1.0,10,2.0,REAL,NEITHER_REACHED,102
ES,mad_U_1.0,10,2.0,REAL,SAME_BAR_BARRIER_TIE,15
ES,mad_U_1.0,10,2.0,SYNTHETIC,REJECTION_FIRST,512
ES,mad_U_1.0,10,2.0,SYNTHETIC,CONTINUATION_FIRST,457
ES,mad_U_1.0,10,2.0,SYNTHETIC,NEITHER_REACHED,97
ES,mad_U_1.0,10,2.0,SYNTHETIC,SAME_BAR_BARRIER_TIE,15
ES,mad_U_1.0,15,0.5,REAL,CONTINUATION_FIRST,422
ES,mad_U_1.0,15,0.5,REAL,REJECTION_FIRST,410
ES,mad_U_1.0,15,0.5,REAL,SAME_BAR_BARRIER_TIE,259
ES,mad_U_1.0,15,0.5,SYNTHETIC,REJECTION_FIRST,412
ES,mad_U_1.0,15,0.5,SYNTHETIC,CONTINUATION_FIRST,404
ES,mad_U_1.0,15,0.5,SYNTHETIC,SAME_BAR_BARRIER_TIE,265
ES,mad_U_1.0,15,1.0,REAL,REJECTION_FIRST,509
ES,mad_U_1.0,15,1.0,REAL,CONTINUATION_FIRST,489
ES,mad_U_1.0,15,1.0,REAL,SAME_BAR_BARRIER_TIE,85
ES,mad_U_1.0,15,1.0,REAL,NEITHER_REACHED,8
ES,mad_U_1.0,15,1.0,SYNTHETIC,REJECTION_FIRST,511
ES,mad_U_1.0,15,1.0,SYNTHETIC,CONTINUATION_FIRST,484
ES,mad_U_1.0,15,1.0,SYNTHETIC,SAME_BAR_BARRIER_TIE,77
ES,mad_U_1.0,15,1.0,SYNTHETIC,NEITHER_REACHED,9
ES,mad_U_1.0,15,1.5,REAL,REJECTION_FIRST,529
ES,mad_U_1.0,15,1.5,REAL,CONTINUATION_FIRST,502
ES,mad_U_1.0,15,1.5,REAL,SAME_BAR_BARRIER_TIE,35
ES,mad_U_1.0,15,1.5,REAL,NEITHER_REACHED,25
ES,mad_U_1.0,15,1.5,SYNTHETIC,REJECTION_FIRST,532
ES,mad_U_1.0,15,1.5,SYNTHETIC,CONTINUATION_FIRST,490
ES,mad_U_1.0,15,1.5,SYNTHETIC,SAME_BAR_BARRIER_TIE,34
ES,mad_U_1.0,15,1.5,SYNTHETIC,NEITHER_REACHED,25
ES,mad_U_1.0,15,2.0,REAL,REJECTION_FIRST,534
ES,mad_U_1.0,15,2.0,REAL,CONTINUATION_FIRST,475
ES,mad_U_1.0,15,2.0,REAL,NEITHER_REACHED,67
ES,mad_U_1.0,15,2.0,REAL,SAME_BAR_BARRIER_TIE,15
ES,mad_U_1.0,15,2.0,SYNTHETIC,REJECTION_FIRST,529
ES,mad_U_1.0,15,2.0,SYNTHETIC,CONTINUATION_FIRST,479
ES,mad_U_1.0,15,2.0,SYNTHETIC,NEITHER_REACHED,58
ES,mad_U_1.0,15,2.0,SYNTHETIC,SAME_BAR_BARRIER_TIE,15
ES,mad_U_1.5,1,0.5,REAL,CONTINUATION_FIRST,380
ES,mad_U_1.5,1,0.5,REAL,REJECTION_FIRST,374
ES,mad_U_1.5,1,0.5,REAL,SAME_BAR_BARRIER_TIE,239
ES,mad_U_1.5,1,0.5,REAL,NEITHER_REACHED,26
ES,mad_U_1.5,1,0.5,SYNTHETIC,CONTINUATION_FIRST,386
ES,mad_U_1.5,1,0.5,SYNTHETIC,REJECTION_FIRST,361
ES,mad_U_1.5,1,0.5,SYNTHETIC,SAME_BAR_BARRIER_TIE,244
ES,mad_U_1.5,1,0.5,SYNTHETIC,NEITHER_REACHED,19
ES,mad_U_1.5,1,1.0,REAL,REJECTION_FIRST,378
ES,mad_U_1.5,1,1.0,REAL,CONTINUATION_FIRST,371
ES,mad_U_1.5,1,1.0,REAL,NEITHER_REACHED,189
ES,mad_U_1.5,1,1.0,REAL,SAME_BAR_BARRIER_TIE,81
ES,mad_U_1.5,1,1.0,SYNTHETIC,CONTINUATION_FIRST,376
ES,mad_U_1.5,1,1.0,SYNTHETIC,REJECTION_FIRST,366
ES,mad_U_1.5,1,1.0,SYNTHETIC,NEITHER_REACHED,190
ES,mad_U_1.5,1,1.0,SYNTHETIC,SAME_BAR_BARRIER_TIE,78
ES,mad_U_1.5,1,1.5,REAL,NEITHER_REACHED,417
ES,mad_U_1.5,1,1.5,REAL,REJECTION_FIRST,301
ES,mad_U_1.5,1,1.5,REAL,CONTINUATION_FIRST,277
ES,mad_U_1.5,1,1.5,REAL,SAME_BAR_BARRIER_TIE,24
ES,mad_U_1.5,1,1.5,SYNTHETIC,NEITHER_REACHED,428
ES,mad_U_1.5,1,1.5,SYNTHETIC,REJECTION_FIRST,284
ES,mad_U_1.5,1,1.5,SYNTHETIC,CONTINUATION_FIRST,274
ES,mad_U_1.5,1,1.5,SYNTHETIC,SAME_BAR_BARRIER_TIE,24
ES,mad_U_1.5,1,2.0,REAL,NEITHER_REACHED,587
ES,mad_U_1.5,1,2.0,REAL,REJECTION_FIRST,223
ES,mad_U_1.5,1,2.0,REAL,CONTINUATION_FIRST,198
ES,mad_U_1.5,1,2.0,REAL,SAME_BAR_BARRIER_TIE,11
ES,mad_U_1.5,1,2.0,SYNTHETIC,NEITHER_REACHED,590
ES,mad_U_1.5,1,2.0,SYNTHETIC,REJECTION_FIRST,210
ES,mad_U_1.5,1,2.0,SYNTHETIC,CONTINUATION_FIRST,196
ES,mad_U_1.5,1,2.0,SYNTHETIC,SAME_BAR_BARRIER_TIE,14
ES,mad_U_1.5,3,0.5,REAL,CONTINUATION_FIRST,389
ES,mad_U_1.5,3,0.5,REAL,REJECTION_FIRST,383
ES,mad_U_1.5,3,0.5,REAL,SAME_BAR_BARRIER_TIE,241
ES,mad_U_1.5,3,0.5,REAL,NEITHER_REACHED,6
ES,mad_U_1.5,3,0.5,SYNTHETIC,CONTINUATION_FIRST,395
ES,mad_U_1.5,3,0.5,SYNTHETIC,REJECTION_FIRST,366
ES,mad_U_1.5,3,0.5,SYNTHETIC,SAME_BAR_BARRIER_TIE,245
ES,mad_U_1.5,3,0.5,SYNTHETIC,NEITHER_REACHED,4
ES,mad_U_1.5,3,1.0,REAL,REJECTION_FIRST,451
ES,mad_U_1.5,3,1.0,REAL,CONTINUATION_FIRST,428
ES,mad_U_1.5,3,1.0,REAL,SAME_BAR_BARRIER_TIE,81
ES,mad_U_1.5,3,1.0,REAL,NEITHER_REACHED,59
ES,mad_U_1.5,3,1.0,SYNTHETIC,CONTINUATION_FIRST,443
ES,mad_U_1.5,3,1.0,SYNTHETIC,REJECTION_FIRST,437
ES,mad_U_1.5,3,1.0,SYNTHETIC,SAME_BAR_BARRIER_TIE,79
ES,mad_U_1.5,3,1.0,SYNTHETIC,NEITHER_REACHED,51
ES,mad_U_1.5,3,1.5,REAL,REJECTION_FIRST,423
ES,mad_U_1.5,3,1.5,REAL,CONTINUATION_FIRST,386
ES,mad_U_1.5,3,1.5,REAL,NEITHER_REACHED,186
ES,mad_U_1.5,3,1.5,REAL,SAME_BAR_BARRIER_TIE,24
ES,mad_U_1.5,3,1.5,SYNTHETIC,REJECTION_FIRST,405
ES,mad_U_1.5,3,1.5,SYNTHETIC,CONTINUATION_FIRST,393
ES,mad_U_1.5,3,1.5,SYNTHETIC,NEITHER_REACHED,188
ES,mad_U_1.5,3,1.5,SYNTHETIC,SAME_BAR_BARRIER_TIE,24
ES,mad_U_1.5,3,2.0,REAL,REJECTION_FIRST,367
ES,mad_U_1.5,3,2.0,REAL,NEITHER_REACHED,324
ES,mad_U_1.5,3,2.0,REAL,CONTINUATION_FIRST,315
ES,mad_U_1.5,3,2.0,REAL,SAME_BAR_BARRIER_TIE,13
ES,mad_U_1.5,3,2.0,SYNTHETIC,REJECTION_FIRST,351
ES,mad_U_1.5,3,2.0,SYNTHETIC,NEITHER_REACHED,323
ES,mad_U_1.5,3,2.0,SYNTHETIC,CONTINUATION_FIRST,320
ES,mad_U_1.5,3,2.0,SYNTHETIC,SAME_BAR_BARRIER_TIE,16
ES,mad_U_1.5,5,0.5,REAL,CONTINUATION_FIRST,390
ES,mad_U_1.5,5,0.5,REAL,REJECTION_FIRST,385
ES,mad_U_1.5,5,0.5,REAL,SAME_BAR_BARRIER_TIE,241
ES,mad_U_1.5,5,0.5,REAL,NEITHER_REACHED,3
ES,mad_U_1.5,5,0.5,SYNTHETIC,CONTINUATION_FIRST,396
ES,mad_U_1.5,5,0.5,SYNTHETIC,REJECTION_FIRST,367
ES,mad_U_1.5,5,0.5,SYNTHETIC,SAME_BAR_BARRIER_TIE,245
ES,mad_U_1.5,5,0.5,SYNTHETIC,NEITHER_REACHED,2
ES,mad_U_1.5,5,1.0,REAL,REJECTION_FIRST,464
ES,mad_U_1.5,5,1.0,REAL,CONTINUATION_FIRST,446
ES,mad_U_1.5,5,1.0,REAL,SAME_BAR_BARRIER_TIE,81
ES,mad_U_1.5,5,1.0,REAL,NEITHER_REACHED,28
ES,mad_U_1.5,5,1.0,SYNTHETIC,CONTINUATION_FIRST,454
ES,mad_U_1.5,5,1.0,SYNTHETIC,REJECTION_FIRST,449
ES,mad_U_1.5,5,1.0,SYNTHETIC,SAME_BAR_BARRIER_TIE,79
ES,mad_U_1.5,5,1.0,SYNTHETIC,NEITHER_REACHED,28
ES,mad_U_1.5,5,1.5,REAL,REJECTION_FIRST,463
ES,mad_U_1.5,5,1.5,REAL,CONTINUATION_FIRST,439
ES,mad_U_1.5,5,1.5,REAL,NEITHER_REACHED,93
ES,mad_U_1.5,5,1.5,REAL,SAME_BAR_BARRIER_TIE,24
ES,mad_U_1.5,5,1.5,SYNTHETIC,CONTINUATION_FIRST,444
ES,mad_U_1.5,5,1.5,SYNTHETIC,REJECTION_FIRST,439
ES,mad_U_1.5,5,1.5,SYNTHETIC,NEITHER_REACHED,103
ES,mad_U_1.5,5,1.5,SYNTHETIC,SAME_BAR_BARRIER_TIE,24
ES,mad_U_1.5,5,2.0,REAL,REJECTION_FIRST,443
ES,mad_U_1.5,5,2.0,REAL,CONTINUATION_FIRST,365
ES,mad_U_1.5,5,2.0,REAL,NEITHER_REACHED,198
ES,mad_U_1.5,5,2.0,REAL,SAME_BAR_BARRIER_TIE,13
ES,mad_U_1.5,5,2.0,SYNTHETIC,REJECTION_FIRST,416
ES,mad_U_1.5,5,2.0,SYNTHETIC,CONTINUATION_FIRST,369
ES,mad_U_1.5,5,2.0,SYNTHETIC,NEITHER_REACHED,209
ES,mad_U_1.5,5,2.0,SYNTHETIC,SAME_BAR_BARRIER_TIE,16
ES,mad_U_1.5,10,0.5,REAL,CONTINUATION_FIRST,390
ES,mad_U_1.5,10,0.5,REAL,REJECTION_FIRST,386
ES,mad_U_1.5,10,0.5,REAL,SAME_BAR_BARRIER_TIE,241
ES,mad_U_1.5,10,0.5,REAL,NEITHER_REACHED,2
ES,mad_U_1.5,10,0.5,SYNTHETIC,CONTINUATION_FIRST,397
ES,mad_U_1.5,10,0.5,SYNTHETIC,REJECTION_FIRST,368
ES,mad_U_1.5,10,0.5,SYNTHETIC,SAME_BAR_BARRIER_TIE,245
ES,mad_U_1.5,10,1.0,REAL,REJECTION_FIRST,475
ES,mad_U_1.5,10,1.0,REAL,CONTINUATION_FIRST,455
ES,mad_U_1.5,10,1.0,REAL,SAME_BAR_BARRIER_TIE,81
ES,mad_U_1.5,10,1.0,REAL,NEITHER_REACHED,8
ES,mad_U_1.5,10,1.0,SYNTHETIC,CONTINUATION_FIRST,462
ES,mad_U_1.5,10,1.0,SYNTHETIC,REJECTION_FIRST,459
ES,mad_U_1.5,10,1.0,SYNTHETIC,SAME_BAR_BARRIER_TIE,79
ES,mad_U_1.5,10,1.0,SYNTHETIC,NEITHER_REACHED,10
ES,mad_U_1.5,10,1.5,REAL,REJECTION_FIRST,491
ES,mad_U_1.5,10,1.5,REAL,CONTINUATION_FIRST,468
ES,mad_U_1.5,10,1.5,REAL,NEITHER_REACHED,36
ES,mad_U_1.5,10,1.5,REAL,SAME_BAR_BARRIER_TIE,24
ES,mad_U_1.5,10,1.5,SYNTHETIC,REJECTION_FIRST,478
ES,mad_U_1.5,10,1.5,SYNTHETIC,CONTINUATION_FIRST,474
ES,mad_U_1.5,10,1.5,SYNTHETIC,NEITHER_REACHED,34
ES,mad_U_1.5,10,1.5,SYNTHETIC,SAME_BAR_BARRIER_TIE,24
ES,mad_U_1.5,10,2.0,REAL,REJECTION_FIRST,491
ES,mad_U_1.5,10,2.0,REAL,CONTINUATION_FIRST,413
ES,mad_U_1.5,10,2.0,REAL,NEITHER_REACHED,101
ES,mad_U_1.5,10,2.0,REAL,SAME_BAR_BARRIER_TIE,14
ES,mad_U_1.5,10,2.0,SYNTHETIC,REJECTION_FIRST,467
ES,mad_U_1.5,10,2.0,SYNTHETIC,CONTINUATION_FIRST,422
ES,mad_U_1.5,10,2.0,SYNTHETIC,NEITHER_REACHED,105
ES,mad_U_1.5,10,2.0,SYNTHETIC,SAME_BAR_BARRIER_TIE,16
ES,mad_U_1.5,15,0.5,REAL,CONTINUATION_FIRST,390
ES,mad_U_1.5,15,0.5,REAL,REJECTION_FIRST,387
ES,mad_U_1.5,15,0.5,REAL,SAME_BAR_BARRIER_TIE,241
ES,mad_U_1.5,15,0.5,REAL,NEITHER_REACHED,1
ES,mad_U_1.5,15,0.5,SYNTHETIC,CONTINUATION_FIRST,397
ES,mad_U_1.5,15,0.5,SYNTHETIC,REJECTION_FIRST,368
ES,mad_U_1.5,15,0.5,SYNTHETIC,SAME_BAR_BARRIER_TIE,245
ES,mad_U_1.5,15,1.0,REAL,REJECTION_FIRST,476
ES,mad_U_1.5,15,1.0,REAL,CONTINUATION_FIRST,457
ES,mad_U_1.5,15,1.0,REAL,SAME_BAR_BARRIER_TIE,81
ES,mad_U_1.5,15,1.0,REAL,NEITHER_REACHED,5
ES,mad_U_1.5,15,1.0,SYNTHETIC,CONTINUATION_FIRST,464
ES,mad_U_1.5,15,1.0,SYNTHETIC,REJECTION_FIRST,461
ES,mad_U_1.5,15,1.0,SYNTHETIC,SAME_BAR_BARRIER_TIE,79
ES,mad_U_1.5,15,1.0,SYNTHETIC,NEITHER_REACHED,6
ES,mad_U_1.5,15,1.5,REAL,REJECTION_FIRST,501
ES,mad_U_1.5,15,1.5,REAL,CONTINUATION_FIRST,474
ES,mad_U_1.5,15,1.5,REAL,SAME_BAR_BARRIER_TIE,24
ES,mad_U_1.5,15,1.5,REAL,NEITHER_REACHED,20
ES,mad_U_1.5,15,1.5,SYNTHETIC,REJECTION_FIRST,485
ES,mad_U_1.5,15,1.5,SYNTHETIC,CONTINUATION_FIRST,481
ES,mad_U_1.5,15,1.5,SYNTHETIC,SAME_BAR_BARRIER_TIE,25
ES,mad_U_1.5,15,1.5,SYNTHETIC,NEITHER_REACHED,19
ES,mad_U_1.5,15,2.0,REAL,REJECTION_FIRST,509
ES,mad_U_1.5,15,2.0,REAL,CONTINUATION_FIRST,438
ES,mad_U_1.5,15,2.0,REAL,NEITHER_REACHED,58
ES,mad_U_1.5,15,2.0,REAL,SAME_BAR_BARRIER_TIE,14
ES,mad_U_1.5,15,2.0,SYNTHETIC,REJECTION_FIRST,488
ES,mad_U_1.5,15,2.0,SYNTHETIC,CONTINUATION_FIRST,450
ES,mad_U_1.5,15,2.0,SYNTHETIC,NEITHER_REACHED,55
ES,mad_U_1.5,15,2.0,SYNTHETIC,SAME_BAR_BARRIER_TIE,17
ES,mad_U_2.0,1,0.5,REAL,CONTINUATION_FIRST,351
ES,mad_U_2.0,1,0.5,REAL,REJECTION_FIRST,340
ES,mad_U_2.0,1,0.5,REAL,SAME_BAR_BARRIER_TIE,225
ES,mad_U_2.0,1,0.5,REAL,NEITHER_REACHED,27
ES,mad_U_2.0,1,0.5,SYNTHETIC,CONTINUATION_FIRST,350
ES,mad_U_2.0,1,0.5,SYNTHETIC,REJECTION_FIRST,341
ES,mad_U_2.0,1,0.5,SYNTHETIC,SAME_BAR_BARRIER_TIE,232
ES,mad_U_2.0,1,0.5,SYNTHETIC,NEITHER_REACHED,26
ES,mad_U_2.0,1,1.0,REAL,CONTINUATION_FIRST,348
ES,mad_U_2.0,1,1.0,REAL,REJECTION_FIRST,334
ES,mad_U_2.0,1,1.0,REAL,NEITHER_REACHED,193
ES,mad_U_2.0,1,1.0,REAL,SAME_BAR_BARRIER_TIE,68
ES,mad_U_2.0,1,1.0,SYNTHETIC,CONTINUATION_FIRST,346
ES,mad_U_2.0,1,1.0,SYNTHETIC,REJECTION_FIRST,344
ES,mad_U_2.0,1,1.0,SYNTHETIC,NEITHER_REACHED,185
ES,mad_U_2.0,1,1.0,SYNTHETIC,SAME_BAR_BARRIER_TIE,74
ES,mad_U_2.0,1,1.5,REAL,NEITHER_REACHED,400
ES,mad_U_2.0,1,1.5,REAL,REJECTION_FIRST,271
ES,mad_U_2.0,1,1.5,REAL,CONTINUATION_FIRST,252
ES,mad_U_2.0,1,1.5,REAL,SAME_BAR_BARRIER_TIE,20
ES,mad_U_2.0,1,1.5,SYNTHETIC,NEITHER_REACHED,396
ES,mad_U_2.0,1,1.5,SYNTHETIC,REJECTION_FIRST,275
ES,mad_U_2.0,1,1.5,SYNTHETIC,CONTINUATION_FIRST,260
ES,mad_U_2.0,1,1.5,SYNTHETIC,SAME_BAR_BARRIER_TIE,18
ES,mad_U_2.0,1,2.0,REAL,NEITHER_REACHED,564
ES,mad_U_2.0,1,2.0,REAL,REJECTION_FIRST,192
ES,mad_U_2.0,1,2.0,REAL,CONTINUATION_FIRST,180
ES,mad_U_2.0,1,2.0,REAL,SAME_BAR_BARRIER_TIE,7
ES,mad_U_2.0,1,2.0,SYNTHETIC,NEITHER_REACHED,561
ES,mad_U_2.0,1,2.0,SYNTHETIC,REJECTION_FIRST,197
ES,mad_U_2.0,1,2.0,SYNTHETIC,CONTINUATION_FIRST,184
ES,mad_U_2.0,1,2.0,SYNTHETIC,SAME_BAR_BARRIER_TIE,7
ES,mad_U_2.0,3,0.5,REAL,CONTINUATION_FIRST,364
ES,mad_U_2.0,3,0.5,REAL,REJECTION_FIRST,352
ES,mad_U_2.0,3,0.5,REAL,SAME_BAR_BARRIER_TIE,225
ES,mad_U_2.0,3,0.5,REAL,NEITHER_REACHED,2
ES,mad_U_2.0,3,0.5,SYNTHETIC,CONTINUATION_FIRST,363
ES,mad_U_2.0,3,0.5,SYNTHETIC,REJECTION_FIRST,348
ES,mad_U_2.0,3,0.5,SYNTHETIC,SAME_BAR_BARRIER_TIE,234
ES,mad_U_2.0,3,0.5,SYNTHETIC,NEITHER_REACHED,4
ES,mad_U_2.0,3,1.0,REAL,CONTINUATION_FIRST,417
ES,mad_U_2.0,3,1.0,REAL,REJECTION_FIRST,399
ES,mad_U_2.0,3,1.0,REAL,SAME_BAR_BARRIER_TIE,70
ES,mad_U_2.0,3,1.0,REAL,NEITHER_REACHED,57
ES,mad_U_2.0,3,1.0,SYNTHETIC,CONTINUATION_FIRST,412
ES,mad_U_2.0,3,1.0,SYNTHETIC,REJECTION_FIRST,410
ES,mad_U_2.0,3,1.0,SYNTHETIC,SAME_BAR_BARRIER_TIE,74
ES,mad_U_2.0,3,1.0,SYNTHETIC,NEITHER_REACHED,53
ES,mad_U_2.0,3,1.5,REAL,REJECTION_FIRST,387
ES,mad_U_2.0,3,1.5,REAL,CONTINUATION_FIRST,368
ES,mad_U_2.0,3,1.5,REAL,NEITHER_REACHED,167
ES,mad_U_2.0,3,1.5,REAL,SAME_BAR_BARRIER_TIE,21
ES,mad_U_2.0,3,1.5,SYNTHETIC,REJECTION_FIRST,384
ES,mad_U_2.0,3,1.5,SYNTHETIC,CONTINUATION_FIRST,374
ES,mad_U_2.0,3,1.5,SYNTHETIC,NEITHER_REACHED,172
ES,mad_U_2.0,3,1.5,SYNTHETIC,SAME_BAR_BARRIER_TIE,19
ES,mad_U_2.0,3,2.0,REAL,REJECTION_FIRST,327
ES,mad_U_2.0,3,2.0,REAL,NEITHER_REACHED,304
ES,mad_U_2.0,3,2.0,REAL,CONTINUATION_FIRST,303
ES,mad_U_2.0,3,2.0,REAL,SAME_BAR_BARRIER_TIE,9
ES,mad_U_2.0,3,2.0,SYNTHETIC,REJECTION_FIRST,331
ES,mad_U_2.0,3,2.0,SYNTHETIC,NEITHER_REACHED,305
ES,mad_U_2.0,3,2.0,SYNTHETIC,CONTINUATION_FIRST,304
ES,mad_U_2.0,3,2.0,SYNTHETIC,SAME_BAR_BARRIER_TIE,9
ES,mad_U_2.0,5,0.5,REAL,CONTINUATION_FIRST,365
ES,mad_U_2.0,5,0.5,REAL,REJECTION_FIRST,353
ES,mad_U_2.0,5,0.5,REAL,SAME_BAR_BARRIER_TIE,225
ES,mad_U_2.0,5,0.5,SYNTHETIC,CONTINUATION_FIRST,364
ES,mad_U_2.0,5,0.5,SYNTHETIC,REJECTION_FIRST,348
ES,mad_U_2.0,5,0.5,SYNTHETIC,SAME_BAR_BARRIER_TIE,234
ES,mad_U_2.0,5,0.5,SYNTHETIC,NEITHER_REACHED,3
ES,mad_U_2.0,5,1.0,REAL,CONTINUATION_FIRST,438
ES,mad_U_2.0,5,1.0,REAL,REJECTION_FIRST,407
ES,mad_U_2.0,5,1.0,REAL,SAME_BAR_BARRIER_TIE,70
ES,mad_U_2.0,5,1.0,REAL,NEITHER_REACHED,28
ES,mad_U_2.0,5,1.0,SYNTHETIC,CONTINUATION_FIRST,424
ES,mad_U_2.0,5,1.0,SYNTHETIC,REJECTION_FIRST,420
ES,mad_U_2.0,5,1.0,SYNTHETIC,SAME_BAR_BARRIER_TIE,74
ES,mad_U_2.0,5,1.0,SYNTHETIC,NEITHER_REACHED,31
ES,mad_U_2.0,5,1.5,REAL,REJECTION_FIRST,417
ES,mad_U_2.0,5,1.5,REAL,CONTINUATION_FIRST,402
ES,mad_U_2.0,5,1.5,REAL,NEITHER_REACHED,103
ES,mad_U_2.0,5,1.5,REAL,SAME_BAR_BARRIER_TIE,21
ES,mad_U_2.0,5,1.5,SYNTHETIC,REJECTION_FIRST,419
ES,mad_U_2.0,5,1.5,SYNTHETIC,CONTINUATION_FIRST,414
ES,mad_U_2.0,5,1.5,SYNTHETIC,NEITHER_REACHED,97
ES,mad_U_2.0,5,1.5,SYNTHETIC,SAME_BAR_BARRIER_TIE,19
ES,mad_U_2.0,5,2.0,REAL,REJECTION_FIRST,377
ES,mad_U_2.0,5,2.0,REAL,CONTINUATION_FIRST,362
ES,mad_U_2.0,5,2.0,REAL,NEITHER_REACHED,195
ES,mad_U_2.0,5,2.0,REAL,SAME_BAR_BARRIER_TIE,9
ES,mad_U_2.0,5,2.0,SYNTHETIC,REJECTION_FIRST,391
ES,mad_U_2.0,5,2.0,SYNTHETIC,CONTINUATION_FIRST,361
ES,mad_U_2.0,5,2.0,SYNTHETIC,NEITHER_REACHED,188
ES,mad_U_2.0,5,2.0,SYNTHETIC,SAME_BAR_BARRIER_TIE,9
ES,mad_U_2.0,10,0.5,REAL,CONTINUATION_FIRST,365
ES,mad_U_2.0,10,0.5,REAL,REJECTION_FIRST,353
ES,mad_U_2.0,10,0.5,REAL,SAME_BAR_BARRIER_TIE,225
ES,mad_U_2.0,10,0.5,SYNTHETIC,CONTINUATION_FIRST,364
ES,mad_U_2.0,10,0.5,SYNTHETIC,REJECTION_FIRST,348
ES,mad_U_2.0,10,0.5,SYNTHETIC,SAME_BAR_BARRIER_TIE,234
ES,mad_U_2.0,10,0.5,SYNTHETIC,NEITHER_REACHED,3
ES,mad_U_2.0,10,1.0,REAL,CONTINUATION_FIRST,452
ES,mad_U_2.0,10,1.0,REAL,REJECTION_FIRST,415
ES,mad_U_2.0,10,1.0,REAL,SAME_BAR_BARRIER_TIE,70
ES,mad_U_2.0,10,1.0,REAL,NEITHER_REACHED,6
ES,mad_U_2.0,10,1.0,SYNTHETIC,CONTINUATION_FIRST,434
ES,mad_U_2.0,10,1.0,SYNTHETIC,REJECTION_FIRST,430
ES,mad_U_2.0,10,1.0,SYNTHETIC,SAME_BAR_BARRIER_TIE,75
ES,mad_U_2.0,10,1.0,SYNTHETIC,NEITHER_REACHED,10
ES,mad_U_2.0,10,1.5,REAL,REJECTION_FIRST,450
ES,mad_U_2.0,10,1.5,REAL,CONTINUATION_FIRST,431
ES,mad_U_2.0,10,1.5,REAL,NEITHER_REACHED,40
ES,mad_U_2.0,10,1.5,REAL,SAME_BAR_BARRIER_TIE,22
ES,mad_U_2.0,10,1.5,SYNTHETIC,REJECTION_FIRST,450
ES,mad_U_2.0,10,1.5,SYNTHETIC,CONTINUATION_FIRST,442
ES,mad_U_2.0,10,1.5,SYNTHETIC,NEITHER_REACHED,37
ES,mad_U_2.0,10,1.5,SYNTHETIC,SAME_BAR_BARRIER_TIE,20
ES,mad_U_2.0,10,2.0,REAL,REJECTION_FIRST,431
ES,mad_U_2.0,10,2.0,REAL,CONTINUATION_FIRST,414
ES,mad_U_2.0,10,2.0,REAL,NEITHER_REACHED,88
ES,mad_U_2.0,10,2.0,REAL,SAME_BAR_BARRIER_TIE,10
ES,mad_U_2.0,10,2.0,SYNTHETIC,REJECTION_FIRST,429
ES,mad_U_2.0,10,2.0,SYNTHETIC,CONTINUATION_FIRST,416
ES,mad_U_2.0,10,2.0,SYNTHETIC,NEITHER_REACHED,94
ES,mad_U_2.0,10,2.0,SYNTHETIC,SAME_BAR_BARRIER_TIE,10
ES,mad_U_2.0,15,0.5,REAL,CONTINUATION_FIRST,365
ES,mad_U_2.0,15,0.5,REAL,REJECTION_FIRST,353
ES,mad_U_2.0,15,0.5,REAL,SAME_BAR_BARRIER_TIE,225
ES,mad_U_2.0,15,0.5,SYNTHETIC,CONTINUATION_FIRST,364
ES,mad_U_2.0,15,0.5,SYNTHETIC,REJECTION_FIRST,350
ES,mad_U_2.0,15,0.5,SYNTHETIC,SAME_BAR_BARRIER_TIE,234
ES,mad_U_2.0,15,0.5,SYNTHETIC,NEITHER_REACHED,1
ES,mad_U_2.0,15,1.0,REAL,CONTINUATION_FIRST,452
ES,mad_U_2.0,15,1.0,REAL,REJECTION_FIRST,416
ES,mad_U_2.0,15,1.0,REAL,SAME_BAR_BARRIER_TIE,70
ES,mad_U_2.0,15,1.0,REAL,NEITHER_REACHED,5
ES,mad_U_2.0,15,1.0,SYNTHETIC,CONTINUATION_FIRST,438
ES,mad_U_2.0,15,1.0,SYNTHETIC,REJECTION_FIRST,430
ES,mad_U_2.0,15,1.0,SYNTHETIC,SAME_BAR_BARRIER_TIE,75
ES,mad_U_2.0,15,1.0,SYNTHETIC,NEITHER_REACHED,6
ES,mad_U_2.0,15,1.5,REAL,REJECTION_FIRST,461
ES,mad_U_2.0,15,1.5,REAL,CONTINUATION_FIRST,446
ES,mad_U_2.0,15,1.5,REAL,SAME_BAR_BARRIER_TIE,22
ES,mad_U_2.0,15,1.5,REAL,NEITHER_REACHED,14
ES,mad_U_2.0,15,1.5,SYNTHETIC,REJECTION_FIRST,459
ES,mad_U_2.0,15,1.5,SYNTHETIC,CONTINUATION_FIRST,453
ES,mad_U_2.0,15,1.5,SYNTHETIC,SAME_BAR_BARRIER_TIE,20
ES,mad_U_2.0,15,1.5,SYNTHETIC,NEITHER_REACHED,17
ES,mad_U_2.0,15,2.0,REAL,REJECTION_FIRST,451
ES,mad_U_2.0,15,2.0,REAL,CONTINUATION_FIRST,436
ES,mad_U_2.0,15,2.0,REAL,NEITHER_REACHED,46
ES,mad_U_2.0,15,2.0,REAL,SAME_BAR_BARRIER_TIE,10
ES,mad_U_2.0,15,2.0,SYNTHETIC,REJECTION_FIRST,448
ES,mad_U_2.0,15,2.0,SYNTHETIC,CONTINUATION_FIRST,439
ES,mad_U_2.0,15,2.0,SYNTHETIC,NEITHER_REACHED,52
ES,mad_U_2.0,15,2.0,SYNTHETIC,SAME_BAR_BARRIER_TIE,10
ES,mult_D_0.5,1,0.5,REAL,REJECTION_FIRST,414
ES,mult_D_0.5,1,0.5,REAL,SAME_BAR_BARRIER_TIE,363
ES,mult_D_0.5,1,0.5,REAL,CONTINUATION_FIRST,354
ES,mult_D_0.5,1,0.5,REAL,NEITHER_REACHED,8
ES,mult_D_0.5,1,0.5,SYNTHETIC,REJECTION_FIRST,376
ES,mult_D_0.5,1,0.5,SYNTHETIC,CONTINUATION_FIRST,374
ES,mult_D_0.5,1,0.5,SYNTHETIC,SAME_BAR_BARRIER_TIE,322
ES,mult_D_0.5,1,0.5,SYNTHETIC,NEITHER_REACHED,9
ES,mult_D_0.5,1,1.0,REAL,REJECTION_FIRST,463
ES,mult_D_0.5,1,1.0,REAL,CONTINUATION_FIRST,400
ES,mult_D_0.5,1,1.0,REAL,SAME_BAR_BARRIER_TIE,167
ES,mult_D_0.5,1,1.0,REAL,NEITHER_REACHED,109
ES,mult_D_0.5,1,1.0,SYNTHETIC,REJECTION_FIRST,414
ES,mult_D_0.5,1,1.0,SYNTHETIC,CONTINUATION_FIRST,397
ES,mult_D_0.5,1,1.0,SYNTHETIC,SAME_BAR_BARRIER_TIE,140
ES,mult_D_0.5,1,1.0,SYNTHETIC,NEITHER_REACHED,130
ES,mult_D_0.5,1,1.5,REAL,REJECTION_FIRST,435
ES,mult_D_0.5,1,1.5,REAL,CONTINUATION_FIRST,354
ES,mult_D_0.5,1,1.5,REAL,NEITHER_REACHED,271
ES,mult_D_0.5,1,1.5,REAL,SAME_BAR_BARRIER_TIE,79
ES,mult_D_0.5,1,1.5,SYNTHETIC,REJECTION_FIRST,365
ES,mult_D_0.5,1,1.5,SYNTHETIC,CONTINUATION_FIRST,333
ES,mult_D_0.5,1,1.5,SYNTHETIC,NEITHER_REACHED,325
ES,mult_D_0.5,1,1.5,SYNTHETIC,SAME_BAR_BARRIER_TIE,58
ES,mult_D_0.5,1,2.0,REAL,NEITHER_REACHED,482
ES,mult_D_0.5,1,2.0,REAL,REJECTION_FIRST,359
ES,mult_D_0.5,1,2.0,REAL,CONTINUATION_FIRST,278
ES,mult_D_0.5,1,2.0,REAL,SAME_BAR_BARRIER_TIE,20
ES,mult_D_0.5,1,2.0,SYNTHETIC,NEITHER_REACHED,503
ES,mult_D_0.5,1,2.0,SYNTHETIC,REJECTION_FIRST,291
ES,mult_D_0.5,1,2.0,SYNTHETIC,CONTINUATION_FIRST,265
ES,mult_D_0.5,1,2.0,SYNTHETIC,SAME_BAR_BARRIER_TIE,22
ES,mult_D_0.5,3,0.5,REAL,REJECTION_FIRST,417
ES,mult_D_0.5,3,0.5,REAL,SAME_BAR_BARRIER_TIE,363
ES,mult_D_0.5,3,0.5,REAL,CONTINUATION_FIRST,357
ES,mult_D_0.5,3,0.5,REAL,NEITHER_REACHED,2
ES,mult_D_0.5,3,0.5,SYNTHETIC,REJECTION_FIRST,380
ES,mult_D_0.5,3,0.5,SYNTHETIC,CONTINUATION_FIRST,377
ES,mult_D_0.5,3,0.5,SYNTHETIC,SAME_BAR_BARRIER_TIE,322
ES,mult_D_0.5,3,0.5,SYNTHETIC,NEITHER_REACHED,2
ES,mult_D_0.5,3,1.0,REAL,REJECTION_FIRST,496
ES,mult_D_0.5,3,1.0,REAL,CONTINUATION_FIRST,442
ES,mult_D_0.5,3,1.0,REAL,SAME_BAR_BARRIER_TIE,168
ES,mult_D_0.5,3,1.0,REAL,NEITHER_REACHED,33
ES,mult_D_0.5,3,1.0,SYNTHETIC,REJECTION_FIRST,465
ES,mult_D_0.5,3,1.0,SYNTHETIC,CONTINUATION_FIRST,438
ES,mult_D_0.5,3,1.0,SYNTHETIC,SAME_BAR_BARRIER_TIE,145
ES,mult_D_0.5,3,1.0,SYNTHETIC,NEITHER_REACHED,33
ES,mult_D_0.5,3,1.5,REAL,REJECTION_FIRST,508
ES,mult_D_0.5,3,1.5,REAL,CONTINUATION_FIRST,433
ES,mult_D_0.5,3,1.5,REAL,NEITHER_REACHED,113
ES,mult_D_0.5,3,1.5,REAL,SAME_BAR_BARRIER_TIE,85
ES,mult_D_0.5,3,1.5,SYNTHETIC,REJECTION_FIRST,466
ES,mult_D_0.5,3,1.5,SYNTHETIC,CONTINUATION_FIRST,426
ES,mult_D_0.5,3,1.5,SYNTHETIC,NEITHER_REACHED,126
ES,mult_D_0.5,3,1.5,SYNTHETIC,SAME_BAR_BARRIER_TIE,63
ES,mult_D_0.5,3,2.0,REAL,REJECTION_FIRST,462
ES,mult_D_0.5,3,2.0,REAL,CONTINUATION_FIRST,413
ES,mult_D_0.5,3,2.0,REAL,NEITHER_REACHED,242
ES,mult_D_0.5,3,2.0,REAL,SAME_BAR_BARRIER_TIE,22
ES,mult_D_0.5,3,2.0,SYNTHETIC,CONTINUATION_FIRST,410
ES,mult_D_0.5,3,2.0,SYNTHETIC,REJECTION_FIRST,402
ES,mult_D_0.5,3,2.0,SYNTHETIC,NEITHER_REACHED,245
ES,mult_D_0.5,3,2.0,SYNTHETIC,SAME_BAR_BARRIER_TIE,24
ES,mult_D_0.5,5,0.5,REAL,REJECTION_FIRST,418
ES,mult_D_0.5,5,0.5,REAL,SAME_BAR_BARRIER_TIE,363
ES,mult_D_0.5,5,0.5,REAL,CONTINUATION_FIRST,357
ES,mult_D_0.5,5,0.5,REAL,NEITHER_REACHED,1
ES,mult_D_0.5,5,0.5,SYNTHETIC,REJECTION_FIRST,381
ES,mult_D_0.5,5,0.5,SYNTHETIC,CONTINUATION_FIRST,377
ES,mult_D_0.5,5,0.5,SYNTHETIC,SAME_BAR_BARRIER_TIE,322
ES,mult_D_0.5,5,0.5,SYNTHETIC,NEITHER_REACHED,1
ES,mult_D_0.5,5,1.0,REAL,REJECTION_FIRST,507
ES,mult_D_0.5,5,1.0,REAL,CONTINUATION_FIRST,451
ES,mult_D_0.5,5,1.0,REAL,SAME_BAR_BARRIER_TIE,168
ES,mult_D_0.5,5,1.0,REAL,NEITHER_REACHED,13
ES,mult_D_0.5,5,1.0,SYNTHETIC,REJECTION_FIRST,477
ES,mult_D_0.5,5,1.0,SYNTHETIC,CONTINUATION_FIRST,448
ES,mult_D_0.5,5,1.0,SYNTHETIC,SAME_BAR_BARRIER_TIE,145
ES,mult_D_0.5,5,1.0,SYNTHETIC,NEITHER_REACHED,11
ES,mult_D_0.5,5,1.5,REAL,REJECTION_FIRST,534
ES,mult_D_0.5,5,1.5,REAL,CONTINUATION_FIRST,458
ES,mult_D_0.5,5,1.5,REAL,SAME_BAR_BARRIER_TIE,86
ES,mult_D_0.5,5,1.5,REAL,NEITHER_REACHED,61
ES,mult_D_0.5,5,1.5,SYNTHETIC,REJECTION_FIRST,498
ES,mult_D_0.5,5,1.5,SYNTHETIC,CONTINUATION_FIRST,452
ES,mult_D_0.5,5,1.5,SYNTHETIC,NEITHER_REACHED,68
ES,mult_D_0.5,5,1.5,SYNTHETIC,SAME_BAR_BARRIER_TIE,63
ES,mult_D_0.5,5,2.0,REAL,REJECTION_FIRST,502
ES,mult_D_0.5,5,2.0,REAL,CONTINUATION_FIRST,459
ES,mult_D_0.5,5,2.0,REAL,NEITHER_REACHED,156
ES,mult_D_0.5,5,2.0,REAL,SAME_BAR_BARRIER_TIE,22
ES,mult_D_0.5,5,2.0,SYNTHETIC,CONTINUATION_FIRST,454
ES,mult_D_0.5,5,2.0,SYNTHETIC,REJECTION_FIRST,449
ES,mult_D_0.5,5,2.0,SYNTHETIC,NEITHER_REACHED,153
ES,mult_D_0.5,5,2.0,SYNTHETIC,SAME_BAR_BARRIER_TIE,25
ES,mult_D_0.5,10,0.5,REAL,REJECTION_FIRST,418
ES,mult_D_0.5,10,0.5,REAL,SAME_BAR_BARRIER_TIE,363
ES,mult_D_0.5,10,0.5,REAL,CONTINUATION_FIRST,358
ES,mult_D_0.5,10,0.5,SYNTHETIC,REJECTION_FIRST,381
ES,mult_D_0.5,10,0.5,SYNTHETIC,CONTINUATION_FIRST,377
ES,mult_D_0.5,10,0.5,SYNTHETIC,SAME_BAR_BARRIER_TIE,322
ES,mult_D_0.5,10,0.5,SYNTHETIC,NEITHER_REACHED,1
ES,mult_D_0.5,10,1.0,REAL,REJECTION_FIRST,515
ES,mult_D_0.5,10,1.0,REAL,CONTINUATION_FIRST,451
ES,mult_D_0.5,10,1.0,REAL,SAME_BAR_BARRIER_TIE,168
ES,mult_D_0.5,10,1.0,REAL,NEITHER_REACHED,5
ES,mult_D_0.5,10,1.0,SYNTHETIC,REJECTION_FIRST,480
ES,mult_D_0.5,10,1.0,SYNTHETIC,CONTINUATION_FIRST,450
ES,mult_D_0.5,10,1.0,SYNTHETIC,SAME_BAR_BARRIER_TIE,145
ES,mult_D_0.5,10,1.0,SYNTHETIC,NEITHER_REACHED,6
ES,mult_D_0.5,10,1.5,REAL,REJECTION_FIRST,559
ES,mult_D_0.5,10,1.5,REAL,CONTINUATION_FIRST,470
ES,mult_D_0.5,10,1.5,REAL,SAME_BAR_BARRIER_TIE,86
ES,mult_D_0.5,10,1.5,REAL,NEITHER_REACHED,24
ES,mult_D_0.5,10,1.5,SYNTHETIC,REJECTION_FIRST,526
ES,mult_D_0.5,10,1.5,SYNTHETIC,CONTINUATION_FIRST,473
ES,mult_D_0.5,10,1.5,SYNTHETIC,SAME_BAR_BARRIER_TIE,63
ES,mult_D_0.5,10,1.5,SYNTHETIC,NEITHER_REACHED,19
ES,mult_D_0.5,10,2.0,REAL,REJECTION_FIRST,545
ES,mult_D_0.5,10,2.0,REAL,CONTINUATION_FIRST,501
ES,mult_D_0.5,10,2.0,REAL,NEITHER_REACHED,71
ES,mult_D_0.5,10,2.0,REAL,SAME_BAR_BARRIER_TIE,22
ES,mult_D_0.5,10,2.0,SYNTHETIC,CONTINUATION_FIRST,496
ES,mult_D_0.5,10,2.0,SYNTHETIC,REJECTION_FIRST,489
ES,mult_D_0.5,10,2.0,SYNTHETIC,NEITHER_REACHED,71
ES,mult_D_0.5,10,2.0,SYNTHETIC,SAME_BAR_BARRIER_TIE,25
ES,mult_D_0.5,15,0.5,REAL,REJECTION_FIRST,418
ES,mult_D_0.5,15,0.5,REAL,SAME_BAR_BARRIER_TIE,363
ES,mult_D_0.5,15,0.5,REAL,CONTINUATION_FIRST,358
ES,mult_D_0.5,15,0.5,SYNTHETIC,REJECTION_FIRST,381
ES,mult_D_0.5,15,0.5,SYNTHETIC,CONTINUATION_FIRST,377
ES,mult_D_0.5,15,0.5,SYNTHETIC,SAME_BAR_BARRIER_TIE,322
ES,mult_D_0.5,15,0.5,SYNTHETIC,NEITHER_REACHED,1
ES,mult_D_0.5,15,1.0,REAL,REJECTION_FIRST,516
ES,mult_D_0.5,15,1.0,REAL,CONTINUATION_FIRST,451
ES,mult_D_0.5,15,1.0,REAL,SAME_BAR_BARRIER_TIE,168
ES,mult_D_0.5,15,1.0,REAL,NEITHER_REACHED,4
ES,mult_D_0.5,15,1.0,SYNTHETIC,REJECTION_FIRST,480
ES,mult_D_0.5,15,1.0,SYNTHETIC,CONTINUATION_FIRST,452
ES,mult_D_0.5,15,1.0,SYNTHETIC,SAME_BAR_BARRIER_TIE,145
ES,mult_D_0.5,15,1.0,SYNTHETIC,NEITHER_REACHED,4
ES,mult_D_0.5,15,1.5,REAL,REJECTION_FIRST,566
ES,mult_D_0.5,15,1.5,REAL,CONTINUATION_FIRST,476
ES,mult_D_0.5,15,1.5,REAL,SAME_BAR_BARRIER_TIE,86
ES,mult_D_0.5,15,1.5,REAL,NEITHER_REACHED,11
ES,mult_D_0.5,15,1.5,SYNTHETIC,REJECTION_FIRST,529
ES,mult_D_0.5,15,1.5,SYNTHETIC,CONTINUATION_FIRST,477
ES,mult_D_0.5,15,1.5,SYNTHETIC,SAME_BAR_BARRIER_TIE,63
ES,mult_D_0.5,15,1.5,SYNTHETIC,NEITHER_REACHED,12
ES,mult_D_0.5,15,2.0,REAL,REJECTION_FIRST,564
ES,mult_D_0.5,15,2.0,REAL,CONTINUATION_FIRST,511
ES,mult_D_0.5,15,2.0,REAL,NEITHER_REACHED,42
ES,mult_D_0.5,15,2.0,REAL,SAME_BAR_BARRIER_TIE,22
ES,mult_D_0.5,15,2.0,SYNTHETIC,CONTINUATION_FIRST,512
ES,mult_D_0.5,15,2.0,SYNTHETIC,REJECTION_FIRST,509
ES,mult_D_0.5,15,2.0,SYNTHETIC,NEITHER_REACHED,35
ES,mult_D_0.5,15,2.0,SYNTHETIC,SAME_BAR_BARRIER_TIE,25
ES,mult_D_1.0,1,0.5,REAL,REJECTION_FIRST,369
ES,mult_D_1.0,1,0.5,REAL,SAME_BAR_BARRIER_TIE,339
ES,mult_D_1.0,1,0.5,REAL,CONTINUATION_FIRST,330
ES,mult_D_1.0,1,0.5,REAL,NEITHER_REACHED,12
ES,mult_D_1.0,1,0.5,SYNTHETIC,REJECTION_FIRST,352
ES,mult_D_1.0,1,0.5,SYNTHETIC,CONTINUATION_FIRST,333
ES,mult_D_1.0,1,0.5,SYNTHETIC,SAME_BAR_BARRIER_TIE,300
ES,mult_D_1.0,1,0.5,SYNTHETIC,NEITHER_REACHED,12
ES,mult_D_1.0,1,1.0,REAL,REJECTION_FIRST,414
ES,mult_D_1.0,1,1.0,REAL,CONTINUATION_FIRST,377
ES,mult_D_1.0,1,1.0,REAL,SAME_BAR_BARRIER_TIE,149
ES,mult_D_1.0,1,1.0,REAL,NEITHER_REACHED,110
ES,mult_D_1.0,1,1.0,SYNTHETIC,REJECTION_FIRST,385
ES,mult_D_1.0,1,1.0,SYNTHETIC,CONTINUATION_FIRST,360
ES,mult_D_1.0,1,1.0,SYNTHETIC,NEITHER_REACHED,133
ES,mult_D_1.0,1,1.0,SYNTHETIC,SAME_BAR_BARRIER_TIE,119
ES,mult_D_1.0,1,1.5,REAL,REJECTION_FIRST,372
ES,mult_D_1.0,1,1.5,REAL,CONTINUATION_FIRST,313
ES,mult_D_1.0,1,1.5,REAL,NEITHER_REACHED,310
ES,mult_D_1.0,1,1.5,REAL,SAME_BAR_BARRIER_TIE,55
ES,mult_D_1.0,1,1.5,SYNTHETIC,REJECTION_FIRST,339
ES,mult_D_1.0,1,1.5,SYNTHETIC,CONTINUATION_FIRST,307
ES,mult_D_1.0,1,1.5,SYNTHETIC,NEITHER_REACHED,296
ES,mult_D_1.0,1,1.5,SYNTHETIC,SAME_BAR_BARRIER_TIE,55
ES,mult_D_1.0,1,2.0,REAL,NEITHER_REACHED,465
ES,mult_D_1.0,1,2.0,REAL,REJECTION_FIRST,303
ES,mult_D_1.0,1,2.0,REAL,CONTINUATION_FIRST,254
ES,mult_D_1.0,1,2.0,REAL,SAME_BAR_BARRIER_TIE,28
ES,mult_D_1.0,1,2.0,SYNTHETIC,NEITHER_REACHED,451
ES,mult_D_1.0,1,2.0,SYNTHETIC,REJECTION_FIRST,288
ES,mult_D_1.0,1,2.0,SYNTHETIC,CONTINUATION_FIRST,239
ES,mult_D_1.0,1,2.0,SYNTHETIC,SAME_BAR_BARRIER_TIE,19
ES,mult_D_1.0,3,0.5,REAL,REJECTION_FIRST,375
ES,mult_D_1.0,3,0.5,REAL,SAME_BAR_BARRIER_TIE,339
ES,mult_D_1.0,3,0.5,REAL,CONTINUATION_FIRST,334
ES,mult_D_1.0,3,0.5,REAL,NEITHER_REACHED,2
ES,mult_D_1.0,3,0.5,SYNTHETIC,REJECTION_FIRST,358
ES,mult_D_1.0,3,0.5,SYNTHETIC,CONTINUATION_FIRST,336
ES,mult_D_1.0,3,0.5,SYNTHETIC,SAME_BAR_BARRIER_TIE,302
ES,mult_D_1.0,3,0.5,SYNTHETIC,NEITHER_REACHED,1
ES,mult_D_1.0,3,1.0,REAL,REJECTION_FIRST,464
ES,mult_D_1.0,3,1.0,REAL,CONTINUATION_FIRST,411
ES,mult_D_1.0,3,1.0,REAL,SAME_BAR_BARRIER_TIE,151
ES,mult_D_1.0,3,1.0,REAL,NEITHER_REACHED,24
ES,mult_D_1.0,3,1.0,SYNTHETIC,REJECTION_FIRST,435
ES,mult_D_1.0,3,1.0,SYNTHETIC,CONTINUATION_FIRST,412
ES,mult_D_1.0,3,1.0,SYNTHETIC,SAME_BAR_BARRIER_TIE,123
ES,mult_D_1.0,3,1.0,SYNTHETIC,NEITHER_REACHED,27
ES,mult_D_1.0,3,1.5,REAL,REJECTION_FIRST,467
ES,mult_D_1.0,3,1.5,REAL,CONTINUATION_FIRST,418
ES,mult_D_1.0,3,1.5,REAL,NEITHER_REACHED,105
ES,mult_D_1.0,3,1.5,REAL,SAME_BAR_BARRIER_TIE,60
ES,mult_D_1.0,3,1.5,SYNTHETIC,REJECTION_FIRST,420
ES,mult_D_1.0,3,1.5,SYNTHETIC,CONTINUATION_FIRST,414
ES,mult_D_1.0,3,1.5,SYNTHETIC,NEITHER_REACHED,106
ES,mult_D_1.0,3,1.5,SYNTHETIC,SAME_BAR_BARRIER_TIE,57
ES,mult_D_1.0,3,2.0,REAL,REJECTION_FIRST,411
ES,mult_D_1.0,3,2.0,REAL,CONTINUATION_FIRST,389
ES,mult_D_1.0,3,2.0,REAL,NEITHER_REACHED,220
ES,mult_D_1.0,3,2.0,REAL,SAME_BAR_BARRIER_TIE,30
ES,mult_D_1.0,3,2.0,SYNTHETIC,REJECTION_FIRST,382
ES,mult_D_1.0,3,2.0,SYNTHETIC,CONTINUATION_FIRST,357
ES,mult_D_1.0,3,2.0,SYNTHETIC,NEITHER_REACHED,236
ES,mult_D_1.0,3,2.0,SYNTHETIC,SAME_BAR_BARRIER_TIE,22
ES,mult_D_1.0,5,0.5,REAL,REJECTION_FIRST,375
ES,mult_D_1.0,5,0.5,REAL,SAME_BAR_BARRIER_TIE,340
ES,mult_D_1.0,5,0.5,REAL,CONTINUATION_FIRST,334
ES,mult_D_1.0,5,0.5,REAL,NEITHER_REACHED,1
ES,mult_D_1.0,5,0.5,SYNTHETIC,REJECTION_FIRST,358
ES,mult_D_1.0,5,0.5,SYNTHETIC,CONTINUATION_FIRST,336
ES,mult_D_1.0,5,0.5,SYNTHETIC,SAME_BAR_BARRIER_TIE,302
ES,mult_D_1.0,5,0.5,SYNTHETIC,NEITHER_REACHED,1
ES,mult_D_1.0,5,1.0,REAL,REJECTION_FIRST,472
ES,mult_D_1.0,5,1.0,REAL,CONTINUATION_FIRST,417
ES,mult_D_1.0,5,1.0,REAL,SAME_BAR_BARRIER_TIE,151
ES,mult_D_1.0,5,1.0,REAL,NEITHER_REACHED,10
ES,mult_D_1.0,5,1.0,SYNTHETIC,REJECTION_FIRST,442
ES,mult_D_1.0,5,1.0,SYNTHETIC,CONTINUATION_FIRST,420
ES,mult_D_1.0,5,1.0,SYNTHETIC,SAME_BAR_BARRIER_TIE,123
ES,mult_D_1.0,5,1.0,SYNTHETIC,NEITHER_REACHED,12
ES,mult_D_1.0,5,1.5,REAL,REJECTION_FIRST,492
ES,mult_D_1.0,5,1.5,REAL,CONTINUATION_FIRST,439
ES,mult_D_1.0,5,1.5,REAL,SAME_BAR_BARRIER_TIE,61
ES,mult_D_1.0,5,1.5,REAL,NEITHER_REACHED,58
ES,mult_D_1.0,5,1.5,SYNTHETIC,REJECTION_FIRST,444
ES,mult_D_1.0,5,1.5,SYNTHETIC,CONTINUATION_FIRST,441
ES,mult_D_1.0,5,1.5,SYNTHETIC,SAME_BAR_BARRIER_TIE,58
ES,mult_D_1.0,5,1.5,SYNTHETIC,NEITHER_REACHED,54
ES,mult_D_1.0,5,2.0,REAL,REJECTION_FIRST,453
ES,mult_D_1.0,5,2.0,REAL,CONTINUATION_FIRST,431
ES,mult_D_1.0,5,2.0,REAL,NEITHER_REACHED,135
ES,mult_D_1.0,5,2.0,REAL,SAME_BAR_BARRIER_TIE,31
ES,mult_D_1.0,5,2.0,SYNTHETIC,REJECTION_FIRST,424
ES,mult_D_1.0,5,2.0,SYNTHETIC,CONTINUATION_FIRST,410
ES,mult_D_1.0,5,2.0,SYNTHETIC,NEITHER_REACHED,141
ES,mult_D_1.0,5,2.0,SYNTHETIC,SAME_BAR_BARRIER_TIE,22
ES,mult_D_1.0,10,0.5,REAL,REJECTION_FIRST,376
ES,mult_D_1.0,10,0.5,REAL,SAME_BAR_BARRIER_TIE,340
ES,mult_D_1.0,10,0.5,REAL,CONTINUATION_FIRST,334
ES,mult_D_1.0,10,0.5,SYNTHETIC,REJECTION_FIRST,358
ES,mult_D_1.0,10,0.5,SYNTHETIC,CONTINUATION_FIRST,336
ES,mult_D_1.0,10,0.5,SYNTHETIC,SAME_BAR_BARRIER_TIE,302
ES,mult_D_1.0,10,0.5,SYNTHETIC,NEITHER_REACHED,1
ES,mult_D_1.0,10,1.0,REAL,REJECTION_FIRST,477
ES,mult_D_1.0,10,1.0,REAL,CONTINUATION_FIRST,418
ES,mult_D_1.0,10,1.0,REAL,SAME_BAR_BARRIER_TIE,151
ES,mult_D_1.0,10,1.0,REAL,NEITHER_REACHED,4
ES,mult_D_1.0,10,1.0,SYNTHETIC,REJECTION_FIRST,448
ES,mult_D_1.0,10,1.0,SYNTHETIC,CONTINUATION_FIRST,424
ES,mult_D_1.0,10,1.0,SYNTHETIC,SAME_BAR_BARRIER_TIE,123
ES,mult_D_1.0,10,1.0,SYNTHETIC,NEITHER_REACHED,2
ES,mult_D_1.0,10,1.5,REAL,REJECTION_FIRST,516
ES,mult_D_1.0,10,1.5,REAL,CONTINUATION_FIRST,456
ES,mult_D_1.0,10,1.5,REAL,SAME_BAR_BARRIER_TIE,61
ES,mult_D_1.0,10,1.5,REAL,NEITHER_REACHED,17
ES,mult_D_1.0,10,1.5,SYNTHETIC,REJECTION_FIRST,466
ES,mult_D_1.0,10,1.5,SYNTHETIC,CONTINUATION_FIRST,459
ES,mult_D_1.0,10,1.5,SYNTHETIC,SAME_BAR_BARRIER_TIE,58
ES,mult_D_1.0,10,1.5,SYNTHETIC,NEITHER_REACHED,14
ES,mult_D_1.0,10,2.0,REAL,REJECTION_FIRST,499
ES,mult_D_1.0,10,2.0,REAL,CONTINUATION_FIRST,466
ES,mult_D_1.0,10,2.0,REAL,NEITHER_REACHED,54
ES,mult_D_1.0,10,2.0,REAL,SAME_BAR_BARRIER_TIE,31
ES,mult_D_1.0,10,2.0,SYNTHETIC,REJECTION_FIRST,472
ES,mult_D_1.0,10,2.0,SYNTHETIC,CONTINUATION_FIRST,452
ES,mult_D_1.0,10,2.0,SYNTHETIC,NEITHER_REACHED,51
ES,mult_D_1.0,10,2.0,SYNTHETIC,SAME_BAR_BARRIER_TIE,22
ES,mult_D_1.0,15,0.5,REAL,REJECTION_FIRST,376
ES,mult_D_1.0,15,0.5,REAL,SAME_BAR_BARRIER_TIE,340
ES,mult_D_1.0,15,0.5,REAL,CONTINUATION_FIRST,334
ES,mult_D_1.0,15,0.5,SYNTHETIC,REJECTION_FIRST,358
ES,mult_D_1.0,15,0.5,SYNTHETIC,CONTINUATION_FIRST,337
ES,mult_D_1.0,15,0.5,SYNTHETIC,SAME_BAR_BARRIER_TIE,302
ES,mult_D_1.0,15,1.0,REAL,REJECTION_FIRST,478
ES,mult_D_1.0,15,1.0,REAL,CONTINUATION_FIRST,419
ES,mult_D_1.0,15,1.0,REAL,SAME_BAR_BARRIER_TIE,151
ES,mult_D_1.0,15,1.0,REAL,NEITHER_REACHED,2
ES,mult_D_1.0,15,1.0,SYNTHETIC,REJECTION_FIRST,448
ES,mult_D_1.0,15,1.0,SYNTHETIC,CONTINUATION_FIRST,425
ES,mult_D_1.0,15,1.0,SYNTHETIC,SAME_BAR_BARRIER_TIE,123
ES,mult_D_1.0,15,1.0,SYNTHETIC,NEITHER_REACHED,1
ES,mult_D_1.0,15,1.5,REAL,REJECTION_FIRST,518
ES,mult_D_1.0,15,1.5,REAL,CONTINUATION_FIRST,459
ES,mult_D_1.0,15,1.5,REAL,SAME_BAR_BARRIER_TIE,61
ES,mult_D_1.0,15,1.5,REAL,NEITHER_REACHED,12
ES,mult_D_1.0,15,1.5,SYNTHETIC,REJECTION_FIRST,469
ES,mult_D_1.0,15,1.5,SYNTHETIC,CONTINUATION_FIRST,464
ES,mult_D_1.0,15,1.5,SYNTHETIC,SAME_BAR_BARRIER_TIE,58
ES,mult_D_1.0,15,1.5,SYNTHETIC,NEITHER_REACHED,6
ES,mult_D_1.0,15,2.0,REAL,REJECTION_FIRST,514
ES,mult_D_1.0,15,2.0,REAL,CONTINUATION_FIRST,479
ES,mult_D_1.0,15,2.0,REAL,SAME_BAR_BARRIER_TIE,31
ES,mult_D_1.0,15,2.0,REAL,NEITHER_REACHED,26
ES,mult_D_1.0,15,2.0,SYNTHETIC,REJECTION_FIRST,486
ES,mult_D_1.0,15,2.0,SYNTHETIC,CONTINUATION_FIRST,464
ES,mult_D_1.0,15,2.0,SYNTHETIC,NEITHER_REACHED,25
ES,mult_D_1.0,15,2.0,SYNTHETIC,SAME_BAR_BARRIER_TIE,22
ES,mult_D_1.5,1,0.5,REAL,SAME_BAR_BARRIER_TIE,332
ES,mult_D_1.5,1,0.5,REAL,REJECTION_FIRST,327
ES,mult_D_1.5,1,0.5,REAL,CONTINUATION_FIRST,302
ES,mult_D_1.5,1,0.5,REAL,NEITHER_REACHED,7
ES,mult_D_1.5,1,0.5,SYNTHETIC,REJECTION_FIRST,355
ES,mult_D_1.5,1,0.5,SYNTHETIC,CONTINUATION_FIRST,294
ES,mult_D_1.5,1,0.5,SYNTHETIC,SAME_BAR_BARRIER_TIE,280
ES,mult_D_1.5,1,0.5,SYNTHETIC,NEITHER_REACHED,5
ES,mult_D_1.5,1,1.0,REAL,REJECTION_FIRST,393
ES,mult_D_1.5,1,1.0,REAL,CONTINUATION_FIRST,349
ES,mult_D_1.5,1,1.0,REAL,SAME_BAR_BARRIER_TIE,116
ES,mult_D_1.5,1,1.0,REAL,NEITHER_REACHED,110
ES,mult_D_1.5,1,1.0,SYNTHETIC,REJECTION_FIRST,369
ES,mult_D_1.5,1,1.0,SYNTHETIC,CONTINUATION_FIRST,327
ES,mult_D_1.5,1,1.0,SYNTHETIC,NEITHER_REACHED,126
ES,mult_D_1.5,1,1.0,SYNTHETIC,SAME_BAR_BARRIER_TIE,112
ES,mult_D_1.5,1,1.5,REAL,REJECTION_FIRST,349
ES,mult_D_1.5,1,1.5,REAL,CONTINUATION_FIRST,293
ES,mult_D_1.5,1,1.5,REAL,NEITHER_REACHED,271
ES,mult_D_1.5,1,1.5,REAL,SAME_BAR_BARRIER_TIE,55
ES,mult_D_1.5,1,1.5,SYNTHETIC,REJECTION_FIRST,324
ES,mult_D_1.5,1,1.5,SYNTHETIC,NEITHER_REACHED,292
ES,mult_D_1.5,1,1.5,SYNTHETIC,CONTINUATION_FIRST,274
ES,mult_D_1.5,1,1.5,SYNTHETIC,SAME_BAR_BARRIER_TIE,44
ES,mult_D_1.5,1,2.0,REAL,NEITHER_REACHED,442
ES,mult_D_1.5,1,2.0,REAL,REJECTION_FIRST,278
ES,mult_D_1.5,1,2.0,REAL,CONTINUATION_FIRST,226
ES,mult_D_1.5,1,2.0,REAL,SAME_BAR_BARRIER_TIE,22
ES,mult_D_1.5,1,2.0,SYNTHETIC,NEITHER_REACHED,441
ES,mult_D_1.5,1,2.0,SYNTHETIC,REJECTION_FIRST,257
ES,mult_D_1.5,1,2.0,SYNTHETIC,CONTINUATION_FIRST,216
ES,mult_D_1.5,1,2.0,SYNTHETIC,SAME_BAR_BARRIER_TIE,20
ES,mult_D_1.5,3,0.5,REAL,REJECTION_FIRST,333
ES,mult_D_1.5,3,0.5,REAL,SAME_BAR_BARRIER_TIE,332
ES,mult_D_1.5,3,0.5,REAL,CONTINUATION_FIRST,303
ES,mult_D_1.5,3,0.5,SYNTHETIC,REJECTION_FIRST,357
ES,mult_D_1.5,3,0.5,SYNTHETIC,CONTINUATION_FIRST,295
ES,mult_D_1.5,3,0.5,SYNTHETIC,SAME_BAR_BARRIER_TIE,280
ES,mult_D_1.5,3,0.5,SYNTHETIC,NEITHER_REACHED,2
ES,mult_D_1.5,3,1.0,REAL,REJECTION_FIRST,429
ES,mult_D_1.5,3,1.0,REAL,CONTINUATION_FIRST,396
ES,mult_D_1.5,3,1.0,REAL,SAME_BAR_BARRIER_TIE,120
ES,mult_D_1.5,3,1.0,REAL,NEITHER_REACHED,23
ES,mult_D_1.5,3,1.0,SYNTHETIC,REJECTION_FIRST,410
ES,mult_D_1.5,3,1.0,SYNTHETIC,CONTINUATION_FIRST,374
ES,mult_D_1.5,3,1.0,SYNTHETIC,SAME_BAR_BARRIER_TIE,116
ES,mult_D_1.5,3,1.0,SYNTHETIC,NEITHER_REACHED,34
ES,mult_D_1.5,3,1.5,REAL,REJECTION_FIRST,428
ES,mult_D_1.5,3,1.5,REAL,CONTINUATION_FIRST,385
ES,mult_D_1.5,3,1.5,REAL,NEITHER_REACHED,99
ES,mult_D_1.5,3,1.5,REAL,SAME_BAR_BARRIER_TIE,56
ES,mult_D_1.5,3,1.5,SYNTHETIC,REJECTION_FIRST,405
ES,mult_D_1.5,3,1.5,SYNTHETIC,CONTINUATION_FIRST,369
ES,mult_D_1.5,3,1.5,SYNTHETIC,NEITHER_REACHED,113
ES,mult_D_1.5,3,1.5,SYNTHETIC,SAME_BAR_BARRIER_TIE,47
ES,mult_D_1.5,3,2.0,REAL,REJECTION_FIRST,388
ES,mult_D_1.5,3,2.0,REAL,CONTINUATION_FIRST,352
ES,mult_D_1.5,3,2.0,REAL,NEITHER_REACHED,203
ES,mult_D_1.5,3,2.0,REAL,SAME_BAR_BARRIER_TIE,25
ES,mult_D_1.5,3,2.0,SYNTHETIC,REJECTION_FIRST,367
ES,mult_D_1.5,3,2.0,SYNTHETIC,CONTINUATION_FIRST,335
ES,mult_D_1.5,3,2.0,SYNTHETIC,NEITHER_REACHED,210
ES,mult_D_1.5,3,2.0,SYNTHETIC,SAME_BAR_BARRIER_TIE,22
ES,mult_D_1.5,5,0.5,REAL,REJECTION_FIRST,333
ES,mult_D_1.5,5,0.5,REAL,SAME_BAR_BARRIER_TIE,332
ES,mult_D_1.5,5,0.5,REAL,CONTINUATION_FIRST,303
ES,mult_D_1.5,5,0.5,SYNTHETIC,REJECTION_FIRST,358
ES,mult_D_1.5,5,0.5,SYNTHETIC,CONTINUATION_FIRST,295
ES,mult_D_1.5,5,0.5,SYNTHETIC,SAME_BAR_BARRIER_TIE,280
ES,mult_D_1.5,5,0.5,SYNTHETIC,NEITHER_REACHED,1
ES,mult_D_1.5,5,1.0,REAL,REJECTION_FIRST,433
ES,mult_D_1.5,5,1.0,REAL,CONTINUATION_FIRST,405
ES,mult_D_1.5,5,1.0,REAL,SAME_BAR_BARRIER_TIE,120
ES,mult_D_1.5,5,1.0,REAL,NEITHER_REACHED,10
ES,mult_D_1.5,5,1.0,SYNTHETIC,REJECTION_FIRST,420
ES,mult_D_1.5,5,1.0,SYNTHETIC,CONTINUATION_FIRST,384
ES,mult_D_1.5,5,1.0,SYNTHETIC,SAME_BAR_BARRIER_TIE,116
ES,mult_D_1.5,5,1.0,SYNTHETIC,NEITHER_REACHED,14
ES,mult_D_1.5,5,1.5,REAL,REJECTION_FIRST,452
ES,mult_D_1.5,5,1.5,REAL,CONTINUATION_FIRST,411
ES,mult_D_1.5,5,1.5,REAL,SAME_BAR_BARRIER_TIE,58
ES,mult_D_1.5,5,1.5,REAL,NEITHER_REACHED,47
ES,mult_D_1.5,5,1.5,SYNTHETIC,REJECTION_FIRST,430
ES,mult_D_1.5,5,1.5,SYNTHETIC,CONTINUATION_FIRST,390
ES,mult_D_1.5,5,1.5,SYNTHETIC,NEITHER_REACHED,67
ES,mult_D_1.5,5,1.5,SYNTHETIC,SAME_BAR_BARRIER_TIE,47
ES,mult_D_1.5,5,2.0,REAL,REJECTION_FIRST,431
ES,mult_D_1.5,5,2.0,REAL,CONTINUATION_FIRST,385
ES,mult_D_1.5,5,2.0,REAL,NEITHER_REACHED,127
ES,mult_D_1.5,5,2.0,REAL,SAME_BAR_BARRIER_TIE,25
ES,mult_D_1.5,5,2.0,SYNTHETIC,REJECTION_FIRST,402
ES,mult_D_1.5,5,2.0,SYNTHETIC,CONTINUATION_FIRST,370
ES,mult_D_1.5,5,2.0,SYNTHETIC,NEITHER_REACHED,140
ES,mult_D_1.5,5,2.0,SYNTHETIC,SAME_BAR_BARRIER_TIE,22
ES,mult_D_1.5,10,0.5,REAL,REJECTION_FIRST,333
ES,mult_D_1.5,10,0.5,REAL,SAME_BAR_BARRIER_TIE,332
ES,mult_D_1.5,10,0.5,REAL,CONTINUATION_FIRST,303
ES,mult_D_1.5,10,0.5,SYNTHETIC,REJECTION_FIRST,358
ES,mult_D_1.5,10,0.5,SYNTHETIC,CONTINUATION_FIRST,296
ES,mult_D_1.5,10,0.5,SYNTHETIC,SAME_BAR_BARRIER_TIE,280
ES,mult_D_1.5,10,1.0,REAL,REJECTION_FIRST,436
ES,mult_D_1.5,10,1.0,REAL,CONTINUATION_FIRST,409
ES,mult_D_1.5,10,1.0,REAL,SAME_BAR_BARRIER_TIE,120
ES,mult_D_1.5,10,1.0,REAL,NEITHER_REACHED,3
ES,mult_D_1.5,10,1.0,SYNTHETIC,REJECTION_FIRST,425
ES,mult_D_1.5,10,1.0,SYNTHETIC,CONTINUATION_FIRST,393
ES,mult_D_1.5,10,1.0,SYNTHETIC,SAME_BAR_BARRIER_TIE,116
ES,mult_D_1.5,10,1.5,REAL,REJECTION_FIRST,468
ES,mult_D_1.5,10,1.5,REAL,CONTINUATION_FIRST,429
ES,mult_D_1.5,10,1.5,REAL,SAME_BAR_BARRIER_TIE,58
ES,mult_D_1.5,10,1.5,REAL,NEITHER_REACHED,13
ES,mult_D_1.5,10,1.5,SYNTHETIC,REJECTION_FIRST,448
ES,mult_D_1.5,10,1.5,SYNTHETIC,CONTINUATION_FIRST,413
ES,mult_D_1.5,10,1.5,SYNTHETIC,SAME_BAR_BARRIER_TIE,47
ES,mult_D_1.5,10,1.5,SYNTHETIC,NEITHER_REACHED,26
ES,mult_D_1.5,10,2.0,REAL,REJECTION_FIRST,468
ES,mult_D_1.5,10,2.0,REAL,CONTINUATION_FIRST,424
ES,mult_D_1.5,10,2.0,REAL,NEITHER_REACHED,51
ES,mult_D_1.5,10,2.0,REAL,SAME_BAR_BARRIER_TIE,25
ES,mult_D_1.5,10,2.0,SYNTHETIC,REJECTION_FIRST,439
ES,mult_D_1.5,10,2.0,SYNTHETIC,CONTINUATION_FIRST,410
ES,mult_D_1.5,10,2.0,SYNTHETIC,NEITHER_REACHED,63
ES,mult_D_1.5,10,2.0,SYNTHETIC,SAME_BAR_BARRIER_TIE,22
ES,mult_D_1.5,15,0.5,REAL,REJECTION_FIRST,333
ES,mult_D_1.5,15,0.5,REAL,SAME_BAR_BARRIER_TIE,332
ES,mult_D_1.5,15,0.5,REAL,CONTINUATION_FIRST,303
ES,mult_D_1.5,15,0.5,SYNTHETIC,REJECTION_FIRST,358
ES,mult_D_1.5,15,0.5,SYNTHETIC,CONTINUATION_FIRST,296
ES,mult_D_1.5,15,0.5,SYNTHETIC,SAME_BAR_BARRIER_TIE,280
ES,mult_D_1.5,15,1.0,REAL,REJECTION_FIRST,438
ES,mult_D_1.5,15,1.0,REAL,CONTINUATION_FIRST,409
ES,mult_D_1.5,15,1.0,REAL,SAME_BAR_BARRIER_TIE,120
ES,mult_D_1.5,15,1.0,REAL,NEITHER_REACHED,1
ES,mult_D_1.5,15,1.0,SYNTHETIC,REJECTION_FIRST,425
ES,mult_D_1.5,15,1.0,SYNTHETIC,CONTINUATION_FIRST,393
ES,mult_D_1.5,15,1.0,SYNTHETIC,SAME_BAR_BARRIER_TIE,116
ES,mult_D_1.5,15,1.5,REAL,REJECTION_FIRST,471
ES,mult_D_1.5,15,1.5,REAL,CONTINUATION_FIRST,435
ES,mult_D_1.5,15,1.5,REAL,SAME_BAR_BARRIER_TIE,58
ES,mult_D_1.5,15,1.5,REAL,NEITHER_REACHED,4
ES,mult_D_1.5,15,1.5,SYNTHETIC,REJECTION_FIRST,452
ES,mult_D_1.5,15,1.5,SYNTHETIC,CONTINUATION_FIRST,424
ES,mult_D_1.5,15,1.5,SYNTHETIC,SAME_BAR_BARRIER_TIE,47
ES,mult_D_1.5,15,1.5,SYNTHETIC,NEITHER_REACHED,11
ES,mult_D_1.5,15,2.0,REAL,REJECTION_FIRST,478
ES,mult_D_1.5,15,2.0,REAL,CONTINUATION_FIRST,436
ES,mult_D_1.5,15,2.0,REAL,NEITHER_REACHED,29
ES,mult_D_1.5,15,2.0,REAL,SAME_BAR_BARRIER_TIE,25
ES,mult_D_1.5,15,2.0,SYNTHETIC,REJECTION_FIRST,450
ES,mult_D_1.5,15,2.0,SYNTHETIC,CONTINUATION_FIRST,430
ES,mult_D_1.5,15,2.0,SYNTHETIC,NEITHER_REACHED,32
ES,mult_D_1.5,15,2.0,SYNTHETIC,SAME_BAR_BARRIER_TIE,22
ES,mult_D_2.0,1,0.5,REAL,REJECTION_FIRST,355
ES,mult_D_2.0,1,0.5,REAL,SAME_BAR_BARRIER_TIE,301
ES,mult_D_2.0,1,0.5,REAL,CONTINUATION_FIRST,251
ES,mult_D_2.0,1,0.5,REAL,NEITHER_REACHED,10
ES,mult_D_2.0,1,0.5,SYNTHETIC,REJECTION_FIRST,305
ES,mult_D_2.0,1,0.5,SYNTHETIC,SAME_BAR_BARRIER_TIE,275
ES,mult_D_2.0,1,0.5,SYNTHETIC,CONTINUATION_FIRST,249
ES,mult_D_2.0,1,0.5,SYNTHETIC,NEITHER_REACHED,14
ES,mult_D_2.0,1,1.0,REAL,REJECTION_FIRST,395
ES,mult_D_2.0,1,1.0,REAL,CONTINUATION_FIRST,303
ES,mult_D_2.0,1,1.0,REAL,SAME_BAR_BARRIER_TIE,123
ES,mult_D_2.0,1,1.0,REAL,NEITHER_REACHED,96
ES,mult_D_2.0,1,1.0,SYNTHETIC,REJECTION_FIRST,332
ES,mult_D_2.0,1,1.0,SYNTHETIC,CONTINUATION_FIRST,286
ES,mult_D_2.0,1,1.0,SYNTHETIC,NEITHER_REACHED,120
ES,mult_D_2.0,1,1.0,SYNTHETIC,SAME_BAR_BARRIER_TIE,105
ES,mult_D_2.0,1,1.5,REAL,REJECTION_FIRST,339
ES,mult_D_2.0,1,1.5,REAL,NEITHER_REACHED,276
ES,mult_D_2.0,1,1.5,REAL,CONTINUATION_FIRST,258
ES,mult_D_2.0,1,1.5,REAL,SAME_BAR_BARRIER_TIE,44
ES,mult_D_2.0,1,1.5,SYNTHETIC,REJECTION_FIRST,280
ES,mult_D_2.0,1,1.5,SYNTHETIC,NEITHER_REACHED,277
ES,mult_D_2.0,1,1.5,SYNTHETIC,CONTINUATION_FIRST,243
ES,mult_D_2.0,1,1.5,SYNTHETIC,SAME_BAR_BARRIER_TIE,43
ES,mult_D_2.0,1,2.0,REAL,NEITHER_REACHED,403
ES,mult_D_2.0,1,2.0,REAL,REJECTION_FIRST,280
ES,mult_D_2.0,1,2.0,REAL,CONTINUATION_FIRST,211
ES,mult_D_2.0,1,2.0,REAL,SAME_BAR_BARRIER_TIE,23
ES,mult_D_2.0,1,2.0,SYNTHETIC,NEITHER_REACHED,405
ES,mult_D_2.0,1,2.0,SYNTHETIC,REJECTION_FIRST,230
ES,mult_D_2.0,1,2.0,SYNTHETIC,CONTINUATION_FIRST,186
ES,mult_D_2.0,1,2.0,SYNTHETIC,SAME_BAR_BARRIER_TIE,22
ES,mult_D_2.0,3,0.5,REAL,REJECTION_FIRST,359
ES,mult_D_2.0,3,0.5,REAL,SAME_BAR_BARRIER_TIE,301
ES,mult_D_2.0,3,0.5,REAL,CONTINUATION_FIRST,256
ES,mult_D_2.0,3,0.5,REAL,NEITHER_REACHED,1
ES,mult_D_2.0,3,0.5,SYNTHETIC,REJECTION_FIRST,312
ES,mult_D_2.0,3,0.5,SYNTHETIC,SAME_BAR_BARRIER_TIE,276
ES,mult_D_2.0,3,0.5,SYNTHETIC,CONTINUATION_FIRST,254
ES,mult_D_2.0,3,0.5,SYNTHETIC,NEITHER_REACHED,1
ES,mult_D_2.0,3,1.0,REAL,REJECTION_FIRST,429
ES,mult_D_2.0,3,1.0,REAL,CONTINUATION_FIRST,340
ES,mult_D_2.0,3,1.0,REAL,SAME_BAR_BARRIER_TIE,124
ES,mult_D_2.0,3,1.0,REAL,NEITHER_REACHED,24
ES,mult_D_2.0,3,1.0,SYNTHETIC,REJECTION_FIRST,376
ES,mult_D_2.0,3,1.0,SYNTHETIC,CONTINUATION_FIRST,331
ES,mult_D_2.0,3,1.0,SYNTHETIC,SAME_BAR_BARRIER_TIE,108
ES,mult_D_2.0,3,1.0,SYNTHETIC,NEITHER_REACHED,28
ES,mult_D_2.0,3,1.5,REAL,REJECTION_FIRST,424
ES,mult_D_2.0,3,1.5,REAL,CONTINUATION_FIRST,343
ES,mult_D_2.0,3,1.5,REAL,NEITHER_REACHED,106
ES,mult_D_2.0,3,1.5,REAL,SAME_BAR_BARRIER_TIE,44
ES,mult_D_2.0,3,1.5,SYNTHETIC,REJECTION_FIRST,354
ES,mult_D_2.0,3,1.5,SYNTHETIC,CONTINUATION_FIRST,340
ES,mult_D_2.0,3,1.5,SYNTHETIC,NEITHER_REACHED,106
ES,mult_D_2.0,3,1.5,SYNTHETIC,SAME_BAR_BARRIER_TIE,43
ES,mult_D_2.0,3,2.0,REAL,REJECTION_FIRST,383
ES,mult_D_2.0,3,2.0,REAL,CONTINUATION_FIRST,317
ES,mult_D_2.0,3,2.0,REAL,NEITHER_REACHED,194
ES,mult_D_2.0,3,2.0,REAL,SAME_BAR_BARRIER_TIE,23
ES,mult_D_2.0,3,2.0,SYNTHETIC,REJECTION_FIRST,320
ES,mult_D_2.0,3,2.0,SYNTHETIC,CONTINUATION_FIRST,292
ES,mult_D_2.0,3,2.0,SYNTHETIC,NEITHER_REACHED,209
ES,mult_D_2.0,3,2.0,SYNTHETIC,SAME_BAR_BARRIER_TIE,22
ES,mult_D_2.0,5,0.5,REAL,REJECTION_FIRST,360
ES,mult_D_2.0,5,0.5,REAL,SAME_BAR_BARRIER_TIE,301
ES,mult_D_2.0,5,0.5,REAL,CONTINUATION_FIRST,256
ES,mult_D_2.0,5,0.5,SYNTHETIC,REJECTION_FIRST,312
ES,mult_D_2.0,5,0.5,SYNTHETIC,SAME_BAR_BARRIER_TIE,276
ES,mult_D_2.0,5,0.5,SYNTHETIC,CONTINUATION_FIRST,255
ES,mult_D_2.0,5,1.0,REAL,REJECTION_FIRST,434
ES,mult_D_2.0,5,1.0,REAL,CONTINUATION_FIRST,350
ES,mult_D_2.0,5,1.0,REAL,SAME_BAR_BARRIER_TIE,124
ES,mult_D_2.0,5,1.0,REAL,NEITHER_REACHED,9
ES,mult_D_2.0,5,1.0,SYNTHETIC,REJECTION_FIRST,384
ES,mult_D_2.0,5,1.0,SYNTHETIC,CONTINUATION_FIRST,339
ES,mult_D_2.0,5,1.0,SYNTHETIC,SAME_BAR_BARRIER_TIE,108
ES,mult_D_2.0,5,1.0,SYNTHETIC,NEITHER_REACHED,12
ES,mult_D_2.0,5,1.5,REAL,REJECTION_FIRST,451
ES,mult_D_2.0,5,1.5,REAL,CONTINUATION_FIRST,360
ES,mult_D_2.0,5,1.5,REAL,NEITHER_REACHED,62
ES,mult_D_2.0,5,1.5,REAL,SAME_BAR_BARRIER_TIE,44
ES,mult_D_2.0,5,1.5,SYNTHETIC,REJECTION_FIRST,375
ES,mult_D_2.0,5,1.5,SYNTHETIC,CONTINUATION_FIRST,362
ES,mult_D_2.0,5,1.5,SYNTHETIC,NEITHER_REACHED,63
ES,mult_D_2.0,5,1.5,SYNTHETIC,SAME_BAR_BARRIER_TIE,43
ES,mult_D_2.0,5,2.0,REAL,REJECTION_FIRST,423
ES,mult_D_2.0,5,2.0,REAL,CONTINUATION_FIRST,353
ES,mult_D_2.0,5,2.0,REAL,NEITHER_REACHED,118
ES,mult_D_2.0,5,2.0,REAL,SAME_BAR_BARRIER_TIE,23
ES,mult_D_2.0,5,2.0,SYNTHETIC,REJECTION_FIRST,358
ES,mult_D_2.0,5,2.0,SYNTHETIC,CONTINUATION_FIRST,327
ES,mult_D_2.0,5,2.0,SYNTHETIC,NEITHER_REACHED,136
ES,mult_D_2.0,5,2.0,SYNTHETIC,SAME_BAR_BARRIER_TIE,22
ES,mult_D_2.0,10,0.5,REAL,REJECTION_FIRST,360
ES,mult_D_2.0,10,0.5,REAL,SAME_BAR_BARRIER_TIE,301
ES,mult_D_2.0,10,0.5,REAL,CONTINUATION_FIRST,256
ES,mult_D_2.0,10,0.5,SYNTHETIC,REJECTION_FIRST,312
ES,mult_D_2.0,10,0.5,SYNTHETIC,SAME_BAR_BARRIER_TIE,276
ES,mult_D_2.0,10,0.5,SYNTHETIC,CONTINUATION_FIRST,255
ES,mult_D_2.0,10,1.0,REAL,REJECTION_FIRST,440
ES,mult_D_2.0,10,1.0,REAL,CONTINUATION_FIRST,353
ES,mult_D_2.0,10,1.0,REAL,SAME_BAR_BARRIER_TIE,124
ES,mult_D_2.0,10,1.0,SYNTHETIC,REJECTION_FIRST,391
ES,mult_D_2.0,10,1.0,SYNTHETIC,CONTINUATION_FIRST,343
ES,mult_D_2.0,10,1.0,SYNTHETIC,SAME_BAR_BARRIER_TIE,108
ES,mult_D_2.0,10,1.0,SYNTHETIC,NEITHER_REACHED,1
ES,mult_D_2.0,10,1.5,REAL,REJECTION_FIRST,466
ES,mult_D_2.0,10,1.5,REAL,CONTINUATION_FIRST,383
ES,mult_D_2.0,10,1.5,REAL,SAME_BAR_BARRIER_TIE,44
ES,mult_D_2.0,10,1.5,REAL,NEITHER_REACHED,24
ES,mult_D_2.0,10,1.5,SYNTHETIC,REJECTION_FIRST,394
ES,mult_D_2.0,10,1.5,SYNTHETIC,CONTINUATION_FIRST,385
ES,mult_D_2.0,10,1.5,SYNTHETIC,SAME_BAR_BARRIER_TIE,43
ES,mult_D_2.0,10,1.5,SYNTHETIC,NEITHER_REACHED,21
ES,mult_D_2.0,10,2.0,REAL,REJECTION_FIRST,449
ES,mult_D_2.0,10,2.0,REAL,CONTINUATION_FIRST,391
ES,mult_D_2.0,10,2.0,REAL,NEITHER_REACHED,54
ES,mult_D_2.0,10,2.0,REAL,SAME_BAR_BARRIER_TIE,23
ES,mult_D_2.0,10,2.0,SYNTHETIC,REJECTION_FIRST,394
ES,mult_D_2.0,10,2.0,SYNTHETIC,CONTINUATION_FIRST,364
ES,mult_D_2.0,10,2.0,SYNTHETIC,NEITHER_REACHED,63
ES,mult_D_2.0,10,2.0,SYNTHETIC,SAME_BAR_BARRIER_TIE,22
ES,mult_D_2.0,15,0.5,REAL,REJECTION_FIRST,360
ES,mult_D_2.0,15,0.5,REAL,SAME_BAR_BARRIER_TIE,301
ES,mult_D_2.0,15,0.5,REAL,CONTINUATION_FIRST,256
ES,mult_D_2.0,15,0.5,SYNTHETIC,REJECTION_FIRST,312
ES,mult_D_2.0,15,0.5,SYNTHETIC,SAME_BAR_BARRIER_TIE,276
ES,mult_D_2.0,15,0.5,SYNTHETIC,CONTINUATION_FIRST,255
ES,mult_D_2.0,15,1.0,REAL,REJECTION_FIRST,440
ES,mult_D_2.0,15,1.0,REAL,CONTINUATION_FIRST,353
ES,mult_D_2.0,15,1.0,REAL,SAME_BAR_BARRIER_TIE,124
ES,mult_D_2.0,15,1.0,SYNTHETIC,REJECTION_FIRST,391
ES,mult_D_2.0,15,1.0,SYNTHETIC,CONTINUATION_FIRST,344
ES,mult_D_2.0,15,1.0,SYNTHETIC,SAME_BAR_BARRIER_TIE,108
ES,mult_D_2.0,15,1.5,REAL,REJECTION_FIRST,470
ES,mult_D_2.0,15,1.5,REAL,CONTINUATION_FIRST,392
ES,mult_D_2.0,15,1.5,REAL,SAME_BAR_BARRIER_TIE,44
ES,mult_D_2.0,15,1.5,REAL,NEITHER_REACHED,11
ES,mult_D_2.0,15,1.5,SYNTHETIC,REJECTION_FIRST,400
ES,mult_D_2.0,15,1.5,SYNTHETIC,CONTINUATION_FIRST,394
ES,mult_D_2.0,15,1.5,SYNTHETIC,SAME_BAR_BARRIER_TIE,43
ES,mult_D_2.0,15,1.5,SYNTHETIC,NEITHER_REACHED,6
ES,mult_D_2.0,15,2.0,REAL,REJECTION_FIRST,459
ES,mult_D_2.0,15,2.0,REAL,CONTINUATION_FIRST,409
ES,mult_D_2.0,15,2.0,REAL,NEITHER_REACHED,26
ES,mult_D_2.0,15,2.0,REAL,SAME_BAR_BARRIER_TIE,23
ES,mult_D_2.0,15,2.0,SYNTHETIC,REJECTION_FIRST,403
ES,mult_D_2.0,15,2.0,SYNTHETIC,CONTINUATION_FIRST,382
ES,mult_D_2.0,15,2.0,SYNTHETIC,NEITHER_REACHED,36
ES,mult_D_2.0,15,2.0,SYNTHETIC,SAME_BAR_BARRIER_TIE,22
ES,mult_U_0.5,1,0.5,REAL,REJECTION_FIRST,426
ES,mult_U_0.5,1,0.5,REAL,CONTINUATION_FIRST,386
ES,mult_U_0.5,1,0.5,REAL,SAME_BAR_BARRIER_TIE,324
ES,mult_U_0.5,1,0.5,REAL,NEITHER_REACHED,18
ES,mult_U_0.5,1,0.5,SYNTHETIC,REJECTION_FIRST,408
ES,mult_U_0.5,1,0.5,SYNTHETIC,CONTINUATION_FIRST,401
ES,mult_U_0.5,1,0.5,SYNTHETIC,SAME_BAR_BARRIER_TIE,262
ES,mult_U_0.5,1,0.5,SYNTHETIC,NEITHER_REACHED,24
ES,mult_U_0.5,1,1.0,REAL,REJECTION_FIRST,463
ES,mult_U_0.5,1,1.0,REAL,CONTINUATION_FIRST,432
ES,mult_U_0.5,1,1.0,REAL,NEITHER_REACHED,154
ES,mult_U_0.5,1,1.0,REAL,SAME_BAR_BARRIER_TIE,105
ES,mult_U_0.5,1,1.0,SYNTHETIC,REJECTION_FIRST,416
ES,mult_U_0.5,1,1.0,SYNTHETIC,CONTINUATION_FIRST,409
ES,mult_U_0.5,1,1.0,SYNTHETIC,NEITHER_REACHED,180
ES,mult_U_0.5,1,1.0,SYNTHETIC,SAME_BAR_BARRIER_TIE,90
ES,mult_U_0.5,1,1.5,REAL,REJECTION_FIRST,402
ES,mult_U_0.5,1,1.5,REAL,CONTINUATION_FIRST,354
ES,mult_U_0.5,1,1.5,REAL,NEITHER_REACHED,354
ES,mult_U_0.5,1,1.5,REAL,SAME_BAR_BARRIER_TIE,44
ES,mult_U_0.5,1,1.5,SYNTHETIC,NEITHER_REACHED,417
ES,mult_U_0.5,1,1.5,SYNTHETIC,REJECTION_FIRST,334
ES,mult_U_0.5,1,1.5,SYNTHETIC,CONTINUATION_FIRST,312
ES,mult_U_0.5,1,1.5,SYNTHETIC,SAME_BAR_BARRIER_TIE,32
ES,mult_U_0.5,1,2.0,REAL,NEITHER_REACHED,600
ES,mult_U_0.5,1,2.0,REAL,REJECTION_FIRST,290
ES,mult_U_0.5,1,2.0,REAL,CONTINUATION_FIRST,248
ES,mult_U_0.5,1,2.0,REAL,SAME_BAR_BARRIER_TIE,16
ES,mult_U_0.5,1,2.0,SYNTHETIC,NEITHER_REACHED,603
ES,mult_U_0.5,1,2.0,SYNTHETIC,REJECTION_FIRST,249
ES,mult_U_0.5,1,2.0,SYNTHETIC,CONTINUATION_FIRST,229
ES,mult_U_0.5,1,2.0,SYNTHETIC,SAME_BAR_BARRIER_TIE,14
ES,mult_U_0.5,3,0.5,REAL,REJECTION_FIRST,433
ES,mult_U_0.5,3,0.5,REAL,CONTINUATION_FIRST,391
ES,mult_U_0.5,3,0.5,REAL,SAME_BAR_BARRIER_TIE,324
ES,mult_U_0.5,3,0.5,REAL,NEITHER_REACHED,6
ES,mult_U_0.5,3,0.5,SYNTHETIC,REJECTION_FIRST,416
ES,mult_U_0.5,3,0.5,SYNTHETIC,CONTINUATION_FIRST,411
ES,mult_U_0.5,3,0.5,SYNTHETIC,SAME_BAR_BARRIER_TIE,263
ES,mult_U_0.5,3,0.5,SYNTHETIC,NEITHER_REACHED,5
ES,mult_U_0.5,3,1.0,REAL,REJECTION_FIRST,513
ES,mult_U_0.5,3,1.0,REAL,CONTINUATION_FIRST,484
ES,mult_U_0.5,3,1.0,REAL,SAME_BAR_BARRIER_TIE,108
ES,mult_U_0.5,3,1.0,REAL,NEITHER_REACHED,49
ES,mult_U_0.5,3,1.0,SYNTHETIC,REJECTION_FIRST,484
ES,mult_U_0.5,3,1.0,SYNTHETIC,CONTINUATION_FIRST,462
ES,mult_U_0.5,3,1.0,SYNTHETIC,SAME_BAR_BARRIER_TIE,92
ES,mult_U_0.5,3,1.0,SYNTHETIC,NEITHER_REACHED,57
ES,mult_U_0.5,3,1.5,REAL,REJECTION_FIRST,506
ES,mult_U_0.5,3,1.5,REAL,CONTINUATION_FIRST,448
ES,mult_U_0.5,3,1.5,REAL,NEITHER_REACHED,156
ES,mult_U_0.5,3,1.5,REAL,SAME_BAR_BARRIER_TIE,44
ES,mult_U_0.5,3,1.5,SYNTHETIC,REJECTION_FIRST,458
ES,mult_U_0.5,3,1.5,SYNTHETIC,CONTINUATION_FIRST,413
ES,mult_U_0.5,3,1.5,SYNTHETIC,NEITHER_REACHED,190
ES,mult_U_0.5,3,1.5,SYNTHETIC,SAME_BAR_BARRIER_TIE,34
ES,mult_U_0.5,3,2.0,REAL,REJECTION_FIRST,434
ES,mult_U_0.5,3,2.0,REAL,CONTINUATION_FIRST,379
ES,mult_U_0.5,3,2.0,REAL,NEITHER_REACHED,323
ES,mult_U_0.5,3,2.0,REAL,SAME_BAR_BARRIER_TIE,18
ES,mult_U_0.5,3,2.0,SYNTHETIC,REJECTION_FIRST,396
ES,mult_U_0.5,3,2.0,SYNTHETIC,CONTINUATION_FIRST,348
ES,mult_U_0.5,3,2.0,SYNTHETIC,NEITHER_REACHED,335
ES,mult_U_0.5,3,2.0,SYNTHETIC,SAME_BAR_BARRIER_TIE,16
ES,mult_U_0.5,5,0.5,REAL,REJECTION_FIRST,435
ES,mult_U_0.5,5,0.5,REAL,CONTINUATION_FIRST,393
ES,mult_U_0.5,5,0.5,REAL,SAME_BAR_BARRIER_TIE,324
ES,mult_U_0.5,5,0.5,REAL,NEITHER_REACHED,2
ES,mult_U_0.5,5,0.5,SYNTHETIC,REJECTION_FIRST,419
ES,mult_U_0.5,5,0.5,SYNTHETIC,CONTINUATION_FIRST,413
ES,mult_U_0.5,5,0.5,SYNTHETIC,SAME_BAR_BARRIER_TIE,263
ES,mult_U_0.5,5,1.0,REAL,REJECTION_FIRST,522
ES,mult_U_0.5,5,1.0,REAL,CONTINUATION_FIRST,493
ES,mult_U_0.5,5,1.0,REAL,SAME_BAR_BARRIER_TIE,110
ES,mult_U_0.5,5,1.0,REAL,NEITHER_REACHED,29
ES,mult_U_0.5,5,1.0,SYNTHETIC,REJECTION_FIRST,501
ES,mult_U_0.5,5,1.0,SYNTHETIC,CONTINUATION_FIRST,476
ES,mult_U_0.5,5,1.0,SYNTHETIC,SAME_BAR_BARRIER_TIE,92
ES,mult_U_0.5,5,1.0,SYNTHETIC,NEITHER_REACHED,26
ES,mult_U_0.5,5,1.5,REAL,REJECTION_FIRST,543
ES,mult_U_0.5,5,1.5,REAL,CONTINUATION_FIRST,481
ES,mult_U_0.5,5,1.5,REAL,NEITHER_REACHED,86
ES,mult_U_0.5,5,1.5,REAL,SAME_BAR_BARRIER_TIE,44
ES,mult_U_0.5,5,1.5,SYNTHETIC,REJECTION_FIRST,505
ES,mult_U_0.5,5,1.5,SYNTHETIC,CONTINUATION_FIRST,457
ES,mult_U_0.5,5,1.5,SYNTHETIC,NEITHER_REACHED,99
ES,mult_U_0.5,5,1.5,SYNTHETIC,SAME_BAR_BARRIER_TIE,34
ES,mult_U_0.5,5,2.0,REAL,REJECTION_FIRST,501
ES,mult_U_0.5,5,2.0,REAL,CONTINUATION_FIRST,436
ES,mult_U_0.5,5,2.0,REAL,NEITHER_REACHED,198
ES,mult_U_0.5,5,2.0,REAL,SAME_BAR_BARRIER_TIE,19
ES,mult_U_0.5,5,2.0,SYNTHETIC,REJECTION_FIRST,469
ES,mult_U_0.5,5,2.0,SYNTHETIC,CONTINUATION_FIRST,406
ES,mult_U_0.5,5,2.0,SYNTHETIC,NEITHER_REACHED,204
ES,mult_U_0.5,5,2.0,SYNTHETIC,SAME_BAR_BARRIER_TIE,16
ES,mult_U_0.5,10,0.5,REAL,REJECTION_FIRST,435
ES,mult_U_0.5,10,0.5,REAL,CONTINUATION_FIRST,394
ES,mult_U_0.5,10,0.5,REAL,SAME_BAR_BARRIER_TIE,324
ES,mult_U_0.5,10,0.5,REAL,NEITHER_REACHED,1
ES,mult_U_0.5,10,0.5,SYNTHETIC,REJECTION_FIRST,419
ES,mult_U_0.5,10,0.5,SYNTHETIC,CONTINUATION_FIRST,413
ES,mult_U_0.5,10,0.5,SYNTHETIC,SAME_BAR_BARRIER_TIE,263
ES,mult_U_0.5,10,1.0,REAL,REJECTION_FIRST,529
ES,mult_U_0.5,10,1.0,REAL,CONTINUATION_FIRST,502
ES,mult_U_0.5,10,1.0,REAL,SAME_BAR_BARRIER_TIE,111
ES,mult_U_0.5,10,1.0,REAL,NEITHER_REACHED,12
ES,mult_U_0.5,10,1.0,SYNTHETIC,REJECTION_FIRST,510
ES,mult_U_0.5,10,1.0,SYNTHETIC,CONTINUATION_FIRST,480
ES,mult_U_0.5,10,1.0,SYNTHETIC,SAME_BAR_BARRIER_TIE,92
ES,mult_U_0.5,10,1.0,SYNTHETIC,NEITHER_REACHED,13
ES,mult_U_0.5,10,1.5,REAL,REJECTION_FIRST,569
ES,mult_U_0.5,10,1.5,REAL,CONTINUATION_FIRST,506
ES,mult_U_0.5,10,1.5,REAL,SAME_BAR_BARRIER_TIE,44
ES,mult_U_0.5,10,1.5,REAL,NEITHER_REACHED,35
ES,mult_U_0.5,10,1.5,SYNTHETIC,REJECTION_FIRST,543
ES,mult_U_0.5,10,1.5,SYNTHETIC,CONTINUATION_FIRST,487
ES,mult_U_0.5,10,1.5,SYNTHETIC,SAME_BAR_BARRIER_TIE,34
ES,mult_U_0.5,10,1.5,SYNTHETIC,NEITHER_REACHED,31
ES,mult_U_0.5,10,2.0,REAL,REJECTION_FIRST,564
ES,mult_U_0.5,10,2.0,REAL,CONTINUATION_FIRST,486
ES,mult_U_0.5,10,2.0,REAL,NEITHER_REACHED,85
ES,mult_U_0.5,10,2.0,REAL,SAME_BAR_BARRIER_TIE,19
ES,mult_U_0.5,10,2.0,SYNTHETIC,REJECTION_FIRST,526
ES,mult_U_0.5,10,2.0,SYNTHETIC,CONTINUATION_FIRST,455
ES,mult_U_0.5,10,2.0,SYNTHETIC,NEITHER_REACHED,98
ES,mult_U_0.5,10,2.0,SYNTHETIC,SAME_BAR_BARRIER_TIE,16
ES,mult_U_0.5,15,0.5,REAL,REJECTION_FIRST,436
ES,mult_U_0.5,15,0.5,REAL,CONTINUATION_FIRST,394
ES,mult_U_0.5,15,0.5,REAL,SAME_BAR_BARRIER_TIE,324
ES,mult_U_0.5,15,0.5,SYNTHETIC,REJECTION_FIRST,419
ES,mult_U_0.5,15,0.5,SYNTHETIC,CONTINUATION_FIRST,413
ES,mult_U_0.5,15,0.5,SYNTHETIC,SAME_BAR_BARRIER_TIE,263
ES,mult_U_0.5,15,1.0,REAL,REJECTION_FIRST,531
ES,mult_U_0.5,15,1.0,REAL,CONTINUATION_FIRST,504
ES,mult_U_0.5,15,1.0,REAL,SAME_BAR_BARRIER_TIE,111
ES,mult_U_0.5,15,1.0,REAL,NEITHER_REACHED,8
ES,mult_U_0.5,15,1.0,SYNTHETIC,REJECTION_FIRST,514
ES,mult_U_0.5,15,1.0,SYNTHETIC,CONTINUATION_FIRST,482
ES,mult_U_0.5,15,1.0,SYNTHETIC,SAME_BAR_BARRIER_TIE,92
ES,mult_U_0.5,15,1.0,SYNTHETIC,NEITHER_REACHED,7
ES,mult_U_0.5,15,1.5,REAL,REJECTION_FIRST,574
ES,mult_U_0.5,15,1.5,REAL,CONTINUATION_FIRST,512
ES,mult_U_0.5,15,1.5,REAL,SAME_BAR_BARRIER_TIE,44
ES,mult_U_0.5,15,1.5,REAL,NEITHER_REACHED,24
ES,mult_U_0.5,15,1.5,SYNTHETIC,REJECTION_FIRST,546
ES,mult_U_0.5,15,1.5,SYNTHETIC,CONTINUATION_FIRST,493
ES,mult_U_0.5,15,1.5,SYNTHETIC,SAME_BAR_BARRIER_TIE,34
ES,mult_U_0.5,15,1.5,SYNTHETIC,NEITHER_REACHED,22
ES,mult_U_0.5,15,2.0,REAL,REJECTION_FIRST,577
ES,mult_U_0.5,15,2.0,REAL,CONTINUATION_FIRST,502
ES,mult_U_0.5,15,2.0,REAL,NEITHER_REACHED,56
ES,mult_U_0.5,15,2.0,REAL,SAME_BAR_BARRIER_TIE,19
ES,mult_U_0.5,15,2.0,SYNTHETIC,REJECTION_FIRST,541
ES,mult_U_0.5,15,2.0,SYNTHETIC,CONTINUATION_FIRST,477
ES,mult_U_0.5,15,2.0,SYNTHETIC,NEITHER_REACHED,61
ES,mult_U_0.5,15,2.0,SYNTHETIC,SAME_BAR_BARRIER_TIE,16
ES,mult_U_1.0,1,0.5,REAL,REJECTION_FIRST,400
ES,mult_U_1.0,1,0.5,REAL,CONTINUATION_FIRST,366
ES,mult_U_1.0,1,0.5,REAL,SAME_BAR_BARRIER_TIE,270
ES,mult_U_1.0,1,0.5,REAL,NEITHER_REACHED,19
ES,mult_U_1.0,1,0.5,SYNTHETIC,CONTINUATION_FIRST,378
ES,mult_U_1.0,1,0.5,SYNTHETIC,REJECTION_FIRST,357
ES,mult_U_1.0,1,0.5,SYNTHETIC,SAME_BAR_BARRIER_TIE,244
ES,mult_U_1.0,1,0.5,SYNTHETIC,NEITHER_REACHED,16
ES,mult_U_1.0,1,1.0,REAL,REJECTION_FIRST,424
ES,mult_U_1.0,1,1.0,REAL,CONTINUATION_FIRST,373
ES,mult_U_1.0,1,1.0,REAL,NEITHER_REACHED,159
ES,mult_U_1.0,1,1.0,REAL,SAME_BAR_BARRIER_TIE,99
ES,mult_U_1.0,1,1.0,SYNTHETIC,REJECTION_FIRST,370
ES,mult_U_1.0,1,1.0,SYNTHETIC,CONTINUATION_FIRST,368
ES,mult_U_1.0,1,1.0,SYNTHETIC,NEITHER_REACHED,195
ES,mult_U_1.0,1,1.0,SYNTHETIC,SAME_BAR_BARRIER_TIE,62
ES,mult_U_1.0,1,1.5,REAL,NEITHER_REACHED,398
ES,mult_U_1.0,1,1.5,REAL,REJECTION_FIRST,342
ES,mult_U_1.0,1,1.5,REAL,CONTINUATION_FIRST,283
ES,mult_U_1.0,1,1.5,REAL,SAME_BAR_BARRIER_TIE,32
ES,mult_U_1.0,1,1.5,SYNTHETIC,NEITHER_REACHED,410
ES,mult_U_1.0,1,1.5,SYNTHETIC,REJECTION_FIRST,288
ES,mult_U_1.0,1,1.5,SYNTHETIC,CONTINUATION_FIRST,275
ES,mult_U_1.0,1,1.5,SYNTHETIC,SAME_BAR_BARRIER_TIE,22
ES,mult_U_1.0,1,2.0,REAL,NEITHER_REACHED,560
ES,mult_U_1.0,1,2.0,REAL,REJECTION_FIRST,270
ES,mult_U_1.0,1,2.0,REAL,CONTINUATION_FIRST,209
ES,mult_U_1.0,1,2.0,REAL,SAME_BAR_BARRIER_TIE,16
ES,mult_U_1.0,1,2.0,SYNTHETIC,NEITHER_REACHED,575
ES,mult_U_1.0,1,2.0,SYNTHETIC,REJECTION_FIRST,219
ES,mult_U_1.0,1,2.0,SYNTHETIC,CONTINUATION_FIRST,192
ES,mult_U_1.0,1,2.0,SYNTHETIC,SAME_BAR_BARRIER_TIE,9
ES,mult_U_1.0,3,0.5,REAL,REJECTION_FIRST,406
ES,mult_U_1.0,3,0.5,REAL,CONTINUATION_FIRST,374
ES,mult_U_1.0,3,0.5,REAL,SAME_BAR_BARRIER_TIE,271
ES,mult_U_1.0,3,0.5,REAL,NEITHER_REACHED,4
ES,mult_U_1.0,3,0.5,SYNTHETIC,CONTINUATION_FIRST,384
ES,mult_U_1.0,3,0.5,SYNTHETIC,REJECTION_FIRST,365
ES,mult_U_1.0,3,0.5,SYNTHETIC,SAME_BAR_BARRIER_TIE,245
ES,mult_U_1.0,3,0.5,SYNTHETIC,NEITHER_REACHED,1
ES,mult_U_1.0,3,1.0,REAL,REJECTION_FIRST,487
ES,mult_U_1.0,3,1.0,REAL,CONTINUATION_FIRST,423
ES,mult_U_1.0,3,1.0,REAL,SAME_BAR_BARRIER_TIE,101
ES,mult_U_1.0,3,1.0,REAL,NEITHER_REACHED,44
ES,mult_U_1.0,3,1.0,SYNTHETIC,CONTINUATION_FIRST,441
ES,mult_U_1.0,3,1.0,SYNTHETIC,REJECTION_FIRST,439
ES,mult_U_1.0,3,1.0,SYNTHETIC,SAME_BAR_BARRIER_TIE,64
ES,mult_U_1.0,3,1.0,SYNTHETIC,NEITHER_REACHED,51
ES,mult_U_1.0,3,1.5,REAL,REJECTION_FIRST,456
ES,mult_U_1.0,3,1.5,REAL,CONTINUATION_FIRST,389
ES,mult_U_1.0,3,1.5,REAL,NEITHER_REACHED,174
ES,mult_U_1.0,3,1.5,REAL,SAME_BAR_BARRIER_TIE,36
ES,mult_U_1.0,3,1.5,SYNTHETIC,REJECTION_FIRST,408
ES,mult_U_1.0,3,1.5,SYNTHETIC,CONTINUATION_FIRST,392
ES,mult_U_1.0,3,1.5,SYNTHETIC,NEITHER_REACHED,173
ES,mult_U_1.0,3,1.5,SYNTHETIC,SAME_BAR_BARRIER_TIE,22
ES,mult_U_1.0,3,2.0,REAL,REJECTION_FIRST,421
ES,mult_U_1.0,3,2.0,REAL,CONTINUATION_FIRST,321
ES,mult_U_1.0,3,2.0,REAL,NEITHER_REACHED,296
ES,mult_U_1.0,3,2.0,REAL,SAME_BAR_BARRIER_TIE,17
ES,mult_U_1.0,3,2.0,SYNTHETIC,REJECTION_FIRST,362
ES,mult_U_1.0,3,2.0,SYNTHETIC,CONTINUATION_FIRST,318
ES,mult_U_1.0,3,2.0,SYNTHETIC,NEITHER_REACHED,306
ES,mult_U_1.0,3,2.0,SYNTHETIC,SAME_BAR_BARRIER_TIE,9
ES,mult_U_1.0,5,0.5,REAL,REJECTION_FIRST,407
ES,mult_U_1.0,5,0.5,REAL,CONTINUATION_FIRST,376
ES,mult_U_1.0,5,0.5,REAL,SAME_BAR_BARRIER_TIE,271
ES,mult_U_1.0,5,0.5,REAL,NEITHER_REACHED,1
ES,mult_U_1.0,5,0.5,SYNTHETIC,CONTINUATION_FIRST,384
ES,mult_U_1.0,5,0.5,SYNTHETIC,REJECTION_FIRST,365
ES,mult_U_1.0,5,0.5,SYNTHETIC,SAME_BAR_BARRIER_TIE,245
ES,mult_U_1.0,5,0.5,SYNTHETIC,NEITHER_REACHED,1
ES,mult_U_1.0,5,1.0,REAL,REJECTION_FIRST,502
ES,mult_U_1.0,5,1.0,REAL,CONTINUATION_FIRST,434
ES,mult_U_1.0,5,1.0,REAL,SAME_BAR_BARRIER_TIE,101
ES,mult_U_1.0,5,1.0,REAL,NEITHER_REACHED,18
ES,mult_U_1.0,5,1.0,SYNTHETIC,CONTINUATION_FIRST,455
ES,mult_U_1.0,5,1.0,SYNTHETIC,REJECTION_FIRST,452
ES,mult_U_1.0,5,1.0,SYNTHETIC,SAME_BAR_BARRIER_TIE,64
ES,mult_U_1.0,5,1.0,SYNTHETIC,NEITHER_REACHED,24
ES,mult_U_1.0,5,1.5,REAL,REJECTION_FIRST,495
ES,mult_U_1.0,5,1.5,REAL,CONTINUATION_FIRST,438
ES,mult_U_1.0,5,1.5,REAL,NEITHER_REACHED,86
ES,mult_U_1.0,5,1.5,REAL,SAME_BAR_BARRIER_TIE,36
ES,mult_U_1.0,5,1.5,SYNTHETIC,REJECTION_FIRST,453
ES,mult_U_1.0,5,1.5,SYNTHETIC,CONTINUATION_FIRST,435
ES,mult_U_1.0,5,1.5,SYNTHETIC,NEITHER_REACHED,85
ES,mult_U_1.0,5,1.5,SYNTHETIC,SAME_BAR_BARRIER_TIE,22
ES,mult_U_1.0,5,2.0,REAL,REJECTION_FIRST,479
ES,mult_U_1.0,5,2.0,REAL,CONTINUATION_FIRST,376
ES,mult_U_1.0,5,2.0,REAL,NEITHER_REACHED,183
ES,mult_U_1.0,5,2.0,REAL,SAME_BAR_BARRIER_TIE,17
ES,mult_U_1.0,5,2.0,SYNTHETIC,REJECTION_FIRST,423
ES,mult_U_1.0,5,2.0,SYNTHETIC,CONTINUATION_FIRST,369
ES,mult_U_1.0,5,2.0,SYNTHETIC,NEITHER_REACHED,194
ES,mult_U_1.0,5,2.0,SYNTHETIC,SAME_BAR_BARRIER_TIE,9
ES,mult_U_1.0,10,0.5,REAL,REJECTION_FIRST,407
ES,mult_U_1.0,10,0.5,REAL,CONTINUATION_FIRST,376
ES,mult_U_1.0,10,0.5,REAL,SAME_BAR_BARRIER_TIE,271
ES,mult_U_1.0,10,0.5,REAL,NEITHER_REACHED,1
ES,mult_U_1.0,10,0.5,SYNTHETIC,CONTINUATION_FIRST,384
ES,mult_U_1.0,10,0.5,SYNTHETIC,REJECTION_FIRST,365
ES,mult_U_1.0,10,0.5,SYNTHETIC,SAME_BAR_BARRIER_TIE,245
ES,mult_U_1.0,10,0.5,SYNTHETIC,NEITHER_REACHED,1
ES,mult_U_1.0,10,1.0,REAL,REJECTION_FIRST,508
ES,mult_U_1.0,10,1.0,REAL,CONTINUATION_FIRST,438
ES,mult_U_1.0,10,1.0,REAL,SAME_BAR_BARRIER_TIE,101
ES,mult_U_1.0,10,1.0,REAL,NEITHER_REACHED,8
ES,mult_U_1.0,10,1.0,SYNTHETIC,CONTINUATION_FIRST,464
ES,mult_U_1.0,10,1.0,SYNTHETIC,REJECTION_FIRST,462
ES,mult_U_1.0,10,1.0,SYNTHETIC,SAME_BAR_BARRIER_TIE,64
ES,mult_U_1.0,10,1.0,SYNTHETIC,NEITHER_REACHED,5
ES,mult_U_1.0,10,1.5,REAL,REJECTION_FIRST,529
ES,mult_U_1.0,10,1.5,REAL,CONTINUATION_FIRST,460
ES,mult_U_1.0,10,1.5,REAL,SAME_BAR_BARRIER_TIE,36
ES,mult_U_1.0,10,1.5,REAL,NEITHER_REACHED,30
ES,mult_U_1.0,10,1.5,SYNTHETIC,REJECTION_FIRST,479
ES,mult_U_1.0,10,1.5,SYNTHETIC,CONTINUATION_FIRST,457
ES,mult_U_1.0,10,1.5,SYNTHETIC,NEITHER_REACHED,37
ES,mult_U_1.0,10,1.5,SYNTHETIC,SAME_BAR_BARRIER_TIE,22
ES,mult_U_1.0,10,2.0,REAL,REJECTION_FIRST,524
ES,mult_U_1.0,10,2.0,REAL,CONTINUATION_FIRST,416
ES,mult_U_1.0,10,2.0,REAL,NEITHER_REACHED,98
ES,mult_U_1.0,10,2.0,REAL,SAME_BAR_BARRIER_TIE,17
ES,mult_U_1.0,10,2.0,SYNTHETIC,REJECTION_FIRST,473
ES,mult_U_1.0,10,2.0,SYNTHETIC,CONTINUATION_FIRST,417
ES,mult_U_1.0,10,2.0,SYNTHETIC,NEITHER_REACHED,96
ES,mult_U_1.0,10,2.0,SYNTHETIC,SAME_BAR_BARRIER_TIE,9
ES,mult_U_1.0,15,0.5,REAL,REJECTION_FIRST,407
ES,mult_U_1.0,15,0.5,REAL,CONTINUATION_FIRST,376
ES,mult_U_1.0,15,0.5,REAL,SAME_BAR_BARRIER_TIE,271
ES,mult_U_1.0,15,0.5,REAL,NEITHER_REACHED,1
ES,mult_U_1.0,15,0.5,SYNTHETIC,CONTINUATION_FIRST,384
ES,mult_U_1.0,15,0.5,SYNTHETIC,REJECTION_FIRST,365
ES,mult_U_1.0,15,0.5,SYNTHETIC,SAME_BAR_BARRIER_TIE,245
ES,mult_U_1.0,15,0.5,SYNTHETIC,NEITHER_REACHED,1
ES,mult_U_1.0,15,1.0,REAL,REJECTION_FIRST,511
ES,mult_U_1.0,15,1.0,REAL,CONTINUATION_FIRST,439
ES,mult_U_1.0,15,1.0,REAL,SAME_BAR_BARRIER_TIE,101
ES,mult_U_1.0,15,1.0,REAL,NEITHER_REACHED,4
ES,mult_U_1.0,15,1.0,SYNTHETIC,CONTINUATION_FIRST,467
ES,mult_U_1.0,15,1.0,SYNTHETIC,REJECTION_FIRST,463
ES,mult_U_1.0,15,1.0,SYNTHETIC,SAME_BAR_BARRIER_TIE,64
ES,mult_U_1.0,15,1.0,SYNTHETIC,NEITHER_REACHED,1
ES,mult_U_1.0,15,1.5,REAL,REJECTION_FIRST,538
ES,mult_U_1.0,15,1.5,REAL,CONTINUATION_FIRST,464
ES,mult_U_1.0,15,1.5,REAL,SAME_BAR_BARRIER_TIE,36
ES,mult_U_1.0,15,1.5,REAL,NEITHER_REACHED,17
ES,mult_U_1.0,15,1.5,SYNTHETIC,REJECTION_FIRST,488
ES,mult_U_1.0,15,1.5,SYNTHETIC,CONTINUATION_FIRST,471
ES,mult_U_1.0,15,1.5,SYNTHETIC,SAME_BAR_BARRIER_TIE,23
ES,mult_U_1.0,15,1.5,SYNTHETIC,NEITHER_REACHED,13
ES,mult_U_1.0,15,2.0,REAL,REJECTION_FIRST,543
ES,mult_U_1.0,15,2.0,REAL,CONTINUATION_FIRST,441
ES,mult_U_1.0,15,2.0,REAL,NEITHER_REACHED,54
ES,mult_U_1.0,15,2.0,REAL,SAME_BAR_BARRIER_TIE,17
ES,mult_U_1.0,15,2.0,SYNTHETIC,REJECTION_FIRST,495
ES,mult_U_1.0,15,2.0,SYNTHETIC,CONTINUATION_FIRST,441
ES,mult_U_1.0,15,2.0,SYNTHETIC,NEITHER_REACHED,49
ES,mult_U_1.0,15,2.0,SYNTHETIC,SAME_BAR_BARRIER_TIE,10
ES,mult_U_1.5,1,0.5,REAL,CONTINUATION_FIRST,338
ES,mult_U_1.5,1,0.5,REAL,REJECTION_FIRST,322
ES,mult_U_1.5,1,0.5,REAL,SAME_BAR_BARRIER_TIE,277
ES,mult_U_1.5,1,0.5,REAL,NEITHER_REACHED,13
ES,mult_U_1.5,1,0.5,SYNTHETIC,CONTINUATION_FIRST,335
ES,mult_U_1.5,1,0.5,SYNTHETIC,REJECTION_FIRST,311
ES,mult_U_1.5,1,0.5,SYNTHETIC,SAME_BAR_BARRIER_TIE,216
ES,mult_U_1.5,1,0.5,SYNTHETIC,NEITHER_REACHED,38
ES,mult_U_1.5,1,1.0,REAL,CONTINUATION_FIRST,341
ES,mult_U_1.5,1,1.0,REAL,REJECTION_FIRST,335
ES,mult_U_1.5,1,1.0,REAL,NEITHER_REACHED,198
ES,mult_U_1.5,1,1.0,REAL,SAME_BAR_BARRIER_TIE,76
ES,mult_U_1.5,1,1.0,SYNTHETIC,CONTINUATION_FIRST,320
ES,mult_U_1.5,1,1.0,SYNTHETIC,REJECTION_FIRST,314
ES,mult_U_1.5,1,1.0,SYNTHETIC,NEITHER_REACHED,193
ES,mult_U_1.5,1,1.0,SYNTHETIC,SAME_BAR_BARRIER_TIE,73
ES,mult_U_1.5,1,1.5,REAL,NEITHER_REACHED,387
ES,mult_U_1.5,1,1.5,REAL,REJECTION_FIRST,276
ES,mult_U_1.5,1,1.5,REAL,CONTINUATION_FIRST,261
ES,mult_U_1.5,1,1.5,REAL,SAME_BAR_BARRIER_TIE,26
ES,mult_U_1.5,1,1.5,SYNTHETIC,NEITHER_REACHED,394
ES,mult_U_1.5,1,1.5,SYNTHETIC,REJECTION_FIRST,242
ES,mult_U_1.5,1,1.5,SYNTHETIC,CONTINUATION_FIRST,240
ES,mult_U_1.5,1,1.5,SYNTHETIC,SAME_BAR_BARRIER_TIE,24
ES,mult_U_1.5,1,2.0,REAL,NEITHER_REACHED,569
ES,mult_U_1.5,1,2.0,REAL,REJECTION_FIRST,192
ES,mult_U_1.5,1,2.0,REAL,CONTINUATION_FIRST,180
ES,mult_U_1.5,1,2.0,REAL,SAME_BAR_BARRIER_TIE,9
ES,mult_U_1.5,1,2.0,SYNTHETIC,NEITHER_REACHED,539
ES,mult_U_1.5,1,2.0,SYNTHETIC,REJECTION_FIRST,180
ES,mult_U_1.5,1,2.0,SYNTHETIC,CONTINUATION_FIRST,173
ES,mult_U_1.5,1,2.0,SYNTHETIC,SAME_BAR_BARRIER_TIE,8
ES,mult_U_1.5,3,0.5,REAL,CONTINUATION_FIRST,344
ES,mult_U_1.5,3,0.5,REAL,REJECTION_FIRST,328
ES,mult_U_1.5,3,0.5,REAL,SAME_BAR_BARRIER_TIE,277
ES,mult_U_1.5,3,0.5,REAL,NEITHER_REACHED,1
ES,mult_U_1.5,3,0.5,SYNTHETIC,CONTINUATION_FIRST,350
ES,mult_U_1.5,3,0.5,SYNTHETIC,REJECTION_FIRST,329
ES,mult_U_1.5,3,0.5,SYNTHETIC,SAME_BAR_BARRIER_TIE,217
ES,mult_U_1.5,3,0.5,SYNTHETIC,NEITHER_REACHED,4
ES,mult_U_1.5,3,1.0,REAL,CONTINUATION_FIRST,415
ES,mult_U_1.5,3,1.0,REAL,REJECTION_FIRST,406
ES,mult_U_1.5,3,1.0,REAL,SAME_BAR_BARRIER_TIE,78
ES,mult_U_1.5,3,1.0,REAL,NEITHER_REACHED,51
ES,mult_U_1.5,3,1.0,SYNTHETIC,CONTINUATION_FIRST,388
ES,mult_U_1.5,3,1.0,SYNTHETIC,REJECTION_FIRST,385
ES,mult_U_1.5,3,1.0,SYNTHETIC,SAME_BAR_BARRIER_TIE,73
ES,mult_U_1.5,3,1.0,SYNTHETIC,NEITHER_REACHED,54
ES,mult_U_1.5,3,1.5,REAL,REJECTION_FIRST,394
ES,mult_U_1.5,3,1.5,REAL,CONTINUATION_FIRST,376
ES,mult_U_1.5,3,1.5,REAL,NEITHER_REACHED,154
ES,mult_U_1.5,3,1.5,REAL,SAME_BAR_BARRIER_TIE,26
ES,mult_U_1.5,3,1.5,SYNTHETIC,CONTINUATION_FIRST,359
ES,mult_U_1.5,3,1.5,SYNTHETIC,REJECTION_FIRST,354
ES,mult_U_1.5,3,1.5,SYNTHETIC,NEITHER_REACHED,162
ES,mult_U_1.5,3,1.5,SYNTHETIC,SAME_BAR_BARRIER_TIE,25
ES,mult_U_1.5,3,2.0,REAL,REJECTION_FIRST,334
ES,mult_U_1.5,3,2.0,REAL,NEITHER_REACHED,307
ES,mult_U_1.5,3,2.0,REAL,CONTINUATION_FIRST,298
ES,mult_U_1.5,3,2.0,REAL,SAME_BAR_BARRIER_TIE,11
ES,mult_U_1.5,3,2.0,SYNTHETIC,REJECTION_FIRST,311
ES,mult_U_1.5,3,2.0,SYNTHETIC,NEITHER_REACHED,294
ES,mult_U_1.5,3,2.0,SYNTHETIC,CONTINUATION_FIRST,285
ES,mult_U_1.5,3,2.0,SYNTHETIC,SAME_BAR_BARRIER_TIE,10
ES,mult_U_1.5,5,0.5,REAL,CONTINUATION_FIRST,344
ES,mult_U_1.5,5,0.5,REAL,REJECTION_FIRST,329
ES,mult_U_1.5,5,0.5,REAL,SAME_BAR_BARRIER_TIE,277
ES,mult_U_1.5,5,0.5,SYNTHETIC,CONTINUATION_FIRST,353
ES,mult_U_1.5,5,0.5,SYNTHETIC,REJECTION_FIRST,330
ES,mult_U_1.5,5,0.5,SYNTHETIC,SAME_BAR_BARRIER_TIE,217
ES,mult_U_1.5,5,1.0,REAL,CONTINUATION_FIRST,432
ES,mult_U_1.5,5,1.0,REAL,REJECTION_FIRST,414
ES,mult_U_1.5,5,1.0,REAL,SAME_BAR_BARRIER_TIE,78
ES,mult_U_1.5,5,1.0,REAL,NEITHER_REACHED,26
ES,mult_U_1.5,5,1.0,SYNTHETIC,CONTINUATION_FIRST,400
ES,mult_U_1.5,5,1.0,SYNTHETIC,REJECTION_FIRST,393
ES,mult_U_1.5,5,1.0,SYNTHETIC,SAME_BAR_BARRIER_TIE,74
ES,mult_U_1.5,5,1.0,SYNTHETIC,NEITHER_REACHED,33
ES,mult_U_1.5,5,1.5,REAL,REJECTION_FIRST,426
ES,mult_U_1.5,5,1.5,REAL,CONTINUATION_FIRST,412
ES,mult_U_1.5,5,1.5,REAL,NEITHER_REACHED,86
ES,mult_U_1.5,5,1.5,REAL,SAME_BAR_BARRIER_TIE,26
ES,mult_U_1.5,5,1.5,SYNTHETIC,CONTINUATION_FIRST,394
ES,mult_U_1.5,5,1.5,SYNTHETIC,REJECTION_FIRST,380
ES,mult_U_1.5,5,1.5,SYNTHETIC,NEITHER_REACHED,101
ES,mult_U_1.5,5,1.5,SYNTHETIC,SAME_BAR_BARRIER_TIE,25
ES,mult_U_1.5,5,2.0,REAL,REJECTION_FIRST,392
ES,mult_U_1.5,5,2.0,REAL,CONTINUATION_FIRST,361
ES,mult_U_1.5,5,2.0,REAL,NEITHER_REACHED,186
ES,mult_U_1.5,5,2.0,REAL,SAME_BAR_BARRIER_TIE,11
ES,mult_U_1.5,5,2.0,SYNTHETIC,REJECTION_FIRST,359
ES,mult_U_1.5,5,2.0,SYNTHETIC,CONTINUATION_FIRST,346
ES,mult_U_1.5,5,2.0,SYNTHETIC,NEITHER_REACHED,184
ES,mult_U_1.5,5,2.0,SYNTHETIC,SAME_BAR_BARRIER_TIE,11
ES,mult_U_1.5,10,0.5,REAL,CONTINUATION_FIRST,344
ES,mult_U_1.5,10,0.5,REAL,REJECTION_FIRST,329
ES,mult_U_1.5,10,0.5,REAL,SAME_BAR_BARRIER_TIE,277
ES,mult_U_1.5,10,0.5,SYNTHETIC,CONTINUATION_FIRST,353
ES,mult_U_1.5,10,0.5,SYNTHETIC,REJECTION_FIRST,330
ES,mult_U_1.5,10,0.5,SYNTHETIC,SAME_BAR_BARRIER_TIE,217
ES,mult_U_1.5,10,1.0,REAL,CONTINUATION_FIRST,443
ES,mult_U_1.5,10,1.0,REAL,REJECTION_FIRST,423
ES,mult_U_1.5,10,1.0,REAL,SAME_BAR_BARRIER_TIE,78
ES,mult_U_1.5,10,1.0,REAL,NEITHER_REACHED,6
ES,mult_U_1.5,10,1.0,SYNTHETIC,CONTINUATION_FIRST,416
ES,mult_U_1.5,10,1.0,SYNTHETIC,REJECTION_FIRST,403
ES,mult_U_1.5,10,1.0,SYNTHETIC,SAME_BAR_BARRIER_TIE,75
ES,mult_U_1.5,10,1.0,SYNTHETIC,NEITHER_REACHED,6
ES,mult_U_1.5,10,1.5,REAL,REJECTION_FIRST,453
ES,mult_U_1.5,10,1.5,REAL,CONTINUATION_FIRST,438
ES,mult_U_1.5,10,1.5,REAL,NEITHER_REACHED,32
ES,mult_U_1.5,10,1.5,REAL,SAME_BAR_BARRIER_TIE,27
ES,mult_U_1.5,10,1.5,SYNTHETIC,CONTINUATION_FIRST,424
ES,mult_U_1.5,10,1.5,SYNTHETIC,REJECTION_FIRST,414
ES,mult_U_1.5,10,1.5,SYNTHETIC,NEITHER_REACHED,36
ES,mult_U_1.5,10,1.5,SYNTHETIC,SAME_BAR_BARRIER_TIE,26
ES,mult_U_1.5,10,2.0,REAL,REJECTION_FIRST,437
ES,mult_U_1.5,10,2.0,REAL,CONTINUATION_FIRST,416
ES,mult_U_1.5,10,2.0,REAL,NEITHER_REACHED,85
ES,mult_U_1.5,10,2.0,REAL,SAME_BAR_BARRIER_TIE,12
ES,mult_U_1.5,10,2.0,SYNTHETIC,CONTINUATION_FIRST,406
ES,mult_U_1.5,10,2.0,SYNTHETIC,REJECTION_FIRST,401
ES,mult_U_1.5,10,2.0,SYNTHETIC,NEITHER_REACHED,81
ES,mult_U_1.5,10,2.0,SYNTHETIC,SAME_BAR_BARRIER_TIE,12
ES,mult_U_1.5,15,0.5,REAL,CONTINUATION_FIRST,344
ES,mult_U_1.5,15,0.5,REAL,REJECTION_FIRST,329
ES,mult_U_1.5,15,0.5,REAL,SAME_BAR_BARRIER_TIE,277
ES,mult_U_1.5,15,0.5,SYNTHETIC,CONTINUATION_FIRST,353
ES,mult_U_1.5,15,0.5,SYNTHETIC,REJECTION_FIRST,330
ES,mult_U_1.5,15,0.5,SYNTHETIC,SAME_BAR_BARRIER_TIE,217
ES,mult_U_1.5,15,1.0,REAL,CONTINUATION_FIRST,447
ES,mult_U_1.5,15,1.0,REAL,REJECTION_FIRST,424
ES,mult_U_1.5,15,1.0,REAL,SAME_BAR_BARRIER_TIE,78
ES,mult_U_1.5,15,1.0,REAL,NEITHER_REACHED,1
ES,mult_U_1.5,15,1.0,SYNTHETIC,CONTINUATION_FIRST,418
ES,mult_U_1.5,15,1.0,SYNTHETIC,REJECTION_FIRST,404
ES,mult_U_1.5,15,1.0,SYNTHETIC,SAME_BAR_BARRIER_TIE,75
ES,mult_U_1.5,15,1.0,SYNTHETIC,NEITHER_REACHED,3
ES,mult_U_1.5,15,1.5,REAL,REJECTION_FIRST,458
ES,mult_U_1.5,15,1.5,REAL,CONTINUATION_FIRST,451
ES,mult_U_1.5,15,1.5,REAL,SAME_BAR_BARRIER_TIE,27
ES,mult_U_1.5,15,1.5,REAL,NEITHER_REACHED,14
ES,mult_U_1.5,15,1.5,SYNTHETIC,CONTINUATION_FIRST,438
ES,mult_U_1.5,15,1.5,SYNTHETIC,REJECTION_FIRST,420
ES,mult_U_1.5,15,1.5,SYNTHETIC,SAME_BAR_BARRIER_TIE,26
ES,mult_U_1.5,15,1.5,SYNTHETIC,NEITHER_REACHED,16
ES,mult_U_1.5,15,2.0,REAL,REJECTION_FIRST,459
ES,mult_U_1.5,15,2.0,REAL,CONTINUATION_FIRST,437
ES,mult_U_1.5,15,2.0,REAL,NEITHER_REACHED,42
ES,mult_U_1.5,15,2.0,REAL,SAME_BAR_BARRIER_TIE,12
ES,mult_U_1.5,15,2.0,SYNTHETIC,CONTINUATION_FIRST,427
ES,mult_U_1.5,15,2.0,SYNTHETIC,REJECTION_FIRST,416
ES,mult_U_1.5,15,2.0,SYNTHETIC,NEITHER_REACHED,45
ES,mult_U_1.5,15,2.0,SYNTHETIC,SAME_BAR_BARRIER_TIE,12
ES,mult_U_2.0,1,0.5,REAL,REJECTION_FIRST,318
ES,mult_U_2.0,1,0.5,REAL,CONTINUATION_FIRST,289
ES,mult_U_2.0,1,0.5,REAL,SAME_BAR_BARRIER_TIE,234
ES,mult_U_2.0,1,0.5,REAL,NEITHER_REACHED,21
ES,mult_U_2.0,1,0.5,SYNTHETIC,REJECTION_FIRST,292
ES,mult_U_2.0,1,0.5,SYNTHETIC,CONTINUATION_FIRST,284
ES,mult_U_2.0,1,0.5,SYNTHETIC,SAME_BAR_BARRIER_TIE,184
ES,mult_U_2.0,1,0.5,SYNTHETIC,NEITHER_REACHED,21
ES,mult_U_2.0,1,1.0,REAL,REJECTION_FIRST,321
ES,mult_U_2.0,1,1.0,REAL,CONTINUATION_FIRST,277
ES,mult_U_2.0,1,1.0,REAL,NEITHER_REACHED,182
ES,mult_U_2.0,1,1.0,REAL,SAME_BAR_BARRIER_TIE,82
ES,mult_U_2.0,1,1.0,SYNTHETIC,REJECTION_FIRST,274
ES,mult_U_2.0,1,1.0,SYNTHETIC,CONTINUATION_FIRST,273
ES,mult_U_2.0,1,1.0,SYNTHETIC,NEITHER_REACHED,173
ES,mult_U_2.0,1,1.0,SYNTHETIC,SAME_BAR_BARRIER_TIE,61
ES,mult_U_2.0,1,1.5,REAL,NEITHER_REACHED,374
ES,mult_U_2.0,1,1.5,REAL,REJECTION_FIRST,250
ES,mult_U_2.0,1,1.5,REAL,CONTINUATION_FIRST,216
ES,mult_U_2.0,1,1.5,REAL,SAME_BAR_BARRIER_TIE,22
ES,mult_U_2.0,1,1.5,SYNTHETIC,NEITHER_REACHED,352
ES,mult_U_2.0,1,1.5,SYNTHETIC,REJECTION_FIRST,213
ES,mult_U_2.0,1,1.5,SYNTHETIC,CONTINUATION_FIRST,195
ES,mult_U_2.0,1,1.5,SYNTHETIC,SAME_BAR_BARRIER_TIE,21
ES,mult_U_2.0,1,2.0,REAL,NEITHER_REACHED,502
ES,mult_U_2.0,1,2.0,REAL,REJECTION_FIRST,186
ES,mult_U_2.0,1,2.0,REAL,CONTINUATION_FIRST,164
ES,mult_U_2.0,1,2.0,REAL,SAME_BAR_BARRIER_TIE,10
ES,mult_U_2.0,1,2.0,SYNTHETIC,NEITHER_REACHED,492
ES,mult_U_2.0,1,2.0,SYNTHETIC,REJECTION_FIRST,157
ES,mult_U_2.0,1,2.0,SYNTHETIC,CONTINUATION_FIRST,124
ES,mult_U_2.0,1,2.0,SYNTHETIC,SAME_BAR_BARRIER_TIE,8
ES,mult_U_2.0,3,0.5,REAL,REJECTION_FIRST,329
ES,mult_U_2.0,3,0.5,REAL,CONTINUATION_FIRST,296
ES,mult_U_2.0,3,0.5,REAL,SAME_BAR_BARRIER_TIE,235
ES,mult_U_2.0,3,0.5,REAL,NEITHER_REACHED,2
ES,mult_U_2.0,3,0.5,SYNTHETIC,REJECTION_FIRST,301
ES,mult_U_2.0,3,0.5,SYNTHETIC,CONTINUATION_FIRST,292
ES,mult_U_2.0,3,0.5,SYNTHETIC,SAME_BAR_BARRIER_TIE,187
ES,mult_U_2.0,3,0.5,SYNTHETIC,NEITHER_REACHED,1
ES,mult_U_2.0,3,1.0,REAL,REJECTION_FIRST,380
ES,mult_U_2.0,3,1.0,REAL,CONTINUATION_FIRST,349
ES,mult_U_2.0,3,1.0,REAL,SAME_BAR_BARRIER_TIE,82
ES,mult_U_2.0,3,1.0,REAL,NEITHER_REACHED,51
ES,mult_U_2.0,3,1.0,SYNTHETIC,REJECTION_FIRST,342
ES,mult_U_2.0,3,1.0,SYNTHETIC,CONTINUATION_FIRST,337
ES,mult_U_2.0,3,1.0,SYNTHETIC,SAME_BAR_BARRIER_TIE,61
ES,mult_U_2.0,3,1.0,SYNTHETIC,NEITHER_REACHED,41
ES,mult_U_2.0,3,1.5,REAL,REJECTION_FIRST,354
ES,mult_U_2.0,3,1.5,REAL,CONTINUATION_FIRST,331
ES,mult_U_2.0,3,1.5,REAL,NEITHER_REACHED,153
ES,mult_U_2.0,3,1.5,REAL,SAME_BAR_BARRIER_TIE,24
ES,mult_U_2.0,3,1.5,SYNTHETIC,REJECTION_FIRST,302
ES,mult_U_2.0,3,1.5,SYNTHETIC,CONTINUATION_FIRST,301
ES,mult_U_2.0,3,1.5,SYNTHETIC,NEITHER_REACHED,157
ES,mult_U_2.0,3,1.5,SYNTHETIC,SAME_BAR_BARRIER_TIE,21
ES,mult_U_2.0,3,2.0,REAL,REJECTION_FIRST,305
ES,mult_U_2.0,3,2.0,REAL,CONTINUATION_FIRST,274
ES,mult_U_2.0,3,2.0,REAL,NEITHER_REACHED,271
ES,mult_U_2.0,3,2.0,REAL,SAME_BAR_BARRIER_TIE,12
ES,mult_U_2.0,3,2.0,SYNTHETIC,NEITHER_REACHED,292
ES,mult_U_2.0,3,2.0,SYNTHETIC,REJECTION_FIRST,259
ES,mult_U_2.0,3,2.0,SYNTHETIC,CONTINUATION_FIRST,222
ES,mult_U_2.0,3,2.0,SYNTHETIC,SAME_BAR_BARRIER_TIE,8
ES,mult_U_2.0,5,0.5,REAL,REJECTION_FIRST,329
ES,mult_U_2.0,5,0.5,REAL,CONTINUATION_FIRST,297
ES,mult_U_2.0,5,0.5,REAL,SAME_BAR_BARRIER_TIE,235
ES,mult_U_2.0,5,0.5,REAL,NEITHER_REACHED,1
ES,mult_U_2.0,5,0.5,SYNTHETIC,REJECTION_FIRST,301
ES,mult_U_2.0,5,0.5,SYNTHETIC,CONTINUATION_FIRST,292
ES,mult_U_2.0,5,0.5,SYNTHETIC,SAME_BAR_BARRIER_TIE,187
ES,mult_U_2.0,5,0.5,SYNTHETIC,NEITHER_REACHED,1
ES,mult_U_2.0,5,1.0,REAL,REJECTION_FIRST,394
ES,mult_U_2.0,5,1.0,REAL,CONTINUATION_FIRST,358
ES,mult_U_2.0,5,1.0,REAL,SAME_BAR_BARRIER_TIE,82
ES,mult_U_2.0,5,1.0,REAL,NEITHER_REACHED,28
ES,mult_U_2.0,5,1.0,SYNTHETIC,REJECTION_FIRST,354
ES,mult_U_2.0,5,1.0,SYNTHETIC,CONTINUATION_FIRST,346
ES,mult_U_2.0,5,1.0,SYNTHETIC,SAME_BAR_BARRIER_TIE,61
ES,mult_U_2.0,5,1.0,SYNTHETIC,NEITHER_REACHED,20
ES,mult_U_2.0,5,1.5,REAL,REJECTION_FIRST,376
ES,mult_U_2.0,5,1.5,REAL,CONTINUATION_FIRST,367
ES,mult_U_2.0,5,1.5,REAL,NEITHER_REACHED,95
ES,mult_U_2.0,5,1.5,REAL,SAME_BAR_BARRIER_TIE,24
ES,mult_U_2.0,5,1.5,SYNTHETIC,CONTINUATION_FIRST,344
ES,mult_U_2.0,5,1.5,SYNTHETIC,REJECTION_FIRST,332
ES,mult_U_2.0,5,1.5,SYNTHETIC,NEITHER_REACHED,84
ES,mult_U_2.0,5,1.5,SYNTHETIC,SAME_BAR_BARRIER_TIE,21
ES,mult_U_2.0,5,2.0,REAL,REJECTION_FIRST,347
ES,mult_U_2.0,5,2.0,REAL,CONTINUATION_FIRST,328
ES,mult_U_2.0,5,2.0,REAL,NEITHER_REACHED,174
ES,mult_U_2.0,5,2.0,REAL,SAME_BAR_BARRIER_TIE,13
ES,mult_U_2.0,5,2.0,SYNTHETIC,REJECTION_FIRST,301
ES,mult_U_2.0,5,2.0,SYNTHETIC,CONTINUATION_FIRST,281
ES,mult_U_2.0,5,2.0,SYNTHETIC,NEITHER_REACHED,191
ES,mult_U_2.0,5,2.0,SYNTHETIC,SAME_BAR_BARRIER_TIE,8
ES,mult_U_2.0,10,0.5,REAL,REJECTION_FIRST,330
ES,mult_U_2.0,10,0.5,REAL,CONTINUATION_FIRST,297
ES,mult_U_2.0,10,0.5,REAL,SAME_BAR_BARRIER_TIE,235
ES,mult_U_2.0,10,0.5,SYNTHETIC,REJECTION_FIRST,301
ES,mult_U_2.0,10,0.5,SYNTHETIC,CONTINUATION_FIRST,292
ES,mult_U_2.0,10,0.5,SYNTHETIC,SAME_BAR_BARRIER_TIE,187
ES,mult_U_2.0,10,0.5,SYNTHETIC,NEITHER_REACHED,1
ES,mult_U_2.0,10,1.0,REAL,REJECTION_FIRST,408
ES,mult_U_2.0,10,1.0,REAL,CONTINUATION_FIRST,368
ES,mult_U_2.0,10,1.0,REAL,SAME_BAR_BARRIER_TIE,82
ES,mult_U_2.0,10,1.0,REAL,NEITHER_REACHED,4
ES,mult_U_2.0,10,1.0,SYNTHETIC,REJECTION_FIRST,363
ES,mult_U_2.0,10,1.0,SYNTHETIC,CONTINUATION_FIRST,354
ES,mult_U_2.0,10,1.0,SYNTHETIC,SAME_BAR_BARRIER_TIE,61
ES,mult_U_2.0,10,1.0,SYNTHETIC,NEITHER_REACHED,3
ES,mult_U_2.0,10,1.5,REAL,REJECTION_FIRST,419
ES,mult_U_2.0,10,1.5,REAL,CONTINUATION_FIRST,390
ES,mult_U_2.0,10,1.5,REAL,NEITHER_REACHED,28
ES,mult_U_2.0,10,1.5,REAL,SAME_BAR_BARRIER_TIE,25
ES,mult_U_2.0,10,1.5,SYNTHETIC,CONTINUATION_FIRST,367
ES,mult_U_2.0,10,1.5,SYNTHETIC,REJECTION_FIRST,365
ES,mult_U_2.0,10,1.5,SYNTHETIC,NEITHER_REACHED,28
ES,mult_U_2.0,10,1.5,SYNTHETIC,SAME_BAR_BARRIER_TIE,21
ES,mult_U_2.0,10,2.0,REAL,REJECTION_FIRST,393
ES,mult_U_2.0,10,2.0,REAL,CONTINUATION_FIRST,383
ES,mult_U_2.0,10,2.0,REAL,NEITHER_REACHED,72
ES,mult_U_2.0,10,2.0,REAL,SAME_BAR_BARRIER_TIE,14
ES,mult_U_2.0,10,2.0,SYNTHETIC,REJECTION_FIRST,342
ES,mult_U_2.0,10,2.0,SYNTHETIC,CONTINUATION_FIRST,329
ES,mult_U_2.0,10,2.0,SYNTHETIC,NEITHER_REACHED,101
ES,mult_U_2.0,10,2.0,SYNTHETIC,SAME_BAR_BARRIER_TIE,9
ES,mult_U_2.0,15,0.5,REAL,REJECTION_FIRST,330
ES,mult_U_2.0,15,0.5,REAL,CONTINUATION_FIRST,297
ES,mult_U_2.0,15,0.5,REAL,SAME_BAR_BARRIER_TIE,235
ES,mult_U_2.0,15,0.5,SYNTHETIC,REJECTION_FIRST,301
ES,mult_U_2.0,15,0.5,SYNTHETIC,CONTINUATION_FIRST,292
ES,mult_U_2.0,15,0.5,SYNTHETIC,SAME_BAR_BARRIER_TIE,187
ES,mult_U_2.0,15,0.5,SYNTHETIC,NEITHER_REACHED,1
ES,mult_U_2.0,15,1.0,REAL,REJECTION_FIRST,409
ES,mult_U_2.0,15,1.0,REAL,CONTINUATION_FIRST,370
ES,mult_U_2.0,15,1.0,REAL,SAME_BAR_BARRIER_TIE,82
ES,mult_U_2.0,15,1.0,REAL,NEITHER_REACHED,1
ES,mult_U_2.0,15,1.0,SYNTHETIC,REJECTION_FIRST,363
ES,mult_U_2.0,15,1.0,SYNTHETIC,CONTINUATION_FIRST,354
ES,mult_U_2.0,15,1.0,SYNTHETIC,SAME_BAR_BARRIER_TIE,61
ES,mult_U_2.0,15,1.0,SYNTHETIC,NEITHER_REACHED,3
ES,mult_U_2.0,15,1.5,REAL,REJECTION_FIRST,424
ES,mult_U_2.0,15,1.5,REAL,CONTINUATION_FIRST,397
ES,mult_U_2.0,15,1.5,REAL,SAME_BAR_BARRIER_TIE,25
ES,mult_U_2.0,15,1.5,REAL,NEITHER_REACHED,16
ES,mult_U_2.0,15,1.5,SYNTHETIC,CONTINUATION_FIRST,375
ES,mult_U_2.0,15,1.5,SYNTHETIC,REJECTION_FIRST,371
ES,mult_U_2.0,15,1.5,SYNTHETIC,SAME_BAR_BARRIER_TIE,21
ES,mult_U_2.0,15,1.5,SYNTHETIC,NEITHER_REACHED,14
ES,mult_U_2.0,15,2.0,REAL,REJECTION_FIRST,404
ES,mult_U_2.0,15,2.0,REAL,CONTINUATION_FIRST,402
ES,mult_U_2.0,15,2.0,REAL,NEITHER_REACHED,42
ES,mult_U_2.0,15,2.0,REAL,SAME_BAR_BARRIER_TIE,14
ES,mult_U_2.0,15,2.0,SYNTHETIC,REJECTION_FIRST,362
ES,mult_U_2.0,15,2.0,SYNTHETIC,CONTINUATION_FIRST,360
ES,mult_U_2.0,15,2.0,SYNTHETIC,NEITHER_REACHED,50
ES,mult_U_2.0,15,2.0,SYNTHETIC,SAME_BAR_BARRIER_TIE,9
ES,overnight_high,1,0.5,REAL,REJECTION_FIRST,156
ES,overnight_high,1,0.5,REAL,CONTINUATION_FIRST,156
ES,overnight_high,1,0.5,REAL,SAME_BAR_BARRIER_TIE,107
ES,overnight_high,1,0.5,REAL,NEITHER_REACHED,7
ES,overnight_high,1,0.5,SYNTHETIC,CONTINUATION_FIRST,298
ES,overnight_high,1,0.5,SYNTHETIC,REJECTION_FIRST,291
ES,overnight_high,1,0.5,SYNTHETIC,SAME_BAR_BARRIER_TIE,193
ES,overnight_high,1,0.5,SYNTHETIC,NEITHER_REACHED,21
ES,overnight_high,1,1.0,REAL,REJECTION_FIRST,168
ES,overnight_high,1,1.0,REAL,CONTINUATION_FIRST,147
ES,overnight_high,1,1.0,REAL,NEITHER_REACHED,80
ES,overnight_high,1,1.0,REAL,SAME_BAR_BARRIER_TIE,31
ES,overnight_high,1,1.0,SYNTHETIC,CONTINUATION_FIRST,293
ES,overnight_high,1,1.0,SYNTHETIC,REJECTION_FIRST,288
ES,overnight_high,1,1.0,SYNTHETIC,NEITHER_REACHED,158
ES,overnight_high,1,1.0,SYNTHETIC,SAME_BAR_BARRIER_TIE,64
ES,overnight_high,1,1.5,REAL,NEITHER_REACHED,187
ES,overnight_high,1,1.5,REAL,REJECTION_FIRST,120
ES,overnight_high,1,1.5,REAL,CONTINUATION_FIRST,112
ES,overnight_high,1,1.5,REAL,SAME_BAR_BARRIER_TIE,7
ES,overnight_high,1,1.5,SYNTHETIC,NEITHER_REACHED,366
ES,overnight_high,1,1.5,SYNTHETIC,REJECTION_FIRST,215
ES,overnight_high,1,1.5,SYNTHETIC,CONTINUATION_FIRST,201
ES,overnight_high,1,1.5,SYNTHETIC,SAME_BAR_BARRIER_TIE,21
ES,overnight_high,1,2.0,REAL,NEITHER_REACHED,275
ES,overnight_high,1,2.0,REAL,REJECTION_FIRST,80
ES,overnight_high,1,2.0,REAL,CONTINUATION_FIRST,70
ES,overnight_high,1,2.0,REAL,SAME_BAR_BARRIER_TIE,1
ES,overnight_high,1,2.0,SYNTHETIC,NEITHER_REACHED,505
ES,overnight_high,1,2.0,SYNTHETIC,REJECTION_FIRST,160
ES,overnight_high,1,2.0,SYNTHETIC,CONTINUATION_FIRST,130
ES,overnight_high,1,2.0,SYNTHETIC,SAME_BAR_BARRIER_TIE,8
ES,overnight_high,3,0.5,REAL,CONTINUATION_FIRST,159
ES,overnight_high,3,0.5,REAL,REJECTION_FIRST,158
ES,overnight_high,3,0.5,REAL,SAME_BAR_BARRIER_TIE,108
ES,overnight_high,3,0.5,REAL,NEITHER_REACHED,1
ES,overnight_high,3,0.5,SYNTHETIC,CONTINUATION_FIRST,310
ES,overnight_high,3,0.5,SYNTHETIC,REJECTION_FIRST,300
ES,overnight_high,3,0.5,SYNTHETIC,SAME_BAR_BARRIER_TIE,193
ES,overnight_high,3,1.0,REAL,REJECTION_FIRST,195
ES,overnight_high,3,1.0,REAL,CONTINUATION_FIRST,181
ES,overnight_high,3,1.0,REAL,SAME_BAR_BARRIER_TIE,32
ES,overnight_high,3,1.0,REAL,NEITHER_REACHED,18
ES,overnight_high,3,1.0,SYNTHETIC,CONTINUATION_FIRST,357
ES,overnight_high,3,1.0,SYNTHETIC,REJECTION_FIRST,338
ES,overnight_high,3,1.0,SYNTHETIC,SAME_BAR_BARRIER_TIE,64
ES,overnight_high,3,1.0,SYNTHETIC,NEITHER_REACHED,44
ES,overnight_high,3,1.5,REAL,CONTINUATION_FIRST,170
ES,overnight_high,3,1.5,REAL,REJECTION_FIRST,167
ES,overnight_high,3,1.5,REAL,NEITHER_REACHED,82
ES,overnight_high,3,1.5,REAL,SAME_BAR_BARRIER_TIE,7
ES,overnight_high,3,1.5,SYNTHETIC,CONTINUATION_FIRST,313
ES,overnight_high,3,1.5,SYNTHETIC,REJECTION_FIRST,311
ES,overnight_high,3,1.5,SYNTHETIC,NEITHER_REACHED,156
ES,overnight_high,3,1.5,SYNTHETIC,SAME_BAR_BARRIER_TIE,23
ES,overnight_high,3,2.0,REAL,NEITHER_REACHED,159
ES,overnight_high,3,2.0,REAL,REJECTION_FIRST,135
ES,overnight_high,3,2.0,REAL,CONTINUATION_FIRST,131
ES,overnight_high,3,2.0,REAL,SAME_BAR_BARRIER_TIE,1
ES,overnight_high,3,2.0,SYNTHETIC,NEITHER_REACHED,285
ES,overnight_high,3,2.0,SYNTHETIC,REJECTION_FIRST,262
ES,overnight_high,3,2.0,SYNTHETIC,CONTINUATION_FIRST,248
ES,overnight_high,3,2.0,SYNTHETIC,SAME_BAR_BARRIER_TIE,8
ES,overnight_high,5,0.5,REAL,REJECTION_FIRST,159
ES,overnight_high,5,0.5,REAL,CONTINUATION_FIRST,159
ES,overnight_high,5,0.5,REAL,SAME_BAR_BARRIER_TIE,108
ES,overnight_high,5,0.5,SYNTHETIC,CONTINUATION_FIRST,310
ES,overnight_high,5,0.5,SYNTHETIC,REJECTION_FIRST,300
ES,overnight_high,5,0.5,SYNTHETIC,SAME_BAR_BARRIER_TIE,193
ES,overnight_high,5,1.0,REAL,REJECTION_FIRST,198
ES,overnight_high,5,1.0,REAL,CONTINUATION_FIRST,187
ES,overnight_high,5,1.0,REAL,SAME_BAR_BARRIER_TIE,32
ES,overnight_high,5,1.0,REAL,NEITHER_REACHED,9
ES,overnight_high,5,1.0,SYNTHETIC,CONTINUATION_FIRST,371
ES,overnight_high,5,1.0,SYNTHETIC,REJECTION_FIRST,348
ES,overnight_high,5,1.0,SYNTHETIC,SAME_BAR_BARRIER_TIE,64
ES,overnight_high,5,1.0,SYNTHETIC,NEITHER_REACHED,20
ES,overnight_high,5,1.5,REAL,CONTINUATION_FIRST,187
ES,overnight_high,5,1.5,REAL,REJECTION_FIRST,180
ES,overnight_high,5,1.5,REAL,NEITHER_REACHED,52
ES,overnight_high,5,1.5,REAL,SAME_BAR_BARRIER_TIE,7
ES,overnight_high,5,1.5,SYNTHETIC,CONTINUATION_FIRST,354
ES,overnight_high,5,1.5,SYNTHETIC,REJECTION_FIRST,342
ES,overnight_high,5,1.5,SYNTHETIC,NEITHER_REACHED,84
ES,overnight_high,5,1.5,SYNTHETIC,SAME_BAR_BARRIER_TIE,23
ES,overnight_high,5,2.0,REAL,REJECTION_FIRST,163
ES,overnight_high,5,2.0,REAL,CONTINUATION_FIRST,157
ES,overnight_high,5,2.0,REAL,NEITHER_REACHED,105
ES,overnight_high,5,2.0,REAL,SAME_BAR_BARRIER_TIE,1
ES,overnight_high,5,2.0,SYNTHETIC,REJECTION_FIRST,306
ES,overnight_high,5,2.0,SYNTHETIC,CONTINUATION_FIRST,299
ES,overnight_high,5,2.0,SYNTHETIC,NEITHER_REACHED,190
ES,overnight_high,5,2.0,SYNTHETIC,SAME_BAR_BARRIER_TIE,8
ES,overnight_high,10,0.5,REAL,REJECTION_FIRST,159
ES,overnight_high,10,0.5,REAL,CONTINUATION_FIRST,159
ES,overnight_high,10,0.5,REAL,SAME_BAR_BARRIER_TIE,108
ES,overnight_high,10,0.5,SYNTHETIC,CONTINUATION_FIRST,310
ES,overnight_high,10,0.5,SYNTHETIC,REJECTION_FIRST,300
ES,overnight_high,10,0.5,SYNTHETIC,SAME_BAR_BARRIER_TIE,193
ES,overnight_high,10,1.0,REAL,REJECTION_FIRST,201
ES,overnight_high,10,1.0,REAL,CONTINUATION_FIRST,192
ES,overnight_high,10,1.0,REAL,SAME_BAR_BARRIER_TIE,32
ES,overnight_high,10,1.0,REAL,NEITHER_REACHED,1
ES,overnight_high,10,1.0,SYNTHETIC,CONTINUATION_FIRST,381
ES,overnight_high,10,1.0,SYNTHETIC,REJECTION_FIRST,357
ES,overnight_high,10,1.0,SYNTHETIC,SAME_BAR_BARRIER_TIE,64
ES,overnight_high,10,1.0,SYNTHETIC,NEITHER_REACHED,1
ES,overnight_high,10,1.5,REAL,CONTINUATION_FIRST,210
ES,overnight_high,10,1.5,REAL,REJECTION_FIRST,198
ES,overnight_high,10,1.5,REAL,NEITHER_REACHED,11
ES,overnight_high,10,1.5,REAL,SAME_BAR_BARRIER_TIE,7
ES,overnight_high,10,1.5,SYNTHETIC,CONTINUATION_FIRST,388
ES,overnight_high,10,1.5,SYNTHETIC,REJECTION_FIRST,366
ES,overnight_high,10,1.5,SYNTHETIC,NEITHER_REACHED,26
ES,overnight_high,10,1.5,SYNTHETIC,SAME_BAR_BARRIER_TIE,23
ES,overnight_high,10,2.0,REAL,REJECTION_FIRST,197
ES,overnight_high,10,2.0,REAL,CONTINUATION_FIRST,184
ES,overnight_high,10,2.0,REAL,NEITHER_REACHED,44
ES,overnight_high,10,2.0,REAL,SAME_BAR_BARRIER_TIE,1
ES,overnight_high,10,2.0,SYNTHETIC,CONTINUATION_FIRST,351
ES,overnight_high,10,2.0,SYNTHETIC,REJECTION_FIRST,349
ES,overnight_high,10,2.0,SYNTHETIC,NEITHER_REACHED,95
ES,overnight_high,10,2.0,SYNTHETIC,SAME_BAR_BARRIER_TIE,8
ES,overnight_high,15,0.5,REAL,REJECTION_FIRST,159
ES,overnight_high,15,0.5,REAL,CONTINUATION_FIRST,159
ES,overnight_high,15,0.5,REAL,SAME_BAR_BARRIER_TIE,108
ES,overnight_high,15,0.5,SYNTHETIC,CONTINUATION_FIRST,310
ES,overnight_high,15,0.5,SYNTHETIC,REJECTION_FIRST,300
ES,overnight_high,15,0.5,SYNTHETIC,SAME_BAR_BARRIER_TIE,193
ES,overnight_high,15,1.0,REAL,REJECTION_FIRST,202
ES,overnight_high,15,1.0,REAL,CONTINUATION_FIRST,192
ES,overnight_high,15,1.0,REAL,SAME_BAR_BARRIER_TIE,32
ES,overnight_high,15,1.0,SYNTHETIC,CONTINUATION_FIRST,381
ES,overnight_high,15,1.0,SYNTHETIC,REJECTION_FIRST,358
ES,overnight_high,15,1.0,SYNTHETIC,SAME_BAR_BARRIER_TIE,64
ES,overnight_high,15,1.5,REAL,CONTINUATION_FIRST,212
ES,overnight_high,15,1.5,REAL,REJECTION_FIRST,201
ES,overnight_high,15,1.5,REAL,SAME_BAR_BARRIER_TIE,7
ES,overnight_high,15,1.5,REAL,NEITHER_REACHED,6
ES,overnight_high,15,1.5,SYNTHETIC,CONTINUATION_FIRST,399
ES,overnight_high,15,1.5,SYNTHETIC,REJECTION_FIRST,370
ES,overnight_high,15,1.5,SYNTHETIC,SAME_BAR_BARRIER_TIE,23
ES,overnight_high,15,1.5,SYNTHETIC,NEITHER_REACHED,11
ES,overnight_high,15,2.0,REAL,REJECTION_FIRST,207
ES,overnight_high,15,2.0,REAL,CONTINUATION_FIRST,193
ES,overnight_high,15,2.0,REAL,NEITHER_REACHED,25
ES,overnight_high,15,2.0,REAL,SAME_BAR_BARRIER_TIE,1
ES,overnight_high,15,2.0,SYNTHETIC,CONTINUATION_FIRST,377
ES,overnight_high,15,2.0,SYNTHETIC,REJECTION_FIRST,367
ES,overnight_high,15,2.0,SYNTHETIC,NEITHER_REACHED,51
ES,overnight_high,15,2.0,SYNTHETIC,SAME_BAR_BARRIER_TIE,8
ES,overnight_low,1,0.5,REAL,SAME_BAR_BARRIER_TIE,129
ES,overnight_low,1,0.5,REAL,CONTINUATION_FIRST,125
ES,overnight_low,1,0.5,REAL,REJECTION_FIRST,112
ES,overnight_low,1,0.5,SYNTHETIC,REJECTION_FIRST,287
ES,overnight_low,1,0.5,SYNTHETIC,CONTINUATION_FIRST,286
ES,overnight_low,1,0.5,SYNTHETIC,SAME_BAR_BARRIER_TIE,261
ES,overnight_low,1,0.5,SYNTHETIC,NEITHER_REACHED,7
ES,overnight_low,1,1.0,REAL,CONTINUATION_FIRST,147
ES,overnight_low,1,1.0,REAL,REJECTION_FIRST,130
ES,overnight_low,1,1.0,REAL,SAME_BAR_BARRIER_TIE,59
ES,overnight_low,1,1.0,REAL,NEITHER_REACHED,30
ES,overnight_low,1,1.0,SYNTHETIC,REJECTION_FIRST,321
ES,overnight_low,1,1.0,SYNTHETIC,CONTINUATION_FIRST,301
ES,overnight_low,1,1.0,SYNTHETIC,NEITHER_REACHED,118
ES,overnight_low,1,1.0,SYNTHETIC,SAME_BAR_BARRIER_TIE,101
ES,overnight_low,1,1.5,REAL,CONTINUATION_FIRST,125
ES,overnight_low,1,1.5,REAL,REJECTION_FIRST,108
ES,overnight_low,1,1.5,REAL,NEITHER_REACHED,106
ES,overnight_low,1,1.5,REAL,SAME_BAR_BARRIER_TIE,27
ES,overnight_low,1,1.5,SYNTHETIC,NEITHER_REACHED,276
ES,overnight_low,1,1.5,SYNTHETIC,REJECTION_FIRST,265
ES,overnight_low,1,1.5,SYNTHETIC,CONTINUATION_FIRST,257
ES,overnight_low,1,1.5,SYNTHETIC,SAME_BAR_BARRIER_TIE,43
ES,overnight_low,1,2.0,REAL,NEITHER_REACHED,164
ES,overnight_low,1,2.0,REAL,CONTINUATION_FIRST,97
ES,overnight_low,1,2.0,REAL,REJECTION_FIRST,93
ES,overnight_low,1,2.0,REAL,SAME_BAR_BARRIER_TIE,12
ES,overnight_low,1,2.0,SYNTHETIC,NEITHER_REACHED,404
ES,overnight_low,1,2.0,SYNTHETIC,REJECTION_FIRST,224
ES,overnight_low,1,2.0,SYNTHETIC,CONTINUATION_FIRST,193
ES,overnight_low,1,2.0,SYNTHETIC,SAME_BAR_BARRIER_TIE,20
ES,overnight_low,3,0.5,REAL,SAME_BAR_BARRIER_TIE,129
ES,overnight_low,3,0.5,REAL,CONTINUATION_FIRST,125
ES,overnight_low,3,0.5,REAL,REJECTION_FIRST,112
ES,overnight_low,3,0.5,SYNTHETIC,REJECTION_FIRST,291
ES,overnight_low,3,0.5,SYNTHETIC,CONTINUATION_FIRST,289
ES,overnight_low,3,0.5,SYNTHETIC,SAME_BAR_BARRIER_TIE,261
ES,overnight_low,3,1.0,REAL,CONTINUATION_FIRST,161
ES,overnight_low,3,1.0,REAL,REJECTION_FIRST,138
ES,overnight_low,3,1.0,REAL,SAME_BAR_BARRIER_TIE,61
ES,overnight_low,3,1.0,REAL,NEITHER_REACHED,6
ES,overnight_low,3,1.0,SYNTHETIC,REJECTION_FIRST,362
ES,overnight_low,3,1.0,SYNTHETIC,CONTINUATION_FIRST,346
ES,overnight_low,3,1.0,SYNTHETIC,SAME_BAR_BARRIER_TIE,102
ES,overnight_low,3,1.0,SYNTHETIC,NEITHER_REACHED,31
ES,overnight_low,3,1.5,REAL,CONTINUATION_FIRST,154
ES,overnight_low,3,1.5,REAL,REJECTION_FIRST,136
ES,overnight_low,3,1.5,REAL,NEITHER_REACHED,48
ES,overnight_low,3,1.5,REAL,SAME_BAR_BARRIER_TIE,28
ES,overnight_low,3,1.5,SYNTHETIC,CONTINUATION_FIRST,347
ES,overnight_low,3,1.5,SYNTHETIC,REJECTION_FIRST,339
ES,overnight_low,3,1.5,SYNTHETIC,NEITHER_REACHED,112
ES,overnight_low,3,1.5,SYNTHETIC,SAME_BAR_BARRIER_TIE,43
ES,overnight_low,3,2.0,REAL,CONTINUATION_FIRST,136
ES,overnight_low,3,2.0,REAL,REJECTION_FIRST,128
ES,overnight_low,3,2.0,REAL,NEITHER_REACHED,89
ES,overnight_low,3,2.0,REAL,SAME_BAR_BARRIER_TIE,13
ES,overnight_low,3,2.0,SYNTHETIC,REJECTION_FIRST,305
ES,overnight_low,3,2.0,SYNTHETIC,CONTINUATION_FIRST,294
ES,overnight_low,3,2.0,SYNTHETIC,NEITHER_REACHED,222
ES,overnight_low,3,2.0,SYNTHETIC,SAME_BAR_BARRIER_TIE,20
ES,overnight_low,5,0.5,REAL,SAME_BAR_BARRIER_TIE,129
ES,overnight_low,5,0.5,REAL,CONTINUATION_FIRST,125
ES,overnight_low,5,0.5,REAL,REJECTION_FIRST,112
ES,overnight_low,5,0.5,SYNTHETIC,REJECTION_FIRST,291
ES,overnight_low,5,0.5,SYNTHETIC,CONTINUATION_FIRST,289
ES,overnight_low,5,0.5,SYNTHETIC,SAME_BAR_BARRIER_TIE,261
ES,overnight_low,5,1.0,REAL,CONTINUATION_FIRST,162
ES,overnight_low,5,1.0,REAL,REJECTION_FIRST,139
ES,overnight_low,5,1.0,REAL,SAME_BAR_BARRIER_TIE,61
ES,overnight_low,5,1.0,REAL,NEITHER_REACHED,4
ES,overnight_low,5,1.0,SYNTHETIC,REJECTION_FIRST,374
ES,overnight_low,5,1.0,SYNTHETIC,CONTINUATION_FIRST,355
ES,overnight_low,5,1.0,SYNTHETIC,SAME_BAR_BARRIER_TIE,102
ES,overnight_low,5,1.0,SYNTHETIC,NEITHER_REACHED,10
ES,overnight_low,5,1.5,REAL,CONTINUATION_FIRST,164
ES,overnight_low,5,1.5,REAL,REJECTION_FIRST,145
ES,overnight_low,5,1.5,REAL,NEITHER_REACHED,29
ES,overnight_low,5,1.5,REAL,SAME_BAR_BARRIER_TIE,28
ES,overnight_low,5,1.5,SYNTHETIC,CONTINUATION_FIRST,371
ES,overnight_low,5,1.5,SYNTHETIC,REJECTION_FIRST,366
ES,overnight_low,5,1.5,SYNTHETIC,NEITHER_REACHED,61
ES,overnight_low,5,1.5,SYNTHETIC,SAME_BAR_BARRIER_TIE,43
ES,overnight_low,5,2.0,REAL,CONTINUATION_FIRST,150
ES,overnight_low,5,2.0,REAL,REJECTION_FIRST,145
ES,overnight_low,5,2.0,REAL,NEITHER_REACHED,58
ES,overnight_low,5,2.0,REAL,SAME_BAR_BARRIER_TIE,13
ES,overnight_low,5,2.0,SYNTHETIC,REJECTION_FIRST,348
ES,overnight_low,5,2.0,SYNTHETIC,CONTINUATION_FIRST,339
ES,overnight_low,5,2.0,SYNTHETIC,NEITHER_REACHED,134
ES,overnight_low,5,2.0,SYNTHETIC,SAME_BAR_BARRIER_TIE,20
ES,overnight_low,10,0.5,REAL,SAME_BAR_BARRIER_TIE,129
ES,overnight_low,10,0.5,REAL,CONTINUATION_FIRST,125
ES,overnight_low,10,0.5,REAL,REJECTION_FIRST,112
ES,overnight_low,10,0.5,SYNTHETIC,REJECTION_FIRST,291
ES,overnight_low,10,0.5,SYNTHETIC,CONTINUATION_FIRST,289
ES,overnight_low,10,0.5,SYNTHETIC,SAME_BAR_BARRIER_TIE,261
ES,overnight_low,10,1.0,REAL,CONTINUATION_FIRST,164
ES,overnight_low,10,1.0,REAL,REJECTION_FIRST,141
ES,overnight_low,10,1.0,REAL,SAME_BAR_BARRIER_TIE,61
ES,overnight_low,10,1.0,SYNTHETIC,REJECTION_FIRST,379
ES,overnight_low,10,1.0,SYNTHETIC,CONTINUATION_FIRST,358
ES,overnight_low,10,1.0,SYNTHETIC,SAME_BAR_BARRIER_TIE,102
ES,overnight_low,10,1.0,SYNTHETIC,NEITHER_REACHED,2
ES,overnight_low,10,1.5,REAL,CONTINUATION_FIRST,171
ES,overnight_low,10,1.5,REAL,REJECTION_FIRST,158
ES,overnight_low,10,1.5,REAL,SAME_BAR_BARRIER_TIE,28
ES,overnight_low,10,1.5,REAL,NEITHER_REACHED,9
ES,overnight_low,10,1.5,SYNTHETIC,CONTINUATION_FIRST,392
ES,overnight_low,10,1.5,SYNTHETIC,REJECTION_FIRST,388
ES,overnight_low,10,1.5,SYNTHETIC,SAME_BAR_BARRIER_TIE,43
ES,overnight_low,10,1.5,SYNTHETIC,NEITHER_REACHED,18
ES,overnight_low,10,2.0,REAL,CONTINUATION_FIRST,166
ES,overnight_low,10,2.0,REAL,REJECTION_FIRST,160
ES,overnight_low,10,2.0,REAL,NEITHER_REACHED,27
ES,overnight_low,10,2.0,REAL,SAME_BAR_BARRIER_TIE,13
ES,overnight_low,10,2.0,SYNTHETIC,REJECTION_FIRST,383
ES,overnight_low,10,2.0,SYNTHETIC,CONTINUATION_FIRST,381
ES,overnight_low,10,2.0,SYNTHETIC,NEITHER_REACHED,57
ES,overnight_low,10,2.0,SYNTHETIC,SAME_BAR_BARRIER_TIE,20
ES,overnight_low,15,0.5,REAL,SAME_BAR_BARRIER_TIE,129
ES,overnight_low,15,0.5,REAL,CONTINUATION_FIRST,125
ES,overnight_low,15,0.5,REAL,REJECTION_FIRST,112
ES,overnight_low,15,0.5,SYNTHETIC,REJECTION_FIRST,291
ES,overnight_low,15,0.5,SYNTHETIC,CONTINUATION_FIRST,289
ES,overnight_low,15,0.5,SYNTHETIC,SAME_BAR_BARRIER_TIE,261
ES,overnight_low,15,1.0,REAL,CONTINUATION_FIRST,164
ES,overnight_low,15,1.0,REAL,REJECTION_FIRST,141
ES,overnight_low,15,1.0,REAL,SAME_BAR_BARRIER_TIE,61
ES,overnight_low,15,1.0,SYNTHETIC,REJECTION_FIRST,379
ES,overnight_low,15,1.0,SYNTHETIC,CONTINUATION_FIRST,359
ES,overnight_low,15,1.0,SYNTHETIC,SAME_BAR_BARRIER_TIE,102
ES,overnight_low,15,1.0,SYNTHETIC,NEITHER_REACHED,1
ES,overnight_low,15,1.5,REAL,CONTINUATION_FIRST,175
ES,overnight_low,15,1.5,REAL,REJECTION_FIRST,160
ES,overnight_low,15,1.5,REAL,SAME_BAR_BARRIER_TIE,28
ES,overnight_low,15,1.5,REAL,NEITHER_REACHED,3
ES,overnight_low,15,1.5,SYNTHETIC,CONTINUATION_FIRST,397
ES,overnight_low,15,1.5,SYNTHETIC,REJECTION_FIRST,395
ES,overnight_low,15,1.5,SYNTHETIC,SAME_BAR_BARRIER_TIE,43
ES,overnight_low,15,1.5,SYNTHETIC,NEITHER_REACHED,6
ES,overnight_low,15,2.0,REAL,CONTINUATION_FIRST,171
ES,overnight_low,15,2.0,REAL,REJECTION_FIRST,165
ES,overnight_low,15,2.0,REAL,NEITHER_REACHED,17
ES,overnight_low,15,2.0,REAL,SAME_BAR_BARRIER_TIE,13
ES,overnight_low,15,2.0,SYNTHETIC,CONTINUATION_FIRST,397
ES,overnight_low,15,2.0,SYNTHETIC,REJECTION_FIRST,393
ES,overnight_low,15,2.0,SYNTHETIC,NEITHER_REACHED,31
ES,overnight_low,15,2.0,SYNTHETIC,SAME_BAR_BARRIER_TIE,20
ES,overnight_mid,1,0.5,REAL,REJECTION_FIRST,236
ES,overnight_mid,1,0.5,REAL,CONTINUATION_FIRST,223
ES,overnight_mid,1,0.5,REAL,SAME_BAR_BARRIER_TIE,176
ES,overnight_mid,1,0.5,REAL,NEITHER_REACHED,13
ES,overnight_mid,1,0.5,SYNTHETIC,REJECTION_FIRST,328
ES,overnight_mid,1,0.5,SYNTHETIC,CONTINUATION_FIRST,313
ES,overnight_mid,1,0.5,SYNTHETIC,SAME_BAR_BARRIER_TIE,202
ES,overnight_mid,1,0.5,SYNTHETIC,NEITHER_REACHED,30
ES,overnight_mid,1,1.0,REAL,REJECTION_FIRST,252
ES,overnight_mid,1,1.0,REAL,CONTINUATION_FIRST,232
ES,overnight_mid,1,1.0,REAL,NEITHER_REACHED,107
ES,overnight_mid,1,1.0,REAL,SAME_BAR_BARRIER_TIE,57
ES,overnight_mid,1,1.0,SYNTHETIC,REJECTION_FIRST,307
ES,overnight_mid,1,1.0,SYNTHETIC,CONTINUATION_FIRST,299
ES,overnight_mid,1,1.0,SYNTHETIC,NEITHER_REACHED,192
ES,overnight_mid,1,1.0,SYNTHETIC,SAME_BAR_BARRIER_TIE,75
ES,overnight_mid,1,1.5,REAL,NEITHER_REACHED,258
ES,overnight_mid,1,1.5,REAL,REJECTION_FIRST,209
ES,overnight_mid,1,1.5,REAL,CONTINUATION_FIRST,161
ES,overnight_mid,1,1.5,REAL,SAME_BAR_BARRIER_TIE,20
ES,overnight_mid,1,1.5,SYNTHETIC,NEITHER_REACHED,379
ES,overnight_mid,1,1.5,SYNTHETIC,REJECTION_FIRST,261
ES,overnight_mid,1,1.5,SYNTHETIC,CONTINUATION_FIRST,213
ES,overnight_mid,1,1.5,SYNTHETIC,SAME_BAR_BARRIER_TIE,20
ES,overnight_mid,1,2.0,REAL,NEITHER_REACHED,369
ES,overnight_mid,1,2.0,REAL,REJECTION_FIRST,161
ES,overnight_mid,1,2.0,REAL,CONTINUATION_FIRST,111
ES,overnight_mid,1,2.0,REAL,SAME_BAR_BARRIER_TIE,7
ES,overnight_mid,1,2.0,SYNTHETIC,NEITHER_REACHED,555
ES,overnight_mid,1,2.0,SYNTHETIC,REJECTION_FIRST,180
ES,overnight_mid,1,2.0,SYNTHETIC,CONTINUATION_FIRST,132
ES,overnight_mid,1,2.0,SYNTHETIC,SAME_BAR_BARRIER_TIE,6
ES,overnight_mid,3,0.5,REAL,REJECTION_FIRST,243
ES,overnight_mid,3,0.5,REAL,CONTINUATION_FIRST,227
ES,overnight_mid,3,0.5,REAL,SAME_BAR_BARRIER_TIE,177
ES,overnight_mid,3,0.5,REAL,NEITHER_REACHED,1
ES,overnight_mid,3,0.5,SYNTHETIC,REJECTION_FIRST,338
ES,overnight_mid,3,0.5,SYNTHETIC,CONTINUATION_FIRST,328
ES,overnight_mid,3,0.5,SYNTHETIC,SAME_BAR_BARRIER_TIE,204
ES,overnight_mid,3,0.5,SYNTHETIC,NEITHER_REACHED,3
ES,overnight_mid,3,1.0,REAL,REJECTION_FIRST,291
ES,overnight_mid,3,1.0,REAL,CONTINUATION_FIRST,270
ES,overnight_mid,3,1.0,REAL,SAME_BAR_BARRIER_TIE,59
ES,overnight_mid,3,1.0,REAL,NEITHER_REACHED,28
ES,overnight_mid,3,1.0,SYNTHETIC,REJECTION_FIRST,385
ES,overnight_mid,3,1.0,SYNTHETIC,CONTINUATION_FIRST,370
ES,overnight_mid,3,1.0,SYNTHETIC,SAME_BAR_BARRIER_TIE,76
ES,overnight_mid,3,1.0,SYNTHETIC,NEITHER_REACHED,42
ES,overnight_mid,3,1.5,REAL,REJECTION_FIRST,276
ES,overnight_mid,3,1.5,REAL,CONTINUATION_FIRST,245
ES,overnight_mid,3,1.5,REAL,NEITHER_REACHED,106
ES,overnight_mid,3,1.5,REAL,SAME_BAR_BARRIER_TIE,21
ES,overnight_mid,3,1.5,SYNTHETIC,REJECTION_FIRST,369
ES,overnight_mid,3,1.5,SYNTHETIC,CONTINUATION_FIRST,332
ES,overnight_mid,3,1.5,SYNTHETIC,NEITHER_REACHED,151
ES,overnight_mid,3,1.5,SYNTHETIC,SAME_BAR_BARRIER_TIE,21
ES,overnight_mid,3,2.0,REAL,REJECTION_FIRST,235
ES,overnight_mid,3,2.0,REAL,NEITHER_REACHED,216
ES,overnight_mid,3,2.0,REAL,CONTINUATION_FIRST,189
ES,overnight_mid,3,2.0,REAL,SAME_BAR_BARRIER_TIE,8
ES,overnight_mid,3,2.0,SYNTHETIC,NEITHER_REACHED,313
ES,overnight_mid,3,2.0,SYNTHETIC,REJECTION_FIRST,303
ES,overnight_mid,3,2.0,SYNTHETIC,CONTINUATION_FIRST,250
ES,overnight_mid,3,2.0,SYNTHETIC,SAME_BAR_BARRIER_TIE,7
ES,overnight_mid,5,0.5,REAL,REJECTION_FIRST,243
ES,overnight_mid,5,0.5,REAL,CONTINUATION_FIRST,227
ES,overnight_mid,5,0.5,REAL,SAME_BAR_BARRIER_TIE,178
ES,overnight_mid,5,0.5,SYNTHETIC,REJECTION_FIRST,339
ES,overnight_mid,5,0.5,SYNTHETIC,CONTINUATION_FIRST,329
ES,overnight_mid,5,0.5,SYNTHETIC,SAME_BAR_BARRIER_TIE,204
ES,overnight_mid,5,0.5,SYNTHETIC,NEITHER_REACHED,1
ES,overnight_mid,5,1.0,REAL,REJECTION_FIRST,300
ES,overnight_mid,5,1.0,REAL,CONTINUATION_FIRST,276
ES,overnight_mid,5,1.0,REAL,SAME_BAR_BARRIER_TIE,59
ES,overnight_mid,5,1.0,REAL,NEITHER_REACHED,13
ES,overnight_mid,5,1.0,SYNTHETIC,REJECTION_FIRST,391
ES,overnight_mid,5,1.0,SYNTHETIC,CONTINUATION_FIRST,379
ES,overnight_mid,5,1.0,SYNTHETIC,SAME_BAR_BARRIER_TIE,77
ES,overnight_mid,5,1.0,SYNTHETIC,NEITHER_REACHED,26
ES,overnight_mid,5,1.5,REAL,REJECTION_FIRST,306
ES,overnight_mid,5,1.5,REAL,CONTINUATION_FIRST,267
ES,overnight_mid,5,1.5,REAL,NEITHER_REACHED,53
ES,overnight_mid,5,1.5,REAL,SAME_BAR_BARRIER_TIE,22
ES,overnight_mid,5,1.5,SYNTHETIC,REJECTION_FIRST,398
ES,overnight_mid,5,1.5,SYNTHETIC,CONTINUATION_FIRST,373
ES,overnight_mid,5,1.5,SYNTHETIC,NEITHER_REACHED,80
ES,overnight_mid,5,1.5,SYNTHETIC,SAME_BAR_BARRIER_TIE,22
ES,overnight_mid,5,2.0,REAL,REJECTION_FIRST,271
ES,overnight_mid,5,2.0,REAL,CONTINUATION_FIRST,231
ES,overnight_mid,5,2.0,REAL,NEITHER_REACHED,138
ES,overnight_mid,5,2.0,REAL,SAME_BAR_BARRIER_TIE,8
ES,overnight_mid,5,2.0,SYNTHETIC,REJECTION_FIRST,358
ES,overnight_mid,5,2.0,SYNTHETIC,CONTINUATION_FIRST,317
ES,overnight_mid,5,2.0,SYNTHETIC,NEITHER_REACHED,191
ES,overnight_mid,5,2.0,SYNTHETIC,SAME_BAR_BARRIER_TIE,7
ES,overnight_mid,10,0.5,REAL,REJECTION_FIRST,243
ES,overnight_mid,10,0.5,REAL,CONTINUATION_FIRST,227
ES,overnight_mid,10,0.5,REAL,SAME_BAR_BARRIER_TIE,178
ES,overnight_mid,10,0.5,SYNTHETIC,REJECTION_FIRST,339
ES,overnight_mid,10,0.5,SYNTHETIC,CONTINUATION_FIRST,329
ES,overnight_mid,10,0.5,SYNTHETIC,SAME_BAR_BARRIER_TIE,204
ES,overnight_mid,10,0.5,SYNTHETIC,NEITHER_REACHED,1
ES,overnight_mid,10,1.0,REAL,REJECTION_FIRST,304
ES,overnight_mid,10,1.0,REAL,CONTINUATION_FIRST,283
ES,overnight_mid,10,1.0,REAL,SAME_BAR_BARRIER_TIE,59
ES,overnight_mid,10,1.0,REAL,NEITHER_REACHED,2
ES,overnight_mid,10,1.0,SYNTHETIC,REJECTION_FIRST,398
ES,overnight_mid,10,1.0,SYNTHETIC,CONTINUATION_FIRST,391
ES,overnight_mid,10,1.0,SYNTHETIC,SAME_BAR_BARRIER_TIE,77
ES,overnight_mid,10,1.0,SYNTHETIC,NEITHER_REACHED,7
ES,overnight_mid,10,1.5,REAL,REJECTION_FIRST,321
ES,overnight_mid,10,1.5,REAL,CONTINUATION_FIRST,282
ES,overnight_mid,10,1.5,REAL,NEITHER_REACHED,23
ES,overnight_mid,10,1.5,REAL,SAME_BAR_BARRIER_TIE,22
ES,overnight_mid,10,1.5,SYNTHETIC,REJECTION_FIRST,425
ES,overnight_mid,10,1.5,SYNTHETIC,CONTINUATION_FIRST,395
ES,overnight_mid,10,1.5,SYNTHETIC,NEITHER_REACHED,30
ES,overnight_mid,10,1.5,SYNTHETIC,SAME_BAR_BARRIER_TIE,23
ES,overnight_mid,10,2.0,REAL,REJECTION_FIRST,310
ES,overnight_mid,10,2.0,REAL,CONTINUATION_FIRST,264
ES,overnight_mid,10,2.0,REAL,NEITHER_REACHED,66
ES,overnight_mid,10,2.0,REAL,SAME_BAR_BARRIER_TIE,8
ES,overnight_mid,10,2.0,SYNTHETIC,REJECTION_FIRST,408
ES,overnight_mid,10,2.0,SYNTHETIC,CONTINUATION_FIRST,367
ES,overnight_mid,10,2.0,SYNTHETIC,NEITHER_REACHED,90
ES,overnight_mid,10,2.0,SYNTHETIC,SAME_BAR_BARRIER_TIE,8
ES,overnight_mid,15,0.5,REAL,REJECTION_FIRST,243
ES,overnight_mid,15,0.5,REAL,CONTINUATION_FIRST,227
ES,overnight_mid,15,0.5,REAL,SAME_BAR_BARRIER_TIE,178
ES,overnight_mid,15,0.5,SYNTHETIC,REJECTION_FIRST,339
ES,overnight_mid,15,0.5,SYNTHETIC,CONTINUATION_FIRST,329
ES,overnight_mid,15,0.5,SYNTHETIC,SAME_BAR_BARRIER_TIE,204
ES,overnight_mid,15,0.5,SYNTHETIC,NEITHER_REACHED,1
ES,overnight_mid,15,1.0,REAL,REJECTION_FIRST,305
ES,overnight_mid,15,1.0,REAL,CONTINUATION_FIRST,283
ES,overnight_mid,15,1.0,REAL,SAME_BAR_BARRIER_TIE,59
ES,overnight_mid,15,1.0,REAL,NEITHER_REACHED,1
ES,overnight_mid,15,1.0,SYNTHETIC,REJECTION_FIRST,401
ES,overnight_mid,15,1.0,SYNTHETIC,CONTINUATION_FIRST,391
ES,overnight_mid,15,1.0,SYNTHETIC,SAME_BAR_BARRIER_TIE,77
ES,overnight_mid,15,1.0,SYNTHETIC,NEITHER_REACHED,4
ES,overnight_mid,15,1.5,REAL,REJECTION_FIRST,328
ES,overnight_mid,15,1.5,REAL,CONTINUATION_FIRST,289
ES,overnight_mid,15,1.5,REAL,SAME_BAR_BARRIER_TIE,22
ES,overnight_mid,15,1.5,REAL,NEITHER_REACHED,9
ES,overnight_mid,15,1.5,SYNTHETIC,REJECTION_FIRST,434
ES,overnight_mid,15,1.5,SYNTHETIC,CONTINUATION_FIRST,400
ES,overnight_mid,15,1.5,SYNTHETIC,SAME_BAR_BARRIER_TIE,23
ES,overnight_mid,15,1.5,SYNTHETIC,NEITHER_REACHED,16
ES,overnight_mid,15,2.0,REAL,REJECTION_FIRST,325
ES,overnight_mid,15,2.0,REAL,CONTINUATION_FIRST,284
ES,overnight_mid,15,2.0,REAL,NEITHER_REACHED,31
ES,overnight_mid,15,2.0,REAL,SAME_BAR_BARRIER_TIE,8
ES,overnight_mid,15,2.0,SYNTHETIC,REJECTION_FIRST,424
ES,overnight_mid,15,2.0,SYNTHETIC,CONTINUATION_FIRST,391
ES,overnight_mid,15,2.0,SYNTHETIC,NEITHER_REACHED,50
ES,overnight_mid,15,2.0,SYNTHETIC,SAME_BAR_BARRIER_TIE,8
ES,overnight_open,1,0.5,REAL,REJECTION_FIRST,184
ES,overnight_open,1,0.5,REAL,CONTINUATION_FIRST,135
ES,overnight_open,1,0.5,REAL,SAME_BAR_BARRIER_TIE,126
ES,overnight_open,1,0.5,REAL,NEITHER_REACHED,9
ES,overnight_open,1,0.5,SYNTHETIC,REJECTION_FIRST,318
ES,overnight_open,1,0.5,SYNTHETIC,CONTINUATION_FIRST,303
ES,overnight_open,1,0.5,SYNTHETIC,SAME_BAR_BARRIER_TIE,195
ES,overnight_open,1,0.5,SYNTHETIC,NEITHER_REACHED,23
ES,overnight_open,1,1.0,REAL,REJECTION_FIRST,189
ES,overnight_open,1,1.0,REAL,CONTINUATION_FIRST,143
ES,overnight_open,1,1.0,REAL,NEITHER_REACHED,84
ES,overnight_open,1,1.0,REAL,SAME_BAR_BARRIER_TIE,38
ES,overnight_open,1,1.0,SYNTHETIC,REJECTION_FIRST,300
ES,overnight_open,1,1.0,SYNTHETIC,CONTINUATION_FIRST,288
ES,overnight_open,1,1.0,SYNTHETIC,NEITHER_REACHED,186
ES,overnight_open,1,1.0,SYNTHETIC,SAME_BAR_BARRIER_TIE,65
ES,overnight_open,1,1.5,REAL,NEITHER_REACHED,190
ES,overnight_open,1,1.5,REAL,REJECTION_FIRST,147
ES,overnight_open,1,1.5,REAL,CONTINUATION_FIRST,99
ES,overnight_open,1,1.5,REAL,SAME_BAR_BARRIER_TIE,18
ES,overnight_open,1,1.5,SYNTHETIC,NEITHER_REACHED,368
ES,overnight_open,1,1.5,SYNTHETIC,REJECTION_FIRST,238
ES,overnight_open,1,1.5,SYNTHETIC,CONTINUATION_FIRST,210
ES,overnight_open,1,1.5,SYNTHETIC,SAME_BAR_BARRIER_TIE,23
ES,overnight_open,1,2.0,REAL,NEITHER_REACHED,263
ES,overnight_open,1,2.0,REAL,REJECTION_FIRST,106
ES,overnight_open,1,2.0,REAL,CONTINUATION_FIRST,74
ES,overnight_open,1,2.0,REAL,SAME_BAR_BARRIER_TIE,11
ES,overnight_open,1,2.0,SYNTHETIC,NEITHER_REACHED,510
ES,overnight_open,1,2.0,SYNTHETIC,REJECTION_FIRST,177
ES,overnight_open,1,2.0,SYNTHETIC,CONTINUATION_FIRST,144
ES,overnight_open,1,2.0,SYNTHETIC,SAME_BAR_BARRIER_TIE,8
ES,overnight_open,3,0.5,REAL,REJECTION_FIRST,187
ES,overnight_open,3,0.5,REAL,CONTINUATION_FIRST,139
ES,overnight_open,3,0.5,REAL,SAME_BAR_BARRIER_TIE,127
ES,overnight_open,3,0.5,REAL,NEITHER_REACHED,1
ES,overnight_open,3,0.5,SYNTHETIC,REJECTION_FIRST,328
ES,overnight_open,3,0.5,SYNTHETIC,CONTINUATION_FIRST,309
ES,overnight_open,3,0.5,SYNTHETIC,SAME_BAR_BARRIER_TIE,198
ES,overnight_open,3,0.5,SYNTHETIC,NEITHER_REACHED,4
ES,overnight_open,3,1.0,REAL,REJECTION_FIRST,220
ES,overnight_open,3,1.0,REAL,CONTINUATION_FIRST,173
ES,overnight_open,3,1.0,REAL,SAME_BAR_BARRIER_TIE,39
ES,overnight_open,3,1.0,REAL,NEITHER_REACHED,22
ES,overnight_open,3,1.0,SYNTHETIC,REJECTION_FIRST,370
ES,overnight_open,3,1.0,SYNTHETIC,CONTINUATION_FIRST,348
ES,overnight_open,3,1.0,SYNTHETIC,SAME_BAR_BARRIER_TIE,66
ES,overnight_open,3,1.0,SYNTHETIC,NEITHER_REACHED,55
ES,overnight_open,3,1.5,REAL,REJECTION_FIRST,199
ES,overnight_open,3,1.5,REAL,CONTINUATION_FIRST,158
ES,overnight_open,3,1.5,REAL,NEITHER_REACHED,79
ES,overnight_open,3,1.5,REAL,SAME_BAR_BARRIER_TIE,18
ES,overnight_open,3,1.5,SYNTHETIC,REJECTION_FIRST,345
ES,overnight_open,3,1.5,SYNTHETIC,CONTINUATION_FIRST,305
ES,overnight_open,3,1.5,SYNTHETIC,NEITHER_REACHED,164
ES,overnight_open,3,1.5,SYNTHETIC,SAME_BAR_BARRIER_TIE,25
ES,overnight_open,3,2.0,REAL,REJECTION_FIRST,171
ES,overnight_open,3,2.0,REAL,NEITHER_REACHED,148
ES,overnight_open,3,2.0,REAL,CONTINUATION_FIRST,124
ES,overnight_open,3,2.0,REAL,SAME_BAR_BARRIER_TIE,11
ES,overnight_open,3,2.0,SYNTHETIC,NEITHER_REACHED,305
ES,overnight_open,3,2.0,SYNTHETIC,REJECTION_FIRST,289
ES,overnight_open,3,2.0,SYNTHETIC,CONTINUATION_FIRST,237
ES,overnight_open,3,2.0,SYNTHETIC,SAME_BAR_BARRIER_TIE,8
ES,overnight_open,5,0.5,REAL,REJECTION_FIRST,187
ES,overnight_open,5,0.5,REAL,CONTINUATION_FIRST,139
ES,overnight_open,5,0.5,REAL,SAME_BAR_BARRIER_TIE,127
ES,overnight_open,5,0.5,REAL,NEITHER_REACHED,1
ES,overnight_open,5,0.5,SYNTHETIC,REJECTION_FIRST,329
ES,overnight_open,5,0.5,SYNTHETIC,CONTINUATION_FIRST,310
ES,overnight_open,5,0.5,SYNTHETIC,SAME_BAR_BARRIER_TIE,198
ES,overnight_open,5,0.5,SYNTHETIC,NEITHER_REACHED,2
ES,overnight_open,5,1.0,REAL,REJECTION_FIRST,227
ES,overnight_open,5,1.0,REAL,CONTINUATION_FIRST,180
ES,overnight_open,5,1.0,REAL,SAME_BAR_BARRIER_TIE,39
ES,overnight_open,5,1.0,REAL,NEITHER_REACHED,8
ES,overnight_open,5,1.0,SYNTHETIC,REJECTION_FIRST,381
ES,overnight_open,5,1.0,SYNTHETIC,CONTINUATION_FIRST,358
ES,overnight_open,5,1.0,SYNTHETIC,SAME_BAR_BARRIER_TIE,66
ES,overnight_open,5,1.0,SYNTHETIC,NEITHER_REACHED,34
ES,overnight_open,5,1.5,REAL,REJECTION_FIRST,220
ES,overnight_open,5,1.5,REAL,CONTINUATION_FIRST,174
ES,overnight_open,5,1.5,REAL,NEITHER_REACHED,42
ES,overnight_open,5,1.5,REAL,SAME_BAR_BARRIER_TIE,18
ES,overnight_open,5,1.5,SYNTHETIC,REJECTION_FIRST,379
ES,overnight_open,5,1.5,SYNTHETIC,CONTINUATION_FIRST,340
ES,overnight_open,5,1.5,SYNTHETIC,NEITHER_REACHED,94
ES,overnight_open,5,1.5,SYNTHETIC,SAME_BAR_BARRIER_TIE,26
ES,overnight_open,5,2.0,REAL,REJECTION_FIRST,200
ES,overnight_open,5,2.0,REAL,CONTINUATION_FIRST,152
ES,overnight_open,5,2.0,REAL,NEITHER_REACHED,91
ES,overnight_open,5,2.0,REAL,SAME_BAR_BARRIER_TIE,11
ES,overnight_open,5,2.0,SYNTHETIC,REJECTION_FIRST,334
ES,overnight_open,5,2.0,SYNTHETIC,CONTINUATION_FIRST,306
ES,overnight_open,5,2.0,SYNTHETIC,NEITHER_REACHED,191
ES,overnight_open,5,2.0,SYNTHETIC,SAME_BAR_BARRIER_TIE,8
ES,overnight_open,10,0.5,REAL,REJECTION_FIRST,188
ES,overnight_open,10,0.5,REAL,CONTINUATION_FIRST,139
ES,overnight_open,10,0.5,REAL,SAME_BAR_BARRIER_TIE,127
ES,overnight_open,10,0.5,SYNTHETIC,REJECTION_FIRST,330
ES,overnight_open,10,0.5,SYNTHETIC,CONTINUATION_FIRST,310
ES,overnight_open,10,0.5,SYNTHETIC,SAME_BAR_BARRIER_TIE,198
ES,overnight_open,10,0.5,SYNTHETIC,NEITHER_REACHED,1
ES,overnight_open,10,1.0,REAL,REJECTION_FIRST,232
ES,overnight_open,10,1.0,REAL,CONTINUATION_FIRST,180
ES,overnight_open,10,1.0,REAL,SAME_BAR_BARRIER_TIE,39
ES,overnight_open,10,1.0,REAL,NEITHER_REACHED,3
ES,overnight_open,10,1.0,SYNTHETIC,REJECTION_FIRST,393
ES,overnight_open,10,1.0,SYNTHETIC,CONTINUATION_FIRST,371
ES,overnight_open,10,1.0,SYNTHETIC,SAME_BAR_BARRIER_TIE,66
ES,overnight_open,10,1.0,SYNTHETIC,NEITHER_REACHED,9
ES,overnight_open,10,1.5,REAL,REJECTION_FIRST,232
ES,overnight_open,10,1.5,REAL,CONTINUATION_FIRST,186
ES,overnight_open,10,1.5,REAL,NEITHER_REACHED,18
ES,overnight_open,10,1.5,REAL,SAME_BAR_BARRIER_TIE,18
ES,overnight_open,10,1.5,SYNTHETIC,REJECTION_FIRST,416
ES,overnight_open,10,1.5,SYNTHETIC,CONTINUATION_FIRST,366
ES,overnight_open,10,1.5,SYNTHETIC,NEITHER_REACHED,31
ES,overnight_open,10,1.5,SYNTHETIC,SAME_BAR_BARRIER_TIE,26
ES,overnight_open,10,2.0,REAL,REJECTION_FIRST,222
ES,overnight_open,10,2.0,REAL,CONTINUATION_FIRST,181
ES,overnight_open,10,2.0,REAL,NEITHER_REACHED,40
ES,overnight_open,10,2.0,REAL,SAME_BAR_BARRIER_TIE,11
ES,overnight_open,10,2.0,SYNTHETIC,REJECTION_FIRST,381
ES,overnight_open,10,2.0,SYNTHETIC,CONTINUATION_FIRST,363
ES,overnight_open,10,2.0,SYNTHETIC,NEITHER_REACHED,86
ES,overnight_open,10,2.0,SYNTHETIC,SAME_BAR_BARRIER_TIE,9
ES,overnight_open,15,0.5,REAL,REJECTION_FIRST,188
ES,overnight_open,15,0.5,REAL,CONTINUATION_FIRST,139
ES,overnight_open,15,0.5,REAL,SAME_BAR_BARRIER_TIE,127
ES,overnight_open,15,0.5,SYNTHETIC,REJECTION_FIRST,330
ES,overnight_open,15,0.5,SYNTHETIC,CONTINUATION_FIRST,310
ES,overnight_open,15,0.5,SYNTHETIC,SAME_BAR_BARRIER_TIE,198
ES,overnight_open,15,0.5,SYNTHETIC,NEITHER_REACHED,1
ES,overnight_open,15,1.0,REAL,REJECTION_FIRST,233
ES,overnight_open,15,1.0,REAL,CONTINUATION_FIRST,180
ES,overnight_open,15,1.0,REAL,SAME_BAR_BARRIER_TIE,39
ES,overnight_open,15,1.0,REAL,NEITHER_REACHED,2
ES,overnight_open,15,1.0,SYNTHETIC,REJECTION_FIRST,394
ES,overnight_open,15,1.0,SYNTHETIC,CONTINUATION_FIRST,373
ES,overnight_open,15,1.0,SYNTHETIC,SAME_BAR_BARRIER_TIE,66
ES,overnight_open,15,1.0,SYNTHETIC,NEITHER_REACHED,6
ES,overnight_open,15,1.5,REAL,REJECTION_FIRST,237
ES,overnight_open,15,1.5,REAL,CONTINUATION_FIRST,187
ES,overnight_open,15,1.5,REAL,SAME_BAR_BARRIER_TIE,18
ES,overnight_open,15,1.5,REAL,NEITHER_REACHED,12
ES,overnight_open,15,1.5,SYNTHETIC,REJECTION_FIRST,418
ES,overnight_open,15,1.5,SYNTHETIC,CONTINUATION_FIRST,374
ES,overnight_open,15,1.5,SYNTHETIC,SAME_BAR_BARRIER_TIE,26
ES,overnight_open,15,1.5,SYNTHETIC,NEITHER_REACHED,21
ES,overnight_open,15,2.0,REAL,REJECTION_FIRST,232
ES,overnight_open,15,2.0,REAL,CONTINUATION_FIRST,186
ES,overnight_open,15,2.0,REAL,NEITHER_REACHED,25
ES,overnight_open,15,2.0,REAL,SAME_BAR_BARRIER_TIE,11
ES,overnight_open,15,2.0,SYNTHETIC,REJECTION_FIRST,392
ES,overnight_open,15,2.0,SYNTHETIC,CONTINUATION_FIRST,383
ES,overnight_open,15,2.0,SYNTHETIC,NEITHER_REACHED,55
ES,overnight_open,15,2.0,SYNTHETIC,SAME_BAR_BARRIER_TIE,9
ES,prior_close,1,0.5,REAL,REJECTION_FIRST,126
ES,prior_close,1,0.5,REAL,CONTINUATION_FIRST,121
ES,prior_close,1,0.5,REAL,SAME_BAR_BARRIER_TIE,93
ES,prior_close,1,0.5,REAL,NEITHER_REACHED,7
ES,prior_close,1,0.5,SYNTHETIC,CONTINUATION_FIRST,306
ES,prior_close,1,0.5,SYNTHETIC,REJECTION_FIRST,288
ES,prior_close,1,0.5,SYNTHETIC,SAME_BAR_BARRIER_TIE,187
ES,prior_close,1,0.5,SYNTHETIC,NEITHER_REACHED,27
ES,prior_close,1,1.0,REAL,CONTINUATION_FIRST,125
ES,prior_close,1,1.0,REAL,REJECTION_FIRST,123
ES,prior_close,1,1.0,REAL,NEITHER_REACHED,64
ES,prior_close,1,1.0,REAL,SAME_BAR_BARRIER_TIE,35
ES,prior_close,1,1.0,SYNTHETIC,CONTINUATION_FIRST,287
ES,prior_close,1,1.0,SYNTHETIC,REJECTION_FIRST,279
ES,prior_close,1,1.0,SYNTHETIC,NEITHER_REACHED,189
ES,prior_close,1,1.0,SYNTHETIC,SAME_BAR_BARRIER_TIE,53
ES,prior_close,1,1.5,REAL,NEITHER_REACHED,142
ES,prior_close,1,1.5,REAL,CONTINUATION_FIRST,101
ES,prior_close,1,1.5,REAL,REJECTION_FIRST,97
ES,prior_close,1,1.5,REAL,SAME_BAR_BARRIER_TIE,7
ES,prior_close,1,1.5,SYNTHETIC,NEITHER_REACHED,364
ES,prior_close,1,1.5,SYNTHETIC,REJECTION_FIRST,214
ES,prior_close,1,1.5,SYNTHETIC,CONTINUATION_FIRST,211
ES,prior_close,1,1.5,SYNTHETIC,SAME_BAR_BARRIER_TIE,19
ES,prior_close,1,2.0,REAL,NEITHER_REACHED,207
ES,prior_close,1,2.0,REAL,REJECTION_FIRST,68
ES,prior_close,1,2.0,REAL,CONTINUATION_FIRST,66
ES,prior_close,1,2.0,REAL,SAME_BAR_BARRIER_TIE,6
ES,prior_close,1,2.0,SYNTHETIC,NEITHER_REACHED,513
ES,prior_close,1,2.0,SYNTHETIC,REJECTION_FIRST,154
ES,prior_close,1,2.0,SYNTHETIC,CONTINUATION_FIRST,134
ES,prior_close,1,2.0,SYNTHETIC,SAME_BAR_BARRIER_TIE,7
ES,prior_close,3,0.5,REAL,REJECTION_FIRST,131
ES,prior_close,3,0.5,REAL,CONTINUATION_FIRST,123
ES,prior_close,3,0.5,REAL,SAME_BAR_BARRIER_TIE,93
ES,prior_close,3,0.5,SYNTHETIC,CONTINUATION_FIRST,316
ES,prior_close,3,0.5,SYNTHETIC,REJECTION_FIRST,299
ES,prior_close,3,0.5,SYNTHETIC,SAME_BAR_BARRIER_TIE,188
ES,prior_close,3,0.5,SYNTHETIC,NEITHER_REACHED,5
ES,prior_close,3,1.0,REAL,CONTINUATION_FIRST,147
ES,prior_close,3,1.0,REAL,REJECTION_FIRST,147
ES,prior_close,3,1.0,REAL,SAME_BAR_BARRIER_TIE,36
ES,prior_close,3,1.0,REAL,NEITHER_REACHED,17
ES,prior_close,3,1.0,SYNTHETIC,CONTINUATION_FIRST,353
ES,prior_close,3,1.0,SYNTHETIC,REJECTION_FIRST,341
ES,prior_close,3,1.0,SYNTHETIC,NEITHER_REACHED,60
ES,prior_close,3,1.0,SYNTHETIC,SAME_BAR_BARRIER_TIE,54
ES,prior_close,3,1.5,REAL,REJECTION_FIRST,136
ES,prior_close,3,1.5,REAL,CONTINUATION_FIRST,135
ES,prior_close,3,1.5,REAL,NEITHER_REACHED,69
ES,prior_close,3,1.5,REAL,SAME_BAR_BARRIER_TIE,7
ES,prior_close,3,1.5,SYNTHETIC,REJECTION_FIRST,318
ES,prior_close,3,1.5,SYNTHETIC,CONTINUATION_FIRST,304
ES,prior_close,3,1.5,SYNTHETIC,NEITHER_REACHED,167
ES,prior_close,3,1.5,SYNTHETIC,SAME_BAR_BARRIER_TIE,19
ES,prior_close,3,2.0,REAL,NEITHER_REACHED,117
ES,prior_close,3,2.0,REAL,REJECTION_FIRST,114
ES,prior_close,3,2.0,REAL,CONTINUATION_FIRST,110
ES,prior_close,3,2.0,REAL,SAME_BAR_BARRIER_TIE,6
ES,prior_close,3,2.0,SYNTHETIC,NEITHER_REACHED,297
ES,prior_close,3,2.0,SYNTHETIC,REJECTION_FIRST,260
ES,prior_close,3,2.0,SYNTHETIC,CONTINUATION_FIRST,244
ES,prior_close,3,2.0,SYNTHETIC,SAME_BAR_BARRIER_TIE,7
ES,prior_close,5,0.5,REAL,REJECTION_FIRST,131
ES,prior_close,5,0.5,REAL,CONTINUATION_FIRST,123
ES,prior_close,5,0.5,REAL,SAME_BAR_BARRIER_TIE,93
ES,prior_close,5,0.5,SYNTHETIC,CONTINUATION_FIRST,317
ES,prior_close,5,0.5,SYNTHETIC,REJECTION_FIRST,300
ES,prior_close,5,0.5,SYNTHETIC,SAME_BAR_BARRIER_TIE,188
ES,prior_close,5,0.5,SYNTHETIC,NEITHER_REACHED,3
ES,prior_close,5,1.0,REAL,REJECTION_FIRST,154
ES,prior_close,5,1.0,REAL,CONTINUATION_FIRST,150
ES,prior_close,5,1.0,REAL,SAME_BAR_BARRIER_TIE,37
ES,prior_close,5,1.0,REAL,NEITHER_REACHED,6
ES,prior_close,5,1.0,SYNTHETIC,CONTINUATION_FIRST,371
ES,prior_close,5,1.0,SYNTHETIC,REJECTION_FIRST,349
ES,prior_close,5,1.0,SYNTHETIC,SAME_BAR_BARRIER_TIE,54
ES,prior_close,5,1.0,SYNTHETIC,NEITHER_REACHED,34
ES,prior_close,5,1.5,REAL,REJECTION_FIRST,151
ES,prior_close,5,1.5,REAL,CONTINUATION_FIRST,148
ES,prior_close,5,1.5,REAL,NEITHER_REACHED,41
ES,prior_close,5,1.5,REAL,SAME_BAR_BARRIER_TIE,7
ES,prior_close,5,1.5,SYNTHETIC,CONTINUATION_FIRST,348
ES,prior_close,5,1.5,SYNTHETIC,REJECTION_FIRST,344
ES,prior_close,5,1.5,SYNTHETIC,NEITHER_REACHED,96
ES,prior_close,5,1.5,SYNTHETIC,SAME_BAR_BARRIER_TIE,20
ES,prior_close,5,2.0,REAL,REJECTION_FIRST,135
ES,prior_close,5,2.0,REAL,CONTINUATION_FIRST,126
ES,prior_close,5,2.0,REAL,NEITHER_REACHED,80
ES,prior_close,5,2.0,REAL,SAME_BAR_BARRIER_TIE,6
ES,prior_close,5,2.0,SYNTHETIC,REJECTION_FIRST,312
ES,prior_close,5,2.0,SYNTHETIC,CONTINUATION_FIRST,306
ES,prior_close,5,2.0,SYNTHETIC,NEITHER_REACHED,183
ES,prior_close,5,2.0,SYNTHETIC,SAME_BAR_BARRIER_TIE,7
ES,prior_close,10,0.5,REAL,REJECTION_FIRST,131
ES,prior_close,10,0.5,REAL,CONTINUATION_FIRST,123
ES,prior_close,10,0.5,REAL,SAME_BAR_BARRIER_TIE,93
ES,prior_close,10,0.5,SYNTHETIC,CONTINUATION_FIRST,317
ES,prior_close,10,0.5,SYNTHETIC,REJECTION_FIRST,301
ES,prior_close,10,0.5,SYNTHETIC,SAME_BAR_BARRIER_TIE,188
ES,prior_close,10,0.5,SYNTHETIC,NEITHER_REACHED,2
ES,prior_close,10,1.0,REAL,REJECTION_FIRST,157
ES,prior_close,10,1.0,REAL,CONTINUATION_FIRST,151
ES,prior_close,10,1.0,REAL,SAME_BAR_BARRIER_TIE,37
ES,prior_close,10,1.0,REAL,NEITHER_REACHED,2
ES,prior_close,10,1.0,SYNTHETIC,CONTINUATION_FIRST,381
ES,prior_close,10,1.0,SYNTHETIC,REJECTION_FIRST,366
ES,prior_close,10,1.0,SYNTHETIC,SAME_BAR_BARRIER_TIE,54
ES,prior_close,10,1.0,SYNTHETIC,NEITHER_REACHED,7
ES,prior_close,10,1.5,REAL,REJECTION_FIRST,163
ES,prior_close,10,1.5,REAL,CONTINUATION_FIRST,162
ES,prior_close,10,1.5,REAL,NEITHER_REACHED,15
ES,prior_close,10,1.5,REAL,SAME_BAR_BARRIER_TIE,7
ES,prior_close,10,1.5,SYNTHETIC,CONTINUATION_FIRST,378
ES,prior_close,10,1.5,SYNTHETIC,REJECTION_FIRST,371
ES,prior_close,10,1.5,SYNTHETIC,NEITHER_REACHED,38
ES,prior_close,10,1.5,SYNTHETIC,SAME_BAR_BARRIER_TIE,21
ES,prior_close,10,2.0,REAL,CONTINUATION_FIRST,158
ES,prior_close,10,2.0,REAL,REJECTION_FIRST,150
ES,prior_close,10,2.0,REAL,NEITHER_REACHED,33
ES,prior_close,10,2.0,REAL,SAME_BAR_BARRIER_TIE,6
ES,prior_close,10,2.0,SYNTHETIC,CONTINUATION_FIRST,356
ES,prior_close,10,2.0,SYNTHETIC,REJECTION_FIRST,354
ES,prior_close,10,2.0,SYNTHETIC,NEITHER_REACHED,90
ES,prior_close,10,2.0,SYNTHETIC,SAME_BAR_BARRIER_TIE,8
ES,prior_close,15,0.5,REAL,REJECTION_FIRST,131
ES,prior_close,15,0.5,REAL,CONTINUATION_FIRST,123
ES,prior_close,15,0.5,REAL,SAME_BAR_BARRIER_TIE,93
ES,prior_close,15,0.5,SYNTHETIC,CONTINUATION_FIRST,317
ES,prior_close,15,0.5,SYNTHETIC,REJECTION_FIRST,301
ES,prior_close,15,0.5,SYNTHETIC,SAME_BAR_BARRIER_TIE,188
ES,prior_close,15,0.5,SYNTHETIC,NEITHER_REACHED,2
ES,prior_close,15,1.0,REAL,REJECTION_FIRST,158
ES,prior_close,15,1.0,REAL,CONTINUATION_FIRST,152
ES,prior_close,15,1.0,REAL,SAME_BAR_BARRIER_TIE,37
ES,prior_close,15,1.0,SYNTHETIC,CONTINUATION_FIRST,383
ES,prior_close,15,1.0,SYNTHETIC,REJECTION_FIRST,367
ES,prior_close,15,1.0,SYNTHETIC,SAME_BAR_BARRIER_TIE,54
ES,prior_close,15,1.0,SYNTHETIC,NEITHER_REACHED,4
ES,prior_close,15,1.5,REAL,CONTINUATION_FIRST,167
ES,prior_close,15,1.5,REAL,REJECTION_FIRST,165
ES,prior_close,15,1.5,REAL,NEITHER_REACHED,8
ES,prior_close,15,1.5,REAL,SAME_BAR_BARRIER_TIE,7
ES,prior_close,15,1.5,SYNTHETIC,CONTINUATION_FIRST,387
ES,prior_close,15,1.5,SYNTHETIC,REJECTION_FIRST,380
ES,prior_close,15,1.5,SYNTHETIC,SAME_BAR_BARRIER_TIE,21
ES,prior_close,15,1.5,SYNTHETIC,NEITHER_REACHED,20
ES,prior_close,15,2.0,REAL,CONTINUATION_FIRST,164
ES,prior_close,15,2.0,REAL,REJECTION_FIRST,158
ES,prior_close,15,2.0,REAL,NEITHER_REACHED,19
ES,prior_close,15,2.0,REAL,SAME_BAR_BARRIER_TIE,6
ES,prior_close,15,2.0,SYNTHETIC,CONTINUATION_FIRST,377
ES,prior_close,15,2.0,SYNTHETIC,REJECTION_FIRST,377
ES,prior_close,15,2.0,SYNTHETIC,NEITHER_REACHED,46
ES,prior_close,15,2.0,SYNTHETIC,SAME_BAR_BARRIER_TIE,8
ES,prior_high,1,0.5,REAL,REJECTION_FIRST,102
ES,prior_high,1,0.5,REAL,CONTINUATION_FIRST,78
ES,prior_high,1,0.5,REAL,SAME_BAR_BARRIER_TIE,50
ES,prior_high,1,0.5,REAL,NEITHER_REACHED,5
ES,prior_high,1,0.5,SYNTHETIC,REJECTION_FIRST,294
ES,prior_high,1,0.5,SYNTHETIC,CONTINUATION_FIRST,267
ES,prior_high,1,0.5,SYNTHETIC,SAME_BAR_BARRIER_TIE,180
ES,prior_high,1,0.5,SYNTHETIC,NEITHER_REACHED,27
ES,prior_high,1,1.0,REAL,REJECTION_FIRST,88
ES,prior_high,1,1.0,REAL,CONTINUATION_FIRST,70
ES,prior_high,1,1.0,REAL,NEITHER_REACHED,62
ES,prior_high,1,1.0,REAL,SAME_BAR_BARRIER_TIE,15
ES,prior_high,1,1.0,SYNTHETIC,REJECTION_FIRST,269
ES,prior_high,1,1.0,SYNTHETIC,CONTINUATION_FIRST,256
ES,prior_high,1,1.0,SYNTHETIC,NEITHER_REACHED,186
ES,prior_high,1,1.0,SYNTHETIC,SAME_BAR_BARRIER_TIE,57
ES,prior_high,1,1.5,REAL,NEITHER_REACHED,113
ES,prior_high,1,1.5,REAL,REJECTION_FIRST,62
ES,prior_high,1,1.5,REAL,CONTINUATION_FIRST,56
ES,prior_high,1,1.5,REAL,SAME_BAR_BARRIER_TIE,4
ES,prior_high,1,1.5,SYNTHETIC,NEITHER_REACHED,339
ES,prior_high,1,1.5,SYNTHETIC,REJECTION_FIRST,212
ES,prior_high,1,1.5,SYNTHETIC,CONTINUATION_FIRST,196
ES,prior_high,1,1.5,SYNTHETIC,SAME_BAR_BARRIER_TIE,21
ES,prior_high,1,2.0,REAL,NEITHER_REACHED,152
ES,prior_high,1,2.0,REAL,REJECTION_FIRST,44
ES,prior_high,1,2.0,REAL,CONTINUATION_FIRST,36
ES,prior_high,1,2.0,REAL,SAME_BAR_BARRIER_TIE,3
ES,prior_high,1,2.0,SYNTHETIC,NEITHER_REACHED,479
ES,prior_high,1,2.0,SYNTHETIC,REJECTION_FIRST,157
ES,prior_high,1,2.0,SYNTHETIC,CONTINUATION_FIRST,125
ES,prior_high,1,2.0,SYNTHETIC,SAME_BAR_BARRIER_TIE,7
ES,prior_high,3,0.5,REAL,REJECTION_FIRST,103
ES,prior_high,3,0.5,REAL,CONTINUATION_FIRST,80
ES,prior_high,3,0.5,REAL,SAME_BAR_BARRIER_TIE,51
ES,prior_high,3,0.5,REAL,NEITHER_REACHED,1
ES,prior_high,3,0.5,SYNTHETIC,REJECTION_FIRST,306
ES,prior_high,3,0.5,SYNTHETIC,CONTINUATION_FIRST,280
ES,prior_high,3,0.5,SYNTHETIC,SAME_BAR_BARRIER_TIE,180
ES,prior_high,3,0.5,SYNTHETIC,NEITHER_REACHED,2
ES,prior_high,3,1.0,REAL,REJECTION_FIRST,110
ES,prior_high,3,1.0,REAL,CONTINUATION_FIRST,91
ES,prior_high,3,1.0,REAL,NEITHER_REACHED,17
ES,prior_high,3,1.0,REAL,SAME_BAR_BARRIER_TIE,17
ES,prior_high,3,1.0,SYNTHETIC,REJECTION_FIRST,328
ES,prior_high,3,1.0,SYNTHETIC,CONTINUATION_FIRST,323
ES,prior_high,3,1.0,SYNTHETIC,SAME_BAR_BARRIER_TIE,59
ES,prior_high,3,1.0,SYNTHETIC,NEITHER_REACHED,58
ES,prior_high,3,1.5,REAL,REJECTION_FIRST,91
ES,prior_high,3,1.5,REAL,CONTINUATION_FIRST,86
ES,prior_high,3,1.5,REAL,NEITHER_REACHED,54
ES,prior_high,3,1.5,REAL,SAME_BAR_BARRIER_TIE,4
ES,prior_high,3,1.5,SYNTHETIC,CONTINUATION_FIRST,295
ES,prior_high,3,1.5,SYNTHETIC,REJECTION_FIRST,287
ES,prior_high,3,1.5,SYNTHETIC,NEITHER_REACHED,165
ES,prior_high,3,1.5,SYNTHETIC,SAME_BAR_BARRIER_TIE,21
ES,prior_high,3,2.0,REAL,NEITHER_REACHED,97
ES,prior_high,3,2.0,REAL,REJECTION_FIRST,73
ES,prior_high,3,2.0,REAL,CONTINUATION_FIRST,62
ES,prior_high,3,2.0,REAL,SAME_BAR_BARRIER_TIE,3
ES,prior_high,3,2.0,SYNTHETIC,NEITHER_REACHED,301
ES,prior_high,3,2.0,SYNTHETIC,REJECTION_FIRST,241
ES,prior_high,3,2.0,SYNTHETIC,CONTINUATION_FIRST,219
ES,prior_high,3,2.0,SYNTHETIC,SAME_BAR_BARRIER_TIE,7
ES,prior_high,5,0.5,REAL,REJECTION_FIRST,103
ES,prior_high,5,0.5,REAL,CONTINUATION_FIRST,80
ES,prior_high,5,0.5,REAL,SAME_BAR_BARRIER_TIE,52
ES,prior_high,5,0.5,SYNTHETIC,REJECTION_FIRST,307
ES,prior_high,5,0.5,SYNTHETIC,CONTINUATION_FIRST,280
ES,prior_high,5,0.5,SYNTHETIC,SAME_BAR_BARRIER_TIE,180
ES,prior_high,5,0.5,SYNTHETIC,NEITHER_REACHED,1
ES,prior_high,5,1.0,REAL,REJECTION_FIRST,115
ES,prior_high,5,1.0,REAL,CONTINUATION_FIRST,98
ES,prior_high,5,1.0,REAL,SAME_BAR_BARRIER_TIE,17
ES,prior_high,5,1.0,REAL,NEITHER_REACHED,5
ES,prior_high,5,1.0,SYNTHETIC,REJECTION_FIRST,346
ES,prior_high,5,1.0,SYNTHETIC,CONTINUATION_FIRST,341
ES,prior_high,5,1.0,SYNTHETIC,SAME_BAR_BARRIER_TIE,59
ES,prior_high,5,1.0,SYNTHETIC,NEITHER_REACHED,22
ES,prior_high,5,1.5,REAL,REJECTION_FIRST,102
ES,prior_high,5,1.5,REAL,CONTINUATION_FIRST,98
ES,prior_high,5,1.5,REAL,NEITHER_REACHED,31
ES,prior_high,5,1.5,REAL,SAME_BAR_BARRIER_TIE,4
ES,prior_high,5,1.5,SYNTHETIC,CONTINUATION_FIRST,333
ES,prior_high,5,1.5,SYNTHETIC,REJECTION_FIRST,321
ES,prior_high,5,1.5,SYNTHETIC,NEITHER_REACHED,93
ES,prior_high,5,1.5,SYNTHETIC,SAME_BAR_BARRIER_TIE,21
ES,prior_high,5,2.0,REAL,REJECTION_FIRST,88
ES,prior_high,5,2.0,REAL,CONTINUATION_FIRST,86
ES,prior_high,5,2.0,REAL,NEITHER_REACHED,58
ES,prior_high,5,2.0,REAL,SAME_BAR_BARRIER_TIE,3
ES,prior_high,5,2.0,SYNTHETIC,REJECTION_FIRST,285
ES,prior_high,5,2.0,SYNTHETIC,CONTINUATION_FIRST,276
ES,prior_high,5,2.0,SYNTHETIC,NEITHER_REACHED,200
ES,prior_high,5,2.0,SYNTHETIC,SAME_BAR_BARRIER_TIE,7
ES,prior_high,10,0.5,REAL,REJECTION_FIRST,103
ES,prior_high,10,0.5,REAL,CONTINUATION_FIRST,80
ES,prior_high,10,0.5,REAL,SAME_BAR_BARRIER_TIE,52
ES,prior_high,10,0.5,SYNTHETIC,REJECTION_FIRST,307
ES,prior_high,10,0.5,SYNTHETIC,CONTINUATION_FIRST,280
ES,prior_high,10,0.5,SYNTHETIC,SAME_BAR_BARRIER_TIE,180
ES,prior_high,10,0.5,SYNTHETIC,NEITHER_REACHED,1
ES,prior_high,10,1.0,REAL,REJECTION_FIRST,119
ES,prior_high,10,1.0,REAL,CONTINUATION_FIRST,98
ES,prior_high,10,1.0,REAL,SAME_BAR_BARRIER_TIE,17
ES,prior_high,10,1.0,REAL,NEITHER_REACHED,1
ES,prior_high,10,1.0,SYNTHETIC,REJECTION_FIRST,358
ES,prior_high,10,1.0,SYNTHETIC,CONTINUATION_FIRST,348
ES,prior_high,10,1.0,SYNTHETIC,SAME_BAR_BARRIER_TIE,59
ES,prior_high,10,1.0,SYNTHETIC,NEITHER_REACHED,3
ES,prior_high,10,1.5,REAL,CONTINUATION_FIRST,109
ES,prior_high,10,1.5,REAL,REJECTION_FIRST,109
ES,prior_high,10,1.5,REAL,NEITHER_REACHED,13
ES,prior_high,10,1.5,REAL,SAME_BAR_BARRIER_TIE,4
ES,prior_high,10,1.5,SYNTHETIC,CONTINUATION_FIRST,369
ES,prior_high,10,1.5,SYNTHETIC,REJECTION_FIRST,350
ES,prior_high,10,1.5,SYNTHETIC,NEITHER_REACHED,28
ES,prior_high,10,1.5,SYNTHETIC,SAME_BAR_BARRIER_TIE,21
ES,prior_high,10,2.0,REAL,CONTINUATION_FIRST,103
ES,prior_high,10,2.0,REAL,REJECTION_FIRST,99
ES,prior_high,10,2.0,REAL,NEITHER_REACHED,30
ES,prior_high,10,2.0,REAL,SAME_BAR_BARRIER_TIE,3
ES,prior_high,10,2.0,SYNTHETIC,CONTINUATION_FIRST,341
ES,prior_high,10,2.0,SYNTHETIC,REJECTION_FIRST,329
ES,prior_high,10,2.0,SYNTHETIC,NEITHER_REACHED,91
ES,prior_high,10,2.0,SYNTHETIC,SAME_BAR_BARRIER_TIE,7
ES,prior_high,15,0.5,REAL,REJECTION_FIRST,103
ES,prior_high,15,0.5,REAL,CONTINUATION_FIRST,80
ES,prior_high,15,0.5,REAL,SAME_BAR_BARRIER_TIE,52
ES,prior_high,15,0.5,SYNTHETIC,REJECTION_FIRST,307
ES,prior_high,15,0.5,SYNTHETIC,CONTINUATION_FIRST,280
ES,prior_high,15,0.5,SYNTHETIC,SAME_BAR_BARRIER_TIE,180
ES,prior_high,15,0.5,SYNTHETIC,NEITHER_REACHED,1
ES,prior_high,15,1.0,REAL,REJECTION_FIRST,120
ES,prior_high,15,1.0,REAL,CONTINUATION_FIRST,98
ES,prior_high,15,1.0,REAL,SAME_BAR_BARRIER_TIE,17
ES,prior_high,15,1.0,SYNTHETIC,REJECTION_FIRST,358
ES,prior_high,15,1.0,SYNTHETIC,CONTINUATION_FIRST,349
ES,prior_high,15,1.0,SYNTHETIC,SAME_BAR_BARRIER_TIE,59
ES,prior_high,15,1.0,SYNTHETIC,NEITHER_REACHED,2
ES,prior_high,15,1.5,REAL,REJECTION_FIRST,113
ES,prior_high,15,1.5,REAL,CONTINUATION_FIRST,110
ES,prior_high,15,1.5,REAL,NEITHER_REACHED,8
ES,prior_high,15,1.5,REAL,SAME_BAR_BARRIER_TIE,4
ES,prior_high,15,1.5,SYNTHETIC,CONTINUATION_FIRST,379
ES,prior_high,15,1.5,SYNTHETIC,REJECTION_FIRST,355
ES,prior_high,15,1.5,SYNTHETIC,SAME_BAR_BARRIER_TIE,21
ES,prior_high,15,1.5,SYNTHETIC,NEITHER_REACHED,13
ES,prior_high,15,2.0,REAL,CONTINUATION_FIRST,110
ES,prior_high,15,2.0,REAL,REJECTION_FIRST,106
ES,prior_high,15,2.0,REAL,NEITHER_REACHED,16
ES,prior_high,15,2.0,REAL,SAME_BAR_BARRIER_TIE,3
ES,prior_high,15,2.0,SYNTHETIC,CONTINUATION_FIRST,369
ES,prior_high,15,2.0,SYNTHETIC,REJECTION_FIRST,348
ES,prior_high,15,2.0,SYNTHETIC,NEITHER_REACHED,44
ES,prior_high,15,2.0,SYNTHETIC,SAME_BAR_BARRIER_TIE,7
ES,prior_low,1,0.5,REAL,CONTINUATION_FIRST,71
ES,prior_low,1,0.5,REAL,REJECTION_FIRST,62
ES,prior_low,1,0.5,REAL,SAME_BAR_BARRIER_TIE,52
ES,prior_low,1,0.5,SYNTHETIC,REJECTION_FIRST,292
ES,prior_low,1,0.5,SYNTHETIC,CONTINUATION_FIRST,266
ES,prior_low,1,0.5,SYNTHETIC,SAME_BAR_BARRIER_TIE,256
ES,prior_low,1,0.5,SYNTHETIC,NEITHER_REACHED,8
ES,prior_low,1,1.0,REAL,CONTINUATION_FIRST,80
ES,prior_low,1,1.0,REAL,REJECTION_FIRST,65
ES,prior_low,1,1.0,REAL,SAME_BAR_BARRIER_TIE,24
ES,prior_low,1,1.0,REAL,NEITHER_REACHED,16
ES,prior_low,1,1.0,SYNTHETIC,REJECTION_FIRST,315
ES,prior_low,1,1.0,SYNTHETIC,CONTINUATION_FIRST,280
ES,prior_low,1,1.0,SYNTHETIC,NEITHER_REACHED,126
ES,prior_low,1,1.0,SYNTHETIC,SAME_BAR_BARRIER_TIE,101
ES,prior_low,1,1.5,REAL,CONTINUATION_FIRST,72
ES,prior_low,1,1.5,REAL,NEITHER_REACHED,55
ES,prior_low,1,1.5,REAL,REJECTION_FIRST,50
ES,prior_low,1,1.5,REAL,SAME_BAR_BARRIER_TIE,8
ES,prior_low,1,1.5,SYNTHETIC,REJECTION_FIRST,267
ES,prior_low,1,1.5,SYNTHETIC,NEITHER_REACHED,263
ES,prior_low,1,1.5,SYNTHETIC,CONTINUATION_FIRST,249
ES,prior_low,1,1.5,SYNTHETIC,SAME_BAR_BARRIER_TIE,43
ES,prior_low,1,2.0,REAL,NEITHER_REACHED,85
ES,prior_low,1,2.0,REAL,CONTINUATION_FIRST,58
ES,prior_low,1,2.0,REAL,REJECTION_FIRST,40
ES,prior_low,1,2.0,REAL,SAME_BAR_BARRIER_TIE,2
ES,prior_low,1,2.0,SYNTHETIC,NEITHER_REACHED,386
ES,prior_low,1,2.0,SYNTHETIC,REJECTION_FIRST,222
ES,prior_low,1,2.0,SYNTHETIC,CONTINUATION_FIRST,196
ES,prior_low,1,2.0,SYNTHETIC,SAME_BAR_BARRIER_TIE,18
ES,prior_low,3,0.5,REAL,CONTINUATION_FIRST,71
ES,prior_low,3,0.5,REAL,REJECTION_FIRST,62
ES,prior_low,3,0.5,REAL,SAME_BAR_BARRIER_TIE,52
ES,prior_low,3,0.5,SYNTHETIC,REJECTION_FIRST,295
ES,prior_low,3,0.5,SYNTHETIC,CONTINUATION_FIRST,271
ES,prior_low,3,0.5,SYNTHETIC,SAME_BAR_BARRIER_TIE,256
ES,prior_low,3,1.0,REAL,CONTINUATION_FIRST,85
ES,prior_low,3,1.0,REAL,REJECTION_FIRST,73
ES,prior_low,3,1.0,REAL,SAME_BAR_BARRIER_TIE,24
ES,prior_low,3,1.0,REAL,NEITHER_REACHED,3
ES,prior_low,3,1.0,SYNTHETIC,REJECTION_FIRST,368
ES,prior_low,3,1.0,SYNTHETIC,CONTINUATION_FIRST,328
ES,prior_low,3,1.0,SYNTHETIC,SAME_BAR_BARRIER_TIE,103
ES,prior_low,3,1.0,SYNTHETIC,NEITHER_REACHED,23
ES,prior_low,3,1.5,REAL,CONTINUATION_FIRST,82
ES,prior_low,3,1.5,REAL,REJECTION_FIRST,71
ES,prior_low,3,1.5,REAL,NEITHER_REACHED,24
ES,prior_low,3,1.5,REAL,SAME_BAR_BARRIER_TIE,8
ES,prior_low,3,1.5,SYNTHETIC,REJECTION_FIRST,346
ES,prior_low,3,1.5,SYNTHETIC,CONTINUATION_FIRST,333
ES,prior_low,3,1.5,SYNTHETIC,NEITHER_REACHED,100
ES,prior_low,3,1.5,SYNTHETIC,SAME_BAR_BARRIER_TIE,43
ES,prior_low,3,2.0,REAL,CONTINUATION_FIRST,75
ES,prior_low,3,2.0,REAL,REJECTION_FIRST,61
ES,prior_low,3,2.0,REAL,NEITHER_REACHED,47
ES,prior_low,3,2.0,REAL,SAME_BAR_BARRIER_TIE,2
ES,prior_low,3,2.0,SYNTHETIC,REJECTION_FIRST,311
ES,prior_low,3,2.0,SYNTHETIC,CONTINUATION_FIRST,290
ES,prior_low,3,2.0,SYNTHETIC,NEITHER_REACHED,203
ES,prior_low,3,2.0,SYNTHETIC,SAME_BAR_BARRIER_TIE,18
ES,prior_low,5,0.5,REAL,CONTINUATION_FIRST,71
ES,prior_low,5,0.5,REAL,REJECTION_FIRST,62
ES,prior_low,5,0.5,REAL,SAME_BAR_BARRIER_TIE,52
ES,prior_low,5,0.5,SYNTHETIC,REJECTION_FIRST,295
ES,prior_low,5,0.5,SYNTHETIC,CONTINUATION_FIRST,271
ES,prior_low,5,0.5,SYNTHETIC,SAME_BAR_BARRIER_TIE,256
ES,prior_low,5,1.0,REAL,CONTINUATION_FIRST,86
ES,prior_low,5,1.0,REAL,REJECTION_FIRST,74
ES,prior_low,5,1.0,REAL,SAME_BAR_BARRIER_TIE,24
ES,prior_low,5,1.0,REAL,NEITHER_REACHED,1
ES,prior_low,5,1.0,SYNTHETIC,REJECTION_FIRST,374
ES,prior_low,5,1.0,SYNTHETIC,CONTINUATION_FIRST,337
ES,prior_low,5,1.0,SYNTHETIC,SAME_BAR_BARRIER_TIE,103
ES,prior_low,5,1.0,SYNTHETIC,NEITHER_REACHED,8
ES,prior_low,5,1.5,REAL,CONTINUATION_FIRST,89
ES,prior_low,5,1.5,REAL,REJECTION_FIRST,74
ES,prior_low,5,1.5,REAL,NEITHER_REACHED,14
ES,prior_low,5,1.5,REAL,SAME_BAR_BARRIER_TIE,8
ES,prior_low,5,1.5,SYNTHETIC,REJECTION_FIRST,371
ES,prior_low,5,1.5,SYNTHETIC,CONTINUATION_FIRST,351
ES,prior_low,5,1.5,SYNTHETIC,NEITHER_REACHED,57
ES,prior_low,5,1.5,SYNTHETIC,SAME_BAR_BARRIER_TIE,43
ES,prior_low,5,2.0,REAL,CONTINUATION_FIRST,79
ES,prior_low,5,2.0,REAL,REJECTION_FIRST,69
ES,prior_low,5,2.0,REAL,NEITHER_REACHED,35
ES,prior_low,5,2.0,REAL,SAME_BAR_BARRIER_TIE,2
ES,prior_low,5,2.0,SYNTHETIC,REJECTION_FIRST,352
ES,prior_low,5,2.0,SYNTHETIC,CONTINUATION_FIRST,326
ES,prior_low,5,2.0,SYNTHETIC,NEITHER_REACHED,126
ES,prior_low,5,2.0,SYNTHETIC,SAME_BAR_BARRIER_TIE,18
ES,prior_low,10,0.5,REAL,CONTINUATION_FIRST,71
ES,prior_low,10,0.5,REAL,REJECTION_FIRST,62
ES,prior_low,10,0.5,REAL,SAME_BAR_BARRIER_TIE,52
ES,prior_low,10,0.5,SYNTHETIC,REJECTION_FIRST,295
ES,prior_low,10,0.5,SYNTHETIC,CONTINUATION_FIRST,271
ES,prior_low,10,0.5,SYNTHETIC,SAME_BAR_BARRIER_TIE,256
ES,prior_low,10,1.0,REAL,CONTINUATION_FIRST,86
ES,prior_low,10,1.0,REAL,REJECTION_FIRST,74
ES,prior_low,10,1.0,REAL,SAME_BAR_BARRIER_TIE,24
ES,prior_low,10,1.0,REAL,NEITHER_REACHED,1
ES,prior_low,10,1.0,SYNTHETIC,REJECTION_FIRST,380
ES,prior_low,10,1.0,SYNTHETIC,CONTINUATION_FIRST,339
ES,prior_low,10,1.0,SYNTHETIC,SAME_BAR_BARRIER_TIE,103
ES,prior_low,10,1.5,REAL,CONTINUATION_FIRST,94
ES,prior_low,10,1.5,REAL,REJECTION_FIRST,79
ES,prior_low,10,1.5,REAL,SAME_BAR_BARRIER_TIE,8
ES,prior_low,10,1.5,REAL,NEITHER_REACHED,4
ES,prior_low,10,1.5,SYNTHETIC,REJECTION_FIRST,394
ES,prior_low,10,1.5,SYNTHETIC,CONTINUATION_FIRST,372
ES,prior_low,10,1.5,SYNTHETIC,SAME_BAR_BARRIER_TIE,43
ES,prior_low,10,1.5,SYNTHETIC,NEITHER_REACHED,13
ES,prior_low,10,2.0,REAL,CONTINUATION_FIRST,86
ES,prior_low,10,2.0,REAL,REJECTION_FIRST,81
ES,prior_low,10,2.0,REAL,NEITHER_REACHED,16
ES,prior_low,10,2.0,REAL,SAME_BAR_BARRIER_TIE,2
ES,prior_low,10,2.0,SYNTHETIC,REJECTION_FIRST,390
ES,prior_low,10,2.0,SYNTHETIC,CONTINUATION_FIRST,360
ES,prior_low,10,2.0,SYNTHETIC,NEITHER_REACHED,53
ES,prior_low,10,2.0,SYNTHETIC,SAME_BAR_BARRIER_TIE,19
ES,prior_low,15,0.5,REAL,CONTINUATION_FIRST,71
ES,prior_low,15,0.5,REAL,REJECTION_FIRST,62
ES,prior_low,15,0.5,REAL,SAME_BAR_BARRIER_TIE,52
ES,prior_low,15,0.5,SYNTHETIC,REJECTION_FIRST,295
ES,prior_low,15,0.5,SYNTHETIC,CONTINUATION_FIRST,271
ES,prior_low,15,0.5,SYNTHETIC,SAME_BAR_BARRIER_TIE,256
ES,prior_low,15,1.0,REAL,CONTINUATION_FIRST,86
ES,prior_low,15,1.0,REAL,REJECTION_FIRST,75
ES,prior_low,15,1.0,REAL,SAME_BAR_BARRIER_TIE,24
ES,prior_low,15,1.0,SYNTHETIC,REJECTION_FIRST,380
ES,prior_low,15,1.0,SYNTHETIC,CONTINUATION_FIRST,339
ES,prior_low,15,1.0,SYNTHETIC,SAME_BAR_BARRIER_TIE,103
ES,prior_low,15,1.5,REAL,CONTINUATION_FIRST,96
ES,prior_low,15,1.5,REAL,REJECTION_FIRST,79
ES,prior_low,15,1.5,REAL,SAME_BAR_BARRIER_TIE,8
ES,prior_low,15,1.5,REAL,NEITHER_REACHED,2
ES,prior_low,15,1.5,SYNTHETIC,REJECTION_FIRST,396
ES,prior_low,15,1.5,SYNTHETIC,CONTINUATION_FIRST,376
ES,prior_low,15,1.5,SYNTHETIC,SAME_BAR_BARRIER_TIE,43
ES,prior_low,15,1.5,SYNTHETIC,NEITHER_REACHED,7
ES,prior_low,15,2.0,REAL,CONTINUATION_FIRST,87
ES,prior_low,15,2.0,REAL,REJECTION_FIRST,85
ES,prior_low,15,2.0,REAL,NEITHER_REACHED,11
ES,prior_low,15,2.0,REAL,SAME_BAR_BARRIER_TIE,2
ES,prior_low,15,2.0,SYNTHETIC,REJECTION_FIRST,400
ES,prior_low,15,2.0,SYNTHETIC,CONTINUATION_FIRST,370
ES,prior_low,15,2.0,SYNTHETIC,NEITHER_REACHED,33
ES,prior_low,15,2.0,SYNTHETIC,SAME_BAR_BARRIER_TIE,19
ES,prior_rth_mid,1,0.5,REAL,REJECTION_FIRST,103
ES,prior_rth_mid,1,0.5,REAL,CONTINUATION_FIRST,86
ES,prior_rth_mid,1,0.5,REAL,SAME_BAR_BARRIER_TIE,59
ES,prior_rth_mid,1,0.5,REAL,NEITHER_REACHED,7
ES,prior_rth_mid,1,0.5,SYNTHETIC,CONTINUATION_FIRST,287
ES,prior_rth_mid,1,0.5,SYNTHETIC,REJECTION_FIRST,287
ES,prior_rth_mid,1,0.5,SYNTHETIC,SAME_BAR_BARRIER_TIE,196
ES,prior_rth_mid,1,0.5,SYNTHETIC,NEITHER_REACHED,20
ES,prior_rth_mid,1,1.0,REAL,REJECTION_FIRST,98
ES,prior_rth_mid,1,1.0,REAL,CONTINUATION_FIRST,89
ES,prior_rth_mid,1,1.0,REAL,NEITHER_REACHED,45
ES,prior_rth_mid,1,1.0,REAL,SAME_BAR_BARRIER_TIE,23
ES,prior_rth_mid,1,1.0,SYNTHETIC,REJECTION_FIRST,270
ES,prior_rth_mid,1,1.0,SYNTHETIC,CONTINUATION_FIRST,267
ES,prior_rth_mid,1,1.0,SYNTHETIC,NEITHER_REACHED,190
ES,prior_rth_mid,1,1.0,SYNTHETIC,SAME_BAR_BARRIER_TIE,63
ES,prior_rth_mid,1,1.5,REAL,NEITHER_REACHED,100
ES,prior_rth_mid,1,1.5,REAL,REJECTION_FIRST,82
ES,prior_rth_mid,1,1.5,REAL,CONTINUATION_FIRST,65
ES,prior_rth_mid,1,1.5,REAL,SAME_BAR_BARRIER_TIE,8
ES,prior_rth_mid,1,1.5,SYNTHETIC,NEITHER_REACHED,354
ES,prior_rth_mid,1,1.5,SYNTHETIC,REJECTION_FIRST,216
ES,prior_rth_mid,1,1.5,SYNTHETIC,CONTINUATION_FIRST,198
ES,prior_rth_mid,1,1.5,SYNTHETIC,SAME_BAR_BARRIER_TIE,22
ES,prior_rth_mid,1,2.0,REAL,NEITHER_REACHED,147
ES,prior_rth_mid,1,2.0,REAL,REJECTION_FIRST,61
ES,prior_rth_mid,1,2.0,REAL,CONTINUATION_FIRST,43
ES,prior_rth_mid,1,2.0,REAL,SAME_BAR_BARRIER_TIE,4
ES,prior_rth_mid,1,2.0,SYNTHETIC,NEITHER_REACHED,505
ES,prior_rth_mid,1,2.0,SYNTHETIC,REJECTION_FIRST,142
ES,prior_rth_mid,1,2.0,SYNTHETIC,CONTINUATION_FIRST,135
ES,prior_rth_mid,1,2.0,SYNTHETIC,SAME_BAR_BARRIER_TIE,8
ES,prior_rth_mid,3,0.5,REAL,REJECTION_FIRST,106
ES,prior_rth_mid,3,0.5,REAL,CONTINUATION_FIRST,88
ES,prior_rth_mid,3,0.5,REAL,SAME_BAR_BARRIER_TIE,60
ES,prior_rth_mid,3,0.5,REAL,NEITHER_REACHED,1
ES,prior_rth_mid,3,0.5,SYNTHETIC,CONTINUATION_FIRST,295
ES,prior_rth_mid,3,0.5,SYNTHETIC,REJECTION_FIRST,295
ES,prior_rth_mid,3,0.5,SYNTHETIC,SAME_BAR_BARRIER_TIE,197
ES,prior_rth_mid,3,0.5,SYNTHETIC,NEITHER_REACHED,3
ES,prior_rth_mid,3,1.0,REAL,REJECTION_FIRST,118
ES,prior_rth_mid,3,1.0,REAL,CONTINUATION_FIRST,106
ES,prior_rth_mid,3,1.0,REAL,SAME_BAR_BARRIER_TIE,23
ES,prior_rth_mid,3,1.0,REAL,NEITHER_REACHED,8
ES,prior_rth_mid,3,1.0,SYNTHETIC,CONTINUATION_FIRST,341
ES,prior_rth_mid,3,1.0,SYNTHETIC,REJECTION_FIRST,331
ES,prior_rth_mid,3,1.0,SYNTHETIC,SAME_BAR_BARRIER_TIE,65
ES,prior_rth_mid,3,1.0,SYNTHETIC,NEITHER_REACHED,53
ES,prior_rth_mid,3,1.5,REAL,REJECTION_FIRST,104
ES,prior_rth_mid,3,1.5,REAL,CONTINUATION_FIRST,96
ES,prior_rth_mid,3,1.5,REAL,NEITHER_REACHED,47
ES,prior_rth_mid,3,1.5,REAL,SAME_BAR_BARRIER_TIE,8
ES,prior_rth_mid,3,1.5,SYNTHETIC,REJECTION_FIRST,312
ES,prior_rth_mid,3,1.5,SYNTHETIC,CONTINUATION_FIRST,305
ES,prior_rth_mid,3,1.5,SYNTHETIC,NEITHER_REACHED,150
ES,prior_rth_mid,3,1.5,SYNTHETIC,SAME_BAR_BARRIER_TIE,23
ES,prior_rth_mid,3,2.0,REAL,REJECTION_FIRST,90
ES,prior_rth_mid,3,2.0,REAL,NEITHER_REACHED,86
ES,prior_rth_mid,3,2.0,REAL,CONTINUATION_FIRST,75
ES,prior_rth_mid,3,2.0,REAL,SAME_BAR_BARRIER_TIE,4
ES,prior_rth_mid,3,2.0,SYNTHETIC,NEITHER_REACHED,279
ES,prior_rth_mid,3,2.0,SYNTHETIC,REJECTION_FIRST,269
ES,prior_rth_mid,3,2.0,SYNTHETIC,CONTINUATION_FIRST,234
ES,prior_rth_mid,3,2.0,SYNTHETIC,SAME_BAR_BARRIER_TIE,8
ES,prior_rth_mid,5,0.5,REAL,REJECTION_FIRST,106
ES,prior_rth_mid,5,0.5,REAL,CONTINUATION_FIRST,88
ES,prior_rth_mid,5,0.5,REAL,SAME_BAR_BARRIER_TIE,60
ES,prior_rth_mid,5,0.5,REAL,NEITHER_REACHED,1
ES,prior_rth_mid,5,0.5,SYNTHETIC,CONTINUATION_FIRST,296
ES,prior_rth_mid,5,0.5,SYNTHETIC,REJECTION_FIRST,295
ES,prior_rth_mid,5,0.5,SYNTHETIC,SAME_BAR_BARRIER_TIE,197
ES,prior_rth_mid,5,0.5,SYNTHETIC,NEITHER_REACHED,2
ES,prior_rth_mid,5,1.0,REAL,REJECTION_FIRST,119
ES,prior_rth_mid,5,1.0,REAL,CONTINUATION_FIRST,108
ES,prior_rth_mid,5,1.0,REAL,SAME_BAR_BARRIER_TIE,23
ES,prior_rth_mid,5,1.0,REAL,NEITHER_REACHED,5
ES,prior_rth_mid,5,1.0,SYNTHETIC,CONTINUATION_FIRST,351
ES,prior_rth_mid,5,1.0,SYNTHETIC,REJECTION_FIRST,342
ES,prior_rth_mid,5,1.0,SYNTHETIC,SAME_BAR_BARRIER_TIE,65
ES,prior_rth_mid,5,1.0,SYNTHETIC,NEITHER_REACHED,32
ES,prior_rth_mid,5,1.5,REAL,REJECTION_FIRST,113
ES,prior_rth_mid,5,1.5,REAL,CONTINUATION_FIRST,107
ES,prior_rth_mid,5,1.5,REAL,NEITHER_REACHED,27
ES,prior_rth_mid,5,1.5,REAL,SAME_BAR_BARRIER_TIE,8
ES,prior_rth_mid,5,1.5,SYNTHETIC,CONTINUATION_FIRST,344
ES,prior_rth_mid,5,1.5,SYNTHETIC,REJECTION_FIRST,337
ES,prior_rth_mid,5,1.5,SYNTHETIC,NEITHER_REACHED,85
ES,prior_rth_mid,5,1.5,SYNTHETIC,SAME_BAR_BARRIER_TIE,24
ES,prior_rth_mid,5,2.0,REAL,REJECTION_FIRST,102
ES,prior_rth_mid,5,2.0,REAL,CONTINUATION_FIRST,94
ES,prior_rth_mid,5,2.0,REAL,NEITHER_REACHED,55
ES,prior_rth_mid,5,2.0,REAL,SAME_BAR_BARRIER_TIE,4
ES,prior_rth_mid,5,2.0,SYNTHETIC,REJECTION_FIRST,299
ES,prior_rth_mid,5,2.0,SYNTHETIC,CONTINUATION_FIRST,297
ES,prior_rth_mid,5,2.0,SYNTHETIC,NEITHER_REACHED,186
ES,prior_rth_mid,5,2.0,SYNTHETIC,SAME_BAR_BARRIER_TIE,8
ES,prior_rth_mid,10,0.5,REAL,REJECTION_FIRST,106
ES,prior_rth_mid,10,0.5,REAL,CONTINUATION_FIRST,88
ES,prior_rth_mid,10,0.5,REAL,SAME_BAR_BARRIER_TIE,60
ES,prior_rth_mid,10,0.5,REAL,NEITHER_REACHED,1
ES,prior_rth_mid,10,0.5,SYNTHETIC,CONTINUATION_FIRST,297
ES,prior_rth_mid,10,0.5,SYNTHETIC,REJECTION_FIRST,295
ES,prior_rth_mid,10,0.5,SYNTHETIC,SAME_BAR_BARRIER_TIE,197
ES,prior_rth_mid,10,0.5,SYNTHETIC,NEITHER_REACHED,1
ES,prior_rth_mid,10,1.0,REAL,REJECTION_FIRST,120
ES,prior_rth_mid,10,1.0,REAL,CONTINUATION_FIRST,110
ES,prior_rth_mid,10,1.0,REAL,SAME_BAR_BARRIER_TIE,23
ES,prior_rth_mid,10,1.0,REAL,NEITHER_REACHED,2
ES,prior_rth_mid,10,1.0,SYNTHETIC,CONTINUATION_FIRST,363
ES,prior_rth_mid,10,1.0,SYNTHETIC,REJECTION_FIRST,357
ES,prior_rth_mid,10,1.0,SYNTHETIC,SAME_BAR_BARRIER_TIE,65
ES,prior_rth_mid,10,1.0,SYNTHETIC,NEITHER_REACHED,5
ES,prior_rth_mid,10,1.5,REAL,CONTINUATION_FIRST,119
ES,prior_rth_mid,10,1.5,REAL,REJECTION_FIRST,117
ES,prior_rth_mid,10,1.5,REAL,NEITHER_REACHED,11
ES,prior_rth_mid,10,1.5,REAL,SAME_BAR_BARRIER_TIE,8
ES,prior_rth_mid,10,1.5,SYNTHETIC,CONTINUATION_FIRST,367
ES,prior_rth_mid,10,1.5,SYNTHETIC,REJECTION_FIRST,366
ES,prior_rth_mid,10,1.5,SYNTHETIC,NEITHER_REACHED,33
ES,prior_rth_mid,10,1.5,SYNTHETIC,SAME_BAR_BARRIER_TIE,24
ES,prior_rth_mid,10,2.0,REAL,CONTINUATION_FIRST,117
ES,prior_rth_mid,10,2.0,REAL,REJECTION_FIRST,110
ES,prior_rth_mid,10,2.0,REAL,NEITHER_REACHED,24
ES,prior_rth_mid,10,2.0,REAL,SAME_BAR_BARRIER_TIE,4
ES,prior_rth_mid,10,2.0,SYNTHETIC,REJECTION_FIRST,355
ES,prior_rth_mid,10,2.0,SYNTHETIC,CONTINUATION_FIRST,343
ES,prior_rth_mid,10,2.0,SYNTHETIC,NEITHER_REACHED,83
ES,prior_rth_mid,10,2.0,SYNTHETIC,SAME_BAR_BARRIER_TIE,9
ES,prior_rth_mid,15,0.5,REAL,REJECTION_FIRST,106
ES,prior_rth_mid,15,0.5,REAL,CONTINUATION_FIRST,88
ES,prior_rth_mid,15,0.5,REAL,SAME_BAR_BARRIER_TIE,60
ES,prior_rth_mid,15,0.5,REAL,NEITHER_REACHED,1
ES,prior_rth_mid,15,0.5,SYNTHETIC,CONTINUATION_FIRST,297
ES,prior_rth_mid,15,0.5,SYNTHETIC,REJECTION_FIRST,295
ES,prior_rth_mid,15,0.5,SYNTHETIC,SAME_BAR_BARRIER_TIE,197
ES,prior_rth_mid,15,0.5,SYNTHETIC,NEITHER_REACHED,1
ES,prior_rth_mid,15,1.0,REAL,REJECTION_FIRST,120
ES,prior_rth_mid,15,1.0,REAL,CONTINUATION_FIRST,110
ES,prior_rth_mid,15,1.0,REAL,SAME_BAR_BARRIER_TIE,23
ES,prior_rth_mid,15,1.0,REAL,NEITHER_REACHED,2
ES,prior_rth_mid,15,1.0,SYNTHETIC,CONTINUATION_FIRST,365
ES,prior_rth_mid,15,1.0,SYNTHETIC,REJECTION_FIRST,357
ES,prior_rth_mid,15,1.0,SYNTHETIC,SAME_BAR_BARRIER_TIE,65
ES,prior_rth_mid,15,1.0,SYNTHETIC,NEITHER_REACHED,3
ES,prior_rth_mid,15,1.5,REAL,CONTINUATION_FIRST,121
ES,prior_rth_mid,15,1.5,REAL,REJECTION_FIRST,119
ES,prior_rth_mid,15,1.5,REAL,SAME_BAR_BARRIER_TIE,8
ES,prior_rth_mid,15,1.5,REAL,NEITHER_REACHED,7
ES,prior_rth_mid,15,1.5,SYNTHETIC,CONTINUATION_FIRST,379
ES,prior_rth_mid,15,1.5,SYNTHETIC,REJECTION_FIRST,370
ES,prior_rth_mid,15,1.5,SYNTHETIC,SAME_BAR_BARRIER_TIE,24
ES,prior_rth_mid,15,1.5,SYNTHETIC,NEITHER_REACHED,17
ES,prior_rth_mid,15,2.0,REAL,CONTINUATION_FIRST,124
ES,prior_rth_mid,15,2.0,REAL,REJECTION_FIRST,112
ES,prior_rth_mid,15,2.0,REAL,NEITHER_REACHED,15
ES,prior_rth_mid,15,2.0,REAL,SAME_BAR_BARRIER_TIE,4
ES,prior_rth_mid,15,2.0,SYNTHETIC,REJECTION_FIRST,371
ES,prior_rth_mid,15,2.0,SYNTHETIC,CONTINUATION_FIRST,368
ES,prior_rth_mid,15,2.0,SYNTHETIC,NEITHER_REACHED,42
ES,prior_rth_mid,15,2.0,SYNTHETIC,SAME_BAR_BARRIER_TIE,9
ES,prior_rth_vwap,1,0.5,REAL,REJECTION_FIRST,104
ES,prior_rth_vwap,1,0.5,REAL,CONTINUATION_FIRST,94
ES,prior_rth_vwap,1,0.5,REAL,SAME_BAR_BARRIER_TIE,66
ES,prior_rth_vwap,1,0.5,REAL,NEITHER_REACHED,5
ES,prior_rth_vwap,1,0.5,SYNTHETIC,CONTINUATION_FIRST,306
ES,prior_rth_vwap,1,0.5,SYNTHETIC,REJECTION_FIRST,273
ES,prior_rth_vwap,1,0.5,SYNTHETIC,SAME_BAR_BARRIER_TIE,192
ES,prior_rth_vwap,1,0.5,SYNTHETIC,NEITHER_REACHED,28
ES,prior_rth_vwap,1,1.0,REAL,CONTINUATION_FIRST,94
ES,prior_rth_vwap,1,1.0,REAL,REJECTION_FIRST,93
ES,prior_rth_vwap,1,1.0,REAL,NEITHER_REACHED,58
ES,prior_rth_vwap,1,1.0,REAL,SAME_BAR_BARRIER_TIE,24
ES,prior_rth_vwap,1,1.0,SYNTHETIC,CONTINUATION_FIRST,301
ES,prior_rth_vwap,1,1.0,SYNTHETIC,REJECTION_FIRST,261
ES,prior_rth_vwap,1,1.0,SYNTHETIC,NEITHER_REACHED,180
ES,prior_rth_vwap,1,1.0,SYNTHETIC,SAME_BAR_BARRIER_TIE,57
ES,prior_rth_vwap,1,1.5,REAL,NEITHER_REACHED,120
ES,prior_rth_vwap,1,1.5,REAL,REJECTION_FIRST,75
ES,prior_rth_vwap,1,1.5,REAL,CONTINUATION_FIRST,69
ES,prior_rth_vwap,1,1.5,REAL,SAME_BAR_BARRIER_TIE,5
ES,prior_rth_vwap,1,1.5,SYNTHETIC,NEITHER_REACHED,368
ES,prior_rth_vwap,1,1.5,SYNTHETIC,REJECTION_FIRST,207
ES,prior_rth_vwap,1,1.5,SYNTHETIC,CONTINUATION_FIRST,205
ES,prior_rth_vwap,1,1.5,SYNTHETIC,SAME_BAR_BARRIER_TIE,19
ES,prior_rth_vwap,1,2.0,REAL,NEITHER_REACHED,179
ES,prior_rth_vwap,1,2.0,REAL,REJECTION_FIRST,50
ES,prior_rth_vwap,1,2.0,REAL,CONTINUATION_FIRST,38
ES,prior_rth_vwap,1,2.0,REAL,SAME_BAR_BARRIER_TIE,2
ES,prior_rth_vwap,1,2.0,SYNTHETIC,NEITHER_REACHED,512
ES,prior_rth_vwap,1,2.0,SYNTHETIC,REJECTION_FIRST,141
ES,prior_rth_vwap,1,2.0,SYNTHETIC,CONTINUATION_FIRST,138
ES,prior_rth_vwap,1,2.0,SYNTHETIC,SAME_BAR_BARRIER_TIE,8
ES,prior_rth_vwap,3,0.5,REAL,REJECTION_FIRST,105
ES,prior_rth_vwap,3,0.5,REAL,CONTINUATION_FIRST,96
ES,prior_rth_vwap,3,0.5,REAL,SAME_BAR_BARRIER_TIE,66
ES,prior_rth_vwap,3,0.5,REAL,NEITHER_REACHED,2
ES,prior_rth_vwap,3,0.5,SYNTHETIC,CONTINUATION_FIRST,318
ES,prior_rth_vwap,3,0.5,SYNTHETIC,REJECTION_FIRST,284
ES,prior_rth_vwap,3,0.5,SYNTHETIC,SAME_BAR_BARRIER_TIE,195
ES,prior_rth_vwap,3,0.5,SYNTHETIC,NEITHER_REACHED,2
ES,prior_rth_vwap,3,1.0,REAL,CONTINUATION_FIRST,117
ES,prior_rth_vwap,3,1.0,REAL,REJECTION_FIRST,112
ES,prior_rth_vwap,3,1.0,REAL,SAME_BAR_BARRIER_TIE,24
ES,prior_rth_vwap,3,1.0,REAL,NEITHER_REACHED,16
ES,prior_rth_vwap,3,1.0,SYNTHETIC,CONTINUATION_FIRST,360
ES,prior_rth_vwap,3,1.0,SYNTHETIC,REJECTION_FIRST,327
ES,prior_rth_vwap,3,1.0,SYNTHETIC,SAME_BAR_BARRIER_TIE,58
ES,prior_rth_vwap,3,1.0,SYNTHETIC,NEITHER_REACHED,54
ES,prior_rth_vwap,3,1.5,REAL,REJECTION_FIRST,109
ES,prior_rth_vwap,3,1.5,REAL,CONTINUATION_FIRST,98
ES,prior_rth_vwap,3,1.5,REAL,NEITHER_REACHED,57
ES,prior_rth_vwap,3,1.5,REAL,SAME_BAR_BARRIER_TIE,5
ES,prior_rth_vwap,3,1.5,SYNTHETIC,CONTINUATION_FIRST,308
ES,prior_rth_vwap,3,1.5,SYNTHETIC,REJECTION_FIRST,307
ES,prior_rth_vwap,3,1.5,SYNTHETIC,NEITHER_REACHED,164
ES,prior_rth_vwap,3,1.5,SYNTHETIC,SAME_BAR_BARRIER_TIE,20
ES,prior_rth_vwap,3,2.0,REAL,NEITHER_REACHED,102
ES,prior_rth_vwap,3,2.0,REAL,REJECTION_FIRST,87
ES,prior_rth_vwap,3,2.0,REAL,CONTINUATION_FIRST,78
ES,prior_rth_vwap,3,2.0,REAL,SAME_BAR_BARRIER_TIE,2
ES,prior_rth_vwap,3,2.0,SYNTHETIC,NEITHER_REACHED,309
ES,prior_rth_vwap,3,2.0,SYNTHETIC,REJECTION_FIRST,243
ES,prior_rth_vwap,3,2.0,SYNTHETIC,CONTINUATION_FIRST,237
ES,prior_rth_vwap,3,2.0,SYNTHETIC,SAME_BAR_BARRIER_TIE,10
ES,prior_rth_vwap,5,0.5,REAL,REJECTION_FIRST,106
ES,prior_rth_vwap,5,0.5,REAL,CONTINUATION_FIRST,96
ES,prior_rth_vwap,5,0.5,REAL,SAME_BAR_BARRIER_TIE,66
ES,prior_rth_vwap,5,0.5,REAL,NEITHER_REACHED,1
ES,prior_rth_vwap,5,0.5,SYNTHETIC,CONTINUATION_FIRST,319
ES,prior_rth_vwap,5,0.5,SYNTHETIC,REJECTION_FIRST,284
ES,prior_rth_vwap,5,0.5,SYNTHETIC,SAME_BAR_BARRIER_TIE,195
ES,prior_rth_vwap,5,0.5,SYNTHETIC,NEITHER_REACHED,1
ES,prior_rth_vwap,5,1.0,REAL,CONTINUATION_FIRST,123
ES,prior_rth_vwap,5,1.0,REAL,REJECTION_FIRST,118
ES,prior_rth_vwap,5,1.0,REAL,SAME_BAR_BARRIER_TIE,24
ES,prior_rth_vwap,5,1.0,REAL,NEITHER_REACHED,4
ES,prior_rth_vwap,5,1.0,SYNTHETIC,CONTINUATION_FIRST,375
ES,prior_rth_vwap,5,1.0,SYNTHETIC,REJECTION_FIRST,343
ES,prior_rth_vwap,5,1.0,SYNTHETIC,SAME_BAR_BARRIER_TIE,58
ES,prior_rth_vwap,5,1.0,SYNTHETIC,NEITHER_REACHED,23
ES,prior_rth_vwap,5,1.5,REAL,REJECTION_FIRST,122
ES,prior_rth_vwap,5,1.5,REAL,CONTINUATION_FIRST,117
ES,prior_rth_vwap,5,1.5,REAL,NEITHER_REACHED,25
ES,prior_rth_vwap,5,1.5,REAL,SAME_BAR_BARRIER_TIE,5
ES,prior_rth_vwap,5,1.5,SYNTHETIC,CONTINUATION_FIRST,350
ES,prior_rth_vwap,5,1.5,SYNTHETIC,REJECTION_FIRST,342
ES,prior_rth_vwap,5,1.5,SYNTHETIC,NEITHER_REACHED,86
ES,prior_rth_vwap,5,1.5,SYNTHETIC,SAME_BAR_BARRIER_TIE,21
ES,prior_rth_vwap,5,2.0,REAL,REJECTION_FIRST,103
ES,prior_rth_vwap,5,2.0,REAL,CONTINUATION_FIRST,93
ES,prior_rth_vwap,5,2.0,REAL,NEITHER_REACHED,71
ES,prior_rth_vwap,5,2.0,REAL,SAME_BAR_BARRIER_TIE,2
ES,prior_rth_vwap,5,2.0,SYNTHETIC,CONTINUATION_FIRST,307
ES,prior_rth_vwap,5,2.0,SYNTHETIC,REJECTION_FIRST,282
ES,prior_rth_vwap,5,2.0,SYNTHETIC,NEITHER_REACHED,200
ES,prior_rth_vwap,5,2.0,SYNTHETIC,SAME_BAR_BARRIER_TIE,10
ES,prior_rth_vwap,10,0.5,REAL,REJECTION_FIRST,106
ES,prior_rth_vwap,10,0.5,REAL,CONTINUATION_FIRST,97
ES,prior_rth_vwap,10,0.5,REAL,SAME_BAR_BARRIER_TIE,66
ES,prior_rth_vwap,10,0.5,SYNTHETIC,CONTINUATION_FIRST,319
ES,prior_rth_vwap,10,0.5,SYNTHETIC,REJECTION_FIRST,284
ES,prior_rth_vwap,10,0.5,SYNTHETIC,SAME_BAR_BARRIER_TIE,195
ES,prior_rth_vwap,10,0.5,SYNTHETIC,NEITHER_REACHED,1
ES,prior_rth_vwap,10,1.0,REAL,CONTINUATION_FIRST,125
ES,prior_rth_vwap,10,1.0,REAL,REJECTION_FIRST,118
ES,prior_rth_vwap,10,1.0,REAL,SAME_BAR_BARRIER_TIE,24
ES,prior_rth_vwap,10,1.0,REAL,NEITHER_REACHED,2
ES,prior_rth_vwap,10,1.0,SYNTHETIC,CONTINUATION_FIRST,386
ES,prior_rth_vwap,10,1.0,SYNTHETIC,REJECTION_FIRST,353
ES,prior_rth_vwap,10,1.0,SYNTHETIC,SAME_BAR_BARRIER_TIE,58
ES,prior_rth_vwap,10,1.0,SYNTHETIC,NEITHER_REACHED,2
ES,prior_rth_vwap,10,1.5,REAL,CONTINUATION_FIRST,129
ES,prior_rth_vwap,10,1.5,REAL,REJECTION_FIRST,127
ES,prior_rth_vwap,10,1.5,REAL,NEITHER_REACHED,8
ES,prior_rth_vwap,10,1.5,REAL,SAME_BAR_BARRIER_TIE,5
ES,prior_rth_vwap,10,1.5,SYNTHETIC,CONTINUATION_FIRST,374
ES,prior_rth_vwap,10,1.5,SYNTHETIC,REJECTION_FIRST,374
ES,prior_rth_vwap,10,1.5,SYNTHETIC,NEITHER_REACHED,30
ES,prior_rth_vwap,10,1.5,SYNTHETIC,SAME_BAR_BARRIER_TIE,21
ES,prior_rth_vwap,10,2.0,REAL,REJECTION_FIRST,119
ES,prior_rth_vwap,10,2.0,REAL,CONTINUATION_FIRST,119
ES,prior_rth_vwap,10,2.0,REAL,NEITHER_REACHED,29
ES,prior_rth_vwap,10,2.0,REAL,SAME_BAR_BARRIER_TIE,2
ES,prior_rth_vwap,10,2.0,SYNTHETIC,CONTINUATION_FIRST,365
ES,prior_rth_vwap,10,2.0,SYNTHETIC,REJECTION_FIRST,336
ES,prior_rth_vwap,10,2.0,SYNTHETIC,NEITHER_REACHED,87
ES,prior_rth_vwap,10,2.0,SYNTHETIC,SAME_BAR_BARRIER_TIE,11
ES,prior_rth_vwap,15,0.5,REAL,REJECTION_FIRST,106
ES,prior_rth_vwap,15,0.5,REAL,CONTINUATION_FIRST,97
ES,prior_rth_vwap,15,0.5,REAL,SAME_BAR_BARRIER_TIE,66
ES,prior_rth_vwap,15,0.5,SYNTHETIC,CONTINUATION_FIRST,319
ES,prior_rth_vwap,15,0.5,SYNTHETIC,REJECTION_FIRST,284
ES,prior_rth_vwap,15,0.5,SYNTHETIC,SAME_BAR_BARRIER_TIE,195
ES,prior_rth_vwap,15,0.5,SYNTHETIC,NEITHER_REACHED,1
ES,prior_rth_vwap,15,1.0,REAL,CONTINUATION_FIRST,126
ES,prior_rth_vwap,15,1.0,REAL,REJECTION_FIRST,118
ES,prior_rth_vwap,15,1.0,REAL,SAME_BAR_BARRIER_TIE,24
ES,prior_rth_vwap,15,1.0,REAL,NEITHER_REACHED,1
ES,prior_rth_vwap,15,1.0,SYNTHETIC,CONTINUATION_FIRST,387
ES,prior_rth_vwap,15,1.0,SYNTHETIC,REJECTION_FIRST,353
ES,prior_rth_vwap,15,1.0,SYNTHETIC,SAME_BAR_BARRIER_TIE,58
ES,prior_rth_vwap,15,1.0,SYNTHETIC,NEITHER_REACHED,1
ES,prior_rth_vwap,15,1.5,REAL,CONTINUATION_FIRST,132
ES,prior_rth_vwap,15,1.5,REAL,REJECTION_FIRST,128
ES,prior_rth_vwap,15,1.5,REAL,SAME_BAR_BARRIER_TIE,5
ES,prior_rth_vwap,15,1.5,REAL,NEITHER_REACHED,4
ES,prior_rth_vwap,15,1.5,SYNTHETIC,CONTINUATION_FIRST,383
ES,prior_rth_vwap,15,1.5,SYNTHETIC,REJECTION_FIRST,380
ES,prior_rth_vwap,15,1.5,SYNTHETIC,SAME_BAR_BARRIER_TIE,21
ES,prior_rth_vwap,15,1.5,SYNTHETIC,NEITHER_REACHED,15
ES,prior_rth_vwap,15,2.0,REAL,CONTINUATION_FIRST,128
ES,prior_rth_vwap,15,2.0,REAL,REJECTION_FIRST,122
ES,prior_rth_vwap,15,2.0,REAL,NEITHER_REACHED,17
ES,prior_rth_vwap,15,2.0,REAL,SAME_BAR_BARRIER_TIE,2
ES,prior_rth_vwap,15,2.0,SYNTHETIC,CONTINUATION_FIRST,383
ES,prior_rth_vwap,15,2.0,SYNTHETIC,REJECTION_FIRST,353
ES,prior_rth_vwap,15,2.0,SYNTHETIC,NEITHER_REACHED,52
ES,prior_rth_vwap,15,2.0,SYNTHETIC,SAME_BAR_BARRIER_TIE,11
ES,q_D_p25,1,0.5,REAL,REJECTION_FIRST,446
ES,q_D_p25,1,0.5,REAL,CONTINUATION_FIRST,363
ES,q_D_p25,1,0.5,REAL,SAME_BAR_BARRIER_TIE,334
ES,q_D_p25,1,0.5,REAL,NEITHER_REACHED,9
ES,q_D_p25,1,0.5,SYNTHETIC,REJECTION_FIRST,353
ES,q_D_p25,1,0.5,SYNTHETIC,CONTINUATION_FIRST,331
ES,q_D_p25,1,0.5,SYNTHETIC,SAME_BAR_BARRIER_TIE,281
ES,q_D_p25,1,0.5,SYNTHETIC,NEITHER_REACHED,9
ES,q_D_p25,1,1.0,REAL,REJECTION_FIRST,486
ES,q_D_p25,1,1.0,REAL,CONTINUATION_FIRST,398
ES,q_D_p25,1,1.0,REAL,SAME_BAR_BARRIER_TIE,178
ES,q_D_p25,1,1.0,REAL,NEITHER_REACHED,90
ES,q_D_p25,1,1.0,SYNTHETIC,REJECTION_FIRST,380
ES,q_D_p25,1,1.0,SYNTHETIC,CONTINUATION_FIRST,355
ES,q_D_p25,1,1.0,SYNTHETIC,SAME_BAR_BARRIER_TIE,129
ES,q_D_p25,1,1.0,SYNTHETIC,NEITHER_REACHED,110
ES,q_D_p25,1,1.5,REAL,REJECTION_FIRST,457
ES,q_D_p25,1,1.5,REAL,CONTINUATION_FIRST,344
ES,q_D_p25,1,1.5,REAL,NEITHER_REACHED,284
ES,q_D_p25,1,1.5,REAL,SAME_BAR_BARRIER_TIE,67
ES,q_D_p25,1,1.5,SYNTHETIC,REJECTION_FIRST,362
ES,q_D_p25,1,1.5,SYNTHETIC,CONTINUATION_FIRST,301
ES,q_D_p25,1,1.5,SYNTHETIC,NEITHER_REACHED,256
ES,q_D_p25,1,1.5,SYNTHETIC,SAME_BAR_BARRIER_TIE,55
ES,q_D_p25,1,2.0,REAL,NEITHER_REACHED,463
ES,q_D_p25,1,2.0,REAL,REJECTION_FIRST,385
ES,q_D_p25,1,2.0,REAL,CONTINUATION_FIRST,281
ES,q_D_p25,1,2.0,REAL,SAME_BAR_BARRIER_TIE,23
ES,q_D_p25,1,2.0,SYNTHETIC,NEITHER_REACHED,411
ES,q_D_p25,1,2.0,SYNTHETIC,REJECTION_FIRST,292
ES,q_D_p25,1,2.0,SYNTHETIC,CONTINUATION_FIRST,253
ES,q_D_p25,1,2.0,SYNTHETIC,SAME_BAR_BARRIER_TIE,18
ES,q_D_p25,3,0.5,REAL,REJECTION_FIRST,448
ES,q_D_p25,3,0.5,REAL,CONTINUATION_FIRST,366
ES,q_D_p25,3,0.5,REAL,SAME_BAR_BARRIER_TIE,334
ES,q_D_p25,3,0.5,REAL,NEITHER_REACHED,4
ES,q_D_p25,3,0.5,SYNTHETIC,REJECTION_FIRST,355
ES,q_D_p25,3,0.5,SYNTHETIC,CONTINUATION_FIRST,334
ES,q_D_p25,3,0.5,SYNTHETIC,SAME_BAR_BARRIER_TIE,281
ES,q_D_p25,3,0.5,SYNTHETIC,NEITHER_REACHED,4
ES,q_D_p25,3,1.0,REAL,REJECTION_FIRST,513
ES,q_D_p25,3,1.0,REAL,CONTINUATION_FIRST,431
ES,q_D_p25,3,1.0,REAL,SAME_BAR_BARRIER_TIE,179
ES,q_D_p25,3,1.0,REAL,NEITHER_REACHED,29
ES,q_D_p25,3,1.0,SYNTHETIC,REJECTION_FIRST,413
ES,q_D_p25,3,1.0,SYNTHETIC,CONTINUATION_FIRST,397
ES,q_D_p25,3,1.0,SYNTHETIC,SAME_BAR_BARRIER_TIE,130
ES,q_D_p25,3,1.0,SYNTHETIC,NEITHER_REACHED,34
ES,q_D_p25,3,1.5,REAL,REJECTION_FIRST,530
ES,q_D_p25,3,1.5,REAL,CONTINUATION_FIRST,430
ES,q_D_p25,3,1.5,REAL,NEITHER_REACHED,121
ES,q_D_p25,3,1.5,REAL,SAME_BAR_BARRIER_TIE,71
ES,q_D_p25,3,1.5,SYNTHETIC,REJECTION_FIRST,430
ES,q_D_p25,3,1.5,SYNTHETIC,CONTINUATION_FIRST,377
ES,q_D_p25,3,1.5,SYNTHETIC,NEITHER_REACHED,108
ES,q_D_p25,3,1.5,SYNTHETIC,SAME_BAR_BARRIER_TIE,59
ES,q_D_p25,3,2.0,REAL,REJECTION_FIRST,490
ES,q_D_p25,3,2.0,REAL,CONTINUATION_FIRST,412
ES,q_D_p25,3,2.0,REAL,NEITHER_REACHED,225
ES,q_D_p25,3,2.0,REAL,SAME_BAR_BARRIER_TIE,25
ES,q_D_p25,3,2.0,SYNTHETIC,REJECTION_FIRST,385
ES,q_D_p25,3,2.0,SYNTHETIC,CONTINUATION_FIRST,370
ES,q_D_p25,3,2.0,SYNTHETIC,NEITHER_REACHED,200
ES,q_D_p25,3,2.0,SYNTHETIC,SAME_BAR_BARRIER_TIE,19
ES,q_D_p25,5,0.5,REAL,REJECTION_FIRST,450
ES,q_D_p25,5,0.5,REAL,CONTINUATION_FIRST,366
ES,q_D_p25,5,0.5,REAL,SAME_BAR_BARRIER_TIE,334
ES,q_D_p25,5,0.5,REAL,NEITHER_REACHED,2
ES,q_D_p25,5,0.5,SYNTHETIC,REJECTION_FIRST,358
ES,q_D_p25,5,0.5,SYNTHETIC,CONTINUATION_FIRST,334
ES,q_D_p25,5,0.5,SYNTHETIC,SAME_BAR_BARRIER_TIE,281
ES,q_D_p25,5,0.5,SYNTHETIC,NEITHER_REACHED,1
ES,q_D_p25,5,1.0,REAL,REJECTION_FIRST,518
ES,q_D_p25,5,1.0,REAL,CONTINUATION_FIRST,438
ES,q_D_p25,5,1.0,REAL,SAME_BAR_BARRIER_TIE,179
ES,q_D_p25,5,1.0,REAL,NEITHER_REACHED,17
ES,q_D_p25,5,1.0,SYNTHETIC,REJECTION_FIRST,421
ES,q_D_p25,5,1.0,SYNTHETIC,CONTINUATION_FIRST,405
ES,q_D_p25,5,1.0,SYNTHETIC,SAME_BAR_BARRIER_TIE,130
ES,q_D_p25,5,1.0,SYNTHETIC,NEITHER_REACHED,18
ES,q_D_p25,5,1.5,REAL,REJECTION_FIRST,558
ES,q_D_p25,5,1.5,REAL,CONTINUATION_FIRST,456
ES,q_D_p25,5,1.5,REAL,SAME_BAR_BARRIER_TIE,72
ES,q_D_p25,5,1.5,REAL,NEITHER_REACHED,66
ES,q_D_p25,5,1.5,SYNTHETIC,REJECTION_FIRST,455
ES,q_D_p25,5,1.5,SYNTHETIC,CONTINUATION_FIRST,403
ES,q_D_p25,5,1.5,SYNTHETIC,SAME_BAR_BARRIER_TIE,59
ES,q_D_p25,5,1.5,SYNTHETIC,NEITHER_REACHED,57
ES,q_D_p25,5,2.0,REAL,REJECTION_FIRST,527
ES,q_D_p25,5,2.0,REAL,CONTINUATION_FIRST,459
ES,q_D_p25,5,2.0,REAL,NEITHER_REACHED,141
ES,q_D_p25,5,2.0,REAL,SAME_BAR_BARRIER_TIE,25
ES,q_D_p25,5,2.0,SYNTHETIC,REJECTION_FIRST,416
ES,q_D_p25,5,2.0,SYNTHETIC,CONTINUATION_FIRST,400
ES,q_D_p25,5,2.0,SYNTHETIC,NEITHER_REACHED,139
ES,q_D_p25,5,2.0,SYNTHETIC,SAME_BAR_BARRIER_TIE,19
ES,q_D_p25,10,0.5,REAL,REJECTION_FIRST,450
ES,q_D_p25,10,0.5,REAL,CONTINUATION_FIRST,367
ES,q_D_p25,10,0.5,REAL,SAME_BAR_BARRIER_TIE,334
ES,q_D_p25,10,0.5,REAL,NEITHER_REACHED,1
ES,q_D_p25,10,0.5,SYNTHETIC,REJECTION_FIRST,358
ES,q_D_p25,10,0.5,SYNTHETIC,CONTINUATION_FIRST,335
ES,q_D_p25,10,0.5,SYNTHETIC,SAME_BAR_BARRIER_TIE,281
ES,q_D_p25,10,1.0,REAL,REJECTION_FIRST,528
ES,q_D_p25,10,1.0,REAL,CONTINUATION_FIRST,439
ES,q_D_p25,10,1.0,REAL,SAME_BAR_BARRIER_TIE,179
ES,q_D_p25,10,1.0,REAL,NEITHER_REACHED,6
ES,q_D_p25,10,1.0,SYNTHETIC,REJECTION_FIRST,429
ES,q_D_p25,10,1.0,SYNTHETIC,CONTINUATION_FIRST,407
ES,q_D_p25,10,1.0,SYNTHETIC,SAME_BAR_BARRIER_TIE,130
ES,q_D_p25,10,1.0,SYNTHETIC,NEITHER_REACHED,8
ES,q_D_p25,10,1.5,REAL,REJECTION_FIRST,578
ES,q_D_p25,10,1.5,REAL,CONTINUATION_FIRST,472
ES,q_D_p25,10,1.5,REAL,SAME_BAR_BARRIER_TIE,72
ES,q_D_p25,10,1.5,REAL,NEITHER_REACHED,30
ES,q_D_p25,10,1.5,SYNTHETIC,REJECTION_FIRST,474
ES,q_D_p25,10,1.5,SYNTHETIC,CONTINUATION_FIRST,415
ES,q_D_p25,10,1.5,SYNTHETIC,SAME_BAR_BARRIER_TIE,59
ES,q_D_p25,10,1.5,SYNTHETIC,NEITHER_REACHED,26
ES,q_D_p25,10,2.0,REAL,REJECTION_FIRST,565
ES,q_D_p25,10,2.0,REAL,CONTINUATION_FIRST,494
ES,q_D_p25,10,2.0,REAL,NEITHER_REACHED,68
ES,q_D_p25,10,2.0,REAL,SAME_BAR_BARRIER_TIE,25
ES,q_D_p25,10,2.0,SYNTHETIC,REJECTION_FIRST,455
ES,q_D_p25,10,2.0,SYNTHETIC,CONTINUATION_FIRST,436
ES,q_D_p25,10,2.0,SYNTHETIC,NEITHER_REACHED,64
ES,q_D_p25,10,2.0,SYNTHETIC,SAME_BAR_BARRIER_TIE,19
ES,q_D_p25,15,0.5,REAL,REJECTION_FIRST,450
ES,q_D_p25,15,0.5,REAL,CONTINUATION_FIRST,367
ES,q_D_p25,15,0.5,REAL,SAME_BAR_BARRIER_TIE,334
ES,q_D_p25,15,0.5,REAL,NEITHER_REACHED,1
ES,q_D_p25,15,0.5,SYNTHETIC,REJECTION_FIRST,358
ES,q_D_p25,15,0.5,SYNTHETIC,CONTINUATION_FIRST,335
ES,q_D_p25,15,0.5,SYNTHETIC,SAME_BAR_BARRIER_TIE,281
ES,q_D_p25,15,1.0,REAL,REJECTION_FIRST,529
ES,q_D_p25,15,1.0,REAL,CONTINUATION_FIRST,440
ES,q_D_p25,15,1.0,REAL,SAME_BAR_BARRIER_TIE,179
ES,q_D_p25,15,1.0,REAL,NEITHER_REACHED,4
ES,q_D_p25,15,1.0,SYNTHETIC,REJECTION_FIRST,431
ES,q_D_p25,15,1.0,SYNTHETIC,CONTINUATION_FIRST,407
ES,q_D_p25,15,1.0,SYNTHETIC,SAME_BAR_BARRIER_TIE,130
ES,q_D_p25,15,1.0,SYNTHETIC,NEITHER_REACHED,6
ES,q_D_p25,15,1.5,REAL,REJECTION_FIRST,588
ES,q_D_p25,15,1.5,REAL,CONTINUATION_FIRST,476
ES,q_D_p25,15,1.5,REAL,SAME_BAR_BARRIER_TIE,72
ES,q_D_p25,15,1.5,REAL,NEITHER_REACHED,16
ES,q_D_p25,15,1.5,SYNTHETIC,REJECTION_FIRST,482
ES,q_D_p25,15,1.5,SYNTHETIC,CONTINUATION_FIRST,417
ES,q_D_p25,15,1.5,SYNTHETIC,SAME_BAR_BARRIER_TIE,59
ES,q_D_p25,15,1.5,SYNTHETIC,NEITHER_REACHED,16
ES,q_D_p25,15,2.0,REAL,REJECTION_FIRST,582
ES,q_D_p25,15,2.0,REAL,CONTINUATION_FIRST,504
ES,q_D_p25,15,2.0,REAL,NEITHER_REACHED,41
ES,q_D_p25,15,2.0,REAL,SAME_BAR_BARRIER_TIE,25
ES,q_D_p25,15,2.0,SYNTHETIC,REJECTION_FIRST,473
ES,q_D_p25,15,2.0,SYNTHETIC,CONTINUATION_FIRST,445
ES,q_D_p25,15,2.0,SYNTHETIC,NEITHER_REACHED,37
ES,q_D_p25,15,2.0,SYNTHETIC,SAME_BAR_BARRIER_TIE,19
ES,q_D_p75,1,0.5,REAL,REJECTION_FIRST,363
ES,q_D_p75,1,0.5,REAL,CONTINUATION_FIRST,289
ES,q_D_p75,1,0.5,REAL,SAME_BAR_BARRIER_TIE,289
ES,q_D_p75,1,0.5,REAL,NEITHER_REACHED,8
ES,q_D_p75,1,0.5,SYNTHETIC,REJECTION_FIRST,341
ES,q_D_p75,1,0.5,SYNTHETIC,CONTINUATION_FIRST,299
ES,q_D_p75,1,0.5,SYNTHETIC,SAME_BAR_BARRIER_TIE,274
ES,q_D_p75,1,0.5,SYNTHETIC,NEITHER_REACHED,12
ES,q_D_p75,1,1.0,REAL,REJECTION_FIRST,397
ES,q_D_p75,1,1.0,REAL,CONTINUATION_FIRST,332
ES,q_D_p75,1,1.0,REAL,NEITHER_REACHED,111
ES,q_D_p75,1,1.0,REAL,SAME_BAR_BARRIER_TIE,109
ES,q_D_p75,1,1.0,SYNTHETIC,REJECTION_FIRST,370
ES,q_D_p75,1,1.0,SYNTHETIC,CONTINUATION_FIRST,335
ES,q_D_p75,1,1.0,SYNTHETIC,NEITHER_REACHED,128
ES,q_D_p75,1,1.0,SYNTHETIC,SAME_BAR_BARRIER_TIE,93
ES,q_D_p75,1,1.5,REAL,REJECTION_FIRST,355
ES,q_D_p75,1,1.5,REAL,NEITHER_REACHED,278
ES,q_D_p75,1,1.5,REAL,CONTINUATION_FIRST,277
ES,q_D_p75,1,1.5,REAL,SAME_BAR_BARRIER_TIE,39
ES,q_D_p75,1,1.5,SYNTHETIC,REJECTION_FIRST,322
ES,q_D_p75,1,1.5,SYNTHETIC,NEITHER_REACHED,296
ES,q_D_p75,1,1.5,SYNTHETIC,CONTINUATION_FIRST,268
ES,q_D_p75,1,1.5,SYNTHETIC,SAME_BAR_BARRIER_TIE,40
ES,q_D_p75,1,2.0,REAL,NEITHER_REACHED,414
ES,q_D_p75,1,2.0,REAL,REJECTION_FIRST,293
ES,q_D_p75,1,2.0,REAL,CONTINUATION_FIRST,219
ES,q_D_p75,1,2.0,REAL,SAME_BAR_BARRIER_TIE,23
ES,q_D_p75,1,2.0,SYNTHETIC,NEITHER_REACHED,440
ES,q_D_p75,1,2.0,SYNTHETIC,REJECTION_FIRST,247
ES,q_D_p75,1,2.0,SYNTHETIC,CONTINUATION_FIRST,219
ES,q_D_p75,1,2.0,SYNTHETIC,SAME_BAR_BARRIER_TIE,20
ES,q_D_p75,3,0.5,REAL,REJECTION_FIRST,369
ES,q_D_p75,3,0.5,REAL,CONTINUATION_FIRST,291
ES,q_D_p75,3,0.5,REAL,SAME_BAR_BARRIER_TIE,289
ES,q_D_p75,3,0.5,SYNTHETIC,REJECTION_FIRST,345
ES,q_D_p75,3,0.5,SYNTHETIC,CONTINUATION_FIRST,304
ES,q_D_p75,3,0.5,SYNTHETIC,SAME_BAR_BARRIER_TIE,274
ES,q_D_p75,3,0.5,SYNTHETIC,NEITHER_REACHED,3
ES,q_D_p75,3,1.0,REAL,REJECTION_FIRST,433
ES,q_D_p75,3,1.0,REAL,CONTINUATION_FIRST,381
ES,q_D_p75,3,1.0,REAL,SAME_BAR_BARRIER_TIE,112
ES,q_D_p75,3,1.0,REAL,NEITHER_REACHED,23
ES,q_D_p75,3,1.0,SYNTHETIC,REJECTION_FIRST,413
ES,q_D_p75,3,1.0,SYNTHETIC,CONTINUATION_FIRST,387
ES,q_D_p75,3,1.0,SYNTHETIC,SAME_BAR_BARRIER_TIE,98
ES,q_D_p75,3,1.0,SYNTHETIC,NEITHER_REACHED,28
ES,q_D_p75,3,1.5,REAL,REJECTION_FIRST,433
ES,q_D_p75,3,1.5,REAL,CONTINUATION_FIRST,372
ES,q_D_p75,3,1.5,REAL,NEITHER_REACHED,105
ES,q_D_p75,3,1.5,REAL,SAME_BAR_BARRIER_TIE,39
ES,q_D_p75,3,1.5,SYNTHETIC,REJECTION_FIRST,409
ES,q_D_p75,3,1.5,SYNTHETIC,CONTINUATION_FIRST,367
ES,q_D_p75,3,1.5,SYNTHETIC,NEITHER_REACHED,109
ES,q_D_p75,3,1.5,SYNTHETIC,SAME_BAR_BARRIER_TIE,41
ES,q_D_p75,3,2.0,REAL,REJECTION_FIRST,399
ES,q_D_p75,3,2.0,REAL,CONTINUATION_FIRST,332
ES,q_D_p75,3,2.0,REAL,NEITHER_REACHED,194
ES,q_D_p75,3,2.0,REAL,SAME_BAR_BARRIER_TIE,24
ES,q_D_p75,3,2.0,SYNTHETIC,REJECTION_FIRST,355
ES,q_D_p75,3,2.0,SYNTHETIC,CONTINUATION_FIRST,329
ES,q_D_p75,3,2.0,SYNTHETIC,NEITHER_REACHED,222
ES,q_D_p75,3,2.0,SYNTHETIC,SAME_BAR_BARRIER_TIE,20
ES,q_D_p75,5,0.5,REAL,REJECTION_FIRST,369
ES,q_D_p75,5,0.5,REAL,CONTINUATION_FIRST,291
ES,q_D_p75,5,0.5,REAL,SAME_BAR_BARRIER_TIE,289
ES,q_D_p75,5,0.5,SYNTHETIC,REJECTION_FIRST,346
ES,q_D_p75,5,0.5,SYNTHETIC,CONTINUATION_FIRST,304
ES,q_D_p75,5,0.5,SYNTHETIC,SAME_BAR_BARRIER_TIE,275
ES,q_D_p75,5,0.5,SYNTHETIC,NEITHER_REACHED,1
ES,q_D_p75,5,1.0,REAL,REJECTION_FIRST,438
ES,q_D_p75,5,1.0,REAL,CONTINUATION_FIRST,388
ES,q_D_p75,5,1.0,REAL,SAME_BAR_BARRIER_TIE,112
ES,q_D_p75,5,1.0,REAL,NEITHER_REACHED,11
ES,q_D_p75,5,1.0,SYNTHETIC,REJECTION_FIRST,420
ES,q_D_p75,5,1.0,SYNTHETIC,CONTINUATION_FIRST,393
ES,q_D_p75,5,1.0,SYNTHETIC,SAME_BAR_BARRIER_TIE,98
ES,q_D_p75,5,1.0,SYNTHETIC,NEITHER_REACHED,15
ES,q_D_p75,5,1.5,REAL,REJECTION_FIRST,457
ES,q_D_p75,5,1.5,REAL,CONTINUATION_FIRST,392
ES,q_D_p75,5,1.5,REAL,NEITHER_REACHED,61
ES,q_D_p75,5,1.5,REAL,SAME_BAR_BARRIER_TIE,39
ES,q_D_p75,5,1.5,SYNTHETIC,REJECTION_FIRST,431
ES,q_D_p75,5,1.5,SYNTHETIC,CONTINUATION_FIRST,385
ES,q_D_p75,5,1.5,SYNTHETIC,NEITHER_REACHED,68
ES,q_D_p75,5,1.5,SYNTHETIC,SAME_BAR_BARRIER_TIE,42
ES,q_D_p75,5,2.0,REAL,REJECTION_FIRST,439
ES,q_D_p75,5,2.0,REAL,CONTINUATION_FIRST,364
ES,q_D_p75,5,2.0,REAL,NEITHER_REACHED,122
ES,q_D_p75,5,2.0,REAL,SAME_BAR_BARRIER_TIE,24
ES,q_D_p75,5,2.0,SYNTHETIC,REJECTION_FIRST,394
ES,q_D_p75,5,2.0,SYNTHETIC,CONTINUATION_FIRST,368
ES,q_D_p75,5,2.0,SYNTHETIC,NEITHER_REACHED,144
ES,q_D_p75,5,2.0,SYNTHETIC,SAME_BAR_BARRIER_TIE,20
ES,q_D_p75,10,0.5,REAL,REJECTION_FIRST,369
ES,q_D_p75,10,0.5,REAL,CONTINUATION_FIRST,291
ES,q_D_p75,10,0.5,REAL,SAME_BAR_BARRIER_TIE,289
ES,q_D_p75,10,0.5,SYNTHETIC,REJECTION_FIRST,346
ES,q_D_p75,10,0.5,SYNTHETIC,CONTINUATION_FIRST,305
ES,q_D_p75,10,0.5,SYNTHETIC,SAME_BAR_BARRIER_TIE,275
ES,q_D_p75,10,1.0,REAL,REJECTION_FIRST,442
ES,q_D_p75,10,1.0,REAL,CONTINUATION_FIRST,394
ES,q_D_p75,10,1.0,REAL,SAME_BAR_BARRIER_TIE,112
ES,q_D_p75,10,1.0,REAL,NEITHER_REACHED,1
ES,q_D_p75,10,1.0,SYNTHETIC,REJECTION_FIRST,427
ES,q_D_p75,10,1.0,SYNTHETIC,CONTINUATION_FIRST,401
ES,q_D_p75,10,1.0,SYNTHETIC,SAME_BAR_BARRIER_TIE,98
ES,q_D_p75,10,1.5,REAL,REJECTION_FIRST,474
ES,q_D_p75,10,1.5,REAL,CONTINUATION_FIRST,419
ES,q_D_p75,10,1.5,REAL,SAME_BAR_BARRIER_TIE,39
ES,q_D_p75,10,1.5,REAL,NEITHER_REACHED,17
ES,q_D_p75,10,1.5,SYNTHETIC,REJECTION_FIRST,454
ES,q_D_p75,10,1.5,SYNTHETIC,CONTINUATION_FIRST,409
ES,q_D_p75,10,1.5,SYNTHETIC,SAME_BAR_BARRIER_TIE,42
ES,q_D_p75,10,1.5,SYNTHETIC,NEITHER_REACHED,21
ES,q_D_p75,10,2.0,REAL,REJECTION_FIRST,474
ES,q_D_p75,10,2.0,REAL,CONTINUATION_FIRST,397
ES,q_D_p75,10,2.0,REAL,NEITHER_REACHED,54
ES,q_D_p75,10,2.0,REAL,SAME_BAR_BARRIER_TIE,24
ES,q_D_p75,10,2.0,SYNTHETIC,REJECTION_FIRST,434
ES,q_D_p75,10,2.0,SYNTHETIC,CONTINUATION_FIRST,408
ES,q_D_p75,10,2.0,SYNTHETIC,NEITHER_REACHED,64
ES,q_D_p75,10,2.0,SYNTHETIC,SAME_BAR_BARRIER_TIE,20
ES,q_D_p75,15,0.5,REAL,REJECTION_FIRST,369
ES,q_D_p75,15,0.5,REAL,CONTINUATION_FIRST,291
ES,q_D_p75,15,0.5,REAL,SAME_BAR_BARRIER_TIE,289
ES,q_D_p75,15,0.5,SYNTHETIC,REJECTION_FIRST,346
ES,q_D_p75,15,0.5,SYNTHETIC,CONTINUATION_FIRST,305
ES,q_D_p75,15,0.5,SYNTHETIC,SAME_BAR_BARRIER_TIE,275
ES,q_D_p75,15,1.0,REAL,REJECTION_FIRST,443
ES,q_D_p75,15,1.0,REAL,CONTINUATION_FIRST,394
ES,q_D_p75,15,1.0,REAL,SAME_BAR_BARRIER_TIE,112
ES,q_D_p75,15,1.0,SYNTHETIC,REJECTION_FIRST,427
ES,q_D_p75,15,1.0,SYNTHETIC,CONTINUATION_FIRST,401
ES,q_D_p75,15,1.0,SYNTHETIC,SAME_BAR_BARRIER_TIE,98
ES,q_D_p75,15,1.5,REAL,REJECTION_FIRST,479
ES,q_D_p75,15,1.5,REAL,CONTINUATION_FIRST,425
ES,q_D_p75,15,1.5,REAL,SAME_BAR_BARRIER_TIE,39
ES,q_D_p75,15,1.5,REAL,NEITHER_REACHED,6
ES,q_D_p75,15,1.5,SYNTHETIC,REJECTION_FIRST,458
ES,q_D_p75,15,1.5,SYNTHETIC,CONTINUATION_FIRST,415
ES,q_D_p75,15,1.5,SYNTHETIC,SAME_BAR_BARRIER_TIE,42
ES,q_D_p75,15,1.5,SYNTHETIC,NEITHER_REACHED,11
ES,q_D_p75,15,2.0,REAL,REJECTION_FIRST,485
ES,q_D_p75,15,2.0,REAL,CONTINUATION_FIRST,414
ES,q_D_p75,15,2.0,REAL,NEITHER_REACHED,26
ES,q_D_p75,15,2.0,REAL,SAME_BAR_BARRIER_TIE,24
ES,q_D_p75,15,2.0,SYNTHETIC,REJECTION_FIRST,451
ES,q_D_p75,15,2.0,SYNTHETIC,CONTINUATION_FIRST,430
ES,q_D_p75,15,2.0,SYNTHETIC,NEITHER_REACHED,25
ES,q_D_p75,15,2.0,SYNTHETIC,SAME_BAR_BARRIER_TIE,20
ES,q_D_p90,1,0.5,REAL,REJECTION_FIRST,301
ES,q_D_p90,1,0.5,REAL,CONTINUATION_FIRST,258
ES,q_D_p90,1,0.5,REAL,SAME_BAR_BARRIER_TIE,257
ES,q_D_p90,1,0.5,REAL,NEITHER_REACHED,12
ES,q_D_p90,1,0.5,SYNTHETIC,REJECTION_FIRST,297
ES,q_D_p90,1,0.5,SYNTHETIC,CONTINUATION_FIRST,274
ES,q_D_p90,1,0.5,SYNTHETIC,SAME_BAR_BARRIER_TIE,270
ES,q_D_p90,1,0.5,SYNTHETIC,NEITHER_REACHED,9
ES,q_D_p90,1,1.0,REAL,REJECTION_FIRST,335
ES,q_D_p90,1,1.0,REAL,CONTINUATION_FIRST,282
ES,q_D_p90,1,1.0,REAL,NEITHER_REACHED,112
ES,q_D_p90,1,1.0,REAL,SAME_BAR_BARRIER_TIE,99
ES,q_D_p90,1,1.0,SYNTHETIC,CONTINUATION_FIRST,313
ES,q_D_p90,1,1.0,SYNTHETIC,REJECTION_FIRST,312
ES,q_D_p90,1,1.0,SYNTHETIC,NEITHER_REACHED,131
ES,q_D_p90,1,1.0,SYNTHETIC,SAME_BAR_BARRIER_TIE,94
ES,q_D_p90,1,1.5,REAL,NEITHER_REACHED,273
ES,q_D_p90,1,1.5,REAL,REJECTION_FIRST,269
ES,q_D_p90,1,1.5,REAL,CONTINUATION_FIRST,240
ES,q_D_p90,1,1.5,REAL,SAME_BAR_BARRIER_TIE,46
ES,q_D_p90,1,1.5,SYNTHETIC,NEITHER_REACHED,302
ES,q_D_p90,1,1.5,SYNTHETIC,REJECTION_FIRST,261
ES,q_D_p90,1,1.5,SYNTHETIC,CONTINUATION_FIRST,250
ES,q_D_p90,1,1.5,SYNTHETIC,SAME_BAR_BARRIER_TIE,37
ES,q_D_p90,1,2.0,REAL,NEITHER_REACHED,400
ES,q_D_p90,1,2.0,REAL,REJECTION_FIRST,223
ES,q_D_p90,1,2.0,REAL,CONTINUATION_FIRST,184
ES,q_D_p90,1,2.0,REAL,SAME_BAR_BARRIER_TIE,21
ES,q_D_p90,1,2.0,SYNTHETIC,NEITHER_REACHED,421
ES,q_D_p90,1,2.0,SYNTHETIC,REJECTION_FIRST,216
ES,q_D_p90,1,2.0,SYNTHETIC,CONTINUATION_FIRST,192
ES,q_D_p90,1,2.0,SYNTHETIC,SAME_BAR_BARRIER_TIE,21
ES,q_D_p90,3,0.5,REAL,REJECTION_FIRST,305
ES,q_D_p90,3,0.5,REAL,CONTINUATION_FIRST,264
ES,q_D_p90,3,0.5,REAL,SAME_BAR_BARRIER_TIE,257
ES,q_D_p90,3,0.5,REAL,NEITHER_REACHED,2
ES,q_D_p90,3,0.5,SYNTHETIC,REJECTION_FIRST,299
ES,q_D_p90,3,0.5,SYNTHETIC,CONTINUATION_FIRST,280
ES,q_D_p90,3,0.5,SYNTHETIC,SAME_BAR_BARRIER_TIE,271
ES,q_D_p90,3,1.0,REAL,REJECTION_FIRST,381
ES,q_D_p90,3,1.0,REAL,CONTINUATION_FIRST,320
ES,q_D_p90,3,1.0,REAL,SAME_BAR_BARRIER_TIE,102
ES,q_D_p90,3,1.0,REAL,NEITHER_REACHED,25
ES,q_D_p90,3,1.0,SYNTHETIC,REJECTION_FIRST,365
ES,q_D_p90,3,1.0,SYNTHETIC,CONTINUATION_FIRST,360
ES,q_D_p90,3,1.0,SYNTHETIC,SAME_BAR_BARRIER_TIE,99
ES,q_D_p90,3,1.0,SYNTHETIC,NEITHER_REACHED,26
ES,q_D_p90,3,1.5,REAL,REJECTION_FIRST,360
ES,q_D_p90,3,1.5,REAL,CONTINUATION_FIRST,309
ES,q_D_p90,3,1.5,REAL,NEITHER_REACHED,113
ES,q_D_p90,3,1.5,REAL,SAME_BAR_BARRIER_TIE,46
ES,q_D_p90,3,1.5,SYNTHETIC,REJECTION_FIRST,351
ES,q_D_p90,3,1.5,SYNTHETIC,CONTINUATION_FIRST,342
ES,q_D_p90,3,1.5,SYNTHETIC,NEITHER_REACHED,120
ES,q_D_p90,3,1.5,SYNTHETIC,SAME_BAR_BARRIER_TIE,37
ES,q_D_p90,3,2.0,REAL,REJECTION_FIRST,324
ES,q_D_p90,3,2.0,REAL,CONTINUATION_FIRST,276
ES,q_D_p90,3,2.0,REAL,NEITHER_REACHED,207
ES,q_D_p90,3,2.0,REAL,SAME_BAR_BARRIER_TIE,21
ES,q_D_p90,3,2.0,SYNTHETIC,REJECTION_FIRST,307
ES,q_D_p90,3,2.0,SYNTHETIC,CONTINUATION_FIRST,296
ES,q_D_p90,3,2.0,SYNTHETIC,NEITHER_REACHED,226
ES,q_D_p90,3,2.0,SYNTHETIC,SAME_BAR_BARRIER_TIE,21
ES,q_D_p90,5,0.5,REAL,REJECTION_FIRST,306
ES,q_D_p90,5,0.5,REAL,CONTINUATION_FIRST,265
ES,q_D_p90,5,0.5,REAL,SAME_BAR_BARRIER_TIE,257
ES,q_D_p90,5,0.5,SYNTHETIC,REJECTION_FIRST,299
ES,q_D_p90,5,0.5,SYNTHETIC,CONTINUATION_FIRST,280
ES,q_D_p90,5,0.5,SYNTHETIC,SAME_BAR_BARRIER_TIE,271
ES,q_D_p90,5,1.0,REAL,REJECTION_FIRST,388
ES,q_D_p90,5,1.0,REAL,CONTINUATION_FIRST,326
ES,q_D_p90,5,1.0,REAL,SAME_BAR_BARRIER_TIE,102
ES,q_D_p90,5,1.0,REAL,NEITHER_REACHED,12
ES,q_D_p90,5,1.0,SYNTHETIC,REJECTION_FIRST,372
ES,q_D_p90,5,1.0,SYNTHETIC,CONTINUATION_FIRST,369
ES,q_D_p90,5,1.0,SYNTHETIC,SAME_BAR_BARRIER_TIE,99
ES,q_D_p90,5,1.0,SYNTHETIC,NEITHER_REACHED,10
ES,q_D_p90,5,1.5,REAL,REJECTION_FIRST,387
ES,q_D_p90,5,1.5,REAL,CONTINUATION_FIRST,333
ES,q_D_p90,5,1.5,REAL,NEITHER_REACHED,62
ES,q_D_p90,5,1.5,REAL,SAME_BAR_BARRIER_TIE,46
ES,q_D_p90,5,1.5,SYNTHETIC,REJECTION_FIRST,381
ES,q_D_p90,5,1.5,SYNTHETIC,CONTINUATION_FIRST,368
ES,q_D_p90,5,1.5,SYNTHETIC,NEITHER_REACHED,64
ES,q_D_p90,5,1.5,SYNTHETIC,SAME_BAR_BARRIER_TIE,37
ES,q_D_p90,5,2.0,REAL,REJECTION_FIRST,373
ES,q_D_p90,5,2.0,REAL,CONTINUATION_FIRST,312
ES,q_D_p90,5,2.0,REAL,NEITHER_REACHED,122
ES,q_D_p90,5,2.0,REAL,SAME_BAR_BARRIER_TIE,21
ES,q_D_p90,5,2.0,SYNTHETIC,REJECTION_FIRST,353
ES,q_D_p90,5,2.0,SYNTHETIC,CONTINUATION_FIRST,332
ES,q_D_p90,5,2.0,SYNTHETIC,NEITHER_REACHED,144
ES,q_D_p90,5,2.0,SYNTHETIC,SAME_BAR_BARRIER_TIE,21
ES,q_D_p90,10,0.5,REAL,REJECTION_FIRST,306
ES,q_D_p90,10,0.5,REAL,CONTINUATION_FIRST,265
ES,q_D_p90,10,0.5,REAL,SAME_BAR_BARRIER_TIE,257
ES,q_D_p90,10,0.5,SYNTHETIC,REJECTION_FIRST,299
ES,q_D_p90,10,0.5,SYNTHETIC,CONTINUATION_FIRST,280
ES,q_D_p90,10,0.5,SYNTHETIC,SAME_BAR_BARRIER_TIE,271
ES,q_D_p90,10,1.0,REAL,REJECTION_FIRST,393
ES,q_D_p90,10,1.0,REAL,CONTINUATION_FIRST,330
ES,q_D_p90,10,1.0,REAL,SAME_BAR_BARRIER_TIE,102
ES,q_D_p90,10,1.0,REAL,NEITHER_REACHED,3
ES,q_D_p90,10,1.0,SYNTHETIC,REJECTION_FIRST,375
ES,q_D_p90,10,1.0,SYNTHETIC,CONTINUATION_FIRST,374
ES,q_D_p90,10,1.0,SYNTHETIC,SAME_BAR_BARRIER_TIE,99
ES,q_D_p90,10,1.0,SYNTHETIC,NEITHER_REACHED,2
ES,q_D_p90,10,1.5,REAL,REJECTION_FIRST,406
ES,q_D_p90,10,1.5,REAL,CONTINUATION_FIRST,356
ES,q_D_p90,10,1.5,REAL,SAME_BAR_BARRIER_TIE,46
ES,q_D_p90,10,1.5,REAL,NEITHER_REACHED,20
ES,q_D_p90,10,1.5,SYNTHETIC,REJECTION_FIRST,402
ES,q_D_p90,10,1.5,SYNTHETIC,CONTINUATION_FIRST,389
ES,q_D_p90,10,1.5,SYNTHETIC,SAME_BAR_BARRIER_TIE,37
ES,q_D_p90,10,1.5,SYNTHETIC,NEITHER_REACHED,22
ES,q_D_p90,10,2.0,REAL,REJECTION_FIRST,413
ES,q_D_p90,10,2.0,REAL,CONTINUATION_FIRST,348
ES,q_D_p90,10,2.0,REAL,NEITHER_REACHED,46
ES,q_D_p90,10,2.0,REAL,SAME_BAR_BARRIER_TIE,21
ES,q_D_p90,10,2.0,SYNTHETIC,REJECTION_FIRST,398
ES,q_D_p90,10,2.0,SYNTHETIC,CONTINUATION_FIRST,375
ES,q_D_p90,10,2.0,SYNTHETIC,NEITHER_REACHED,56
ES,q_D_p90,10,2.0,SYNTHETIC,SAME_BAR_BARRIER_TIE,21
ES,q_D_p90,15,0.5,REAL,REJECTION_FIRST,306
ES,q_D_p90,15,0.5,REAL,CONTINUATION_FIRST,265
ES,q_D_p90,15,0.5,REAL,SAME_BAR_BARRIER_TIE,257
ES,q_D_p90,15,0.5,SYNTHETIC,REJECTION_FIRST,299
ES,q_D_p90,15,0.5,SYNTHETIC,CONTINUATION_FIRST,280
ES,q_D_p90,15,0.5,SYNTHETIC,SAME_BAR_BARRIER_TIE,271
ES,q_D_p90,15,1.0,REAL,REJECTION_FIRST,396
ES,q_D_p90,15,1.0,REAL,CONTINUATION_FIRST,330
ES,q_D_p90,15,1.0,REAL,SAME_BAR_BARRIER_TIE,102
ES,q_D_p90,15,1.0,SYNTHETIC,REJECTION_FIRST,376
ES,q_D_p90,15,1.0,SYNTHETIC,CONTINUATION_FIRST,374
ES,q_D_p90,15,1.0,SYNTHETIC,SAME_BAR_BARRIER_TIE,99
ES,q_D_p90,15,1.0,SYNTHETIC,NEITHER_REACHED,1
ES,q_D_p90,15,1.5,REAL,REJECTION_FIRST,412
ES,q_D_p90,15,1.5,REAL,CONTINUATION_FIRST,360
ES,q_D_p90,15,1.5,REAL,SAME_BAR_BARRIER_TIE,46
ES,q_D_p90,15,1.5,REAL,NEITHER_REACHED,10
ES,q_D_p90,15,1.5,SYNTHETIC,REJECTION_FIRST,409
ES,q_D_p90,15,1.5,SYNTHETIC,CONTINUATION_FIRST,397
ES,q_D_p90,15,1.5,SYNTHETIC,SAME_BAR_BARRIER_TIE,37
ES,q_D_p90,15,1.5,SYNTHETIC,NEITHER_REACHED,7
ES,q_D_p90,15,2.0,REAL,REJECTION_FIRST,419
ES,q_D_p90,15,2.0,REAL,CONTINUATION_FIRST,359
ES,q_D_p90,15,2.0,REAL,NEITHER_REACHED,29
ES,q_D_p90,15,2.0,REAL,SAME_BAR_BARRIER_TIE,21
ES,q_D_p90,15,2.0,SYNTHETIC,REJECTION_FIRST,409
ES,q_D_p90,15,2.0,SYNTHETIC,CONTINUATION_FIRST,387
ES,q_D_p90,15,2.0,SYNTHETIC,NEITHER_REACHED,33
ES,q_D_p90,15,2.0,SYNTHETIC,SAME_BAR_BARRIER_TIE,21
ES,q_D_p95,1,0.5,REAL,REJECTION_FIRST,257
ES,q_D_p95,1,0.5,REAL,SAME_BAR_BARRIER_TIE,241
ES,q_D_p95,1,0.5,REAL,CONTINUATION_FIRST,240
ES,q_D_p95,1,0.5,REAL,NEITHER_REACHED,7
ES,q_D_p95,1,0.5,SYNTHETIC,REJECTION_FIRST,310
ES,q_D_p95,1,0.5,SYNTHETIC,CONTINUATION_FIRST,275
ES,q_D_p95,1,0.5,SYNTHETIC,SAME_BAR_BARRIER_TIE,247
ES,q_D_p95,1,0.5,SYNTHETIC,NEITHER_REACHED,12
ES,q_D_p95,1,1.0,REAL,REJECTION_FIRST,279
ES,q_D_p95,1,1.0,REAL,CONTINUATION_FIRST,255
ES,q_D_p95,1,1.0,REAL,NEITHER_REACHED,113
ES,q_D_p95,1,1.0,REAL,SAME_BAR_BARRIER_TIE,98
ES,q_D_p95,1,1.0,SYNTHETIC,REJECTION_FIRST,322
ES,q_D_p95,1,1.0,SYNTHETIC,CONTINUATION_FIRST,305
ES,q_D_p95,1,1.0,SYNTHETIC,NEITHER_REACHED,121
ES,q_D_p95,1,1.0,SYNTHETIC,SAME_BAR_BARRIER_TIE,96
ES,q_D_p95,1,1.5,REAL,NEITHER_REACHED,262
ES,q_D_p95,1,1.5,REAL,CONTINUATION_FIRST,221
ES,q_D_p95,1,1.5,REAL,REJECTION_FIRST,216
ES,q_D_p95,1,1.5,REAL,SAME_BAR_BARRIER_TIE,46
ES,q_D_p95,1,1.5,SYNTHETIC,NEITHER_REACHED,282
ES,q_D_p95,1,1.5,SYNTHETIC,REJECTION_FIRST,273
ES,q_D_p95,1,1.5,SYNTHETIC,CONTINUATION_FIRST,249
ES,q_D_p95,1,1.5,SYNTHETIC,SAME_BAR_BARRIER_TIE,40
ES,q_D_p95,1,2.0,REAL,NEITHER_REACHED,368
ES,q_D_p95,1,2.0,REAL,REJECTION_FIRST,183
ES,q_D_p95,1,2.0,REAL,CONTINUATION_FIRST,173
ES,q_D_p95,1,2.0,REAL,SAME_BAR_BARRIER_TIE,21
ES,q_D_p95,1,2.0,SYNTHETIC,NEITHER_REACHED,410
ES,q_D_p95,1,2.0,SYNTHETIC,REJECTION_FIRST,222
ES,q_D_p95,1,2.0,SYNTHETIC,CONTINUATION_FIRST,193
ES,q_D_p95,1,2.0,SYNTHETIC,SAME_BAR_BARRIER_TIE,19
ES,q_D_p95,3,0.5,REAL,REJECTION_FIRST,259
ES,q_D_p95,3,0.5,REAL,CONTINUATION_FIRST,244
ES,q_D_p95,3,0.5,REAL,SAME_BAR_BARRIER_TIE,242
ES,q_D_p95,3,0.5,SYNTHETIC,REJECTION_FIRST,314
ES,q_D_p95,3,0.5,SYNTHETIC,CONTINUATION_FIRST,281
ES,q_D_p95,3,0.5,SYNTHETIC,SAME_BAR_BARRIER_TIE,248
ES,q_D_p95,3,0.5,SYNTHETIC,NEITHER_REACHED,1
ES,q_D_p95,3,1.0,REAL,REJECTION_FIRST,330
ES,q_D_p95,3,1.0,REAL,CONTINUATION_FIRST,291
ES,q_D_p95,3,1.0,REAL,SAME_BAR_BARRIER_TIE,99
ES,q_D_p95,3,1.0,REAL,NEITHER_REACHED,25
ES,q_D_p95,3,1.0,SYNTHETIC,REJECTION_FIRST,366
ES,q_D_p95,3,1.0,SYNTHETIC,CONTINUATION_FIRST,350
ES,q_D_p95,3,1.0,SYNTHETIC,SAME_BAR_BARRIER_TIE,98
ES,q_D_p95,3,1.0,SYNTHETIC,NEITHER_REACHED,30
ES,q_D_p95,3,1.5,REAL,REJECTION_FIRST,301
ES,q_D_p95,3,1.5,REAL,CONTINUATION_FIRST,294
ES,q_D_p95,3,1.5,REAL,NEITHER_REACHED,103
ES,q_D_p95,3,1.5,REAL,SAME_BAR_BARRIER_TIE,47
ES,q_D_p95,3,1.5,SYNTHETIC,REJECTION_FIRST,361
ES,q_D_p95,3,1.5,SYNTHETIC,CONTINUATION_FIRST,329
ES,q_D_p95,3,1.5,SYNTHETIC,NEITHER_REACHED,114
ES,q_D_p95,3,1.5,SYNTHETIC,SAME_BAR_BARRIER_TIE,40
ES,q_D_p95,3,2.0,REAL,REJECTION_FIRST,278
ES,q_D_p95,3,2.0,REAL,CONTINUATION_FIRST,251
ES,q_D_p95,3,2.0,REAL,NEITHER_REACHED,195
ES,q_D_p95,3,2.0,REAL,SAME_BAR_BARRIER_TIE,21
ES,q_D_p95,3,2.0,SYNTHETIC,REJECTION_FIRST,317
ES,q_D_p95,3,2.0,SYNTHETIC,CONTINUATION_FIRST,293
ES,q_D_p95,3,2.0,SYNTHETIC,NEITHER_REACHED,215
ES,q_D_p95,3,2.0,SYNTHETIC,SAME_BAR_BARRIER_TIE,19
ES,q_D_p95,5,0.5,REAL,REJECTION_FIRST,259
ES,q_D_p95,5,0.5,REAL,CONTINUATION_FIRST,244
ES,q_D_p95,5,0.5,REAL,SAME_BAR_BARRIER_TIE,242
ES,q_D_p95,5,0.5,SYNTHETIC,REJECTION_FIRST,314
ES,q_D_p95,5,0.5,SYNTHETIC,CONTINUATION_FIRST,282
ES,q_D_p95,5,0.5,SYNTHETIC,SAME_BAR_BARRIER_TIE,248
ES,q_D_p95,5,1.0,REAL,REJECTION_FIRST,338
ES,q_D_p95,5,1.0,REAL,CONTINUATION_FIRST,298
ES,q_D_p95,5,1.0,REAL,SAME_BAR_BARRIER_TIE,99
ES,q_D_p95,5,1.0,REAL,NEITHER_REACHED,10
ES,q_D_p95,5,1.0,SYNTHETIC,REJECTION_FIRST,370
ES,q_D_p95,5,1.0,SYNTHETIC,CONTINUATION_FIRST,362
ES,q_D_p95,5,1.0,SYNTHETIC,SAME_BAR_BARRIER_TIE,98
ES,q_D_p95,5,1.0,SYNTHETIC,NEITHER_REACHED,14
ES,q_D_p95,5,1.5,REAL,REJECTION_FIRST,328
ES,q_D_p95,5,1.5,REAL,CONTINUATION_FIRST,318
ES,q_D_p95,5,1.5,REAL,NEITHER_REACHED,52
ES,q_D_p95,5,1.5,REAL,SAME_BAR_BARRIER_TIE,47
ES,q_D_p95,5,1.5,SYNTHETIC,REJECTION_FIRST,390
ES,q_D_p95,5,1.5,SYNTHETIC,CONTINUATION_FIRST,353
ES,q_D_p95,5,1.5,SYNTHETIC,NEITHER_REACHED,61
ES,q_D_p95,5,1.5,SYNTHETIC,SAME_BAR_BARRIER_TIE,40
ES,q_D_p95,5,2.0,REAL,REJECTION_FIRST,329
ES,q_D_p95,5,2.0,REAL,CONTINUATION_FIRST,289
ES,q_D_p95,5,2.0,REAL,NEITHER_REACHED,106
ES,q_D_p95,5,2.0,REAL,SAME_BAR_BARRIER_TIE,21
ES,q_D_p95,5,2.0,SYNTHETIC,REJECTION_FIRST,358
ES,q_D_p95,5,2.0,SYNTHETIC,CONTINUATION_FIRST,326
ES,q_D_p95,5,2.0,SYNTHETIC,NEITHER_REACHED,141
ES,q_D_p95,5,2.0,SYNTHETIC,SAME_BAR_BARRIER_TIE,19
ES,q_D_p95,10,0.5,REAL,REJECTION_FIRST,259
ES,q_D_p95,10,0.5,REAL,CONTINUATION_FIRST,244
ES,q_D_p95,10,0.5,REAL,SAME_BAR_BARRIER_TIE,242
ES,q_D_p95,10,0.5,SYNTHETIC,REJECTION_FIRST,314
ES,q_D_p95,10,0.5,SYNTHETIC,CONTINUATION_FIRST,282
ES,q_D_p95,10,0.5,SYNTHETIC,SAME_BAR_BARRIER_TIE,248
ES,q_D_p95,10,1.0,REAL,REJECTION_FIRST,341
ES,q_D_p95,10,1.0,REAL,CONTINUATION_FIRST,305
ES,q_D_p95,10,1.0,REAL,SAME_BAR_BARRIER_TIE,99
ES,q_D_p95,10,1.0,SYNTHETIC,REJECTION_FIRST,380
ES,q_D_p95,10,1.0,SYNTHETIC,CONTINUATION_FIRST,365
ES,q_D_p95,10,1.0,SYNTHETIC,SAME_BAR_BARRIER_TIE,98
ES,q_D_p95,10,1.0,SYNTHETIC,NEITHER_REACHED,1
ES,q_D_p95,10,1.5,REAL,REJECTION_FIRST,347
ES,q_D_p95,10,1.5,REAL,CONTINUATION_FIRST,336
ES,q_D_p95,10,1.5,REAL,SAME_BAR_BARRIER_TIE,47
ES,q_D_p95,10,1.5,REAL,NEITHER_REACHED,15
ES,q_D_p95,10,1.5,SYNTHETIC,REJECTION_FIRST,413
ES,q_D_p95,10,1.5,SYNTHETIC,CONTINUATION_FIRST,377
ES,q_D_p95,10,1.5,SYNTHETIC,SAME_BAR_BARRIER_TIE,40
ES,q_D_p95,10,1.5,SYNTHETIC,NEITHER_REACHED,14
ES,q_D_p95,10,2.0,REAL,REJECTION_FIRST,349
ES,q_D_p95,10,2.0,REAL,CONTINUATION_FIRST,326
ES,q_D_p95,10,2.0,REAL,NEITHER_REACHED,49
ES,q_D_p95,10,2.0,REAL,SAME_BAR_BARRIER_TIE,21
ES,q_D_p95,10,2.0,SYNTHETIC,REJECTION_FIRST,399
ES,q_D_p95,10,2.0,SYNTHETIC,CONTINUATION_FIRST,368
ES,q_D_p95,10,2.0,SYNTHETIC,NEITHER_REACHED,58
ES,q_D_p95,10,2.0,SYNTHETIC,SAME_BAR_BARRIER_TIE,19
ES,q_D_p95,15,0.5,REAL,REJECTION_FIRST,259
ES,q_D_p95,15,0.5,REAL,CONTINUATION_FIRST,244
ES,q_D_p95,15,0.5,REAL,SAME_BAR_BARRIER_TIE,242
ES,q_D_p95,15,0.5,SYNTHETIC,REJECTION_FIRST,314
ES,q_D_p95,15,0.5,SYNTHETIC,CONTINUATION_FIRST,282
ES,q_D_p95,15,0.5,SYNTHETIC,SAME_BAR_BARRIER_TIE,248
ES,q_D_p95,15,1.0,REAL,REJECTION_FIRST,341
ES,q_D_p95,15,1.0,REAL,CONTINUATION_FIRST,305
ES,q_D_p95,15,1.0,REAL,SAME_BAR_BARRIER_TIE,99
ES,q_D_p95,15,1.0,SYNTHETIC,REJECTION_FIRST,380
ES,q_D_p95,15,1.0,SYNTHETIC,CONTINUATION_FIRST,366
ES,q_D_p95,15,1.0,SYNTHETIC,SAME_BAR_BARRIER_TIE,98
ES,q_D_p95,15,1.5,REAL,REJECTION_FIRST,352
ES,q_D_p95,15,1.5,REAL,CONTINUATION_FIRST,342
ES,q_D_p95,15,1.5,REAL,SAME_BAR_BARRIER_TIE,47
ES,q_D_p95,15,1.5,REAL,NEITHER_REACHED,4
ES,q_D_p95,15,1.5,SYNTHETIC,REJECTION_FIRST,420
ES,q_D_p95,15,1.5,SYNTHETIC,CONTINUATION_FIRST,383
ES,q_D_p95,15,1.5,SYNTHETIC,SAME_BAR_BARRIER_TIE,40
ES,q_D_p95,15,1.5,SYNTHETIC,NEITHER_REACHED,1
ES,q_D_p95,15,2.0,REAL,REJECTION_FIRST,363
ES,q_D_p95,15,2.0,REAL,CONTINUATION_FIRST,336
ES,q_D_p95,15,2.0,REAL,NEITHER_REACHED,25
ES,q_D_p95,15,2.0,REAL,SAME_BAR_BARRIER_TIE,21
ES,q_D_p95,15,2.0,SYNTHETIC,REJECTION_FIRST,410
ES,q_D_p95,15,2.0,SYNTHETIC,CONTINUATION_FIRST,382
ES,q_D_p95,15,2.0,SYNTHETIC,NEITHER_REACHED,33
ES,q_D_p95,15,2.0,SYNTHETIC,SAME_BAR_BARRIER_TIE,19
ES,q_U_p25,1,0.5,REAL,REJECTION_FIRST,455
ES,q_U_p25,1,0.5,REAL,CONTINUATION_FIRST,394
ES,q_U_p25,1,0.5,REAL,SAME_BAR_BARRIER_TIE,285
ES,q_U_p25,1,0.5,REAL,NEITHER_REACHED,17
ES,q_U_p25,1,0.5,SYNTHETIC,REJECTION_FIRST,393
ES,q_U_p25,1,0.5,SYNTHETIC,CONTINUATION_FIRST,371
ES,q_U_p25,1,0.5,SYNTHETIC,SAME_BAR_BARRIER_TIE,257
ES,q_U_p25,1,0.5,SYNTHETIC,NEITHER_REACHED,23
ES,q_U_p25,1,1.0,REAL,REJECTION_FIRST,469
ES,q_U_p25,1,1.0,REAL,CONTINUATION_FIRST,425
ES,q_U_p25,1,1.0,REAL,NEITHER_REACHED,145
ES,q_U_p25,1,1.0,REAL,SAME_BAR_BARRIER_TIE,112
ES,q_U_p25,1,1.0,SYNTHETIC,REJECTION_FIRST,413
ES,q_U_p25,1,1.0,SYNTHETIC,CONTINUATION_FIRST,386
ES,q_U_p25,1,1.0,SYNTHETIC,NEITHER_REACHED,164
ES,q_U_p25,1,1.0,SYNTHETIC,SAME_BAR_BARRIER_TIE,81
ES,q_U_p25,1,1.5,REAL,REJECTION_FIRST,406
ES,q_U_p25,1,1.5,REAL,NEITHER_REACHED,371
ES,q_U_p25,1,1.5,REAL,CONTINUATION_FIRST,336
ES,q_U_p25,1,1.5,REAL,SAME_BAR_BARRIER_TIE,38
ES,q_U_p25,1,1.5,SYNTHETIC,NEITHER_REACHED,369
ES,q_U_p25,1,1.5,SYNTHETIC,REJECTION_FIRST,340
ES,q_U_p25,1,1.5,SYNTHETIC,CONTINUATION_FIRST,305
ES,q_U_p25,1,1.5,SYNTHETIC,SAME_BAR_BARRIER_TIE,30
ES,q_U_p25,1,2.0,REAL,NEITHER_REACHED,583
ES,q_U_p25,1,2.0,REAL,REJECTION_FIRST,308
ES,q_U_p25,1,2.0,REAL,CONTINUATION_FIRST,241
ES,q_U_p25,1,2.0,REAL,SAME_BAR_BARRIER_TIE,19
ES,q_U_p25,1,2.0,SYNTHETIC,NEITHER_REACHED,558
ES,q_U_p25,1,2.0,SYNTHETIC,REJECTION_FIRST,253
ES,q_U_p25,1,2.0,SYNTHETIC,CONTINUATION_FIRST,217
ES,q_U_p25,1,2.0,SYNTHETIC,SAME_BAR_BARRIER_TIE,16
ES,q_U_p25,3,0.5,REAL,REJECTION_FIRST,456
ES,q_U_p25,3,0.5,REAL,CONTINUATION_FIRST,400
ES,q_U_p25,3,0.5,REAL,SAME_BAR_BARRIER_TIE,286
ES,q_U_p25,3,0.5,REAL,NEITHER_REACHED,9
ES,q_U_p25,3,0.5,SYNTHETIC,REJECTION_FIRST,400
ES,q_U_p25,3,0.5,SYNTHETIC,CONTINUATION_FIRST,378
ES,q_U_p25,3,0.5,SYNTHETIC,SAME_BAR_BARRIER_TIE,258
ES,q_U_p25,3,0.5,SYNTHETIC,NEITHER_REACHED,8
ES,q_U_p25,3,1.0,REAL,REJECTION_FIRST,517
ES,q_U_p25,3,1.0,REAL,CONTINUATION_FIRST,471
ES,q_U_p25,3,1.0,REAL,SAME_BAR_BARRIER_TIE,114
ES,q_U_p25,3,1.0,REAL,NEITHER_REACHED,49
ES,q_U_p25,3,1.0,SYNTHETIC,REJECTION_FIRST,475
ES,q_U_p25,3,1.0,SYNTHETIC,CONTINUATION_FIRST,442
ES,q_U_p25,3,1.0,SYNTHETIC,SAME_BAR_BARRIER_TIE,81
ES,q_U_p25,3,1.0,SYNTHETIC,NEITHER_REACHED,46
ES,q_U_p25,3,1.5,REAL,REJECTION_FIRST,521
ES,q_U_p25,3,1.5,REAL,CONTINUATION_FIRST,428
ES,q_U_p25,3,1.5,REAL,NEITHER_REACHED,164
ES,q_U_p25,3,1.5,REAL,SAME_BAR_BARRIER_TIE,38
ES,q_U_p25,3,1.5,SYNTHETIC,REJECTION_FIRST,457
ES,q_U_p25,3,1.5,SYNTHETIC,CONTINUATION_FIRST,398
ES,q_U_p25,3,1.5,SYNTHETIC,NEITHER_REACHED,158
ES,q_U_p25,3,1.5,SYNTHETIC,SAME_BAR_BARRIER_TIE,31
ES,q_U_p25,3,2.0,REAL,REJECTION_FIRST,455
ES,q_U_p25,3,2.0,REAL,CONTINUATION_FIRST,368
ES,q_U_p25,3,2.0,REAL,NEITHER_REACHED,307
ES,q_U_p25,3,2.0,REAL,SAME_BAR_BARRIER_TIE,21
ES,q_U_p25,3,2.0,SYNTHETIC,REJECTION_FIRST,391
ES,q_U_p25,3,2.0,SYNTHETIC,CONTINUATION_FIRST,327
ES,q_U_p25,3,2.0,SYNTHETIC,NEITHER_REACHED,309
ES,q_U_p25,3,2.0,SYNTHETIC,SAME_BAR_BARRIER_TIE,17
ES,q_U_p25,5,0.5,REAL,REJECTION_FIRST,457
ES,q_U_p25,5,0.5,REAL,CONTINUATION_FIRST,403
ES,q_U_p25,5,0.5,REAL,SAME_BAR_BARRIER_TIE,286
ES,q_U_p25,5,0.5,REAL,NEITHER_REACHED,5
ES,q_U_p25,5,0.5,SYNTHETIC,REJECTION_FIRST,401
ES,q_U_p25,5,0.5,SYNTHETIC,CONTINUATION_FIRST,381
ES,q_U_p25,5,0.5,SYNTHETIC,SAME_BAR_BARRIER_TIE,258
ES,q_U_p25,5,0.5,SYNTHETIC,NEITHER_REACHED,4
ES,q_U_p25,5,1.0,REAL,REJECTION_FIRST,526
ES,q_U_p25,5,1.0,REAL,CONTINUATION_FIRST,483
ES,q_U_p25,5,1.0,REAL,SAME_BAR_BARRIER_TIE,115
ES,q_U_p25,5,1.0,REAL,NEITHER_REACHED,27
ES,q_U_p25,5,1.0,SYNTHETIC,REJECTION_FIRST,482
ES,q_U_p25,5,1.0,SYNTHETIC,CONTINUATION_FIRST,453
ES,q_U_p25,5,1.0,SYNTHETIC,SAME_BAR_BARRIER_TIE,82
ES,q_U_p25,5,1.0,SYNTHETIC,NEITHER_REACHED,27
ES,q_U_p25,5,1.5,REAL,REJECTION_FIRST,556
ES,q_U_p25,5,1.5,REAL,CONTINUATION_FIRST,470
ES,q_U_p25,5,1.5,REAL,NEITHER_REACHED,87
ES,q_U_p25,5,1.5,REAL,SAME_BAR_BARRIER_TIE,38
ES,q_U_p25,5,1.5,SYNTHETIC,REJECTION_FIRST,487
ES,q_U_p25,5,1.5,SYNTHETIC,CONTINUATION_FIRST,444
ES,q_U_p25,5,1.5,SYNTHETIC,NEITHER_REACHED,82
ES,q_U_p25,5,1.5,SYNTHETIC,SAME_BAR_BARRIER_TIE,31
ES,q_U_p25,5,2.0,REAL,REJECTION_FIRST,521
ES,q_U_p25,5,2.0,REAL,CONTINUATION_FIRST,429
ES,q_U_p25,5,2.0,REAL,NEITHER_REACHED,180
ES,q_U_p25,5,2.0,REAL,SAME_BAR_BARRIER_TIE,21
ES,q_U_p25,5,2.0,SYNTHETIC,REJECTION_FIRST,457
ES,q_U_p25,5,2.0,SYNTHETIC,CONTINUATION_FIRST,385
ES,q_U_p25,5,2.0,SYNTHETIC,NEITHER_REACHED,185
ES,q_U_p25,5,2.0,SYNTHETIC,SAME_BAR_BARRIER_TIE,17
ES,q_U_p25,10,0.5,REAL,REJECTION_FIRST,459
ES,q_U_p25,10,0.5,REAL,CONTINUATION_FIRST,404
ES,q_U_p25,10,0.5,REAL,SAME_BAR_BARRIER_TIE,286
ES,q_U_p25,10,0.5,REAL,NEITHER_REACHED,2
ES,q_U_p25,10,0.5,SYNTHETIC,REJECTION_FIRST,402
ES,q_U_p25,10,0.5,SYNTHETIC,CONTINUATION_FIRST,382
ES,q_U_p25,10,0.5,SYNTHETIC,SAME_BAR_BARRIER_TIE,258
ES,q_U_p25,10,0.5,SYNTHETIC,NEITHER_REACHED,2
ES,q_U_p25,10,1.0,REAL,REJECTION_FIRST,531
ES,q_U_p25,10,1.0,REAL,CONTINUATION_FIRST,492
ES,q_U_p25,10,1.0,REAL,SAME_BAR_BARRIER_TIE,115
ES,q_U_p25,10,1.0,REAL,NEITHER_REACHED,13
ES,q_U_p25,10,1.0,SYNTHETIC,REJECTION_FIRST,489
ES,q_U_p25,10,1.0,SYNTHETIC,CONTINUATION_FIRST,460
ES,q_U_p25,10,1.0,SYNTHETIC,SAME_BAR_BARRIER_TIE,83
ES,q_U_p25,10,1.0,SYNTHETIC,NEITHER_REACHED,12
ES,q_U_p25,10,1.5,REAL,REJECTION_FIRST,583
ES,q_U_p25,10,1.5,REAL,CONTINUATION_FIRST,499
ES,q_U_p25,10,1.5,REAL,SAME_BAR_BARRIER_TIE,38
ES,q_U_p25,10,1.5,REAL,NEITHER_REACHED,31
ES,q_U_p25,10,1.5,SYNTHETIC,REJECTION_FIRST,513
ES,q_U_p25,10,1.5,SYNTHETIC,CONTINUATION_FIRST,468
ES,q_U_p25,10,1.5,SYNTHETIC,NEITHER_REACHED,32
ES,q_U_p25,10,1.5,SYNTHETIC,SAME_BAR_BARRIER_TIE,31
ES,q_U_p25,10,2.0,REAL,REJECTION_FIRST,574
ES,q_U_p25,10,2.0,REAL,CONTINUATION_FIRST,476
ES,q_U_p25,10,2.0,REAL,NEITHER_REACHED,80
ES,q_U_p25,10,2.0,REAL,SAME_BAR_BARRIER_TIE,21
ES,q_U_p25,10,2.0,SYNTHETIC,REJECTION_FIRST,507
ES,q_U_p25,10,2.0,SYNTHETIC,CONTINUATION_FIRST,431
ES,q_U_p25,10,2.0,SYNTHETIC,NEITHER_REACHED,89
ES,q_U_p25,10,2.0,SYNTHETIC,SAME_BAR_BARRIER_TIE,17
ES,q_U_p25,15,0.5,REAL,REJECTION_FIRST,460
ES,q_U_p25,15,0.5,REAL,CONTINUATION_FIRST,404
ES,q_U_p25,15,0.5,REAL,SAME_BAR_BARRIER_TIE,286
ES,q_U_p25,15,0.5,REAL,NEITHER_REACHED,1
ES,q_U_p25,15,0.5,SYNTHETIC,REJECTION_FIRST,403
ES,q_U_p25,15,0.5,SYNTHETIC,CONTINUATION_FIRST,382
ES,q_U_p25,15,0.5,SYNTHETIC,SAME_BAR_BARRIER_TIE,258
ES,q_U_p25,15,0.5,SYNTHETIC,NEITHER_REACHED,1
ES,q_U_p25,15,1.0,REAL,REJECTION_FIRST,534
ES,q_U_p25,15,1.0,REAL,CONTINUATION_FIRST,495
ES,q_U_p25,15,1.0,REAL,SAME_BAR_BARRIER_TIE,115
ES,q_U_p25,15,1.0,REAL,NEITHER_REACHED,7
ES,q_U_p25,15,1.0,SYNTHETIC,REJECTION_FIRST,492
ES,q_U_p25,15,1.0,SYNTHETIC,CONTINUATION_FIRST,461
ES,q_U_p25,15,1.0,SYNTHETIC,SAME_BAR_BARRIER_TIE,83
ES,q_U_p25,15,1.0,SYNTHETIC,NEITHER_REACHED,8
ES,q_U_p25,15,1.5,REAL,REJECTION_FIRST,587
ES,q_U_p25,15,1.5,REAL,CONTINUATION_FIRST,504
ES,q_U_p25,15,1.5,REAL,SAME_BAR_BARRIER_TIE,38
ES,q_U_p25,15,1.5,REAL,NEITHER_REACHED,22
ES,q_U_p25,15,1.5,SYNTHETIC,REJECTION_FIRST,519
ES,q_U_p25,15,1.5,SYNTHETIC,CONTINUATION_FIRST,473
ES,q_U_p25,15,1.5,SYNTHETIC,SAME_BAR_BARRIER_TIE,31
ES,q_U_p25,15,1.5,SYNTHETIC,NEITHER_REACHED,21
ES,q_U_p25,15,2.0,REAL,REJECTION_FIRST,583
ES,q_U_p25,15,2.0,REAL,CONTINUATION_FIRST,493
ES,q_U_p25,15,2.0,REAL,NEITHER_REACHED,54
ES,q_U_p25,15,2.0,REAL,SAME_BAR_BARRIER_TIE,21
ES,q_U_p25,15,2.0,SYNTHETIC,REJECTION_FIRST,522
ES,q_U_p25,15,2.0,SYNTHETIC,CONTINUATION_FIRST,454
ES,q_U_p25,15,2.0,SYNTHETIC,NEITHER_REACHED,51
ES,q_U_p25,15,2.0,SYNTHETIC,SAME_BAR_BARRIER_TIE,17
ES,q_U_p75,1,0.5,REAL,CONTINUATION_FIRST,343
ES,q_U_p75,1,0.5,REAL,REJECTION_FIRST,338
ES,q_U_p75,1,0.5,REAL,SAME_BAR_BARRIER_TIE,227
ES,q_U_p75,1,0.5,REAL,NEITHER_REACHED,24
ES,q_U_p75,1,0.5,SYNTHETIC,CONTINUATION_FIRST,362
ES,q_U_p75,1,0.5,SYNTHETIC,REJECTION_FIRST,315
ES,q_U_p75,1,0.5,SYNTHETIC,SAME_BAR_BARRIER_TIE,207
ES,q_U_p75,1,0.5,SYNTHETIC,NEITHER_REACHED,24
ES,q_U_p75,1,1.0,REAL,REJECTION_FIRST,354
ES,q_U_p75,1,1.0,REAL,CONTINUATION_FIRST,313
ES,q_U_p75,1,1.0,REAL,NEITHER_REACHED,182
ES,q_U_p75,1,1.0,REAL,SAME_BAR_BARRIER_TIE,83
ES,q_U_p75,1,1.0,SYNTHETIC,CONTINUATION_FIRST,327
ES,q_U_p75,1,1.0,SYNTHETIC,REJECTION_FIRST,320
ES,q_U_p75,1,1.0,SYNTHETIC,NEITHER_REACHED,199
ES,q_U_p75,1,1.0,SYNTHETIC,SAME_BAR_BARRIER_TIE,62
ES,q_U_p75,1,1.5,REAL,NEITHER_REACHED,393
ES,q_U_p75,1,1.5,REAL,REJECTION_FIRST,274
ES,q_U_p75,1,1.5,REAL,CONTINUATION_FIRST,242
ES,q_U_p75,1,1.5,REAL,SAME_BAR_BARRIER_TIE,23
ES,q_U_p75,1,1.5,SYNTHETIC,NEITHER_REACHED,391
ES,q_U_p75,1,1.5,SYNTHETIC,REJECTION_FIRST,260
ES,q_U_p75,1,1.5,SYNTHETIC,CONTINUATION_FIRST,234
ES,q_U_p75,1,1.5,SYNTHETIC,SAME_BAR_BARRIER_TIE,23
ES,q_U_p75,1,2.0,REAL,NEITHER_REACHED,548
ES,q_U_p75,1,2.0,REAL,REJECTION_FIRST,206
ES,q_U_p75,1,2.0,REAL,CONTINUATION_FIRST,169
ES,q_U_p75,1,2.0,REAL,SAME_BAR_BARRIER_TIE,9
ES,q_U_p75,1,2.0,SYNTHETIC,NEITHER_REACHED,548
ES,q_U_p75,1,2.0,SYNTHETIC,REJECTION_FIRST,183
ES,q_U_p75,1,2.0,SYNTHETIC,CONTINUATION_FIRST,169
ES,q_U_p75,1,2.0,SYNTHETIC,SAME_BAR_BARRIER_TIE,8
ES,q_U_p75,3,0.5,REAL,CONTINUATION_FIRST,356
ES,q_U_p75,3,0.5,REAL,REJECTION_FIRST,348
ES,q_U_p75,3,0.5,REAL,SAME_BAR_BARRIER_TIE,227
ES,q_U_p75,3,0.5,REAL,NEITHER_REACHED,1
ES,q_U_p75,3,0.5,SYNTHETIC,CONTINUATION_FIRST,373
ES,q_U_p75,3,0.5,SYNTHETIC,REJECTION_FIRST,326
ES,q_U_p75,3,0.5,SYNTHETIC,SAME_BAR_BARRIER_TIE,207
ES,q_U_p75,3,0.5,SYNTHETIC,NEITHER_REACHED,2
ES,q_U_p75,3,1.0,REAL,REJECTION_FIRST,423
ES,q_U_p75,3,1.0,REAL,CONTINUATION_FIRST,377
ES,q_U_p75,3,1.0,REAL,SAME_BAR_BARRIER_TIE,83
ES,q_U_p75,3,1.0,REAL,NEITHER_REACHED,49
ES,q_U_p75,3,1.0,SYNTHETIC,REJECTION_FIRST,397
ES,q_U_p75,3,1.0,SYNTHETIC,CONTINUATION_FIRST,388
ES,q_U_p75,3,1.0,SYNTHETIC,SAME_BAR_BARRIER_TIE,62
ES,q_U_p75,3,1.0,SYNTHETIC,NEITHER_REACHED,61
ES,q_U_p75,3,1.5,REAL,REJECTION_FIRST,391
ES,q_U_p75,3,1.5,REAL,CONTINUATION_FIRST,361
ES,q_U_p75,3,1.5,REAL,NEITHER_REACHED,156
ES,q_U_p75,3,1.5,REAL,SAME_BAR_BARRIER_TIE,24
ES,q_U_p75,3,1.5,SYNTHETIC,REJECTION_FIRST,366
ES,q_U_p75,3,1.5,SYNTHETIC,CONTINUATION_FIRST,349
ES,q_U_p75,3,1.5,SYNTHETIC,NEITHER_REACHED,168
ES,q_U_p75,3,1.5,SYNTHETIC,SAME_BAR_BARRIER_TIE,25
ES,q_U_p75,3,2.0,REAL,REJECTION_FIRST,335
ES,q_U_p75,3,2.0,REAL,NEITHER_REACHED,305
ES,q_U_p75,3,2.0,REAL,CONTINUATION_FIRST,281
ES,q_U_p75,3,2.0,REAL,SAME_BAR_BARRIER_TIE,11
ES,q_U_p75,3,2.0,SYNTHETIC,REJECTION_FIRST,313
ES,q_U_p75,3,2.0,SYNTHETIC,NEITHER_REACHED,304
ES,q_U_p75,3,2.0,SYNTHETIC,CONTINUATION_FIRST,281
ES,q_U_p75,3,2.0,SYNTHETIC,SAME_BAR_BARRIER_TIE,10
ES,q_U_p75,5,0.5,REAL,CONTINUATION_FIRST,357
ES,q_U_p75,5,0.5,REAL,REJECTION_FIRST,348
ES,q_U_p75,5,0.5,REAL,SAME_BAR_BARRIER_TIE,227
ES,q_U_p75,5,0.5,SYNTHETIC,CONTINUATION_FIRST,375
ES,q_U_p75,5,0.5,SYNTHETIC,REJECTION_FIRST,326
ES,q_U_p75,5,0.5,SYNTHETIC,SAME_BAR_BARRIER_TIE,207
ES,q_U_p75,5,1.0,REAL,REJECTION_FIRST,433
ES,q_U_p75,5,1.0,REAL,CONTINUATION_FIRST,392
ES,q_U_p75,5,1.0,REAL,SAME_BAR_BARRIER_TIE,83
ES,q_U_p75,5,1.0,REAL,NEITHER_REACHED,24
ES,q_U_p75,5,1.0,SYNTHETIC,REJECTION_FIRST,410
ES,q_U_p75,5,1.0,SYNTHETIC,CONTINUATION_FIRST,408
ES,q_U_p75,5,1.0,SYNTHETIC,SAME_BAR_BARRIER_TIE,63
ES,q_U_p75,5,1.0,SYNTHETIC,NEITHER_REACHED,27
ES,q_U_p75,5,1.5,REAL,REJECTION_FIRST,423
ES,q_U_p75,5,1.5,REAL,CONTINUATION_FIRST,397
ES,q_U_p75,5,1.5,REAL,NEITHER_REACHED,88
ES,q_U_p75,5,1.5,REAL,SAME_BAR_BARRIER_TIE,24
ES,q_U_p75,5,1.5,SYNTHETIC,REJECTION_FIRST,400
ES,q_U_p75,5,1.5,SYNTHETIC,CONTINUATION_FIRST,381
ES,q_U_p75,5,1.5,SYNTHETIC,NEITHER_REACHED,102
ES,q_U_p75,5,1.5,SYNTHETIC,SAME_BAR_BARRIER_TIE,25
ES,q_U_p75,5,2.0,REAL,REJECTION_FIRST,388
ES,q_U_p75,5,2.0,REAL,CONTINUATION_FIRST,344
ES,q_U_p75,5,2.0,REAL,NEITHER_REACHED,188
ES,q_U_p75,5,2.0,REAL,SAME_BAR_BARRIER_TIE,12
ES,q_U_p75,5,2.0,SYNTHETIC,REJECTION_FIRST,367
ES,q_U_p75,5,2.0,SYNTHETIC,CONTINUATION_FIRST,346
ES,q_U_p75,5,2.0,SYNTHETIC,NEITHER_REACHED,184
ES,q_U_p75,5,2.0,SYNTHETIC,SAME_BAR_BARRIER_TIE,11
ES,q_U_p75,10,0.5,REAL,CONTINUATION_FIRST,357
ES,q_U_p75,10,0.5,REAL,REJECTION_FIRST,348
ES,q_U_p75,10,0.5,REAL,SAME_BAR_BARRIER_TIE,227
ES,q_U_p75,10,0.5,SYNTHETIC,CONTINUATION_FIRST,375
ES,q_U_p75,10,0.5,SYNTHETIC,REJECTION_FIRST,326
ES,q_U_p75,10,0.5,SYNTHETIC,SAME_BAR_BARRIER_TIE,207
ES,q_U_p75,10,1.0,REAL,REJECTION_FIRST,441
ES,q_U_p75,10,1.0,REAL,CONTINUATION_FIRST,401
ES,q_U_p75,10,1.0,REAL,SAME_BAR_BARRIER_TIE,84
ES,q_U_p75,10,1.0,REAL,NEITHER_REACHED,6
ES,q_U_p75,10,1.0,SYNTHETIC,REJECTION_FIRST,421
ES,q_U_p75,10,1.0,SYNTHETIC,CONTINUATION_FIRST,420
ES,q_U_p75,10,1.0,SYNTHETIC,SAME_BAR_BARRIER_TIE,63
ES,q_U_p75,10,1.0,SYNTHETIC,NEITHER_REACHED,4
ES,q_U_p75,10,1.5,REAL,REJECTION_FIRST,448
ES,q_U_p75,10,1.5,REAL,CONTINUATION_FIRST,422
ES,q_U_p75,10,1.5,REAL,NEITHER_REACHED,37
ES,q_U_p75,10,1.5,REAL,SAME_BAR_BARRIER_TIE,25
ES,q_U_p75,10,1.5,SYNTHETIC,REJECTION_FIRST,432
ES,q_U_p75,10,1.5,SYNTHETIC,CONTINUATION_FIRST,409
ES,q_U_p75,10,1.5,SYNTHETIC,NEITHER_REACHED,41
ES,q_U_p75,10,1.5,SYNTHETIC,SAME_BAR_BARRIER_TIE,26
ES,q_U_p75,10,2.0,REAL,REJECTION_FIRST,443
ES,q_U_p75,10,2.0,REAL,CONTINUATION_FIRST,393
ES,q_U_p75,10,2.0,REAL,NEITHER_REACHED,83
ES,q_U_p75,10,2.0,REAL,SAME_BAR_BARRIER_TIE,13
ES,q_U_p75,10,2.0,SYNTHETIC,REJECTION_FIRST,412
ES,q_U_p75,10,2.0,SYNTHETIC,CONTINUATION_FIRST,389
ES,q_U_p75,10,2.0,SYNTHETIC,NEITHER_REACHED,95
ES,q_U_p75,10,2.0,SYNTHETIC,SAME_BAR_BARRIER_TIE,12
ES,q_U_p75,15,0.5,REAL,CONTINUATION_FIRST,357
ES,q_U_p75,15,0.5,REAL,REJECTION_FIRST,348
ES,q_U_p75,15,0.5,REAL,SAME_BAR_BARRIER_TIE,227
ES,q_U_p75,15,0.5,SYNTHETIC,CONTINUATION_FIRST,375
ES,q_U_p75,15,0.5,SYNTHETIC,REJECTION_FIRST,326
ES,q_U_p75,15,0.5,SYNTHETIC,SAME_BAR_BARRIER_TIE,207
ES,q_U_p75,15,1.0,REAL,REJECTION_FIRST,442
ES,q_U_p75,15,1.0,REAL,CONTINUATION_FIRST,403
ES,q_U_p75,15,1.0,REAL,SAME_BAR_BARRIER_TIE,84
ES,q_U_p75,15,1.0,REAL,NEITHER_REACHED,3
ES,q_U_p75,15,1.0,SYNTHETIC,CONTINUATION_FIRST,421
ES,q_U_p75,15,1.0,SYNTHETIC,REJECTION_FIRST,421
ES,q_U_p75,15,1.0,SYNTHETIC,SAME_BAR_BARRIER_TIE,63
ES,q_U_p75,15,1.0,SYNTHETIC,NEITHER_REACHED,3
ES,q_U_p75,15,1.5,REAL,REJECTION_FIRST,455
ES,q_U_p75,15,1.5,REAL,CONTINUATION_FIRST,435
ES,q_U_p75,15,1.5,REAL,SAME_BAR_BARRIER_TIE,25
ES,q_U_p75,15,1.5,REAL,NEITHER_REACHED,17
ES,q_U_p75,15,1.5,SYNTHETIC,REJECTION_FIRST,442
ES,q_U_p75,15,1.5,SYNTHETIC,CONTINUATION_FIRST,422
ES,q_U_p75,15,1.5,SYNTHETIC,SAME_BAR_BARRIER_TIE,26
ES,q_U_p75,15,1.5,SYNTHETIC,NEITHER_REACHED,18
ES,q_U_p75,15,2.0,REAL,REJECTION_FIRST,462
ES,q_U_p75,15,2.0,REAL,CONTINUATION_FIRST,415
ES,q_U_p75,15,2.0,REAL,NEITHER_REACHED,42
ES,q_U_p75,15,2.0,REAL,SAME_BAR_BARRIER_TIE,13
ES,q_U_p75,15,2.0,SYNTHETIC,REJECTION_FIRST,433
ES,q_U_p75,15,2.0,SYNTHETIC,CONTINUATION_FIRST,417
ES,q_U_p75,15,2.0,SYNTHETIC,NEITHER_REACHED,46
ES,q_U_p75,15,2.0,SYNTHETIC,SAME_BAR_BARRIER_TIE,12
ES,q_U_p90,1,0.5,REAL,CONTINUATION_FIRST,289
ES,q_U_p90,1,0.5,REAL,REJECTION_FIRST,284
ES,q_U_p90,1,0.5,REAL,SAME_BAR_BARRIER_TIE,198
ES,q_U_p90,1,0.5,REAL,NEITHER_REACHED,21
ES,q_U_p90,1,0.5,SYNTHETIC,CONTINUATION_FIRST,298
ES,q_U_p90,1,0.5,SYNTHETIC,REJECTION_FIRST,278
ES,q_U_p90,1,0.5,SYNTHETIC,SAME_BAR_BARRIER_TIE,187
ES,q_U_p90,1,0.5,SYNTHETIC,NEITHER_REACHED,16
ES,q_U_p90,1,1.0,REAL,CONTINUATION_FIRST,278
ES,q_U_p90,1,1.0,REAL,REJECTION_FIRST,269
ES,q_U_p90,1,1.0,REAL,NEITHER_REACHED,177
ES,q_U_p90,1,1.0,REAL,SAME_BAR_BARRIER_TIE,68
ES,q_U_p90,1,1.0,SYNTHETIC,CONTINUATION_FIRST,276
ES,q_U_p90,1,1.0,SYNTHETIC,REJECTION_FIRST,264
ES,q_U_p90,1,1.0,SYNTHETIC,NEITHER_REACHED,180
ES,q_U_p90,1,1.0,SYNTHETIC,SAME_BAR_BARRIER_TIE,59
ES,q_U_p90,1,1.5,REAL,NEITHER_REACHED,362
ES,q_U_p90,1,1.5,REAL,REJECTION_FIRST,216
ES,q_U_p90,1,1.5,REAL,CONTINUATION_FIRST,195
ES,q_U_p90,1,1.5,REAL,SAME_BAR_BARRIER_TIE,19
ES,q_U_p90,1,1.5,SYNTHETIC,NEITHER_REACHED,341
ES,q_U_p90,1,1.5,SYNTHETIC,CONTINUATION_FIRST,210
ES,q_U_p90,1,1.5,SYNTHETIC,REJECTION_FIRST,206
ES,q_U_p90,1,1.5,SYNTHETIC,SAME_BAR_BARRIER_TIE,22
ES,q_U_p90,1,2.0,REAL,NEITHER_REACHED,498
ES,q_U_p90,1,2.0,REAL,REJECTION_FIRST,162
ES,q_U_p90,1,2.0,REAL,CONTINUATION_FIRST,125
ES,q_U_p90,1,2.0,REAL,SAME_BAR_BARRIER_TIE,7
ES,q_U_p90,1,2.0,SYNTHETIC,NEITHER_REACHED,501
ES,q_U_p90,1,2.0,SYNTHETIC,REJECTION_FIRST,146
ES,q_U_p90,1,2.0,SYNTHETIC,CONTINUATION_FIRST,125
ES,q_U_p90,1,2.0,SYNTHETIC,SAME_BAR_BARRIER_TIE,7
ES,q_U_p90,3,0.5,REAL,CONTINUATION_FIRST,300
ES,q_U_p90,3,0.5,REAL,REJECTION_FIRST,291
ES,q_U_p90,3,0.5,REAL,SAME_BAR_BARRIER_TIE,199
ES,q_U_p90,3,0.5,REAL,NEITHER_REACHED,2
ES,q_U_p90,3,0.5,SYNTHETIC,CONTINUATION_FIRST,305
ES,q_U_p90,3,0.5,SYNTHETIC,REJECTION_FIRST,285
ES,q_U_p90,3,0.5,SYNTHETIC,SAME_BAR_BARRIER_TIE,189
ES,q_U_p90,3,1.0,REAL,CONTINUATION_FIRST,346
ES,q_U_p90,3,1.0,REAL,REJECTION_FIRST,322
ES,q_U_p90,3,1.0,REAL,SAME_BAR_BARRIER_TIE,70
ES,q_U_p90,3,1.0,REAL,NEITHER_REACHED,54
ES,q_U_p90,3,1.0,SYNTHETIC,CONTINUATION_FIRST,338
ES,q_U_p90,3,1.0,SYNTHETIC,REJECTION_FIRST,327
ES,q_U_p90,3,1.0,SYNTHETIC,SAME_BAR_BARRIER_TIE,62
ES,q_U_p90,3,1.0,SYNTHETIC,NEITHER_REACHED,52
ES,q_U_p90,3,1.5,REAL,REJECTION_FIRST,308
ES,q_U_p90,3,1.5,REAL,CONTINUATION_FIRST,304
ES,q_U_p90,3,1.5,REAL,NEITHER_REACHED,161
ES,q_U_p90,3,1.5,REAL,SAME_BAR_BARRIER_TIE,19
ES,q_U_p90,3,1.5,SYNTHETIC,CONTINUATION_FIRST,307
ES,q_U_p90,3,1.5,SYNTHETIC,REJECTION_FIRST,300
ES,q_U_p90,3,1.5,SYNTHETIC,NEITHER_REACHED,149
ES,q_U_p90,3,1.5,SYNTHETIC,SAME_BAR_BARRIER_TIE,23
ES,q_U_p90,3,2.0,REAL,NEITHER_REACHED,280
ES,q_U_p90,3,2.0,REAL,REJECTION_FIRST,265
ES,q_U_p90,3,2.0,REAL,CONTINUATION_FIRST,240
ES,q_U_p90,3,2.0,REAL,SAME_BAR_BARRIER_TIE,7
ES,q_U_p90,3,2.0,SYNTHETIC,NEITHER_REACHED,289
ES,q_U_p90,3,2.0,SYNTHETIC,REJECTION_FIRST,248
ES,q_U_p90,3,2.0,SYNTHETIC,CONTINUATION_FIRST,235
ES,q_U_p90,3,2.0,SYNTHETIC,SAME_BAR_BARRIER_TIE,7
ES,q_U_p90,5,0.5,REAL,CONTINUATION_FIRST,300
ES,q_U_p90,5,0.5,REAL,REJECTION_FIRST,291
ES,q_U_p90,5,0.5,REAL,SAME_BAR_BARRIER_TIE,199
ES,q_U_p90,5,0.5,REAL,NEITHER_REACHED,2
ES,q_U_p90,5,0.5,SYNTHETIC,CONTINUATION_FIRST,305
ES,q_U_p90,5,0.5,SYNTHETIC,REJECTION_FIRST,285
ES,q_U_p90,5,0.5,SYNTHETIC,SAME_BAR_BARRIER_TIE,189
ES,q_U_p90,5,1.0,REAL,CONTINUATION_FIRST,363
ES,q_U_p90,5,1.0,REAL,REJECTION_FIRST,336
ES,q_U_p90,5,1.0,REAL,SAME_BAR_BARRIER_TIE,70
ES,q_U_p90,5,1.0,REAL,NEITHER_REACHED,23
ES,q_U_p90,5,1.0,SYNTHETIC,CONTINUATION_FIRST,354
ES,q_U_p90,5,1.0,SYNTHETIC,REJECTION_FIRST,338
ES,q_U_p90,5,1.0,SYNTHETIC,SAME_BAR_BARRIER_TIE,62
ES,q_U_p90,5,1.0,SYNTHETIC,NEITHER_REACHED,25
ES,q_U_p90,5,1.5,REAL,CONTINUATION_FIRST,347
ES,q_U_p90,5,1.5,REAL,REJECTION_FIRST,342
ES,q_U_p90,5,1.5,REAL,NEITHER_REACHED,84
ES,q_U_p90,5,1.5,REAL,SAME_BAR_BARRIER_TIE,19
ES,q_U_p90,5,1.5,SYNTHETIC,CONTINUATION_FIRST,348
ES,q_U_p90,5,1.5,SYNTHETIC,REJECTION_FIRST,319
ES,q_U_p90,5,1.5,SYNTHETIC,NEITHER_REACHED,89
ES,q_U_p90,5,1.5,SYNTHETIC,SAME_BAR_BARRIER_TIE,23
ES,q_U_p90,5,2.0,REAL,REJECTION_FIRST,306
ES,q_U_p90,5,2.0,REAL,CONTINUATION_FIRST,296
ES,q_U_p90,5,2.0,REAL,NEITHER_REACHED,183
ES,q_U_p90,5,2.0,REAL,SAME_BAR_BARRIER_TIE,7
ES,q_U_p90,5,2.0,SYNTHETIC,CONTINUATION_FIRST,296
ES,q_U_p90,5,2.0,SYNTHETIC,REJECTION_FIRST,286
ES,q_U_p90,5,2.0,SYNTHETIC,NEITHER_REACHED,190
ES,q_U_p90,5,2.0,SYNTHETIC,SAME_BAR_BARRIER_TIE,7
ES,q_U_p90,10,0.5,REAL,CONTINUATION_FIRST,300
ES,q_U_p90,10,0.5,REAL,REJECTION_FIRST,292
ES,q_U_p90,10,0.5,REAL,SAME_BAR_BARRIER_TIE,199
ES,q_U_p90,10,0.5,REAL,NEITHER_REACHED,1
ES,q_U_p90,10,0.5,SYNTHETIC,CONTINUATION_FIRST,305
ES,q_U_p90,10,0.5,SYNTHETIC,REJECTION_FIRST,285
ES,q_U_p90,10,0.5,SYNTHETIC,SAME_BAR_BARRIER_TIE,189
ES,q_U_p90,10,1.0,REAL,CONTINUATION_FIRST,372
ES,q_U_p90,10,1.0,REAL,REJECTION_FIRST,346
ES,q_U_p90,10,1.0,REAL,SAME_BAR_BARRIER_TIE,70
ES,q_U_p90,10,1.0,REAL,NEITHER_REACHED,4
ES,q_U_p90,10,1.0,SYNTHETIC,CONTINUATION_FIRST,370
ES,q_U_p90,10,1.0,SYNTHETIC,REJECTION_FIRST,347
ES,q_U_p90,10,1.0,SYNTHETIC,SAME_BAR_BARRIER_TIE,62
ES,q_U_p90,10,1.5,REAL,REJECTION_FIRST,373
ES,q_U_p90,10,1.5,REAL,CONTINUATION_FIRST,371
ES,q_U_p90,10,1.5,REAL,NEITHER_REACHED,29
ES,q_U_p90,10,1.5,REAL,SAME_BAR_BARRIER_TIE,19
ES,q_U_p90,10,1.5,SYNTHETIC,CONTINUATION_FIRST,381
ES,q_U_p90,10,1.5,SYNTHETIC,REJECTION_FIRST,349
ES,q_U_p90,10,1.5,SYNTHETIC,NEITHER_REACHED,26
ES,q_U_p90,10,1.5,SYNTHETIC,SAME_BAR_BARRIER_TIE,23
ES,q_U_p90,10,2.0,REAL,REJECTION_FIRST,354
ES,q_U_p90,10,2.0,REAL,CONTINUATION_FIRST,349
ES,q_U_p90,10,2.0,REAL,NEITHER_REACHED,81
ES,q_U_p90,10,2.0,REAL,SAME_BAR_BARRIER_TIE,8
ES,q_U_p90,10,2.0,SYNTHETIC,CONTINUATION_FIRST,353
ES,q_U_p90,10,2.0,SYNTHETIC,REJECTION_FIRST,333
ES,q_U_p90,10,2.0,SYNTHETIC,NEITHER_REACHED,86
ES,q_U_p90,10,2.0,SYNTHETIC,SAME_BAR_BARRIER_TIE,7
ES,q_U_p90,15,0.5,REAL,CONTINUATION_FIRST,300
ES,q_U_p90,15,0.5,REAL,REJECTION_FIRST,292
ES,q_U_p90,15,0.5,REAL,SAME_BAR_BARRIER_TIE,199
ES,q_U_p90,15,0.5,REAL,NEITHER_REACHED,1
ES,q_U_p90,15,0.5,SYNTHETIC,CONTINUATION_FIRST,305
ES,q_U_p90,15,0.5,SYNTHETIC,REJECTION_FIRST,285
ES,q_U_p90,15,0.5,SYNTHETIC,SAME_BAR_BARRIER_TIE,189
ES,q_U_p90,15,1.0,REAL,CONTINUATION_FIRST,374
ES,q_U_p90,15,1.0,REAL,REJECTION_FIRST,346
ES,q_U_p90,15,1.0,REAL,SAME_BAR_BARRIER_TIE,70
ES,q_U_p90,15,1.0,REAL,NEITHER_REACHED,2
ES,q_U_p90,15,1.0,SYNTHETIC,CONTINUATION_FIRST,370
ES,q_U_p90,15,1.0,SYNTHETIC,REJECTION_FIRST,347
ES,q_U_p90,15,1.0,SYNTHETIC,SAME_BAR_BARRIER_TIE,62
ES,q_U_p90,15,1.5,REAL,REJECTION_FIRST,381
ES,q_U_p90,15,1.5,REAL,CONTINUATION_FIRST,378
ES,q_U_p90,15,1.5,REAL,SAME_BAR_BARRIER_TIE,19
ES,q_U_p90,15,1.5,REAL,NEITHER_REACHED,14
ES,q_U_p90,15,1.5,SYNTHETIC,CONTINUATION_FIRST,390
ES,q_U_p90,15,1.5,SYNTHETIC,REJECTION_FIRST,355
ES,q_U_p90,15,1.5,SYNTHETIC,SAME_BAR_BARRIER_TIE,23
ES,q_U_p90,15,1.5,SYNTHETIC,NEITHER_REACHED,11
ES,q_U_p90,15,2.0,REAL,CONTINUATION_FIRST,374
ES,q_U_p90,15,2.0,REAL,REJECTION_FIRST,369
ES,q_U_p90,15,2.0,REAL,NEITHER_REACHED,41
ES,q_U_p90,15,2.0,REAL,SAME_BAR_BARRIER_TIE,8
ES,q_U_p90,15,2.0,SYNTHETIC,CONTINUATION_FIRST,379
ES,q_U_p90,15,2.0,SYNTHETIC,REJECTION_FIRST,353
ES,q_U_p90,15,2.0,SYNTHETIC,NEITHER_REACHED,40
ES,q_U_p90,15,2.0,SYNTHETIC,SAME_BAR_BARRIER_TIE,7
ES,q_U_p95,1,0.5,REAL,CONTINUATION_FIRST,277
ES,q_U_p95,1,0.5,REAL,REJECTION_FIRST,239
ES,q_U_p95,1,0.5,REAL,SAME_BAR_BARRIER_TIE,174
ES,q_U_p95,1,0.5,REAL,NEITHER_REACHED,21
ES,q_U_p95,1,0.5,SYNTHETIC,CONTINUATION_FIRST,294
ES,q_U_p95,1,0.5,SYNTHETIC,REJECTION_FIRST,263
ES,q_U_p95,1,0.5,SYNTHETIC,SAME_BAR_BARRIER_TIE,195
ES,q_U_p95,1,0.5,SYNTHETIC,NEITHER_REACHED,22
ES,q_U_p95,1,1.0,REAL,CONTINUATION_FIRST,255
ES,q_U_p95,1,1.0,REAL,REJECTION_FIRST,240
ES,q_U_p95,1,1.0,REAL,NEITHER_REACHED,163
ES,q_U_p95,1,1.0,REAL,SAME_BAR_BARRIER_TIE,53
ES,q_U_p95,1,1.0,SYNTHETIC,CONTINUATION_FIRST,280
ES,q_U_p95,1,1.0,SYNTHETIC,REJECTION_FIRST,249
ES,q_U_p95,1,1.0,SYNTHETIC,NEITHER_REACHED,179
ES,q_U_p95,1,1.0,SYNTHETIC,SAME_BAR_BARRIER_TIE,66
ES,q_U_p95,1,1.5,REAL,NEITHER_REACHED,339
ES,q_U_p95,1,1.5,REAL,CONTINUATION_FIRST,188
ES,q_U_p95,1,1.5,REAL,REJECTION_FIRST,169
ES,q_U_p95,1,1.5,REAL,SAME_BAR_BARRIER_TIE,15
ES,q_U_p95,1,1.5,SYNTHETIC,NEITHER_REACHED,351
ES,q_U_p95,1,1.5,SYNTHETIC,CONTINUATION_FIRST,208
ES,q_U_p95,1,1.5,SYNTHETIC,REJECTION_FIRST,194
ES,q_U_p95,1,1.5,SYNTHETIC,SAME_BAR_BARRIER_TIE,21
ES,q_U_p95,1,2.0,REAL,NEITHER_REACHED,447
ES,q_U_p95,1,2.0,REAL,REJECTION_FIRST,138
ES,q_U_p95,1,2.0,REAL,CONTINUATION_FIRST,123
ES,q_U_p95,1,2.0,REAL,SAME_BAR_BARRIER_TIE,3
ES,q_U_p95,1,2.0,SYNTHETIC,NEITHER_REACHED,491
ES,q_U_p95,1,2.0,SYNTHETIC,CONTINUATION_FIRST,138
ES,q_U_p95,1,2.0,SYNTHETIC,REJECTION_FIRST,135
ES,q_U_p95,1,2.0,SYNTHETIC,SAME_BAR_BARRIER_TIE,10
ES,q_U_p95,3,0.5,REAL,CONTINUATION_FIRST,287
ES,q_U_p95,3,0.5,REAL,REJECTION_FIRST,248
ES,q_U_p95,3,0.5,REAL,SAME_BAR_BARRIER_TIE,175
ES,q_U_p95,3,0.5,REAL,NEITHER_REACHED,1
ES,q_U_p95,3,0.5,SYNTHETIC,CONTINUATION_FIRST,299
ES,q_U_p95,3,0.5,SYNTHETIC,REJECTION_FIRST,278
ES,q_U_p95,3,0.5,SYNTHETIC,SAME_BAR_BARRIER_TIE,197
ES,q_U_p95,3,1.0,REAL,CONTINUATION_FIRST,304
ES,q_U_p95,3,1.0,REAL,REJECTION_FIRST,304
ES,q_U_p95,3,1.0,REAL,SAME_BAR_BARRIER_TIE,54
ES,q_U_p95,3,1.0,REAL,NEITHER_REACHED,49
ES,q_U_p95,3,1.0,SYNTHETIC,CONTINUATION_FIRST,343
ES,q_U_p95,3,1.0,SYNTHETIC,REJECTION_FIRST,311
ES,q_U_p95,3,1.0,SYNTHETIC,SAME_BAR_BARRIER_TIE,67
ES,q_U_p95,3,1.0,SYNTHETIC,NEITHER_REACHED,53
ES,q_U_p95,3,1.5,REAL,CONTINUATION_FIRST,280
ES,q_U_p95,3,1.5,REAL,REJECTION_FIRST,264
ES,q_U_p95,3,1.5,REAL,NEITHER_REACHED,149
ES,q_U_p95,3,1.5,REAL,SAME_BAR_BARRIER_TIE,18
ES,q_U_p95,3,1.5,SYNTHETIC,CONTINUATION_FIRST,301
ES,q_U_p95,3,1.5,SYNTHETIC,REJECTION_FIRST,292
ES,q_U_p95,3,1.5,SYNTHETIC,NEITHER_REACHED,160
ES,q_U_p95,3,1.5,SYNTHETIC,SAME_BAR_BARRIER_TIE,21
ES,q_U_p95,3,2.0,REAL,NEITHER_REACHED,260
ES,q_U_p95,3,2.0,REAL,REJECTION_FIRST,235
ES,q_U_p95,3,2.0,REAL,CONTINUATION_FIRST,213
ES,q_U_p95,3,2.0,REAL,SAME_BAR_BARRIER_TIE,3
ES,q_U_p95,3,2.0,SYNTHETIC,NEITHER_REACHED,287
ES,q_U_p95,3,2.0,SYNTHETIC,REJECTION_FIRST,243
ES,q_U_p95,3,2.0,SYNTHETIC,CONTINUATION_FIRST,234
ES,q_U_p95,3,2.0,SYNTHETIC,SAME_BAR_BARRIER_TIE,10
ES,q_U_p95,5,0.5,REAL,CONTINUATION_FIRST,287
ES,q_U_p95,5,0.5,REAL,REJECTION_FIRST,248
ES,q_U_p95,5,0.5,REAL,SAME_BAR_BARRIER_TIE,175
ES,q_U_p95,5,0.5,REAL,NEITHER_REACHED,1
ES,q_U_p95,5,0.5,SYNTHETIC,CONTINUATION_FIRST,299
ES,q_U_p95,5,0.5,SYNTHETIC,REJECTION_FIRST,278
ES,q_U_p95,5,0.5,SYNTHETIC,SAME_BAR_BARRIER_TIE,197
ES,q_U_p95,5,1.0,REAL,REJECTION_FIRST,318
ES,q_U_p95,5,1.0,REAL,CONTINUATION_FIRST,314
ES,q_U_p95,5,1.0,REAL,SAME_BAR_BARRIER_TIE,54
ES,q_U_p95,5,1.0,REAL,NEITHER_REACHED,25
ES,q_U_p95,5,1.0,SYNTHETIC,CONTINUATION_FIRST,358
ES,q_U_p95,5,1.0,SYNTHETIC,REJECTION_FIRST,323
ES,q_U_p95,5,1.0,SYNTHETIC,SAME_BAR_BARRIER_TIE,67
ES,q_U_p95,5,1.0,SYNTHETIC,NEITHER_REACHED,26
ES,q_U_p95,5,1.5,REAL,CONTINUATION_FIRST,318
ES,q_U_p95,5,1.5,REAL,REJECTION_FIRST,285
ES,q_U_p95,5,1.5,REAL,NEITHER_REACHED,90
ES,q_U_p95,5,1.5,REAL,SAME_BAR_BARRIER_TIE,18
ES,q_U_p95,5,1.5,SYNTHETIC,CONTINUATION_FIRST,340
ES,q_U_p95,5,1.5,SYNTHETIC,REJECTION_FIRST,323
ES,q_U_p95,5,1.5,SYNTHETIC,NEITHER_REACHED,90
ES,q_U_p95,5,1.5,SYNTHETIC,SAME_BAR_BARRIER_TIE,21
ES,q_U_p95,5,2.0,REAL,REJECTION_FIRST,278
ES,q_U_p95,5,2.0,REAL,CONTINUATION_FIRST,266
ES,q_U_p95,5,2.0,REAL,NEITHER_REACHED,164
ES,q_U_p95,5,2.0,REAL,SAME_BAR_BARRIER_TIE,3
ES,q_U_p95,5,2.0,SYNTHETIC,CONTINUATION_FIRST,294
ES,q_U_p95,5,2.0,SYNTHETIC,REJECTION_FIRST,283
ES,q_U_p95,5,2.0,SYNTHETIC,NEITHER_REACHED,187
ES,q_U_p95,5,2.0,SYNTHETIC,SAME_BAR_BARRIER_TIE,10
ES,q_U_p95,10,0.5,REAL,CONTINUATION_FIRST,287
ES,q_U_p95,10,0.5,REAL,REJECTION_FIRST,248
ES,q_U_p95,10,0.5,REAL,SAME_BAR_BARRIER_TIE,175
ES,q_U_p95,10,0.5,REAL,NEITHER_REACHED,1
ES,q_U_p95,10,0.5,SYNTHETIC,CONTINUATION_FIRST,299
ES,q_U_p95,10,0.5,SYNTHETIC,REJECTION_FIRST,278
ES,q_U_p95,10,0.5,SYNTHETIC,SAME_BAR_BARRIER_TIE,197
ES,q_U_p95,10,1.0,REAL,CONTINUATION_FIRST,326
ES,q_U_p95,10,1.0,REAL,REJECTION_FIRST,325
ES,q_U_p95,10,1.0,REAL,SAME_BAR_BARRIER_TIE,54
ES,q_U_p95,10,1.0,REAL,NEITHER_REACHED,6
ES,q_U_p95,10,1.0,SYNTHETIC,CONTINUATION_FIRST,371
ES,q_U_p95,10,1.0,SYNTHETIC,REJECTION_FIRST,334
ES,q_U_p95,10,1.0,SYNTHETIC,SAME_BAR_BARRIER_TIE,67
ES,q_U_p95,10,1.0,SYNTHETIC,NEITHER_REACHED,2
ES,q_U_p95,10,1.5,REAL,CONTINUATION_FIRST,352
ES,q_U_p95,10,1.5,REAL,REJECTION_FIRST,310
ES,q_U_p95,10,1.5,REAL,NEITHER_REACHED,30
ES,q_U_p95,10,1.5,REAL,SAME_BAR_BARRIER_TIE,19
ES,q_U_p95,10,1.5,SYNTHETIC,CONTINUATION_FIRST,368
ES,q_U_p95,10,1.5,SYNTHETIC,REJECTION_FIRST,355
ES,q_U_p95,10,1.5,SYNTHETIC,NEITHER_REACHED,29
ES,q_U_p95,10,1.5,SYNTHETIC,SAME_BAR_BARRIER_TIE,22
ES,q_U_p95,10,2.0,REAL,REJECTION_FIRST,317
ES,q_U_p95,10,2.0,REAL,CONTINUATION_FIRST,313
ES,q_U_p95,10,2.0,REAL,NEITHER_REACHED,77
ES,q_U_p95,10,2.0,REAL,SAME_BAR_BARRIER_TIE,4
ES,q_U_p95,10,2.0,SYNTHETIC,CONTINUATION_FIRST,350
ES,q_U_p95,10,2.0,SYNTHETIC,REJECTION_FIRST,332
ES,q_U_p95,10,2.0,SYNTHETIC,NEITHER_REACHED,82
ES,q_U_p95,10,2.0,SYNTHETIC,SAME_BAR_BARRIER_TIE,10
ES,q_U_p95,15,0.5,REAL,CONTINUATION_FIRST,287
ES,q_U_p95,15,0.5,REAL,REJECTION_FIRST,248
ES,q_U_p95,15,0.5,REAL,SAME_BAR_BARRIER_TIE,175
ES,q_U_p95,15,0.5,REAL,NEITHER_REACHED,1
ES,q_U_p95,15,0.5,SYNTHETIC,CONTINUATION_FIRST,299
ES,q_U_p95,15,0.5,SYNTHETIC,REJECTION_FIRST,278
ES,q_U_p95,15,0.5,SYNTHETIC,SAME_BAR_BARRIER_TIE,197
ES,q_U_p95,15,1.0,REAL,CONTINUATION_FIRST,326
ES,q_U_p95,15,1.0,REAL,REJECTION_FIRST,326
ES,q_U_p95,15,1.0,REAL,SAME_BAR_BARRIER_TIE,54
ES,q_U_p95,15,1.0,REAL,NEITHER_REACHED,5
ES,q_U_p95,15,1.0,SYNTHETIC,CONTINUATION_FIRST,372
ES,q_U_p95,15,1.0,SYNTHETIC,REJECTION_FIRST,335
ES,q_U_p95,15,1.0,SYNTHETIC,SAME_BAR_BARRIER_TIE,67
ES,q_U_p95,15,1.5,REAL,CONTINUATION_FIRST,362
ES,q_U_p95,15,1.5,REAL,REJECTION_FIRST,318
ES,q_U_p95,15,1.5,REAL,SAME_BAR_BARRIER_TIE,19
ES,q_U_p95,15,1.5,REAL,NEITHER_REACHED,12
ES,q_U_p95,15,1.5,SYNTHETIC,CONTINUATION_FIRST,377
ES,q_U_p95,15,1.5,SYNTHETIC,REJECTION_FIRST,360
ES,q_U_p95,15,1.5,SYNTHETIC,SAME_BAR_BARRIER_TIE,22
ES,q_U_p95,15,1.5,SYNTHETIC,NEITHER_REACHED,15
ES,q_U_p95,15,2.0,REAL,CONTINUATION_FIRST,336
ES,q_U_p95,15,2.0,REAL,REJECTION_FIRST,333
ES,q_U_p95,15,2.0,REAL,NEITHER_REACHED,38
ES,q_U_p95,15,2.0,REAL,SAME_BAR_BARRIER_TIE,4
ES,q_U_p95,15,2.0,SYNTHETIC,CONTINUATION_FIRST,370
ES,q_U_p95,15,2.0,SYNTHETIC,REJECTION_FIRST,347
ES,q_U_p95,15,2.0,SYNTHETIC,NEITHER_REACHED,47
ES,q_U_p95,15,2.0,SYNTHETIC,SAME_BAR_BARRIER_TIE,10
ES,vwap_on_j+0,1,0.5,REAL,CONTINUATION_FIRST,259
ES,vwap_on_j+0,1,0.5,REAL,REJECTION_FIRST,254
ES,vwap_on_j+0,1,0.5,REAL,SAME_BAR_BARRIER_TIE,173
ES,vwap_on_j+0,1,0.5,REAL,NEITHER_REACHED,14
ES,vwap_on_j+0,1,0.5,SYNTHETIC,CONTINUATION_FIRST,330
ES,vwap_on_j+0,1,0.5,SYNTHETIC,REJECTION_FIRST,308
ES,vwap_on_j+0,1,0.5,SYNTHETIC,SAME_BAR_BARRIER_TIE,221
ES,vwap_on_j+0,1,0.5,SYNTHETIC,NEITHER_REACHED,17
ES,vwap_on_j+0,1,1.0,REAL,REJECTION_FIRST,269
ES,vwap_on_j+0,1,1.0,REAL,CONTINUATION_FIRST,252
ES,vwap_on_j+0,1,1.0,REAL,NEITHER_REACHED,129
ES,vwap_on_j+0,1,1.0,REAL,SAME_BAR_BARRIER_TIE,50
ES,vwap_on_j+0,1,1.0,SYNTHETIC,REJECTION_FIRST,321
ES,vwap_on_j+0,1,1.0,SYNTHETIC,CONTINUATION_FIRST,312
ES,vwap_on_j+0,1,1.0,SYNTHETIC,NEITHER_REACHED,175
ES,vwap_on_j+0,1,1.0,SYNTHETIC,SAME_BAR_BARRIER_TIE,68
ES,vwap_on_j+0,1,1.5,REAL,NEITHER_REACHED,291
ES,vwap_on_j+0,1,1.5,REAL,REJECTION_FIRST,206
ES,vwap_on_j+0,1,1.5,REAL,CONTINUATION_FIRST,187
ES,vwap_on_j+0,1,1.5,REAL,SAME_BAR_BARRIER_TIE,16
ES,vwap_on_j+0,1,1.5,SYNTHETIC,NEITHER_REACHED,376
ES,vwap_on_j+0,1,1.5,SYNTHETIC,REJECTION_FIRST,247
ES,vwap_on_j+0,1,1.5,SYNTHETIC,CONTINUATION_FIRST,228
ES,vwap_on_j+0,1,1.5,SYNTHETIC,SAME_BAR_BARRIER_TIE,25
ES,vwap_on_j+0,1,2.0,REAL,NEITHER_REACHED,405
ES,vwap_on_j+0,1,2.0,REAL,REJECTION_FIRST,158
ES,vwap_on_j+0,1,2.0,REAL,CONTINUATION_FIRST,131
ES,vwap_on_j+0,1,2.0,REAL,SAME_BAR_BARRIER_TIE,6
ES,vwap_on_j+0,1,2.0,SYNTHETIC,NEITHER_REACHED,543
ES,vwap_on_j+0,1,2.0,SYNTHETIC,REJECTION_FIRST,170
ES,vwap_on_j+0,1,2.0,SYNTHETIC,CONTINUATION_FIRST,156
ES,vwap_on_j+0,1,2.0,SYNTHETIC,SAME_BAR_BARRIER_TIE,7
ES,vwap_on_j+0,3,0.5,REAL,CONTINUATION_FIRST,266
ES,vwap_on_j+0,3,0.5,REAL,REJECTION_FIRST,259
ES,vwap_on_j+0,3,0.5,REAL,SAME_BAR_BARRIER_TIE,174
ES,vwap_on_j+0,3,0.5,REAL,NEITHER_REACHED,1
ES,vwap_on_j+0,3,0.5,SYNTHETIC,CONTINUATION_FIRST,336
ES,vwap_on_j+0,3,0.5,SYNTHETIC,REJECTION_FIRST,317
ES,vwap_on_j+0,3,0.5,SYNTHETIC,SAME_BAR_BARRIER_TIE,221
ES,vwap_on_j+0,3,0.5,SYNTHETIC,NEITHER_REACHED,2
ES,vwap_on_j+0,3,1.0,REAL,REJECTION_FIRST,317
ES,vwap_on_j+0,3,1.0,REAL,CONTINUATION_FIRST,301
ES,vwap_on_j+0,3,1.0,REAL,SAME_BAR_BARRIER_TIE,51
ES,vwap_on_j+0,3,1.0,REAL,NEITHER_REACHED,31
ES,vwap_on_j+0,3,1.0,SYNTHETIC,REJECTION_FIRST,385
ES,vwap_on_j+0,3,1.0,SYNTHETIC,CONTINUATION_FIRST,374
ES,vwap_on_j+0,3,1.0,SYNTHETIC,SAME_BAR_BARRIER_TIE,69
ES,vwap_on_j+0,3,1.0,SYNTHETIC,NEITHER_REACHED,48
ES,vwap_on_j+0,3,1.5,REAL,REJECTION_FIRST,300
ES,vwap_on_j+0,3,1.5,REAL,CONTINUATION_FIRST,261
ES,vwap_on_j+0,3,1.5,REAL,NEITHER_REACHED,122
ES,vwap_on_j+0,3,1.5,REAL,SAME_BAR_BARRIER_TIE,17
ES,vwap_on_j+0,3,1.5,SYNTHETIC,REJECTION_FIRST,363
ES,vwap_on_j+0,3,1.5,SYNTHETIC,CONTINUATION_FIRST,326
ES,vwap_on_j+0,3,1.5,SYNTHETIC,NEITHER_REACHED,161
ES,vwap_on_j+0,3,1.5,SYNTHETIC,SAME_BAR_BARRIER_TIE,26
ES,vwap_on_j+0,3,2.0,REAL,REJECTION_FIRST,243
ES,vwap_on_j+0,3,2.0,REAL,NEITHER_REACHED,234
ES,vwap_on_j+0,3,2.0,REAL,CONTINUATION_FIRST,216
ES,vwap_on_j+0,3,2.0,REAL,SAME_BAR_BARRIER_TIE,7
ES,vwap_on_j+0,3,2.0,SYNTHETIC,NEITHER_REACHED,310
ES,vwap_on_j+0,3,2.0,SYNTHETIC,REJECTION_FIRST,299
ES,vwap_on_j+0,3,2.0,SYNTHETIC,CONTINUATION_FIRST,260
ES,vwap_on_j+0,3,2.0,SYNTHETIC,SAME_BAR_BARRIER_TIE,7
ES,vwap_on_j+0,5,0.5,REAL,CONTINUATION_FIRST,266
ES,vwap_on_j+0,5,0.5,REAL,REJECTION_FIRST,260
ES,vwap_on_j+0,5,0.5,REAL,SAME_BAR_BARRIER_TIE,174
ES,vwap_on_j+0,5,0.5,SYNTHETIC,CONTINUATION_FIRST,337
ES,vwap_on_j+0,5,0.5,SYNTHETIC,REJECTION_FIRST,318
ES,vwap_on_j+0,5,0.5,SYNTHETIC,SAME_BAR_BARRIER_TIE,221
ES,vwap_on_j+0,5,1.0,REAL,REJECTION_FIRST,327
ES,vwap_on_j+0,5,1.0,REAL,CONTINUATION_FIRST,309
ES,vwap_on_j+0,5,1.0,REAL,SAME_BAR_BARRIER_TIE,51
ES,vwap_on_j+0,5,1.0,REAL,NEITHER_REACHED,13
ES,vwap_on_j+0,5,1.0,SYNTHETIC,REJECTION_FIRST,395
ES,vwap_on_j+0,5,1.0,SYNTHETIC,CONTINUATION_FIRST,388
ES,vwap_on_j+0,5,1.0,SYNTHETIC,SAME_BAR_BARRIER_TIE,69
ES,vwap_on_j+0,5,1.0,SYNTHETIC,NEITHER_REACHED,24
ES,vwap_on_j+0,5,1.5,REAL,REJECTION_FIRST,328
ES,vwap_on_j+0,5,1.5,REAL,CONTINUATION_FIRST,300
ES,vwap_on_j+0,5,1.5,REAL,NEITHER_REACHED,55
ES,vwap_on_j+0,5,1.5,REAL,SAME_BAR_BARRIER_TIE,17
ES,vwap_on_j+0,5,1.5,SYNTHETIC,REJECTION_FIRST,398
ES,vwap_on_j+0,5,1.5,SYNTHETIC,CONTINUATION_FIRST,370
ES,vwap_on_j+0,5,1.5,SYNTHETIC,NEITHER_REACHED,81
ES,vwap_on_j+0,5,1.5,SYNTHETIC,SAME_BAR_BARRIER_TIE,27
ES,vwap_on_j+0,5,2.0,REAL,REJECTION_FIRST,283
ES,vwap_on_j+0,5,2.0,REAL,CONTINUATION_FIRST,263
ES,vwap_on_j+0,5,2.0,REAL,NEITHER_REACHED,147
ES,vwap_on_j+0,5,2.0,REAL,SAME_BAR_BARRIER_TIE,7
ES,vwap_on_j+0,5,2.0,SYNTHETIC,REJECTION_FIRST,357
ES,vwap_on_j+0,5,2.0,SYNTHETIC,CONTINUATION_FIRST,327
ES,vwap_on_j+0,5,2.0,SYNTHETIC,NEITHER_REACHED,185
ES,vwap_on_j+0,5,2.0,SYNTHETIC,SAME_BAR_BARRIER_TIE,7
ES,vwap_on_j+0,10,0.5,REAL,CONTINUATION_FIRST,266
ES,vwap_on_j+0,10,0.5,REAL,REJECTION_FIRST,260
ES,vwap_on_j+0,10,0.5,REAL,SAME_BAR_BARRIER_TIE,174
ES,vwap_on_j+0,10,0.5,SYNTHETIC,CONTINUATION_FIRST,337
ES,vwap_on_j+0,10,0.5,SYNTHETIC,REJECTION_FIRST,318
ES,vwap_on_j+0,10,0.5,SYNTHETIC,SAME_BAR_BARRIER_TIE,221
ES,vwap_on_j+0,10,1.0,REAL,REJECTION_FIRST,329
ES,vwap_on_j+0,10,1.0,REAL,CONTINUATION_FIRST,315
ES,vwap_on_j+0,10,1.0,REAL,SAME_BAR_BARRIER_TIE,51
ES,vwap_on_j+0,10,1.0,REAL,NEITHER_REACHED,5
ES,vwap_on_j+0,10,1.0,SYNTHETIC,REJECTION_FIRST,405
ES,vwap_on_j+0,10,1.0,SYNTHETIC,CONTINUATION_FIRST,395
ES,vwap_on_j+0,10,1.0,SYNTHETIC,SAME_BAR_BARRIER_TIE,69
ES,vwap_on_j+0,10,1.0,SYNTHETIC,NEITHER_REACHED,7
ES,vwap_on_j+0,10,1.5,REAL,REJECTION_FIRST,345
ES,vwap_on_j+0,10,1.5,REAL,CONTINUATION_FIRST,319
ES,vwap_on_j+0,10,1.5,REAL,NEITHER_REACHED,19
ES,vwap_on_j+0,10,1.5,REAL,SAME_BAR_BARRIER_TIE,17
ES,vwap_on_j+0,10,1.5,SYNTHETIC,REJECTION_FIRST,430
ES,vwap_on_j+0,10,1.5,SYNTHETIC,CONTINUATION_FIRST,398
ES,vwap_on_j+0,10,1.5,SYNTHETIC,SAME_BAR_BARRIER_TIE,28
ES,vwap_on_j+0,10,1.5,SYNTHETIC,NEITHER_REACHED,20
ES,vwap_on_j+0,10,2.0,REAL,REJECTION_FIRST,319
ES,vwap_on_j+0,10,2.0,REAL,CONTINUATION_FIRST,311
ES,vwap_on_j+0,10,2.0,REAL,NEITHER_REACHED,63
ES,vwap_on_j+0,10,2.0,REAL,SAME_BAR_BARRIER_TIE,7
ES,vwap_on_j+0,10,2.0,SYNTHETIC,REJECTION_FIRST,402
ES,vwap_on_j+0,10,2.0,SYNTHETIC,CONTINUATION_FIRST,381
ES,vwap_on_j+0,10,2.0,SYNTHETIC,NEITHER_REACHED,85
ES,vwap_on_j+0,10,2.0,SYNTHETIC,SAME_BAR_BARRIER_TIE,8
ES,vwap_on_j+0,15,0.5,REAL,CONTINUATION_FIRST,266
ES,vwap_on_j+0,15,0.5,REAL,REJECTION_FIRST,260
ES,vwap_on_j+0,15,0.5,REAL,SAME_BAR_BARRIER_TIE,174
ES,vwap_on_j+0,15,0.5,SYNTHETIC,CONTINUATION_FIRST,337
ES,vwap_on_j+0,15,0.5,SYNTHETIC,REJECTION_FIRST,318
ES,vwap_on_j+0,15,0.5,SYNTHETIC,SAME_BAR_BARRIER_TIE,221
ES,vwap_on_j+0,15,1.0,REAL,REJECTION_FIRST,332
ES,vwap_on_j+0,15,1.0,REAL,CONTINUATION_FIRST,315
ES,vwap_on_j+0,15,1.0,REAL,SAME_BAR_BARRIER_TIE,51
ES,vwap_on_j+0,15,1.0,REAL,NEITHER_REACHED,2
ES,vwap_on_j+0,15,1.0,SYNTHETIC,REJECTION_FIRST,407
ES,vwap_on_j+0,15,1.0,SYNTHETIC,CONTINUATION_FIRST,396
ES,vwap_on_j+0,15,1.0,SYNTHETIC,SAME_BAR_BARRIER_TIE,69
ES,vwap_on_j+0,15,1.0,SYNTHETIC,NEITHER_REACHED,4
ES,vwap_on_j+0,15,1.5,REAL,REJECTION_FIRST,350
ES,vwap_on_j+0,15,1.5,REAL,CONTINUATION_FIRST,323
ES,vwap_on_j+0,15,1.5,REAL,SAME_BAR_BARRIER_TIE,17
ES,vwap_on_j+0,15,1.5,REAL,NEITHER_REACHED,10
ES,vwap_on_j+0,15,1.5,SYNTHETIC,REJECTION_FIRST,434
ES,vwap_on_j+0,15,1.5,SYNTHETIC,CONTINUATION_FIRST,402
ES,vwap_on_j+0,15,1.5,SYNTHETIC,SAME_BAR_BARRIER_TIE,28
ES,vwap_on_j+0,15,1.5,SYNTHETIC,NEITHER_REACHED,12
ES,vwap_on_j+0,15,2.0,REAL,REJECTION_FIRST,331
ES,vwap_on_j+0,15,2.0,REAL,CONTINUATION_FIRST,327
ES,vwap_on_j+0,15,2.0,REAL,NEITHER_REACHED,35
ES,vwap_on_j+0,15,2.0,REAL,SAME_BAR_BARRIER_TIE,7
ES,vwap_on_j+0,15,2.0,SYNTHETIC,REJECTION_FIRST,421
ES,vwap_on_j+0,15,2.0,SYNTHETIC,CONTINUATION_FIRST,403
ES,vwap_on_j+0,15,2.0,SYNTHETIC,NEITHER_REACHED,44
ES,vwap_on_j+0,15,2.0,SYNTHETIC,SAME_BAR_BARRIER_TIE,8
ES,vwap_on_j+1,1,0.5,REAL,REJECTION_FIRST,250
ES,vwap_on_j+1,1,0.5,REAL,CONTINUATION_FIRST,223
ES,vwap_on_j+1,1,0.5,REAL,SAME_BAR_BARRIER_TIE,154
ES,vwap_on_j+1,1,0.5,REAL,NEITHER_REACHED,30
ES,vwap_on_j+1,1,0.5,SYNTHETIC,CONTINUATION_FIRST,333
ES,vwap_on_j+1,1,0.5,SYNTHETIC,REJECTION_FIRST,310
ES,vwap_on_j+1,1,0.5,SYNTHETIC,SAME_BAR_BARRIER_TIE,192
ES,vwap_on_j+1,1,0.5,SYNTHETIC,NEITHER_REACHED,24
ES,vwap_on_j+1,1,1.0,REAL,REJECTION_FIRST,237
ES,vwap_on_j+1,1,1.0,REAL,CONTINUATION_FIRST,220
ES,vwap_on_j+1,1,1.0,REAL,NEITHER_REACHED,152
ES,vwap_on_j+1,1,1.0,REAL,SAME_BAR_BARRIER_TIE,48
ES,vwap_on_j+1,1,1.0,SYNTHETIC,REJECTION_FIRST,307
ES,vwap_on_j+1,1,1.0,SYNTHETIC,CONTINUATION_FIRST,299
ES,vwap_on_j+1,1,1.0,SYNTHETIC,NEITHER_REACHED,187
ES,vwap_on_j+1,1,1.0,SYNTHETIC,SAME_BAR_BARRIER_TIE,66
ES,vwap_on_j+1,1,1.5,REAL,NEITHER_REACHED,300
ES,vwap_on_j+1,1,1.5,REAL,REJECTION_FIRST,180
ES,vwap_on_j+1,1,1.5,REAL,CONTINUATION_FIRST,163
ES,vwap_on_j+1,1,1.5,REAL,SAME_BAR_BARRIER_TIE,14
ES,vwap_on_j+1,1,1.5,SYNTHETIC,NEITHER_REACHED,376
ES,vwap_on_j+1,1,1.5,SYNTHETIC,REJECTION_FIRST,240
ES,vwap_on_j+1,1,1.5,SYNTHETIC,CONTINUATION_FIRST,218
ES,vwap_on_j+1,1,1.5,SYNTHETIC,SAME_BAR_BARRIER_TIE,25
ES,vwap_on_j+1,1,2.0,REAL,NEITHER_REACHED,408
ES,vwap_on_j+1,1,2.0,REAL,REJECTION_FIRST,129
ES,vwap_on_j+1,1,2.0,REAL,CONTINUATION_FIRST,114
ES,vwap_on_j+1,1,2.0,REAL,SAME_BAR_BARRIER_TIE,6
ES,vwap_on_j+1,1,2.0,SYNTHETIC,NEITHER_REACHED,522
ES,vwap_on_j+1,1,2.0,SYNTHETIC,REJECTION_FIRST,185
ES,vwap_on_j+1,1,2.0,SYNTHETIC,CONTINUATION_FIRST,145
ES,vwap_on_j+1,1,2.0,SYNTHETIC,SAME_BAR_BARRIER_TIE,7
ES,vwap_on_j+1,3,0.5,REAL,REJECTION_FIRST,261
ES,vwap_on_j+1,3,0.5,REAL,CONTINUATION_FIRST,236
ES,vwap_on_j+1,3,0.5,REAL,SAME_BAR_BARRIER_TIE,156
ES,vwap_on_j+1,3,0.5,REAL,NEITHER_REACHED,4
ES,vwap_on_j+1,3,0.5,SYNTHETIC,CONTINUATION_FIRST,345
ES,vwap_on_j+1,3,0.5,SYNTHETIC,REJECTION_FIRST,318
ES,vwap_on_j+1,3,0.5,SYNTHETIC,SAME_BAR_BARRIER_TIE,194
ES,vwap_on_j+1,3,0.5,SYNTHETIC,NEITHER_REACHED,2
ES,vwap_on_j+1,3,1.0,REAL,REJECTION_FIRST,283
ES,vwap_on_j+1,3,1.0,REAL,CONTINUATION_FIRST,272
ES,vwap_on_j+1,3,1.0,REAL,NEITHER_REACHED,52
ES,vwap_on_j+1,3,1.0,REAL,SAME_BAR_BARRIER_TIE,50
ES,vwap_on_j+1,3,1.0,SYNTHETIC,CONTINUATION_FIRST,377
ES,vwap_on_j+1,3,1.0,SYNTHETIC,REJECTION_FIRST,366
ES,vwap_on_j+1,3,1.0,SYNTHETIC,SAME_BAR_BARRIER_TIE,67
ES,vwap_on_j+1,3,1.0,SYNTHETIC,NEITHER_REACHED,49
ES,vwap_on_j+1,3,1.5,REAL,REJECTION_FIRST,252
ES,vwap_on_j+1,3,1.5,REAL,CONTINUATION_FIRST,244
ES,vwap_on_j+1,3,1.5,REAL,NEITHER_REACHED,145
ES,vwap_on_j+1,3,1.5,REAL,SAME_BAR_BARRIER_TIE,16
ES,vwap_on_j+1,3,1.5,SYNTHETIC,REJECTION_FIRST,337
ES,vwap_on_j+1,3,1.5,SYNTHETIC,CONTINUATION_FIRST,330
ES,vwap_on_j+1,3,1.5,SYNTHETIC,NEITHER_REACHED,166
ES,vwap_on_j+1,3,1.5,SYNTHETIC,SAME_BAR_BARRIER_TIE,26
ES,vwap_on_j+1,3,2.0,REAL,NEITHER_REACHED,242
ES,vwap_on_j+1,3,2.0,REAL,CONTINUATION_FIRST,205
ES,vwap_on_j+1,3,2.0,REAL,REJECTION_FIRST,204
ES,vwap_on_j+1,3,2.0,REAL,SAME_BAR_BARRIER_TIE,6
ES,vwap_on_j+1,3,2.0,SYNTHETIC,NEITHER_REACHED,300
ES,vwap_on_j+1,3,2.0,SYNTHETIC,REJECTION_FIRST,294
ES,vwap_on_j+1,3,2.0,SYNTHETIC,CONTINUATION_FIRST,257
ES,vwap_on_j+1,3,2.0,SYNTHETIC,SAME_BAR_BARRIER_TIE,8
ES,vwap_on_j+1,5,0.5,REAL,REJECTION_FIRST,261
ES,vwap_on_j+1,5,0.5,REAL,CONTINUATION_FIRST,239
ES,vwap_on_j+1,5,0.5,REAL,SAME_BAR_BARRIER_TIE,156
ES,vwap_on_j+1,5,0.5,REAL,NEITHER_REACHED,1
ES,vwap_on_j+1,5,0.5,SYNTHETIC,CONTINUATION_FIRST,346
ES,vwap_on_j+1,5,0.5,SYNTHETIC,REJECTION_FIRST,319
ES,vwap_on_j+1,5,0.5,SYNTHETIC,SAME_BAR_BARRIER_TIE,194
ES,vwap_on_j+1,5,1.0,REAL,REJECTION_FIRST,293
ES,vwap_on_j+1,5,1.0,REAL,CONTINUATION_FIRST,287
ES,vwap_on_j+1,5,1.0,REAL,SAME_BAR_BARRIER_TIE,50
ES,vwap_on_j+1,5,1.0,REAL,NEITHER_REACHED,27
ES,vwap_on_j+1,5,1.0,SYNTHETIC,CONTINUATION_FIRST,392
ES,vwap_on_j+1,5,1.0,SYNTHETIC,REJECTION_FIRST,377
ES,vwap_on_j+1,5,1.0,SYNTHETIC,SAME_BAR_BARRIER_TIE,67
ES,vwap_on_j+1,5,1.0,SYNTHETIC,NEITHER_REACHED,23
ES,vwap_on_j+1,5,1.5,REAL,REJECTION_FIRST,279
ES,vwap_on_j+1,5,1.5,REAL,CONTINUATION_FIRST,275
ES,vwap_on_j+1,5,1.5,REAL,NEITHER_REACHED,87
ES,vwap_on_j+1,5,1.5,REAL,SAME_BAR_BARRIER_TIE,16
ES,vwap_on_j+1,5,1.5,SYNTHETIC,REJECTION_FIRST,371
ES,vwap_on_j+1,5,1.5,SYNTHETIC,CONTINUATION_FIRST,363
ES,vwap_on_j+1,5,1.5,SYNTHETIC,NEITHER_REACHED,99
ES,vwap_on_j+1,5,1.5,SYNTHETIC,SAME_BAR_BARRIER_TIE,26
ES,vwap_on_j+1,5,2.0,REAL,REJECTION_FIRST,248
ES,vwap_on_j+1,5,2.0,REAL,CONTINUATION_FIRST,246
ES,vwap_on_j+1,5,2.0,REAL,NEITHER_REACHED,157
ES,vwap_on_j+1,5,2.0,REAL,SAME_BAR_BARRIER_TIE,6
ES,vwap_on_j+1,5,2.0,SYNTHETIC,REJECTION_FIRST,347
ES,vwap_on_j+1,5,2.0,SYNTHETIC,CONTINUATION_FIRST,307
ES,vwap_on_j+1,5,2.0,SYNTHETIC,NEITHER_REACHED,197
ES,vwap_on_j+1,5,2.0,SYNTHETIC,SAME_BAR_BARRIER_TIE,8
ES,vwap_on_j+1,10,0.5,REAL,REJECTION_FIRST,262
ES,vwap_on_j+1,10,0.5,REAL,CONTINUATION_FIRST,239
ES,vwap_on_j+1,10,0.5,REAL,SAME_BAR_BARRIER_TIE,156
ES,vwap_on_j+1,10,0.5,SYNTHETIC,CONTINUATION_FIRST,346
ES,vwap_on_j+1,10,0.5,SYNTHETIC,REJECTION_FIRST,319
ES,vwap_on_j+1,10,0.5,SYNTHETIC,SAME_BAR_BARRIER_TIE,194
ES,vwap_on_j+1,10,1.0,REAL,CONTINUATION_FIRST,298
ES,vwap_on_j+1,10,1.0,REAL,REJECTION_FIRST,298
ES,vwap_on_j+1,10,1.0,REAL,SAME_BAR_BARRIER_TIE,50
ES,vwap_on_j+1,10,1.0,REAL,NEITHER_REACHED,11
ES,vwap_on_j+1,10,1.0,SYNTHETIC,CONTINUATION_FIRST,396
ES,vwap_on_j+1,10,1.0,SYNTHETIC,REJECTION_FIRST,388
ES,vwap_on_j+1,10,1.0,SYNTHETIC,SAME_BAR_BARRIER_TIE,67
ES,vwap_on_j+1,10,1.0,SYNTHETIC,NEITHER_REACHED,8
ES,vwap_on_j+1,10,1.5,REAL,CONTINUATION_FIRST,304
ES,vwap_on_j+1,10,1.5,REAL,REJECTION_FIRST,302
ES,vwap_on_j+1,10,1.5,REAL,NEITHER_REACHED,35
ES,vwap_on_j+1,10,1.5,REAL,SAME_BAR_BARRIER_TIE,16
ES,vwap_on_j+1,10,1.5,SYNTHETIC,REJECTION_FIRST,406
ES,vwap_on_j+1,10,1.5,SYNTHETIC,CONTINUATION_FIRST,394
ES,vwap_on_j+1,10,1.5,SYNTHETIC,NEITHER_REACHED,33
ES,vwap_on_j+1,10,1.5,SYNTHETIC,SAME_BAR_BARRIER_TIE,26
ES,vwap_on_j+1,10,2.0,REAL,CONTINUATION_FIRST,293
ES,vwap_on_j+1,10,2.0,REAL,REJECTION_FIRST,289
ES,vwap_on_j+1,10,2.0,REAL,NEITHER_REACHED,69
ES,vwap_on_j+1,10,2.0,REAL,SAME_BAR_BARRIER_TIE,6
ES,vwap_on_j+1,10,2.0,SYNTHETIC,REJECTION_FIRST,393
ES,vwap_on_j+1,10,2.0,SYNTHETIC,CONTINUATION_FIRST,369
ES,vwap_on_j+1,10,2.0,SYNTHETIC,NEITHER_REACHED,89
ES,vwap_on_j+1,10,2.0,SYNTHETIC,SAME_BAR_BARRIER_TIE,8
ES,vwap_on_j+1,15,0.5,REAL,REJECTION_FIRST,262
ES,vwap_on_j+1,15,0.5,REAL,CONTINUATION_FIRST,239
ES,vwap_on_j+1,15,0.5,REAL,SAME_BAR_BARRIER_TIE,156
ES,vwap_on_j+1,15,0.5,SYNTHETIC,CONTINUATION_FIRST,346
ES,vwap_on_j+1,15,0.5,SYNTHETIC,REJECTION_FIRST,319
ES,vwap_on_j+1,15,0.5,SYNTHETIC,SAME_BAR_BARRIER_TIE,194
ES,vwap_on_j+1,15,1.0,REAL,CONTINUATION_FIRST,303
ES,vwap_on_j+1,15,1.0,REAL,REJECTION_FIRST,298
ES,vwap_on_j+1,15,1.0,REAL,SAME_BAR_BARRIER_TIE,50
ES,vwap_on_j+1,15,1.0,REAL,NEITHER_REACHED,6
ES,vwap_on_j+1,15,1.0,SYNTHETIC,CONTINUATION_FIRST,397
ES,vwap_on_j+1,15,1.0,SYNTHETIC,REJECTION_FIRST,390
ES,vwap_on_j+1,15,1.0,SYNTHETIC,SAME_BAR_BARRIER_TIE,67
ES,vwap_on_j+1,15,1.0,SYNTHETIC,NEITHER_REACHED,5
ES,vwap_on_j+1,15,1.5,REAL,CONTINUATION_FIRST,315
ES,vwap_on_j+1,15,1.5,REAL,REJECTION_FIRST,309
ES,vwap_on_j+1,15,1.5,REAL,NEITHER_REACHED,17
ES,vwap_on_j+1,15,1.5,REAL,SAME_BAR_BARRIER_TIE,16
ES,vwap_on_j+1,15,1.5,SYNTHETIC,REJECTION_FIRST,414
ES,vwap_on_j+1,15,1.5,SYNTHETIC,CONTINUATION_FIRST,401
ES,vwap_on_j+1,15,1.5,SYNTHETIC,SAME_BAR_BARRIER_TIE,26
ES,vwap_on_j+1,15,1.5,SYNTHETIC,NEITHER_REACHED,18
ES,vwap_on_j+1,15,2.0,REAL,CONTINUATION_FIRST,312
ES,vwap_on_j+1,15,2.0,REAL,REJECTION_FIRST,300
ES,vwap_on_j+1,15,2.0,REAL,NEITHER_REACHED,39
ES,vwap_on_j+1,15,2.0,REAL,SAME_BAR_BARRIER_TIE,6
ES,vwap_on_j+1,15,2.0,SYNTHETIC,REJECTION_FIRST,407
ES,vwap_on_j+1,15,2.0,SYNTHETIC,CONTINUATION_FIRST,392
ES,vwap_on_j+1,15,2.0,SYNTHETIC,NEITHER_REACHED,52
ES,vwap_on_j+1,15,2.0,SYNTHETIC,SAME_BAR_BARRIER_TIE,8
ES,vwap_on_j+2,1,0.5,REAL,CONTINUATION_FIRST,178
ES,vwap_on_j+2,1,0.5,REAL,REJECTION_FIRST,142
ES,vwap_on_j+2,1,0.5,REAL,SAME_BAR_BARRIER_TIE,84
ES,vwap_on_j+2,1,0.5,REAL,NEITHER_REACHED,14
ES,vwap_on_j+2,1,0.5,SYNTHETIC,CONTINUATION_FIRST,323
ES,vwap_on_j+2,1,0.5,SYNTHETIC,REJECTION_FIRST,275
ES,vwap_on_j+2,1,0.5,SYNTHETIC,SAME_BAR_BARRIER_TIE,172
ES,vwap_on_j+2,1,0.5,SYNTHETIC,NEITHER_REACHED,23
ES,vwap_on_j+2,1,1.0,REAL,CONTINUATION_FIRST,167
ES,vwap_on_j+2,1,1.0,REAL,REJECTION_FIRST,116
ES,vwap_on_j+2,1,1.0,REAL,NEITHER_REACHED,116
ES,vwap_on_j+2,1,1.0,REAL,SAME_BAR_BARRIER_TIE,19
ES,vwap_on_j+2,1,1.0,SYNTHETIC,CONTINUATION_FIRST,294
ES,vwap_on_j+2,1,1.0,SYNTHETIC,REJECTION_FIRST,266
ES,vwap_on_j+2,1,1.0,SYNTHETIC,NEITHER_REACHED,171
ES,vwap_on_j+2,1,1.0,SYNTHETIC,SAME_BAR_BARRIER_TIE,62
ES,vwap_on_j+2,1,1.5,REAL,NEITHER_REACHED,230
ES,vwap_on_j+2,1,1.5,REAL,CONTINUATION_FIRST,108
ES,vwap_on_j+2,1,1.5,REAL,REJECTION_FIRST,77
ES,vwap_on_j+2,1,1.5,REAL,SAME_BAR_BARRIER_TIE,3
ES,vwap_on_j+2,1,1.5,SYNTHETIC,NEITHER_REACHED,354
ES,vwap_on_j+2,1,1.5,SYNTHETIC,CONTINUATION_FIRST,216
ES,vwap_on_j+2,1,1.5,SYNTHETIC,REJECTION_FIRST,199
ES,vwap_on_j+2,1,1.5,SYNTHETIC,SAME_BAR_BARRIER_TIE,24
ES,vwap_on_j+2,1,2.0,REAL,NEITHER_REACHED,296
ES,vwap_on_j+2,1,2.0,REAL,CONTINUATION_FIRST,69
ES,vwap_on_j+2,1,2.0,REAL,REJECTION_FIRST,53
ES,vwap_on_j+2,1,2.0,SYNTHETIC,NEITHER_REACHED,489
ES,vwap_on_j+2,1,2.0,SYNTHETIC,REJECTION_FIRST,149
ES,vwap_on_j+2,1,2.0,SYNTHETIC,CONTINUATION_FIRST,147
ES,vwap_on_j+2,1,2.0,SYNTHETIC,SAME_BAR_BARRIER_TIE,8
ES,vwap_on_j+2,3,0.5,REAL,CONTINUATION_FIRST,184
ES,vwap_on_j+2,3,0.5,REAL,REJECTION_FIRST,146
ES,vwap_on_j+2,3,0.5,REAL,SAME_BAR_BARRIER_TIE,85
ES,vwap_on_j+2,3,0.5,REAL,NEITHER_REACHED,3
ES,vwap_on_j+2,3,0.5,SYNTHETIC,CONTINUATION_FIRST,332
ES,vwap_on_j+2,3,0.5,SYNTHETIC,REJECTION_FIRST,284
ES,vwap_on_j+2,3,0.5,SYNTHETIC,SAME_BAR_BARRIER_TIE,174
ES,vwap_on_j+2,3,0.5,SYNTHETIC,NEITHER_REACHED,3
ES,vwap_on_j+2,3,1.0,REAL,CONTINUATION_FIRST,218
ES,vwap_on_j+2,3,1.0,REAL,REJECTION_FIRST,147
ES,vwap_on_j+2,3,1.0,REAL,NEITHER_REACHED,34
ES,vwap_on_j+2,3,1.0,REAL,SAME_BAR_BARRIER_TIE,19
ES,vwap_on_j+2,3,1.0,SYNTHETIC,CONTINUATION_FIRST,363
ES,vwap_on_j+2,3,1.0,SYNTHETIC,REJECTION_FIRST,319
ES,vwap_on_j+2,3,1.0,SYNTHETIC,SAME_BAR_BARRIER_TIE,63
ES,vwap_on_j+2,3,1.0,SYNTHETIC,NEITHER_REACHED,48
ES,vwap_on_j+2,3,1.5,REAL,CONTINUATION_FIRST,173
ES,vwap_on_j+2,3,1.5,REAL,REJECTION_FIRST,125
ES,vwap_on_j+2,3,1.5,REAL,NEITHER_REACHED,117
ES,vwap_on_j+2,3,1.5,REAL,SAME_BAR_BARRIER_TIE,3
ES,vwap_on_j+2,3,1.5,SYNTHETIC,CONTINUATION_FIRST,318
ES,vwap_on_j+2,3,1.5,SYNTHETIC,REJECTION_FIRST,282
ES,vwap_on_j+2,3,1.5,SYNTHETIC,NEITHER_REACHED,165
ES,vwap_on_j+2,3,1.5,SYNTHETIC,SAME_BAR_BARRIER_TIE,28
ES,vwap_on_j+2,3,2.0,REAL,NEITHER_REACHED,192
ES,vwap_on_j+2,3,2.0,REAL,CONTINUATION_FIRST,131
ES,vwap_on_j+2,3,2.0,REAL,REJECTION_FIRST,95
ES,vwap_on_j+2,3,2.0,SYNTHETIC,NEITHER_REACHED,284
ES,vwap_on_j+2,3,2.0,SYNTHETIC,CONTINUATION_FIRST,254
ES,vwap_on_j+2,3,2.0,SYNTHETIC,REJECTION_FIRST,247
ES,vwap_on_j+2,3,2.0,SYNTHETIC,SAME_BAR_BARRIER_TIE,8
ES,vwap_on_j+2,5,0.5,REAL,CONTINUATION_FIRST,186
ES,vwap_on_j+2,5,0.5,REAL,REJECTION_FIRST,147
ES,vwap_on_j+2,5,0.5,REAL,SAME_BAR_BARRIER_TIE,85
ES,vwap_on_j+2,5,0.5,SYNTHETIC,CONTINUATION_FIRST,334
ES,vwap_on_j+2,5,0.5,SYNTHETIC,REJECTION_FIRST,284
ES,vwap_on_j+2,5,0.5,SYNTHETIC,SAME_BAR_BARRIER_TIE,174
ES,vwap_on_j+2,5,0.5,SYNTHETIC,NEITHER_REACHED,1
ES,vwap_on_j+2,5,1.0,REAL,CONTINUATION_FIRST,228
ES,vwap_on_j+2,5,1.0,REAL,REJECTION_FIRST,155
ES,vwap_on_j+2,5,1.0,REAL,SAME_BAR_BARRIER_TIE,19
ES,vwap_on_j+2,5,1.0,REAL,NEITHER_REACHED,16
ES,vwap_on_j+2,5,1.0,SYNTHETIC,CONTINUATION_FIRST,376
ES,vwap_on_j+2,5,1.0,SYNTHETIC,REJECTION_FIRST,330
ES,vwap_on_j+2,5,1.0,SYNTHETIC,SAME_BAR_BARRIER_TIE,63
ES,vwap_on_j+2,5,1.0,SYNTHETIC,NEITHER_REACHED,24
ES,vwap_on_j+2,5,1.5,REAL,CONTINUATION_FIRST,194
ES,vwap_on_j+2,5,1.5,REAL,REJECTION_FIRST,148
ES,vwap_on_j+2,5,1.5,REAL,NEITHER_REACHED,73
ES,vwap_on_j+2,5,1.5,REAL,SAME_BAR_BARRIER_TIE,3
ES,vwap_on_j+2,5,1.5,SYNTHETIC,CONTINUATION_FIRST,354
ES,vwap_on_j+2,5,1.5,SYNTHETIC,REJECTION_FIRST,309
ES,vwap_on_j+2,5,1.5,SYNTHETIC,NEITHER_REACHED,102
ES,vwap_on_j+2,5,1.5,SYNTHETIC,SAME_BAR_BARRIER_TIE,28
ES,vwap_on_j+2,5,2.0,REAL,CONTINUATION_FIRST,161
ES,vwap_on_j+2,5,2.0,REAL,NEITHER_REACHED,134
ES,vwap_on_j+2,5,2.0,REAL,REJECTION_FIRST,123
ES,vwap_on_j+2,5,2.0,SYNTHETIC,CONTINUATION_FIRST,298
ES,vwap_on_j+2,5,2.0,SYNTHETIC,REJECTION_FIRST,291
ES,vwap_on_j+2,5,2.0,SYNTHETIC,NEITHER_REACHED,196
ES,vwap_on_j+2,5,2.0,SYNTHETIC,SAME_BAR_BARRIER_TIE,8
ES,vwap_on_j+2,10,0.5,REAL,CONTINUATION_FIRST,186
ES,vwap_on_j+2,10,0.5,REAL,REJECTION_FIRST,147
ES,vwap_on_j+2,10,0.5,REAL,SAME_BAR_BARRIER_TIE,85
ES,vwap_on_j+2,10,0.5,SYNTHETIC,CONTINUATION_FIRST,334
ES,vwap_on_j+2,10,0.5,SYNTHETIC,REJECTION_FIRST,284
ES,vwap_on_j+2,10,0.5,SYNTHETIC,SAME_BAR_BARRIER_TIE,174
ES,vwap_on_j+2,10,0.5,SYNTHETIC,NEITHER_REACHED,1
ES,vwap_on_j+2,10,1.0,REAL,CONTINUATION_FIRST,236
ES,vwap_on_j+2,10,1.0,REAL,REJECTION_FIRST,160
ES,vwap_on_j+2,10,1.0,REAL,SAME_BAR_BARRIER_TIE,19
ES,vwap_on_j+2,10,1.0,REAL,NEITHER_REACHED,3
ES,vwap_on_j+2,10,1.0,SYNTHETIC,CONTINUATION_FIRST,386
ES,vwap_on_j+2,10,1.0,SYNTHETIC,REJECTION_FIRST,339
ES,vwap_on_j+2,10,1.0,SYNTHETIC,SAME_BAR_BARRIER_TIE,63
ES,vwap_on_j+2,10,1.0,SYNTHETIC,NEITHER_REACHED,5
ES,vwap_on_j+2,10,1.5,REAL,CONTINUATION_FIRST,219
ES,vwap_on_j+2,10,1.5,REAL,REJECTION_FIRST,170
ES,vwap_on_j+2,10,1.5,REAL,NEITHER_REACHED,26
ES,vwap_on_j+2,10,1.5,REAL,SAME_BAR_BARRIER_TIE,3
ES,vwap_on_j+2,10,1.5,SYNTHETIC,CONTINUATION_FIRST,389
ES,vwap_on_j+2,10,1.5,SYNTHETIC,REJECTION_FIRST,343
ES,vwap_on_j+2,10,1.5,SYNTHETIC,NEITHER_REACHED,33
ES,vwap_on_j+2,10,1.5,SYNTHETIC,SAME_BAR_BARRIER_TIE,28
ES,vwap_on_j+2,10,2.0,REAL,CONTINUATION_FIRST,198
ES,vwap_on_j+2,10,2.0,REAL,REJECTION_FIRST,157
ES,vwap_on_j+2,10,2.0,REAL,NEITHER_REACHED,63
ES,vwap_on_j+2,10,2.0,SYNTHETIC,CONTINUATION_FIRST,350
ES,vwap_on_j+2,10,2.0,SYNTHETIC,REJECTION_FIRST,335
ES,vwap_on_j+2,10,2.0,SYNTHETIC,NEITHER_REACHED,99
ES,vwap_on_j+2,10,2.0,SYNTHETIC,SAME_BAR_BARRIER_TIE,9
ES,vwap_on_j+2,15,0.5,REAL,CONTINUATION_FIRST,186
ES,vwap_on_j+2,15,0.5,REAL,REJECTION_FIRST,147
ES,vwap_on_j+2,15,0.5,REAL,SAME_BAR_BARRIER_TIE,85
ES,vwap_on_j+2,15,0.5,SYNTHETIC,CONTINUATION_FIRST,334
ES,vwap_on_j+2,15,0.5,SYNTHETIC,REJECTION_FIRST,284
ES,vwap_on_j+2,15,0.5,SYNTHETIC,SAME_BAR_BARRIER_TIE,174
ES,vwap_on_j+2,15,0.5,SYNTHETIC,NEITHER_REACHED,1
ES,vwap_on_j+2,15,1.0,REAL,CONTINUATION_FIRST,237
ES,vwap_on_j+2,15,1.0,REAL,REJECTION_FIRST,161
ES,vwap_on_j+2,15,1.0,REAL,SAME_BAR_BARRIER_TIE,19
ES,vwap_on_j+2,15,1.0,REAL,NEITHER_REACHED,1
ES,vwap_on_j+2,15,1.0,SYNTHETIC,CONTINUATION_FIRST,388
ES,vwap_on_j+2,15,1.0,SYNTHETIC,REJECTION_FIRST,339
ES,vwap_on_j+2,15,1.0,SYNTHETIC,SAME_BAR_BARRIER_TIE,63
ES,vwap_on_j+2,15,1.0,SYNTHETIC,NEITHER_REACHED,3
ES,vwap_on_j+2,15,1.5,REAL,CONTINUATION_FIRST,224
ES,vwap_on_j+2,15,1.5,REAL,REJECTION_FIRST,180
ES,vwap_on_j+2,15,1.5,REAL,NEITHER_REACHED,11
ES,vwap_on_j+2,15,1.5,REAL,SAME_BAR_BARRIER_TIE,3
ES,vwap_on_j+2,15,1.5,SYNTHETIC,CONTINUATION_FIRST,398
ES,vwap_on_j+2,15,1.5,SYNTHETIC,REJECTION_FIRST,353
ES,vwap_on_j+2,15,1.5,SYNTHETIC,SAME_BAR_BARRIER_TIE,28
ES,vwap_on_j+2,15,1.5,SYNTHETIC,NEITHER_REACHED,14
ES,vwap_on_j+2,15,2.0,REAL,CONTINUATION_FIRST,211
ES,vwap_on_j+2,15,2.0,REAL,REJECTION_FIRST,171
ES,vwap_on_j+2,15,2.0,REAL,NEITHER_REACHED,36
ES,vwap_on_j+2,15,2.0,SYNTHETIC,CONTINUATION_FIRST,378
ES,vwap_on_j+2,15,2.0,SYNTHETIC,REJECTION_FIRST,358
ES,vwap_on_j+2,15,2.0,SYNTHETIC,NEITHER_REACHED,48
ES,vwap_on_j+2,15,2.0,SYNTHETIC,SAME_BAR_BARRIER_TIE,9
ES,vwap_on_j+3,1,0.5,REAL,REJECTION_FIRST,84
ES,vwap_on_j+3,1,0.5,REAL,CONTINUATION_FIRST,75
ES,vwap_on_j+3,1,0.5,REAL,SAME_BAR_BARRIER_TIE,37
ES,vwap_on_j+3,1,0.5,REAL,NEITHER_REACHED,6
ES,vwap_on_j+3,1,0.5,SYNTHETIC,CONTINUATION_FIRST,285
ES,vwap_on_j+3,1,0.5,SYNTHETIC,REJECTION_FIRST,282
ES,vwap_on_j+3,1,0.5,SYNTHETIC,SAME_BAR_BARRIER_TIE,183
ES,vwap_on_j+3,1,0.5,SYNTHETIC,NEITHER_REACHED,23
ES,vwap_on_j+3,1,1.0,REAL,NEITHER_REACHED,69
ES,vwap_on_j+3,1,1.0,REAL,CONTINUATION_FIRST,63
ES,vwap_on_j+3,1,1.0,REAL,REJECTION_FIRST,62
ES,vwap_on_j+3,1,1.0,REAL,SAME_BAR_BARRIER_TIE,8
ES,vwap_on_j+3,1,1.0,SYNTHETIC,CONTINUATION_FIRST,262
ES,vwap_on_j+3,1,1.0,SYNTHETIC,REJECTION_FIRST,254
ES,vwap_on_j+3,1,1.0,SYNTHETIC,NEITHER_REACHED,191
ES,vwap_on_j+3,1,1.0,SYNTHETIC,SAME_BAR_BARRIER_TIE,66
ES,vwap_on_j+3,1,1.5,REAL,NEITHER_REACHED,123
ES,vwap_on_j+3,1,1.5,REAL,CONTINUATION_FIRST,39
ES,vwap_on_j+3,1,1.5,REAL,REJECTION_FIRST,38
ES,vwap_on_j+3,1,1.5,REAL,SAME_BAR_BARRIER_TIE,2
ES,vwap_on_j+3,1,1.5,SYNTHETIC,NEITHER_REACHED,358
ES,vwap_on_j+3,1,1.5,SYNTHETIC,REJECTION_FIRST,200
ES,vwap_on_j+3,1,1.5,SYNTHETIC,CONTINUATION_FIRST,195
ES,vwap_on_j+3,1,1.5,SYNTHETIC,SAME_BAR_BARRIER_TIE,20
ES,vwap_on_j+3,1,2.0,REAL,NEITHER_REACHED,153
ES,vwap_on_j+3,1,2.0,REAL,CONTINUATION_FIRST,26
ES,vwap_on_j+3,1,2.0,REAL,REJECTION_FIRST,21
ES,vwap_on_j+3,1,2.0,REAL,SAME_BAR_BARRIER_TIE,2
ES,vwap_on_j+3,1,2.0,SYNTHETIC,NEITHER_REACHED,485
ES,vwap_on_j+3,1,2.0,SYNTHETIC,REJECTION_FIRST,149
ES,vwap_on_j+3,1,2.0,SYNTHETIC,CONTINUATION_FIRST,132
ES,vwap_on_j+3,1,2.0,SYNTHETIC,SAME_BAR_BARRIER_TIE,7
ES,vwap_on_j+3,3,0.5,REAL,REJECTION_FIRST,86
ES,vwap_on_j+3,3,0.5,REAL,CONTINUATION_FIRST,78
ES,vwap_on_j+3,3,0.5,REAL,SAME_BAR_BARRIER_TIE,38
ES,vwap_on_j+3,3,0.5,SYNTHETIC,CONTINUATION_FIRST,294
ES,vwap_on_j+3,3,0.5,SYNTHETIC,REJECTION_FIRST,294
ES,vwap_on_j+3,3,0.5,SYNTHETIC,SAME_BAR_BARRIER_TIE,184
ES,vwap_on_j+3,3,0.5,SYNTHETIC,NEITHER_REACHED,1
ES,vwap_on_j+3,3,1.0,REAL,REJECTION_FIRST,91
ES,vwap_on_j+3,3,1.0,REAL,CONTINUATION_FIRST,79
ES,vwap_on_j+3,3,1.0,REAL,NEITHER_REACHED,24
ES,vwap_on_j+3,3,1.0,REAL,SAME_BAR_BARRIER_TIE,8
ES,vwap_on_j+3,3,1.0,SYNTHETIC,CONTINUATION_FIRST,332
ES,vwap_on_j+3,3,1.0,SYNTHETIC,REJECTION_FIRST,316
ES,vwap_on_j+3,3,1.0,SYNTHETIC,SAME_BAR_BARRIER_TIE,69
ES,vwap_on_j+3,3,1.0,SYNTHETIC,NEITHER_REACHED,56
ES,vwap_on_j+3,3,1.5,REAL,REJECTION_FIRST,71
ES,vwap_on_j+3,3,1.5,REAL,NEITHER_REACHED,69
ES,vwap_on_j+3,3,1.5,REAL,CONTINUATION_FIRST,60
ES,vwap_on_j+3,3,1.5,REAL,SAME_BAR_BARRIER_TIE,2
ES,vwap_on_j+3,3,1.5,SYNTHETIC,CONTINUATION_FIRST,296
ES,vwap_on_j+3,3,1.5,SYNTHETIC,REJECTION_FIRST,293
ES,vwap_on_j+3,3,1.5,SYNTHETIC,NEITHER_REACHED,162
ES,vwap_on_j+3,3,1.5,SYNTHETIC,SAME_BAR_BARRIER_TIE,22
ES,vwap_on_j+3,3,2.0,REAL,NEITHER_REACHED,105
ES,vwap_on_j+3,3,2.0,REAL,REJECTION_FIRST,50
ES,vwap_on_j+3,3,2.0,REAL,CONTINUATION_FIRST,45
ES,vwap_on_j+3,3,2.0,REAL,SAME_BAR_BARRIER_TIE,2
ES,vwap_on_j+3,3,2.0,SYNTHETIC,NEITHER_REACHED,285
ES,vwap_on_j+3,3,2.0,SYNTHETIC,REJECTION_FIRST,256
ES,vwap_on_j+3,3,2.0,SYNTHETIC,CONTINUATION_FIRST,225
ES,vwap_on_j+3,3,2.0,SYNTHETIC,SAME_BAR_BARRIER_TIE,7
ES,vwap_on_j+3,5,0.5,REAL,REJECTION_FIRST,86
ES,vwap_on_j+3,5,0.5,REAL,CONTINUATION_FIRST,78
ES,vwap_on_j+3,5,0.5,REAL,SAME_BAR_BARRIER_TIE,38
ES,vwap_on_j+3,5,0.5,SYNTHETIC,CONTINUATION_FIRST,295
ES,vwap_on_j+3,5,0.5,SYNTHETIC,REJECTION_FIRST,294
ES,vwap_on_j+3,5,0.5,SYNTHETIC,SAME_BAR_BARRIER_TIE,184
ES,vwap_on_j+3,5,1.0,REAL,REJECTION_FIRST,97
ES,vwap_on_j+3,5,1.0,REAL,CONTINUATION_FIRST,88
ES,vwap_on_j+3,5,1.0,REAL,NEITHER_REACHED,9
ES,vwap_on_j+3,5,1.0,REAL,SAME_BAR_BARRIER_TIE,8
ES,vwap_on_j+3,5,1.0,SYNTHETIC,CONTINUATION_FIRST,357
ES,vwap_on_j+3,5,1.0,SYNTHETIC,REJECTION_FIRST,327
ES,vwap_on_j+3,5,1.0,SYNTHETIC,SAME_BAR_BARRIER_TIE,69
ES,vwap_on_j+3,5,1.0,SYNTHETIC,NEITHER_REACHED,20
ES,vwap_on_j+3,5,1.5,REAL,REJECTION_FIRST,80
ES,vwap_on_j+3,5,1.5,REAL,CONTINUATION_FIRST,76
ES,vwap_on_j+3,5,1.5,REAL,NEITHER_REACHED,44
ES,vwap_on_j+3,5,1.5,REAL,SAME_BAR_BARRIER_TIE,2
ES,vwap_on_j+3,5,1.5,SYNTHETIC,CONTINUATION_FIRST,334
ES,vwap_on_j+3,5,1.5,SYNTHETIC,REJECTION_FIRST,324
ES,vwap_on_j+3,5,1.5,SYNTHETIC,NEITHER_REACHED,93
ES,vwap_on_j+3,5,1.5,SYNTHETIC,SAME_BAR_BARRIER_TIE,22
ES,vwap_on_j+3,5,2.0,REAL,NEITHER_REACHED,86
ES,vwap_on_j+3,5,2.0,REAL,REJECTION_FIRST,59
ES,vwap_on_j+3,5,2.0,REAL,CONTINUATION_FIRST,55
ES,vwap_on_j+3,5,2.0,REAL,SAME_BAR_BARRIER_TIE,2
ES,vwap_on_j+3,5,2.0,SYNTHETIC,REJECTION_FIRST,293
ES,vwap_on_j+3,5,2.0,SYNTHETIC,CONTINUATION_FIRST,284
ES,vwap_on_j+3,5,2.0,SYNTHETIC,NEITHER_REACHED,189
ES,vwap_on_j+3,5,2.0,SYNTHETIC,SAME_BAR_BARRIER_TIE,7
ES,vwap_on_j+3,10,0.5,REAL,REJECTION_FIRST,86
ES,vwap_on_j+3,10,0.5,REAL,CONTINUATION_FIRST,78
ES,vwap_on_j+3,10,0.5,REAL,SAME_BAR_BARRIER_TIE,38
ES,vwap_on_j+3,10,0.5,SYNTHETIC,CONTINUATION_FIRST,295
ES,vwap_on_j+3,10,0.5,SYNTHETIC,REJECTION_FIRST,294
ES,vwap_on_j+3,10,0.5,SYNTHETIC,SAME_BAR_BARRIER_TIE,184
ES,vwap_on_j+3,10,1.0,REAL,REJECTION_FIRST,98
ES,vwap_on_j+3,10,1.0,REAL,CONTINUATION_FIRST,92
ES,vwap_on_j+3,10,1.0,REAL,SAME_BAR_BARRIER_TIE,8
ES,vwap_on_j+3,10,1.0,REAL,NEITHER_REACHED,4
ES,vwap_on_j+3,10,1.0,SYNTHETIC,CONTINUATION_FIRST,369
ES,vwap_on_j+3,10,1.0,SYNTHETIC,REJECTION_FIRST,333
ES,vwap_on_j+3,10,1.0,SYNTHETIC,SAME_BAR_BARRIER_TIE,69
ES,vwap_on_j+3,10,1.0,SYNTHETIC,NEITHER_REACHED,2
ES,vwap_on_j+3,10,1.5,REAL,CONTINUATION_FIRST,93
ES,vwap_on_j+3,10,1.5,REAL,REJECTION_FIRST,88
ES,vwap_on_j+3,10,1.5,REAL,NEITHER_REACHED,19
ES,vwap_on_j+3,10,1.5,REAL,SAME_BAR_BARRIER_TIE,2
ES,vwap_on_j+3,10,1.5,SYNTHETIC,CONTINUATION_FIRST,363
ES,vwap_on_j+3,10,1.5,SYNTHETIC,REJECTION_FIRST,349
ES,vwap_on_j+3,10,1.5,SYNTHETIC,NEITHER_REACHED,38
ES,vwap_on_j+3,10,1.5,SYNTHETIC,SAME_BAR_BARRIER_TIE,23
ES,vwap_on_j+3,10,2.0,REAL,CONTINUATION_FIRST,81
ES,vwap_on_j+3,10,2.0,REAL,REJECTION_FIRST,74
ES,vwap_on_j+3,10,2.0,REAL,NEITHER_REACHED,45
ES,vwap_on_j+3,10,2.0,REAL,SAME_BAR_BARRIER_TIE,2
ES,vwap_on_j+3,10,2.0,SYNTHETIC,CONTINUATION_FIRST,337
ES,vwap_on_j+3,10,2.0,SYNTHETIC,REJECTION_FIRST,337
ES,vwap_on_j+3,10,2.0,SYNTHETIC,NEITHER_REACHED,91
ES,vwap_on_j+3,10,2.0,SYNTHETIC,SAME_BAR_BARRIER_TIE,8
ES,vwap_on_j+3,15,0.5,REAL,REJECTION_FIRST,86
ES,vwap_on_j+3,15,0.5,REAL,CONTINUATION_FIRST,78
ES,vwap_on_j+3,15,0.5,REAL,SAME_BAR_BARRIER_TIE,38
ES,vwap_on_j+3,15,0.5,SYNTHETIC,CONTINUATION_FIRST,295
ES,vwap_on_j+3,15,0.5,SYNTHETIC,REJECTION_FIRST,294
ES,vwap_on_j+3,15,0.5,SYNTHETIC,SAME_BAR_BARRIER_TIE,184
ES,vwap_on_j+3,15,1.0,REAL,REJECTION_FIRST,100
ES,vwap_on_j+3,15,1.0,REAL,CONTINUATION_FIRST,92
ES,vwap_on_j+3,15,1.0,REAL,SAME_BAR_BARRIER_TIE,8
ES,vwap_on_j+3,15,1.0,REAL,NEITHER_REACHED,2
ES,vwap_on_j+3,15,1.0,SYNTHETIC,CONTINUATION_FIRST,369
ES,vwap_on_j+3,15,1.0,SYNTHETIC,REJECTION_FIRST,333
ES,vwap_on_j+3,15,1.0,SYNTHETIC,SAME_BAR_BARRIER_TIE,69
ES,vwap_on_j+3,15,1.0,SYNTHETIC,NEITHER_REACHED,2
ES,vwap_on_j+3,15,1.5,REAL,CONTINUATION_FIRST,100
ES,vwap_on_j+3,15,1.5,REAL,REJECTION_FIRST,90
ES,vwap_on_j+3,15,1.5,REAL,NEITHER_REACHED,10
ES,vwap_on_j+3,15,1.5,REAL,SAME_BAR_BARRIER_TIE,2
ES,vwap_on_j+3,15,1.5,SYNTHETIC,CONTINUATION_FIRST,377
ES,vwap_on_j+3,15,1.5,SYNTHETIC,REJECTION_FIRST,359
ES,vwap_on_j+3,15,1.5,SYNTHETIC,SAME_BAR_BARRIER_TIE,23
ES,vwap_on_j+3,15,1.5,SYNTHETIC,NEITHER_REACHED,14
ES,vwap_on_j+3,15,2.0,REAL,CONTINUATION_FIRST,94
ES,vwap_on_j+3,15,2.0,REAL,REJECTION_FIRST,83
ES,vwap_on_j+3,15,2.0,REAL,NEITHER_REACHED,23
ES,vwap_on_j+3,15,2.0,REAL,SAME_BAR_BARRIER_TIE,2
ES,vwap_on_j+3,15,2.0,SYNTHETIC,CONTINUATION_FIRST,367
ES,vwap_on_j+3,15,2.0,SYNTHETIC,REJECTION_FIRST,356
ES,vwap_on_j+3,15,2.0,SYNTHETIC,NEITHER_REACHED,42
ES,vwap_on_j+3,15,2.0,SYNTHETIC,SAME_BAR_BARRIER_TIE,8
ES,vwap_on_j-1,1,0.5,REAL,REJECTION_FIRST,215
ES,vwap_on_j-1,1,0.5,REAL,SAME_BAR_BARRIER_TIE,190
ES,vwap_on_j-1,1,0.5,REAL,CONTINUATION_FIRST,185
ES,vwap_on_j-1,1,0.5,REAL,NEITHER_REACHED,5
ES,vwap_on_j-1,1,0.5,SYNTHETIC,REJECTION_FIRST,321
ES,vwap_on_j-1,1,0.5,SYNTHETIC,CONTINUATION_FIRST,278
ES,vwap_on_j-1,1,0.5,SYNTHETIC,SAME_BAR_BARRIER_TIE,271
ES,vwap_on_j-1,1,0.5,SYNTHETIC,NEITHER_REACHED,14
ES,vwap_on_j-1,1,1.0,REAL,REJECTION_FIRST,226
ES,vwap_on_j-1,1,1.0,REAL,CONTINUATION_FIRST,199
ES,vwap_on_j-1,1,1.0,REAL,NEITHER_REACHED,99
ES,vwap_on_j-1,1,1.0,REAL,SAME_BAR_BARRIER_TIE,71
ES,vwap_on_j-1,1,1.0,SYNTHETIC,REJECTION_FIRST,353
ES,vwap_on_j-1,1,1.0,SYNTHETIC,CONTINUATION_FIRST,306
ES,vwap_on_j-1,1,1.0,SYNTHETIC,NEITHER_REACHED,120
ES,vwap_on_j-1,1,1.0,SYNTHETIC,SAME_BAR_BARRIER_TIE,105
ES,vwap_on_j-1,1,1.5,REAL,NEITHER_REACHED,216
ES,vwap_on_j-1,1,1.5,REAL,REJECTION_FIRST,185
ES,vwap_on_j-1,1,1.5,REAL,CONTINUATION_FIRST,167
ES,vwap_on_j-1,1,1.5,REAL,SAME_BAR_BARRIER_TIE,27
ES,vwap_on_j-1,1,1.5,SYNTHETIC,REJECTION_FIRST,297
ES,vwap_on_j-1,1,1.5,SYNTHETIC,NEITHER_REACHED,273
ES,vwap_on_j-1,1,1.5,SYNTHETIC,CONTINUATION_FIRST,267
ES,vwap_on_j-1,1,1.5,SYNTHETIC,SAME_BAR_BARRIER_TIE,47
ES,vwap_on_j-1,1,2.0,REAL,NEITHER_REACHED,324
ES,vwap_on_j-1,1,2.0,REAL,REJECTION_FIRST,139
ES,vwap_on_j-1,1,2.0,REAL,CONTINUATION_FIRST,119
ES,vwap_on_j-1,1,2.0,REAL,SAME_BAR_BARRIER_TIE,13
ES,vwap_on_j-1,1,2.0,SYNTHETIC,NEITHER_REACHED,401
ES,vwap_on_j-1,1,2.0,SYNTHETIC,REJECTION_FIRST,241
ES,vwap_on_j-1,1,2.0,SYNTHETIC,CONTINUATION_FIRST,220
ES,vwap_on_j-1,1,2.0,SYNTHETIC,SAME_BAR_BARRIER_TIE,22
ES,vwap_on_j-1,3,0.5,REAL,REJECTION_FIRST,216
ES,vwap_on_j-1,3,0.5,REAL,SAME_BAR_BARRIER_TIE,190
ES,vwap_on_j-1,3,0.5,REAL,CONTINUATION_FIRST,188
ES,vwap_on_j-1,3,0.5,REAL,NEITHER_REACHED,1
ES,vwap_on_j-1,3,0.5,SYNTHETIC,REJECTION_FIRST,328
ES,vwap_on_j-1,3,0.5,SYNTHETIC,CONTINUATION_FIRST,285
ES,vwap_on_j-1,3,0.5,SYNTHETIC,SAME_BAR_BARRIER_TIE,271
ES,vwap_on_j-1,3,1.0,REAL,REJECTION_FIRST,268
ES,vwap_on_j-1,3,1.0,REAL,CONTINUATION_FIRST,233
ES,vwap_on_j-1,3,1.0,REAL,SAME_BAR_BARRIER_TIE,73
ES,vwap_on_j-1,3,1.0,REAL,NEITHER_REACHED,21
ES,vwap_on_j-1,3,1.0,SYNTHETIC,REJECTION_FIRST,395
ES,vwap_on_j-1,3,1.0,SYNTHETIC,CONTINUATION_FIRST,350
ES,vwap_on_j-1,3,1.0,SYNTHETIC,SAME_BAR_BARRIER_TIE,111
ES,vwap_on_j-1,3,1.0,SYNTHETIC,NEITHER_REACHED,28
ES,vwap_on_j-1,3,1.5,REAL,REJECTION_FIRST,253
ES,vwap_on_j-1,3,1.5,REAL,CONTINUATION_FIRST,224
ES,vwap_on_j-1,3,1.5,REAL,NEITHER_REACHED,91
ES,vwap_on_j-1,3,1.5,REAL,SAME_BAR_BARRIER_TIE,27
ES,vwap_on_j-1,3,1.5,SYNTHETIC,REJECTION_FIRST,381
ES,vwap_on_j-1,3,1.5,SYNTHETIC,CONTINUATION_FIRST,350
ES,vwap_on_j-1,3,1.5,SYNTHETIC,NEITHER_REACHED,105
ES,vwap_on_j-1,3,1.5,SYNTHETIC,SAME_BAR_BARRIER_TIE,48
ES,vwap_on_j-1,3,2.0,REAL,REJECTION_FIRST,228
ES,vwap_on_j-1,3,2.0,REAL,CONTINUATION_FIRST,187
ES,vwap_on_j-1,3,2.0,REAL,NEITHER_REACHED,167
ES,vwap_on_j-1,3,2.0,REAL,SAME_BAR_BARRIER_TIE,13
ES,vwap_on_j-1,3,2.0,SYNTHETIC,REJECTION_FIRST,334
ES,vwap_on_j-1,3,2.0,SYNTHETIC,CONTINUATION_FIRST,318
ES,vwap_on_j-1,3,2.0,SYNTHETIC,NEITHER_REACHED,209
ES,vwap_on_j-1,3,2.0,SYNTHETIC,SAME_BAR_BARRIER_TIE,23
ES,vwap_on_j-1,5,0.5,REAL,REJECTION_FIRST,216
ES,vwap_on_j-1,5,0.5,REAL,SAME_BAR_BARRIER_TIE,190
ES,vwap_on_j-1,5,0.5,REAL,CONTINUATION_FIRST,188
ES,vwap_on_j-1,5,0.5,REAL,NEITHER_REACHED,1
ES,vwap_on_j-1,5,0.5,SYNTHETIC,REJECTION_FIRST,328
ES,vwap_on_j-1,5,0.5,SYNTHETIC,CONTINUATION_FIRST,285
ES,vwap_on_j-1,5,0.5,SYNTHETIC,SAME_BAR_BARRIER_TIE,271
ES,vwap_on_j-1,5,1.0,REAL,REJECTION_FIRST,278
ES,vwap_on_j-1,5,1.0,REAL,CONTINUATION_FIRST,235
ES,vwap_on_j-1,5,1.0,REAL,SAME_BAR_BARRIER_TIE,73
ES,vwap_on_j-1,5,1.0,REAL,NEITHER_REACHED,9
ES,vwap_on_j-1,5,1.0,SYNTHETIC,REJECTION_FIRST,407
ES,vwap_on_j-1,5,1.0,SYNTHETIC,CONTINUATION_FIRST,359
ES,vwap_on_j-1,5,1.0,SYNTHETIC,SAME_BAR_BARRIER_TIE,111
ES,vwap_on_j-1,5,1.0,SYNTHETIC,NEITHER_REACHED,7
ES,vwap_on_j-1,5,1.5,REAL,REJECTION_FIRST,281
ES,vwap_on_j-1,5,1.5,REAL,CONTINUATION_FIRST,248
ES,vwap_on_j-1,5,1.5,REAL,NEITHER_REACHED,39
ES,vwap_on_j-1,5,1.5,REAL,SAME_BAR_BARRIER_TIE,27
ES,vwap_on_j-1,5,1.5,SYNTHETIC,REJECTION_FIRST,405
ES,vwap_on_j-1,5,1.5,SYNTHETIC,CONTINUATION_FIRST,373
ES,vwap_on_j-1,5,1.5,SYNTHETIC,NEITHER_REACHED,58
ES,vwap_on_j-1,5,1.5,SYNTHETIC,SAME_BAR_BARRIER_TIE,48
ES,vwap_on_j-1,5,2.0,REAL,REJECTION_FIRST,267
ES,vwap_on_j-1,5,2.0,REAL,CONTINUATION_FIRST,215
ES,vwap_on_j-1,5,2.0,REAL,NEITHER_REACHED,100
ES,vwap_on_j-1,5,2.0,REAL,SAME_BAR_BARRIER_TIE,13
ES,vwap_on_j-1,5,2.0,SYNTHETIC,REJECTION_FIRST,369
ES,vwap_on_j-1,5,2.0,SYNTHETIC,CONTINUATION_FIRST,351
ES,vwap_on_j-1,5,2.0,SYNTHETIC,NEITHER_REACHED,141
ES,vwap_on_j-1,5,2.0,SYNTHETIC,SAME_BAR_BARRIER_TIE,23
ES,vwap_on_j-1,10,0.5,REAL,REJECTION_FIRST,216
ES,vwap_on_j-1,10,0.5,REAL,SAME_BAR_BARRIER_TIE,190
ES,vwap_on_j-1,10,0.5,REAL,CONTINUATION_FIRST,189
ES,vwap_on_j-1,10,0.5,SYNTHETIC,REJECTION_FIRST,328
ES,vwap_on_j-1,10,0.5,SYNTHETIC,CONTINUATION_FIRST,285
ES,vwap_on_j-1,10,0.5,SYNTHETIC,SAME_BAR_BARRIER_TIE,271
ES,vwap_on_j-1,10,1.0,REAL,REJECTION_FIRST,282
ES,vwap_on_j-1,10,1.0,REAL,CONTINUATION_FIRST,238
ES,vwap_on_j-1,10,1.0,REAL,SAME_BAR_BARRIER_TIE,73
ES,vwap_on_j-1,10,1.0,REAL,NEITHER_REACHED,2
ES,vwap_on_j-1,10,1.0,SYNTHETIC,REJECTION_FIRST,410
ES,vwap_on_j-1,10,1.0,SYNTHETIC,CONTINUATION_FIRST,363
ES,vwap_on_j-1,10,1.0,SYNTHETIC,SAME_BAR_BARRIER_TIE,111
ES,vwap_on_j-1,10,1.5,REAL,REJECTION_FIRST,292
ES,vwap_on_j-1,10,1.5,REAL,CONTINUATION_FIRST,263
ES,vwap_on_j-1,10,1.5,REAL,SAME_BAR_BARRIER_TIE,27
ES,vwap_on_j-1,10,1.5,REAL,NEITHER_REACHED,13
ES,vwap_on_j-1,10,1.5,SYNTHETIC,REJECTION_FIRST,423
ES,vwap_on_j-1,10,1.5,SYNTHETIC,CONTINUATION_FIRST,395
ES,vwap_on_j-1,10,1.5,SYNTHETIC,SAME_BAR_BARRIER_TIE,48
ES,vwap_on_j-1,10,1.5,SYNTHETIC,NEITHER_REACHED,18
ES,vwap_on_j-1,10,2.0,REAL,REJECTION_FIRST,294
ES,vwap_on_j-1,10,2.0,REAL,CONTINUATION_FIRST,248
ES,vwap_on_j-1,10,2.0,REAL,NEITHER_REACHED,39
ES,vwap_on_j-1,10,2.0,REAL,SAME_BAR_BARRIER_TIE,14
ES,vwap_on_j-1,10,2.0,SYNTHETIC,REJECTION_FIRST,407
ES,vwap_on_j-1,10,2.0,SYNTHETIC,CONTINUATION_FIRST,395
ES,vwap_on_j-1,10,2.0,SYNTHETIC,NEITHER_REACHED,59
ES,vwap_on_j-1,10,2.0,SYNTHETIC,SAME_BAR_BARRIER_TIE,23
ES,vwap_on_j-1,15,0.5,REAL,REJECTION_FIRST,216
ES,vwap_on_j-1,15,0.5,REAL,SAME_BAR_BARRIER_TIE,190
ES,vwap_on_j-1,15,0.5,REAL,CONTINUATION_FIRST,189
ES,vwap_on_j-1,15,0.5,SYNTHETIC,REJECTION_FIRST,328
ES,vwap_on_j-1,15,0.5,SYNTHETIC,CONTINUATION_FIRST,285
ES,vwap_on_j-1,15,0.5,SYNTHETIC,SAME_BAR_BARRIER_TIE,271
ES,vwap_on_j-1,15,1.0,REAL,REJECTION_FIRST,282
ES,vwap_on_j-1,15,1.0,REAL,CONTINUATION_FIRST,238
ES,vwap_on_j-1,15,1.0,REAL,SAME_BAR_BARRIER_TIE,73
ES,vwap_on_j-1,15,1.0,REAL,NEITHER_REACHED,2
ES,vwap_on_j-1,15,1.0,SYNTHETIC,REJECTION_FIRST,410
ES,vwap_on_j-1,15,1.0,SYNTHETIC,CONTINUATION_FIRST,363
ES,vwap_on_j-1,15,1.0,SYNTHETIC,SAME_BAR_BARRIER_TIE,111
ES,vwap_on_j-1,15,1.5,REAL,REJECTION_FIRST,295
ES,vwap_on_j-1,15,1.5,REAL,CONTINUATION_FIRST,265
ES,vwap_on_j-1,15,1.5,REAL,SAME_BAR_BARRIER_TIE,27
ES,vwap_on_j-1,15,1.5,REAL,NEITHER_REACHED,8
ES,vwap_on_j-1,15,1.5,SYNTHETIC,REJECTION_FIRST,427
ES,vwap_on_j-1,15,1.5,SYNTHETIC,CONTINUATION_FIRST,401
ES,vwap_on_j-1,15,1.5,SYNTHETIC,SAME_BAR_BARRIER_TIE,48
ES,vwap_on_j-1,15,1.5,SYNTHETIC,NEITHER_REACHED,8
ES,vwap_on_j-1,15,2.0,REAL,REJECTION_FIRST,300
ES,vwap_on_j-1,15,2.0,REAL,CONTINUATION_FIRST,253
ES,vwap_on_j-1,15,2.0,REAL,NEITHER_REACHED,28
ES,vwap_on_j-1,15,2.0,REAL,SAME_BAR_BARRIER_TIE,14
ES,vwap_on_j-1,15,2.0,SYNTHETIC,REJECTION_FIRST,416
ES,vwap_on_j-1,15,2.0,SYNTHETIC,CONTINUATION_FIRST,412
ES,vwap_on_j-1,15,2.0,SYNTHETIC,NEITHER_REACHED,33
ES,vwap_on_j-1,15,2.0,SYNTHETIC,SAME_BAR_BARRIER_TIE,23
ES,vwap_on_j-2,1,0.5,REAL,CONTINUATION_FIRST,145
ES,vwap_on_j-2,1,0.5,REAL,REJECTION_FIRST,123
ES,vwap_on_j-2,1,0.5,REAL,SAME_BAR_BARRIER_TIE,114
ES,vwap_on_j-2,1,0.5,REAL,NEITHER_REACHED,3
ES,vwap_on_j-2,1,0.5,SYNTHETIC,REJECTION_FIRST,290
ES,vwap_on_j-2,1,0.5,SYNTHETIC,SAME_BAR_BARRIER_TIE,280
ES,vwap_on_j-2,1,0.5,SYNTHETIC,CONTINUATION_FIRST,267
ES,vwap_on_j-2,1,0.5,SYNTHETIC,NEITHER_REACHED,13
ES,vwap_on_j-2,1,1.0,REAL,CONTINUATION_FIRST,157
ES,vwap_on_j-2,1,1.0,REAL,REJECTION_FIRST,130
ES,vwap_on_j-2,1,1.0,REAL,NEITHER_REACHED,59
ES,vwap_on_j-2,1,1.0,REAL,SAME_BAR_BARRIER_TIE,39
ES,vwap_on_j-2,1,1.0,SYNTHETIC,REJECTION_FIRST,312
ES,vwap_on_j-2,1,1.0,SYNTHETIC,CONTINUATION_FIRST,304
ES,vwap_on_j-2,1,1.0,SYNTHETIC,NEITHER_REACHED,125
ES,vwap_on_j-2,1,1.0,SYNTHETIC,SAME_BAR_BARRIER_TIE,109
ES,vwap_on_j-2,1,1.5,REAL,NEITHER_REACHED,139
ES,vwap_on_j-2,1,1.5,REAL,CONTINUATION_FIRST,133
ES,vwap_on_j-2,1,1.5,REAL,REJECTION_FIRST,97
ES,vwap_on_j-2,1,1.5,REAL,SAME_BAR_BARRIER_TIE,16
ES,vwap_on_j-2,1,1.5,SYNTHETIC,NEITHER_REACHED,288
ES,vwap_on_j-2,1,1.5,SYNTHETIC,CONTINUATION_FIRST,261
ES,vwap_on_j-2,1,1.5,SYNTHETIC,REJECTION_FIRST,259
ES,vwap_on_j-2,1,1.5,SYNTHETIC,SAME_BAR_BARRIER_TIE,42
ES,vwap_on_j-2,1,2.0,REAL,NEITHER_REACHED,204
ES,vwap_on_j-2,1,2.0,REAL,CONTINUATION_FIRST,102
ES,vwap_on_j-2,1,2.0,REAL,REJECTION_FIRST,74
ES,vwap_on_j-2,1,2.0,REAL,SAME_BAR_BARRIER_TIE,5
ES,vwap_on_j-2,1,2.0,SYNTHETIC,NEITHER_REACHED,423
ES,vwap_on_j-2,1,2.0,SYNTHETIC,REJECTION_FIRST,213
ES,vwap_on_j-2,1,2.0,SYNTHETIC,CONTINUATION_FIRST,195
ES,vwap_on_j-2,1,2.0,SYNTHETIC,SAME_BAR_BARRIER_TIE,19
ES,vwap_on_j-2,3,0.5,REAL,CONTINUATION_FIRST,146
ES,vwap_on_j-2,3,0.5,REAL,REJECTION_FIRST,123
ES,vwap_on_j-2,3,0.5,REAL,SAME_BAR_BARRIER_TIE,116
ES,vwap_on_j-2,3,0.5,SYNTHETIC,REJECTION_FIRST,297
ES,vwap_on_j-2,3,0.5,SYNTHETIC,SAME_BAR_BARRIER_TIE,281
ES,vwap_on_j-2,3,0.5,SYNTHETIC,CONTINUATION_FIRST,272
ES,vwap_on_j-2,3,1.0,REAL,CONTINUATION_FIRST,182
ES,vwap_on_j-2,3,1.0,REAL,REJECTION_FIRST,152
ES,vwap_on_j-2,3,1.0,REAL,SAME_BAR_BARRIER_TIE,40
ES,vwap_on_j-2,3,1.0,REAL,NEITHER_REACHED,11
ES,vwap_on_j-2,3,1.0,SYNTHETIC,REJECTION_FIRST,359
ES,vwap_on_j-2,3,1.0,SYNTHETIC,CONTINUATION_FIRST,347
ES,vwap_on_j-2,3,1.0,SYNTHETIC,SAME_BAR_BARRIER_TIE,117
ES,vwap_on_j-2,3,1.0,SYNTHETIC,NEITHER_REACHED,27
ES,vwap_on_j-2,3,1.5,REAL,CONTINUATION_FIRST,181
ES,vwap_on_j-2,3,1.5,REAL,REJECTION_FIRST,135
ES,vwap_on_j-2,3,1.5,REAL,NEITHER_REACHED,50
ES,vwap_on_j-2,3,1.5,REAL,SAME_BAR_BARRIER_TIE,19
ES,vwap_on_j-2,3,1.5,SYNTHETIC,CONTINUATION_FIRST,349
ES,vwap_on_j-2,3,1.5,SYNTHETIC,REJECTION_FIRST,349
ES,vwap_on_j-2,3,1.5,SYNTHETIC,NEITHER_REACHED,107
ES,vwap_on_j-2,3,1.5,SYNTHETIC,SAME_BAR_BARRIER_TIE,45
ES,vwap_on_j-2,3,2.0,REAL,CONTINUATION_FIRST,157
ES,vwap_on_j-2,3,2.0,REAL,REJECTION_FIRST,122
ES,vwap_on_j-2,3,2.0,REAL,NEITHER_REACHED,101
ES,vwap_on_j-2,3,2.0,REAL,SAME_BAR_BARRIER_TIE,5
ES,vwap_on_j-2,3,2.0,SYNTHETIC,REJECTION_FIRST,306
ES,vwap_on_j-2,3,2.0,SYNTHETIC,CONTINUATION_FIRST,305
ES,vwap_on_j-2,3,2.0,SYNTHETIC,NEITHER_REACHED,220
ES,vwap_on_j-2,3,2.0,SYNTHETIC,SAME_BAR_BARRIER_TIE,19
ES,vwap_on_j-2,5,0.5,REAL,CONTINUATION_FIRST,146
ES,vwap_on_j-2,5,0.5,REAL,REJECTION_FIRST,123
ES,vwap_on_j-2,5,0.5,REAL,SAME_BAR_BARRIER_TIE,116
ES,vwap_on_j-2,5,0.5,SYNTHETIC,REJECTION_FIRST,297
ES,vwap_on_j-2,5,0.5,SYNTHETIC,SAME_BAR_BARRIER_TIE,281
ES,vwap_on_j-2,5,0.5,SYNTHETIC,CONTINUATION_FIRST,272
ES,vwap_on_j-2,5,1.0,REAL,CONTINUATION_FIRST,186
ES,vwap_on_j-2,5,1.0,REAL,REJECTION_FIRST,156
ES,vwap_on_j-2,5,1.0,REAL,SAME_BAR_BARRIER_TIE,40
ES,vwap_on_j-2,5,1.0,REAL,NEITHER_REACHED,3
ES,vwap_on_j-2,5,1.0,SYNTHETIC,REJECTION_FIRST,368
ES,vwap_on_j-2,5,1.0,SYNTHETIC,CONTINUATION_FIRST,353
ES,vwap_on_j-2,5,1.0,SYNTHETIC,SAME_BAR_BARRIER_TIE,117
ES,vwap_on_j-2,5,1.0,SYNTHETIC,NEITHER_REACHED,12
ES,vwap_on_j-2,5,1.5,REAL,CONTINUATION_FIRST,192
ES,vwap_on_j-2,5,1.5,REAL,REJECTION_FIRST,154
ES,vwap_on_j-2,5,1.5,REAL,NEITHER_REACHED,20
ES,vwap_on_j-2,5,1.5,REAL,SAME_BAR_BARRIER_TIE,19
ES,vwap_on_j-2,5,1.5,SYNTHETIC,REJECTION_FIRST,373
ES,vwap_on_j-2,5,1.5,SYNTHETIC,CONTINUATION_FIRST,369
ES,vwap_on_j-2,5,1.5,SYNTHETIC,NEITHER_REACHED,63
ES,vwap_on_j-2,5,1.5,SYNTHETIC,SAME_BAR_BARRIER_TIE,45
ES,vwap_on_j-2,5,2.0,REAL,CONTINUATION_FIRST,175
ES,vwap_on_j-2,5,2.0,REAL,REJECTION_FIRST,146
ES,vwap_on_j-2,5,2.0,REAL,NEITHER_REACHED,59
ES,vwap_on_j-2,5,2.0,REAL,SAME_BAR_BARRIER_TIE,5
ES,vwap_on_j-2,5,2.0,SYNTHETIC,REJECTION_FIRST,350
ES,vwap_on_j-2,5,2.0,SYNTHETIC,CONTINUATION_FIRST,343
ES,vwap_on_j-2,5,2.0,SYNTHETIC,NEITHER_REACHED,138
ES,vwap_on_j-2,5,2.0,SYNTHETIC,SAME_BAR_BARRIER_TIE,19
ES,vwap_on_j-2,10,0.5,REAL,CONTINUATION_FIRST,146
ES,vwap_on_j-2,10,0.5,REAL,REJECTION_FIRST,123
ES,vwap_on_j-2,10,0.5,REAL,SAME_BAR_BARRIER_TIE,116
ES,vwap_on_j-2,10,0.5,SYNTHETIC,REJECTION_FIRST,297
ES,vwap_on_j-2,10,0.5,SYNTHETIC,SAME_BAR_BARRIER_TIE,281
ES,vwap_on_j-2,10,0.5,SYNTHETIC,CONTINUATION_FIRST,272
ES,vwap_on_j-2,10,1.0,REAL,CONTINUATION_FIRST,187
ES,vwap_on_j-2,10,1.0,REAL,REJECTION_FIRST,157
ES,vwap_on_j-2,10,1.0,REAL,SAME_BAR_BARRIER_TIE,40
ES,vwap_on_j-2,10,1.0,REAL,NEITHER_REACHED,1
ES,vwap_on_j-2,10,1.0,SYNTHETIC,REJECTION_FIRST,373
ES,vwap_on_j-2,10,1.0,SYNTHETIC,CONTINUATION_FIRST,358
ES,vwap_on_j-2,10,1.0,SYNTHETIC,SAME_BAR_BARRIER_TIE,117
ES,vwap_on_j-2,10,1.0,SYNTHETIC,NEITHER_REACHED,2
ES,vwap_on_j-2,10,1.5,REAL,CONTINUATION_FIRST,200
ES,vwap_on_j-2,10,1.5,REAL,REJECTION_FIRST,157
ES,vwap_on_j-2,10,1.5,REAL,SAME_BAR_BARRIER_TIE,19
ES,vwap_on_j-2,10,1.5,REAL,NEITHER_REACHED,9
ES,vwap_on_j-2,10,1.5,SYNTHETIC,REJECTION_FIRST,395
ES,vwap_on_j-2,10,1.5,SYNTHETIC,CONTINUATION_FIRST,394
ES,vwap_on_j-2,10,1.5,SYNTHETIC,SAME_BAR_BARRIER_TIE,45
ES,vwap_on_j-2,10,1.5,SYNTHETIC,NEITHER_REACHED,16
ES,vwap_on_j-2,10,2.0,REAL,CONTINUATION_FIRST,187
ES,vwap_on_j-2,10,2.0,REAL,REJECTION_FIRST,159
ES,vwap_on_j-2,10,2.0,REAL,NEITHER_REACHED,33
ES,vwap_on_j-2,10,2.0,REAL,SAME_BAR_BARRIER_TIE,6
ES,vwap_on_j-2,10,2.0,SYNTHETIC,REJECTION_FIRST,384
ES,vwap_on_j-2,10,2.0,SYNTHETIC,CONTINUATION_FIRST,383
ES,vwap_on_j-2,10,2.0,SYNTHETIC,NEITHER_REACHED,64
ES,vwap_on_j-2,10,2.0,SYNTHETIC,SAME_BAR_BARRIER_TIE,19
ES,vwap_on_j-2,15,0.5,REAL,CONTINUATION_FIRST,146
ES,vwap_on_j-2,15,0.5,REAL,REJECTION_FIRST,123
ES,vwap_on_j-2,15,0.5,REAL,SAME_BAR_BARRIER_TIE,116
ES,vwap_on_j-2,15,0.5,SYNTHETIC,REJECTION_FIRST,297
ES,vwap_on_j-2,15,0.5,SYNTHETIC,SAME_BAR_BARRIER_TIE,281
ES,vwap_on_j-2,15,0.5,SYNTHETIC,CONTINUATION_FIRST,272
ES,vwap_on_j-2,15,1.0,REAL,CONTINUATION_FIRST,188
ES,vwap_on_j-2,15,1.0,REAL,REJECTION_FIRST,157
ES,vwap_on_j-2,15,1.0,REAL,SAME_BAR_BARRIER_TIE,40
ES,vwap_on_j-2,15,1.0,SYNTHETIC,REJECTION_FIRST,374
ES,vwap_on_j-2,15,1.0,SYNTHETIC,CONTINUATION_FIRST,359
ES,vwap_on_j-2,15,1.0,SYNTHETIC,SAME_BAR_BARRIER_TIE,117
ES,vwap_on_j-2,15,1.5,REAL,CONTINUATION_FIRST,203
ES,vwap_on_j-2,15,1.5,REAL,REJECTION_FIRST,159
ES,vwap_on_j-2,15,1.5,REAL,SAME_BAR_BARRIER_TIE,19
ES,vwap_on_j-2,15,1.5,REAL,NEITHER_REACHED,4
ES,vwap_on_j-2,15,1.5,SYNTHETIC,REJECTION_FIRST,399
ES,vwap_on_j-2,15,1.5,SYNTHETIC,CONTINUATION_FIRST,398
ES,vwap_on_j-2,15,1.5,SYNTHETIC,SAME_BAR_BARRIER_TIE,45
ES,vwap_on_j-2,15,1.5,SYNTHETIC,NEITHER_REACHED,8
ES,vwap_on_j-2,15,2.0,REAL,CONTINUATION_FIRST,193
ES,vwap_on_j-2,15,2.0,REAL,REJECTION_FIRST,165
ES,vwap_on_j-2,15,2.0,REAL,NEITHER_REACHED,21
ES,vwap_on_j-2,15,2.0,REAL,SAME_BAR_BARRIER_TIE,6
ES,vwap_on_j-2,15,2.0,SYNTHETIC,CONTINUATION_FIRST,399
ES,vwap_on_j-2,15,2.0,SYNTHETIC,REJECTION_FIRST,398
ES,vwap_on_j-2,15,2.0,SYNTHETIC,NEITHER_REACHED,34
ES,vwap_on_j-2,15,2.0,SYNTHETIC,SAME_BAR_BARRIER_TIE,19
ES,vwap_on_j-3,1,0.5,REAL,REJECTION_FIRST,96
ES,vwap_on_j-3,1,0.5,REAL,CONTINUATION_FIRST,61
ES,vwap_on_j-3,1,0.5,REAL,SAME_BAR_BARRIER_TIE,54
ES,vwap_on_j-3,1,0.5,REAL,NEITHER_REACHED,2
ES,vwap_on_j-3,1,0.5,SYNTHETIC,REJECTION_FIRST,286
ES,vwap_on_j-3,1,0.5,SYNTHETIC,SAME_BAR_BARRIER_TIE,273
ES,vwap_on_j-3,1,0.5,SYNTHETIC,CONTINUATION_FIRST,272
ES,vwap_on_j-3,1,0.5,SYNTHETIC,NEITHER_REACHED,14
ES,vwap_on_j-3,1,1.0,REAL,REJECTION_FIRST,99
ES,vwap_on_j-3,1,1.0,REAL,CONTINUATION_FIRST,58
ES,vwap_on_j-3,1,1.0,REAL,NEITHER_REACHED,40
ES,vwap_on_j-3,1,1.0,REAL,SAME_BAR_BARRIER_TIE,16
ES,vwap_on_j-3,1,1.0,SYNTHETIC,REJECTION_FIRST,312
ES,vwap_on_j-3,1,1.0,SYNTHETIC,CONTINUATION_FIRST,294
ES,vwap_on_j-3,1,1.0,SYNTHETIC,NEITHER_REACHED,133
ES,vwap_on_j-3,1,1.0,SYNTHETIC,SAME_BAR_BARRIER_TIE,106
ES,vwap_on_j-3,1,1.5,REAL,NEITHER_REACHED,89
ES,vwap_on_j-3,1,1.5,REAL,REJECTION_FIRST,71
ES,vwap_on_j-3,1,1.5,REAL,CONTINUATION_FIRST,46
ES,vwap_on_j-3,1,1.5,REAL,SAME_BAR_BARRIER_TIE,7
ES,vwap_on_j-3,1,1.5,SYNTHETIC,NEITHER_REACHED,284
ES,vwap_on_j-3,1,1.5,SYNTHETIC,REJECTION_FIRST,265
ES,vwap_on_j-3,1,1.5,SYNTHETIC,CONTINUATION_FIRST,255
ES,vwap_on_j-3,1,1.5,SYNTHETIC,SAME_BAR_BARRIER_TIE,41
ES,vwap_on_j-3,1,2.0,REAL,NEITHER_REACHED,134
ES,vwap_on_j-3,1,2.0,REAL,REJECTION_FIRST,46
ES,vwap_on_j-3,1,2.0,REAL,CONTINUATION_FIRST,31
ES,vwap_on_j-3,1,2.0,REAL,SAME_BAR_BARRIER_TIE,2
ES,vwap_on_j-3,1,2.0,SYNTHETIC,NEITHER_REACHED,405
ES,vwap_on_j-3,1,2.0,SYNTHETIC,REJECTION_FIRST,215
ES,vwap_on_j-3,1,2.0,SYNTHETIC,CONTINUATION_FIRST,206
ES,vwap_on_j-3,1,2.0,SYNTHETIC,SAME_BAR_BARRIER_TIE,19
ES,vwap_on_j-3,3,0.5,REAL,REJECTION_FIRST,97
ES,vwap_on_j-3,3,0.5,REAL,CONTINUATION_FIRST,62
ES,vwap_on_j-3,3,0.5,REAL,SAME_BAR_BARRIER_TIE,54
ES,vwap_on_j-3,3,0.5,SYNTHETIC,REJECTION_FIRST,295
ES,vwap_on_j-3,3,0.5,SYNTHETIC,CONTINUATION_FIRST,276
ES,vwap_on_j-3,3,0.5,SYNTHETIC,SAME_BAR_BARRIER_TIE,274
ES,vwap_on_j-3,3,1.0,REAL,REJECTION_FIRST,108
ES,vwap_on_j-3,3,1.0,REAL,CONTINUATION_FIRST,76
ES,vwap_on_j-3,3,1.0,REAL,SAME_BAR_BARRIER_TIE,17
ES,vwap_on_j-3,3,1.0,REAL,NEITHER_REACHED,12
ES,vwap_on_j-3,3,1.0,SYNTHETIC,REJECTION_FIRST,358
ES,vwap_on_j-3,3,1.0,SYNTHETIC,CONTINUATION_FIRST,345
ES,vwap_on_j-3,3,1.0,SYNTHETIC,SAME_BAR_BARRIER_TIE,113
ES,vwap_on_j-3,3,1.0,SYNTHETIC,NEITHER_REACHED,29
ES,vwap_on_j-3,3,1.5,REAL,REJECTION_FIRST,99
ES,vwap_on_j-3,3,1.5,REAL,CONTINUATION_FIRST,70
ES,vwap_on_j-3,3,1.5,REAL,NEITHER_REACHED,37
ES,vwap_on_j-3,3,1.5,REAL,SAME_BAR_BARRIER_TIE,7
ES,vwap_on_j-3,3,1.5,SYNTHETIC,REJECTION_FIRST,350
ES,vwap_on_j-3,3,1.5,SYNTHETIC,CONTINUATION_FIRST,343
ES,vwap_on_j-3,3,1.5,SYNTHETIC,NEITHER_REACHED,110
ES,vwap_on_j-3,3,1.5,SYNTHETIC,SAME_BAR_BARRIER_TIE,42
ES,vwap_on_j-3,3,2.0,REAL,REJECTION_FIRST,83
ES,vwap_on_j-3,3,2.0,REAL,NEITHER_REACHED,68
ES,vwap_on_j-3,3,2.0,REAL,CONTINUATION_FIRST,60
ES,vwap_on_j-3,3,2.0,REAL,SAME_BAR_BARRIER_TIE,2
ES,vwap_on_j-3,3,2.0,SYNTHETIC,REJECTION_FIRST,303
ES,vwap_on_j-3,3,2.0,SYNTHETIC,CONTINUATION_FIRST,300
ES,vwap_on_j-3,3,2.0,SYNTHETIC,NEITHER_REACHED,223
ES,vwap_on_j-3,3,2.0,SYNTHETIC,SAME_BAR_BARRIER_TIE,19
ES,vwap_on_j-3,5,0.5,REAL,REJECTION_FIRST,97
ES,vwap_on_j-3,5,0.5,REAL,CONTINUATION_FIRST,62
ES,vwap_on_j-3,5,0.5,REAL,SAME_BAR_BARRIER_TIE,54
ES,vwap_on_j-3,5,0.5,SYNTHETIC,REJECTION_FIRST,295
ES,vwap_on_j-3,5,0.5,SYNTHETIC,CONTINUATION_FIRST,276
ES,vwap_on_j-3,5,0.5,SYNTHETIC,SAME_BAR_BARRIER_TIE,274
ES,vwap_on_j-3,5,1.0,REAL,REJECTION_FIRST,110
ES,vwap_on_j-3,5,1.0,REAL,CONTINUATION_FIRST,80
ES,vwap_on_j-3,5,1.0,REAL,SAME_BAR_BARRIER_TIE,17
ES,vwap_on_j-3,5,1.0,REAL,NEITHER_REACHED,6
ES,vwap_on_j-3,5,1.0,SYNTHETIC,REJECTION_FIRST,367
ES,vwap_on_j-3,5,1.0,SYNTHETIC,CONTINUATION_FIRST,353
ES,vwap_on_j-3,5,1.0,SYNTHETIC,SAME_BAR_BARRIER_TIE,113
ES,vwap_on_j-3,5,1.0,SYNTHETIC,NEITHER_REACHED,12
ES,vwap_on_j-3,5,1.5,REAL,REJECTION_FIRST,108
ES,vwap_on_j-3,5,1.5,REAL,CONTINUATION_FIRST,79
ES,vwap_on_j-3,5,1.5,REAL,NEITHER_REACHED,18
ES,vwap_on_j-3,5,1.5,REAL,SAME_BAR_BARRIER_TIE,8
ES,vwap_on_j-3,5,1.5,SYNTHETIC,REJECTION_FIRST,379
ES,vwap_on_j-3,5,1.5,SYNTHETIC,CONTINUATION_FIRST,369
ES,vwap_on_j-3,5,1.5,SYNTHETIC,NEITHER_REACHED,55
ES,vwap_on_j-3,5,1.5,SYNTHETIC,SAME_BAR_BARRIER_TIE,42
ES,vwap_on_j-3,5,2.0,REAL,REJECTION_FIRST,98
ES,vwap_on_j-3,5,2.0,REAL,CONTINUATION_FIRST,73
ES,vwap_on_j-3,5,2.0,REAL,NEITHER_REACHED,40
ES,vwap_on_j-3,5,2.0,REAL,SAME_BAR_BARRIER_TIE,2
ES,vwap_on_j-3,5,2.0,SYNTHETIC,REJECTION_FIRST,353
ES,vwap_on_j-3,5,2.0,SYNTHETIC,CONTINUATION_FIRST,336
ES,vwap_on_j-3,5,2.0,SYNTHETIC,NEITHER_REACHED,137
ES,vwap_on_j-3,5,2.0,SYNTHETIC,SAME_BAR_BARRIER_TIE,19
ES,vwap_on_j-3,10,0.5,REAL,REJECTION_FIRST,97
ES,vwap_on_j-3,10,0.5,REAL,CONTINUATION_FIRST,62
ES,vwap_on_j-3,10,0.5,REAL,SAME_BAR_BARRIER_TIE,54
ES,vwap_on_j-3,10,0.5,SYNTHETIC,REJECTION_FIRST,295
ES,vwap_on_j-3,10,0.5,SYNTHETIC,CONTINUATION_FIRST,276
ES,vwap_on_j-3,10,0.5,SYNTHETIC,SAME_BAR_BARRIER_TIE,274
ES,vwap_on_j-3,10,1.0,REAL,REJECTION_FIRST,114
ES,vwap_on_j-3,10,1.0,REAL,CONTINUATION_FIRST,82
ES,vwap_on_j-3,10,1.0,REAL,SAME_BAR_BARRIER_TIE,17
ES,vwap_on_j-3,10,1.0,SYNTHETIC,REJECTION_FIRST,373
ES,vwap_on_j-3,10,1.0,SYNTHETIC,CONTINUATION_FIRST,356
ES,vwap_on_j-3,10,1.0,SYNTHETIC,SAME_BAR_BARRIER_TIE,113
ES,vwap_on_j-3,10,1.0,SYNTHETIC,NEITHER_REACHED,3
ES,vwap_on_j-3,10,1.5,REAL,REJECTION_FIRST,117
ES,vwap_on_j-3,10,1.5,REAL,CONTINUATION_FIRST,85
ES,vwap_on_j-3,10,1.5,REAL,SAME_BAR_BARRIER_TIE,8
ES,vwap_on_j-3,10,1.5,REAL,NEITHER_REACHED,3
ES,vwap_on_j-3,10,1.5,SYNTHETIC,REJECTION_FIRST,394
ES,vwap_on_j-3,10,1.5,SYNTHETIC,CONTINUATION_FIRST,393
ES,vwap_on_j-3,10,1.5,SYNTHETIC,SAME_BAR_BARRIER_TIE,42
ES,vwap_on_j-3,10,1.5,SYNTHETIC,NEITHER_REACHED,16
ES,vwap_on_j-3,10,2.0,REAL,REJECTION_FIRST,118
ES,vwap_on_j-3,10,2.0,REAL,CONTINUATION_FIRST,83
ES,vwap_on_j-3,10,2.0,REAL,NEITHER_REACHED,10
ES,vwap_on_j-3,10,2.0,REAL,SAME_BAR_BARRIER_TIE,2
ES,vwap_on_j-3,10,2.0,SYNTHETIC,REJECTION_FIRST,396
ES,vwap_on_j-3,10,2.0,SYNTHETIC,CONTINUATION_FIRST,371
ES,vwap_on_j-3,10,2.0,SYNTHETIC,NEITHER_REACHED,58
ES,vwap_on_j-3,10,2.0,SYNTHETIC,SAME_BAR_BARRIER_TIE,20
ES,vwap_on_j-3,15,0.5,REAL,REJECTION_FIRST,97
ES,vwap_on_j-3,15,0.5,REAL,CONTINUATION_FIRST,62
ES,vwap_on_j-3,15,0.5,REAL,SAME_BAR_BARRIER_TIE,54
ES,vwap_on_j-3,15,0.5,SYNTHETIC,REJECTION_FIRST,295
ES,vwap_on_j-3,15,0.5,SYNTHETIC,CONTINUATION_FIRST,276
ES,vwap_on_j-3,15,0.5,SYNTHETIC,SAME_BAR_BARRIER_TIE,274
ES,vwap_on_j-3,15,1.0,REAL,REJECTION_FIRST,114
ES,vwap_on_j-3,15,1.0,REAL,CONTINUATION_FIRST,82
ES,vwap_on_j-3,15,1.0,REAL,SAME_BAR_BARRIER_TIE,17
ES,vwap_on_j-3,15,1.0,SYNTHETIC,REJECTION_FIRST,374
ES,vwap_on_j-3,15,1.0,SYNTHETIC,CONTINUATION_FIRST,357
ES,vwap_on_j-3,15,1.0,SYNTHETIC,SAME_BAR_BARRIER_TIE,113
ES,vwap_on_j-3,15,1.0,SYNTHETIC,NEITHER_REACHED,1
ES,vwap_on_j-3,15,1.5,REAL,REJECTION_FIRST,118
ES,vwap_on_j-3,15,1.5,REAL,CONTINUATION_FIRST,86
ES,vwap_on_j-3,15,1.5,REAL,SAME_BAR_BARRIER_TIE,8
ES,vwap_on_j-3,15,1.5,REAL,NEITHER_REACHED,1
ES,vwap_on_j-3,15,1.5,SYNTHETIC,REJECTION_FIRST,398
ES,vwap_on_j-3,15,1.5,SYNTHETIC,CONTINUATION_FIRST,397
ES,vwap_on_j-3,15,1.5,SYNTHETIC,SAME_BAR_BARRIER_TIE,42
ES,vwap_on_j-3,15,1.5,SYNTHETIC,NEITHER_REACHED,8
ES,vwap_on_j-3,15,2.0,REAL,REJECTION_FIRST,121
ES,vwap_on_j-3,15,2.0,REAL,CONTINUATION_FIRST,85
ES,vwap_on_j-3,15,2.0,REAL,NEITHER_REACHED,5
ES,vwap_on_j-3,15,2.0,REAL,SAME_BAR_BARRIER_TIE,2
ES,vwap_on_j-3,15,2.0,SYNTHETIC,REJECTION_FIRST,407
ES,vwap_on_j-3,15,2.0,SYNTHETIC,CONTINUATION_FIRST,388
ES,vwap_on_j-3,15,2.0,SYNTHETIC,NEITHER_REACHED,30
ES,vwap_on_j-3,15,2.0,SYNTHETIC,SAME_BAR_BARRIER_TIE,20
NQ,mad_D_1.0,1,0.5,REAL,REJECTION_FIRST,395
NQ,mad_D_1.0,1,0.5,REAL,CONTINUATION_FIRST,347
NQ,mad_D_1.0,1,0.5,REAL,SAME_BAR_BARRIER_TIE,305
NQ,mad_D_1.0,1,0.5,REAL,NEITHER_REACHED,10
NQ,mad_D_1.0,1,0.5,SYNTHETIC,REJECTION_FIRST,402
NQ,mad_D_1.0,1,0.5,SYNTHETIC,CONTINUATION_FIRST,341
NQ,mad_D_1.0,1,0.5,SYNTHETIC,SAME_BAR_BARRIER_TIE,305
NQ,mad_D_1.0,1,0.5,SYNTHETIC,NEITHER_REACHED,9
NQ,mad_D_1.0,1,1.0,REAL,REJECTION_FIRST,450
NQ,mad_D_1.0,1,1.0,REAL,CONTINUATION_FIRST,387
NQ,mad_D_1.0,1,1.0,REAL,SAME_BAR_BARRIER_TIE,111
NQ,mad_D_1.0,1,1.0,REAL,NEITHER_REACHED,109
NQ,mad_D_1.0,1,1.0,SYNTHETIC,REJECTION_FIRST,446
NQ,mad_D_1.0,1,1.0,SYNTHETIC,CONTINUATION_FIRST,373
NQ,mad_D_1.0,1,1.0,SYNTHETIC,NEITHER_REACHED,120
NQ,mad_D_1.0,1,1.0,SYNTHETIC,SAME_BAR_BARRIER_TIE,118
NQ,mad_D_1.0,1,1.5,REAL,REJECTION_FIRST,392
NQ,mad_D_1.0,1,1.5,REAL,CONTINUATION_FIRST,322
NQ,mad_D_1.0,1,1.5,REAL,NEITHER_REACHED,302
NQ,mad_D_1.0,1,1.5,REAL,SAME_BAR_BARRIER_TIE,41
NQ,mad_D_1.0,1,1.5,SYNTHETIC,REJECTION_FIRST,407
NQ,mad_D_1.0,1,1.5,SYNTHETIC,CONTINUATION_FIRST,316
NQ,mad_D_1.0,1,1.5,SYNTHETIC,NEITHER_REACHED,295
NQ,mad_D_1.0,1,1.5,SYNTHETIC,SAME_BAR_BARRIER_TIE,39
NQ,mad_D_1.0,1,2.0,REAL,NEITHER_REACHED,511
NQ,mad_D_1.0,1,2.0,REAL,REJECTION_FIRST,301
NQ,mad_D_1.0,1,2.0,REAL,CONTINUATION_FIRST,225
NQ,mad_D_1.0,1,2.0,REAL,SAME_BAR_BARRIER_TIE,20
NQ,mad_D_1.0,1,2.0,SYNTHETIC,NEITHER_REACHED,491
NQ,mad_D_1.0,1,2.0,SYNTHETIC,REJECTION_FIRST,311
NQ,mad_D_1.0,1,2.0,SYNTHETIC,CONTINUATION_FIRST,239
NQ,mad_D_1.0,1,2.0,SYNTHETIC,SAME_BAR_BARRIER_TIE,16
NQ,mad_D_1.0,3,0.5,REAL,REJECTION_FIRST,399
NQ,mad_D_1.0,3,0.5,REAL,CONTINUATION_FIRST,348
NQ,mad_D_1.0,3,0.5,REAL,SAME_BAR_BARRIER_TIE,306
NQ,mad_D_1.0,3,0.5,REAL,NEITHER_REACHED,4
NQ,mad_D_1.0,3,0.5,SYNTHETIC,REJECTION_FIRST,405
NQ,mad_D_1.0,3,0.5,SYNTHETIC,CONTINUATION_FIRST,343
NQ,mad_D_1.0,3,0.5,SYNTHETIC,SAME_BAR_BARRIER_TIE,305
NQ,mad_D_1.0,3,0.5,SYNTHETIC,NEITHER_REACHED,4
NQ,mad_D_1.0,3,1.0,REAL,REJECTION_FIRST,492
NQ,mad_D_1.0,3,1.0,REAL,CONTINUATION_FIRST,431
NQ,mad_D_1.0,3,1.0,REAL,SAME_BAR_BARRIER_TIE,111
NQ,mad_D_1.0,3,1.0,REAL,NEITHER_REACHED,23
NQ,mad_D_1.0,3,1.0,SYNTHETIC,REJECTION_FIRST,491
NQ,mad_D_1.0,3,1.0,SYNTHETIC,CONTINUATION_FIRST,422
NQ,mad_D_1.0,3,1.0,SYNTHETIC,SAME_BAR_BARRIER_TIE,119
NQ,mad_D_1.0,3,1.0,SYNTHETIC,NEITHER_REACHED,25
NQ,mad_D_1.0,3,1.5,REAL,REJECTION_FIRST,487
NQ,mad_D_1.0,3,1.5,REAL,CONTINUATION_FIRST,426
NQ,mad_D_1.0,3,1.5,REAL,NEITHER_REACHED,100
NQ,mad_D_1.0,3,1.5,REAL,SAME_BAR_BARRIER_TIE,44
NQ,mad_D_1.0,3,1.5,SYNTHETIC,REJECTION_FIRST,496
NQ,mad_D_1.0,3,1.5,SYNTHETIC,CONTINUATION_FIRST,425
NQ,mad_D_1.0,3,1.5,SYNTHETIC,NEITHER_REACHED,94
NQ,mad_D_1.0,3,1.5,SYNTHETIC,SAME_BAR_BARRIER_TIE,42
NQ,mad_D_1.0,3,2.0,REAL,REJECTION_FIRST,439
NQ,mad_D_1.0,3,2.0,REAL,CONTINUATION_FIRST,370
NQ,mad_D_1.0,3,2.0,REAL,NEITHER_REACHED,228
NQ,mad_D_1.0,3,2.0,REAL,SAME_BAR_BARRIER_TIE,20
NQ,mad_D_1.0,3,2.0,SYNTHETIC,REJECTION_FIRST,442
NQ,mad_D_1.0,3,2.0,SYNTHETIC,CONTINUATION_FIRST,378
NQ,mad_D_1.0,3,2.0,SYNTHETIC,NEITHER_REACHED,221
NQ,mad_D_1.0,3,2.0,SYNTHETIC,SAME_BAR_BARRIER_TIE,16
NQ,mad_D_1.0,5,0.5,REAL,REJECTION_FIRST,401
NQ,mad_D_1.0,5,0.5,REAL,CONTINUATION_FIRST,348
NQ,mad_D_1.0,5,0.5,REAL,SAME_BAR_BARRIER_TIE,306
NQ,mad_D_1.0,5,0.5,REAL,NEITHER_REACHED,2
NQ,mad_D_1.0,5,0.5,SYNTHETIC,REJECTION_FIRST,405
NQ,mad_D_1.0,5,0.5,SYNTHETIC,CONTINUATION_FIRST,343
NQ,mad_D_1.0,5,0.5,SYNTHETIC,SAME_BAR_BARRIER_TIE,305
NQ,mad_D_1.0,5,0.5,SYNTHETIC,NEITHER_REACHED,4
NQ,mad_D_1.0,5,1.0,REAL,REJECTION_FIRST,499
NQ,mad_D_1.0,5,1.0,REAL,CONTINUATION_FIRST,436
NQ,mad_D_1.0,5,1.0,REAL,SAME_BAR_BARRIER_TIE,111
NQ,mad_D_1.0,5,1.0,REAL,NEITHER_REACHED,11
NQ,mad_D_1.0,5,1.0,SYNTHETIC,REJECTION_FIRST,498
NQ,mad_D_1.0,5,1.0,SYNTHETIC,CONTINUATION_FIRST,429
NQ,mad_D_1.0,5,1.0,SYNTHETIC,SAME_BAR_BARRIER_TIE,119
NQ,mad_D_1.0,5,1.0,SYNTHETIC,NEITHER_REACHED,11
NQ,mad_D_1.0,5,1.5,REAL,REJECTION_FIRST,506
NQ,mad_D_1.0,5,1.5,REAL,CONTINUATION_FIRST,449
NQ,mad_D_1.0,5,1.5,REAL,NEITHER_REACHED,58
NQ,mad_D_1.0,5,1.5,REAL,SAME_BAR_BARRIER_TIE,44
NQ,mad_D_1.0,5,1.5,SYNTHETIC,REJECTION_FIRST,517
NQ,mad_D_1.0,5,1.5,SYNTHETIC,CONTINUATION_FIRST,441
NQ,mad_D_1.0,5,1.5,SYNTHETIC,NEITHER_REACHED,57
NQ,mad_D_1.0,5,1.5,SYNTHETIC,SAME_BAR_BARRIER_TIE,42
NQ,mad_D_1.0,5,2.0,REAL,REJECTION_FIRST,489
NQ,mad_D_1.0,5,2.0,REAL,CONTINUATION_FIRST,422
NQ,mad_D_1.0,5,2.0,REAL,NEITHER_REACHED,126
NQ,mad_D_1.0,5,2.0,REAL,SAME_BAR_BARRIER_TIE,20
NQ,mad_D_1.0,5,2.0,SYNTHETIC,REJECTION_FIRST,488
NQ,mad_D_1.0,5,2.0,SYNTHETIC,CONTINUATION_FIRST,427
NQ,mad_D_1.0,5,2.0,SYNTHETIC,NEITHER_REACHED,126
NQ,mad_D_1.0,5,2.0,SYNTHETIC,SAME_BAR_BARRIER_TIE,16
NQ,mad_D_1.0,10,0.5,REAL,REJECTION_FIRST,401
NQ,mad_D_1.0,10,0.5,REAL,CONTINUATION_FIRST,348
NQ,mad_D_1.0,10,0.5,REAL,SAME_BAR_BARRIER_TIE,306
NQ,mad_D_1.0,10,0.5,REAL,NEITHER_REACHED,2
NQ,mad_D_1.0,10,0.5,SYNTHETIC,REJECTION_FIRST,405
NQ,mad_D_1.0,10,0.5,SYNTHETIC,CONTINUATION_FIRST,344
NQ,mad_D_1.0,10,0.5,SYNTHETIC,SAME_BAR_BARRIER_TIE,305
NQ,mad_D_1.0,10,0.5,SYNTHETIC,NEITHER_REACHED,3
NQ,mad_D_1.0,10,1.0,REAL,REJECTION_FIRST,503
NQ,mad_D_1.0,10,1.0,REAL,CONTINUATION_FIRST,436
NQ,mad_D_1.0,10,1.0,REAL,SAME_BAR_BARRIER_TIE,111
NQ,mad_D_1.0,10,1.0,REAL,NEITHER_REACHED,7
NQ,mad_D_1.0,10,1.0,SYNTHETIC,REJECTION_FIRST,501
NQ,mad_D_1.0,10,1.0,SYNTHETIC,CONTINUATION_FIRST,431
NQ,mad_D_1.0,10,1.0,SYNTHETIC,SAME_BAR_BARRIER_TIE,119
NQ,mad_D_1.0,10,1.0,SYNTHETIC,NEITHER_REACHED,6
NQ,mad_D_1.0,10,1.5,REAL,REJECTION_FIRST,527
NQ,mad_D_1.0,10,1.5,REAL,CONTINUATION_FIRST,469
NQ,mad_D_1.0,10,1.5,REAL,SAME_BAR_BARRIER_TIE,44
NQ,mad_D_1.0,10,1.5,REAL,NEITHER_REACHED,17
NQ,mad_D_1.0,10,1.5,SYNTHETIC,REJECTION_FIRST,537
NQ,mad_D_1.0,10,1.5,SYNTHETIC,CONTINUATION_FIRST,456
NQ,mad_D_1.0,10,1.5,SYNTHETIC,SAME_BAR_BARRIER_TIE,42
NQ,mad_D_1.0,10,1.5,SYNTHETIC,NEITHER_REACHED,22
NQ,mad_D_1.0,10,2.0,REAL,REJECTION_FIRST,528
NQ,mad_D_1.0,10,2.0,REAL,CONTINUATION_FIRST,462
NQ,mad_D_1.0,10,2.0,REAL,NEITHER_REACHED,47
NQ,mad_D_1.0,10,2.0,REAL,SAME_BAR_BARRIER_TIE,20
NQ,mad_D_1.0,10,2.0,SYNTHETIC,REJECTION_FIRST,524
NQ,mad_D_1.0,10,2.0,SYNTHETIC,CONTINUATION_FIRST,465
NQ,mad_D_1.0,10,2.0,SYNTHETIC,NEITHER_REACHED,52
NQ,mad_D_1.0,10,2.0,SYNTHETIC,SAME_BAR_BARRIER_TIE,16
NQ,mad_D_1.0,15,0.5,REAL,REJECTION_FIRST,401
NQ,mad_D_1.0,15,0.5,REAL,CONTINUATION_FIRST,348
NQ,mad_D_1.0,15,0.5,REAL,SAME_BAR_BARRIER_TIE,306
NQ,mad_D_1.0,15,0.5,REAL,NEITHER_REACHED,2
NQ,mad_D_1.0,15,0.5,SYNTHETIC,REJECTION_FIRST,406
NQ,mad_D_1.0,15,0.5,SYNTHETIC,CONTINUATION_FIRST,345
NQ,mad_D_1.0,15,0.5,SYNTHETIC,SAME_BAR_BARRIER_TIE,305
NQ,mad_D_1.0,15,0.5,SYNTHETIC,NEITHER_REACHED,1
NQ,mad_D_1.0,15,1.0,REAL,REJECTION_FIRST,504
NQ,mad_D_1.0,15,1.0,REAL,CONTINUATION_FIRST,436
NQ,mad_D_1.0,15,1.0,REAL,SAME_BAR_BARRIER_TIE,111
NQ,mad_D_1.0,15,1.0,REAL,NEITHER_REACHED,6
NQ,mad_D_1.0,15,1.0,SYNTHETIC,REJECTION_FIRST,502
NQ,mad_D_1.0,15,1.0,SYNTHETIC,CONTINUATION_FIRST,431
NQ,mad_D_1.0,15,1.0,SYNTHETIC,SAME_BAR_BARRIER_TIE,119
NQ,mad_D_1.0,15,1.0,SYNTHETIC,NEITHER_REACHED,5
NQ,mad_D_1.0,15,1.5,REAL,REJECTION_FIRST,532
NQ,mad_D_1.0,15,1.5,REAL,CONTINUATION_FIRST,470
NQ,mad_D_1.0,15,1.5,REAL,SAME_BAR_BARRIER_TIE,44
NQ,mad_D_1.0,15,1.5,REAL,NEITHER_REACHED,11
NQ,mad_D_1.0,15,1.5,SYNTHETIC,REJECTION_FIRST,543
NQ,mad_D_1.0,15,1.5,SYNTHETIC,CONTINUATION_FIRST,460
NQ,mad_D_1.0,15,1.5,SYNTHETIC,SAME_BAR_BARRIER_TIE,42
NQ,mad_D_1.0,15,1.5,SYNTHETIC,NEITHER_REACHED,12
NQ,mad_D_1.0,15,2.0,REAL,REJECTION_FIRST,540
NQ,mad_D_1.0,15,2.0,REAL,CONTINUATION_FIRST,472
NQ,mad_D_1.0,15,2.0,REAL,NEITHER_REACHED,25
NQ,mad_D_1.0,15,2.0,REAL,SAME_BAR_BARRIER_TIE,20
NQ,mad_D_1.0,15,2.0,SYNTHETIC,REJECTION_FIRST,540
NQ,mad_D_1.0,15,2.0,SYNTHETIC,CONTINUATION_FIRST,474
NQ,mad_D_1.0,15,2.0,SYNTHETIC,NEITHER_REACHED,27
NQ,mad_D_1.0,15,2.0,SYNTHETIC,SAME_BAR_BARRIER_TIE,16
NQ,mad_D_1.5,1,0.5,REAL,REJECTION_FIRST,347
NQ,mad_D_1.5,1,0.5,REAL,CONTINUATION_FIRST,319
NQ,mad_D_1.5,1,0.5,REAL,SAME_BAR_BARRIER_TIE,309
NQ,mad_D_1.5,1,0.5,REAL,NEITHER_REACHED,10
NQ,mad_D_1.5,1,0.5,SYNTHETIC,REJECTION_FIRST,343
NQ,mad_D_1.5,1,0.5,SYNTHETIC,CONTINUATION_FIRST,324
NQ,mad_D_1.5,1,0.5,SYNTHETIC,SAME_BAR_BARRIER_TIE,298
NQ,mad_D_1.5,1,0.5,SYNTHETIC,NEITHER_REACHED,8
NQ,mad_D_1.5,1,1.0,REAL,REJECTION_FIRST,387
NQ,mad_D_1.5,1,1.0,REAL,CONTINUATION_FIRST,366
NQ,mad_D_1.5,1,1.0,REAL,NEITHER_REACHED,129
NQ,mad_D_1.5,1,1.0,REAL,SAME_BAR_BARRIER_TIE,103
NQ,mad_D_1.5,1,1.0,SYNTHETIC,REJECTION_FIRST,385
NQ,mad_D_1.5,1,1.0,SYNTHETIC,CONTINUATION_FIRST,361
NQ,mad_D_1.5,1,1.0,SYNTHETIC,NEITHER_REACHED,124
NQ,mad_D_1.5,1,1.0,SYNTHETIC,SAME_BAR_BARRIER_TIE,103
NQ,mad_D_1.5,1,1.5,REAL,REJECTION_FIRST,341
NQ,mad_D_1.5,1,1.5,REAL,NEITHER_REACHED,318
NQ,mad_D_1.5,1,1.5,REAL,CONTINUATION_FIRST,293
NQ,mad_D_1.5,1,1.5,REAL,SAME_BAR_BARRIER_TIE,33
NQ,mad_D_1.5,1,1.5,SYNTHETIC,REJECTION_FIRST,329
NQ,mad_D_1.5,1,1.5,SYNTHETIC,NEITHER_REACHED,307
NQ,mad_D_1.5,1,1.5,SYNTHETIC,CONTINUATION_FIRST,295
NQ,mad_D_1.5,1,1.5,SYNTHETIC,SAME_BAR_BARRIER_TIE,42
NQ,mad_D_1.5,1,2.0,REAL,NEITHER_REACHED,482
NQ,mad_D_1.5,1,2.0,REAL,REJECTION_FIRST,267
NQ,mad_D_1.5,1,2.0,REAL,CONTINUATION_FIRST,224
NQ,mad_D_1.5,1,2.0,REAL,SAME_BAR_BARRIER_TIE,12
NQ,mad_D_1.5,1,2.0,SYNTHETIC,NEITHER_REACHED,472
NQ,mad_D_1.5,1,2.0,SYNTHETIC,REJECTION_FIRST,269
NQ,mad_D_1.5,1,2.0,SYNTHETIC,CONTINUATION_FIRST,221
NQ,mad_D_1.5,1,2.0,SYNTHETIC,SAME_BAR_BARRIER_TIE,11
NQ,mad_D_1.5,3,0.5,REAL,REJECTION_FIRST,350
NQ,mad_D_1.5,3,0.5,REAL,CONTINUATION_FIRST,324
NQ,mad_D_1.5,3,0.5,REAL,SAME_BAR_BARRIER_TIE,309
NQ,mad_D_1.5,3,0.5,REAL,NEITHER_REACHED,2
NQ,mad_D_1.5,3,0.5,SYNTHETIC,REJECTION_FIRST,347
NQ,mad_D_1.5,3,0.5,SYNTHETIC,CONTINUATION_FIRST,328
NQ,mad_D_1.5,3,0.5,SYNTHETIC,SAME_BAR_BARRIER_TIE,298
NQ,mad_D_1.5,3,1.0,REAL,REJECTION_FIRST,435
NQ,mad_D_1.5,3,1.0,REAL,CONTINUATION_FIRST,422
NQ,mad_D_1.5,3,1.0,REAL,SAME_BAR_BARRIER_TIE,106
NQ,mad_D_1.5,3,1.0,REAL,NEITHER_REACHED,22
NQ,mad_D_1.5,3,1.0,SYNTHETIC,REJECTION_FIRST,435
NQ,mad_D_1.5,3,1.0,SYNTHETIC,CONTINUATION_FIRST,413
NQ,mad_D_1.5,3,1.0,SYNTHETIC,SAME_BAR_BARRIER_TIE,108
NQ,mad_D_1.5,3,1.0,SYNTHETIC,NEITHER_REACHED,17
NQ,mad_D_1.5,3,1.5,REAL,REJECTION_FIRST,442
NQ,mad_D_1.5,3,1.5,REAL,CONTINUATION_FIRST,407
NQ,mad_D_1.5,3,1.5,REAL,NEITHER_REACHED,101
NQ,mad_D_1.5,3,1.5,REAL,SAME_BAR_BARRIER_TIE,35
NQ,mad_D_1.5,3,1.5,SYNTHETIC,REJECTION_FIRST,425
NQ,mad_D_1.5,3,1.5,SYNTHETIC,CONTINUATION_FIRST,408
NQ,mad_D_1.5,3,1.5,SYNTHETIC,NEITHER_REACHED,97
NQ,mad_D_1.5,3,1.5,SYNTHETIC,SAME_BAR_BARRIER_TIE,43
NQ,mad_D_1.5,3,2.0,REAL,REJECTION_FIRST,375
NQ,mad_D_1.5,3,2.0,REAL,CONTINUATION_FIRST,362
NQ,mad_D_1.5,3,2.0,REAL,NEITHER_REACHED,235
NQ,mad_D_1.5,3,2.0,REAL,SAME_BAR_BARRIER_TIE,13
NQ,mad_D_1.5,3,2.0,SYNTHETIC,REJECTION_FIRST,374
NQ,mad_D_1.5,3,2.0,SYNTHETIC,CONTINUATION_FIRST,360
NQ,mad_D_1.5,3,2.0,SYNTHETIC,NEITHER_REACHED,228
NQ,mad_D_1.5,3,2.0,SYNTHETIC,SAME_BAR_BARRIER_TIE,11
NQ,mad_D_1.5,5,0.5,REAL,REJECTION_FIRST,351
NQ,mad_D_1.5,5,0.5,REAL,CONTINUATION_FIRST,324
NQ,mad_D_1.5,5,0.5,REAL,SAME_BAR_BARRIER_TIE,309
NQ,mad_D_1.5,5,0.5,REAL,NEITHER_REACHED,1
NQ,mad_D_1.5,5,0.5,SYNTHETIC,REJECTION_FIRST,347
NQ,mad_D_1.5,5,0.5,SYNTHETIC,CONTINUATION_FIRST,328
NQ,mad_D_1.5,5,0.5,SYNTHETIC,SAME_BAR_BARRIER_TIE,298
NQ,mad_D_1.5,5,1.0,REAL,REJECTION_FIRST,444
NQ,mad_D_1.5,5,1.0,REAL,CONTINUATION_FIRST,427
NQ,mad_D_1.5,5,1.0,REAL,SAME_BAR_BARRIER_TIE,106
NQ,mad_D_1.5,5,1.0,REAL,NEITHER_REACHED,8
NQ,mad_D_1.5,5,1.0,SYNTHETIC,REJECTION_FIRST,440
NQ,mad_D_1.5,5,1.0,SYNTHETIC,CONTINUATION_FIRST,416
NQ,mad_D_1.5,5,1.0,SYNTHETIC,SAME_BAR_BARRIER_TIE,109
NQ,mad_D_1.5,5,1.0,SYNTHETIC,NEITHER_REACHED,8
NQ,mad_D_1.5,5,1.5,REAL,REJECTION_FIRST,468
NQ,mad_D_1.5,5,1.5,REAL,CONTINUATION_FIRST,430
NQ,mad_D_1.5,5,1.5,REAL,NEITHER_REACHED,52
NQ,mad_D_1.5,5,1.5,REAL,SAME_BAR_BARRIER_TIE,35
NQ,mad_D_1.5,5,1.5,SYNTHETIC,REJECTION_FIRST,445
NQ,mad_D_1.5,5,1.5,SYNTHETIC,CONTINUATION_FIRST,431
NQ,mad_D_1.5,5,1.5,SYNTHETIC,NEITHER_REACHED,54
NQ,mad_D_1.5,5,1.5,SYNTHETIC,SAME_BAR_BARRIER_TIE,43
NQ,mad_D_1.5,5,2.0,REAL,REJECTION_FIRST,424
NQ,mad_D_1.5,5,2.0,REAL,CONTINUATION_FIRST,410
NQ,mad_D_1.5,5,2.0,REAL,NEITHER_REACHED,138
NQ,mad_D_1.5,5,2.0,REAL,SAME_BAR_BARRIER_TIE,13
NQ,mad_D_1.5,5,2.0,SYNTHETIC,REJECTION_FIRST,424
NQ,mad_D_1.5,5,2.0,SYNTHETIC,CONTINUATION_FIRST,410
NQ,mad_D_1.5,5,2.0,SYNTHETIC,NEITHER_REACHED,128
NQ,mad_D_1.5,5,2.0,SYNTHETIC,SAME_BAR_BARRIER_TIE,11
NQ,mad_D_1.5,10,0.5,REAL,REJECTION_FIRST,351
NQ,mad_D_1.5,10,0.5,REAL,CONTINUATION_FIRST,324
NQ,mad_D_1.5,10,0.5,REAL,SAME_BAR_BARRIER_TIE,309
NQ,mad_D_1.5,10,0.5,REAL,NEITHER_REACHED,1
NQ,mad_D_1.5,10,0.5,SYNTHETIC,REJECTION_FIRST,347
NQ,mad_D_1.5,10,0.5,SYNTHETIC,CONTINUATION_FIRST,328
NQ,mad_D_1.5,10,0.5,SYNTHETIC,SAME_BAR_BARRIER_TIE,298
NQ,mad_D_1.5,10,1.0,REAL,REJECTION_FIRST,445
NQ,mad_D_1.5,10,1.0,REAL,CONTINUATION_FIRST,429
NQ,mad_D_1.5,10,1.0,REAL,SAME_BAR_BARRIER_TIE,106
NQ,mad_D_1.5,10,1.0,REAL,NEITHER_REACHED,5
NQ,mad_D_1.5,10,1.0,SYNTHETIC,REJECTION_FIRST,442
NQ,mad_D_1.5,10,1.0,SYNTHETIC,CONTINUATION_FIRST,419
NQ,mad_D_1.5,10,1.0,SYNTHETIC,SAME_BAR_BARRIER_TIE,109
NQ,mad_D_1.5,10,1.0,SYNTHETIC,NEITHER_REACHED,3
NQ,mad_D_1.5,10,1.5,REAL,REJECTION_FIRST,485
NQ,mad_D_1.5,10,1.5,REAL,CONTINUATION_FIRST,451
NQ,mad_D_1.5,10,1.5,REAL,SAME_BAR_BARRIER_TIE,35
NQ,mad_D_1.5,10,1.5,REAL,NEITHER_REACHED,14
NQ,mad_D_1.5,10,1.5,SYNTHETIC,REJECTION_FIRST,460
NQ,mad_D_1.5,10,1.5,SYNTHETIC,CONTINUATION_FIRST,456
NQ,mad_D_1.5,10,1.5,SYNTHETIC,SAME_BAR_BARRIER_TIE,43
NQ,mad_D_1.5,10,1.5,SYNTHETIC,NEITHER_REACHED,14
NQ,mad_D_1.5,10,2.0,REAL,REJECTION_FIRST,471
NQ,mad_D_1.5,10,2.0,REAL,CONTINUATION_FIRST,449
NQ,mad_D_1.5,10,2.0,REAL,NEITHER_REACHED,52
NQ,mad_D_1.5,10,2.0,REAL,SAME_BAR_BARRIER_TIE,13
NQ,mad_D_1.5,10,2.0,SYNTHETIC,REJECTION_FIRST,467
NQ,mad_D_1.5,10,2.0,SYNTHETIC,CONTINUATION_FIRST,448
NQ,mad_D_1.5,10,2.0,SYNTHETIC,NEITHER_REACHED,47
NQ,mad_D_1.5,10,2.0,SYNTHETIC,SAME_BAR_BARRIER_TIE,11
NQ,mad_D_1.5,15,0.5,REAL,REJECTION_FIRST,351
NQ,mad_D_1.5,15,0.5,REAL,CONTINUATION_FIRST,324
NQ,mad_D_1.5,15,0.5,REAL,SAME_BAR_BARRIER_TIE,309
NQ,mad_D_1.5,15,0.5,REAL,NEITHER_REACHED,1
NQ,mad_D_1.5,15,0.5,SYNTHETIC,REJECTION_FIRST,347
NQ,mad_D_1.5,15,0.5,SYNTHETIC,CONTINUATION_FIRST,328
NQ,mad_D_1.5,15,0.5,SYNTHETIC,SAME_BAR_BARRIER_TIE,298
NQ,mad_D_1.5,15,1.0,REAL,REJECTION_FIRST,445
NQ,mad_D_1.5,15,1.0,REAL,CONTINUATION_FIRST,429
NQ,mad_D_1.5,15,1.0,REAL,SAME_BAR_BARRIER_TIE,106
NQ,mad_D_1.5,15,1.0,REAL,NEITHER_REACHED,5
NQ,mad_D_1.5,15,1.0,SYNTHETIC,REJECTION_FIRST,443
NQ,mad_D_1.5,15,1.0,SYNTHETIC,CONTINUATION_FIRST,419
NQ,mad_D_1.5,15,1.0,SYNTHETIC,SAME_BAR_BARRIER_TIE,109
NQ,mad_D_1.5,15,1.0,SYNTHETIC,NEITHER_REACHED,2
NQ,mad_D_1.5,15,1.5,REAL,REJECTION_FIRST,487
NQ,mad_D_1.5,15,1.5,REAL,CONTINUATION_FIRST,454
NQ,mad_D_1.5,15,1.5,REAL,SAME_BAR_BARRIER_TIE,35
NQ,mad_D_1.5,15,1.5,REAL,NEITHER_REACHED,9
NQ,mad_D_1.5,15,1.5,SYNTHETIC,REJECTION_FIRST,464
NQ,mad_D_1.5,15,1.5,SYNTHETIC,CONTINUATION_FIRST,459
NQ,mad_D_1.5,15,1.5,SYNTHETIC,SAME_BAR_BARRIER_TIE,43
NQ,mad_D_1.5,15,1.5,SYNTHETIC,NEITHER_REACHED,7
NQ,mad_D_1.5,15,2.0,REAL,REJECTION_FIRST,486
NQ,mad_D_1.5,15,2.0,REAL,CONTINUATION_FIRST,463
NQ,mad_D_1.5,15,2.0,REAL,NEITHER_REACHED,23
NQ,mad_D_1.5,15,2.0,REAL,SAME_BAR_BARRIER_TIE,13
NQ,mad_D_1.5,15,2.0,SYNTHETIC,REJECTION_FIRST,483
NQ,mad_D_1.5,15,2.0,SYNTHETIC,CONTINUATION_FIRST,460
NQ,mad_D_1.5,15,2.0,SYNTHETIC,NEITHER_REACHED,19
NQ,mad_D_1.5,15,2.0,SYNTHETIC,SAME_BAR_BARRIER_TIE,11
NQ,mad_D_2.0,1,0.5,REAL,REJECTION_FIRST,333
NQ,mad_D_2.0,1,0.5,REAL,CONTINUATION_FIRST,311
NQ,mad_D_2.0,1,0.5,REAL,SAME_BAR_BARRIER_TIE,263
NQ,mad_D_2.0,1,0.5,REAL,NEITHER_REACHED,3
NQ,mad_D_2.0,1,0.5,SYNTHETIC,REJECTION_FIRST,333
NQ,mad_D_2.0,1,0.5,SYNTHETIC,CONTINUATION_FIRST,313
NQ,mad_D_2.0,1,0.5,SYNTHETIC,SAME_BAR_BARRIER_TIE,258
NQ,mad_D_2.0,1,0.5,SYNTHETIC,NEITHER_REACHED,7
NQ,mad_D_2.0,1,1.0,REAL,REJECTION_FIRST,369
NQ,mad_D_2.0,1,1.0,REAL,CONTINUATION_FIRST,346
NQ,mad_D_2.0,1,1.0,REAL,NEITHER_REACHED,105
NQ,mad_D_2.0,1,1.0,REAL,SAME_BAR_BARRIER_TIE,90
NQ,mad_D_2.0,1,1.0,SYNTHETIC,REJECTION_FIRST,368
NQ,mad_D_2.0,1,1.0,SYNTHETIC,CONTINUATION_FIRST,343
NQ,mad_D_2.0,1,1.0,SYNTHETIC,NEITHER_REACHED,116
NQ,mad_D_2.0,1,1.0,SYNTHETIC,SAME_BAR_BARRIER_TIE,84
NQ,mad_D_2.0,1,1.5,REAL,REJECTION_FIRST,306
NQ,mad_D_2.0,1,1.5,REAL,CONTINUATION_FIRST,295
NQ,mad_D_2.0,1,1.5,REAL,NEITHER_REACHED,286
NQ,mad_D_2.0,1,1.5,REAL,SAME_BAR_BARRIER_TIE,23
NQ,mad_D_2.0,1,1.5,SYNTHETIC,NEITHER_REACHED,307
NQ,mad_D_2.0,1,1.5,SYNTHETIC,REJECTION_FIRST,295
NQ,mad_D_2.0,1,1.5,SYNTHETIC,CONTINUATION_FIRST,290
NQ,mad_D_2.0,1,1.5,SYNTHETIC,SAME_BAR_BARRIER_TIE,19
NQ,mad_D_2.0,1,2.0,REAL,NEITHER_REACHED,461
NQ,mad_D_2.0,1,2.0,REAL,REJECTION_FIRST,232
NQ,mad_D_2.0,1,2.0,REAL,CONTINUATION_FIRST,208
NQ,mad_D_2.0,1,2.0,REAL,SAME_BAR_BARRIER_TIE,9
NQ,mad_D_2.0,1,2.0,SYNTHETIC,NEITHER_REACHED,478
NQ,mad_D_2.0,1,2.0,SYNTHETIC,REJECTION_FIRST,226
NQ,mad_D_2.0,1,2.0,SYNTHETIC,CONTINUATION_FIRST,200
NQ,mad_D_2.0,1,2.0,SYNTHETIC,SAME_BAR_BARRIER_TIE,7
NQ,mad_D_2.0,3,0.5,REAL,REJECTION_FIRST,335
NQ,mad_D_2.0,3,0.5,REAL,CONTINUATION_FIRST,312
NQ,mad_D_2.0,3,0.5,REAL,SAME_BAR_BARRIER_TIE,263
NQ,mad_D_2.0,3,0.5,SYNTHETIC,REJECTION_FIRST,338
NQ,mad_D_2.0,3,0.5,SYNTHETIC,CONTINUATION_FIRST,315
NQ,mad_D_2.0,3,0.5,SYNTHETIC,SAME_BAR_BARRIER_TIE,258
NQ,mad_D_2.0,3,1.0,REAL,REJECTION_FIRST,414
NQ,mad_D_2.0,3,1.0,REAL,CONTINUATION_FIRST,387
NQ,mad_D_2.0,3,1.0,REAL,SAME_BAR_BARRIER_TIE,92
NQ,mad_D_2.0,3,1.0,REAL,NEITHER_REACHED,17
NQ,mad_D_2.0,3,1.0,SYNTHETIC,REJECTION_FIRST,419
NQ,mad_D_2.0,3,1.0,SYNTHETIC,CONTINUATION_FIRST,386
NQ,mad_D_2.0,3,1.0,SYNTHETIC,SAME_BAR_BARRIER_TIE,87
NQ,mad_D_2.0,3,1.0,SYNTHETIC,NEITHER_REACHED,19
NQ,mad_D_2.0,3,1.5,REAL,CONTINUATION_FIRST,391
NQ,mad_D_2.0,3,1.5,REAL,REJECTION_FIRST,386
NQ,mad_D_2.0,3,1.5,REAL,NEITHER_REACHED,109
NQ,mad_D_2.0,3,1.5,REAL,SAME_BAR_BARRIER_TIE,24
NQ,mad_D_2.0,3,1.5,SYNTHETIC,CONTINUATION_FIRST,398
NQ,mad_D_2.0,3,1.5,SYNTHETIC,REJECTION_FIRST,393
NQ,mad_D_2.0,3,1.5,SYNTHETIC,NEITHER_REACHED,100
NQ,mad_D_2.0,3,1.5,SYNTHETIC,SAME_BAR_BARRIER_TIE,20
NQ,mad_D_2.0,3,2.0,REAL,REJECTION_FIRST,345
NQ,mad_D_2.0,3,2.0,REAL,CONTINUATION_FIRST,332
NQ,mad_D_2.0,3,2.0,REAL,NEITHER_REACHED,224
NQ,mad_D_2.0,3,2.0,REAL,SAME_BAR_BARRIER_TIE,9
NQ,mad_D_2.0,3,2.0,SYNTHETIC,CONTINUATION_FIRST,331
NQ,mad_D_2.0,3,2.0,SYNTHETIC,REJECTION_FIRST,330
NQ,mad_D_2.0,3,2.0,SYNTHETIC,NEITHER_REACHED,243
NQ,mad_D_2.0,3,2.0,SYNTHETIC,SAME_BAR_BARRIER_TIE,7
NQ,mad_D_2.0,5,0.5,REAL,REJECTION_FIRST,335
NQ,mad_D_2.0,5,0.5,REAL,CONTINUATION_FIRST,312
NQ,mad_D_2.0,5,0.5,REAL,SAME_BAR_BARRIER_TIE,263
NQ,mad_D_2.0,5,0.5,SYNTHETIC,REJECTION_FIRST,338
NQ,mad_D_2.0,5,0.5,SYNTHETIC,CONTINUATION_FIRST,315
NQ,mad_D_2.0,5,0.5,SYNTHETIC,SAME_BAR_BARRIER_TIE,258
NQ,mad_D_2.0,5,1.0,REAL,REJECTION_FIRST,418
NQ,mad_D_2.0,5,1.0,REAL,CONTINUATION_FIRST,390
NQ,mad_D_2.0,5,1.0,REAL,SAME_BAR_BARRIER_TIE,92
NQ,mad_D_2.0,5,1.0,REAL,NEITHER_REACHED,10
NQ,mad_D_2.0,5,1.0,SYNTHETIC,REJECTION_FIRST,426
NQ,mad_D_2.0,5,1.0,SYNTHETIC,CONTINUATION_FIRST,391
NQ,mad_D_2.0,5,1.0,SYNTHETIC,SAME_BAR_BARRIER_TIE,87
NQ,mad_D_2.0,5,1.0,SYNTHETIC,NEITHER_REACHED,7
NQ,mad_D_2.0,5,1.5,REAL,CONTINUATION_FIRST,422
NQ,mad_D_2.0,5,1.5,REAL,REJECTION_FIRST,410
NQ,mad_D_2.0,5,1.5,REAL,NEITHER_REACHED,54
NQ,mad_D_2.0,5,1.5,REAL,SAME_BAR_BARRIER_TIE,24
NQ,mad_D_2.0,5,1.5,SYNTHETIC,CONTINUATION_FIRST,427
NQ,mad_D_2.0,5,1.5,SYNTHETIC,REJECTION_FIRST,416
NQ,mad_D_2.0,5,1.5,SYNTHETIC,NEITHER_REACHED,48
NQ,mad_D_2.0,5,1.5,SYNTHETIC,SAME_BAR_BARRIER_TIE,20
NQ,mad_D_2.0,5,2.0,REAL,REJECTION_FIRST,388
NQ,mad_D_2.0,5,2.0,REAL,CONTINUATION_FIRST,379
NQ,mad_D_2.0,5,2.0,REAL,NEITHER_REACHED,133
NQ,mad_D_2.0,5,2.0,REAL,SAME_BAR_BARRIER_TIE,10
NQ,mad_D_2.0,5,2.0,SYNTHETIC,CONTINUATION_FIRST,386
NQ,mad_D_2.0,5,2.0,SYNTHETIC,REJECTION_FIRST,376
NQ,mad_D_2.0,5,2.0,SYNTHETIC,NEITHER_REACHED,142
NQ,mad_D_2.0,5,2.0,SYNTHETIC,SAME_BAR_BARRIER_TIE,7
NQ,mad_D_2.0,10,0.5,REAL,REJECTION_FIRST,335
NQ,mad_D_2.0,10,0.5,REAL,CONTINUATION_FIRST,312
NQ,mad_D_2.0,10,0.5,REAL,SAME_BAR_BARRIER_TIE,263
NQ,mad_D_2.0,10,0.5,SYNTHETIC,REJECTION_FIRST,338
NQ,mad_D_2.0,10,0.5,SYNTHETIC,CONTINUATION_FIRST,315
NQ,mad_D_2.0,10,0.5,SYNTHETIC,SAME_BAR_BARRIER_TIE,258
NQ,mad_D_2.0,10,1.0,REAL,REJECTION_FIRST,420
NQ,mad_D_2.0,10,1.0,REAL,CONTINUATION_FIRST,395
NQ,mad_D_2.0,10,1.0,REAL,SAME_BAR_BARRIER_TIE,92
NQ,mad_D_2.0,10,1.0,REAL,NEITHER_REACHED,3
NQ,mad_D_2.0,10,1.0,SYNTHETIC,REJECTION_FIRST,429
NQ,mad_D_2.0,10,1.0,SYNTHETIC,CONTINUATION_FIRST,393
NQ,mad_D_2.0,10,1.0,SYNTHETIC,SAME_BAR_BARRIER_TIE,87
NQ,mad_D_2.0,10,1.0,SYNTHETIC,NEITHER_REACHED,2
NQ,mad_D_2.0,10,1.5,REAL,CONTINUATION_FIRST,444
NQ,mad_D_2.0,10,1.5,REAL,REJECTION_FIRST,428
NQ,mad_D_2.0,10,1.5,REAL,SAME_BAR_BARRIER_TIE,24
NQ,mad_D_2.0,10,1.5,REAL,NEITHER_REACHED,14
NQ,mad_D_2.0,10,1.5,SYNTHETIC,CONTINUATION_FIRST,444
NQ,mad_D_2.0,10,1.5,SYNTHETIC,REJECTION_FIRST,432
NQ,mad_D_2.0,10,1.5,SYNTHETIC,SAME_BAR_BARRIER_TIE,20
NQ,mad_D_2.0,10,1.5,SYNTHETIC,NEITHER_REACHED,15
NQ,mad_D_2.0,10,2.0,REAL,REJECTION_FIRST,435
NQ,mad_D_2.0,10,2.0,REAL,CONTINUATION_FIRST,416
NQ,mad_D_2.0,10,2.0,REAL,NEITHER_REACHED,49
NQ,mad_D_2.0,10,2.0,REAL,SAME_BAR_BARRIER_TIE,10
NQ,mad_D_2.0,10,2.0,SYNTHETIC,CONTINUATION_FIRST,425
NQ,mad_D_2.0,10,2.0,SYNTHETIC,REJECTION_FIRST,420
NQ,mad_D_2.0,10,2.0,SYNTHETIC,NEITHER_REACHED,59
NQ,mad_D_2.0,10,2.0,SYNTHETIC,SAME_BAR_BARRIER_TIE,7
NQ,mad_D_2.0,15,0.5,REAL,REJECTION_FIRST,335
NQ,mad_D_2.0,15,0.5,REAL,CONTINUATION_FIRST,312
NQ,mad_D_2.0,15,0.5,REAL,SAME_BAR_BARRIER_TIE,263
NQ,mad_D_2.0,15,0.5,SYNTHETIC,REJECTION_FIRST,338
NQ,mad_D_2.0,15,0.5,SYNTHETIC,CONTINUATION_FIRST,315
NQ,mad_D_2.0,15,0.5,SYNTHETIC,SAME_BAR_BARRIER_TIE,258
NQ,mad_D_2.0,15,1.0,REAL,REJECTION_FIRST,422
NQ,mad_D_2.0,15,1.0,REAL,CONTINUATION_FIRST,395
NQ,mad_D_2.0,15,1.0,REAL,SAME_BAR_BARRIER_TIE,92
NQ,mad_D_2.0,15,1.0,REAL,NEITHER_REACHED,1
NQ,mad_D_2.0,15,1.0,SYNTHETIC,REJECTION_FIRST,429
NQ,mad_D_2.0,15,1.0,SYNTHETIC,CONTINUATION_FIRST,393
NQ,mad_D_2.0,15,1.0,SYNTHETIC,SAME_BAR_BARRIER_TIE,87
NQ,mad_D_2.0,15,1.0,SYNTHETIC,NEITHER_REACHED,2
NQ,mad_D_2.0,15,1.5,REAL,CONTINUATION_FIRST,446
NQ,mad_D_2.0,15,1.5,REAL,REJECTION_FIRST,431
NQ,mad_D_2.0,15,1.5,REAL,SAME_BAR_BARRIER_TIE,24
NQ,mad_D_2.0,15,1.5,REAL,NEITHER_REACHED,9
NQ,mad_D_2.0,15,1.5,SYNTHETIC,CONTINUATION_FIRST,446
NQ,mad_D_2.0,15,1.5,SYNTHETIC,REJECTION_FIRST,437
NQ,mad_D_2.0,15,1.5,SYNTHETIC,SAME_BAR_BARRIER_TIE,20
NQ,mad_D_2.0,15,1.5,SYNTHETIC,NEITHER_REACHED,8
NQ,mad_D_2.0,15,2.0,REAL,REJECTION_FIRST,450
NQ,mad_D_2.0,15,2.0,REAL,CONTINUATION_FIRST,427
NQ,mad_D_2.0,15,2.0,REAL,NEITHER_REACHED,23
NQ,mad_D_2.0,15,2.0,REAL,SAME_BAR_BARRIER_TIE,10
NQ,mad_D_2.0,15,2.0,SYNTHETIC,CONTINUATION_FIRST,437
NQ,mad_D_2.0,15,2.0,SYNTHETIC,REJECTION_FIRST,436
NQ,mad_D_2.0,15,2.0,SYNTHETIC,NEITHER_REACHED,31
NQ,mad_D_2.0,15,2.0,SYNTHETIC,SAME_BAR_BARRIER_TIE,7
NQ,mad_U_1.0,1,0.5,REAL,CONTINUATION_FIRST,440
NQ,mad_U_1.0,1,0.5,REAL,REJECTION_FIRST,361
NQ,mad_U_1.0,1,0.5,REAL,SAME_BAR_BARRIER_TIE,257
NQ,mad_U_1.0,1,0.5,REAL,NEITHER_REACHED,25
NQ,mad_U_1.0,1,0.5,SYNTHETIC,CONTINUATION_FIRST,449
NQ,mad_U_1.0,1,0.5,SYNTHETIC,REJECTION_FIRST,360
NQ,mad_U_1.0,1,0.5,SYNTHETIC,SAME_BAR_BARRIER_TIE,248
NQ,mad_U_1.0,1,0.5,SYNTHETIC,NEITHER_REACHED,24
NQ,mad_U_1.0,1,1.0,REAL,CONTINUATION_FIRST,443
NQ,mad_U_1.0,1,1.0,REAL,REJECTION_FIRST,373
NQ,mad_U_1.0,1,1.0,REAL,NEITHER_REACHED,185
NQ,mad_U_1.0,1,1.0,REAL,SAME_BAR_BARRIER_TIE,82
NQ,mad_U_1.0,1,1.0,SYNTHETIC,CONTINUATION_FIRST,439
NQ,mad_U_1.0,1,1.0,SYNTHETIC,REJECTION_FIRST,366
NQ,mad_U_1.0,1,1.0,SYNTHETIC,NEITHER_REACHED,188
NQ,mad_U_1.0,1,1.0,SYNTHETIC,SAME_BAR_BARRIER_TIE,88
NQ,mad_U_1.0,1,1.5,REAL,NEITHER_REACHED,393
NQ,mad_U_1.0,1,1.5,REAL,CONTINUATION_FIRST,345
NQ,mad_U_1.0,1,1.5,REAL,REJECTION_FIRST,320
NQ,mad_U_1.0,1,1.5,REAL,SAME_BAR_BARRIER_TIE,25
NQ,mad_U_1.0,1,1.5,SYNTHETIC,NEITHER_REACHED,395
NQ,mad_U_1.0,1,1.5,SYNTHETIC,CONTINUATION_FIRST,342
NQ,mad_U_1.0,1,1.5,SYNTHETIC,REJECTION_FIRST,314
NQ,mad_U_1.0,1,1.5,SYNTHETIC,SAME_BAR_BARRIER_TIE,30
NQ,mad_U_1.0,1,2.0,REAL,NEITHER_REACHED,616
NQ,mad_U_1.0,1,2.0,REAL,REJECTION_FIRST,229
NQ,mad_U_1.0,1,2.0,REAL,CONTINUATION_FIRST,227
NQ,mad_U_1.0,1,2.0,REAL,SAME_BAR_BARRIER_TIE,11
NQ,mad_U_1.0,1,2.0,SYNTHETIC,NEITHER_REACHED,616
NQ,mad_U_1.0,1,2.0,SYNTHETIC,REJECTION_FIRST,231
NQ,mad_U_1.0,1,2.0,SYNTHETIC,CONTINUATION_FIRST,224
NQ,mad_U_1.0,1,2.0,SYNTHETIC,SAME_BAR_BARRIER_TIE,10
NQ,mad_U_1.0,3,0.5,REAL,CONTINUATION_FIRST,449
NQ,mad_U_1.0,3,0.5,REAL,REJECTION_FIRST,372
NQ,mad_U_1.0,3,0.5,REAL,SAME_BAR_BARRIER_TIE,257
NQ,mad_U_1.0,3,0.5,REAL,NEITHER_REACHED,5
NQ,mad_U_1.0,3,0.5,SYNTHETIC,CONTINUATION_FIRST,460
NQ,mad_U_1.0,3,0.5,SYNTHETIC,REJECTION_FIRST,365
NQ,mad_U_1.0,3,0.5,SYNTHETIC,SAME_BAR_BARRIER_TIE,250
NQ,mad_U_1.0,3,0.5,SYNTHETIC,NEITHER_REACHED,6
NQ,mad_U_1.0,3,1.0,REAL,CONTINUATION_FIRST,511
NQ,mad_U_1.0,3,1.0,REAL,REJECTION_FIRST,451
NQ,mad_U_1.0,3,1.0,REAL,SAME_BAR_BARRIER_TIE,85
NQ,mad_U_1.0,3,1.0,REAL,NEITHER_REACHED,36
NQ,mad_U_1.0,3,1.0,SYNTHETIC,CONTINUATION_FIRST,509
NQ,mad_U_1.0,3,1.0,SYNTHETIC,REJECTION_FIRST,442
NQ,mad_U_1.0,3,1.0,SYNTHETIC,SAME_BAR_BARRIER_TIE,91
NQ,mad_U_1.0,3,1.0,SYNTHETIC,NEITHER_REACHED,39
NQ,mad_U_1.0,3,1.5,REAL,CONTINUATION_FIRST,468
NQ,mad_U_1.0,3,1.5,REAL,REJECTION_FIRST,442
NQ,mad_U_1.0,3,1.5,REAL,NEITHER_REACHED,147
NQ,mad_U_1.0,3,1.5,REAL,SAME_BAR_BARRIER_TIE,26
NQ,mad_U_1.0,3,1.5,SYNTHETIC,CONTINUATION_FIRST,465
NQ,mad_U_1.0,3,1.5,SYNTHETIC,REJECTION_FIRST,444
NQ,mad_U_1.0,3,1.5,SYNTHETIC,NEITHER_REACHED,142
NQ,mad_U_1.0,3,1.5,SYNTHETIC,SAME_BAR_BARRIER_TIE,30
NQ,mad_U_1.0,3,2.0,REAL,REJECTION_FIRST,380
NQ,mad_U_1.0,3,2.0,REAL,CONTINUATION_FIRST,376
NQ,mad_U_1.0,3,2.0,REAL,NEITHER_REACHED,314
NQ,mad_U_1.0,3,2.0,REAL,SAME_BAR_BARRIER_TIE,13
NQ,mad_U_1.0,3,2.0,SYNTHETIC,CONTINUATION_FIRST,380
NQ,mad_U_1.0,3,2.0,SYNTHETIC,REJECTION_FIRST,376
NQ,mad_U_1.0,3,2.0,SYNTHETIC,NEITHER_REACHED,314
NQ,mad_U_1.0,3,2.0,SYNTHETIC,SAME_BAR_BARRIER_TIE,11
NQ,mad_U_1.0,5,0.5,REAL,CONTINUATION_FIRST,450
NQ,mad_U_1.0,5,0.5,REAL,REJECTION_FIRST,373
NQ,mad_U_1.0,5,0.5,REAL,SAME_BAR_BARRIER_TIE,257
NQ,mad_U_1.0,5,0.5,REAL,NEITHER_REACHED,3
NQ,mad_U_1.0,5,0.5,SYNTHETIC,CONTINUATION_FIRST,461
NQ,mad_U_1.0,5,0.5,SYNTHETIC,REJECTION_FIRST,366
NQ,mad_U_1.0,5,0.5,SYNTHETIC,SAME_BAR_BARRIER_TIE,250
NQ,mad_U_1.0,5,0.5,SYNTHETIC,NEITHER_REACHED,4
NQ,mad_U_1.0,5,1.0,REAL,CONTINUATION_FIRST,523
NQ,mad_U_1.0,5,1.0,REAL,REJECTION_FIRST,458
NQ,mad_U_1.0,5,1.0,REAL,SAME_BAR_BARRIER_TIE,85
NQ,mad_U_1.0,5,1.0,REAL,NEITHER_REACHED,17
NQ,mad_U_1.0,5,1.0,SYNTHETIC,CONTINUATION_FIRST,517
NQ,mad_U_1.0,5,1.0,SYNTHETIC,REJECTION_FIRST,450
NQ,mad_U_1.0,5,1.0,SYNTHETIC,SAME_BAR_BARRIER_TIE,91
NQ,mad_U_1.0,5,1.0,SYNTHETIC,NEITHER_REACHED,23
NQ,mad_U_1.0,5,1.5,REAL,CONTINUATION_FIRST,504
NQ,mad_U_1.0,5,1.5,REAL,REJECTION_FIRST,474
NQ,mad_U_1.0,5,1.5,REAL,NEITHER_REACHED,79
NQ,mad_U_1.0,5,1.5,REAL,SAME_BAR_BARRIER_TIE,26
NQ,mad_U_1.0,5,1.5,SYNTHETIC,CONTINUATION_FIRST,500
NQ,mad_U_1.0,5,1.5,SYNTHETIC,REJECTION_FIRST,476
NQ,mad_U_1.0,5,1.5,SYNTHETIC,NEITHER_REACHED,75
NQ,mad_U_1.0,5,1.5,SYNTHETIC,SAME_BAR_BARRIER_TIE,30
NQ,mad_U_1.0,5,2.0,REAL,CONTINUATION_FIRST,442
NQ,mad_U_1.0,5,2.0,REAL,REJECTION_FIRST,440
NQ,mad_U_1.0,5,2.0,REAL,NEITHER_REACHED,188
NQ,mad_U_1.0,5,2.0,REAL,SAME_BAR_BARRIER_TIE,13
NQ,mad_U_1.0,5,2.0,SYNTHETIC,CONTINUATION_FIRST,448
NQ,mad_U_1.0,5,2.0,SYNTHETIC,REJECTION_FIRST,439
NQ,mad_U_1.0,5,2.0,SYNTHETIC,NEITHER_REACHED,183
NQ,mad_U_1.0,5,2.0,SYNTHETIC,SAME_BAR_BARRIER_TIE,11
NQ,mad_U_1.0,10,0.5,REAL,CONTINUATION_FIRST,451
NQ,mad_U_1.0,10,0.5,REAL,REJECTION_FIRST,373
NQ,mad_U_1.0,10,0.5,REAL,SAME_BAR_BARRIER_TIE,257
NQ,mad_U_1.0,10,0.5,REAL,NEITHER_REACHED,2
NQ,mad_U_1.0,10,0.5,SYNTHETIC,CONTINUATION_FIRST,462
NQ,mad_U_1.0,10,0.5,SYNTHETIC,REJECTION_FIRST,367
NQ,mad_U_1.0,10,0.5,SYNTHETIC,SAME_BAR_BARRIER_TIE,250
NQ,mad_U_1.0,10,0.5,SYNTHETIC,NEITHER_REACHED,2
NQ,mad_U_1.0,10,1.0,REAL,CONTINUATION_FIRST,524
NQ,mad_U_1.0,10,1.0,REAL,REJECTION_FIRST,466
NQ,mad_U_1.0,10,1.0,REAL,SAME_BAR_BARRIER_TIE,85
NQ,mad_U_1.0,10,1.0,REAL,NEITHER_REACHED,8
NQ,mad_U_1.0,10,1.0,SYNTHETIC,CONTINUATION_FIRST,524
NQ,mad_U_1.0,10,1.0,SYNTHETIC,REJECTION_FIRST,457
NQ,mad_U_1.0,10,1.0,SYNTHETIC,SAME_BAR_BARRIER_TIE,91
NQ,mad_U_1.0,10,1.0,SYNTHETIC,NEITHER_REACHED,9
NQ,mad_U_1.0,10,1.5,REAL,CONTINUATION_FIRST,529
NQ,mad_U_1.0,10,1.5,REAL,REJECTION_FIRST,500
NQ,mad_U_1.0,10,1.5,REAL,SAME_BAR_BARRIER_TIE,27
NQ,mad_U_1.0,10,1.5,REAL,NEITHER_REACHED,27
NQ,mad_U_1.0,10,1.5,SYNTHETIC,CONTINUATION_FIRST,527
NQ,mad_U_1.0,10,1.5,SYNTHETIC,REJECTION_FIRST,497
NQ,mad_U_1.0,10,1.5,SYNTHETIC,SAME_BAR_BARRIER_TIE,31
NQ,mad_U_1.0,10,1.5,SYNTHETIC,NEITHER_REACHED,26
NQ,mad_U_1.0,10,2.0,REAL,CONTINUATION_FIRST,499
NQ,mad_U_1.0,10,2.0,REAL,REJECTION_FIRST,490
NQ,mad_U_1.0,10,2.0,REAL,NEITHER_REACHED,81
NQ,mad_U_1.0,10,2.0,REAL,SAME_BAR_BARRIER_TIE,13
NQ,mad_U_1.0,10,2.0,SYNTHETIC,CONTINUATION_FIRST,507
NQ,mad_U_1.0,10,2.0,SYNTHETIC,REJECTION_FIRST,487
NQ,mad_U_1.0,10,2.0,SYNTHETIC,NEITHER_REACHED,76
NQ,mad_U_1.0,10,2.0,SYNTHETIC,SAME_BAR_BARRIER_TIE,11
NQ,mad_U_1.0,15,0.5,REAL,CONTINUATION_FIRST,451
NQ,mad_U_1.0,15,0.5,REAL,REJECTION_FIRST,374
NQ,mad_U_1.0,15,0.5,REAL,SAME_BAR_BARRIER_TIE,257
NQ,mad_U_1.0,15,0.5,REAL,NEITHER_REACHED,1
NQ,mad_U_1.0,15,0.5,SYNTHETIC,CONTINUATION_FIRST,463
NQ,mad_U_1.0,15,0.5,SYNTHETIC,REJECTION_FIRST,368
NQ,mad_U_1.0,15,0.5,SYNTHETIC,SAME_BAR_BARRIER_TIE,250
NQ,mad_U_1.0,15,1.0,REAL,CONTINUATION_FIRST,525
NQ,mad_U_1.0,15,1.0,REAL,REJECTION_FIRST,467
NQ,mad_U_1.0,15,1.0,REAL,SAME_BAR_BARRIER_TIE,85
NQ,mad_U_1.0,15,1.0,REAL,NEITHER_REACHED,6
NQ,mad_U_1.0,15,1.0,SYNTHETIC,CONTINUATION_FIRST,525
NQ,mad_U_1.0,15,1.0,SYNTHETIC,REJECTION_FIRST,458
NQ,mad_U_1.0,15,1.0,SYNTHETIC,SAME_BAR_BARRIER_TIE,91
NQ,mad_U_1.0,15,1.0,SYNTHETIC,NEITHER_REACHED,7
NQ,mad_U_1.0,15,1.5,REAL,CONTINUATION_FIRST,534
NQ,mad_U_1.0,15,1.5,REAL,REJECTION_FIRST,503
NQ,mad_U_1.0,15,1.5,REAL,SAME_BAR_BARRIER_TIE,27
NQ,mad_U_1.0,15,1.5,REAL,NEITHER_REACHED,19
NQ,mad_U_1.0,15,1.5,SYNTHETIC,CONTINUATION_FIRST,531
NQ,mad_U_1.0,15,1.5,SYNTHETIC,REJECTION_FIRST,503
NQ,mad_U_1.0,15,1.5,SYNTHETIC,SAME_BAR_BARRIER_TIE,31
NQ,mad_U_1.0,15,1.5,SYNTHETIC,NEITHER_REACHED,16
NQ,mad_U_1.0,15,2.0,REAL,CONTINUATION_FIRST,519
NQ,mad_U_1.0,15,2.0,REAL,REJECTION_FIRST,504
NQ,mad_U_1.0,15,2.0,REAL,NEITHER_REACHED,47
NQ,mad_U_1.0,15,2.0,REAL,SAME_BAR_BARRIER_TIE,13
NQ,mad_U_1.0,15,2.0,SYNTHETIC,CONTINUATION_FIRST,524
NQ,mad_U_1.0,15,2.0,SYNTHETIC,REJECTION_FIRST,499
NQ,mad_U_1.0,15,2.0,SYNTHETIC,NEITHER_REACHED,47
NQ,mad_U_1.0,15,2.0,SYNTHETIC,SAME_BAR_BARRIER_TIE,11
NQ,mad_U_1.5,1,0.5,REAL,CONTINUATION_FIRST,404
NQ,mad_U_1.5,1,0.5,REAL,REJECTION_FIRST,324
NQ,mad_U_1.5,1,0.5,REAL,SAME_BAR_BARRIER_TIE,250
NQ,mad_U_1.5,1,0.5,REAL,NEITHER_REACHED,21
NQ,mad_U_1.5,1,0.5,SYNTHETIC,CONTINUATION_FIRST,394
NQ,mad_U_1.5,1,0.5,SYNTHETIC,REJECTION_FIRST,336
NQ,mad_U_1.5,1,0.5,SYNTHETIC,SAME_BAR_BARRIER_TIE,251
NQ,mad_U_1.5,1,0.5,SYNTHETIC,NEITHER_REACHED,21
NQ,mad_U_1.5,1,1.0,REAL,CONTINUATION_FIRST,402
NQ,mad_U_1.5,1,1.0,REAL,REJECTION_FIRST,313
NQ,mad_U_1.5,1,1.0,REAL,NEITHER_REACHED,214
NQ,mad_U_1.5,1,1.0,REAL,SAME_BAR_BARRIER_TIE,70
NQ,mad_U_1.5,1,1.0,SYNTHETIC,CONTINUATION_FIRST,394
NQ,mad_U_1.5,1,1.0,SYNTHETIC,REJECTION_FIRST,332
NQ,mad_U_1.5,1,1.0,SYNTHETIC,NEITHER_REACHED,204
NQ,mad_U_1.5,1,1.0,SYNTHETIC,SAME_BAR_BARRIER_TIE,72
NQ,mad_U_1.5,1,1.5,REAL,NEITHER_REACHED,443
NQ,mad_U_1.5,1,1.5,REAL,CONTINUATION_FIRST,286
NQ,mad_U_1.5,1,1.5,REAL,REJECTION_FIRST,248
NQ,mad_U_1.5,1,1.5,REAL,SAME_BAR_BARRIER_TIE,22
NQ,mad_U_1.5,1,1.5,SYNTHETIC,NEITHER_REACHED,424
NQ,mad_U_1.5,1,1.5,SYNTHETIC,CONTINUATION_FIRST,288
NQ,mad_U_1.5,1,1.5,SYNTHETIC,REJECTION_FIRST,269
NQ,mad_U_1.5,1,1.5,SYNTHETIC,SAME_BAR_BARRIER_TIE,21
NQ,mad_U_1.5,1,2.0,REAL,NEITHER_REACHED,600
NQ,mad_U_1.5,1,2.0,REAL,REJECTION_FIRST,196
NQ,mad_U_1.5,1,2.0,REAL,CONTINUATION_FIRST,192
NQ,mad_U_1.5,1,2.0,REAL,SAME_BAR_BARRIER_TIE,11
NQ,mad_U_1.5,1,2.0,SYNTHETIC,NEITHER_REACHED,588
NQ,mad_U_1.5,1,2.0,SYNTHETIC,CONTINUATION_FIRST,203
NQ,mad_U_1.5,1,2.0,SYNTHETIC,REJECTION_FIRST,200
NQ,mad_U_1.5,1,2.0,SYNTHETIC,SAME_BAR_BARRIER_TIE,11
NQ,mad_U_1.5,3,0.5,REAL,CONTINUATION_FIRST,414
NQ,mad_U_1.5,3,0.5,REAL,REJECTION_FIRST,330
NQ,mad_U_1.5,3,0.5,REAL,SAME_BAR_BARRIER_TIE,250
NQ,mad_U_1.5,3,0.5,REAL,NEITHER_REACHED,5
NQ,mad_U_1.5,3,0.5,SYNTHETIC,CONTINUATION_FIRST,406
NQ,mad_U_1.5,3,0.5,SYNTHETIC,REJECTION_FIRST,343
NQ,mad_U_1.5,3,0.5,SYNTHETIC,SAME_BAR_BARRIER_TIE,252
NQ,mad_U_1.5,3,0.5,SYNTHETIC,NEITHER_REACHED,1
NQ,mad_U_1.5,3,1.0,REAL,CONTINUATION_FIRST,484
NQ,mad_U_1.5,3,1.0,REAL,REJECTION_FIRST,400
NQ,mad_U_1.5,3,1.0,REAL,SAME_BAR_BARRIER_TIE,70
NQ,mad_U_1.5,3,1.0,REAL,NEITHER_REACHED,45
NQ,mad_U_1.5,3,1.0,SYNTHETIC,CONTINUATION_FIRST,478
NQ,mad_U_1.5,3,1.0,SYNTHETIC,REJECTION_FIRST,402
NQ,mad_U_1.5,3,1.0,SYNTHETIC,SAME_BAR_BARRIER_TIE,74
NQ,mad_U_1.5,3,1.0,SYNTHETIC,NEITHER_REACHED,48
NQ,mad_U_1.5,3,1.5,REAL,CONTINUATION_FIRST,414
NQ,mad_U_1.5,3,1.5,REAL,REJECTION_FIRST,375
NQ,mad_U_1.5,3,1.5,REAL,NEITHER_REACHED,186
NQ,mad_U_1.5,3,1.5,REAL,SAME_BAR_BARRIER_TIE,24
NQ,mad_U_1.5,3,1.5,SYNTHETIC,CONTINUATION_FIRST,405
NQ,mad_U_1.5,3,1.5,SYNTHETIC,REJECTION_FIRST,395
NQ,mad_U_1.5,3,1.5,SYNTHETIC,NEITHER_REACHED,178
NQ,mad_U_1.5,3,1.5,SYNTHETIC,SAME_BAR_BARRIER_TIE,24
NQ,mad_U_1.5,3,2.0,REAL,NEITHER_REACHED,336
NQ,mad_U_1.5,3,2.0,REAL,CONTINUATION_FIRST,329
NQ,mad_U_1.5,3,2.0,REAL,REJECTION_FIRST,322
NQ,mad_U_1.5,3,2.0,REAL,SAME_BAR_BARRIER_TIE,12
NQ,mad_U_1.5,3,2.0,SYNTHETIC,REJECTION_FIRST,338
NQ,mad_U_1.5,3,2.0,SYNTHETIC,NEITHER_REACHED,332
NQ,mad_U_1.5,3,2.0,SYNTHETIC,CONTINUATION_FIRST,321
NQ,mad_U_1.5,3,2.0,SYNTHETIC,SAME_BAR_BARRIER_TIE,11
NQ,mad_U_1.5,5,0.5,REAL,CONTINUATION_FIRST,415
NQ,mad_U_1.5,5,0.5,REAL,REJECTION_FIRST,330
NQ,mad_U_1.5,5,0.5,REAL,SAME_BAR_BARRIER_TIE,250
NQ,mad_U_1.5,5,0.5,REAL,NEITHER_REACHED,4
NQ,mad_U_1.5,5,0.5,SYNTHETIC,CONTINUATION_FIRST,407
NQ,mad_U_1.5,5,0.5,SYNTHETIC,REJECTION_FIRST,343
NQ,mad_U_1.5,5,0.5,SYNTHETIC,SAME_BAR_BARRIER_TIE,252
NQ,mad_U_1.5,5,1.0,REAL,CONTINUATION_FIRST,502
NQ,mad_U_1.5,5,1.0,REAL,REJECTION_FIRST,409
NQ,mad_U_1.5,5,1.0,REAL,SAME_BAR_BARRIER_TIE,70
NQ,mad_U_1.5,5,1.0,REAL,NEITHER_REACHED,18
NQ,mad_U_1.5,5,1.0,SYNTHETIC,CONTINUATION_FIRST,497
NQ,mad_U_1.5,5,1.0,SYNTHETIC,REJECTION_FIRST,412
NQ,mad_U_1.5,5,1.0,SYNTHETIC,SAME_BAR_BARRIER_TIE,74
NQ,mad_U_1.5,5,1.0,SYNTHETIC,NEITHER_REACHED,19
NQ,mad_U_1.5,5,1.5,REAL,CONTINUATION_FIRST,455
NQ,mad_U_1.5,5,1.5,REAL,REJECTION_FIRST,418
NQ,mad_U_1.5,5,1.5,REAL,NEITHER_REACHED,102
NQ,mad_U_1.5,5,1.5,REAL,SAME_BAR_BARRIER_TIE,24
NQ,mad_U_1.5,5,1.5,SYNTHETIC,CONTINUATION_FIRST,448
NQ,mad_U_1.5,5,1.5,SYNTHETIC,REJECTION_FIRST,436
NQ,mad_U_1.5,5,1.5,SYNTHETIC,NEITHER_REACHED,94
NQ,mad_U_1.5,5,1.5,SYNTHETIC,SAME_BAR_BARRIER_TIE,24
NQ,mad_U_1.5,5,2.0,REAL,REJECTION_FIRST,400
NQ,mad_U_1.5,5,2.0,REAL,CONTINUATION_FIRST,395
NQ,mad_U_1.5,5,2.0,REAL,NEITHER_REACHED,192
NQ,mad_U_1.5,5,2.0,REAL,SAME_BAR_BARRIER_TIE,12
NQ,mad_U_1.5,5,2.0,SYNTHETIC,REJECTION_FIRST,402
NQ,mad_U_1.5,5,2.0,SYNTHETIC,CONTINUATION_FIRST,390
NQ,mad_U_1.5,5,2.0,SYNTHETIC,NEITHER_REACHED,199
NQ,mad_U_1.5,5,2.0,SYNTHETIC,SAME_BAR_BARRIER_TIE,11
NQ,mad_U_1.5,10,0.5,REAL,CONTINUATION_FIRST,417
NQ,mad_U_1.5,10,0.5,REAL,REJECTION_FIRST,330
NQ,mad_U_1.5,10,0.5,REAL,SAME_BAR_BARRIER_TIE,250
NQ,mad_U_1.5,10,0.5,REAL,NEITHER_REACHED,2
NQ,mad_U_1.5,10,0.5,SYNTHETIC,CONTINUATION_FIRST,407
NQ,mad_U_1.5,10,0.5,SYNTHETIC,REJECTION_FIRST,343
NQ,mad_U_1.5,10,0.5,SYNTHETIC,SAME_BAR_BARRIER_TIE,252
NQ,mad_U_1.5,10,1.0,REAL,CONTINUATION_FIRST,510
NQ,mad_U_1.5,10,1.0,REAL,REJECTION_FIRST,413
NQ,mad_U_1.5,10,1.0,REAL,SAME_BAR_BARRIER_TIE,70
NQ,mad_U_1.5,10,1.0,REAL,NEITHER_REACHED,6
NQ,mad_U_1.5,10,1.0,SYNTHETIC,CONTINUATION_FIRST,503
NQ,mad_U_1.5,10,1.0,SYNTHETIC,REJECTION_FIRST,418
NQ,mad_U_1.5,10,1.0,SYNTHETIC,SAME_BAR_BARRIER_TIE,74
NQ,mad_U_1.5,10,1.0,SYNTHETIC,NEITHER_REACHED,7
NQ,mad_U_1.5,10,1.5,REAL,CONTINUATION_FIRST,491
NQ,mad_U_1.5,10,1.5,REAL,REJECTION_FIRST,452
NQ,mad_U_1.5,10,1.5,REAL,NEITHER_REACHED,32
NQ,mad_U_1.5,10,1.5,REAL,SAME_BAR_BARRIER_TIE,24
NQ,mad_U_1.5,10,1.5,SYNTHETIC,CONTINUATION_FIRST,483
NQ,mad_U_1.5,10,1.5,SYNTHETIC,REJECTION_FIRST,465
NQ,mad_U_1.5,10,1.5,SYNTHETIC,NEITHER_REACHED,30
NQ,mad_U_1.5,10,1.5,SYNTHETIC,SAME_BAR_BARRIER_TIE,24
NQ,mad_U_1.5,10,2.0,REAL,REJECTION_FIRST,454
NQ,mad_U_1.5,10,2.0,REAL,CONTINUATION_FIRST,449
NQ,mad_U_1.5,10,2.0,REAL,NEITHER_REACHED,84
NQ,mad_U_1.5,10,2.0,REAL,SAME_BAR_BARRIER_TIE,12
NQ,mad_U_1.5,10,2.0,SYNTHETIC,CONTINUATION_FIRST,453
NQ,mad_U_1.5,10,2.0,SYNTHETIC,REJECTION_FIRST,451
NQ,mad_U_1.5,10,2.0,SYNTHETIC,NEITHER_REACHED,87
NQ,mad_U_1.5,10,2.0,SYNTHETIC,SAME_BAR_BARRIER_TIE,11
NQ,mad_U_1.5,15,0.5,REAL,CONTINUATION_FIRST,418
NQ,mad_U_1.5,15,0.5,REAL,REJECTION_FIRST,330
NQ,mad_U_1.5,15,0.5,REAL,SAME_BAR_BARRIER_TIE,250
NQ,mad_U_1.5,15,0.5,REAL,NEITHER_REACHED,1
NQ,mad_U_1.5,15,0.5,SYNTHETIC,CONTINUATION_FIRST,407
NQ,mad_U_1.5,15,0.5,SYNTHETIC,REJECTION_FIRST,343
NQ,mad_U_1.5,15,0.5,SYNTHETIC,SAME_BAR_BARRIER_TIE,252
NQ,mad_U_1.5,15,1.0,REAL,CONTINUATION_FIRST,510
NQ,mad_U_1.5,15,1.0,REAL,REJECTION_FIRST,414
NQ,mad_U_1.5,15,1.0,REAL,SAME_BAR_BARRIER_TIE,70
NQ,mad_U_1.5,15,1.0,REAL,NEITHER_REACHED,5
NQ,mad_U_1.5,15,1.0,SYNTHETIC,CONTINUATION_FIRST,504
NQ,mad_U_1.5,15,1.0,SYNTHETIC,REJECTION_FIRST,419
NQ,mad_U_1.5,15,1.0,SYNTHETIC,SAME_BAR_BARRIER_TIE,74
NQ,mad_U_1.5,15,1.0,SYNTHETIC,NEITHER_REACHED,5
NQ,mad_U_1.5,15,1.5,REAL,CONTINUATION_FIRST,498
NQ,mad_U_1.5,15,1.5,REAL,REJECTION_FIRST,459
NQ,mad_U_1.5,15,1.5,REAL,SAME_BAR_BARRIER_TIE,24
NQ,mad_U_1.5,15,1.5,REAL,NEITHER_REACHED,18
NQ,mad_U_1.5,15,1.5,SYNTHETIC,CONTINUATION_FIRST,490
NQ,mad_U_1.5,15,1.5,SYNTHETIC,REJECTION_FIRST,472
NQ,mad_U_1.5,15,1.5,SYNTHETIC,SAME_BAR_BARRIER_TIE,24
NQ,mad_U_1.5,15,1.5,SYNTHETIC,NEITHER_REACHED,16
NQ,mad_U_1.5,15,2.0,REAL,REJECTION_FIRST,470
NQ,mad_U_1.5,15,2.0,REAL,CONTINUATION_FIRST,465
NQ,mad_U_1.5,15,2.0,REAL,NEITHER_REACHED,52
NQ,mad_U_1.5,15,2.0,REAL,SAME_BAR_BARRIER_TIE,12
NQ,mad_U_1.5,15,2.0,SYNTHETIC,CONTINUATION_FIRST,477
NQ,mad_U_1.5,15,2.0,SYNTHETIC,REJECTION_FIRST,465
NQ,mad_U_1.5,15,2.0,SYNTHETIC,NEITHER_REACHED,49
NQ,mad_U_1.5,15,2.0,SYNTHETIC,SAME_BAR_BARRIER_TIE,11
NQ,mad_U_2.0,1,0.5,REAL,CONTINUATION_FIRST,391
NQ,mad_U_2.0,1,0.5,REAL,REJECTION_FIRST,301
NQ,mad_U_2.0,1,0.5,REAL,SAME_BAR_BARRIER_TIE,214
NQ,mad_U_2.0,1,0.5,REAL,NEITHER_REACHED,25
NQ,mad_U_2.0,1,0.5,SYNTHETIC,CONTINUATION_FIRST,379
NQ,mad_U_2.0,1,0.5,SYNTHETIC,REJECTION_FIRST,306
NQ,mad_U_2.0,1,0.5,SYNTHETIC,SAME_BAR_BARRIER_TIE,222
NQ,mad_U_2.0,1,0.5,SYNTHETIC,NEITHER_REACHED,22
NQ,mad_U_2.0,1,1.0,REAL,CONTINUATION_FIRST,348
NQ,mad_U_2.0,1,1.0,REAL,REJECTION_FIRST,296
NQ,mad_U_2.0,1,1.0,REAL,NEITHER_REACHED,223
NQ,mad_U_2.0,1,1.0,REAL,SAME_BAR_BARRIER_TIE,64
NQ,mad_U_2.0,1,1.0,SYNTHETIC,CONTINUATION_FIRST,357
NQ,mad_U_2.0,1,1.0,SYNTHETIC,REJECTION_FIRST,297
NQ,mad_U_2.0,1,1.0,SYNTHETIC,NEITHER_REACHED,212
NQ,mad_U_2.0,1,1.0,SYNTHETIC,SAME_BAR_BARRIER_TIE,63
NQ,mad_U_2.0,1,1.5,REAL,NEITHER_REACHED,432
NQ,mad_U_2.0,1,1.5,REAL,CONTINUATION_FIRST,252
NQ,mad_U_2.0,1,1.5,REAL,REJECTION_FIRST,228
NQ,mad_U_2.0,1,1.5,REAL,SAME_BAR_BARRIER_TIE,19
NQ,mad_U_2.0,1,1.5,SYNTHETIC,NEITHER_REACHED,428
NQ,mad_U_2.0,1,1.5,SYNTHETIC,CONTINUATION_FIRST,262
NQ,mad_U_2.0,1,1.5,SYNTHETIC,REJECTION_FIRST,218
NQ,mad_U_2.0,1,1.5,SYNTHETIC,SAME_BAR_BARRIER_TIE,21
NQ,mad_U_2.0,1,2.0,REAL,NEITHER_REACHED,588
NQ,mad_U_2.0,1,2.0,REAL,CONTINUATION_FIRST,171
NQ,mad_U_2.0,1,2.0,REAL,REJECTION_FIRST,161
NQ,mad_U_2.0,1,2.0,REAL,SAME_BAR_BARRIER_TIE,11
NQ,mad_U_2.0,1,2.0,SYNTHETIC,NEITHER_REACHED,587
NQ,mad_U_2.0,1,2.0,SYNTHETIC,REJECTION_FIRST,166
NQ,mad_U_2.0,1,2.0,SYNTHETIC,CONTINUATION_FIRST,165
NQ,mad_U_2.0,1,2.0,SYNTHETIC,SAME_BAR_BARRIER_TIE,11
NQ,mad_U_2.0,3,0.5,REAL,CONTINUATION_FIRST,402
NQ,mad_U_2.0,3,0.5,REAL,REJECTION_FIRST,314
NQ,mad_U_2.0,3,0.5,REAL,SAME_BAR_BARRIER_TIE,214
NQ,mad_U_2.0,3,0.5,REAL,NEITHER_REACHED,1
NQ,mad_U_2.0,3,0.5,SYNTHETIC,CONTINUATION_FIRST,389
NQ,mad_U_2.0,3,0.5,SYNTHETIC,REJECTION_FIRST,314
NQ,mad_U_2.0,3,0.5,SYNTHETIC,SAME_BAR_BARRIER_TIE,223
NQ,mad_U_2.0,3,0.5,SYNTHETIC,NEITHER_REACHED,3
NQ,mad_U_2.0,3,1.0,REAL,CONTINUATION_FIRST,423
NQ,mad_U_2.0,3,1.0,REAL,REJECTION_FIRST,382
NQ,mad_U_2.0,3,1.0,REAL,SAME_BAR_BARRIER_TIE,65
NQ,mad_U_2.0,3,1.0,REAL,NEITHER_REACHED,61
NQ,mad_U_2.0,3,1.0,SYNTHETIC,CONTINUATION_FIRST,434
NQ,mad_U_2.0,3,1.0,SYNTHETIC,REJECTION_FIRST,369
NQ,mad_U_2.0,3,1.0,SYNTHETIC,SAME_BAR_BARRIER_TIE,65
NQ,mad_U_2.0,3,1.0,SYNTHETIC,NEITHER_REACHED,61
NQ,mad_U_2.0,3,1.5,REAL,CONTINUATION_FIRST,372
NQ,mad_U_2.0,3,1.5,REAL,REJECTION_FIRST,352
NQ,mad_U_2.0,3,1.5,REAL,NEITHER_REACHED,185
NQ,mad_U_2.0,3,1.5,REAL,SAME_BAR_BARRIER_TIE,22
NQ,mad_U_2.0,3,1.5,SYNTHETIC,CONTINUATION_FIRST,381
NQ,mad_U_2.0,3,1.5,SYNTHETIC,REJECTION_FIRST,331
NQ,mad_U_2.0,3,1.5,SYNTHETIC,NEITHER_REACHED,195
NQ,mad_U_2.0,3,1.5,SYNTHETIC,SAME_BAR_BARRIER_TIE,22
NQ,mad_U_2.0,3,2.0,REAL,NEITHER_REACHED,342
NQ,mad_U_2.0,3,2.0,REAL,CONTINUATION_FIRST,293
NQ,mad_U_2.0,3,2.0,REAL,REJECTION_FIRST,285
NQ,mad_U_2.0,3,2.0,REAL,SAME_BAR_BARRIER_TIE,11
NQ,mad_U_2.0,3,2.0,SYNTHETIC,NEITHER_REACHED,346
NQ,mad_U_2.0,3,2.0,SYNTHETIC,CONTINUATION_FIRST,288
NQ,mad_U_2.0,3,2.0,SYNTHETIC,REJECTION_FIRST,284
NQ,mad_U_2.0,3,2.0,SYNTHETIC,SAME_BAR_BARRIER_TIE,11
NQ,mad_U_2.0,5,0.5,REAL,CONTINUATION_FIRST,403
NQ,mad_U_2.0,5,0.5,REAL,REJECTION_FIRST,314
NQ,mad_U_2.0,5,0.5,REAL,SAME_BAR_BARRIER_TIE,214
NQ,mad_U_2.0,5,0.5,SYNTHETIC,CONTINUATION_FIRST,390
NQ,mad_U_2.0,5,0.5,SYNTHETIC,REJECTION_FIRST,314
NQ,mad_U_2.0,5,0.5,SYNTHETIC,SAME_BAR_BARRIER_TIE,223
NQ,mad_U_2.0,5,0.5,SYNTHETIC,NEITHER_REACHED,2
NQ,mad_U_2.0,5,1.0,REAL,CONTINUATION_FIRST,445
NQ,mad_U_2.0,5,1.0,REAL,REJECTION_FIRST,400
NQ,mad_U_2.0,5,1.0,REAL,SAME_BAR_BARRIER_TIE,66
NQ,mad_U_2.0,5,1.0,REAL,NEITHER_REACHED,20
NQ,mad_U_2.0,5,1.0,SYNTHETIC,CONTINUATION_FIRST,453
NQ,mad_U_2.0,5,1.0,SYNTHETIC,REJECTION_FIRST,389
NQ,mad_U_2.0,5,1.0,SYNTHETIC,SAME_BAR_BARRIER_TIE,66
NQ,mad_U_2.0,5,1.0,SYNTHETIC,NEITHER_REACHED,21
NQ,mad_U_2.0,5,1.5,REAL,CONTINUATION_FIRST,419
NQ,mad_U_2.0,5,1.5,REAL,REJECTION_FIRST,398
NQ,mad_U_2.0,5,1.5,REAL,NEITHER_REACHED,92
NQ,mad_U_2.0,5,1.5,REAL,SAME_BAR_BARRIER_TIE,22
NQ,mad_U_2.0,5,1.5,SYNTHETIC,CONTINUATION_FIRST,429
NQ,mad_U_2.0,5,1.5,SYNTHETIC,REJECTION_FIRST,383
NQ,mad_U_2.0,5,1.5,SYNTHETIC,NEITHER_REACHED,95
NQ,mad_U_2.0,5,1.5,SYNTHETIC,SAME_BAR_BARRIER_TIE,22
NQ,mad_U_2.0,5,2.0,REAL,CONTINUATION_FIRST,362
NQ,mad_U_2.0,5,2.0,REAL,REJECTION_FIRST,352
NQ,mad_U_2.0,5,2.0,REAL,NEITHER_REACHED,206
NQ,mad_U_2.0,5,2.0,REAL,SAME_BAR_BARRIER_TIE,11
NQ,mad_U_2.0,5,2.0,SYNTHETIC,CONTINUATION_FIRST,361
NQ,mad_U_2.0,5,2.0,SYNTHETIC,REJECTION_FIRST,353
NQ,mad_U_2.0,5,2.0,SYNTHETIC,NEITHER_REACHED,204
NQ,mad_U_2.0,5,2.0,SYNTHETIC,SAME_BAR_BARRIER_TIE,11
NQ,mad_U_2.0,10,0.5,REAL,CONTINUATION_FIRST,403
NQ,mad_U_2.0,10,0.5,REAL,REJECTION_FIRST,314
NQ,mad_U_2.0,10,0.5,REAL,SAME_BAR_BARRIER_TIE,214
NQ,mad_U_2.0,10,0.5,SYNTHETIC,CONTINUATION_FIRST,391
NQ,mad_U_2.0,10,0.5,SYNTHETIC,REJECTION_FIRST,314
NQ,mad_U_2.0,10,0.5,SYNTHETIC,SAME_BAR_BARRIER_TIE,223
NQ,mad_U_2.0,10,0.5,SYNTHETIC,NEITHER_REACHED,1
NQ,mad_U_2.0,10,1.0,REAL,CONTINUATION_FIRST,451
NQ,mad_U_2.0,10,1.0,REAL,REJECTION_FIRST,408
NQ,mad_U_2.0,10,1.0,REAL,SAME_BAR_BARRIER_TIE,66
NQ,mad_U_2.0,10,1.0,REAL,NEITHER_REACHED,6
NQ,mad_U_2.0,10,1.0,SYNTHETIC,CONTINUATION_FIRST,459
NQ,mad_U_2.0,10,1.0,SYNTHETIC,REJECTION_FIRST,398
NQ,mad_U_2.0,10,1.0,SYNTHETIC,SAME_BAR_BARRIER_TIE,66
NQ,mad_U_2.0,10,1.0,SYNTHETIC,NEITHER_REACHED,6
NQ,mad_U_2.0,10,1.5,REAL,CONTINUATION_FIRST,453
NQ,mad_U_2.0,10,1.5,REAL,REJECTION_FIRST,426
NQ,mad_U_2.0,10,1.5,REAL,NEITHER_REACHED,30
NQ,mad_U_2.0,10,1.5,REAL,SAME_BAR_BARRIER_TIE,22
NQ,mad_U_2.0,10,1.5,SYNTHETIC,CONTINUATION_FIRST,455
NQ,mad_U_2.0,10,1.5,SYNTHETIC,REJECTION_FIRST,416
NQ,mad_U_2.0,10,1.5,SYNTHETIC,NEITHER_REACHED,36
NQ,mad_U_2.0,10,1.5,SYNTHETIC,SAME_BAR_BARRIER_TIE,22
NQ,mad_U_2.0,10,2.0,REAL,CONTINUATION_FIRST,417
NQ,mad_U_2.0,10,2.0,REAL,REJECTION_FIRST,414
NQ,mad_U_2.0,10,2.0,REAL,NEITHER_REACHED,89
NQ,mad_U_2.0,10,2.0,REAL,SAME_BAR_BARRIER_TIE,11
NQ,mad_U_2.0,10,2.0,SYNTHETIC,REJECTION_FIRST,418
NQ,mad_U_2.0,10,2.0,SYNTHETIC,CONTINUATION_FIRST,413
NQ,mad_U_2.0,10,2.0,SYNTHETIC,NEITHER_REACHED,87
NQ,mad_U_2.0,10,2.0,SYNTHETIC,SAME_BAR_BARRIER_TIE,11
NQ,mad_U_2.0,15,0.5,REAL,CONTINUATION_FIRST,403
NQ,mad_U_2.0,15,0.5,REAL,REJECTION_FIRST,314
NQ,mad_U_2.0,15,0.5,REAL,SAME_BAR_BARRIER_TIE,214
NQ,mad_U_2.0,15,0.5,SYNTHETIC,CONTINUATION_FIRST,391
NQ,mad_U_2.0,15,0.5,SYNTHETIC,REJECTION_FIRST,315
NQ,mad_U_2.0,15,0.5,SYNTHETIC,SAME_BAR_BARRIER_TIE,223
NQ,mad_U_2.0,15,1.0,REAL,CONTINUATION_FIRST,452
NQ,mad_U_2.0,15,1.0,REAL,REJECTION_FIRST,409
NQ,mad_U_2.0,15,1.0,REAL,SAME_BAR_BARRIER_TIE,66
NQ,mad_U_2.0,15,1.0,REAL,NEITHER_REACHED,4
NQ,mad_U_2.0,15,1.0,SYNTHETIC,CONTINUATION_FIRST,460
NQ,mad_U_2.0,15,1.0,SYNTHETIC,REJECTION_FIRST,398
NQ,mad_U_2.0,15,1.0,SYNTHETIC,SAME_BAR_BARRIER_TIE,66
NQ,mad_U_2.0,15,1.0,SYNTHETIC,NEITHER_REACHED,5
NQ,mad_U_2.0,15,1.5,REAL,CONTINUATION_FIRST,463
NQ,mad_U_2.0,15,1.5,REAL,REJECTION_FIRST,431
NQ,mad_U_2.0,15,1.5,REAL,SAME_BAR_BARRIER_TIE,22
NQ,mad_U_2.0,15,1.5,REAL,NEITHER_REACHED,15
NQ,mad_U_2.0,15,1.5,SYNTHETIC,CONTINUATION_FIRST,468
NQ,mad_U_2.0,15,1.5,SYNTHETIC,REJECTION_FIRST,423
NQ,mad_U_2.0,15,1.5,SYNTHETIC,SAME_BAR_BARRIER_TIE,22
NQ,mad_U_2.0,15,1.5,SYNTHETIC,NEITHER_REACHED,16
NQ,mad_U_2.0,15,2.0,REAL,CONTINUATION_FIRST,442
NQ,mad_U_2.0,15,2.0,REAL,REJECTION_FIRST,430
NQ,mad_U_2.0,15,2.0,REAL,NEITHER_REACHED,48
NQ,mad_U_2.0,15,2.0,REAL,SAME_BAR_BARRIER_TIE,11
NQ,mad_U_2.0,15,2.0,SYNTHETIC,REJECTION_FIRST,436
NQ,mad_U_2.0,15,2.0,SYNTHETIC,CONTINUATION_FIRST,432
NQ,mad_U_2.0,15,2.0,SYNTHETIC,NEITHER_REACHED,50
NQ,mad_U_2.0,15,2.0,SYNTHETIC,SAME_BAR_BARRIER_TIE,11
NQ,mult_D_0.5,1,0.5,REAL,REJECTION_FIRST,415
NQ,mult_D_0.5,1,0.5,REAL,SAME_BAR_BARRIER_TIE,349
NQ,mult_D_0.5,1,0.5,REAL,CONTINUATION_FIRST,344
NQ,mult_D_0.5,1,0.5,REAL,NEITHER_REACHED,13
NQ,mult_D_0.5,1,0.5,SYNTHETIC,REJECTION_FIRST,409
NQ,mult_D_0.5,1,0.5,SYNTHETIC,CONTINUATION_FIRST,352
NQ,mult_D_0.5,1,0.5,SYNTHETIC,SAME_BAR_BARRIER_TIE,309
NQ,mult_D_0.5,1,0.5,SYNTHETIC,NEITHER_REACHED,7
NQ,mult_D_0.5,1,1.0,REAL,REJECTION_FIRST,476
NQ,mult_D_0.5,1,1.0,REAL,CONTINUATION_FIRST,403
NQ,mult_D_0.5,1,1.0,REAL,SAME_BAR_BARRIER_TIE,139
NQ,mult_D_0.5,1,1.0,REAL,NEITHER_REACHED,103
NQ,mult_D_0.5,1,1.0,SYNTHETIC,REJECTION_FIRST,461
NQ,mult_D_0.5,1,1.0,SYNTHETIC,CONTINUATION_FIRST,393
NQ,mult_D_0.5,1,1.0,SYNTHETIC,SAME_BAR_BARRIER_TIE,116
NQ,mult_D_0.5,1,1.0,SYNTHETIC,NEITHER_REACHED,107
NQ,mult_D_0.5,1,1.5,REAL,REJECTION_FIRST,430
NQ,mult_D_0.5,1,1.5,REAL,CONTINUATION_FIRST,345
NQ,mult_D_0.5,1,1.5,REAL,NEITHER_REACHED,297
NQ,mult_D_0.5,1,1.5,REAL,SAME_BAR_BARRIER_TIE,49
NQ,mult_D_0.5,1,1.5,SYNTHETIC,REJECTION_FIRST,402
NQ,mult_D_0.5,1,1.5,SYNTHETIC,CONTINUATION_FIRST,335
NQ,mult_D_0.5,1,1.5,SYNTHETIC,NEITHER_REACHED,300
NQ,mult_D_0.5,1,1.5,SYNTHETIC,SAME_BAR_BARRIER_TIE,40
NQ,mult_D_0.5,1,2.0,REAL,NEITHER_REACHED,494
NQ,mult_D_0.5,1,2.0,REAL,REJECTION_FIRST,349
NQ,mult_D_0.5,1,2.0,REAL,CONTINUATION_FIRST,260
NQ,mult_D_0.5,1,2.0,REAL,SAME_BAR_BARRIER_TIE,18
NQ,mult_D_0.5,1,2.0,SYNTHETIC,NEITHER_REACHED,499
NQ,mult_D_0.5,1,2.0,SYNTHETIC,REJECTION_FIRST,318
NQ,mult_D_0.5,1,2.0,SYNTHETIC,CONTINUATION_FIRST,243
NQ,mult_D_0.5,1,2.0,SYNTHETIC,SAME_BAR_BARRIER_TIE,17
NQ,mult_D_0.5,3,0.5,REAL,REJECTION_FIRST,420
NQ,mult_D_0.5,3,0.5,REAL,SAME_BAR_BARRIER_TIE,349
NQ,mult_D_0.5,3,0.5,REAL,CONTINUATION_FIRST,346
NQ,mult_D_0.5,3,0.5,REAL,NEITHER_REACHED,6
NQ,mult_D_0.5,3,0.5,SYNTHETIC,REJECTION_FIRST,409
NQ,mult_D_0.5,3,0.5,SYNTHETIC,CONTINUATION_FIRST,353
NQ,mult_D_0.5,3,0.5,SYNTHETIC,SAME_BAR_BARRIER_TIE,309
NQ,mult_D_0.5,3,0.5,SYNTHETIC,NEITHER_REACHED,6
NQ,mult_D_0.5,3,1.0,REAL,REJECTION_FIRST,514
NQ,mult_D_0.5,3,1.0,REAL,CONTINUATION_FIRST,441
NQ,mult_D_0.5,3,1.0,REAL,SAME_BAR_BARRIER_TIE,143
NQ,mult_D_0.5,3,1.0,REAL,NEITHER_REACHED,23
NQ,mult_D_0.5,3,1.0,SYNTHETIC,REJECTION_FIRST,499
NQ,mult_D_0.5,3,1.0,SYNTHETIC,CONTINUATION_FIRST,438
NQ,mult_D_0.5,3,1.0,SYNTHETIC,SAME_BAR_BARRIER_TIE,116
NQ,mult_D_0.5,3,1.0,SYNTHETIC,NEITHER_REACHED,24
NQ,mult_D_0.5,3,1.5,REAL,REJECTION_FIRST,530
NQ,mult_D_0.5,3,1.5,REAL,CONTINUATION_FIRST,447
NQ,mult_D_0.5,3,1.5,REAL,NEITHER_REACHED,92
NQ,mult_D_0.5,3,1.5,REAL,SAME_BAR_BARRIER_TIE,52
NQ,mult_D_0.5,3,1.5,SYNTHETIC,REJECTION_FIRST,488
NQ,mult_D_0.5,3,1.5,SYNTHETIC,CONTINUATION_FIRST,448
NQ,mult_D_0.5,3,1.5,SYNTHETIC,NEITHER_REACHED,98
NQ,mult_D_0.5,3,1.5,SYNTHETIC,SAME_BAR_BARRIER_TIE,43
NQ,mult_D_0.5,3,2.0,REAL,REJECTION_FIRST,491
NQ,mult_D_0.5,3,2.0,REAL,CONTINUATION_FIRST,401
NQ,mult_D_0.5,3,2.0,REAL,NEITHER_REACHED,210
NQ,mult_D_0.5,3,2.0,REAL,SAME_BAR_BARRIER_TIE,19
NQ,mult_D_0.5,3,2.0,SYNTHETIC,REJECTION_FIRST,447
NQ,mult_D_0.5,3,2.0,SYNTHETIC,CONTINUATION_FIRST,383
NQ,mult_D_0.5,3,2.0,SYNTHETIC,NEITHER_REACHED,229
NQ,mult_D_0.5,3,2.0,SYNTHETIC,SAME_BAR_BARRIER_TIE,18
NQ,mult_D_0.5,5,0.5,REAL,REJECTION_FIRST,423
NQ,mult_D_0.5,5,0.5,REAL,SAME_BAR_BARRIER_TIE,349
NQ,mult_D_0.5,5,0.5,REAL,CONTINUATION_FIRST,346
NQ,mult_D_0.5,5,0.5,REAL,NEITHER_REACHED,3
NQ,mult_D_0.5,5,0.5,SYNTHETIC,REJECTION_FIRST,410
NQ,mult_D_0.5,5,0.5,SYNTHETIC,CONTINUATION_FIRST,354
NQ,mult_D_0.5,5,0.5,SYNTHETIC,SAME_BAR_BARRIER_TIE,309
NQ,mult_D_0.5,5,0.5,SYNTHETIC,NEITHER_REACHED,4
NQ,mult_D_0.5,5,1.0,REAL,REJECTION_FIRST,521
NQ,mult_D_0.5,5,1.0,REAL,CONTINUATION_FIRST,444
NQ,mult_D_0.5,5,1.0,REAL,SAME_BAR_BARRIER_TIE,143
NQ,mult_D_0.5,5,1.0,REAL,NEITHER_REACHED,13
NQ,mult_D_0.5,5,1.0,SYNTHETIC,REJECTION_FIRST,506
NQ,mult_D_0.5,5,1.0,SYNTHETIC,CONTINUATION_FIRST,444
NQ,mult_D_0.5,5,1.0,SYNTHETIC,SAME_BAR_BARRIER_TIE,116
NQ,mult_D_0.5,5,1.0,SYNTHETIC,NEITHER_REACHED,11
NQ,mult_D_0.5,5,1.5,REAL,REJECTION_FIRST,549
NQ,mult_D_0.5,5,1.5,REAL,CONTINUATION_FIRST,470
NQ,mult_D_0.5,5,1.5,REAL,SAME_BAR_BARRIER_TIE,52
NQ,mult_D_0.5,5,1.5,REAL,NEITHER_REACHED,50
NQ,mult_D_0.5,5,1.5,SYNTHETIC,REJECTION_FIRST,506
NQ,mult_D_0.5,5,1.5,SYNTHETIC,CONTINUATION_FIRST,471
NQ,mult_D_0.5,5,1.5,SYNTHETIC,NEITHER_REACHED,57
NQ,mult_D_0.5,5,1.5,SYNTHETIC,SAME_BAR_BARRIER_TIE,43
NQ,mult_D_0.5,5,2.0,REAL,REJECTION_FIRST,530
NQ,mult_D_0.5,5,2.0,REAL,CONTINUATION_FIRST,447
NQ,mult_D_0.5,5,2.0,REAL,NEITHER_REACHED,125
NQ,mult_D_0.5,5,2.0,REAL,SAME_BAR_BARRIER_TIE,19
NQ,mult_D_0.5,5,2.0,SYNTHETIC,REJECTION_FIRST,493
NQ,mult_D_0.5,5,2.0,SYNTHETIC,CONTINUATION_FIRST,439
NQ,mult_D_0.5,5,2.0,SYNTHETIC,NEITHER_REACHED,127
NQ,mult_D_0.5,5,2.0,SYNTHETIC,SAME_BAR_BARRIER_TIE,18
NQ,mult_D_0.5,10,0.5,REAL,REJECTION_FIRST,423
NQ,mult_D_0.5,10,0.5,REAL,SAME_BAR_BARRIER_TIE,349
NQ,mult_D_0.5,10,0.5,REAL,CONTINUATION_FIRST,347
NQ,mult_D_0.5,10,0.5,REAL,NEITHER_REACHED,2
NQ,mult_D_0.5,10,0.5,SYNTHETIC,REJECTION_FIRST,411
NQ,mult_D_0.5,10,0.5,SYNTHETIC,CONTINUATION_FIRST,355
NQ,mult_D_0.5,10,0.5,SYNTHETIC,SAME_BAR_BARRIER_TIE,309
NQ,mult_D_0.5,10,0.5,SYNTHETIC,NEITHER_REACHED,2
NQ,mult_D_0.5,10,1.0,REAL,REJECTION_FIRST,526
NQ,mult_D_0.5,10,1.0,REAL,CONTINUATION_FIRST,446
NQ,mult_D_0.5,10,1.0,REAL,SAME_BAR_BARRIER_TIE,143
NQ,mult_D_0.5,10,1.0,REAL,NEITHER_REACHED,6
NQ,mult_D_0.5,10,1.0,SYNTHETIC,REJECTION_FIRST,509
NQ,mult_D_0.5,10,1.0,SYNTHETIC,CONTINUATION_FIRST,445
NQ,mult_D_0.5,10,1.0,SYNTHETIC,SAME_BAR_BARRIER_TIE,116
NQ,mult_D_0.5,10,1.0,SYNTHETIC,NEITHER_REACHED,7
NQ,mult_D_0.5,10,1.5,REAL,REJECTION_FIRST,566
NQ,mult_D_0.5,10,1.5,REAL,CONTINUATION_FIRST,481
NQ,mult_D_0.5,10,1.5,REAL,SAME_BAR_BARRIER_TIE,52
NQ,mult_D_0.5,10,1.5,REAL,NEITHER_REACHED,22
NQ,mult_D_0.5,10,1.5,SYNTHETIC,REJECTION_FIRST,528
NQ,mult_D_0.5,10,1.5,SYNTHETIC,CONTINUATION_FIRST,487
NQ,mult_D_0.5,10,1.5,SYNTHETIC,SAME_BAR_BARRIER_TIE,43
NQ,mult_D_0.5,10,1.5,SYNTHETIC,NEITHER_REACHED,19
NQ,mult_D_0.5,10,2.0,REAL,REJECTION_FIRST,566
NQ,mult_D_0.5,10,2.0,REAL,CONTINUATION_FIRST,478
NQ,mult_D_0.5,10,2.0,REAL,NEITHER_REACHED,58
NQ,mult_D_0.5,10,2.0,REAL,SAME_BAR_BARRIER_TIE,19
NQ,mult_D_0.5,10,2.0,SYNTHETIC,REJECTION_FIRST,528
NQ,mult_D_0.5,10,2.0,SYNTHETIC,CONTINUATION_FIRST,478
NQ,mult_D_0.5,10,2.0,SYNTHETIC,NEITHER_REACHED,53
NQ,mult_D_0.5,10,2.0,SYNTHETIC,SAME_BAR_BARRIER_TIE,18
NQ,mult_D_0.5,15,0.5,REAL,REJECTION_FIRST,423
NQ,mult_D_0.5,15,0.5,REAL,SAME_BAR_BARRIER_TIE,349
NQ,mult_D_0.5,15,0.5,REAL,CONTINUATION_FIRST,348
NQ,mult_D_0.5,15,0.5,REAL,NEITHER_REACHED,1
NQ,mult_D_0.5,15,0.5,SYNTHETIC,REJECTION_FIRST,411
NQ,mult_D_0.5,15,0.5,SYNTHETIC,CONTINUATION_FIRST,355
NQ,mult_D_0.5,15,0.5,SYNTHETIC,SAME_BAR_BARRIER_TIE,309
NQ,mult_D_0.5,15,0.5,SYNTHETIC,NEITHER_REACHED,2
NQ,mult_D_0.5,15,1.0,REAL,REJECTION_FIRST,526
NQ,mult_D_0.5,15,1.0,REAL,CONTINUATION_FIRST,446
NQ,mult_D_0.5,15,1.0,REAL,SAME_BAR_BARRIER_TIE,143
NQ,mult_D_0.5,15,1.0,REAL,NEITHER_REACHED,6
NQ,mult_D_0.5,15,1.0,SYNTHETIC,REJECTION_FIRST,510
NQ,mult_D_0.5,15,1.0,SYNTHETIC,CONTINUATION_FIRST,445
NQ,mult_D_0.5,15,1.0,SYNTHETIC,SAME_BAR_BARRIER_TIE,116
NQ,mult_D_0.5,15,1.0,SYNTHETIC,NEITHER_REACHED,6
NQ,mult_D_0.5,15,1.5,REAL,REJECTION_FIRST,571
NQ,mult_D_0.5,15,1.5,REAL,CONTINUATION_FIRST,485
NQ,mult_D_0.5,15,1.5,REAL,SAME_BAR_BARRIER_TIE,52
NQ,mult_D_0.5,15,1.5,REAL,NEITHER_REACHED,13
NQ,mult_D_0.5,15,1.5,SYNTHETIC,REJECTION_FIRST,531
NQ,mult_D_0.5,15,1.5,SYNTHETIC,CONTINUATION_FIRST,490
NQ,mult_D_0.5,15,1.5,SYNTHETIC,SAME_BAR_BARRIER_TIE,43
NQ,mult_D_0.5,15,1.5,SYNTHETIC,NEITHER_REACHED,13
NQ,mult_D_0.5,15,2.0,REAL,REJECTION_FIRST,581
NQ,mult_D_0.5,15,2.0,REAL,CONTINUATION_FIRST,486
NQ,mult_D_0.5,15,2.0,REAL,NEITHER_REACHED,35
NQ,mult_D_0.5,15,2.0,REAL,SAME_BAR_BARRIER_TIE,19
NQ,mult_D_0.5,15,2.0,SYNTHETIC,REJECTION_FIRST,543
NQ,mult_D_0.5,15,2.0,SYNTHETIC,CONTINUATION_FIRST,486
NQ,mult_D_0.5,15,2.0,SYNTHETIC,NEITHER_REACHED,30
NQ,mult_D_0.5,15,2.0,SYNTHETIC,SAME_BAR_BARRIER_TIE,18
NQ,mult_D_1.0,1,0.5,REAL,REJECTION_FIRST,397
NQ,mult_D_1.0,1,0.5,REAL,CONTINUATION_FIRST,329
NQ,mult_D_1.0,1,0.5,REAL,SAME_BAR_BARRIER_TIE,302
NQ,mult_D_1.0,1,0.5,REAL,NEITHER_REACHED,9
NQ,mult_D_1.0,1,0.5,SYNTHETIC,REJECTION_FIRST,348
NQ,mult_D_1.0,1,0.5,SYNTHETIC,CONTINUATION_FIRST,321
NQ,mult_D_1.0,1,0.5,SYNTHETIC,SAME_BAR_BARRIER_TIE,305
NQ,mult_D_1.0,1,0.5,SYNTHETIC,NEITHER_REACHED,8
NQ,mult_D_1.0,1,1.0,REAL,REJECTION_FIRST,444
NQ,mult_D_1.0,1,1.0,REAL,CONTINUATION_FIRST,385
NQ,mult_D_1.0,1,1.0,REAL,SAME_BAR_BARRIER_TIE,110
NQ,mult_D_1.0,1,1.0,REAL,NEITHER_REACHED,98
NQ,mult_D_1.0,1,1.0,SYNTHETIC,REJECTION_FIRST,401
NQ,mult_D_1.0,1,1.0,SYNTHETIC,CONTINUATION_FIRST,364
NQ,mult_D_1.0,1,1.0,SYNTHETIC,NEITHER_REACHED,115
NQ,mult_D_1.0,1,1.0,SYNTHETIC,SAME_BAR_BARRIER_TIE,102
NQ,mult_D_1.0,1,1.5,REAL,REJECTION_FIRST,388
NQ,mult_D_1.0,1,1.5,REAL,CONTINUATION_FIRST,315
NQ,mult_D_1.0,1,1.5,REAL,NEITHER_REACHED,296
NQ,mult_D_1.0,1,1.5,REAL,SAME_BAR_BARRIER_TIE,38
NQ,mult_D_1.0,1,1.5,SYNTHETIC,REJECTION_FIRST,344
NQ,mult_D_1.0,1,1.5,SYNTHETIC,NEITHER_REACHED,306
NQ,mult_D_1.0,1,1.5,SYNTHETIC,CONTINUATION_FIRST,301
NQ,mult_D_1.0,1,1.5,SYNTHETIC,SAME_BAR_BARRIER_TIE,31
NQ,mult_D_1.0,1,2.0,REAL,NEITHER_REACHED,480
NQ,mult_D_1.0,1,2.0,REAL,REJECTION_FIRST,310
NQ,mult_D_1.0,1,2.0,REAL,CONTINUATION_FIRST,228
NQ,mult_D_1.0,1,2.0,REAL,SAME_BAR_BARRIER_TIE,19
NQ,mult_D_1.0,1,2.0,SYNTHETIC,NEITHER_REACHED,453
NQ,mult_D_1.0,1,2.0,SYNTHETIC,REJECTION_FIRST,279
NQ,mult_D_1.0,1,2.0,SYNTHETIC,CONTINUATION_FIRST,236
NQ,mult_D_1.0,1,2.0,SYNTHETIC,SAME_BAR_BARRIER_TIE,14
NQ,mult_D_1.0,3,0.5,REAL,REJECTION_FIRST,400
NQ,mult_D_1.0,3,0.5,REAL,CONTINUATION_FIRST,331
NQ,mult_D_1.0,3,0.5,REAL,SAME_BAR_BARRIER_TIE,302
NQ,mult_D_1.0,3,0.5,REAL,NEITHER_REACHED,4
NQ,mult_D_1.0,3,0.5,SYNTHETIC,REJECTION_FIRST,349
NQ,mult_D_1.0,3,0.5,SYNTHETIC,CONTINUATION_FIRST,326
NQ,mult_D_1.0,3,0.5,SYNTHETIC,SAME_BAR_BARRIER_TIE,305
NQ,mult_D_1.0,3,0.5,SYNTHETIC,NEITHER_REACHED,2
NQ,mult_D_1.0,3,1.0,REAL,REJECTION_FIRST,481
NQ,mult_D_1.0,3,1.0,REAL,CONTINUATION_FIRST,422
NQ,mult_D_1.0,3,1.0,REAL,SAME_BAR_BARRIER_TIE,112
NQ,mult_D_1.0,3,1.0,REAL,NEITHER_REACHED,22
NQ,mult_D_1.0,3,1.0,SYNTHETIC,REJECTION_FIRST,443
NQ,mult_D_1.0,3,1.0,SYNTHETIC,CONTINUATION_FIRST,412
NQ,mult_D_1.0,3,1.0,SYNTHETIC,SAME_BAR_BARRIER_TIE,105
NQ,mult_D_1.0,3,1.0,SYNTHETIC,NEITHER_REACHED,22
NQ,mult_D_1.0,3,1.5,REAL,REJECTION_FIRST,473
NQ,mult_D_1.0,3,1.5,REAL,CONTINUATION_FIRST,426
NQ,mult_D_1.0,3,1.5,REAL,NEITHER_REACHED,98
NQ,mult_D_1.0,3,1.5,REAL,SAME_BAR_BARRIER_TIE,40
NQ,mult_D_1.0,3,1.5,SYNTHETIC,REJECTION_FIRST,436
NQ,mult_D_1.0,3,1.5,SYNTHETIC,CONTINUATION_FIRST,411
NQ,mult_D_1.0,3,1.5,SYNTHETIC,NEITHER_REACHED,103
NQ,mult_D_1.0,3,1.5,SYNTHETIC,SAME_BAR_BARRIER_TIE,32
NQ,mult_D_1.0,3,2.0,REAL,REJECTION_FIRST,428
NQ,mult_D_1.0,3,2.0,REAL,CONTINUATION_FIRST,358
NQ,mult_D_1.0,3,2.0,REAL,NEITHER_REACHED,231
NQ,mult_D_1.0,3,2.0,REAL,SAME_BAR_BARRIER_TIE,20
NQ,mult_D_1.0,3,2.0,SYNTHETIC,REJECTION_FIRST,381
NQ,mult_D_1.0,3,2.0,SYNTHETIC,CONTINUATION_FIRST,356
NQ,mult_D_1.0,3,2.0,SYNTHETIC,NEITHER_REACHED,230
NQ,mult_D_1.0,3,2.0,SYNTHETIC,SAME_BAR_BARRIER_TIE,15
NQ,mult_D_1.0,5,0.5,REAL,REJECTION_FIRST,401
NQ,mult_D_1.0,5,0.5,REAL,CONTINUATION_FIRST,331
NQ,mult_D_1.0,5,0.5,REAL,SAME_BAR_BARRIER_TIE,302
NQ,mult_D_1.0,5,0.5,REAL,NEITHER_REACHED,3
NQ,mult_D_1.0,5,0.5,SYNTHETIC,REJECTION_FIRST,350
NQ,mult_D_1.0,5,0.5,SYNTHETIC,CONTINUATION_FIRST,326
NQ,mult_D_1.0,5,0.5,SYNTHETIC,SAME_BAR_BARRIER_TIE,305
NQ,mult_D_1.0,5,0.5,SYNTHETIC,NEITHER_REACHED,1
NQ,mult_D_1.0,5,1.0,REAL,REJECTION_FIRST,486
NQ,mult_D_1.0,5,1.0,REAL,CONTINUATION_FIRST,429
NQ,mult_D_1.0,5,1.0,REAL,SAME_BAR_BARRIER_TIE,112
NQ,mult_D_1.0,5,1.0,REAL,NEITHER_REACHED,10
NQ,mult_D_1.0,5,1.0,SYNTHETIC,REJECTION_FIRST,448
NQ,mult_D_1.0,5,1.0,SYNTHETIC,CONTINUATION_FIRST,419
NQ,mult_D_1.0,5,1.0,SYNTHETIC,SAME_BAR_BARRIER_TIE,105
NQ,mult_D_1.0,5,1.0,SYNTHETIC,NEITHER_REACHED,10
NQ,mult_D_1.0,5,1.5,REAL,REJECTION_FIRST,495
NQ,mult_D_1.0,5,1.5,REAL,CONTINUATION_FIRST,447
NQ,mult_D_1.0,5,1.5,REAL,NEITHER_REACHED,55
NQ,mult_D_1.0,5,1.5,REAL,SAME_BAR_BARRIER_TIE,40
NQ,mult_D_1.0,5,1.5,SYNTHETIC,REJECTION_FIRST,464
NQ,mult_D_1.0,5,1.5,SYNTHETIC,CONTINUATION_FIRST,435
NQ,mult_D_1.0,5,1.5,SYNTHETIC,NEITHER_REACHED,51
NQ,mult_D_1.0,5,1.5,SYNTHETIC,SAME_BAR_BARRIER_TIE,32
NQ,mult_D_1.0,5,2.0,REAL,REJECTION_FIRST,477
NQ,mult_D_1.0,5,2.0,REAL,CONTINUATION_FIRST,414
NQ,mult_D_1.0,5,2.0,REAL,NEITHER_REACHED,125
NQ,mult_D_1.0,5,2.0,REAL,SAME_BAR_BARRIER_TIE,21
NQ,mult_D_1.0,5,2.0,SYNTHETIC,REJECTION_FIRST,438
NQ,mult_D_1.0,5,2.0,SYNTHETIC,CONTINUATION_FIRST,401
NQ,mult_D_1.0,5,2.0,SYNTHETIC,NEITHER_REACHED,127
NQ,mult_D_1.0,5,2.0,SYNTHETIC,SAME_BAR_BARRIER_TIE,16
NQ,mult_D_1.0,10,0.5,REAL,REJECTION_FIRST,403
NQ,mult_D_1.0,10,0.5,REAL,CONTINUATION_FIRST,331
NQ,mult_D_1.0,10,0.5,REAL,SAME_BAR_BARRIER_TIE,302
NQ,mult_D_1.0,10,0.5,REAL,NEITHER_REACHED,1
NQ,mult_D_1.0,10,0.5,SYNTHETIC,REJECTION_FIRST,351
NQ,mult_D_1.0,10,0.5,SYNTHETIC,CONTINUATION_FIRST,326
NQ,mult_D_1.0,10,0.5,SYNTHETIC,SAME_BAR_BARRIER_TIE,305
NQ,mult_D_1.0,10,1.0,REAL,REJECTION_FIRST,489
NQ,mult_D_1.0,10,1.0,REAL,CONTINUATION_FIRST,429
NQ,mult_D_1.0,10,1.0,REAL,SAME_BAR_BARRIER_TIE,112
NQ,mult_D_1.0,10,1.0,REAL,NEITHER_REACHED,7
NQ,mult_D_1.0,10,1.0,SYNTHETIC,REJECTION_FIRST,452
NQ,mult_D_1.0,10,1.0,SYNTHETIC,CONTINUATION_FIRST,422
NQ,mult_D_1.0,10,1.0,SYNTHETIC,SAME_BAR_BARRIER_TIE,105
NQ,mult_D_1.0,10,1.0,SYNTHETIC,NEITHER_REACHED,3
NQ,mult_D_1.0,10,1.5,REAL,REJECTION_FIRST,515
NQ,mult_D_1.0,10,1.5,REAL,CONTINUATION_FIRST,463
NQ,mult_D_1.0,10,1.5,REAL,SAME_BAR_BARRIER_TIE,40
NQ,mult_D_1.0,10,1.5,REAL,NEITHER_REACHED,19
NQ,mult_D_1.0,10,1.5,SYNTHETIC,REJECTION_FIRST,481
NQ,mult_D_1.0,10,1.5,SYNTHETIC,CONTINUATION_FIRST,456
NQ,mult_D_1.0,10,1.5,SYNTHETIC,SAME_BAR_BARRIER_TIE,32
NQ,mult_D_1.0,10,1.5,SYNTHETIC,NEITHER_REACHED,13
NQ,mult_D_1.0,10,2.0,REAL,REJECTION_FIRST,516
NQ,mult_D_1.0,10,2.0,REAL,CONTINUATION_FIRST,449
NQ,mult_D_1.0,10,2.0,REAL,NEITHER_REACHED,51
NQ,mult_D_1.0,10,2.0,REAL,SAME_BAR_BARRIER_TIE,21
NQ,mult_D_1.0,10,2.0,SYNTHETIC,REJECTION_FIRST,484
NQ,mult_D_1.0,10,2.0,SYNTHETIC,CONTINUATION_FIRST,434
NQ,mult_D_1.0,10,2.0,SYNTHETIC,NEITHER_REACHED,48
NQ,mult_D_1.0,10,2.0,SYNTHETIC,SAME_BAR_BARRIER_TIE,16
NQ,mult_D_1.0,15,0.5,REAL,REJECTION_FIRST,404
NQ,mult_D_1.0,15,0.5,REAL,CONTINUATION_FIRST,331
NQ,mult_D_1.0,15,0.5,REAL,SAME_BAR_BARRIER_TIE,302
NQ,mult_D_1.0,15,0.5,SYNTHETIC,REJECTION_FIRST,351
NQ,mult_D_1.0,15,0.5,SYNTHETIC,CONTINUATION_FIRST,326
NQ,mult_D_1.0,15,0.5,SYNTHETIC,SAME_BAR_BARRIER_TIE,305
NQ,mult_D_1.0,15,1.0,REAL,REJECTION_FIRST,490
NQ,mult_D_1.0,15,1.0,REAL,CONTINUATION_FIRST,429
NQ,mult_D_1.0,15,1.0,REAL,SAME_BAR_BARRIER_TIE,112
NQ,mult_D_1.0,15,1.0,REAL,NEITHER_REACHED,6
NQ,mult_D_1.0,15,1.0,SYNTHETIC,REJECTION_FIRST,453
NQ,mult_D_1.0,15,1.0,SYNTHETIC,CONTINUATION_FIRST,422
NQ,mult_D_1.0,15,1.0,SYNTHETIC,SAME_BAR_BARRIER_TIE,105
NQ,mult_D_1.0,15,1.0,SYNTHETIC,NEITHER_REACHED,2
NQ,mult_D_1.0,15,1.5,REAL,REJECTION_FIRST,519
NQ,mult_D_1.0,15,1.5,REAL,CONTINUATION_FIRST,466
NQ,mult_D_1.0,15,1.5,REAL,SAME_BAR_BARRIER_TIE,40
NQ,mult_D_1.0,15,1.5,REAL,NEITHER_REACHED,12
NQ,mult_D_1.0,15,1.5,SYNTHETIC,REJECTION_FIRST,485
NQ,mult_D_1.0,15,1.5,SYNTHETIC,CONTINUATION_FIRST,460
NQ,mult_D_1.0,15,1.5,SYNTHETIC,SAME_BAR_BARRIER_TIE,32
NQ,mult_D_1.0,15,1.5,SYNTHETIC,NEITHER_REACHED,5
NQ,mult_D_1.0,15,2.0,REAL,REJECTION_FIRST,531
NQ,mult_D_1.0,15,2.0,REAL,CONTINUATION_FIRST,461
NQ,mult_D_1.0,15,2.0,REAL,NEITHER_REACHED,24
NQ,mult_D_1.0,15,2.0,REAL,SAME_BAR_BARRIER_TIE,21
NQ,mult_D_1.0,15,2.0,SYNTHETIC,REJECTION_FIRST,496
NQ,mult_D_1.0,15,2.0,SYNTHETIC,CONTINUATION_FIRST,448
NQ,mult_D_1.0,15,2.0,SYNTHETIC,NEITHER_REACHED,22
NQ,mult_D_1.0,15,2.0,SYNTHETIC,SAME_BAR_BARRIER_TIE,16
NQ,mult_D_1.5,1,0.5,REAL,REJECTION_FIRST,347
NQ,mult_D_1.5,1,0.5,REAL,SAME_BAR_BARRIER_TIE,298
NQ,mult_D_1.5,1,0.5,REAL,CONTINUATION_FIRST,294
NQ,mult_D_1.5,1,0.5,REAL,NEITHER_REACHED,7
NQ,mult_D_1.5,1,0.5,SYNTHETIC,REJECTION_FIRST,318
NQ,mult_D_1.5,1,0.5,SYNTHETIC,CONTINUATION_FIRST,302
NQ,mult_D_1.5,1,0.5,SYNTHETIC,SAME_BAR_BARRIER_TIE,281
NQ,mult_D_1.5,1,0.5,SYNTHETIC,NEITHER_REACHED,5
NQ,mult_D_1.5,1,1.0,REAL,REJECTION_FIRST,396
NQ,mult_D_1.5,1,1.0,REAL,CONTINUATION_FIRST,344
NQ,mult_D_1.5,1,1.0,REAL,NEITHER_REACHED,104
NQ,mult_D_1.5,1,1.0,REAL,SAME_BAR_BARRIER_TIE,102
NQ,mult_D_1.5,1,1.0,SYNTHETIC,REJECTION_FIRST,360
NQ,mult_D_1.5,1,1.0,SYNTHETIC,CONTINUATION_FIRST,332
NQ,mult_D_1.5,1,1.0,SYNTHETIC,NEITHER_REACHED,111
NQ,mult_D_1.5,1,1.0,SYNTHETIC,SAME_BAR_BARRIER_TIE,103
NQ,mult_D_1.5,1,1.5,REAL,REJECTION_FIRST,334
NQ,mult_D_1.5,1,1.5,REAL,CONTINUATION_FIRST,292
NQ,mult_D_1.5,1,1.5,REAL,NEITHER_REACHED,287
NQ,mult_D_1.5,1,1.5,REAL,SAME_BAR_BARRIER_TIE,33
NQ,mult_D_1.5,1,1.5,SYNTHETIC,REJECTION_FIRST,293
NQ,mult_D_1.5,1,1.5,SYNTHETIC,NEITHER_REACHED,293
NQ,mult_D_1.5,1,1.5,SYNTHETIC,CONTINUATION_FIRST,284
NQ,mult_D_1.5,1,1.5,SYNTHETIC,SAME_BAR_BARRIER_TIE,36
NQ,mult_D_1.5,1,2.0,REAL,NEITHER_REACHED,455
NQ,mult_D_1.5,1,2.0,REAL,REJECTION_FIRST,267
NQ,mult_D_1.5,1,2.0,REAL,CONTINUATION_FIRST,213
NQ,mult_D_1.5,1,2.0,REAL,SAME_BAR_BARRIER_TIE,11
NQ,mult_D_1.5,1,2.0,SYNTHETIC,NEITHER_REACHED,469
NQ,mult_D_1.5,1,2.0,SYNTHETIC,REJECTION_FIRST,222
NQ,mult_D_1.5,1,2.0,SYNTHETIC,CONTINUATION_FIRST,202
NQ,mult_D_1.5,1,2.0,SYNTHETIC,SAME_BAR_BARRIER_TIE,13
NQ,mult_D_1.5,3,0.5,REAL,REJECTION_FIRST,350
NQ,mult_D_1.5,3,0.5,REAL,SAME_BAR_BARRIER_TIE,299
NQ,mult_D_1.5,3,0.5,REAL,CONTINUATION_FIRST,296
NQ,mult_D_1.5,3,0.5,REAL,NEITHER_REACHED,1
NQ,mult_D_1.5,3,0.5,SYNTHETIC,REJECTION_FIRST,320
NQ,mult_D_1.5,3,0.5,SYNTHETIC,CONTINUATION_FIRST,305
NQ,mult_D_1.5,3,0.5,SYNTHETIC,SAME_BAR_BARRIER_TIE,281
NQ,mult_D_1.5,3,1.0,REAL,REJECTION_FIRST,432
NQ,mult_D_1.5,3,1.0,REAL,CONTINUATION_FIRST,390
NQ,mult_D_1.5,3,1.0,REAL,SAME_BAR_BARRIER_TIE,105
NQ,mult_D_1.5,3,1.0,REAL,NEITHER_REACHED,19
NQ,mult_D_1.5,3,1.0,SYNTHETIC,REJECTION_FIRST,400
NQ,mult_D_1.5,3,1.0,SYNTHETIC,CONTINUATION_FIRST,370
NQ,mult_D_1.5,3,1.0,SYNTHETIC,SAME_BAR_BARRIER_TIE,110
NQ,mult_D_1.5,3,1.0,SYNTHETIC,NEITHER_REACHED,26
NQ,mult_D_1.5,3,1.5,REAL,REJECTION_FIRST,418
NQ,mult_D_1.5,3,1.5,REAL,CONTINUATION_FIRST,385
NQ,mult_D_1.5,3,1.5,REAL,NEITHER_REACHED,109
NQ,mult_D_1.5,3,1.5,REAL,SAME_BAR_BARRIER_TIE,34
NQ,mult_D_1.5,3,1.5,SYNTHETIC,REJECTION_FIRST,385
NQ,mult_D_1.5,3,1.5,SYNTHETIC,CONTINUATION_FIRST,381
NQ,mult_D_1.5,3,1.5,SYNTHETIC,NEITHER_REACHED,103
NQ,mult_D_1.5,3,1.5,SYNTHETIC,SAME_BAR_BARRIER_TIE,37
NQ,mult_D_1.5,3,2.0,REAL,REJECTION_FIRST,370
NQ,mult_D_1.5,3,2.0,REAL,CONTINUATION_FIRST,352
NQ,mult_D_1.5,3,2.0,REAL,NEITHER_REACHED,213
NQ,mult_D_1.5,3,2.0,REAL,SAME_BAR_BARRIER_TIE,11
NQ,mult_D_1.5,3,2.0,SYNTHETIC,CONTINUATION_FIRST,346
NQ,mult_D_1.5,3,2.0,SYNTHETIC,REJECTION_FIRST,332
NQ,mult_D_1.5,3,2.0,SYNTHETIC,NEITHER_REACHED,215
NQ,mult_D_1.5,3,2.0,SYNTHETIC,SAME_BAR_BARRIER_TIE,13
NQ,mult_D_1.5,5,0.5,REAL,REJECTION_FIRST,350
NQ,mult_D_1.5,5,0.5,REAL,SAME_BAR_BARRIER_TIE,300
NQ,mult_D_1.5,5,0.5,REAL,CONTINUATION_FIRST,296
NQ,mult_D_1.5,5,0.5,SYNTHETIC,REJECTION_FIRST,320
NQ,mult_D_1.5,5,0.5,SYNTHETIC,CONTINUATION_FIRST,305
NQ,mult_D_1.5,5,0.5,SYNTHETIC,SAME_BAR_BARRIER_TIE,281
NQ,mult_D_1.5,5,1.0,REAL,REJECTION_FIRST,440
NQ,mult_D_1.5,5,1.0,REAL,CONTINUATION_FIRST,395
NQ,mult_D_1.5,5,1.0,REAL,SAME_BAR_BARRIER_TIE,105
NQ,mult_D_1.5,5,1.0,REAL,NEITHER_REACHED,6
NQ,mult_D_1.5,5,1.0,SYNTHETIC,REJECTION_FIRST,408
NQ,mult_D_1.5,5,1.0,SYNTHETIC,CONTINUATION_FIRST,382
NQ,mult_D_1.5,5,1.0,SYNTHETIC,SAME_BAR_BARRIER_TIE,110
NQ,mult_D_1.5,5,1.0,SYNTHETIC,NEITHER_REACHED,6
NQ,mult_D_1.5,5,1.5,REAL,REJECTION_FIRST,444
NQ,mult_D_1.5,5,1.5,REAL,CONTINUATION_FIRST,417
NQ,mult_D_1.5,5,1.5,REAL,NEITHER_REACHED,50
NQ,mult_D_1.5,5,1.5,REAL,SAME_BAR_BARRIER_TIE,35
NQ,mult_D_1.5,5,1.5,SYNTHETIC,REJECTION_FIRST,413
NQ,mult_D_1.5,5,1.5,SYNTHETIC,CONTINUATION_FIRST,410
NQ,mult_D_1.5,5,1.5,SYNTHETIC,NEITHER_REACHED,45
NQ,mult_D_1.5,5,1.5,SYNTHETIC,SAME_BAR_BARRIER_TIE,38
NQ,mult_D_1.5,5,2.0,REAL,REJECTION_FIRST,416
NQ,mult_D_1.5,5,2.0,REAL,CONTINUATION_FIRST,395
NQ,mult_D_1.5,5,2.0,REAL,NEITHER_REACHED,124
NQ,mult_D_1.5,5,2.0,REAL,SAME_BAR_BARRIER_TIE,11
NQ,mult_D_1.5,5,2.0,SYNTHETIC,CONTINUATION_FIRST,389
NQ,mult_D_1.5,5,2.0,SYNTHETIC,REJECTION_FIRST,383
NQ,mult_D_1.5,5,2.0,SYNTHETIC,NEITHER_REACHED,121
NQ,mult_D_1.5,5,2.0,SYNTHETIC,SAME_BAR_BARRIER_TIE,13
NQ,mult_D_1.5,10,0.5,REAL,REJECTION_FIRST,350
NQ,mult_D_1.5,10,0.5,REAL,SAME_BAR_BARRIER_TIE,300
NQ,mult_D_1.5,10,0.5,REAL,CONTINUATION_FIRST,296
NQ,mult_D_1.5,10,0.5,SYNTHETIC,REJECTION_FIRST,320
NQ,mult_D_1.5,10,0.5,SYNTHETIC,CONTINUATION_FIRST,305
NQ,mult_D_1.5,10,0.5,SYNTHETIC,SAME_BAR_BARRIER_TIE,281
NQ,mult_D_1.5,10,1.0,REAL,REJECTION_FIRST,441
NQ,mult_D_1.5,10,1.0,REAL,CONTINUATION_FIRST,398
NQ,mult_D_1.5,10,1.0,REAL,SAME_BAR_BARRIER_TIE,105
NQ,mult_D_1.5,10,1.0,REAL,NEITHER_REACHED,2
NQ,mult_D_1.5,10,1.0,SYNTHETIC,REJECTION_FIRST,411
NQ,mult_D_1.5,10,1.0,SYNTHETIC,CONTINUATION_FIRST,384
NQ,mult_D_1.5,10,1.0,SYNTHETIC,SAME_BAR_BARRIER_TIE,110
NQ,mult_D_1.5,10,1.0,SYNTHETIC,NEITHER_REACHED,1
NQ,mult_D_1.5,10,1.5,REAL,REJECTION_FIRST,463
NQ,mult_D_1.5,10,1.5,REAL,CONTINUATION_FIRST,434
NQ,mult_D_1.5,10,1.5,REAL,SAME_BAR_BARRIER_TIE,35
NQ,mult_D_1.5,10,1.5,REAL,NEITHER_REACHED,14
NQ,mult_D_1.5,10,1.5,SYNTHETIC,REJECTION_FIRST,431
NQ,mult_D_1.5,10,1.5,SYNTHETIC,CONTINUATION_FIRST,420
NQ,mult_D_1.5,10,1.5,SYNTHETIC,SAME_BAR_BARRIER_TIE,38
NQ,mult_D_1.5,10,1.5,SYNTHETIC,NEITHER_REACHED,17
NQ,mult_D_1.5,10,2.0,REAL,REJECTION_FIRST,457
NQ,mult_D_1.5,10,2.0,REAL,CONTINUATION_FIRST,427
NQ,mult_D_1.5,10,2.0,REAL,NEITHER_REACHED,51
NQ,mult_D_1.5,10,2.0,REAL,SAME_BAR_BARRIER_TIE,11
NQ,mult_D_1.5,10,2.0,SYNTHETIC,CONTINUATION_FIRST,427
NQ,mult_D_1.5,10,2.0,SYNTHETIC,REJECTION_FIRST,422
NQ,mult_D_1.5,10,2.0,SYNTHETIC,NEITHER_REACHED,44
NQ,mult_D_1.5,10,2.0,SYNTHETIC,SAME_BAR_BARRIER_TIE,13
NQ,mult_D_1.5,15,0.5,REAL,REJECTION_FIRST,350
NQ,mult_D_1.5,15,0.5,REAL,SAME_BAR_BARRIER_TIE,300
NQ,mult_D_1.5,15,0.5,REAL,CONTINUATION_FIRST,296
NQ,mult_D_1.5,15,0.5,SYNTHETIC,REJECTION_FIRST,320
NQ,mult_D_1.5,15,0.5,SYNTHETIC,CONTINUATION_FIRST,305
NQ,mult_D_1.5,15,0.5,SYNTHETIC,SAME_BAR_BARRIER_TIE,281
NQ,mult_D_1.5,15,1.0,REAL,REJECTION_FIRST,442
NQ,mult_D_1.5,15,1.0,REAL,CONTINUATION_FIRST,398
NQ,mult_D_1.5,15,1.0,REAL,SAME_BAR_BARRIER_TIE,105
NQ,mult_D_1.5,15,1.0,REAL,NEITHER_REACHED,1
NQ,mult_D_1.5,15,1.0,SYNTHETIC,REJECTION_FIRST,411
NQ,mult_D_1.5,15,1.0,SYNTHETIC,CONTINUATION_FIRST,384
NQ,mult_D_1.5,15,1.0,SYNTHETIC,SAME_BAR_BARRIER_TIE,110
NQ,mult_D_1.5,15,1.0,SYNTHETIC,NEITHER_REACHED,1
NQ,mult_D_1.5,15,1.5,REAL,REJECTION_FIRST,465
NQ,mult_D_1.5,15,1.5,REAL,CONTINUATION_FIRST,438
NQ,mult_D_1.5,15,1.5,REAL,SAME_BAR_BARRIER_TIE,35
NQ,mult_D_1.5,15,1.5,REAL,NEITHER_REACHED,8
NQ,mult_D_1.5,15,1.5,SYNTHETIC,REJECTION_FIRST,439
NQ,mult_D_1.5,15,1.5,SYNTHETIC,CONTINUATION_FIRST,422
NQ,mult_D_1.5,15,1.5,SYNTHETIC,SAME_BAR_BARRIER_TIE,38
NQ,mult_D_1.5,15,1.5,SYNTHETIC,NEITHER_REACHED,7
NQ,mult_D_1.5,15,2.0,REAL,REJECTION_FIRST,472
NQ,mult_D_1.5,15,2.0,REAL,CONTINUATION_FIRST,436
NQ,mult_D_1.5,15,2.0,REAL,NEITHER_REACHED,27
NQ,mult_D_1.5,15,2.0,REAL,SAME_BAR_BARRIER_TIE,11
NQ,mult_D_1.5,15,2.0,SYNTHETIC,REJECTION_FIRST,436
NQ,mult_D_1.5,15,2.0,SYNTHETIC,CONTINUATION_FIRST,434
NQ,mult_D_1.5,15,2.0,SYNTHETIC,NEITHER_REACHED,23
NQ,mult_D_1.5,15,2.0,SYNTHETIC,SAME_BAR_BARRIER_TIE,13
NQ,mult_D_2.0,1,0.5,REAL,REJECTION_FIRST,321
NQ,mult_D_2.0,1,0.5,REAL,CONTINUATION_FIRST,292
NQ,mult_D_2.0,1,0.5,REAL,SAME_BAR_BARRIER_TIE,259
NQ,mult_D_2.0,1,0.5,REAL,NEITHER_REACHED,7
NQ,mult_D_2.0,1,0.5,SYNTHETIC,CONTINUATION_FIRST,291
NQ,mult_D_2.0,1,0.5,SYNTHETIC,REJECTION_FIRST,265
NQ,mult_D_2.0,1,0.5,SYNTHETIC,SAME_BAR_BARRIER_TIE,240
NQ,mult_D_2.0,1,0.5,SYNTHETIC,NEITHER_REACHED,7
NQ,mult_D_2.0,1,1.0,REAL,REJECTION_FIRST,358
NQ,mult_D_2.0,1,1.0,REAL,CONTINUATION_FIRST,322
NQ,mult_D_2.0,1,1.0,REAL,NEITHER_REACHED,102
NQ,mult_D_2.0,1,1.0,REAL,SAME_BAR_BARRIER_TIE,97
NQ,mult_D_2.0,1,1.0,SYNTHETIC,CONTINUATION_FIRST,314
NQ,mult_D_2.0,1,1.0,SYNTHETIC,REJECTION_FIRST,301
NQ,mult_D_2.0,1,1.0,SYNTHETIC,NEITHER_REACHED,106
NQ,mult_D_2.0,1,1.0,SYNTHETIC,SAME_BAR_BARRIER_TIE,82
NQ,mult_D_2.0,1,1.5,REAL,REJECTION_FIRST,300
NQ,mult_D_2.0,1,1.5,REAL,NEITHER_REACHED,282
NQ,mult_D_2.0,1,1.5,REAL,CONTINUATION_FIRST,268
NQ,mult_D_2.0,1,1.5,REAL,SAME_BAR_BARRIER_TIE,29
NQ,mult_D_2.0,1,1.5,SYNTHETIC,NEITHER_REACHED,289
NQ,mult_D_2.0,1,1.5,SYNTHETIC,CONTINUATION_FIRST,245
NQ,mult_D_2.0,1,1.5,SYNTHETIC,REJECTION_FIRST,240
NQ,mult_D_2.0,1,1.5,SYNTHETIC,SAME_BAR_BARRIER_TIE,29
NQ,mult_D_2.0,1,2.0,REAL,NEITHER_REACHED,457
NQ,mult_D_2.0,1,2.0,REAL,REJECTION_FIRST,217
NQ,mult_D_2.0,1,2.0,REAL,CONTINUATION_FIRST,190
NQ,mult_D_2.0,1,2.0,REAL,SAME_BAR_BARRIER_TIE,15
NQ,mult_D_2.0,1,2.0,SYNTHETIC,NEITHER_REACHED,435
NQ,mult_D_2.0,1,2.0,SYNTHETIC,REJECTION_FIRST,179
NQ,mult_D_2.0,1,2.0,SYNTHETIC,CONTINUATION_FIRST,177
NQ,mult_D_2.0,1,2.0,SYNTHETIC,SAME_BAR_BARRIER_TIE,12
NQ,mult_D_2.0,3,0.5,REAL,REJECTION_FIRST,325
NQ,mult_D_2.0,3,0.5,REAL,CONTINUATION_FIRST,295
NQ,mult_D_2.0,3,0.5,REAL,SAME_BAR_BARRIER_TIE,259
NQ,mult_D_2.0,3,0.5,SYNTHETIC,CONTINUATION_FIRST,295
NQ,mult_D_2.0,3,0.5,SYNTHETIC,REJECTION_FIRST,267
NQ,mult_D_2.0,3,0.5,SYNTHETIC,SAME_BAR_BARRIER_TIE,241
NQ,mult_D_2.0,3,1.0,REAL,REJECTION_FIRST,398
NQ,mult_D_2.0,3,1.0,REAL,CONTINUATION_FIRST,363
NQ,mult_D_2.0,3,1.0,REAL,SAME_BAR_BARRIER_TIE,99
NQ,mult_D_2.0,3,1.0,REAL,NEITHER_REACHED,19
NQ,mult_D_2.0,3,1.0,SYNTHETIC,CONTINUATION_FIRST,357
NQ,mult_D_2.0,3,1.0,SYNTHETIC,REJECTION_FIRST,346
NQ,mult_D_2.0,3,1.0,SYNTHETIC,SAME_BAR_BARRIER_TIE,84
NQ,mult_D_2.0,3,1.0,SYNTHETIC,NEITHER_REACHED,16
NQ,mult_D_2.0,3,1.5,REAL,REJECTION_FIRST,395
NQ,mult_D_2.0,3,1.5,REAL,CONTINUATION_FIRST,361
NQ,mult_D_2.0,3,1.5,REAL,NEITHER_REACHED,93
NQ,mult_D_2.0,3,1.5,REAL,SAME_BAR_BARRIER_TIE,30
NQ,mult_D_2.0,3,1.5,SYNTHETIC,REJECTION_FIRST,344
NQ,mult_D_2.0,3,1.5,SYNTHETIC,CONTINUATION_FIRST,343
NQ,mult_D_2.0,3,1.5,SYNTHETIC,NEITHER_REACHED,87
NQ,mult_D_2.0,3,1.5,SYNTHETIC,SAME_BAR_BARRIER_TIE,29
NQ,mult_D_2.0,3,2.0,REAL,REJECTION_FIRST,323
NQ,mult_D_2.0,3,2.0,REAL,CONTINUATION_FIRST,318
NQ,mult_D_2.0,3,2.0,REAL,NEITHER_REACHED,223
NQ,mult_D_2.0,3,2.0,REAL,SAME_BAR_BARRIER_TIE,15
NQ,mult_D_2.0,3,2.0,SYNTHETIC,CONTINUATION_FIRST,299
NQ,mult_D_2.0,3,2.0,SYNTHETIC,REJECTION_FIRST,292
NQ,mult_D_2.0,3,2.0,SYNTHETIC,NEITHER_REACHED,199
NQ,mult_D_2.0,3,2.0,SYNTHETIC,SAME_BAR_BARRIER_TIE,13
NQ,mult_D_2.0,5,0.5,REAL,REJECTION_FIRST,325
NQ,mult_D_2.0,5,0.5,REAL,CONTINUATION_FIRST,295
NQ,mult_D_2.0,5,0.5,REAL,SAME_BAR_BARRIER_TIE,259
NQ,mult_D_2.0,5,0.5,SYNTHETIC,CONTINUATION_FIRST,295
NQ,mult_D_2.0,5,0.5,SYNTHETIC,REJECTION_FIRST,267
NQ,mult_D_2.0,5,0.5,SYNTHETIC,SAME_BAR_BARRIER_TIE,241
NQ,mult_D_2.0,5,1.0,REAL,REJECTION_FIRST,406
NQ,mult_D_2.0,5,1.0,REAL,CONTINUATION_FIRST,370
NQ,mult_D_2.0,5,1.0,REAL,SAME_BAR_BARRIER_TIE,100
NQ,mult_D_2.0,5,1.0,REAL,NEITHER_REACHED,3
NQ,mult_D_2.0,5,1.0,SYNTHETIC,CONTINUATION_FIRST,361
NQ,mult_D_2.0,5,1.0,SYNTHETIC,REJECTION_FIRST,355
NQ,mult_D_2.0,5,1.0,SYNTHETIC,SAME_BAR_BARRIER_TIE,84
NQ,mult_D_2.0,5,1.0,SYNTHETIC,NEITHER_REACHED,3
NQ,mult_D_2.0,5,1.5,REAL,REJECTION_FIRST,424
NQ,mult_D_2.0,5,1.5,REAL,CONTINUATION_FIRST,384
NQ,mult_D_2.0,5,1.5,REAL,NEITHER_REACHED,41
NQ,mult_D_2.0,5,1.5,REAL,SAME_BAR_BARRIER_TIE,30
NQ,mult_D_2.0,5,1.5,SYNTHETIC,CONTINUATION_FIRST,368
NQ,mult_D_2.0,5,1.5,SYNTHETIC,REJECTION_FIRST,359
NQ,mult_D_2.0,5,1.5,SYNTHETIC,NEITHER_REACHED,47
NQ,mult_D_2.0,5,1.5,SYNTHETIC,SAME_BAR_BARRIER_TIE,29
NQ,mult_D_2.0,5,2.0,REAL,REJECTION_FIRST,377
NQ,mult_D_2.0,5,2.0,REAL,CONTINUATION_FIRST,361
NQ,mult_D_2.0,5,2.0,REAL,NEITHER_REACHED,126
NQ,mult_D_2.0,5,2.0,REAL,SAME_BAR_BARRIER_TIE,15
NQ,mult_D_2.0,5,2.0,SYNTHETIC,CONTINUATION_FIRST,339
NQ,mult_D_2.0,5,2.0,SYNTHETIC,REJECTION_FIRST,334
NQ,mult_D_2.0,5,2.0,SYNTHETIC,NEITHER_REACHED,117
NQ,mult_D_2.0,5,2.0,SYNTHETIC,SAME_BAR_BARRIER_TIE,13
NQ,mult_D_2.0,10,0.5,REAL,REJECTION_FIRST,325
NQ,mult_D_2.0,10,0.5,REAL,CONTINUATION_FIRST,295
NQ,mult_D_2.0,10,0.5,REAL,SAME_BAR_BARRIER_TIE,259
NQ,mult_D_2.0,10,0.5,SYNTHETIC,CONTINUATION_FIRST,295
NQ,mult_D_2.0,10,0.5,SYNTHETIC,REJECTION_FIRST,267
NQ,mult_D_2.0,10,0.5,SYNTHETIC,SAME_BAR_BARRIER_TIE,241
NQ,mult_D_2.0,10,1.0,REAL,REJECTION_FIRST,407
NQ,mult_D_2.0,10,1.0,REAL,CONTINUATION_FIRST,372
NQ,mult_D_2.0,10,1.0,REAL,SAME_BAR_BARRIER_TIE,100
NQ,mult_D_2.0,10,1.0,SYNTHETIC,CONTINUATION_FIRST,362
NQ,mult_D_2.0,10,1.0,SYNTHETIC,REJECTION_FIRST,357
NQ,mult_D_2.0,10,1.0,SYNTHETIC,SAME_BAR_BARRIER_TIE,84
NQ,mult_D_2.0,10,1.5,REAL,REJECTION_FIRST,442
NQ,mult_D_2.0,10,1.5,REAL,CONTINUATION_FIRST,393
NQ,mult_D_2.0,10,1.5,REAL,SAME_BAR_BARRIER_TIE,30
NQ,mult_D_2.0,10,1.5,REAL,NEITHER_REACHED,14
NQ,mult_D_2.0,10,1.5,SYNTHETIC,CONTINUATION_FIRST,389
NQ,mult_D_2.0,10,1.5,SYNTHETIC,REJECTION_FIRST,377
NQ,mult_D_2.0,10,1.5,SYNTHETIC,SAME_BAR_BARRIER_TIE,29
NQ,mult_D_2.0,10,1.5,SYNTHETIC,NEITHER_REACHED,8
NQ,mult_D_2.0,10,2.0,REAL,REJECTION_FIRST,424
NQ,mult_D_2.0,10,2.0,REAL,CONTINUATION_FIRST,400
NQ,mult_D_2.0,10,2.0,REAL,NEITHER_REACHED,40
NQ,mult_D_2.0,10,2.0,REAL,SAME_BAR_BARRIER_TIE,15
NQ,mult_D_2.0,10,2.0,SYNTHETIC,REJECTION_FIRST,374
NQ,mult_D_2.0,10,2.0,SYNTHETIC,CONTINUATION_FIRST,374
NQ,mult_D_2.0,10,2.0,SYNTHETIC,NEITHER_REACHED,42
NQ,mult_D_2.0,10,2.0,SYNTHETIC,SAME_BAR_BARRIER_TIE,13
NQ,mult_D_2.0,15,0.5,REAL,REJECTION_FIRST,325
NQ,mult_D_2.0,15,0.5,REAL,CONTINUATION_FIRST,295
NQ,mult_D_2.0,15,0.5,REAL,SAME_BAR_BARRIER_TIE,259
NQ,mult_D_2.0,15,0.5,SYNTHETIC,CONTINUATION_FIRST,295
NQ,mult_D_2.0,15,0.5,SYNTHETIC,REJECTION_FIRST,267
NQ,mult_D_2.0,15,0.5,SYNTHETIC,SAME_BAR_BARRIER_TIE,241
NQ,mult_D_2.0,15,1.0,REAL,REJECTION_FIRST,407
NQ,mult_D_2.0,15,1.0,REAL,CONTINUATION_FIRST,372
NQ,mult_D_2.0,15,1.0,REAL,SAME_BAR_BARRIER_TIE,100
NQ,mult_D_2.0,15,1.0,SYNTHETIC,CONTINUATION_FIRST,362
NQ,mult_D_2.0,15,1.0,SYNTHETIC,REJECTION_FIRST,357
NQ,mult_D_2.0,15,1.0,SYNTHETIC,SAME_BAR_BARRIER_TIE,84
NQ,mult_D_2.0,15,1.5,REAL,REJECTION_FIRST,447
NQ,mult_D_2.0,15,1.5,REAL,CONTINUATION_FIRST,397
NQ,mult_D_2.0,15,1.5,REAL,SAME_BAR_BARRIER_TIE,30
NQ,mult_D_2.0,15,1.5,REAL,NEITHER_REACHED,5
NQ,mult_D_2.0,15,1.5,SYNTHETIC,CONTINUATION_FIRST,392
NQ,mult_D_2.0,15,1.5,SYNTHETIC,REJECTION_FIRST,381
NQ,mult_D_2.0,15,1.5,SYNTHETIC,SAME_BAR_BARRIER_TIE,29
NQ,mult_D_2.0,15,1.5,SYNTHETIC,NEITHER_REACHED,1
NQ,mult_D_2.0,15,2.0,REAL,REJECTION_FIRST,433
NQ,mult_D_2.0,15,2.0,REAL,CONTINUATION_FIRST,410
NQ,mult_D_2.0,15,2.0,REAL,NEITHER_REACHED,21
NQ,mult_D_2.0,15,2.0,REAL,SAME_BAR_BARRIER_TIE,15
NQ,mult_D_2.0,15,2.0,SYNTHETIC,REJECTION_FIRST,388
NQ,mult_D_2.0,15,2.0,SYNTHETIC,CONTINUATION_FIRST,386
NQ,mult_D_2.0,15,2.0,SYNTHETIC,NEITHER_REACHED,16
NQ,mult_D_2.0,15,2.0,SYNTHETIC,SAME_BAR_BARRIER_TIE,13
NQ,mult_U_0.5,1,0.5,REAL,CONTINUATION_FIRST,455
NQ,mult_U_0.5,1,0.5,REAL,REJECTION_FIRST,378
NQ,mult_U_0.5,1,0.5,REAL,SAME_BAR_BARRIER_TIE,285
NQ,mult_U_0.5,1,0.5,REAL,NEITHER_REACHED,22
NQ,mult_U_0.5,1,0.5,SYNTHETIC,CONTINUATION_FIRST,450
NQ,mult_U_0.5,1,0.5,SYNTHETIC,REJECTION_FIRST,343
NQ,mult_U_0.5,1,0.5,SYNTHETIC,SAME_BAR_BARRIER_TIE,265
NQ,mult_U_0.5,1,0.5,SYNTHETIC,NEITHER_REACHED,31
NQ,mult_U_0.5,1,1.0,REAL,CONTINUATION_FIRST,479
NQ,mult_U_0.5,1,1.0,REAL,REJECTION_FIRST,418
NQ,mult_U_0.5,1,1.0,REAL,NEITHER_REACHED,142
NQ,mult_U_0.5,1,1.0,REAL,SAME_BAR_BARRIER_TIE,101
NQ,mult_U_0.5,1,1.0,SYNTHETIC,CONTINUATION_FIRST,452
NQ,mult_U_0.5,1,1.0,SYNTHETIC,REJECTION_FIRST,369
NQ,mult_U_0.5,1,1.0,SYNTHETIC,NEITHER_REACHED,182
NQ,mult_U_0.5,1,1.0,SYNTHETIC,SAME_BAR_BARRIER_TIE,86
NQ,mult_U_0.5,1,1.5,REAL,CONTINUATION_FIRST,389
NQ,mult_U_0.5,1,1.5,REAL,NEITHER_REACHED,361
NQ,mult_U_0.5,1,1.5,REAL,REJECTION_FIRST,355
NQ,mult_U_0.5,1,1.5,REAL,SAME_BAR_BARRIER_TIE,35
NQ,mult_U_0.5,1,1.5,SYNTHETIC,NEITHER_REACHED,397
NQ,mult_U_0.5,1,1.5,SYNTHETIC,CONTINUATION_FIRST,347
NQ,mult_U_0.5,1,1.5,SYNTHETIC,REJECTION_FIRST,313
NQ,mult_U_0.5,1,1.5,SYNTHETIC,SAME_BAR_BARRIER_TIE,32
NQ,mult_U_0.5,1,2.0,REAL,NEITHER_REACHED,609
NQ,mult_U_0.5,1,2.0,REAL,CONTINUATION_FIRST,279
NQ,mult_U_0.5,1,2.0,REAL,REJECTION_FIRST,239
NQ,mult_U_0.5,1,2.0,REAL,SAME_BAR_BARRIER_TIE,13
NQ,mult_U_0.5,1,2.0,SYNTHETIC,NEITHER_REACHED,618
NQ,mult_U_0.5,1,2.0,SYNTHETIC,CONTINUATION_FIRST,239
NQ,mult_U_0.5,1,2.0,SYNTHETIC,REJECTION_FIRST,223
NQ,mult_U_0.5,1,2.0,SYNTHETIC,SAME_BAR_BARRIER_TIE,9
NQ,mult_U_0.5,3,0.5,REAL,CONTINUATION_FIRST,462
NQ,mult_U_0.5,3,0.5,REAL,REJECTION_FIRST,383
NQ,mult_U_0.5,3,0.5,REAL,SAME_BAR_BARRIER_TIE,286
NQ,mult_U_0.5,3,0.5,REAL,NEITHER_REACHED,9
NQ,mult_U_0.5,3,0.5,SYNTHETIC,CONTINUATION_FIRST,460
NQ,mult_U_0.5,3,0.5,SYNTHETIC,REJECTION_FIRST,353
NQ,mult_U_0.5,3,0.5,SYNTHETIC,SAME_BAR_BARRIER_TIE,268
NQ,mult_U_0.5,3,0.5,SYNTHETIC,NEITHER_REACHED,8
NQ,mult_U_0.5,3,1.0,REAL,CONTINUATION_FIRST,520
NQ,mult_U_0.5,3,1.0,REAL,REJECTION_FIRST,476
NQ,mult_U_0.5,3,1.0,REAL,SAME_BAR_BARRIER_TIE,101
NQ,mult_U_0.5,3,1.0,REAL,NEITHER_REACHED,43
NQ,mult_U_0.5,3,1.0,SYNTHETIC,CONTINUATION_FIRST,508
NQ,mult_U_0.5,3,1.0,SYNTHETIC,REJECTION_FIRST,449
NQ,mult_U_0.5,3,1.0,SYNTHETIC,SAME_BAR_BARRIER_TIE,87
NQ,mult_U_0.5,3,1.0,SYNTHETIC,NEITHER_REACHED,45
NQ,mult_U_0.5,3,1.5,REAL,CONTINUATION_FIRST,498
NQ,mult_U_0.5,3,1.5,REAL,REJECTION_FIRST,481
NQ,mult_U_0.5,3,1.5,REAL,NEITHER_REACHED,125
NQ,mult_U_0.5,3,1.5,REAL,SAME_BAR_BARRIER_TIE,36
NQ,mult_U_0.5,3,1.5,SYNTHETIC,CONTINUATION_FIRST,468
NQ,mult_U_0.5,3,1.5,SYNTHETIC,REJECTION_FIRST,428
NQ,mult_U_0.5,3,1.5,SYNTHETIC,NEITHER_REACHED,157
NQ,mult_U_0.5,3,1.5,SYNTHETIC,SAME_BAR_BARRIER_TIE,36
NQ,mult_U_0.5,3,2.0,REAL,CONTINUATION_FIRST,423
NQ,mult_U_0.5,3,2.0,REAL,REJECTION_FIRST,406
NQ,mult_U_0.5,3,2.0,REAL,NEITHER_REACHED,298
NQ,mult_U_0.5,3,2.0,REAL,SAME_BAR_BARRIER_TIE,13
NQ,mult_U_0.5,3,2.0,SYNTHETIC,CONTINUATION_FIRST,376
NQ,mult_U_0.5,3,2.0,SYNTHETIC,REJECTION_FIRST,375
NQ,mult_U_0.5,3,2.0,SYNTHETIC,NEITHER_REACHED,328
NQ,mult_U_0.5,3,2.0,SYNTHETIC,SAME_BAR_BARRIER_TIE,10
NQ,mult_U_0.5,5,0.5,REAL,CONTINUATION_FIRST,463
NQ,mult_U_0.5,5,0.5,REAL,REJECTION_FIRST,386
NQ,mult_U_0.5,5,0.5,REAL,SAME_BAR_BARRIER_TIE,286
NQ,mult_U_0.5,5,0.5,REAL,NEITHER_REACHED,5
NQ,mult_U_0.5,5,0.5,SYNTHETIC,CONTINUATION_FIRST,463
NQ,mult_U_0.5,5,0.5,SYNTHETIC,REJECTION_FIRST,354
NQ,mult_U_0.5,5,0.5,SYNTHETIC,SAME_BAR_BARRIER_TIE,268
NQ,mult_U_0.5,5,0.5,SYNTHETIC,NEITHER_REACHED,4
NQ,mult_U_0.5,5,1.0,REAL,CONTINUATION_FIRST,534
NQ,mult_U_0.5,5,1.0,REAL,REJECTION_FIRST,484
NQ,mult_U_0.5,5,1.0,REAL,SAME_BAR_BARRIER_TIE,101
NQ,mult_U_0.5,5,1.0,REAL,NEITHER_REACHED,21
NQ,mult_U_0.5,5,1.0,SYNTHETIC,CONTINUATION_FIRST,523
NQ,mult_U_0.5,5,1.0,SYNTHETIC,REJECTION_FIRST,457
NQ,mult_U_0.5,5,1.0,SYNTHETIC,SAME_BAR_BARRIER_TIE,87
NQ,mult_U_0.5,5,1.0,SYNTHETIC,NEITHER_REACHED,22
NQ,mult_U_0.5,5,1.5,REAL,CONTINUATION_FIRST,538
NQ,mult_U_0.5,5,1.5,REAL,REJECTION_FIRST,510
NQ,mult_U_0.5,5,1.5,REAL,NEITHER_REACHED,56
NQ,mult_U_0.5,5,1.5,REAL,SAME_BAR_BARRIER_TIE,36
NQ,mult_U_0.5,5,1.5,SYNTHETIC,CONTINUATION_FIRST,505
NQ,mult_U_0.5,5,1.5,SYNTHETIC,REJECTION_FIRST,464
NQ,mult_U_0.5,5,1.5,SYNTHETIC,NEITHER_REACHED,84
NQ,mult_U_0.5,5,1.5,SYNTHETIC,SAME_BAR_BARRIER_TIE,36
NQ,mult_U_0.5,5,2.0,REAL,CONTINUATION_FIRST,492
NQ,mult_U_0.5,5,2.0,REAL,REJECTION_FIRST,470
NQ,mult_U_0.5,5,2.0,REAL,NEITHER_REACHED,165
NQ,mult_U_0.5,5,2.0,REAL,SAME_BAR_BARRIER_TIE,13
NQ,mult_U_0.5,5,2.0,SYNTHETIC,REJECTION_FIRST,444
NQ,mult_U_0.5,5,2.0,SYNTHETIC,CONTINUATION_FIRST,444
NQ,mult_U_0.5,5,2.0,SYNTHETIC,NEITHER_REACHED,191
NQ,mult_U_0.5,5,2.0,SYNTHETIC,SAME_BAR_BARRIER_TIE,10
NQ,mult_U_0.5,10,0.5,REAL,CONTINUATION_FIRST,465
NQ,mult_U_0.5,10,0.5,REAL,REJECTION_FIRST,388
NQ,mult_U_0.5,10,0.5,REAL,SAME_BAR_BARRIER_TIE,286
NQ,mult_U_0.5,10,0.5,REAL,NEITHER_REACHED,1
NQ,mult_U_0.5,10,0.5,SYNTHETIC,CONTINUATION_FIRST,464
NQ,mult_U_0.5,10,0.5,SYNTHETIC,REJECTION_FIRST,356
NQ,mult_U_0.5,10,0.5,SYNTHETIC,SAME_BAR_BARRIER_TIE,268
NQ,mult_U_0.5,10,0.5,SYNTHETIC,NEITHER_REACHED,1
NQ,mult_U_0.5,10,1.0,REAL,CONTINUATION_FIRST,539
NQ,mult_U_0.5,10,1.0,REAL,REJECTION_FIRST,493
NQ,mult_U_0.5,10,1.0,REAL,SAME_BAR_BARRIER_TIE,101
NQ,mult_U_0.5,10,1.0,REAL,NEITHER_REACHED,7
NQ,mult_U_0.5,10,1.0,SYNTHETIC,CONTINUATION_FIRST,527
NQ,mult_U_0.5,10,1.0,SYNTHETIC,REJECTION_FIRST,467
NQ,mult_U_0.5,10,1.0,SYNTHETIC,SAME_BAR_BARRIER_TIE,87
NQ,mult_U_0.5,10,1.0,SYNTHETIC,NEITHER_REACHED,8
NQ,mult_U_0.5,10,1.5,REAL,CONTINUATION_FIRST,553
NQ,mult_U_0.5,10,1.5,REAL,REJECTION_FIRST,530
NQ,mult_U_0.5,10,1.5,REAL,SAME_BAR_BARRIER_TIE,36
NQ,mult_U_0.5,10,1.5,REAL,NEITHER_REACHED,21
NQ,mult_U_0.5,10,1.5,SYNTHETIC,CONTINUATION_FIRST,534
NQ,mult_U_0.5,10,1.5,SYNTHETIC,REJECTION_FIRST,490
NQ,mult_U_0.5,10,1.5,SYNTHETIC,SAME_BAR_BARRIER_TIE,38
NQ,mult_U_0.5,10,1.5,SYNTHETIC,NEITHER_REACHED,27
NQ,mult_U_0.5,10,2.0,REAL,CONTINUATION_FIRST,540
NQ,mult_U_0.5,10,2.0,REAL,REJECTION_FIRST,520
NQ,mult_U_0.5,10,2.0,REAL,NEITHER_REACHED,67
NQ,mult_U_0.5,10,2.0,REAL,SAME_BAR_BARRIER_TIE,13
NQ,mult_U_0.5,10,2.0,SYNTHETIC,REJECTION_FIRST,501
NQ,mult_U_0.5,10,2.0,SYNTHETIC,CONTINUATION_FIRST,498
NQ,mult_U_0.5,10,2.0,SYNTHETIC,NEITHER_REACHED,80
NQ,mult_U_0.5,10,2.0,SYNTHETIC,SAME_BAR_BARRIER_TIE,10
NQ,mult_U_0.5,15,0.5,REAL,CONTINUATION_FIRST,465
NQ,mult_U_0.5,15,0.5,REAL,REJECTION_FIRST,388
NQ,mult_U_0.5,15,0.5,REAL,SAME_BAR_BARRIER_TIE,286
NQ,mult_U_0.5,15,0.5,REAL,NEITHER_REACHED,1
NQ,mult_U_0.5,15,0.5,SYNTHETIC,CONTINUATION_FIRST,464
NQ,mult_U_0.5,15,0.5,SYNTHETIC,REJECTION_FIRST,356
NQ,mult_U_0.5,15,0.5,SYNTHETIC,SAME_BAR_BARRIER_TIE,268
NQ,mult_U_0.5,15,0.5,SYNTHETIC,NEITHER_REACHED,1
NQ,mult_U_0.5,15,1.0,REAL,CONTINUATION_FIRST,540
NQ,mult_U_0.5,15,1.0,REAL,REJECTION_FIRST,493
NQ,mult_U_0.5,15,1.0,REAL,SAME_BAR_BARRIER_TIE,101
NQ,mult_U_0.5,15,1.0,REAL,NEITHER_REACHED,6
NQ,mult_U_0.5,15,1.0,SYNTHETIC,CONTINUATION_FIRST,529
NQ,mult_U_0.5,15,1.0,SYNTHETIC,REJECTION_FIRST,467
NQ,mult_U_0.5,15,1.0,SYNTHETIC,SAME_BAR_BARRIER_TIE,87
NQ,mult_U_0.5,15,1.0,SYNTHETIC,NEITHER_REACHED,6
NQ,mult_U_0.5,15,1.5,REAL,CONTINUATION_FIRST,556
NQ,mult_U_0.5,15,1.5,REAL,REJECTION_FIRST,532
NQ,mult_U_0.5,15,1.5,REAL,SAME_BAR_BARRIER_TIE,36
NQ,mult_U_0.5,15,1.5,REAL,NEITHER_REACHED,16
NQ,mult_U_0.5,15,1.5,SYNTHETIC,CONTINUATION_FIRST,536
NQ,mult_U_0.5,15,1.5,SYNTHETIC,REJECTION_FIRST,496
NQ,mult_U_0.5,15,1.5,SYNTHETIC,SAME_BAR_BARRIER_TIE,38
NQ,mult_U_0.5,15,1.5,SYNTHETIC,NEITHER_REACHED,19
NQ,mult_U_0.5,15,2.0,REAL,CONTINUATION_FIRST,557
NQ,mult_U_0.5,15,2.0,REAL,REJECTION_FIRST,528
NQ,mult_U_0.5,15,2.0,REAL,NEITHER_REACHED,42
NQ,mult_U_0.5,15,2.0,REAL,SAME_BAR_BARRIER_TIE,13
NQ,mult_U_0.5,15,2.0,SYNTHETIC,CONTINUATION_FIRST,519
NQ,mult_U_0.5,15,2.0,SYNTHETIC,REJECTION_FIRST,512
NQ,mult_U_0.5,15,2.0,SYNTHETIC,NEITHER_REACHED,48
NQ,mult_U_0.5,15,2.0,SYNTHETIC,SAME_BAR_BARRIER_TIE,10
NQ,mult_U_1.0,1,0.5,REAL,CONTINUATION_FIRST,410
NQ,mult_U_1.0,1,0.5,REAL,REJECTION_FIRST,354
NQ,mult_U_1.0,1,0.5,REAL,SAME_BAR_BARRIER_TIE,262
NQ,mult_U_1.0,1,0.5,REAL,NEITHER_REACHED,20
NQ,mult_U_1.0,1,0.5,SYNTHETIC,CONTINUATION_FIRST,414
NQ,mult_U_1.0,1,0.5,SYNTHETIC,REJECTION_FIRST,339
NQ,mult_U_1.0,1,0.5,SYNTHETIC,SAME_BAR_BARRIER_TIE,231
NQ,mult_U_1.0,1,0.5,SYNTHETIC,NEITHER_REACHED,17
NQ,mult_U_1.0,1,1.0,REAL,CONTINUATION_FIRST,419
NQ,mult_U_1.0,1,1.0,REAL,REJECTION_FIRST,349
NQ,mult_U_1.0,1,1.0,REAL,NEITHER_REACHED,197
NQ,mult_U_1.0,1,1.0,REAL,SAME_BAR_BARRIER_TIE,81
NQ,mult_U_1.0,1,1.0,SYNTHETIC,CONTINUATION_FIRST,414
NQ,mult_U_1.0,1,1.0,SYNTHETIC,REJECTION_FIRST,331
NQ,mult_U_1.0,1,1.0,SYNTHETIC,NEITHER_REACHED,187
NQ,mult_U_1.0,1,1.0,SYNTHETIC,SAME_BAR_BARRIER_TIE,69
NQ,mult_U_1.0,1,1.5,REAL,NEITHER_REACHED,418
NQ,mult_U_1.0,1,1.5,REAL,CONTINUATION_FIRST,309
NQ,mult_U_1.0,1,1.5,REAL,REJECTION_FIRST,288
NQ,mult_U_1.0,1,1.5,REAL,SAME_BAR_BARRIER_TIE,31
NQ,mult_U_1.0,1,1.5,SYNTHETIC,NEITHER_REACHED,435
NQ,mult_U_1.0,1,1.5,SYNTHETIC,CONTINUATION_FIRST,283
NQ,mult_U_1.0,1,1.5,SYNTHETIC,REJECTION_FIRST,261
NQ,mult_U_1.0,1,1.5,SYNTHETIC,SAME_BAR_BARRIER_TIE,22
NQ,mult_U_1.0,1,2.0,REAL,NEITHER_REACHED,608
NQ,mult_U_1.0,1,2.0,REAL,REJECTION_FIRST,216
NQ,mult_U_1.0,1,2.0,REAL,CONTINUATION_FIRST,211
NQ,mult_U_1.0,1,2.0,REAL,SAME_BAR_BARRIER_TIE,11
NQ,mult_U_1.0,1,2.0,SYNTHETIC,NEITHER_REACHED,582
NQ,mult_U_1.0,1,2.0,SYNTHETIC,CONTINUATION_FIRST,210
NQ,mult_U_1.0,1,2.0,SYNTHETIC,REJECTION_FIRST,202
NQ,mult_U_1.0,1,2.0,SYNTHETIC,SAME_BAR_BARRIER_TIE,7
NQ,mult_U_1.0,3,0.5,REAL,CONTINUATION_FIRST,418
NQ,mult_U_1.0,3,0.5,REAL,REJECTION_FIRST,360
NQ,mult_U_1.0,3,0.5,REAL,SAME_BAR_BARRIER_TIE,264
NQ,mult_U_1.0,3,0.5,REAL,NEITHER_REACHED,4
NQ,mult_U_1.0,3,0.5,SYNTHETIC,CONTINUATION_FIRST,422
NQ,mult_U_1.0,3,0.5,SYNTHETIC,REJECTION_FIRST,345
NQ,mult_U_1.0,3,0.5,SYNTHETIC,SAME_BAR_BARRIER_TIE,232
NQ,mult_U_1.0,3,0.5,SYNTHETIC,NEITHER_REACHED,2
NQ,mult_U_1.0,3,1.0,REAL,CONTINUATION_FIRST,491
NQ,mult_U_1.0,3,1.0,REAL,REJECTION_FIRST,437
NQ,mult_U_1.0,3,1.0,REAL,SAME_BAR_BARRIER_TIE,82
NQ,mult_U_1.0,3,1.0,REAL,NEITHER_REACHED,36
NQ,mult_U_1.0,3,1.0,SYNTHETIC,CONTINUATION_FIRST,480
NQ,mult_U_1.0,3,1.0,SYNTHETIC,REJECTION_FIRST,395
NQ,mult_U_1.0,3,1.0,SYNTHETIC,SAME_BAR_BARRIER_TIE,72
NQ,mult_U_1.0,3,1.0,SYNTHETIC,NEITHER_REACHED,54
NQ,mult_U_1.0,3,1.5,REAL,CONTINUATION_FIRST,432
NQ,mult_U_1.0,3,1.5,REAL,REJECTION_FIRST,411
NQ,mult_U_1.0,3,1.5,REAL,NEITHER_REACHED,172
NQ,mult_U_1.0,3,1.5,REAL,SAME_BAR_BARRIER_TIE,31
NQ,mult_U_1.0,3,1.5,SYNTHETIC,CONTINUATION_FIRST,413
NQ,mult_U_1.0,3,1.5,SYNTHETIC,REJECTION_FIRST,390
NQ,mult_U_1.0,3,1.5,SYNTHETIC,NEITHER_REACHED,175
NQ,mult_U_1.0,3,1.5,SYNTHETIC,SAME_BAR_BARRIER_TIE,23
NQ,mult_U_1.0,3,2.0,REAL,REJECTION_FIRST,358
NQ,mult_U_1.0,3,2.0,REAL,CONTINUATION_FIRST,354
NQ,mult_U_1.0,3,2.0,REAL,NEITHER_REACHED,322
NQ,mult_U_1.0,3,2.0,REAL,SAME_BAR_BARRIER_TIE,12
NQ,mult_U_1.0,3,2.0,SYNTHETIC,REJECTION_FIRST,344
NQ,mult_U_1.0,3,2.0,SYNTHETIC,CONTINUATION_FIRST,334
NQ,mult_U_1.0,3,2.0,SYNTHETIC,NEITHER_REACHED,315
NQ,mult_U_1.0,3,2.0,SYNTHETIC,SAME_BAR_BARRIER_TIE,8
NQ,mult_U_1.0,5,0.5,REAL,CONTINUATION_FIRST,418
NQ,mult_U_1.0,5,0.5,REAL,REJECTION_FIRST,360
NQ,mult_U_1.0,5,0.5,REAL,SAME_BAR_BARRIER_TIE,264
NQ,mult_U_1.0,5,0.5,REAL,NEITHER_REACHED,4
NQ,mult_U_1.0,5,0.5,SYNTHETIC,CONTINUATION_FIRST,422
NQ,mult_U_1.0,5,0.5,SYNTHETIC,REJECTION_FIRST,345
NQ,mult_U_1.0,5,0.5,SYNTHETIC,SAME_BAR_BARRIER_TIE,232
NQ,mult_U_1.0,5,0.5,SYNTHETIC,NEITHER_REACHED,2
NQ,mult_U_1.0,5,1.0,REAL,CONTINUATION_FIRST,505
NQ,mult_U_1.0,5,1.0,REAL,REJECTION_FIRST,444
NQ,mult_U_1.0,5,1.0,REAL,SAME_BAR_BARRIER_TIE,82
NQ,mult_U_1.0,5,1.0,REAL,NEITHER_REACHED,15
NQ,mult_U_1.0,5,1.0,SYNTHETIC,CONTINUATION_FIRST,500
NQ,mult_U_1.0,5,1.0,SYNTHETIC,REJECTION_FIRST,406
NQ,mult_U_1.0,5,1.0,SYNTHETIC,SAME_BAR_BARRIER_TIE,72
NQ,mult_U_1.0,5,1.0,SYNTHETIC,NEITHER_REACHED,23
NQ,mult_U_1.0,5,1.5,REAL,CONTINUATION_FIRST,479
NQ,mult_U_1.0,5,1.5,REAL,REJECTION_FIRST,452
NQ,mult_U_1.0,5,1.5,REAL,NEITHER_REACHED,84
NQ,mult_U_1.0,5,1.5,REAL,SAME_BAR_BARRIER_TIE,31
NQ,mult_U_1.0,5,1.5,SYNTHETIC,CONTINUATION_FIRST,456
NQ,mult_U_1.0,5,1.5,SYNTHETIC,REJECTION_FIRST,431
NQ,mult_U_1.0,5,1.5,SYNTHETIC,NEITHER_REACHED,91
NQ,mult_U_1.0,5,1.5,SYNTHETIC,SAME_BAR_BARRIER_TIE,23
NQ,mult_U_1.0,5,2.0,REAL,REJECTION_FIRST,423
NQ,mult_U_1.0,5,2.0,REAL,CONTINUATION_FIRST,417
NQ,mult_U_1.0,5,2.0,REAL,NEITHER_REACHED,194
NQ,mult_U_1.0,5,2.0,REAL,SAME_BAR_BARRIER_TIE,12
NQ,mult_U_1.0,5,2.0,SYNTHETIC,REJECTION_FIRST,405
NQ,mult_U_1.0,5,2.0,SYNTHETIC,CONTINUATION_FIRST,392
NQ,mult_U_1.0,5,2.0,SYNTHETIC,NEITHER_REACHED,196
NQ,mult_U_1.0,5,2.0,SYNTHETIC,SAME_BAR_BARRIER_TIE,8
NQ,mult_U_1.0,10,0.5,REAL,CONTINUATION_FIRST,419
NQ,mult_U_1.0,10,0.5,REAL,REJECTION_FIRST,360
NQ,mult_U_1.0,10,0.5,REAL,SAME_BAR_BARRIER_TIE,264
NQ,mult_U_1.0,10,0.5,REAL,NEITHER_REACHED,3
NQ,mult_U_1.0,10,0.5,SYNTHETIC,CONTINUATION_FIRST,423
NQ,mult_U_1.0,10,0.5,SYNTHETIC,REJECTION_FIRST,345
NQ,mult_U_1.0,10,0.5,SYNTHETIC,SAME_BAR_BARRIER_TIE,232
NQ,mult_U_1.0,10,0.5,SYNTHETIC,NEITHER_REACHED,1
NQ,mult_U_1.0,10,1.0,REAL,CONTINUATION_FIRST,507
NQ,mult_U_1.0,10,1.0,REAL,REJECTION_FIRST,450
NQ,mult_U_1.0,10,1.0,REAL,SAME_BAR_BARRIER_TIE,82
NQ,mult_U_1.0,10,1.0,REAL,NEITHER_REACHED,7
NQ,mult_U_1.0,10,1.0,SYNTHETIC,CONTINUATION_FIRST,510
NQ,mult_U_1.0,10,1.0,SYNTHETIC,REJECTION_FIRST,411
NQ,mult_U_1.0,10,1.0,SYNTHETIC,SAME_BAR_BARRIER_TIE,72
NQ,mult_U_1.0,10,1.0,SYNTHETIC,NEITHER_REACHED,8
NQ,mult_U_1.0,10,1.5,REAL,CONTINUATION_FIRST,507
NQ,mult_U_1.0,10,1.5,REAL,REJECTION_FIRST,481
NQ,mult_U_1.0,10,1.5,REAL,SAME_BAR_BARRIER_TIE,32
NQ,mult_U_1.0,10,1.5,REAL,NEITHER_REACHED,26
NQ,mult_U_1.0,10,1.5,SYNTHETIC,CONTINUATION_FIRST,489
NQ,mult_U_1.0,10,1.5,SYNTHETIC,REJECTION_FIRST,461
NQ,mult_U_1.0,10,1.5,SYNTHETIC,NEITHER_REACHED,28
NQ,mult_U_1.0,10,1.5,SYNTHETIC,SAME_BAR_BARRIER_TIE,23
NQ,mult_U_1.0,10,2.0,REAL,CONTINUATION_FIRST,483
NQ,mult_U_1.0,10,2.0,REAL,REJECTION_FIRST,475
NQ,mult_U_1.0,10,2.0,REAL,NEITHER_REACHED,76
NQ,mult_U_1.0,10,2.0,REAL,SAME_BAR_BARRIER_TIE,12
NQ,mult_U_1.0,10,2.0,SYNTHETIC,REJECTION_FIRST,455
NQ,mult_U_1.0,10,2.0,SYNTHETIC,CONTINUATION_FIRST,449
NQ,mult_U_1.0,10,2.0,SYNTHETIC,NEITHER_REACHED,89
NQ,mult_U_1.0,10,2.0,SYNTHETIC,SAME_BAR_BARRIER_TIE,8
NQ,mult_U_1.0,15,0.5,REAL,CONTINUATION_FIRST,420
NQ,mult_U_1.0,15,0.5,REAL,REJECTION_FIRST,360
NQ,mult_U_1.0,15,0.5,REAL,SAME_BAR_BARRIER_TIE,264
NQ,mult_U_1.0,15,0.5,REAL,NEITHER_REACHED,2
NQ,mult_U_1.0,15,0.5,SYNTHETIC,CONTINUATION_FIRST,423
NQ,mult_U_1.0,15,0.5,SYNTHETIC,REJECTION_FIRST,345
NQ,mult_U_1.0,15,0.5,SYNTHETIC,SAME_BAR_BARRIER_TIE,232
NQ,mult_U_1.0,15,0.5,SYNTHETIC,NEITHER_REACHED,1
NQ,mult_U_1.0,15,1.0,REAL,CONTINUATION_FIRST,507
NQ,mult_U_1.0,15,1.0,REAL,REJECTION_FIRST,451
NQ,mult_U_1.0,15,1.0,REAL,SAME_BAR_BARRIER_TIE,82
NQ,mult_U_1.0,15,1.0,REAL,NEITHER_REACHED,6
NQ,mult_U_1.0,15,1.0,SYNTHETIC,CONTINUATION_FIRST,511
NQ,mult_U_1.0,15,1.0,SYNTHETIC,REJECTION_FIRST,413
NQ,mult_U_1.0,15,1.0,SYNTHETIC,SAME_BAR_BARRIER_TIE,72
NQ,mult_U_1.0,15,1.0,SYNTHETIC,NEITHER_REACHED,5
NQ,mult_U_1.0,15,1.5,REAL,CONTINUATION_FIRST,511
NQ,mult_U_1.0,15,1.5,REAL,REJECTION_FIRST,487
NQ,mult_U_1.0,15,1.5,REAL,SAME_BAR_BARRIER_TIE,32
NQ,mult_U_1.0,15,1.5,REAL,NEITHER_REACHED,16
NQ,mult_U_1.0,15,1.5,SYNTHETIC,CONTINUATION_FIRST,494
NQ,mult_U_1.0,15,1.5,SYNTHETIC,REJECTION_FIRST,467
NQ,mult_U_1.0,15,1.5,SYNTHETIC,SAME_BAR_BARRIER_TIE,23
NQ,mult_U_1.0,15,1.5,SYNTHETIC,NEITHER_REACHED,17
NQ,mult_U_1.0,15,2.0,REAL,CONTINUATION_FIRST,504
NQ,mult_U_1.0,15,2.0,REAL,REJECTION_FIRST,488
NQ,mult_U_1.0,15,2.0,REAL,NEITHER_REACHED,42
NQ,mult_U_1.0,15,2.0,REAL,SAME_BAR_BARRIER_TIE,12
NQ,mult_U_1.0,15,2.0,SYNTHETIC,REJECTION_FIRST,472
NQ,mult_U_1.0,15,2.0,SYNTHETIC,CONTINUATION_FIRST,470
NQ,mult_U_1.0,15,2.0,SYNTHETIC,NEITHER_REACHED,51
NQ,mult_U_1.0,15,2.0,SYNTHETIC,SAME_BAR_BARRIER_TIE,8
NQ,mult_U_1.5,1,0.5,REAL,CONTINUATION_FIRST,393
NQ,mult_U_1.5,1,0.5,REAL,REJECTION_FIRST,324
NQ,mult_U_1.5,1,0.5,REAL,SAME_BAR_BARRIER_TIE,230
NQ,mult_U_1.5,1,0.5,REAL,NEITHER_REACHED,14
NQ,mult_U_1.5,1,0.5,SYNTHETIC,CONTINUATION_FIRST,373
NQ,mult_U_1.5,1,0.5,SYNTHETIC,REJECTION_FIRST,302
NQ,mult_U_1.5,1,0.5,SYNTHETIC,SAME_BAR_BARRIER_TIE,222
NQ,mult_U_1.5,1,0.5,SYNTHETIC,NEITHER_REACHED,23
NQ,mult_U_1.5,1,1.0,REAL,CONTINUATION_FIRST,367
NQ,mult_U_1.5,1,1.0,REAL,REJECTION_FIRST,320
NQ,mult_U_1.5,1,1.0,REAL,NEITHER_REACHED,204
NQ,mult_U_1.5,1,1.0,REAL,SAME_BAR_BARRIER_TIE,70
NQ,mult_U_1.5,1,1.0,SYNTHETIC,CONTINUATION_FIRST,347
NQ,mult_U_1.5,1,1.0,SYNTHETIC,REJECTION_FIRST,291
NQ,mult_U_1.5,1,1.0,SYNTHETIC,NEITHER_REACHED,226
NQ,mult_U_1.5,1,1.0,SYNTHETIC,SAME_BAR_BARRIER_TIE,56
NQ,mult_U_1.5,1,1.5,REAL,NEITHER_REACHED,425
NQ,mult_U_1.5,1,1.5,REAL,CONTINUATION_FIRST,261
NQ,mult_U_1.5,1,1.5,REAL,REJECTION_FIRST,256
NQ,mult_U_1.5,1,1.5,REAL,SAME_BAR_BARRIER_TIE,19
NQ,mult_U_1.5,1,1.5,SYNTHETIC,NEITHER_REACHED,435
NQ,mult_U_1.5,1,1.5,SYNTHETIC,CONTINUATION_FIRST,242
NQ,mult_U_1.5,1,1.5,SYNTHETIC,REJECTION_FIRST,224
NQ,mult_U_1.5,1,1.5,SYNTHETIC,SAME_BAR_BARRIER_TIE,19
NQ,mult_U_1.5,1,2.0,REAL,NEITHER_REACHED,594
NQ,mult_U_1.5,1,2.0,REAL,REJECTION_FIRST,185
NQ,mult_U_1.5,1,2.0,REAL,CONTINUATION_FIRST,170
NQ,mult_U_1.5,1,2.0,REAL,SAME_BAR_BARRIER_TIE,12
NQ,mult_U_1.5,1,2.0,SYNTHETIC,NEITHER_REACHED,583
NQ,mult_U_1.5,1,2.0,SYNTHETIC,CONTINUATION_FIRST,163
NQ,mult_U_1.5,1,2.0,SYNTHETIC,REJECTION_FIRST,162
NQ,mult_U_1.5,1,2.0,SYNTHETIC,SAME_BAR_BARRIER_TIE,12
NQ,mult_U_1.5,3,0.5,REAL,CONTINUATION_FIRST,400
NQ,mult_U_1.5,3,0.5,REAL,REJECTION_FIRST,330
NQ,mult_U_1.5,3,0.5,REAL,SAME_BAR_BARRIER_TIE,230
NQ,mult_U_1.5,3,0.5,REAL,NEITHER_REACHED,1
NQ,mult_U_1.5,3,0.5,SYNTHETIC,CONTINUATION_FIRST,383
NQ,mult_U_1.5,3,0.5,SYNTHETIC,REJECTION_FIRST,311
NQ,mult_U_1.5,3,0.5,SYNTHETIC,SAME_BAR_BARRIER_TIE,224
NQ,mult_U_1.5,3,0.5,SYNTHETIC,NEITHER_REACHED,2
NQ,mult_U_1.5,3,1.0,REAL,CONTINUATION_FIRST,448
NQ,mult_U_1.5,3,1.0,REAL,REJECTION_FIRST,381
NQ,mult_U_1.5,3,1.0,REAL,SAME_BAR_BARRIER_TIE,71
NQ,mult_U_1.5,3,1.0,REAL,NEITHER_REACHED,61
NQ,mult_U_1.5,3,1.0,SYNTHETIC,CONTINUATION_FIRST,429
NQ,mult_U_1.5,3,1.0,SYNTHETIC,REJECTION_FIRST,367
NQ,mult_U_1.5,3,1.0,SYNTHETIC,NEITHER_REACHED,64
NQ,mult_U_1.5,3,1.0,SYNTHETIC,SAME_BAR_BARRIER_TIE,60
NQ,mult_U_1.5,3,1.5,REAL,CONTINUATION_FIRST,384
NQ,mult_U_1.5,3,1.5,REAL,REJECTION_FIRST,360
NQ,mult_U_1.5,3,1.5,REAL,NEITHER_REACHED,195
NQ,mult_U_1.5,3,1.5,REAL,SAME_BAR_BARRIER_TIE,22
NQ,mult_U_1.5,3,1.5,SYNTHETIC,CONTINUATION_FIRST,365
NQ,mult_U_1.5,3,1.5,SYNTHETIC,REJECTION_FIRST,333
NQ,mult_U_1.5,3,1.5,SYNTHETIC,NEITHER_REACHED,203
NQ,mult_U_1.5,3,1.5,SYNTHETIC,SAME_BAR_BARRIER_TIE,19
NQ,mult_U_1.5,3,2.0,REAL,NEITHER_REACHED,331
NQ,mult_U_1.5,3,2.0,REAL,REJECTION_FIRST,321
NQ,mult_U_1.5,3,2.0,REAL,CONTINUATION_FIRST,297
NQ,mult_U_1.5,3,2.0,REAL,SAME_BAR_BARRIER_TIE,12
NQ,mult_U_1.5,3,2.0,SYNTHETIC,NEITHER_REACHED,344
NQ,mult_U_1.5,3,2.0,SYNTHETIC,CONTINUATION_FIRST,283
NQ,mult_U_1.5,3,2.0,SYNTHETIC,REJECTION_FIRST,281
NQ,mult_U_1.5,3,2.0,SYNTHETIC,SAME_BAR_BARRIER_TIE,12
NQ,mult_U_1.5,5,0.5,REAL,CONTINUATION_FIRST,400
NQ,mult_U_1.5,5,0.5,REAL,REJECTION_FIRST,330
NQ,mult_U_1.5,5,0.5,REAL,SAME_BAR_BARRIER_TIE,230
NQ,mult_U_1.5,5,0.5,REAL,NEITHER_REACHED,1
NQ,mult_U_1.5,5,0.5,SYNTHETIC,CONTINUATION_FIRST,384
NQ,mult_U_1.5,5,0.5,SYNTHETIC,REJECTION_FIRST,311
NQ,mult_U_1.5,5,0.5,SYNTHETIC,SAME_BAR_BARRIER_TIE,224
NQ,mult_U_1.5,5,0.5,SYNTHETIC,NEITHER_REACHED,1
NQ,mult_U_1.5,5,1.0,REAL,CONTINUATION_FIRST,473
NQ,mult_U_1.5,5,1.0,REAL,REJECTION_FIRST,399
NQ,mult_U_1.5,5,1.0,REAL,SAME_BAR_BARRIER_TIE,71
NQ,mult_U_1.5,5,1.0,REAL,NEITHER_REACHED,18
NQ,mult_U_1.5,5,1.0,SYNTHETIC,CONTINUATION_FIRST,447
NQ,mult_U_1.5,5,1.0,SYNTHETIC,REJECTION_FIRST,384
NQ,mult_U_1.5,5,1.0,SYNTHETIC,SAME_BAR_BARRIER_TIE,61
NQ,mult_U_1.5,5,1.0,SYNTHETIC,NEITHER_REACHED,28
NQ,mult_U_1.5,5,1.5,REAL,CONTINUATION_FIRST,434
NQ,mult_U_1.5,5,1.5,REAL,REJECTION_FIRST,407
NQ,mult_U_1.5,5,1.5,REAL,NEITHER_REACHED,98
NQ,mult_U_1.5,5,1.5,REAL,SAME_BAR_BARRIER_TIE,22
NQ,mult_U_1.5,5,1.5,SYNTHETIC,CONTINUATION_FIRST,416
NQ,mult_U_1.5,5,1.5,SYNTHETIC,REJECTION_FIRST,387
NQ,mult_U_1.5,5,1.5,SYNTHETIC,NEITHER_REACHED,98
NQ,mult_U_1.5,5,1.5,SYNTHETIC,SAME_BAR_BARRIER_TIE,19
NQ,mult_U_1.5,5,2.0,REAL,REJECTION_FIRST,393
NQ,mult_U_1.5,5,2.0,REAL,CONTINUATION_FIRST,367
NQ,mult_U_1.5,5,2.0,REAL,NEITHER_REACHED,189
NQ,mult_U_1.5,5,2.0,REAL,SAME_BAR_BARRIER_TIE,12
NQ,mult_U_1.5,5,2.0,SYNTHETIC,CONTINUATION_FIRST,363
NQ,mult_U_1.5,5,2.0,SYNTHETIC,REJECTION_FIRST,347
NQ,mult_U_1.5,5,2.0,SYNTHETIC,NEITHER_REACHED,198
NQ,mult_U_1.5,5,2.0,SYNTHETIC,SAME_BAR_BARRIER_TIE,12
NQ,mult_U_1.5,10,0.5,REAL,CONTINUATION_FIRST,400
NQ,mult_U_1.5,10,0.5,REAL,REJECTION_FIRST,331
NQ,mult_U_1.5,10,0.5,REAL,SAME_BAR_BARRIER_TIE,230
NQ,mult_U_1.5,10,0.5,SYNTHETIC,CONTINUATION_FIRST,384
NQ,mult_U_1.5,10,0.5,SYNTHETIC,REJECTION_FIRST,311
NQ,mult_U_1.5,10,0.5,SYNTHETIC,SAME_BAR_BARRIER_TIE,224
NQ,mult_U_1.5,10,0.5,SYNTHETIC,NEITHER_REACHED,1
NQ,mult_U_1.5,10,1.0,REAL,CONTINUATION_FIRST,480
NQ,mult_U_1.5,10,1.0,REAL,REJECTION_FIRST,404
NQ,mult_U_1.5,10,1.0,REAL,SAME_BAR_BARRIER_TIE,71
NQ,mult_U_1.5,10,1.0,REAL,NEITHER_REACHED,6
NQ,mult_U_1.5,10,1.0,SYNTHETIC,CONTINUATION_FIRST,459
NQ,mult_U_1.5,10,1.0,SYNTHETIC,REJECTION_FIRST,395
NQ,mult_U_1.5,10,1.0,SYNTHETIC,SAME_BAR_BARRIER_TIE,61
NQ,mult_U_1.5,10,1.0,SYNTHETIC,NEITHER_REACHED,5
NQ,mult_U_1.5,10,1.5,REAL,CONTINUATION_FIRST,471
NQ,mult_U_1.5,10,1.5,REAL,REJECTION_FIRST,437
NQ,mult_U_1.5,10,1.5,REAL,NEITHER_REACHED,31
NQ,mult_U_1.5,10,1.5,REAL,SAME_BAR_BARRIER_TIE,22
NQ,mult_U_1.5,10,1.5,SYNTHETIC,CONTINUATION_FIRST,449
NQ,mult_U_1.5,10,1.5,SYNTHETIC,REJECTION_FIRST,414
NQ,mult_U_1.5,10,1.5,SYNTHETIC,NEITHER_REACHED,38
NQ,mult_U_1.5,10,1.5,SYNTHETIC,SAME_BAR_BARRIER_TIE,19
NQ,mult_U_1.5,10,2.0,REAL,REJECTION_FIRST,449
NQ,mult_U_1.5,10,2.0,REAL,CONTINUATION_FIRST,418
NQ,mult_U_1.5,10,2.0,REAL,NEITHER_REACHED,82
NQ,mult_U_1.5,10,2.0,REAL,SAME_BAR_BARRIER_TIE,12
NQ,mult_U_1.5,10,2.0,SYNTHETIC,CONTINUATION_FIRST,415
NQ,mult_U_1.5,10,2.0,SYNTHETIC,REJECTION_FIRST,402
NQ,mult_U_1.5,10,2.0,SYNTHETIC,NEITHER_REACHED,91
NQ,mult_U_1.5,10,2.0,SYNTHETIC,SAME_BAR_BARRIER_TIE,12
NQ,mult_U_1.5,15,0.5,REAL,CONTINUATION_FIRST,400
NQ,mult_U_1.5,15,0.5,REAL,REJECTION_FIRST,331
NQ,mult_U_1.5,15,0.5,REAL,SAME_BAR_BARRIER_TIE,230
NQ,mult_U_1.5,15,0.5,SYNTHETIC,CONTINUATION_FIRST,384
NQ,mult_U_1.5,15,0.5,SYNTHETIC,REJECTION_FIRST,312
NQ,mult_U_1.5,15,0.5,SYNTHETIC,SAME_BAR_BARRIER_TIE,224
NQ,mult_U_1.5,15,1.0,REAL,CONTINUATION_FIRST,481
NQ,mult_U_1.5,15,1.0,REAL,REJECTION_FIRST,406
NQ,mult_U_1.5,15,1.0,REAL,SAME_BAR_BARRIER_TIE,71
NQ,mult_U_1.5,15,1.0,REAL,NEITHER_REACHED,3
NQ,mult_U_1.5,15,1.0,SYNTHETIC,CONTINUATION_FIRST,461
NQ,mult_U_1.5,15,1.0,SYNTHETIC,REJECTION_FIRST,397
NQ,mult_U_1.5,15,1.0,SYNTHETIC,SAME_BAR_BARRIER_TIE,61
NQ,mult_U_1.5,15,1.0,SYNTHETIC,NEITHER_REACHED,1
NQ,mult_U_1.5,15,1.5,REAL,CONTINUATION_FIRST,485
NQ,mult_U_1.5,15,1.5,REAL,REJECTION_FIRST,446
NQ,mult_U_1.5,15,1.5,REAL,SAME_BAR_BARRIER_TIE,22
NQ,mult_U_1.5,15,1.5,REAL,NEITHER_REACHED,8
NQ,mult_U_1.5,15,1.5,SYNTHETIC,CONTINUATION_FIRST,460
NQ,mult_U_1.5,15,1.5,SYNTHETIC,REJECTION_FIRST,422
NQ,mult_U_1.5,15,1.5,SYNTHETIC,SAME_BAR_BARRIER_TIE,19
NQ,mult_U_1.5,15,1.5,SYNTHETIC,NEITHER_REACHED,19
NQ,mult_U_1.5,15,2.0,REAL,REJECTION_FIRST,460
NQ,mult_U_1.5,15,2.0,REAL,CONTINUATION_FIRST,440
NQ,mult_U_1.5,15,2.0,REAL,NEITHER_REACHED,49
NQ,mult_U_1.5,15,2.0,REAL,SAME_BAR_BARRIER_TIE,12
NQ,mult_U_1.5,15,2.0,SYNTHETIC,CONTINUATION_FIRST,437
NQ,mult_U_1.5,15,2.0,SYNTHETIC,REJECTION_FIRST,420
NQ,mult_U_1.5,15,2.0,SYNTHETIC,NEITHER_REACHED,51
NQ,mult_U_1.5,15,2.0,SYNTHETIC,SAME_BAR_BARRIER_TIE,12
NQ,mult_U_2.0,1,0.5,REAL,CONTINUATION_FIRST,329
NQ,mult_U_2.0,1,0.5,REAL,REJECTION_FIRST,313
NQ,mult_U_2.0,1,0.5,REAL,SAME_BAR_BARRIER_TIE,208
NQ,mult_U_2.0,1,0.5,REAL,NEITHER_REACHED,26
NQ,mult_U_2.0,1,0.5,SYNTHETIC,CONTINUATION_FIRST,304
NQ,mult_U_2.0,1,0.5,SYNTHETIC,REJECTION_FIRST,294
NQ,mult_U_2.0,1,0.5,SYNTHETIC,SAME_BAR_BARRIER_TIE,169
NQ,mult_U_2.0,1,0.5,SYNTHETIC,NEITHER_REACHED,23
NQ,mult_U_2.0,1,1.0,REAL,CONTINUATION_FIRST,319
NQ,mult_U_2.0,1,1.0,REAL,REJECTION_FIRST,300
NQ,mult_U_2.0,1,1.0,REAL,NEITHER_REACHED,211
NQ,mult_U_2.0,1,1.0,REAL,SAME_BAR_BARRIER_TIE,46
NQ,mult_U_2.0,1,1.0,SYNTHETIC,CONTINUATION_FIRST,279
NQ,mult_U_2.0,1,1.0,SYNTHETIC,REJECTION_FIRST,257
NQ,mult_U_2.0,1,1.0,SYNTHETIC,NEITHER_REACHED,218
NQ,mult_U_2.0,1,1.0,SYNTHETIC,SAME_BAR_BARRIER_TIE,36
NQ,mult_U_2.0,1,1.5,REAL,NEITHER_REACHED,434
NQ,mult_U_2.0,1,1.5,REAL,CONTINUATION_FIRST,216
NQ,mult_U_2.0,1,1.5,REAL,REJECTION_FIRST,208
NQ,mult_U_2.0,1,1.5,REAL,SAME_BAR_BARRIER_TIE,18
NQ,mult_U_2.0,1,1.5,SYNTHETIC,NEITHER_REACHED,397
NQ,mult_U_2.0,1,1.5,SYNTHETIC,CONTINUATION_FIRST,201
NQ,mult_U_2.0,1,1.5,SYNTHETIC,REJECTION_FIRST,175
NQ,mult_U_2.0,1,1.5,SYNTHETIC,SAME_BAR_BARRIER_TIE,17
NQ,mult_U_2.0,1,2.0,REAL,NEITHER_REACHED,568
NQ,mult_U_2.0,1,2.0,REAL,CONTINUATION_FIRST,151
NQ,mult_U_2.0,1,2.0,REAL,REJECTION_FIRST,146
NQ,mult_U_2.0,1,2.0,REAL,SAME_BAR_BARRIER_TIE,11
NQ,mult_U_2.0,1,2.0,SYNTHETIC,NEITHER_REACHED,527
NQ,mult_U_2.0,1,2.0,SYNTHETIC,CONTINUATION_FIRST,133
NQ,mult_U_2.0,1,2.0,SYNTHETIC,REJECTION_FIRST,122
NQ,mult_U_2.0,1,2.0,SYNTHETIC,SAME_BAR_BARRIER_TIE,8
NQ,mult_U_2.0,3,0.5,REAL,CONTINUATION_FIRST,338
NQ,mult_U_2.0,3,0.5,REAL,REJECTION_FIRST,326
NQ,mult_U_2.0,3,0.5,REAL,SAME_BAR_BARRIER_TIE,208
NQ,mult_U_2.0,3,0.5,REAL,NEITHER_REACHED,4
NQ,mult_U_2.0,3,0.5,SYNTHETIC,CONTINUATION_FIRST,318
NQ,mult_U_2.0,3,0.5,SYNTHETIC,REJECTION_FIRST,301
NQ,mult_U_2.0,3,0.5,SYNTHETIC,SAME_BAR_BARRIER_TIE,169
NQ,mult_U_2.0,3,0.5,SYNTHETIC,NEITHER_REACHED,2
NQ,mult_U_2.0,3,1.0,REAL,CONTINUATION_FIRST,392
NQ,mult_U_2.0,3,1.0,REAL,REJECTION_FIRST,382
NQ,mult_U_2.0,3,1.0,REAL,NEITHER_REACHED,55
NQ,mult_U_2.0,3,1.0,REAL,SAME_BAR_BARRIER_TIE,47
NQ,mult_U_2.0,3,1.0,SYNTHETIC,CONTINUATION_FIRST,364
NQ,mult_U_2.0,3,1.0,SYNTHETIC,REJECTION_FIRST,328
NQ,mult_U_2.0,3,1.0,SYNTHETIC,NEITHER_REACHED,60
NQ,mult_U_2.0,3,1.0,SYNTHETIC,SAME_BAR_BARRIER_TIE,38
NQ,mult_U_2.0,3,1.5,REAL,CONTINUATION_FIRST,339
NQ,mult_U_2.0,3,1.5,REAL,REJECTION_FIRST,338
NQ,mult_U_2.0,3,1.5,REAL,NEITHER_REACHED,181
NQ,mult_U_2.0,3,1.5,REAL,SAME_BAR_BARRIER_TIE,18
NQ,mult_U_2.0,3,1.5,SYNTHETIC,CONTINUATION_FIRST,306
NQ,mult_U_2.0,3,1.5,SYNTHETIC,REJECTION_FIRST,276
NQ,mult_U_2.0,3,1.5,SYNTHETIC,NEITHER_REACHED,191
NQ,mult_U_2.0,3,1.5,SYNTHETIC,SAME_BAR_BARRIER_TIE,17
NQ,mult_U_2.0,3,2.0,REAL,NEITHER_REACHED,347
NQ,mult_U_2.0,3,2.0,REAL,CONTINUATION_FIRST,261
NQ,mult_U_2.0,3,2.0,REAL,REJECTION_FIRST,257
NQ,mult_U_2.0,3,2.0,REAL,SAME_BAR_BARRIER_TIE,11
NQ,mult_U_2.0,3,2.0,SYNTHETIC,NEITHER_REACHED,317
NQ,mult_U_2.0,3,2.0,SYNTHETIC,CONTINUATION_FIRST,236
NQ,mult_U_2.0,3,2.0,SYNTHETIC,REJECTION_FIRST,228
NQ,mult_U_2.0,3,2.0,SYNTHETIC,SAME_BAR_BARRIER_TIE,9
NQ,mult_U_2.0,5,0.5,REAL,CONTINUATION_FIRST,342
NQ,mult_U_2.0,5,0.5,REAL,REJECTION_FIRST,326
NQ,mult_U_2.0,5,0.5,REAL,SAME_BAR_BARRIER_TIE,208
NQ,mult_U_2.0,5,0.5,SYNTHETIC,CONTINUATION_FIRST,319
NQ,mult_U_2.0,5,0.5,SYNTHETIC,REJECTION_FIRST,301
NQ,mult_U_2.0,5,0.5,SYNTHETIC,SAME_BAR_BARRIER_TIE,169
NQ,mult_U_2.0,5,0.5,SYNTHETIC,NEITHER_REACHED,1
NQ,mult_U_2.0,5,1.0,REAL,CONTINUATION_FIRST,409
NQ,mult_U_2.0,5,1.0,REAL,REJECTION_FIRST,400
NQ,mult_U_2.0,5,1.0,REAL,SAME_BAR_BARRIER_TIE,47
NQ,mult_U_2.0,5,1.0,REAL,NEITHER_REACHED,20
NQ,mult_U_2.0,5,1.0,SYNTHETIC,CONTINUATION_FIRST,378
NQ,mult_U_2.0,5,1.0,SYNTHETIC,REJECTION_FIRST,343
NQ,mult_U_2.0,5,1.0,SYNTHETIC,SAME_BAR_BARRIER_TIE,38
NQ,mult_U_2.0,5,1.0,SYNTHETIC,NEITHER_REACHED,31
NQ,mult_U_2.0,5,1.5,REAL,CONTINUATION_FIRST,388
NQ,mult_U_2.0,5,1.5,REAL,REJECTION_FIRST,382
NQ,mult_U_2.0,5,1.5,REAL,NEITHER_REACHED,88
NQ,mult_U_2.0,5,1.5,REAL,SAME_BAR_BARRIER_TIE,18
NQ,mult_U_2.0,5,1.5,SYNTHETIC,CONTINUATION_FIRST,360
NQ,mult_U_2.0,5,1.5,SYNTHETIC,REJECTION_FIRST,311
NQ,mult_U_2.0,5,1.5,SYNTHETIC,NEITHER_REACHED,101
NQ,mult_U_2.0,5,1.5,SYNTHETIC,SAME_BAR_BARRIER_TIE,18
NQ,mult_U_2.0,5,2.0,REAL,CONTINUATION_FIRST,328
NQ,mult_U_2.0,5,2.0,REAL,REJECTION_FIRST,326
NQ,mult_U_2.0,5,2.0,REAL,NEITHER_REACHED,211
NQ,mult_U_2.0,5,2.0,REAL,SAME_BAR_BARRIER_TIE,11
NQ,mult_U_2.0,5,2.0,SYNTHETIC,CONTINUATION_FIRST,300
NQ,mult_U_2.0,5,2.0,SYNTHETIC,REJECTION_FIRST,277
NQ,mult_U_2.0,5,2.0,SYNTHETIC,NEITHER_REACHED,204
NQ,mult_U_2.0,5,2.0,SYNTHETIC,SAME_BAR_BARRIER_TIE,9
NQ,mult_U_2.0,10,0.5,REAL,CONTINUATION_FIRST,342
NQ,mult_U_2.0,10,0.5,REAL,REJECTION_FIRST,326
NQ,mult_U_2.0,10,0.5,REAL,SAME_BAR_BARRIER_TIE,208
NQ,mult_U_2.0,10,0.5,SYNTHETIC,CONTINUATION_FIRST,319
NQ,mult_U_2.0,10,0.5,SYNTHETIC,REJECTION_FIRST,302
NQ,mult_U_2.0,10,0.5,SYNTHETIC,SAME_BAR_BARRIER_TIE,169
NQ,mult_U_2.0,10,1.0,REAL,CONTINUATION_FIRST,421
NQ,mult_U_2.0,10,1.0,REAL,REJECTION_FIRST,405
NQ,mult_U_2.0,10,1.0,REAL,SAME_BAR_BARRIER_TIE,47
NQ,mult_U_2.0,10,1.0,REAL,NEITHER_REACHED,3
NQ,mult_U_2.0,10,1.0,SYNTHETIC,CONTINUATION_FIRST,388
NQ,mult_U_2.0,10,1.0,SYNTHETIC,REJECTION_FIRST,357
NQ,mult_U_2.0,10,1.0,SYNTHETIC,SAME_BAR_BARRIER_TIE,38
NQ,mult_U_2.0,10,1.0,SYNTHETIC,NEITHER_REACHED,7
NQ,mult_U_2.0,10,1.5,REAL,CONTINUATION_FIRST,415
NQ,mult_U_2.0,10,1.5,REAL,REJECTION_FIRST,412
NQ,mult_U_2.0,10,1.5,REAL,NEITHER_REACHED,31
NQ,mult_U_2.0,10,1.5,REAL,SAME_BAR_BARRIER_TIE,18
NQ,mult_U_2.0,10,1.5,SYNTHETIC,CONTINUATION_FIRST,388
NQ,mult_U_2.0,10,1.5,SYNTHETIC,REJECTION_FIRST,346
NQ,mult_U_2.0,10,1.5,SYNTHETIC,NEITHER_REACHED,38
NQ,mult_U_2.0,10,1.5,SYNTHETIC,SAME_BAR_BARRIER_TIE,18
NQ,mult_U_2.0,10,2.0,REAL,CONTINUATION_FIRST,393
NQ,mult_U_2.0,10,2.0,REAL,REJECTION_FIRST,384
NQ,mult_U_2.0,10,2.0,REAL,NEITHER_REACHED,88
NQ,mult_U_2.0,10,2.0,REAL,SAME_BAR_BARRIER_TIE,11
NQ,mult_U_2.0,10,2.0,SYNTHETIC,CONTINUATION_FIRST,352
NQ,mult_U_2.0,10,2.0,SYNTHETIC,REJECTION_FIRST,345
NQ,mult_U_2.0,10,2.0,SYNTHETIC,NEITHER_REACHED,84
NQ,mult_U_2.0,10,2.0,SYNTHETIC,SAME_BAR_BARRIER_TIE,9
NQ,mult_U_2.0,15,0.5,REAL,CONTINUATION_FIRST,342
NQ,mult_U_2.0,15,0.5,REAL,REJECTION_FIRST,326
NQ,mult_U_2.0,15,0.5,REAL,SAME_BAR_BARRIER_TIE,208
NQ,mult_U_2.0,15,0.5,SYNTHETIC,CONTINUATION_FIRST,319
NQ,mult_U_2.0,15,0.5,SYNTHETIC,REJECTION_FIRST,302
NQ,mult_U_2.0,15,0.5,SYNTHETIC,SAME_BAR_BARRIER_TIE,169
NQ,mult_U_2.0,15,1.0,REAL,CONTINUATION_FIRST,422
NQ,mult_U_2.0,15,1.0,REAL,REJECTION_FIRST,406
NQ,mult_U_2.0,15,1.0,REAL,SAME_BAR_BARRIER_TIE,47
NQ,mult_U_2.0,15,1.0,REAL,NEITHER_REACHED,1
NQ,mult_U_2.0,15,1.0,SYNTHETIC,CONTINUATION_FIRST,389
NQ,mult_U_2.0,15,1.0,SYNTHETIC,REJECTION_FIRST,359
NQ,mult_U_2.0,15,1.0,SYNTHETIC,SAME_BAR_BARRIER_TIE,38
NQ,mult_U_2.0,15,1.0,SYNTHETIC,NEITHER_REACHED,4
NQ,mult_U_2.0,15,1.5,REAL,CONTINUATION_FIRST,426
NQ,mult_U_2.0,15,1.5,REAL,REJECTION_FIRST,417
NQ,mult_U_2.0,15,1.5,REAL,SAME_BAR_BARRIER_TIE,18
NQ,mult_U_2.0,15,1.5,REAL,NEITHER_REACHED,15
NQ,mult_U_2.0,15,1.5,SYNTHETIC,CONTINUATION_FIRST,400
NQ,mult_U_2.0,15,1.5,SYNTHETIC,REJECTION_FIRST,354
NQ,mult_U_2.0,15,1.5,SYNTHETIC,SAME_BAR_BARRIER_TIE,18
NQ,mult_U_2.0,15,1.5,SYNTHETIC,NEITHER_REACHED,18
NQ,mult_U_2.0,15,2.0,REAL,CONTINUATION_FIRST,419
NQ,mult_U_2.0,15,2.0,REAL,REJECTION_FIRST,398
NQ,mult_U_2.0,15,2.0,REAL,NEITHER_REACHED,48
NQ,mult_U_2.0,15,2.0,REAL,SAME_BAR_BARRIER_TIE,11
NQ,mult_U_2.0,15,2.0,SYNTHETIC,CONTINUATION_FIRST,372
NQ,mult_U_2.0,15,2.0,SYNTHETIC,REJECTION_FIRST,364
NQ,mult_U_2.0,15,2.0,SYNTHETIC,NEITHER_REACHED,45
NQ,mult_U_2.0,15,2.0,SYNTHETIC,SAME_BAR_BARRIER_TIE,9
NQ,overnight_high,1,0.5,REAL,CONTINUATION_FIRST,246
NQ,overnight_high,1,0.5,REAL,REJECTION_FIRST,146
NQ,overnight_high,1,0.5,REAL,SAME_BAR_BARRIER_TIE,102
NQ,overnight_high,1,0.5,REAL,NEITHER_REACHED,13
NQ,overnight_high,1,0.5,SYNTHETIC,CONTINUATION_FIRST,338
NQ,overnight_high,1,0.5,SYNTHETIC,REJECTION_FIRST,282
NQ,overnight_high,1,0.5,SYNTHETIC,SAME_BAR_BARRIER_TIE,177
NQ,overnight_high,1,0.5,SYNTHETIC,NEITHER_REACHED,23
NQ,overnight_high,1,1.0,REAL,CONTINUATION_FIRST,216
NQ,overnight_high,1,1.0,REAL,NEITHER_REACHED,138
NQ,overnight_high,1,1.0,REAL,REJECTION_FIRST,132
NQ,overnight_high,1,1.0,REAL,SAME_BAR_BARRIER_TIE,21
NQ,overnight_high,1,1.0,SYNTHETIC,CONTINUATION_FIRST,326
NQ,overnight_high,1,1.0,SYNTHETIC,REJECTION_FIRST,262
NQ,overnight_high,1,1.0,SYNTHETIC,NEITHER_REACHED,196
NQ,overnight_high,1,1.0,SYNTHETIC,SAME_BAR_BARRIER_TIE,36
NQ,overnight_high,1,1.5,REAL,NEITHER_REACHED,274
NQ,overnight_high,1,1.5,REAL,CONTINUATION_FIRST,138
NQ,overnight_high,1,1.5,REAL,REJECTION_FIRST,91
NQ,overnight_high,1,1.5,REAL,SAME_BAR_BARRIER_TIE,4
NQ,overnight_high,1,1.5,SYNTHETIC,NEITHER_REACHED,390
NQ,overnight_high,1,1.5,SYNTHETIC,CONTINUATION_FIRST,232
NQ,overnight_high,1,1.5,SYNTHETIC,REJECTION_FIRST,187
NQ,overnight_high,1,1.5,SYNTHETIC,SAME_BAR_BARRIER_TIE,11
NQ,overnight_high,1,2.0,REAL,NEITHER_REACHED,353
NQ,overnight_high,1,2.0,REAL,CONTINUATION_FIRST,91
NQ,overnight_high,1,2.0,REAL,REJECTION_FIRST,61
NQ,overnight_high,1,2.0,REAL,SAME_BAR_BARRIER_TIE,2
NQ,overnight_high,1,2.0,SYNTHETIC,NEITHER_REACHED,531
NQ,overnight_high,1,2.0,SYNTHETIC,CONTINUATION_FIRST,159
NQ,overnight_high,1,2.0,SYNTHETIC,REJECTION_FIRST,125
NQ,overnight_high,1,2.0,SYNTHETIC,SAME_BAR_BARRIER_TIE,5
NQ,overnight_high,3,0.5,REAL,CONTINUATION_FIRST,249
NQ,overnight_high,3,0.5,REAL,REJECTION_FIRST,154
NQ,overnight_high,3,0.5,REAL,SAME_BAR_BARRIER_TIE,103
NQ,overnight_high,3,0.5,REAL,NEITHER_REACHED,1
NQ,overnight_high,3,0.5,SYNTHETIC,CONTINUATION_FIRST,346
NQ,overnight_high,3,0.5,SYNTHETIC,REJECTION_FIRST,292
NQ,overnight_high,3,0.5,SYNTHETIC,SAME_BAR_BARRIER_TIE,178
NQ,overnight_high,3,0.5,SYNTHETIC,NEITHER_REACHED,4
NQ,overnight_high,3,1.0,REAL,CONTINUATION_FIRST,271
NQ,overnight_high,3,1.0,REAL,REJECTION_FIRST,178
NQ,overnight_high,3,1.0,REAL,NEITHER_REACHED,35
NQ,overnight_high,3,1.0,REAL,SAME_BAR_BARRIER_TIE,23
NQ,overnight_high,3,1.0,SYNTHETIC,CONTINUATION_FIRST,401
NQ,overnight_high,3,1.0,SYNTHETIC,REJECTION_FIRST,336
NQ,overnight_high,3,1.0,SYNTHETIC,NEITHER_REACHED,46
NQ,overnight_high,3,1.0,SYNTHETIC,SAME_BAR_BARRIER_TIE,37
NQ,overnight_high,3,1.5,REAL,CONTINUATION_FIRST,223
NQ,overnight_high,3,1.5,REAL,REJECTION_FIRST,145
NQ,overnight_high,3,1.5,REAL,NEITHER_REACHED,135
NQ,overnight_high,3,1.5,REAL,SAME_BAR_BARRIER_TIE,4
NQ,overnight_high,3,1.5,SYNTHETIC,CONTINUATION_FIRST,337
NQ,overnight_high,3,1.5,SYNTHETIC,REJECTION_FIRST,298
NQ,overnight_high,3,1.5,SYNTHETIC,NEITHER_REACHED,173
NQ,overnight_high,3,1.5,SYNTHETIC,SAME_BAR_BARRIER_TIE,12
NQ,overnight_high,3,2.0,REAL,NEITHER_REACHED,228
NQ,overnight_high,3,2.0,REAL,CONTINUATION_FIRST,162
NQ,overnight_high,3,2.0,REAL,REJECTION_FIRST,115
NQ,overnight_high,3,2.0,REAL,SAME_BAR_BARRIER_TIE,2
NQ,overnight_high,3,2.0,SYNTHETIC,NEITHER_REACHED,324
NQ,overnight_high,3,2.0,SYNTHETIC,CONTINUATION_FIRST,261
NQ,overnight_high,3,2.0,SYNTHETIC,REJECTION_FIRST,230
NQ,overnight_high,3,2.0,SYNTHETIC,SAME_BAR_BARRIER_TIE,5
NQ,overnight_high,5,0.5,REAL,CONTINUATION_FIRST,249
NQ,overnight_high,5,0.5,REAL,REJECTION_FIRST,154
NQ,overnight_high,5,0.5,REAL,SAME_BAR_BARRIER_TIE,103
NQ,overnight_high,5,0.5,REAL,NEITHER_REACHED,1
NQ,overnight_high,5,0.5,SYNTHETIC,CONTINUATION_FIRST,347
NQ,overnight_high,5,0.5,SYNTHETIC,REJECTION_FIRST,294
NQ,overnight_high,5,0.5,SYNTHETIC,SAME_BAR_BARRIER_TIE,178
NQ,overnight_high,5,0.5,SYNTHETIC,NEITHER_REACHED,1
NQ,overnight_high,5,1.0,REAL,CONTINUATION_FIRST,282
NQ,overnight_high,5,1.0,REAL,REJECTION_FIRST,188
NQ,overnight_high,5,1.0,REAL,SAME_BAR_BARRIER_TIE,23
NQ,overnight_high,5,1.0,REAL,NEITHER_REACHED,14
NQ,overnight_high,5,1.0,SYNTHETIC,CONTINUATION_FIRST,413
NQ,overnight_high,5,1.0,SYNTHETIC,REJECTION_FIRST,350
NQ,overnight_high,5,1.0,SYNTHETIC,SAME_BAR_BARRIER_TIE,37
NQ,overnight_high,5,1.0,SYNTHETIC,NEITHER_REACHED,20
NQ,overnight_high,5,1.5,REAL,CONTINUATION_FIRST,245
NQ,overnight_high,5,1.5,REAL,REJECTION_FIRST,178
NQ,overnight_high,5,1.5,REAL,NEITHER_REACHED,80
NQ,overnight_high,5,1.5,REAL,SAME_BAR_BARRIER_TIE,4
NQ,overnight_high,5,1.5,SYNTHETIC,CONTINUATION_FIRST,376
NQ,overnight_high,5,1.5,SYNTHETIC,REJECTION_FIRST,339
NQ,overnight_high,5,1.5,SYNTHETIC,NEITHER_REACHED,93
NQ,overnight_high,5,1.5,SYNTHETIC,SAME_BAR_BARRIER_TIE,12
NQ,overnight_high,5,2.0,REAL,CONTINUATION_FIRST,203
NQ,overnight_high,5,2.0,REAL,REJECTION_FIRST,154
NQ,overnight_high,5,2.0,REAL,NEITHER_REACHED,148
NQ,overnight_high,5,2.0,REAL,SAME_BAR_BARRIER_TIE,2
NQ,overnight_high,5,2.0,SYNTHETIC,CONTINUATION_FIRST,326
NQ,overnight_high,5,2.0,SYNTHETIC,REJECTION_FIRST,292
NQ,overnight_high,5,2.0,SYNTHETIC,NEITHER_REACHED,197
NQ,overnight_high,5,2.0,SYNTHETIC,SAME_BAR_BARRIER_TIE,5
NQ,overnight_high,10,0.5,REAL,CONTINUATION_FIRST,249
NQ,overnight_high,10,0.5,REAL,REJECTION_FIRST,155
NQ,overnight_high,10,0.5,REAL,SAME_BAR_BARRIER_TIE,103
NQ,overnight_high,10,0.5,SYNTHETIC,CONTINUATION_FIRST,347
NQ,overnight_high,10,0.5,SYNTHETIC,REJECTION_FIRST,295
NQ,overnight_high,10,0.5,SYNTHETIC,SAME_BAR_BARRIER_TIE,178
NQ,overnight_high,10,1.0,REAL,CONTINUATION_FIRST,285
NQ,overnight_high,10,1.0,REAL,REJECTION_FIRST,194
NQ,overnight_high,10,1.0,REAL,SAME_BAR_BARRIER_TIE,23
NQ,overnight_high,10,1.0,REAL,NEITHER_REACHED,5
NQ,overnight_high,10,1.0,SYNTHETIC,CONTINUATION_FIRST,418
NQ,overnight_high,10,1.0,SYNTHETIC,REJECTION_FIRST,358
NQ,overnight_high,10,1.0,SYNTHETIC,SAME_BAR_BARRIER_TIE,37
NQ,overnight_high,10,1.0,SYNTHETIC,NEITHER_REACHED,7
NQ,overnight_high,10,1.5,REAL,CONTINUATION_FIRST,273
NQ,overnight_high,10,1.5,REAL,REJECTION_FIRST,200
NQ,overnight_high,10,1.5,REAL,NEITHER_REACHED,30
NQ,overnight_high,10,1.5,REAL,SAME_BAR_BARRIER_TIE,4
NQ,overnight_high,10,1.5,SYNTHETIC,CONTINUATION_FIRST,406
NQ,overnight_high,10,1.5,SYNTHETIC,REJECTION_FIRST,369
NQ,overnight_high,10,1.5,SYNTHETIC,NEITHER_REACHED,33
NQ,overnight_high,10,1.5,SYNTHETIC,SAME_BAR_BARRIER_TIE,12
NQ,overnight_high,10,2.0,REAL,CONTINUATION_FIRST,235
NQ,overnight_high,10,2.0,REAL,REJECTION_FIRST,198
NQ,overnight_high,10,2.0,REAL,NEITHER_REACHED,72
NQ,overnight_high,10,2.0,REAL,SAME_BAR_BARRIER_TIE,2
NQ,overnight_high,10,2.0,SYNTHETIC,CONTINUATION_FIRST,378
NQ,overnight_high,10,2.0,SYNTHETIC,REJECTION_FIRST,347
NQ,overnight_high,10,2.0,SYNTHETIC,NEITHER_REACHED,90
NQ,overnight_high,10,2.0,SYNTHETIC,SAME_BAR_BARRIER_TIE,5
NQ,overnight_high,15,0.5,REAL,CONTINUATION_FIRST,249
NQ,overnight_high,15,0.5,REAL,REJECTION_FIRST,155
NQ,overnight_high,15,0.5,REAL,SAME_BAR_BARRIER_TIE,103
NQ,overnight_high,15,0.5,SYNTHETIC,CONTINUATION_FIRST,347
NQ,overnight_high,15,0.5,SYNTHETIC,REJECTION_FIRST,295
NQ,overnight_high,15,0.5,SYNTHETIC,SAME_BAR_BARRIER_TIE,178
NQ,overnight_high,15,1.0,REAL,CONTINUATION_FIRST,287
NQ,overnight_high,15,1.0,REAL,REJECTION_FIRST,195
NQ,overnight_high,15,1.0,REAL,SAME_BAR_BARRIER_TIE,23
NQ,overnight_high,15,1.0,REAL,NEITHER_REACHED,2
NQ,overnight_high,15,1.0,SYNTHETIC,CONTINUATION_FIRST,420
NQ,overnight_high,15,1.0,SYNTHETIC,REJECTION_FIRST,359
NQ,overnight_high,15,1.0,SYNTHETIC,SAME_BAR_BARRIER_TIE,37
NQ,overnight_high,15,1.0,SYNTHETIC,NEITHER_REACHED,4
NQ,overnight_high,15,1.5,REAL,CONTINUATION_FIRST,282
NQ,overnight_high,15,1.5,REAL,REJECTION_FIRST,207
NQ,overnight_high,15,1.5,REAL,NEITHER_REACHED,14
NQ,overnight_high,15,1.5,REAL,SAME_BAR_BARRIER_TIE,4
NQ,overnight_high,15,1.5,SYNTHETIC,CONTINUATION_FIRST,415
NQ,overnight_high,15,1.5,SYNTHETIC,REJECTION_FIRST,377
NQ,overnight_high,15,1.5,SYNTHETIC,NEITHER_REACHED,16
NQ,overnight_high,15,1.5,SYNTHETIC,SAME_BAR_BARRIER_TIE,12
NQ,overnight_high,15,2.0,REAL,CONTINUATION_FIRST,252
NQ,overnight_high,15,2.0,REAL,REJECTION_FIRST,213
NQ,overnight_high,15,2.0,REAL,NEITHER_REACHED,40
NQ,overnight_high,15,2.0,REAL,SAME_BAR_BARRIER_TIE,2
NQ,overnight_high,15,2.0,SYNTHETIC,CONTINUATION_FIRST,400
NQ,overnight_high,15,2.0,SYNTHETIC,REJECTION_FIRST,366
NQ,overnight_high,15,2.0,SYNTHETIC,NEITHER_REACHED,49
NQ,overnight_high,15,2.0,SYNTHETIC,SAME_BAR_BARRIER_TIE,5
NQ,overnight_low,1,0.5,REAL,CONTINUATION_FIRST,170
NQ,overnight_low,1,0.5,REAL,SAME_BAR_BARRIER_TIE,143
NQ,overnight_low,1,0.5,REAL,REJECTION_FIRST,136
NQ,overnight_low,1,0.5,REAL,NEITHER_REACHED,3
NQ,overnight_low,1,0.5,SYNTHETIC,REJECTION_FIRST,294
NQ,overnight_low,1,0.5,SYNTHETIC,CONTINUATION_FIRST,281
NQ,overnight_low,1,0.5,SYNTHETIC,SAME_BAR_BARRIER_TIE,250
NQ,overnight_low,1,0.5,SYNTHETIC,NEITHER_REACHED,8
NQ,overnight_low,1,1.0,REAL,CONTINUATION_FIRST,193
NQ,overnight_low,1,1.0,REAL,REJECTION_FIRST,154
NQ,overnight_low,1,1.0,REAL,NEITHER_REACHED,64
NQ,overnight_low,1,1.0,REAL,SAME_BAR_BARRIER_TIE,41
NQ,overnight_low,1,1.0,SYNTHETIC,REJECTION_FIRST,328
NQ,overnight_low,1,1.0,SYNTHETIC,CONTINUATION_FIRST,322
NQ,overnight_low,1,1.0,SYNTHETIC,NEITHER_REACHED,96
NQ,overnight_low,1,1.0,SYNTHETIC,SAME_BAR_BARRIER_TIE,87
NQ,overnight_low,1,1.5,REAL,NEITHER_REACHED,158
NQ,overnight_low,1,1.5,REAL,CONTINUATION_FIRST,148
NQ,overnight_low,1,1.5,REAL,REJECTION_FIRST,132
NQ,overnight_low,1,1.5,REAL,SAME_BAR_BARRIER_TIE,14
NQ,overnight_low,1,1.5,SYNTHETIC,NEITHER_REACHED,292
NQ,overnight_low,1,1.5,SYNTHETIC,REJECTION_FIRST,264
NQ,overnight_low,1,1.5,SYNTHETIC,CONTINUATION_FIRST,251
NQ,overnight_low,1,1.5,SYNTHETIC,SAME_BAR_BARRIER_TIE,26
NQ,overnight_low,1,2.0,REAL,NEITHER_REACHED,238
NQ,overnight_low,1,2.0,REAL,CONTINUATION_FIRST,108
NQ,overnight_low,1,2.0,REAL,REJECTION_FIRST,99
NQ,overnight_low,1,2.0,REAL,SAME_BAR_BARRIER_TIE,7
NQ,overnight_low,1,2.0,SYNTHETIC,NEITHER_REACHED,440
NQ,overnight_low,1,2.0,SYNTHETIC,REJECTION_FIRST,200
NQ,overnight_low,1,2.0,SYNTHETIC,CONTINUATION_FIRST,179
NQ,overnight_low,1,2.0,SYNTHETIC,SAME_BAR_BARRIER_TIE,14
NQ,overnight_low,3,0.5,REAL,CONTINUATION_FIRST,171
NQ,overnight_low,3,0.5,REAL,SAME_BAR_BARRIER_TIE,143
NQ,overnight_low,3,0.5,REAL,REJECTION_FIRST,138
NQ,overnight_low,3,0.5,SYNTHETIC,REJECTION_FIRST,297
NQ,overnight_low,3,0.5,SYNTHETIC,CONTINUATION_FIRST,285
NQ,overnight_low,3,0.5,SYNTHETIC,SAME_BAR_BARRIER_TIE,250
NQ,overnight_low,3,0.5,SYNTHETIC,NEITHER_REACHED,1
NQ,overnight_low,3,1.0,REAL,CONTINUATION_FIRST,221
NQ,overnight_low,3,1.0,REAL,REJECTION_FIRST,175
NQ,overnight_low,3,1.0,REAL,SAME_BAR_BARRIER_TIE,44
NQ,overnight_low,3,1.0,REAL,NEITHER_REACHED,12
NQ,overnight_low,3,1.0,SYNTHETIC,REJECTION_FIRST,369
NQ,overnight_low,3,1.0,SYNTHETIC,CONTINUATION_FIRST,356
NQ,overnight_low,3,1.0,SYNTHETIC,SAME_BAR_BARRIER_TIE,88
NQ,overnight_low,3,1.0,SYNTHETIC,NEITHER_REACHED,20
NQ,overnight_low,3,1.5,REAL,CONTINUATION_FIRST,207
NQ,overnight_low,3,1.5,REAL,REJECTION_FIRST,173
NQ,overnight_low,3,1.5,REAL,NEITHER_REACHED,56
NQ,overnight_low,3,1.5,REAL,SAME_BAR_BARRIER_TIE,16
NQ,overnight_low,3,1.5,SYNTHETIC,REJECTION_FIRST,369
NQ,overnight_low,3,1.5,SYNTHETIC,CONTINUATION_FIRST,339
NQ,overnight_low,3,1.5,SYNTHETIC,NEITHER_REACHED,98
NQ,overnight_low,3,1.5,SYNTHETIC,SAME_BAR_BARRIER_TIE,27
NQ,overnight_low,3,2.0,REAL,CONTINUATION_FIRST,186
NQ,overnight_low,3,2.0,REAL,REJECTION_FIRST,147
NQ,overnight_low,3,2.0,REAL,NEITHER_REACHED,111
NQ,overnight_low,3,2.0,REAL,SAME_BAR_BARRIER_TIE,8
NQ,overnight_low,3,2.0,SYNTHETIC,REJECTION_FIRST,310
NQ,overnight_low,3,2.0,SYNTHETIC,CONTINUATION_FIRST,306
NQ,overnight_low,3,2.0,SYNTHETIC,NEITHER_REACHED,202
NQ,overnight_low,3,2.0,SYNTHETIC,SAME_BAR_BARRIER_TIE,15
NQ,overnight_low,5,0.5,REAL,CONTINUATION_FIRST,171
NQ,overnight_low,5,0.5,REAL,SAME_BAR_BARRIER_TIE,143
NQ,overnight_low,5,0.5,REAL,REJECTION_FIRST,138
NQ,overnight_low,5,0.5,SYNTHETIC,REJECTION_FIRST,298
NQ,overnight_low,5,0.5,SYNTHETIC,CONTINUATION_FIRST,285
NQ,overnight_low,5,0.5,SYNTHETIC,SAME_BAR_BARRIER_TIE,250
NQ,overnight_low,5,1.0,REAL,CONTINUATION_FIRST,225
NQ,overnight_low,5,1.0,REAL,REJECTION_FIRST,178
NQ,overnight_low,5,1.0,REAL,SAME_BAR_BARRIER_TIE,44
NQ,overnight_low,5,1.0,REAL,NEITHER_REACHED,5
NQ,overnight_low,5,1.0,SYNTHETIC,REJECTION_FIRST,373
NQ,overnight_low,5,1.0,SYNTHETIC,CONTINUATION_FIRST,363
NQ,overnight_low,5,1.0,SYNTHETIC,SAME_BAR_BARRIER_TIE,88
NQ,overnight_low,5,1.0,SYNTHETIC,NEITHER_REACHED,9
NQ,overnight_low,5,1.5,REAL,CONTINUATION_FIRST,223
NQ,overnight_low,5,1.5,REAL,REJECTION_FIRST,189
NQ,overnight_low,5,1.5,REAL,NEITHER_REACHED,24
NQ,overnight_low,5,1.5,REAL,SAME_BAR_BARRIER_TIE,16
NQ,overnight_low,5,1.5,SYNTHETIC,REJECTION_FIRST,391
NQ,overnight_low,5,1.5,SYNTHETIC,CONTINUATION_FIRST,364
NQ,overnight_low,5,1.5,SYNTHETIC,NEITHER_REACHED,51
NQ,overnight_low,5,1.5,SYNTHETIC,SAME_BAR_BARRIER_TIE,27
NQ,overnight_low,5,2.0,REAL,CONTINUATION_FIRST,212
NQ,overnight_low,5,2.0,REAL,REJECTION_FIRST,169
NQ,overnight_low,5,2.0,REAL,NEITHER_REACHED,63
NQ,overnight_low,5,2.0,REAL,SAME_BAR_BARRIER_TIE,8
NQ,overnight_low,5,2.0,SYNTHETIC,CONTINUATION_FIRST,348
NQ,overnight_low,5,2.0,SYNTHETIC,REJECTION_FIRST,344
NQ,overnight_low,5,2.0,SYNTHETIC,NEITHER_REACHED,126
NQ,overnight_low,5,2.0,SYNTHETIC,SAME_BAR_BARRIER_TIE,15
NQ,overnight_low,10,0.5,REAL,CONTINUATION_FIRST,171
NQ,overnight_low,10,0.5,REAL,SAME_BAR_BARRIER_TIE,143
NQ,overnight_low,10,0.5,REAL,REJECTION_FIRST,138
NQ,overnight_low,10,0.5,SYNTHETIC,REJECTION_FIRST,298
NQ,overnight_low,10,0.5,SYNTHETIC,CONTINUATION_FIRST,285
NQ,overnight_low,10,0.5,SYNTHETIC,SAME_BAR_BARRIER_TIE,250
NQ,overnight_low,10,1.0,REAL,CONTINUATION_FIRST,227
NQ,overnight_low,10,1.0,REAL,REJECTION_FIRST,179
NQ,overnight_low,10,1.0,REAL,SAME_BAR_BARRIER_TIE,44
NQ,overnight_low,10,1.0,REAL,NEITHER_REACHED,2
NQ,overnight_low,10,1.0,SYNTHETIC,REJECTION_FIRST,376
NQ,overnight_low,10,1.0,SYNTHETIC,CONTINUATION_FIRST,368
NQ,overnight_low,10,1.0,SYNTHETIC,SAME_BAR_BARRIER_TIE,88
NQ,overnight_low,10,1.0,SYNTHETIC,NEITHER_REACHED,1
NQ,overnight_low,10,1.5,REAL,CONTINUATION_FIRST,231
NQ,overnight_low,10,1.5,REAL,REJECTION_FIRST,195
NQ,overnight_low,10,1.5,REAL,SAME_BAR_BARRIER_TIE,16
NQ,overnight_low,10,1.5,REAL,NEITHER_REACHED,10
NQ,overnight_low,10,1.5,SYNTHETIC,REJECTION_FIRST,414
NQ,overnight_low,10,1.5,SYNTHETIC,CONTINUATION_FIRST,378
NQ,overnight_low,10,1.5,SYNTHETIC,SAME_BAR_BARRIER_TIE,27
NQ,overnight_low,10,1.5,SYNTHETIC,NEITHER_REACHED,14
NQ,overnight_low,10,2.0,REAL,CONTINUATION_FIRST,228
NQ,overnight_low,10,2.0,REAL,REJECTION_FIRST,189
NQ,overnight_low,10,2.0,REAL,NEITHER_REACHED,27
NQ,overnight_low,10,2.0,REAL,SAME_BAR_BARRIER_TIE,8
NQ,overnight_low,10,2.0,SYNTHETIC,REJECTION_FIRST,390
NQ,overnight_low,10,2.0,SYNTHETIC,CONTINUATION_FIRST,385
NQ,overnight_low,10,2.0,SYNTHETIC,NEITHER_REACHED,43
NQ,overnight_low,10,2.0,SYNTHETIC,SAME_BAR_BARRIER_TIE,15
NQ,overnight_low,15,0.5,REAL,CONTINUATION_FIRST,171
NQ,overnight_low,15,0.5,REAL,SAME_BAR_BARRIER_TIE,143
NQ,overnight_low,15,0.5,REAL,REJECTION_FIRST,138
NQ,overnight_low,15,0.5,SYNTHETIC,REJECTION_FIRST,298
NQ,overnight_low,15,0.5,SYNTHETIC,CONTINUATION_FIRST,285
NQ,overnight_low,15,0.5,SYNTHETIC,SAME_BAR_BARRIER_TIE,250
NQ,overnight_low,15,1.0,REAL,CONTINUATION_FIRST,227
NQ,overnight_low,15,1.0,REAL,REJECTION_FIRST,180
NQ,overnight_low,15,1.0,REAL,SAME_BAR_BARRIER_TIE,44
NQ,overnight_low,15,1.0,REAL,NEITHER_REACHED,1
NQ,overnight_low,15,1.0,SYNTHETIC,REJECTION_FIRST,377
NQ,overnight_low,15,1.0,SYNTHETIC,CONTINUATION_FIRST,368
NQ,overnight_low,15,1.0,SYNTHETIC,SAME_BAR_BARRIER_TIE,88
NQ,overnight_low,15,1.5,REAL,CONTINUATION_FIRST,233
NQ,overnight_low,15,1.5,REAL,REJECTION_FIRST,198
NQ,overnight_low,15,1.5,REAL,SAME_BAR_BARRIER_TIE,16
NQ,overnight_low,15,1.5,REAL,NEITHER_REACHED,5
NQ,overnight_low,15,1.5,SYNTHETIC,REJECTION_FIRST,416
NQ,overnight_low,15,1.5,SYNTHETIC,CONTINUATION_FIRST,384
NQ,overnight_low,15,1.5,SYNTHETIC,SAME_BAR_BARRIER_TIE,27
NQ,overnight_low,15,1.5,SYNTHETIC,NEITHER_REACHED,6
NQ,overnight_low,15,2.0,REAL,CONTINUATION_FIRST,235
NQ,overnight_low,15,2.0,REAL,REJECTION_FIRST,194
NQ,overnight_low,15,2.0,REAL,NEITHER_REACHED,15
NQ,overnight_low,15,2.0,REAL,SAME_BAR_BARRIER_TIE,8
NQ,overnight_low,15,2.0,SYNTHETIC,REJECTION_FIRST,403
NQ,overnight_low,15,2.0,SYNTHETIC,CONTINUATION_FIRST,399
NQ,overnight_low,15,2.0,SYNTHETIC,NEITHER_REACHED,16
NQ,overnight_low,15,2.0,SYNTHETIC,SAME_BAR_BARRIER_TIE,15
NQ,overnight_mid,1,0.5,REAL,REJECTION_FIRST,247
NQ,overnight_mid,1,0.5,REAL,CONTINUATION_FIRST,237
NQ,overnight_mid,1,0.5,REAL,SAME_BAR_BARRIER_TIE,209
NQ,overnight_mid,1,0.5,REAL,NEITHER_REACHED,14
NQ,overnight_mid,1,0.5,SYNTHETIC,CONTINUATION_FIRST,341
NQ,overnight_mid,1,0.5,SYNTHETIC,REJECTION_FIRST,312
NQ,overnight_mid,1,0.5,SYNTHETIC,SAME_BAR_BARRIER_TIE,210
NQ,overnight_mid,1,0.5,SYNTHETIC,NEITHER_REACHED,21
NQ,overnight_mid,1,1.0,REAL,REJECTION_FIRST,262
NQ,overnight_mid,1,1.0,REAL,CONTINUATION_FIRST,250
NQ,overnight_mid,1,1.0,REAL,NEITHER_REACHED,132
NQ,overnight_mid,1,1.0,REAL,SAME_BAR_BARRIER_TIE,63
NQ,overnight_mid,1,1.0,SYNTHETIC,CONTINUATION_FIRST,335
NQ,overnight_mid,1,1.0,SYNTHETIC,REJECTION_FIRST,295
NQ,overnight_mid,1,1.0,SYNTHETIC,NEITHER_REACHED,199
NQ,overnight_mid,1,1.0,SYNTHETIC,SAME_BAR_BARRIER_TIE,55
NQ,overnight_mid,1,1.5,REAL,NEITHER_REACHED,317
NQ,overnight_mid,1,1.5,REAL,REJECTION_FIRST,186
NQ,overnight_mid,1,1.5,REAL,CONTINUATION_FIRST,183
NQ,overnight_mid,1,1.5,REAL,SAME_BAR_BARRIER_TIE,21
NQ,overnight_mid,1,1.5,SYNTHETIC,NEITHER_REACHED,413
NQ,overnight_mid,1,1.5,SYNTHETIC,REJECTION_FIRST,230
NQ,overnight_mid,1,1.5,SYNTHETIC,CONTINUATION_FIRST,224
NQ,overnight_mid,1,1.5,SYNTHETIC,SAME_BAR_BARRIER_TIE,17
NQ,overnight_mid,1,2.0,REAL,NEITHER_REACHED,455
NQ,overnight_mid,1,2.0,REAL,REJECTION_FIRST,133
NQ,overnight_mid,1,2.0,REAL,CONTINUATION_FIRST,114
NQ,overnight_mid,1,2.0,REAL,SAME_BAR_BARRIER_TIE,5
NQ,overnight_mid,1,2.0,SYNTHETIC,NEITHER_REACHED,564
NQ,overnight_mid,1,2.0,SYNTHETIC,REJECTION_FIRST,160
NQ,overnight_mid,1,2.0,SYNTHETIC,CONTINUATION_FIRST,153
NQ,overnight_mid,1,2.0,SYNTHETIC,SAME_BAR_BARRIER_TIE,7
NQ,overnight_mid,3,0.5,REAL,REJECTION_FIRST,251
NQ,overnight_mid,3,0.5,REAL,CONTINUATION_FIRST,241
NQ,overnight_mid,3,0.5,REAL,SAME_BAR_BARRIER_TIE,210
NQ,overnight_mid,3,0.5,REAL,NEITHER_REACHED,5
NQ,overnight_mid,3,0.5,SYNTHETIC,CONTINUATION_FIRST,348
NQ,overnight_mid,3,0.5,SYNTHETIC,REJECTION_FIRST,319
NQ,overnight_mid,3,0.5,SYNTHETIC,SAME_BAR_BARRIER_TIE,210
NQ,overnight_mid,3,0.5,SYNTHETIC,NEITHER_REACHED,7
NQ,overnight_mid,3,1.0,REAL,CONTINUATION_FIRST,307
NQ,overnight_mid,3,1.0,REAL,REJECTION_FIRST,296
NQ,overnight_mid,3,1.0,REAL,SAME_BAR_BARRIER_TIE,63
NQ,overnight_mid,3,1.0,REAL,NEITHER_REACHED,41
NQ,overnight_mid,3,1.0,SYNTHETIC,CONTINUATION_FIRST,403
NQ,overnight_mid,3,1.0,SYNTHETIC,REJECTION_FIRST,371
NQ,overnight_mid,3,1.0,SYNTHETIC,NEITHER_REACHED,55
NQ,overnight_mid,3,1.0,SYNTHETIC,SAME_BAR_BARRIER_TIE,55
NQ,overnight_mid,3,1.5,REAL,CONTINUATION_FIRST,286
NQ,overnight_mid,3,1.5,REAL,REJECTION_FIRST,276
NQ,overnight_mid,3,1.5,REAL,NEITHER_REACHED,123
NQ,overnight_mid,3,1.5,REAL,SAME_BAR_BARRIER_TIE,22
NQ,overnight_mid,3,1.5,SYNTHETIC,REJECTION_FIRST,343
NQ,overnight_mid,3,1.5,SYNTHETIC,CONTINUATION_FIRST,340
NQ,overnight_mid,3,1.5,SYNTHETIC,NEITHER_REACHED,181
NQ,overnight_mid,3,1.5,SYNTHETIC,SAME_BAR_BARRIER_TIE,20
NQ,overnight_mid,3,2.0,REAL,NEITHER_REACHED,242
NQ,overnight_mid,3,2.0,REAL,CONTINUATION_FIRST,237
NQ,overnight_mid,3,2.0,REAL,REJECTION_FIRST,222
NQ,overnight_mid,3,2.0,REAL,SAME_BAR_BARRIER_TIE,6
NQ,overnight_mid,3,2.0,SYNTHETIC,NEITHER_REACHED,317
NQ,overnight_mid,3,2.0,SYNTHETIC,REJECTION_FIRST,283
NQ,overnight_mid,3,2.0,SYNTHETIC,CONTINUATION_FIRST,276
NQ,overnight_mid,3,2.0,SYNTHETIC,SAME_BAR_BARRIER_TIE,8
NQ,overnight_mid,5,0.5,REAL,REJECTION_FIRST,252
NQ,overnight_mid,5,0.5,REAL,CONTINUATION_FIRST,244
NQ,overnight_mid,5,0.5,REAL,SAME_BAR_BARRIER_TIE,210
NQ,overnight_mid,5,0.5,REAL,NEITHER_REACHED,1
NQ,overnight_mid,5,0.5,SYNTHETIC,CONTINUATION_FIRST,354
NQ,overnight_mid,5,0.5,SYNTHETIC,REJECTION_FIRST,319
NQ,overnight_mid,5,0.5,SYNTHETIC,SAME_BAR_BARRIER_TIE,210
NQ,overnight_mid,5,0.5,SYNTHETIC,NEITHER_REACHED,1
NQ,overnight_mid,5,1.0,REAL,CONTINUATION_FIRST,316
NQ,overnight_mid,5,1.0,REAL,REJECTION_FIRST,310
NQ,overnight_mid,5,1.0,REAL,SAME_BAR_BARRIER_TIE,63
NQ,overnight_mid,5,1.0,REAL,NEITHER_REACHED,18
NQ,overnight_mid,5,1.0,SYNTHETIC,CONTINUATION_FIRST,419
NQ,overnight_mid,5,1.0,SYNTHETIC,REJECTION_FIRST,387
NQ,overnight_mid,5,1.0,SYNTHETIC,SAME_BAR_BARRIER_TIE,55
NQ,overnight_mid,5,1.0,SYNTHETIC,NEITHER_REACHED,23
NQ,overnight_mid,5,1.5,REAL,CONTINUATION_FIRST,322
NQ,overnight_mid,5,1.5,REAL,REJECTION_FIRST,303
NQ,overnight_mid,5,1.5,REAL,NEITHER_REACHED,60
NQ,overnight_mid,5,1.5,REAL,SAME_BAR_BARRIER_TIE,22
NQ,overnight_mid,5,1.5,SYNTHETIC,CONTINUATION_FIRST,386
NQ,overnight_mid,5,1.5,SYNTHETIC,REJECTION_FIRST,382
NQ,overnight_mid,5,1.5,SYNTHETIC,NEITHER_REACHED,96
NQ,overnight_mid,5,1.5,SYNTHETIC,SAME_BAR_BARRIER_TIE,20
NQ,overnight_mid,5,2.0,REAL,CONTINUATION_FIRST,297
NQ,overnight_mid,5,2.0,REAL,REJECTION_FIRST,263
NQ,overnight_mid,5,2.0,REAL,NEITHER_REACHED,141
NQ,overnight_mid,5,2.0,REAL,SAME_BAR_BARRIER_TIE,6
NQ,overnight_mid,5,2.0,SYNTHETIC,REJECTION_FIRST,346
NQ,overnight_mid,5,2.0,SYNTHETIC,CONTINUATION_FIRST,333
NQ,overnight_mid,5,2.0,SYNTHETIC,NEITHER_REACHED,197
NQ,overnight_mid,5,2.0,SYNTHETIC,SAME_BAR_BARRIER_TIE,8
NQ,overnight_mid,10,0.5,REAL,REJECTION_FIRST,252
NQ,overnight_mid,10,0.5,REAL,CONTINUATION_FIRST,244
NQ,overnight_mid,10,0.5,REAL,SAME_BAR_BARRIER_TIE,210
NQ,overnight_mid,10,0.5,REAL,NEITHER_REACHED,1
NQ,overnight_mid,10,0.5,SYNTHETIC,CONTINUATION_FIRST,354
NQ,overnight_mid,10,0.5,SYNTHETIC,REJECTION_FIRST,319
NQ,overnight_mid,10,0.5,SYNTHETIC,SAME_BAR_BARRIER_TIE,210
NQ,overnight_mid,10,0.5,SYNTHETIC,NEITHER_REACHED,1
NQ,overnight_mid,10,1.0,REAL,CONTINUATION_FIRST,322
NQ,overnight_mid,10,1.0,REAL,REJECTION_FIRST,316
NQ,overnight_mid,10,1.0,REAL,SAME_BAR_BARRIER_TIE,63
NQ,overnight_mid,10,1.0,REAL,NEITHER_REACHED,6
NQ,overnight_mid,10,1.0,SYNTHETIC,CONTINUATION_FIRST,424
NQ,overnight_mid,10,1.0,SYNTHETIC,REJECTION_FIRST,396
NQ,overnight_mid,10,1.0,SYNTHETIC,SAME_BAR_BARRIER_TIE,55
NQ,overnight_mid,10,1.0,SYNTHETIC,NEITHER_REACHED,9
NQ,overnight_mid,10,1.5,REAL,CONTINUATION_FIRST,341
NQ,overnight_mid,10,1.5,REAL,REJECTION_FIRST,319
NQ,overnight_mid,10,1.5,REAL,NEITHER_REACHED,25
NQ,overnight_mid,10,1.5,REAL,SAME_BAR_BARRIER_TIE,22
NQ,overnight_mid,10,1.5,SYNTHETIC,REJECTION_FIRST,416
NQ,overnight_mid,10,1.5,SYNTHETIC,CONTINUATION_FIRST,415
NQ,overnight_mid,10,1.5,SYNTHETIC,NEITHER_REACHED,33
NQ,overnight_mid,10,1.5,SYNTHETIC,SAME_BAR_BARRIER_TIE,20
NQ,overnight_mid,10,2.0,REAL,CONTINUATION_FIRST,325
NQ,overnight_mid,10,2.0,REAL,REJECTION_FIRST,305
NQ,overnight_mid,10,2.0,REAL,NEITHER_REACHED,71
NQ,overnight_mid,10,2.0,REAL,SAME_BAR_BARRIER_TIE,6
NQ,overnight_mid,10,2.0,SYNTHETIC,REJECTION_FIRST,411
NQ,overnight_mid,10,2.0,SYNTHETIC,CONTINUATION_FIRST,382
NQ,overnight_mid,10,2.0,SYNTHETIC,NEITHER_REACHED,83
NQ,overnight_mid,10,2.0,SYNTHETIC,SAME_BAR_BARRIER_TIE,8
NQ,overnight_mid,15,0.5,REAL,REJECTION_FIRST,253
NQ,overnight_mid,15,0.5,REAL,CONTINUATION_FIRST,244
NQ,overnight_mid,15,0.5,REAL,SAME_BAR_BARRIER_TIE,210
NQ,overnight_mid,15,0.5,SYNTHETIC,CONTINUATION_FIRST,354
NQ,overnight_mid,15,0.5,SYNTHETIC,REJECTION_FIRST,319
NQ,overnight_mid,15,0.5,SYNTHETIC,SAME_BAR_BARRIER_TIE,210
NQ,overnight_mid,15,0.5,SYNTHETIC,NEITHER_REACHED,1
NQ,overnight_mid,15,1.0,REAL,CONTINUATION_FIRST,323
NQ,overnight_mid,15,1.0,REAL,REJECTION_FIRST,317
NQ,overnight_mid,15,1.0,REAL,SAME_BAR_BARRIER_TIE,63
NQ,overnight_mid,15,1.0,REAL,NEITHER_REACHED,4
NQ,overnight_mid,15,1.0,SYNTHETIC,CONTINUATION_FIRST,427
NQ,overnight_mid,15,1.0,SYNTHETIC,REJECTION_FIRST,399
NQ,overnight_mid,15,1.0,SYNTHETIC,SAME_BAR_BARRIER_TIE,55
NQ,overnight_mid,15,1.0,SYNTHETIC,NEITHER_REACHED,3
NQ,overnight_mid,15,1.5,REAL,CONTINUATION_FIRST,347
NQ,overnight_mid,15,1.5,REAL,REJECTION_FIRST,322
NQ,overnight_mid,15,1.5,REAL,SAME_BAR_BARRIER_TIE,22
NQ,overnight_mid,15,1.5,REAL,NEITHER_REACHED,16
NQ,overnight_mid,15,1.5,SYNTHETIC,CONTINUATION_FIRST,424
NQ,overnight_mid,15,1.5,SYNTHETIC,REJECTION_FIRST,420
NQ,overnight_mid,15,1.5,SYNTHETIC,NEITHER_REACHED,20
NQ,overnight_mid,15,1.5,SYNTHETIC,SAME_BAR_BARRIER_TIE,20
NQ,overnight_mid,15,2.0,REAL,CONTINUATION_FIRST,349
NQ,overnight_mid,15,2.0,REAL,REJECTION_FIRST,318
NQ,overnight_mid,15,2.0,REAL,NEITHER_REACHED,34
NQ,overnight_mid,15,2.0,REAL,SAME_BAR_BARRIER_TIE,6
NQ,overnight_mid,15,2.0,SYNTHETIC,REJECTION_FIRST,426
NQ,overnight_mid,15,2.0,SYNTHETIC,CONTINUATION_FIRST,400
NQ,overnight_mid,15,2.0,SYNTHETIC,NEITHER_REACHED,50
NQ,overnight_mid,15,2.0,SYNTHETIC,SAME_BAR_BARRIER_TIE,8
NQ,overnight_open,1,0.5,REAL,REJECTION_FIRST,205
NQ,overnight_open,1,0.5,REAL,CONTINUATION_FIRST,173
NQ,overnight_open,1,0.5,REAL,SAME_BAR_BARRIER_TIE,133
NQ,overnight_open,1,0.5,REAL,NEITHER_REACHED,10
NQ,overnight_open,1,0.5,SYNTHETIC,CONTINUATION_FIRST,328
NQ,overnight_open,1,0.5,SYNTHETIC,REJECTION_FIRST,293
NQ,overnight_open,1,0.5,SYNTHETIC,SAME_BAR_BARRIER_TIE,195
NQ,overnight_open,1,0.5,SYNTHETIC,NEITHER_REACHED,30
NQ,overnight_open,1,1.0,REAL,REJECTION_FIRST,207
NQ,overnight_open,1,1.0,REAL,CONTINUATION_FIRST,172
NQ,overnight_open,1,1.0,REAL,NEITHER_REACHED,102
NQ,overnight_open,1,1.0,REAL,SAME_BAR_BARRIER_TIE,40
NQ,overnight_open,1,1.0,SYNTHETIC,CONTINUATION_FIRST,304
NQ,overnight_open,1,1.0,SYNTHETIC,REJECTION_FIRST,285
NQ,overnight_open,1,1.0,SYNTHETIC,NEITHER_REACHED,201
NQ,overnight_open,1,1.0,SYNTHETIC,SAME_BAR_BARRIER_TIE,56
NQ,overnight_open,1,1.5,REAL,NEITHER_REACHED,243
NQ,overnight_open,1,1.5,REAL,REJECTION_FIRST,140
NQ,overnight_open,1,1.5,REAL,CONTINUATION_FIRST,126
NQ,overnight_open,1,1.5,REAL,SAME_BAR_BARRIER_TIE,12
NQ,overnight_open,1,1.5,SYNTHETIC,NEITHER_REACHED,404
NQ,overnight_open,1,1.5,SYNTHETIC,CONTINUATION_FIRST,218
NQ,overnight_open,1,1.5,SYNTHETIC,REJECTION_FIRST,207
NQ,overnight_open,1,1.5,SYNTHETIC,SAME_BAR_BARRIER_TIE,17
NQ,overnight_open,1,2.0,REAL,NEITHER_REACHED,329
NQ,overnight_open,1,2.0,REAL,REJECTION_FIRST,101
NQ,overnight_open,1,2.0,REAL,CONTINUATION_FIRST,85
NQ,overnight_open,1,2.0,REAL,SAME_BAR_BARRIER_TIE,6
NQ,overnight_open,1,2.0,SYNTHETIC,NEITHER_REACHED,564
NQ,overnight_open,1,2.0,SYNTHETIC,REJECTION_FIRST,137
NQ,overnight_open,1,2.0,SYNTHETIC,CONTINUATION_FIRST,136
NQ,overnight_open,1,2.0,SYNTHETIC,SAME_BAR_BARRIER_TIE,9
NQ,overnight_open,3,0.5,REAL,REJECTION_FIRST,209
NQ,overnight_open,3,0.5,REAL,CONTINUATION_FIRST,179
NQ,overnight_open,3,0.5,REAL,SAME_BAR_BARRIER_TIE,133
NQ,overnight_open,3,0.5,SYNTHETIC,CONTINUATION_FIRST,340
NQ,overnight_open,3,0.5,SYNTHETIC,REJECTION_FIRST,307
NQ,overnight_open,3,0.5,SYNTHETIC,SAME_BAR_BARRIER_TIE,196
NQ,overnight_open,3,0.5,SYNTHETIC,NEITHER_REACHED,3
NQ,overnight_open,3,1.0,REAL,REJECTION_FIRST,247
NQ,overnight_open,3,1.0,REAL,CONTINUATION_FIRST,205
NQ,overnight_open,3,1.0,REAL,SAME_BAR_BARRIER_TIE,42
NQ,overnight_open,3,1.0,REAL,NEITHER_REACHED,27
NQ,overnight_open,3,1.0,SYNTHETIC,CONTINUATION_FIRST,377
NQ,overnight_open,3,1.0,SYNTHETIC,REJECTION_FIRST,363
NQ,overnight_open,3,1.0,SYNTHETIC,SAME_BAR_BARRIER_TIE,56
NQ,overnight_open,3,1.0,SYNTHETIC,NEITHER_REACHED,50
NQ,overnight_open,3,1.5,REAL,REJECTION_FIRST,213
NQ,overnight_open,3,1.5,REAL,CONTINUATION_FIRST,195
NQ,overnight_open,3,1.5,REAL,NEITHER_REACHED,100
NQ,overnight_open,3,1.5,REAL,SAME_BAR_BARRIER_TIE,13
NQ,overnight_open,3,1.5,SYNTHETIC,CONTINUATION_FIRST,337
NQ,overnight_open,3,1.5,SYNTHETIC,REJECTION_FIRST,318
NQ,overnight_open,3,1.5,SYNTHETIC,NEITHER_REACHED,174
NQ,overnight_open,3,1.5,SYNTHETIC,SAME_BAR_BARRIER_TIE,17
NQ,overnight_open,3,2.0,REAL,NEITHER_REACHED,186
NQ,overnight_open,3,2.0,REAL,REJECTION_FIRST,177
NQ,overnight_open,3,2.0,REAL,CONTINUATION_FIRST,151
NQ,overnight_open,3,2.0,REAL,SAME_BAR_BARRIER_TIE,7
NQ,overnight_open,3,2.0,SYNTHETIC,NEITHER_REACHED,323
NQ,overnight_open,3,2.0,SYNTHETIC,REJECTION_FIRST,265
NQ,overnight_open,3,2.0,SYNTHETIC,CONTINUATION_FIRST,248
NQ,overnight_open,3,2.0,SYNTHETIC,SAME_BAR_BARRIER_TIE,10
NQ,overnight_open,5,0.5,REAL,REJECTION_FIRST,209
NQ,overnight_open,5,0.5,REAL,CONTINUATION_FIRST,179
NQ,overnight_open,5,0.5,REAL,SAME_BAR_BARRIER_TIE,133
NQ,overnight_open,5,0.5,SYNTHETIC,CONTINUATION_FIRST,341
NQ,overnight_open,5,0.5,SYNTHETIC,REJECTION_FIRST,308
NQ,overnight_open,5,0.5,SYNTHETIC,SAME_BAR_BARRIER_TIE,196
NQ,overnight_open,5,0.5,SYNTHETIC,NEITHER_REACHED,1
NQ,overnight_open,5,1.0,REAL,REJECTION_FIRST,254
NQ,overnight_open,5,1.0,REAL,CONTINUATION_FIRST,215
NQ,overnight_open,5,1.0,REAL,SAME_BAR_BARRIER_TIE,42
NQ,overnight_open,5,1.0,REAL,NEITHER_REACHED,10
NQ,overnight_open,5,1.0,SYNTHETIC,CONTINUATION_FIRST,394
NQ,overnight_open,5,1.0,SYNTHETIC,REJECTION_FIRST,378
NQ,overnight_open,5,1.0,SYNTHETIC,SAME_BAR_BARRIER_TIE,56
NQ,overnight_open,5,1.0,SYNTHETIC,NEITHER_REACHED,18
NQ,overnight_open,5,1.5,REAL,REJECTION_FIRST,238
NQ,overnight_open,5,1.5,REAL,CONTINUATION_FIRST,213
NQ,overnight_open,5,1.5,REAL,NEITHER_REACHED,57
NQ,overnight_open,5,1.5,REAL,SAME_BAR_BARRIER_TIE,13
NQ,overnight_open,5,1.5,SYNTHETIC,CONTINUATION_FIRST,385
NQ,overnight_open,5,1.5,SYNTHETIC,REJECTION_FIRST,357
NQ,overnight_open,5,1.5,SYNTHETIC,NEITHER_REACHED,87
NQ,overnight_open,5,1.5,SYNTHETIC,SAME_BAR_BARRIER_TIE,17
NQ,overnight_open,5,2.0,REAL,REJECTION_FIRST,206
NQ,overnight_open,5,2.0,REAL,CONTINUATION_FIRST,189
NQ,overnight_open,5,2.0,REAL,NEITHER_REACHED,119
NQ,overnight_open,5,2.0,REAL,SAME_BAR_BARRIER_TIE,7
NQ,overnight_open,5,2.0,SYNTHETIC,CONTINUATION_FIRST,327
NQ,overnight_open,5,2.0,SYNTHETIC,REJECTION_FIRST,326
NQ,overnight_open,5,2.0,SYNTHETIC,NEITHER_REACHED,183
NQ,overnight_open,5,2.0,SYNTHETIC,SAME_BAR_BARRIER_TIE,10
NQ,overnight_open,10,0.5,REAL,REJECTION_FIRST,209
NQ,overnight_open,10,0.5,REAL,CONTINUATION_FIRST,179
NQ,overnight_open,10,0.5,REAL,SAME_BAR_BARRIER_TIE,133
NQ,overnight_open,10,0.5,SYNTHETIC,CONTINUATION_FIRST,341
NQ,overnight_open,10,0.5,SYNTHETIC,REJECTION_FIRST,309
NQ,overnight_open,10,0.5,SYNTHETIC,SAME_BAR_BARRIER_TIE,196
NQ,overnight_open,10,1.0,REAL,REJECTION_FIRST,256
NQ,overnight_open,10,1.0,REAL,CONTINUATION_FIRST,219
NQ,overnight_open,10,1.0,REAL,SAME_BAR_BARRIER_TIE,42
NQ,overnight_open,10,1.0,REAL,NEITHER_REACHED,4
NQ,overnight_open,10,1.0,SYNTHETIC,CONTINUATION_FIRST,401
NQ,overnight_open,10,1.0,SYNTHETIC,REJECTION_FIRST,382
NQ,overnight_open,10,1.0,SYNTHETIC,SAME_BAR_BARRIER_TIE,56
NQ,overnight_open,10,1.0,SYNTHETIC,NEITHER_REACHED,7
NQ,overnight_open,10,1.5,REAL,REJECTION_FIRST,260
NQ,overnight_open,10,1.5,REAL,CONTINUATION_FIRST,232
NQ,overnight_open,10,1.5,REAL,NEITHER_REACHED,16
NQ,overnight_open,10,1.5,REAL,SAME_BAR_BARRIER_TIE,13
NQ,overnight_open,10,1.5,SYNTHETIC,CONTINUATION_FIRST,412
NQ,overnight_open,10,1.5,SYNTHETIC,REJECTION_FIRST,384
NQ,overnight_open,10,1.5,SYNTHETIC,NEITHER_REACHED,33
NQ,overnight_open,10,1.5,SYNTHETIC,SAME_BAR_BARRIER_TIE,17
NQ,overnight_open,10,2.0,REAL,REJECTION_FIRST,243
NQ,overnight_open,10,2.0,REAL,CONTINUATION_FIRST,215
NQ,overnight_open,10,2.0,REAL,NEITHER_REACHED,56
NQ,overnight_open,10,2.0,REAL,SAME_BAR_BARRIER_TIE,7
NQ,overnight_open,10,2.0,SYNTHETIC,REJECTION_FIRST,378
NQ,overnight_open,10,2.0,SYNTHETIC,CONTINUATION_FIRST,374
NQ,overnight_open,10,2.0,SYNTHETIC,NEITHER_REACHED,84
NQ,overnight_open,10,2.0,SYNTHETIC,SAME_BAR_BARRIER_TIE,10
NQ,overnight_open,15,0.5,REAL,REJECTION_FIRST,209
NQ,overnight_open,15,0.5,REAL,CONTINUATION_FIRST,179
NQ,overnight_open,15,0.5,REAL,SAME_BAR_BARRIER_TIE,133
NQ,overnight_open,15,0.5,SYNTHETIC,CONTINUATION_FIRST,341
NQ,overnight_open,15,0.5,SYNTHETIC,REJECTION_FIRST,309
NQ,overnight_open,15,0.5,SYNTHETIC,SAME_BAR_BARRIER_TIE,196
NQ,overnight_open,15,1.0,REAL,REJECTION_FIRST,256
NQ,overnight_open,15,1.0,REAL,CONTINUATION_FIRST,221
NQ,overnight_open,15,1.0,REAL,SAME_BAR_BARRIER_TIE,42
NQ,overnight_open,15,1.0,REAL,NEITHER_REACHED,2
NQ,overnight_open,15,1.0,SYNTHETIC,CONTINUATION_FIRST,403
NQ,overnight_open,15,1.0,SYNTHETIC,REJECTION_FIRST,383
NQ,overnight_open,15,1.0,SYNTHETIC,SAME_BAR_BARRIER_TIE,56
NQ,overnight_open,15,1.0,SYNTHETIC,NEITHER_REACHED,4
NQ,overnight_open,15,1.5,REAL,REJECTION_FIRST,265
NQ,overnight_open,15,1.5,REAL,CONTINUATION_FIRST,237
NQ,overnight_open,15,1.5,REAL,SAME_BAR_BARRIER_TIE,13
NQ,overnight_open,15,1.5,REAL,NEITHER_REACHED,6
NQ,overnight_open,15,1.5,SYNTHETIC,CONTINUATION_FIRST,418
NQ,overnight_open,15,1.5,SYNTHETIC,REJECTION_FIRST,390
NQ,overnight_open,15,1.5,SYNTHETIC,NEITHER_REACHED,21
NQ,overnight_open,15,1.5,SYNTHETIC,SAME_BAR_BARRIER_TIE,17
NQ,overnight_open,15,2.0,REAL,REJECTION_FIRST,257
NQ,overnight_open,15,2.0,REAL,CONTINUATION_FIRST,231
NQ,overnight_open,15,2.0,REAL,NEITHER_REACHED,26
NQ,overnight_open,15,2.0,REAL,SAME_BAR_BARRIER_TIE,7
NQ,overnight_open,15,2.0,SYNTHETIC,REJECTION_FIRST,391
NQ,overnight_open,15,2.0,SYNTHETIC,CONTINUATION_FIRST,390
NQ,overnight_open,15,2.0,SYNTHETIC,NEITHER_REACHED,55
NQ,overnight_open,15,2.0,SYNTHETIC,SAME_BAR_BARRIER_TIE,10
NQ,prior_close,1,0.5,REAL,CONTINUATION_FIRST,148
NQ,prior_close,1,0.5,REAL,REJECTION_FIRST,133
NQ,prior_close,1,0.5,REAL,SAME_BAR_BARRIER_TIE,104
NQ,prior_close,1,0.5,REAL,NEITHER_REACHED,10
NQ,prior_close,1,0.5,SYNTHETIC,CONTINUATION_FIRST,328
NQ,prior_close,1,0.5,SYNTHETIC,REJECTION_FIRST,277
NQ,prior_close,1,0.5,SYNTHETIC,SAME_BAR_BARRIER_TIE,186
NQ,prior_close,1,0.5,SYNTHETIC,NEITHER_REACHED,27
NQ,prior_close,1,1.0,REAL,CONTINUATION_FIRST,155
NQ,prior_close,1,1.0,REAL,REJECTION_FIRST,143
NQ,prior_close,1,1.0,REAL,NEITHER_REACHED,74
NQ,prior_close,1,1.0,REAL,SAME_BAR_BARRIER_TIE,23
NQ,prior_close,1,1.0,SYNTHETIC,CONTINUATION_FIRST,310
NQ,prior_close,1,1.0,SYNTHETIC,REJECTION_FIRST,274
NQ,prior_close,1,1.0,SYNTHETIC,NEITHER_REACHED,189
NQ,prior_close,1,1.0,SYNTHETIC,SAME_BAR_BARRIER_TIE,45
NQ,prior_close,1,1.5,REAL,NEITHER_REACHED,170
NQ,prior_close,1,1.5,REAL,CONTINUATION_FIRST,119
NQ,prior_close,1,1.5,REAL,REJECTION_FIRST,99
NQ,prior_close,1,1.5,REAL,SAME_BAR_BARRIER_TIE,7
NQ,prior_close,1,1.5,SYNTHETIC,NEITHER_REACHED,399
NQ,prior_close,1,1.5,SYNTHETIC,CONTINUATION_FIRST,207
NQ,prior_close,1,1.5,SYNTHETIC,REJECTION_FIRST,195
NQ,prior_close,1,1.5,SYNTHETIC,SAME_BAR_BARRIER_TIE,17
NQ,prior_close,1,2.0,REAL,NEITHER_REACHED,247
NQ,prior_close,1,2.0,REAL,CONTINUATION_FIRST,76
NQ,prior_close,1,2.0,REAL,REJECTION_FIRST,68
NQ,prior_close,1,2.0,REAL,SAME_BAR_BARRIER_TIE,4
NQ,prior_close,1,2.0,SYNTHETIC,NEITHER_REACHED,537
NQ,prior_close,1,2.0,SYNTHETIC,REJECTION_FIRST,138
NQ,prior_close,1,2.0,SYNTHETIC,CONTINUATION_FIRST,132
NQ,prior_close,1,2.0,SYNTHETIC,SAME_BAR_BARRIER_TIE,11
NQ,prior_close,3,0.5,REAL,CONTINUATION_FIRST,154
NQ,prior_close,3,0.5,REAL,REJECTION_FIRST,136
NQ,prior_close,3,0.5,REAL,SAME_BAR_BARRIER_TIE,104
NQ,prior_close,3,0.5,REAL,NEITHER_REACHED,1
NQ,prior_close,3,0.5,SYNTHETIC,CONTINUATION_FIRST,341
NQ,prior_close,3,0.5,SYNTHETIC,REJECTION_FIRST,287
NQ,prior_close,3,0.5,SYNTHETIC,SAME_BAR_BARRIER_TIE,186
NQ,prior_close,3,0.5,SYNTHETIC,NEITHER_REACHED,4
NQ,prior_close,3,1.0,REAL,CONTINUATION_FIRST,180
NQ,prior_close,3,1.0,REAL,REJECTION_FIRST,165
NQ,prior_close,3,1.0,REAL,NEITHER_REACHED,26
NQ,prior_close,3,1.0,REAL,SAME_BAR_BARRIER_TIE,24
NQ,prior_close,3,1.0,SYNTHETIC,CONTINUATION_FIRST,375
NQ,prior_close,3,1.0,SYNTHETIC,REJECTION_FIRST,345
NQ,prior_close,3,1.0,SYNTHETIC,NEITHER_REACHED,51
NQ,prior_close,3,1.0,SYNTHETIC,SAME_BAR_BARRIER_TIE,47
NQ,prior_close,3,1.5,REAL,CONTINUATION_FIRST,167
NQ,prior_close,3,1.5,REAL,REJECTION_FIRST,147
NQ,prior_close,3,1.5,REAL,NEITHER_REACHED,74
NQ,prior_close,3,1.5,REAL,SAME_BAR_BARRIER_TIE,7
NQ,prior_close,3,1.5,SYNTHETIC,CONTINUATION_FIRST,325
NQ,prior_close,3,1.5,SYNTHETIC,REJECTION_FIRST,306
NQ,prior_close,3,1.5,SYNTHETIC,NEITHER_REACHED,170
NQ,prior_close,3,1.5,SYNTHETIC,SAME_BAR_BARRIER_TIE,17
NQ,prior_close,3,2.0,REAL,NEITHER_REACHED,146
NQ,prior_close,3,2.0,REAL,CONTINUATION_FIRST,132
NQ,prior_close,3,2.0,REAL,REJECTION_FIRST,113
NQ,prior_close,3,2.0,REAL,SAME_BAR_BARRIER_TIE,4
NQ,prior_close,3,2.0,SYNTHETIC,NEITHER_REACHED,314
NQ,prior_close,3,2.0,SYNTHETIC,CONTINUATION_FIRST,248
NQ,prior_close,3,2.0,SYNTHETIC,REJECTION_FIRST,245
NQ,prior_close,3,2.0,SYNTHETIC,SAME_BAR_BARRIER_TIE,11
NQ,prior_close,5,0.5,REAL,CONTINUATION_FIRST,155
NQ,prior_close,5,0.5,REAL,REJECTION_FIRST,136
NQ,prior_close,5,0.5,REAL,SAME_BAR_BARRIER_TIE,104
NQ,prior_close,5,0.5,SYNTHETIC,CONTINUATION_FIRST,342
NQ,prior_close,5,0.5,SYNTHETIC,REJECTION_FIRST,288
NQ,prior_close,5,0.5,SYNTHETIC,SAME_BAR_BARRIER_TIE,186
NQ,prior_close,5,0.5,SYNTHETIC,NEITHER_REACHED,2
NQ,prior_close,5,1.0,REAL,CONTINUATION_FIRST,186
NQ,prior_close,5,1.0,REAL,REJECTION_FIRST,174
NQ,prior_close,5,1.0,REAL,SAME_BAR_BARRIER_TIE,25
NQ,prior_close,5,1.0,REAL,NEITHER_REACHED,10
NQ,prior_close,5,1.0,SYNTHETIC,CONTINUATION_FIRST,389
NQ,prior_close,5,1.0,SYNTHETIC,REJECTION_FIRST,359
NQ,prior_close,5,1.0,SYNTHETIC,SAME_BAR_BARRIER_TIE,48
NQ,prior_close,5,1.0,SYNTHETIC,NEITHER_REACHED,22
NQ,prior_close,5,1.5,REAL,CONTINUATION_FIRST,186
NQ,prior_close,5,1.5,REAL,REJECTION_FIRST,162
NQ,prior_close,5,1.5,REAL,NEITHER_REACHED,40
NQ,prior_close,5,1.5,REAL,SAME_BAR_BARRIER_TIE,7
NQ,prior_close,5,1.5,SYNTHETIC,CONTINUATION_FIRST,368
NQ,prior_close,5,1.5,SYNTHETIC,REJECTION_FIRST,354
NQ,prior_close,5,1.5,SYNTHETIC,NEITHER_REACHED,79
NQ,prior_close,5,1.5,SYNTHETIC,SAME_BAR_BARRIER_TIE,17
NQ,prior_close,5,2.0,REAL,CONTINUATION_FIRST,156
NQ,prior_close,5,2.0,REAL,REJECTION_FIRST,147
NQ,prior_close,5,2.0,REAL,NEITHER_REACHED,88
NQ,prior_close,5,2.0,REAL,SAME_BAR_BARRIER_TIE,4
NQ,prior_close,5,2.0,SYNTHETIC,CONTINUATION_FIRST,317
NQ,prior_close,5,2.0,SYNTHETIC,REJECTION_FIRST,303
NQ,prior_close,5,2.0,SYNTHETIC,NEITHER_REACHED,187
NQ,prior_close,5,2.0,SYNTHETIC,SAME_BAR_BARRIER_TIE,11
NQ,prior_close,10,0.5,REAL,CONTINUATION_FIRST,155
NQ,prior_close,10,0.5,REAL,REJECTION_FIRST,136
NQ,prior_close,10,0.5,REAL,SAME_BAR_BARRIER_TIE,104
NQ,prior_close,10,0.5,SYNTHETIC,CONTINUATION_FIRST,342
NQ,prior_close,10,0.5,SYNTHETIC,REJECTION_FIRST,290
NQ,prior_close,10,0.5,SYNTHETIC,SAME_BAR_BARRIER_TIE,186
NQ,prior_close,10,1.0,REAL,CONTINUATION_FIRST,190
NQ,prior_close,10,1.0,REAL,REJECTION_FIRST,178
NQ,prior_close,10,1.0,REAL,SAME_BAR_BARRIER_TIE,25
NQ,prior_close,10,1.0,REAL,NEITHER_REACHED,2
NQ,prior_close,10,1.0,SYNTHETIC,CONTINUATION_FIRST,397
NQ,prior_close,10,1.0,SYNTHETIC,REJECTION_FIRST,366
NQ,prior_close,10,1.0,SYNTHETIC,SAME_BAR_BARRIER_TIE,48
NQ,prior_close,10,1.0,SYNTHETIC,NEITHER_REACHED,7
NQ,prior_close,10,1.5,REAL,CONTINUATION_FIRST,200
NQ,prior_close,10,1.5,REAL,REJECTION_FIRST,169
NQ,prior_close,10,1.5,REAL,NEITHER_REACHED,19
NQ,prior_close,10,1.5,REAL,SAME_BAR_BARRIER_TIE,7
NQ,prior_close,10,1.5,SYNTHETIC,CONTINUATION_FIRST,393
NQ,prior_close,10,1.5,SYNTHETIC,REJECTION_FIRST,379
NQ,prior_close,10,1.5,SYNTHETIC,NEITHER_REACHED,29
NQ,prior_close,10,1.5,SYNTHETIC,SAME_BAR_BARRIER_TIE,17
NQ,prior_close,10,2.0,REAL,CONTINUATION_FIRST,185
NQ,prior_close,10,2.0,REAL,REJECTION_FIRST,169
NQ,prior_close,10,2.0,REAL,NEITHER_REACHED,37
NQ,prior_close,10,2.0,REAL,SAME_BAR_BARRIER_TIE,4
NQ,prior_close,10,2.0,SYNTHETIC,CONTINUATION_FIRST,367
NQ,prior_close,10,2.0,SYNTHETIC,REJECTION_FIRST,358
NQ,prior_close,10,2.0,SYNTHETIC,NEITHER_REACHED,82
NQ,prior_close,10,2.0,SYNTHETIC,SAME_BAR_BARRIER_TIE,11
NQ,prior_close,15,0.5,REAL,CONTINUATION_FIRST,155
NQ,prior_close,15,0.5,REAL,REJECTION_FIRST,136
NQ,prior_close,15,0.5,REAL,SAME_BAR_BARRIER_TIE,104
NQ,prior_close,15,0.5,SYNTHETIC,CONTINUATION_FIRST,342
NQ,prior_close,15,0.5,SYNTHETIC,REJECTION_FIRST,290
NQ,prior_close,15,0.5,SYNTHETIC,SAME_BAR_BARRIER_TIE,186
NQ,prior_close,15,1.0,REAL,CONTINUATION_FIRST,191
NQ,prior_close,15,1.0,REAL,REJECTION_FIRST,179
NQ,prior_close,15,1.0,REAL,SAME_BAR_BARRIER_TIE,25
NQ,prior_close,15,1.0,SYNTHETIC,CONTINUATION_FIRST,398
NQ,prior_close,15,1.0,SYNTHETIC,REJECTION_FIRST,369
NQ,prior_close,15,1.0,SYNTHETIC,SAME_BAR_BARRIER_TIE,48
NQ,prior_close,15,1.0,SYNTHETIC,NEITHER_REACHED,3
NQ,prior_close,15,1.5,REAL,CONTINUATION_FIRST,208
NQ,prior_close,15,1.5,REAL,REJECTION_FIRST,173
NQ,prior_close,15,1.5,REAL,SAME_BAR_BARRIER_TIE,7
NQ,prior_close,15,1.5,REAL,NEITHER_REACHED,7
NQ,prior_close,15,1.5,SYNTHETIC,CONTINUATION_FIRST,399
NQ,prior_close,15,1.5,SYNTHETIC,REJECTION_FIRST,385
NQ,prior_close,15,1.5,SYNTHETIC,SAME_BAR_BARRIER_TIE,17
NQ,prior_close,15,1.5,SYNTHETIC,NEITHER_REACHED,17
NQ,prior_close,15,2.0,REAL,CONTINUATION_FIRST,195
NQ,prior_close,15,2.0,REAL,REJECTION_FIRST,177
NQ,prior_close,15,2.0,REAL,NEITHER_REACHED,19
NQ,prior_close,15,2.0,REAL,SAME_BAR_BARRIER_TIE,4
NQ,prior_close,15,2.0,SYNTHETIC,CONTINUATION_FIRST,389
NQ,prior_close,15,2.0,SYNTHETIC,REJECTION_FIRST,371
NQ,prior_close,15,2.0,SYNTHETIC,NEITHER_REACHED,47
NQ,prior_close,15,2.0,SYNTHETIC,SAME_BAR_BARRIER_TIE,11
NQ,prior_high,1,0.5,REAL,CONTINUATION_FIRST,103
NQ,prior_high,1,0.5,REAL,REJECTION_FIRST,88
NQ,prior_high,1,0.5,REAL,SAME_BAR_BARRIER_TIE,74
NQ,prior_high,1,0.5,REAL,NEITHER_REACHED,4
NQ,prior_high,1,0.5,SYNTHETIC,CONTINUATION_FIRST,314
NQ,prior_high,1,0.5,SYNTHETIC,REJECTION_FIRST,310
NQ,prior_high,1,0.5,SYNTHETIC,SAME_BAR_BARRIER_TIE,152
NQ,prior_high,1,0.5,SYNTHETIC,NEITHER_REACHED,16
NQ,prior_high,1,1.0,REAL,CONTINUATION_FIRST,90
NQ,prior_high,1,1.0,REAL,REJECTION_FIRST,83
NQ,prior_high,1,1.0,REAL,NEITHER_REACHED,79
NQ,prior_high,1,1.0,REAL,SAME_BAR_BARRIER_TIE,17
NQ,prior_high,1,1.0,SYNTHETIC,CONTINUATION_FIRST,301
NQ,prior_high,1,1.0,SYNTHETIC,REJECTION_FIRST,276
NQ,prior_high,1,1.0,SYNTHETIC,NEITHER_REACHED,179
NQ,prior_high,1,1.0,SYNTHETIC,SAME_BAR_BARRIER_TIE,36
NQ,prior_high,1,1.5,REAL,NEITHER_REACHED,150
NQ,prior_high,1,1.5,REAL,CONTINUATION_FIRST,65
NQ,prior_high,1,1.5,REAL,REJECTION_FIRST,49
NQ,prior_high,1,1.5,REAL,SAME_BAR_BARRIER_TIE,5
NQ,prior_high,1,1.5,SYNTHETIC,NEITHER_REACHED,379
NQ,prior_high,1,1.5,SYNTHETIC,CONTINUATION_FIRST,207
NQ,prior_high,1,1.5,SYNTHETIC,REJECTION_FIRST,190
NQ,prior_high,1,1.5,SYNTHETIC,SAME_BAR_BARRIER_TIE,16
NQ,prior_high,1,2.0,REAL,NEITHER_REACHED,195
NQ,prior_high,1,2.0,REAL,CONTINUATION_FIRST,43
NQ,prior_high,1,2.0,REAL,REJECTION_FIRST,29
NQ,prior_high,1,2.0,REAL,SAME_BAR_BARRIER_TIE,2
NQ,prior_high,1,2.0,SYNTHETIC,NEITHER_REACHED,531
NQ,prior_high,1,2.0,SYNTHETIC,CONTINUATION_FIRST,131
NQ,prior_high,1,2.0,SYNTHETIC,REJECTION_FIRST,123
NQ,prior_high,1,2.0,SYNTHETIC,SAME_BAR_BARRIER_TIE,7
NQ,prior_high,3,0.5,REAL,CONTINUATION_FIRST,106
NQ,prior_high,3,0.5,REAL,REJECTION_FIRST,89
NQ,prior_high,3,0.5,REAL,SAME_BAR_BARRIER_TIE,74
NQ,prior_high,3,0.5,SYNTHETIC,CONTINUATION_FIRST,322
NQ,prior_high,3,0.5,SYNTHETIC,REJECTION_FIRST,317
NQ,prior_high,3,0.5,SYNTHETIC,SAME_BAR_BARRIER_TIE,152
NQ,prior_high,3,0.5,SYNTHETIC,NEITHER_REACHED,1
NQ,prior_high,3,1.0,REAL,CONTINUATION_FIRST,121
NQ,prior_high,3,1.0,REAL,REJECTION_FIRST,108
NQ,prior_high,3,1.0,REAL,NEITHER_REACHED,22
NQ,prior_high,3,1.0,REAL,SAME_BAR_BARRIER_TIE,18
NQ,prior_high,3,1.0,SYNTHETIC,CONTINUATION_FIRST,373
NQ,prior_high,3,1.0,SYNTHETIC,REJECTION_FIRST,336
NQ,prior_high,3,1.0,SYNTHETIC,NEITHER_REACHED,47
NQ,prior_high,3,1.0,SYNTHETIC,SAME_BAR_BARRIER_TIE,36
NQ,prior_high,3,1.5,REAL,CONTINUATION_FIRST,106
NQ,prior_high,3,1.5,REAL,REJECTION_FIRST,89
NQ,prior_high,3,1.5,REAL,NEITHER_REACHED,69
NQ,prior_high,3,1.5,REAL,SAME_BAR_BARRIER_TIE,5
NQ,prior_high,3,1.5,SYNTHETIC,CONTINUATION_FIRST,325
NQ,prior_high,3,1.5,SYNTHETIC,REJECTION_FIRST,290
NQ,prior_high,3,1.5,SYNTHETIC,NEITHER_REACHED,159
NQ,prior_high,3,1.5,SYNTHETIC,SAME_BAR_BARRIER_TIE,18
NQ,prior_high,3,2.0,REAL,NEITHER_REACHED,122
NQ,prior_high,3,2.0,REAL,CONTINUATION_FIRST,84
NQ,prior_high,3,2.0,REAL,REJECTION_FIRST,61
NQ,prior_high,3,2.0,REAL,SAME_BAR_BARRIER_TIE,2
NQ,prior_high,3,2.0,SYNTHETIC,NEITHER_REACHED,301
NQ,prior_high,3,2.0,SYNTHETIC,REJECTION_FIRST,244
NQ,prior_high,3,2.0,SYNTHETIC,CONTINUATION_FIRST,240
NQ,prior_high,3,2.0,SYNTHETIC,SAME_BAR_BARRIER_TIE,7
NQ,prior_high,5,0.5,REAL,CONTINUATION_FIRST,106
NQ,prior_high,5,0.5,REAL,REJECTION_FIRST,89
NQ,prior_high,5,0.5,REAL,SAME_BAR_BARRIER_TIE,74
NQ,prior_high,5,0.5,SYNTHETIC,CONTINUATION_FIRST,322
NQ,prior_high,5,0.5,SYNTHETIC,REJECTION_FIRST,318
NQ,prior_high,5,0.5,SYNTHETIC,SAME_BAR_BARRIER_TIE,152
NQ,prior_high,5,1.0,REAL,CONTINUATION_FIRST,129
NQ,prior_high,5,1.0,REAL,REJECTION_FIRST,117
NQ,prior_high,5,1.0,REAL,SAME_BAR_BARRIER_TIE,18
NQ,prior_high,5,1.0,REAL,NEITHER_REACHED,5
NQ,prior_high,5,1.0,SYNTHETIC,CONTINUATION_FIRST,385
NQ,prior_high,5,1.0,SYNTHETIC,REJECTION_FIRST,352
NQ,prior_high,5,1.0,SYNTHETIC,SAME_BAR_BARRIER_TIE,36
NQ,prior_high,5,1.0,SYNTHETIC,NEITHER_REACHED,19
NQ,prior_high,5,1.5,REAL,CONTINUATION_FIRST,117
NQ,prior_high,5,1.5,REAL,REJECTION_FIRST,104
NQ,prior_high,5,1.5,REAL,NEITHER_REACHED,43
NQ,prior_high,5,1.5,REAL,SAME_BAR_BARRIER_TIE,5
NQ,prior_high,5,1.5,SYNTHETIC,CONTINUATION_FIRST,358
NQ,prior_high,5,1.5,SYNTHETIC,REJECTION_FIRST,327
NQ,prior_high,5,1.5,SYNTHETIC,NEITHER_REACHED,89
NQ,prior_high,5,1.5,SYNTHETIC,SAME_BAR_BARRIER_TIE,18
NQ,prior_high,5,2.0,REAL,CONTINUATION_FIRST,104
NQ,prior_high,5,2.0,REAL,REJECTION_FIRST,83
NQ,prior_high,5,2.0,REAL,NEITHER_REACHED,80
NQ,prior_high,5,2.0,REAL,SAME_BAR_BARRIER_TIE,2
NQ,prior_high,5,2.0,SYNTHETIC,CONTINUATION_FIRST,299
NQ,prior_high,5,2.0,SYNTHETIC,REJECTION_FIRST,290
NQ,prior_high,5,2.0,SYNTHETIC,NEITHER_REACHED,196
NQ,prior_high,5,2.0,SYNTHETIC,SAME_BAR_BARRIER_TIE,7
NQ,prior_high,10,0.5,REAL,CONTINUATION_FIRST,106
NQ,prior_high,10,0.5,REAL,REJECTION_FIRST,89
NQ,prior_high,10,0.5,REAL,SAME_BAR_BARRIER_TIE,74
NQ,prior_high,10,0.5,SYNTHETIC,CONTINUATION_FIRST,322
NQ,prior_high,10,0.5,SYNTHETIC,REJECTION_FIRST,318
NQ,prior_high,10,0.5,SYNTHETIC,SAME_BAR_BARRIER_TIE,152
NQ,prior_high,10,1.0,REAL,CONTINUATION_FIRST,131
NQ,prior_high,10,1.0,REAL,REJECTION_FIRST,120
NQ,prior_high,10,1.0,REAL,SAME_BAR_BARRIER_TIE,18
NQ,prior_high,10,1.0,SYNTHETIC,CONTINUATION_FIRST,390
NQ,prior_high,10,1.0,SYNTHETIC,REJECTION_FIRST,361
NQ,prior_high,10,1.0,SYNTHETIC,SAME_BAR_BARRIER_TIE,36
NQ,prior_high,10,1.0,SYNTHETIC,NEITHER_REACHED,5
NQ,prior_high,10,1.5,REAL,CONTINUATION_FIRST,133
NQ,prior_high,10,1.5,REAL,REJECTION_FIRST,119
NQ,prior_high,10,1.5,REAL,NEITHER_REACHED,12
NQ,prior_high,10,1.5,REAL,SAME_BAR_BARRIER_TIE,5
NQ,prior_high,10,1.5,SYNTHETIC,CONTINUATION_FIRST,394
NQ,prior_high,10,1.5,SYNTHETIC,REJECTION_FIRST,352
NQ,prior_high,10,1.5,SYNTHETIC,NEITHER_REACHED,28
NQ,prior_high,10,1.5,SYNTHETIC,SAME_BAR_BARRIER_TIE,18
NQ,prior_high,10,2.0,REAL,CONTINUATION_FIRST,132
NQ,prior_high,10,2.0,REAL,REJECTION_FIRST,106
NQ,prior_high,10,2.0,REAL,NEITHER_REACHED,29
NQ,prior_high,10,2.0,REAL,SAME_BAR_BARRIER_TIE,2
NQ,prior_high,10,2.0,SYNTHETIC,CONTINUATION_FIRST,348
NQ,prior_high,10,2.0,SYNTHETIC,REJECTION_FIRST,345
NQ,prior_high,10,2.0,SYNTHETIC,NEITHER_REACHED,92
NQ,prior_high,10,2.0,SYNTHETIC,SAME_BAR_BARRIER_TIE,7
NQ,prior_high,15,0.5,REAL,CONTINUATION_FIRST,106
NQ,prior_high,15,0.5,REAL,REJECTION_FIRST,89
NQ,prior_high,15,0.5,REAL,SAME_BAR_BARRIER_TIE,74
NQ,prior_high,15,0.5,SYNTHETIC,CONTINUATION_FIRST,322
NQ,prior_high,15,0.5,SYNTHETIC,REJECTION_FIRST,318
NQ,prior_high,15,0.5,SYNTHETIC,SAME_BAR_BARRIER_TIE,152
NQ,prior_high,15,1.0,REAL,CONTINUATION_FIRST,131
NQ,prior_high,15,1.0,REAL,REJECTION_FIRST,120
NQ,prior_high,15,1.0,REAL,SAME_BAR_BARRIER_TIE,18
NQ,prior_high,15,1.0,SYNTHETIC,CONTINUATION_FIRST,391
NQ,prior_high,15,1.0,SYNTHETIC,REJECTION_FIRST,363
NQ,prior_high,15,1.0,SYNTHETIC,SAME_BAR_BARRIER_TIE,36
NQ,prior_high,15,1.0,SYNTHETIC,NEITHER_REACHED,2
NQ,prior_high,15,1.5,REAL,CONTINUATION_FIRST,134
NQ,prior_high,15,1.5,REAL,REJECTION_FIRST,125
NQ,prior_high,15,1.5,REAL,SAME_BAR_BARRIER_TIE,5
NQ,prior_high,15,1.5,REAL,NEITHER_REACHED,5
NQ,prior_high,15,1.5,SYNTHETIC,CONTINUATION_FIRST,402
NQ,prior_high,15,1.5,SYNTHETIC,REJECTION_FIRST,355
NQ,prior_high,15,1.5,SYNTHETIC,SAME_BAR_BARRIER_TIE,18
NQ,prior_high,15,1.5,SYNTHETIC,NEITHER_REACHED,17
NQ,prior_high,15,2.0,REAL,CONTINUATION_FIRST,136
NQ,prior_high,15,2.0,REAL,REJECTION_FIRST,111
NQ,prior_high,15,2.0,REAL,NEITHER_REACHED,20
NQ,prior_high,15,2.0,REAL,SAME_BAR_BARRIER_TIE,2
NQ,prior_high,15,2.0,SYNTHETIC,CONTINUATION_FIRST,370
NQ,prior_high,15,2.0,SYNTHETIC,REJECTION_FIRST,365
NQ,prior_high,15,2.0,SYNTHETIC,NEITHER_REACHED,50
NQ,prior_high,15,2.0,SYNTHETIC,SAME_BAR_BARRIER_TIE,7
NQ,prior_low,1,0.5,REAL,CONTINUATION_FIRST,91
NQ,prior_low,1,0.5,REAL,REJECTION_FIRST,63
NQ,prior_low,1,0.5,REAL,SAME_BAR_BARRIER_TIE,59
NQ,prior_low,1,0.5,SYNTHETIC,REJECTION_FIRST,284
NQ,prior_low,1,0.5,SYNTHETIC,CONTINUATION_FIRST,274
NQ,prior_low,1,0.5,SYNTHETIC,SAME_BAR_BARRIER_TIE,236
NQ,prior_low,1,0.5,SYNTHETIC,NEITHER_REACHED,6
NQ,prior_low,1,1.0,REAL,CONTINUATION_FIRST,110
NQ,prior_low,1,1.0,REAL,REJECTION_FIRST,61
NQ,prior_low,1,1.0,REAL,NEITHER_REACHED,25
NQ,prior_low,1,1.0,REAL,SAME_BAR_BARRIER_TIE,17
NQ,prior_low,1,1.0,SYNTHETIC,REJECTION_FIRST,315
NQ,prior_low,1,1.0,SYNTHETIC,CONTINUATION_FIRST,306
NQ,prior_low,1,1.0,SYNTHETIC,NEITHER_REACHED,105
NQ,prior_low,1,1.0,SYNTHETIC,SAME_BAR_BARRIER_TIE,74
NQ,prior_low,1,1.5,REAL,CONTINUATION_FIRST,89
NQ,prior_low,1,1.5,REAL,NEITHER_REACHED,73
NQ,prior_low,1,1.5,REAL,REJECTION_FIRST,46
NQ,prior_low,1,1.5,REAL,SAME_BAR_BARRIER_TIE,5
NQ,prior_low,1,1.5,SYNTHETIC,NEITHER_REACHED,275
NQ,prior_low,1,1.5,SYNTHETIC,REJECTION_FIRST,257
NQ,prior_low,1,1.5,SYNTHETIC,CONTINUATION_FIRST,242
NQ,prior_low,1,1.5,SYNTHETIC,SAME_BAR_BARRIER_TIE,26
NQ,prior_low,1,2.0,REAL,NEITHER_REACHED,115
NQ,prior_low,1,2.0,REAL,CONTINUATION_FIRST,65
NQ,prior_low,1,2.0,REAL,REJECTION_FIRST,32
NQ,prior_low,1,2.0,REAL,SAME_BAR_BARRIER_TIE,1
NQ,prior_low,1,2.0,SYNTHETIC,NEITHER_REACHED,423
NQ,prior_low,1,2.0,SYNTHETIC,REJECTION_FIRST,198
NQ,prior_low,1,2.0,SYNTHETIC,CONTINUATION_FIRST,169
NQ,prior_low,1,2.0,SYNTHETIC,SAME_BAR_BARRIER_TIE,10
NQ,prior_low,3,0.5,REAL,CONTINUATION_FIRST,91
NQ,prior_low,3,0.5,REAL,REJECTION_FIRST,63
NQ,prior_low,3,0.5,REAL,SAME_BAR_BARRIER_TIE,59
NQ,prior_low,3,0.5,SYNTHETIC,REJECTION_FIRST,287
NQ,prior_low,3,0.5,SYNTHETIC,CONTINUATION_FIRST,277
NQ,prior_low,3,0.5,SYNTHETIC,SAME_BAR_BARRIER_TIE,236
NQ,prior_low,3,1.0,REAL,CONTINUATION_FIRST,122
NQ,prior_low,3,1.0,REAL,REJECTION_FIRST,71
NQ,prior_low,3,1.0,REAL,SAME_BAR_BARRIER_TIE,18
NQ,prior_low,3,1.0,REAL,NEITHER_REACHED,2
NQ,prior_low,3,1.0,SYNTHETIC,REJECTION_FIRST,359
NQ,prior_low,3,1.0,SYNTHETIC,CONTINUATION_FIRST,346
NQ,prior_low,3,1.0,SYNTHETIC,SAME_BAR_BARRIER_TIE,75
NQ,prior_low,3,1.0,SYNTHETIC,NEITHER_REACHED,20
NQ,prior_low,3,1.5,REAL,CONTINUATION_FIRST,119
NQ,prior_low,3,1.5,REAL,REJECTION_FIRST,63
NQ,prior_low,3,1.5,REAL,NEITHER_REACHED,25
NQ,prior_low,3,1.5,REAL,SAME_BAR_BARRIER_TIE,6
NQ,prior_low,3,1.5,SYNTHETIC,REJECTION_FIRST,351
NQ,prior_low,3,1.5,SYNTHETIC,CONTINUATION_FIRST,331
NQ,prior_low,3,1.5,SYNTHETIC,NEITHER_REACHED,91
NQ,prior_low,3,1.5,SYNTHETIC,SAME_BAR_BARRIER_TIE,27
NQ,prior_low,3,2.0,REAL,CONTINUATION_FIRST,103
NQ,prior_low,3,2.0,REAL,REJECTION_FIRST,55
NQ,prior_low,3,2.0,REAL,NEITHER_REACHED,54
NQ,prior_low,3,2.0,REAL,SAME_BAR_BARRIER_TIE,1
NQ,prior_low,3,2.0,SYNTHETIC,REJECTION_FIRST,309
NQ,prior_low,3,2.0,SYNTHETIC,CONTINUATION_FIRST,293
NQ,prior_low,3,2.0,SYNTHETIC,NEITHER_REACHED,187
NQ,prior_low,3,2.0,SYNTHETIC,SAME_BAR_BARRIER_TIE,11
NQ,prior_low,5,0.5,REAL,CONTINUATION_FIRST,91
NQ,prior_low,5,0.5,REAL,REJECTION_FIRST,63
NQ,prior_low,5,0.5,REAL,SAME_BAR_BARRIER_TIE,59
NQ,prior_low,5,0.5,SYNTHETIC,REJECTION_FIRST,287
NQ,prior_low,5,0.5,SYNTHETIC,CONTINUATION_FIRST,277
NQ,prior_low,5,0.5,SYNTHETIC,SAME_BAR_BARRIER_TIE,236
NQ,prior_low,5,1.0,REAL,CONTINUATION_FIRST,123
NQ,prior_low,5,1.0,REAL,REJECTION_FIRST,71
NQ,prior_low,5,1.0,REAL,SAME_BAR_BARRIER_TIE,18
NQ,prior_low,5,1.0,REAL,NEITHER_REACHED,1
NQ,prior_low,5,1.0,SYNTHETIC,REJECTION_FIRST,368
NQ,prior_low,5,1.0,SYNTHETIC,CONTINUATION_FIRST,352
NQ,prior_low,5,1.0,SYNTHETIC,SAME_BAR_BARRIER_TIE,75
NQ,prior_low,5,1.0,SYNTHETIC,NEITHER_REACHED,5
NQ,prior_low,5,1.5,REAL,CONTINUATION_FIRST,128
NQ,prior_low,5,1.5,REAL,REJECTION_FIRST,70
NQ,prior_low,5,1.5,REAL,NEITHER_REACHED,9
NQ,prior_low,5,1.5,REAL,SAME_BAR_BARRIER_TIE,6
NQ,prior_low,5,1.5,SYNTHETIC,REJECTION_FIRST,377
NQ,prior_low,5,1.5,SYNTHETIC,CONTINUATION_FIRST,350
NQ,prior_low,5,1.5,SYNTHETIC,NEITHER_REACHED,46
NQ,prior_low,5,1.5,SYNTHETIC,SAME_BAR_BARRIER_TIE,27
NQ,prior_low,5,2.0,REAL,CONTINUATION_FIRST,119
NQ,prior_low,5,2.0,REAL,REJECTION_FIRST,63
NQ,prior_low,5,2.0,REAL,NEITHER_REACHED,30
NQ,prior_low,5,2.0,REAL,SAME_BAR_BARRIER_TIE,1
NQ,prior_low,5,2.0,SYNTHETIC,REJECTION_FIRST,346
NQ,prior_low,5,2.0,SYNTHETIC,CONTINUATION_FIRST,336
NQ,prior_low,5,2.0,SYNTHETIC,NEITHER_REACHED,107
NQ,prior_low,5,2.0,SYNTHETIC,SAME_BAR_BARRIER_TIE,11
NQ,prior_low,10,0.5,REAL,CONTINUATION_FIRST,91
NQ,prior_low,10,0.5,REAL,REJECTION_FIRST,63
NQ,prior_low,10,0.5,REAL,SAME_BAR_BARRIER_TIE,59
NQ,prior_low,10,0.5,SYNTHETIC,REJECTION_FIRST,287
NQ,prior_low,10,0.5,SYNTHETIC,CONTINUATION_FIRST,277
NQ,prior_low,10,0.5,SYNTHETIC,SAME_BAR_BARRIER_TIE,236
NQ,prior_low,10,1.0,REAL,CONTINUATION_FIRST,123
NQ,prior_low,10,1.0,REAL,REJECTION_FIRST,72
NQ,prior_low,10,1.0,REAL,SAME_BAR_BARRIER_TIE,18
NQ,prior_low,10,1.0,SYNTHETIC,REJECTION_FIRST,371
NQ,prior_low,10,1.0,SYNTHETIC,CONTINUATION_FIRST,354
NQ,prior_low,10,1.0,SYNTHETIC,SAME_BAR_BARRIER_TIE,75
NQ,prior_low,10,1.5,REAL,CONTINUATION_FIRST,131
NQ,prior_low,10,1.5,REAL,REJECTION_FIRST,74
NQ,prior_low,10,1.5,REAL,SAME_BAR_BARRIER_TIE,6
NQ,prior_low,10,1.5,REAL,NEITHER_REACHED,2
NQ,prior_low,10,1.5,SYNTHETIC,REJECTION_FIRST,395
NQ,prior_low,10,1.5,SYNTHETIC,CONTINUATION_FIRST,367
NQ,prior_low,10,1.5,SYNTHETIC,SAME_BAR_BARRIER_TIE,27
NQ,prior_low,10,1.5,SYNTHETIC,NEITHER_REACHED,11
NQ,prior_low,10,2.0,REAL,CONTINUATION_FIRST,128
NQ,prior_low,10,2.0,REAL,REJECTION_FIRST,75
NQ,prior_low,10,2.0,REAL,NEITHER_REACHED,9
NQ,prior_low,10,2.0,REAL,SAME_BAR_BARRIER_TIE,1
NQ,prior_low,10,2.0,SYNTHETIC,REJECTION_FIRST,379
NQ,prior_low,10,2.0,SYNTHETIC,CONTINUATION_FIRST,369
NQ,prior_low,10,2.0,SYNTHETIC,NEITHER_REACHED,41
NQ,prior_low,10,2.0,SYNTHETIC,SAME_BAR_BARRIER_TIE,11
NQ,prior_low,15,0.5,REAL,CONTINUATION_FIRST,91
NQ,prior_low,15,0.5,REAL,REJECTION_FIRST,63
NQ,prior_low,15,0.5,REAL,SAME_BAR_BARRIER_TIE,59
NQ,prior_low,15,0.5,SYNTHETIC,REJECTION_FIRST,287
NQ,prior_low,15,0.5,SYNTHETIC,CONTINUATION_FIRST,277
NQ,prior_low,15,0.5,SYNTHETIC,SAME_BAR_BARRIER_TIE,236
NQ,prior_low,15,1.0,REAL,CONTINUATION_FIRST,123
NQ,prior_low,15,1.0,REAL,REJECTION_FIRST,72
NQ,prior_low,15,1.0,REAL,SAME_BAR_BARRIER_TIE,18
NQ,prior_low,15,1.0,SYNTHETIC,REJECTION_FIRST,371
NQ,prior_low,15,1.0,SYNTHETIC,CONTINUATION_FIRST,354
NQ,prior_low,15,1.0,SYNTHETIC,SAME_BAR_BARRIER_TIE,75
NQ,prior_low,15,1.5,REAL,CONTINUATION_FIRST,131
NQ,prior_low,15,1.5,REAL,REJECTION_FIRST,75
NQ,prior_low,15,1.5,REAL,SAME_BAR_BARRIER_TIE,6
NQ,prior_low,15,1.5,REAL,NEITHER_REACHED,1
NQ,prior_low,15,1.5,SYNTHETIC,REJECTION_FIRST,398
NQ,prior_low,15,1.5,SYNTHETIC,CONTINUATION_FIRST,372
NQ,prior_low,15,1.5,SYNTHETIC,SAME_BAR_BARRIER_TIE,27
NQ,prior_low,15,1.5,SYNTHETIC,NEITHER_REACHED,3
NQ,prior_low,15,2.0,REAL,CONTINUATION_FIRST,130
NQ,prior_low,15,2.0,REAL,REJECTION_FIRST,77
NQ,prior_low,15,2.0,REAL,NEITHER_REACHED,5
NQ,prior_low,15,2.0,REAL,SAME_BAR_BARRIER_TIE,1
NQ,prior_low,15,2.0,SYNTHETIC,REJECTION_FIRST,394
NQ,prior_low,15,2.0,SYNTHETIC,CONTINUATION_FIRST,379
NQ,prior_low,15,2.0,SYNTHETIC,NEITHER_REACHED,16
NQ,prior_low,15,2.0,SYNTHETIC,SAME_BAR_BARRIER_TIE,11
NQ,prior_rth_mid,1,0.5,REAL,REJECTION_FIRST,130
NQ,prior_rth_mid,1,0.5,REAL,CONTINUATION_FIRST,98
NQ,prior_rth_mid,1,0.5,REAL,SAME_BAR_BARRIER_TIE,77
NQ,prior_rth_mid,1,0.5,REAL,NEITHER_REACHED,7
NQ,prior_rth_mid,1,0.5,SYNTHETIC,CONTINUATION_FIRST,312
NQ,prior_rth_mid,1,0.5,SYNTHETIC,REJECTION_FIRST,298
NQ,prior_rth_mid,1,0.5,SYNTHETIC,SAME_BAR_BARRIER_TIE,177
NQ,prior_rth_mid,1,0.5,SYNTHETIC,NEITHER_REACHED,18
NQ,prior_rth_mid,1,1.0,REAL,REJECTION_FIRST,130
NQ,prior_rth_mid,1,1.0,REAL,CONTINUATION_FIRST,97
NQ,prior_rth_mid,1,1.0,REAL,NEITHER_REACHED,66
NQ,prior_rth_mid,1,1.0,REAL,SAME_BAR_BARRIER_TIE,19
NQ,prior_rth_mid,1,1.0,SYNTHETIC,CONTINUATION_FIRST,297
NQ,prior_rth_mid,1,1.0,SYNTHETIC,REJECTION_FIRST,279
NQ,prior_rth_mid,1,1.0,SYNTHETIC,NEITHER_REACHED,189
NQ,prior_rth_mid,1,1.0,SYNTHETIC,SAME_BAR_BARRIER_TIE,40
NQ,prior_rth_mid,1,1.5,REAL,NEITHER_REACHED,143
NQ,prior_rth_mid,1,1.5,REAL,REJECTION_FIRST,93
NQ,prior_rth_mid,1,1.5,REAL,CONTINUATION_FIRST,70
NQ,prior_rth_mid,1,1.5,REAL,SAME_BAR_BARRIER_TIE,6
NQ,prior_rth_mid,1,1.5,SYNTHETIC,NEITHER_REACHED,396
NQ,prior_rth_mid,1,1.5,SYNTHETIC,REJECTION_FIRST,197
NQ,prior_rth_mid,1,1.5,SYNTHETIC,CONTINUATION_FIRST,196
NQ,prior_rth_mid,1,1.5,SYNTHETIC,SAME_BAR_BARRIER_TIE,16
NQ,prior_rth_mid,1,2.0,REAL,NEITHER_REACHED,201
NQ,prior_rth_mid,1,2.0,REAL,REJECTION_FIRST,59
NQ,prior_rth_mid,1,2.0,REAL,CONTINUATION_FIRST,51
NQ,prior_rth_mid,1,2.0,REAL,SAME_BAR_BARRIER_TIE,1
NQ,prior_rth_mid,1,2.0,SYNTHETIC,NEITHER_REACHED,526
NQ,prior_rth_mid,1,2.0,SYNTHETIC,REJECTION_FIRST,140
NQ,prior_rth_mid,1,2.0,SYNTHETIC,CONTINUATION_FIRST,130
NQ,prior_rth_mid,1,2.0,SYNTHETIC,SAME_BAR_BARRIER_TIE,9
NQ,prior_rth_mid,3,0.5,REAL,REJECTION_FIRST,133
NQ,prior_rth_mid,3,0.5,REAL,CONTINUATION_FIRST,102
NQ,prior_rth_mid,3,0.5,REAL,SAME_BAR_BARRIER_TIE,77
NQ,prior_rth_mid,3,0.5,SYNTHETIC,CONTINUATION_FIRST,320
NQ,prior_rth_mid,3,0.5,SYNTHETIC,REJECTION_FIRST,303
NQ,prior_rth_mid,3,0.5,SYNTHETIC,SAME_BAR_BARRIER_TIE,178
NQ,prior_rth_mid,3,0.5,SYNTHETIC,NEITHER_REACHED,4
NQ,prior_rth_mid,3,1.0,REAL,REJECTION_FIRST,156
NQ,prior_rth_mid,3,1.0,REAL,CONTINUATION_FIRST,119
NQ,prior_rth_mid,3,1.0,REAL,SAME_BAR_BARRIER_TIE,23
NQ,prior_rth_mid,3,1.0,REAL,NEITHER_REACHED,14
NQ,prior_rth_mid,3,1.0,SYNTHETIC,CONTINUATION_FIRST,361
NQ,prior_rth_mid,3,1.0,SYNTHETIC,REJECTION_FIRST,348
NQ,prior_rth_mid,3,1.0,SYNTHETIC,NEITHER_REACHED,56
NQ,prior_rth_mid,3,1.0,SYNTHETIC,SAME_BAR_BARRIER_TIE,40
NQ,prior_rth_mid,3,1.5,REAL,REJECTION_FIRST,130
NQ,prior_rth_mid,3,1.5,REAL,CONTINUATION_FIRST,117
NQ,prior_rth_mid,3,1.5,REAL,NEITHER_REACHED,59
NQ,prior_rth_mid,3,1.5,REAL,SAME_BAR_BARRIER_TIE,6
NQ,prior_rth_mid,3,1.5,SYNTHETIC,CONTINUATION_FIRST,318
NQ,prior_rth_mid,3,1.5,SYNTHETIC,REJECTION_FIRST,308
NQ,prior_rth_mid,3,1.5,SYNTHETIC,NEITHER_REACHED,163
NQ,prior_rth_mid,3,1.5,SYNTHETIC,SAME_BAR_BARRIER_TIE,16
NQ,prior_rth_mid,3,2.0,REAL,NEITHER_REACHED,116
NQ,prior_rth_mid,3,2.0,REAL,REJECTION_FIRST,103
NQ,prior_rth_mid,3,2.0,REAL,CONTINUATION_FIRST,92
NQ,prior_rth_mid,3,2.0,REAL,SAME_BAR_BARRIER_TIE,1
NQ,prior_rth_mid,3,2.0,SYNTHETIC,NEITHER_REACHED,311
NQ,prior_rth_mid,3,2.0,SYNTHETIC,CONTINUATION_FIRST,243
NQ,prior_rth_mid,3,2.0,SYNTHETIC,REJECTION_FIRST,242
NQ,prior_rth_mid,3,2.0,SYNTHETIC,SAME_BAR_BARRIER_TIE,9
NQ,prior_rth_mid,5,0.5,REAL,REJECTION_FIRST,133
NQ,prior_rth_mid,5,0.5,REAL,CONTINUATION_FIRST,102
NQ,prior_rth_mid,5,0.5,REAL,SAME_BAR_BARRIER_TIE,77
NQ,prior_rth_mid,5,0.5,SYNTHETIC,CONTINUATION_FIRST,322
NQ,prior_rth_mid,5,0.5,SYNTHETIC,REJECTION_FIRST,303
NQ,prior_rth_mid,5,0.5,SYNTHETIC,SAME_BAR_BARRIER_TIE,178
NQ,prior_rth_mid,5,0.5,SYNTHETIC,NEITHER_REACHED,2
NQ,prior_rth_mid,5,1.0,REAL,REJECTION_FIRST,161
NQ,prior_rth_mid,5,1.0,REAL,CONTINUATION_FIRST,122
NQ,prior_rth_mid,5,1.0,REAL,SAME_BAR_BARRIER_TIE,23
NQ,prior_rth_mid,5,1.0,REAL,NEITHER_REACHED,6
NQ,prior_rth_mid,5,1.0,SYNTHETIC,CONTINUATION_FIRST,375
NQ,prior_rth_mid,5,1.0,SYNTHETIC,REJECTION_FIRST,366
NQ,prior_rth_mid,5,1.0,SYNTHETIC,SAME_BAR_BARRIER_TIE,40
NQ,prior_rth_mid,5,1.0,SYNTHETIC,NEITHER_REACHED,24
NQ,prior_rth_mid,5,1.5,REAL,REJECTION_FIRST,149
NQ,prior_rth_mid,5,1.5,REAL,CONTINUATION_FIRST,127
NQ,prior_rth_mid,5,1.5,REAL,NEITHER_REACHED,30
NQ,prior_rth_mid,5,1.5,REAL,SAME_BAR_BARRIER_TIE,6
NQ,prior_rth_mid,5,1.5,SYNTHETIC,CONTINUATION_FIRST,356
NQ,prior_rth_mid,5,1.5,SYNTHETIC,REJECTION_FIRST,349
NQ,prior_rth_mid,5,1.5,SYNTHETIC,NEITHER_REACHED,84
NQ,prior_rth_mid,5,1.5,SYNTHETIC,SAME_BAR_BARRIER_TIE,16
NQ,prior_rth_mid,5,2.0,REAL,REJECTION_FIRST,135
NQ,prior_rth_mid,5,2.0,REAL,CONTINUATION_FIRST,113
NQ,prior_rth_mid,5,2.0,REAL,NEITHER_REACHED,63
NQ,prior_rth_mid,5,2.0,REAL,SAME_BAR_BARRIER_TIE,1
NQ,prior_rth_mid,5,2.0,SYNTHETIC,CONTINUATION_FIRST,314
NQ,prior_rth_mid,5,2.0,SYNTHETIC,REJECTION_FIRST,294
NQ,prior_rth_mid,5,2.0,SYNTHETIC,NEITHER_REACHED,188
NQ,prior_rth_mid,5,2.0,SYNTHETIC,SAME_BAR_BARRIER_TIE,9
NQ,prior_rth_mid,10,0.5,REAL,REJECTION_FIRST,133
NQ,prior_rth_mid,10,0.5,REAL,CONTINUATION_FIRST,102
NQ,prior_rth_mid,10,0.5,REAL,SAME_BAR_BARRIER_TIE,77
NQ,prior_rth_mid,10,0.5,SYNTHETIC,CONTINUATION_FIRST,322
NQ,prior_rth_mid,10,0.5,SYNTHETIC,REJECTION_FIRST,304
NQ,prior_rth_mid,10,0.5,SYNTHETIC,SAME_BAR_BARRIER_TIE,178
NQ,prior_rth_mid,10,0.5,SYNTHETIC,NEITHER_REACHED,1
NQ,prior_rth_mid,10,1.0,REAL,REJECTION_FIRST,163
NQ,prior_rth_mid,10,1.0,REAL,CONTINUATION_FIRST,125
NQ,prior_rth_mid,10,1.0,REAL,SAME_BAR_BARRIER_TIE,23
NQ,prior_rth_mid,10,1.0,REAL,NEITHER_REACHED,1
NQ,prior_rth_mid,10,1.0,SYNTHETIC,CONTINUATION_FIRST,384
NQ,prior_rth_mid,10,1.0,SYNTHETIC,REJECTION_FIRST,375
NQ,prior_rth_mid,10,1.0,SYNTHETIC,SAME_BAR_BARRIER_TIE,40
NQ,prior_rth_mid,10,1.0,SYNTHETIC,NEITHER_REACHED,6
NQ,prior_rth_mid,10,1.5,REAL,REJECTION_FIRST,158
NQ,prior_rth_mid,10,1.5,REAL,CONTINUATION_FIRST,142
NQ,prior_rth_mid,10,1.5,REAL,SAME_BAR_BARRIER_TIE,6
NQ,prior_rth_mid,10,1.5,REAL,NEITHER_REACHED,6
NQ,prior_rth_mid,10,1.5,SYNTHETIC,CONTINUATION_FIRST,381
NQ,prior_rth_mid,10,1.5,SYNTHETIC,REJECTION_FIRST,377
NQ,prior_rth_mid,10,1.5,SYNTHETIC,NEITHER_REACHED,31
NQ,prior_rth_mid,10,1.5,SYNTHETIC,SAME_BAR_BARRIER_TIE,16
NQ,prior_rth_mid,10,2.0,REAL,REJECTION_FIRST,149
NQ,prior_rth_mid,10,2.0,REAL,CONTINUATION_FIRST,130
NQ,prior_rth_mid,10,2.0,REAL,NEITHER_REACHED,32
NQ,prior_rth_mid,10,2.0,REAL,SAME_BAR_BARRIER_TIE,1
NQ,prior_rth_mid,10,2.0,SYNTHETIC,CONTINUATION_FIRST,366
NQ,prior_rth_mid,10,2.0,SYNTHETIC,REJECTION_FIRST,350
NQ,prior_rth_mid,10,2.0,SYNTHETIC,NEITHER_REACHED,80
NQ,prior_rth_mid,10,2.0,SYNTHETIC,SAME_BAR_BARRIER_TIE,9
NQ,prior_rth_mid,15,0.5,REAL,REJECTION_FIRST,133
NQ,prior_rth_mid,15,0.5,REAL,CONTINUATION_FIRST,102
NQ,prior_rth_mid,15,0.5,REAL,SAME_BAR_BARRIER_TIE,77
NQ,prior_rth_mid,15,0.5,SYNTHETIC,CONTINUATION_FIRST,322
NQ,prior_rth_mid,15,0.5,SYNTHETIC,REJECTION_FIRST,304
NQ,prior_rth_mid,15,0.5,SYNTHETIC,SAME_BAR_BARRIER_TIE,178
NQ,prior_rth_mid,15,0.5,SYNTHETIC,NEITHER_REACHED,1
NQ,prior_rth_mid,15,1.0,REAL,REJECTION_FIRST,164
NQ,prior_rth_mid,15,1.0,REAL,CONTINUATION_FIRST,125
NQ,prior_rth_mid,15,1.0,REAL,SAME_BAR_BARRIER_TIE,23
NQ,prior_rth_mid,15,1.0,SYNTHETIC,CONTINUATION_FIRST,385
NQ,prior_rth_mid,15,1.0,SYNTHETIC,REJECTION_FIRST,377
NQ,prior_rth_mid,15,1.0,SYNTHETIC,SAME_BAR_BARRIER_TIE,40
NQ,prior_rth_mid,15,1.0,SYNTHETIC,NEITHER_REACHED,3
NQ,prior_rth_mid,15,1.5,REAL,REJECTION_FIRST,159
NQ,prior_rth_mid,15,1.5,REAL,CONTINUATION_FIRST,143
NQ,prior_rth_mid,15,1.5,REAL,SAME_BAR_BARRIER_TIE,6
NQ,prior_rth_mid,15,1.5,REAL,NEITHER_REACHED,4
NQ,prior_rth_mid,15,1.5,SYNTHETIC,CONTINUATION_FIRST,391
NQ,prior_rth_mid,15,1.5,SYNTHETIC,REJECTION_FIRST,382
NQ,prior_rth_mid,15,1.5,SYNTHETIC,SAME_BAR_BARRIER_TIE,16
NQ,prior_rth_mid,15,1.5,SYNTHETIC,NEITHER_REACHED,16
NQ,prior_rth_mid,15,2.0,REAL,REJECTION_FIRST,157
NQ,prior_rth_mid,15,2.0,REAL,CONTINUATION_FIRST,141
NQ,prior_rth_mid,15,2.0,REAL,NEITHER_REACHED,13
NQ,prior_rth_mid,15,2.0,REAL,SAME_BAR_BARRIER_TIE,1
NQ,prior_rth_mid,15,2.0,SYNTHETIC,CONTINUATION_FIRST,382
NQ,prior_rth_mid,15,2.0,SYNTHETIC,REJECTION_FIRST,366
NQ,prior_rth_mid,15,2.0,SYNTHETIC,NEITHER_REACHED,48
NQ,prior_rth_mid,15,2.0,SYNTHETIC,SAME_BAR_BARRIER_TIE,9
NQ,prior_rth_vwap,1,0.5,REAL,REJECTION_FIRST,133
NQ,prior_rth_vwap,1,0.5,REAL,CONTINUATION_FIRST,115
NQ,prior_rth_vwap,1,0.5,REAL,SAME_BAR_BARRIER_TIE,64
NQ,prior_rth_vwap,1,0.5,REAL,NEITHER_REACHED,2
NQ,prior_rth_vwap,1,0.5,SYNTHETIC,CONTINUATION_FIRST,314
NQ,prior_rth_vwap,1,0.5,SYNTHETIC,REJECTION_FIRST,285
NQ,prior_rth_vwap,1,0.5,SYNTHETIC,SAME_BAR_BARRIER_TIE,191
NQ,prior_rth_vwap,1,0.5,SYNTHETIC,NEITHER_REACHED,26
NQ,prior_rth_vwap,1,1.0,REAL,REJECTION_FIRST,112
NQ,prior_rth_vwap,1,1.0,REAL,CONTINUATION_FIRST,108
NQ,prior_rth_vwap,1,1.0,REAL,NEITHER_REACHED,79
NQ,prior_rth_vwap,1,1.0,REAL,SAME_BAR_BARRIER_TIE,15
NQ,prior_rth_vwap,1,1.0,SYNTHETIC,CONTINUATION_FIRST,294
NQ,prior_rth_vwap,1,1.0,SYNTHETIC,REJECTION_FIRST,264
NQ,prior_rth_vwap,1,1.0,SYNTHETIC,NEITHER_REACHED,215
NQ,prior_rth_vwap,1,1.0,SYNTHETIC,SAME_BAR_BARRIER_TIE,43
NQ,prior_rth_vwap,1,1.5,REAL,NEITHER_REACHED,144
NQ,prior_rth_vwap,1,1.5,REAL,REJECTION_FIRST,84
NQ,prior_rth_vwap,1,1.5,REAL,CONTINUATION_FIRST,83
NQ,prior_rth_vwap,1,1.5,REAL,SAME_BAR_BARRIER_TIE,3
NQ,prior_rth_vwap,1,1.5,SYNTHETIC,NEITHER_REACHED,406
NQ,prior_rth_vwap,1,1.5,SYNTHETIC,CONTINUATION_FIRST,212
NQ,prior_rth_vwap,1,1.5,SYNTHETIC,REJECTION_FIRST,182
NQ,prior_rth_vwap,1,1.5,SYNTHETIC,SAME_BAR_BARRIER_TIE,16
NQ,prior_rth_vwap,1,2.0,REAL,NEITHER_REACHED,210
NQ,prior_rth_vwap,1,2.0,REAL,REJECTION_FIRST,53
NQ,prior_rth_vwap,1,2.0,REAL,CONTINUATION_FIRST,51
NQ,prior_rth_vwap,1,2.0,SYNTHETIC,NEITHER_REACHED,544
NQ,prior_rth_vwap,1,2.0,SYNTHETIC,REJECTION_FIRST,133
NQ,prior_rth_vwap,1,2.0,SYNTHETIC,CONTINUATION_FIRST,130
NQ,prior_rth_vwap,1,2.0,SYNTHETIC,SAME_BAR_BARRIER_TIE,9
NQ,prior_rth_vwap,3,0.5,REAL,REJECTION_FIRST,134
NQ,prior_rth_vwap,3,0.5,REAL,CONTINUATION_FIRST,116
NQ,prior_rth_vwap,3,0.5,REAL,SAME_BAR_BARRIER_TIE,64
NQ,prior_rth_vwap,3,0.5,SYNTHETIC,CONTINUATION_FIRST,328
NQ,prior_rth_vwap,3,0.5,SYNTHETIC,REJECTION_FIRST,294
NQ,prior_rth_vwap,3,0.5,SYNTHETIC,SAME_BAR_BARRIER_TIE,192
NQ,prior_rth_vwap,3,0.5,SYNTHETIC,NEITHER_REACHED,2
NQ,prior_rth_vwap,3,1.0,REAL,REJECTION_FIRST,151
NQ,prior_rth_vwap,3,1.0,REAL,CONTINUATION_FIRST,130
NQ,prior_rth_vwap,3,1.0,REAL,NEITHER_REACHED,17
NQ,prior_rth_vwap,3,1.0,REAL,SAME_BAR_BARRIER_TIE,16
NQ,prior_rth_vwap,3,1.0,SYNTHETIC,CONTINUATION_FIRST,374
NQ,prior_rth_vwap,3,1.0,SYNTHETIC,REJECTION_FIRST,344
NQ,prior_rth_vwap,3,1.0,SYNTHETIC,NEITHER_REACHED,55
NQ,prior_rth_vwap,3,1.0,SYNTHETIC,SAME_BAR_BARRIER_TIE,43
NQ,prior_rth_vwap,3,1.5,REAL,REJECTION_FIRST,125
NQ,prior_rth_vwap,3,1.5,REAL,CONTINUATION_FIRST,114
NQ,prior_rth_vwap,3,1.5,REAL,NEITHER_REACHED,71
NQ,prior_rth_vwap,3,1.5,REAL,SAME_BAR_BARRIER_TIE,4
NQ,prior_rth_vwap,3,1.5,SYNTHETIC,CONTINUATION_FIRST,327
NQ,prior_rth_vwap,3,1.5,SYNTHETIC,REJECTION_FIRST,295
NQ,prior_rth_vwap,3,1.5,SYNTHETIC,NEITHER_REACHED,176
NQ,prior_rth_vwap,3,1.5,SYNTHETIC,SAME_BAR_BARRIER_TIE,18
NQ,prior_rth_vwap,3,2.0,REAL,NEITHER_REACHED,122
NQ,prior_rth_vwap,3,2.0,REAL,REJECTION_FIRST,99
NQ,prior_rth_vwap,3,2.0,REAL,CONTINUATION_FIRST,93
NQ,prior_rth_vwap,3,2.0,SYNTHETIC,NEITHER_REACHED,334
NQ,prior_rth_vwap,3,2.0,SYNTHETIC,CONTINUATION_FIRST,238
NQ,prior_rth_vwap,3,2.0,SYNTHETIC,REJECTION_FIRST,235
NQ,prior_rth_vwap,3,2.0,SYNTHETIC,SAME_BAR_BARRIER_TIE,9
NQ,prior_rth_vwap,5,0.5,REAL,REJECTION_FIRST,134
NQ,prior_rth_vwap,5,0.5,REAL,CONTINUATION_FIRST,116
NQ,prior_rth_vwap,5,0.5,REAL,SAME_BAR_BARRIER_TIE,64
NQ,prior_rth_vwap,5,0.5,SYNTHETIC,CONTINUATION_FIRST,330
NQ,prior_rth_vwap,5,0.5,SYNTHETIC,REJECTION_FIRST,294
NQ,prior_rth_vwap,5,0.5,SYNTHETIC,SAME_BAR_BARRIER_TIE,192
NQ,prior_rth_vwap,5,1.0,REAL,REJECTION_FIRST,160
NQ,prior_rth_vwap,5,1.0,REAL,CONTINUATION_FIRST,134
NQ,prior_rth_vwap,5,1.0,REAL,SAME_BAR_BARRIER_TIE,16
NQ,prior_rth_vwap,5,1.0,REAL,NEITHER_REACHED,4
NQ,prior_rth_vwap,5,1.0,SYNTHETIC,CONTINUATION_FIRST,389
NQ,prior_rth_vwap,5,1.0,SYNTHETIC,REJECTION_FIRST,362
NQ,prior_rth_vwap,5,1.0,SYNTHETIC,SAME_BAR_BARRIER_TIE,43
NQ,prior_rth_vwap,5,1.0,SYNTHETIC,NEITHER_REACHED,22
NQ,prior_rth_vwap,5,1.5,REAL,REJECTION_FIRST,144
NQ,prior_rth_vwap,5,1.5,REAL,CONTINUATION_FIRST,126
NQ,prior_rth_vwap,5,1.5,REAL,NEITHER_REACHED,40
NQ,prior_rth_vwap,5,1.5,REAL,SAME_BAR_BARRIER_TIE,4
NQ,prior_rth_vwap,5,1.5,SYNTHETIC,CONTINUATION_FIRST,371
NQ,prior_rth_vwap,5,1.5,SYNTHETIC,REJECTION_FIRST,332
NQ,prior_rth_vwap,5,1.5,SYNTHETIC,NEITHER_REACHED,95
NQ,prior_rth_vwap,5,1.5,SYNTHETIC,SAME_BAR_BARRIER_TIE,18
NQ,prior_rth_vwap,5,2.0,REAL,REJECTION_FIRST,120
NQ,prior_rth_vwap,5,2.0,REAL,CONTINUATION_FIRST,112
NQ,prior_rth_vwap,5,2.0,REAL,NEITHER_REACHED,82
NQ,prior_rth_vwap,5,2.0,SYNTHETIC,CONTINUATION_FIRST,312
NQ,prior_rth_vwap,5,2.0,SYNTHETIC,REJECTION_FIRST,291
NQ,prior_rth_vwap,5,2.0,SYNTHETIC,NEITHER_REACHED,204
NQ,prior_rth_vwap,5,2.0,SYNTHETIC,SAME_BAR_BARRIER_TIE,9
NQ,prior_rth_vwap,10,0.5,REAL,REJECTION_FIRST,134
NQ,prior_rth_vwap,10,0.5,REAL,CONTINUATION_FIRST,116
NQ,prior_rth_vwap,10,0.5,REAL,SAME_BAR_BARRIER_TIE,64
NQ,prior_rth_vwap,10,0.5,SYNTHETIC,CONTINUATION_FIRST,330
NQ,prior_rth_vwap,10,0.5,SYNTHETIC,REJECTION_FIRST,294
NQ,prior_rth_vwap,10,0.5,SYNTHETIC,SAME_BAR_BARRIER_TIE,192
NQ,prior_rth_vwap,10,1.0,REAL,REJECTION_FIRST,163
NQ,prior_rth_vwap,10,1.0,REAL,CONTINUATION_FIRST,135
NQ,prior_rth_vwap,10,1.0,REAL,SAME_BAR_BARRIER_TIE,16
NQ,prior_rth_vwap,10,1.0,SYNTHETIC,CONTINUATION_FIRST,399
NQ,prior_rth_vwap,10,1.0,SYNTHETIC,REJECTION_FIRST,369
NQ,prior_rth_vwap,10,1.0,SYNTHETIC,SAME_BAR_BARRIER_TIE,43
NQ,prior_rth_vwap,10,1.0,SYNTHETIC,NEITHER_REACHED,5
NQ,prior_rth_vwap,10,1.5,REAL,REJECTION_FIRST,162
NQ,prior_rth_vwap,10,1.5,REAL,CONTINUATION_FIRST,140
NQ,prior_rth_vwap,10,1.5,REAL,NEITHER_REACHED,8
NQ,prior_rth_vwap,10,1.5,REAL,SAME_BAR_BARRIER_TIE,4
NQ,prior_rth_vwap,10,1.5,SYNTHETIC,CONTINUATION_FIRST,402
NQ,prior_rth_vwap,10,1.5,SYNTHETIC,REJECTION_FIRST,364
NQ,prior_rth_vwap,10,1.5,SYNTHETIC,NEITHER_REACHED,32
NQ,prior_rth_vwap,10,1.5,SYNTHETIC,SAME_BAR_BARRIER_TIE,18
NQ,prior_rth_vwap,10,2.0,REAL,REJECTION_FIRST,143
NQ,prior_rth_vwap,10,2.0,REAL,CONTINUATION_FIRST,132
NQ,prior_rth_vwap,10,2.0,REAL,NEITHER_REACHED,39
NQ,prior_rth_vwap,10,2.0,SYNTHETIC,CONTINUATION_FIRST,372
NQ,prior_rth_vwap,10,2.0,SYNTHETIC,REJECTION_FIRST,358
NQ,prior_rth_vwap,10,2.0,SYNTHETIC,NEITHER_REACHED,77
NQ,prior_rth_vwap,10,2.0,SYNTHETIC,SAME_BAR_BARRIER_TIE,9
NQ,prior_rth_vwap,15,0.5,REAL,REJECTION_FIRST,134
NQ,prior_rth_vwap,15,0.5,REAL,CONTINUATION_FIRST,116
NQ,prior_rth_vwap,15,0.5,REAL,SAME_BAR_BARRIER_TIE,64
NQ,prior_rth_vwap,15,0.5,SYNTHETIC,CONTINUATION_FIRST,330
NQ,prior_rth_vwap,15,0.5,SYNTHETIC,REJECTION_FIRST,294
NQ,prior_rth_vwap,15,0.5,SYNTHETIC,SAME_BAR_BARRIER_TIE,192
NQ,prior_rth_vwap,15,1.0,REAL,REJECTION_FIRST,163
NQ,prior_rth_vwap,15,1.0,REAL,CONTINUATION_FIRST,135
NQ,prior_rth_vwap,15,1.0,REAL,SAME_BAR_BARRIER_TIE,16
NQ,prior_rth_vwap,15,1.0,SYNTHETIC,CONTINUATION_FIRST,400
NQ,prior_rth_vwap,15,1.0,SYNTHETIC,REJECTION_FIRST,371
NQ,prior_rth_vwap,15,1.0,SYNTHETIC,SAME_BAR_BARRIER_TIE,43
NQ,prior_rth_vwap,15,1.0,SYNTHETIC,NEITHER_REACHED,2
NQ,prior_rth_vwap,15,1.5,REAL,REJECTION_FIRST,166
NQ,prior_rth_vwap,15,1.5,REAL,CONTINUATION_FIRST,142
NQ,prior_rth_vwap,15,1.5,REAL,SAME_BAR_BARRIER_TIE,4
NQ,prior_rth_vwap,15,1.5,REAL,NEITHER_REACHED,2
NQ,prior_rth_vwap,15,1.5,SYNTHETIC,CONTINUATION_FIRST,414
NQ,prior_rth_vwap,15,1.5,SYNTHETIC,REJECTION_FIRST,371
NQ,prior_rth_vwap,15,1.5,SYNTHETIC,SAME_BAR_BARRIER_TIE,18
NQ,prior_rth_vwap,15,1.5,SYNTHETIC,NEITHER_REACHED,13
NQ,prior_rth_vwap,15,2.0,REAL,REJECTION_FIRST,154
NQ,prior_rth_vwap,15,2.0,REAL,CONTINUATION_FIRST,143
NQ,prior_rth_vwap,15,2.0,REAL,NEITHER_REACHED,17
NQ,prior_rth_vwap,15,2.0,SYNTHETIC,CONTINUATION_FIRST,390
NQ,prior_rth_vwap,15,2.0,SYNTHETIC,REJECTION_FIRST,374
NQ,prior_rth_vwap,15,2.0,SYNTHETIC,NEITHER_REACHED,43
NQ,prior_rth_vwap,15,2.0,SYNTHETIC,SAME_BAR_BARRIER_TIE,9
NQ,q_D_p25,1,0.5,REAL,REJECTION_FIRST,417
NQ,q_D_p25,1,0.5,REAL,CONTINUATION_FIRST,363
NQ,q_D_p25,1,0.5,REAL,SAME_BAR_BARRIER_TIE,339
NQ,q_D_p25,1,0.5,REAL,NEITHER_REACHED,14
NQ,q_D_p25,1,0.5,SYNTHETIC,REJECTION_FIRST,339
NQ,q_D_p25,1,0.5,SYNTHETIC,CONTINUATION_FIRST,277
NQ,q_D_p25,1,0.5,SYNTHETIC,SAME_BAR_BARRIER_TIE,255
NQ,q_D_p25,1,0.5,SYNTHETIC,NEITHER_REACHED,9
NQ,q_D_p25,1,1.0,REAL,REJECTION_FIRST,480
NQ,q_D_p25,1,1.0,REAL,CONTINUATION_FIRST,416
NQ,q_D_p25,1,1.0,REAL,SAME_BAR_BARRIER_TIE,138
NQ,q_D_p25,1,1.0,REAL,NEITHER_REACHED,99
NQ,q_D_p25,1,1.0,SYNTHETIC,REJECTION_FIRST,374
NQ,q_D_p25,1,1.0,SYNTHETIC,CONTINUATION_FIRST,313
NQ,q_D_p25,1,1.0,SYNTHETIC,SAME_BAR_BARRIER_TIE,106
NQ,q_D_p25,1,1.0,SYNTHETIC,NEITHER_REACHED,87
NQ,q_D_p25,1,1.5,REAL,REJECTION_FIRST,438
NQ,q_D_p25,1,1.5,REAL,CONTINUATION_FIRST,353
NQ,q_D_p25,1,1.5,REAL,NEITHER_REACHED,293
NQ,q_D_p25,1,1.5,REAL,SAME_BAR_BARRIER_TIE,49
NQ,q_D_p25,1,1.5,SYNTHETIC,REJECTION_FIRST,333
NQ,q_D_p25,1,1.5,SYNTHETIC,CONTINUATION_FIRST,281
NQ,q_D_p25,1,1.5,SYNTHETIC,NEITHER_REACHED,229
NQ,q_D_p25,1,1.5,SYNTHETIC,SAME_BAR_BARRIER_TIE,37
NQ,q_D_p25,1,2.0,REAL,NEITHER_REACHED,492
NQ,q_D_p25,1,2.0,REAL,REJECTION_FIRST,353
NQ,q_D_p25,1,2.0,REAL,CONTINUATION_FIRST,268
NQ,q_D_p25,1,2.0,REAL,SAME_BAR_BARRIER_TIE,20
NQ,q_D_p25,1,2.0,SYNTHETIC,NEITHER_REACHED,387
NQ,q_D_p25,1,2.0,SYNTHETIC,REJECTION_FIRST,258
NQ,q_D_p25,1,2.0,SYNTHETIC,CONTINUATION_FIRST,218
NQ,q_D_p25,1,2.0,SYNTHETIC,SAME_BAR_BARRIER_TIE,17
NQ,q_D_p25,3,0.5,REAL,REJECTION_FIRST,420
NQ,q_D_p25,3,0.5,REAL,CONTINUATION_FIRST,365
NQ,q_D_p25,3,0.5,REAL,SAME_BAR_BARRIER_TIE,339
NQ,q_D_p25,3,0.5,REAL,NEITHER_REACHED,9
NQ,q_D_p25,3,0.5,SYNTHETIC,REJECTION_FIRST,341
NQ,q_D_p25,3,0.5,SYNTHETIC,CONTINUATION_FIRST,279
NQ,q_D_p25,3,0.5,SYNTHETIC,SAME_BAR_BARRIER_TIE,255
NQ,q_D_p25,3,0.5,SYNTHETIC,NEITHER_REACHED,5
NQ,q_D_p25,3,1.0,REAL,REJECTION_FIRST,511
NQ,q_D_p25,3,1.0,REAL,CONTINUATION_FIRST,454
NQ,q_D_p25,3,1.0,REAL,SAME_BAR_BARRIER_TIE,141
NQ,q_D_p25,3,1.0,REAL,NEITHER_REACHED,27
NQ,q_D_p25,3,1.0,SYNTHETIC,REJECTION_FIRST,408
NQ,q_D_p25,3,1.0,SYNTHETIC,CONTINUATION_FIRST,347
NQ,q_D_p25,3,1.0,SYNTHETIC,SAME_BAR_BARRIER_TIE,107
NQ,q_D_p25,3,1.0,SYNTHETIC,NEITHER_REACHED,18
NQ,q_D_p25,3,1.5,REAL,REJECTION_FIRST,526
NQ,q_D_p25,3,1.5,REAL,CONTINUATION_FIRST,456
NQ,q_D_p25,3,1.5,REAL,NEITHER_REACHED,99
NQ,q_D_p25,3,1.5,REAL,SAME_BAR_BARRIER_TIE,52
NQ,q_D_p25,3,1.5,SYNTHETIC,REJECTION_FIRST,401
NQ,q_D_p25,3,1.5,SYNTHETIC,CONTINUATION_FIRST,366
NQ,q_D_p25,3,1.5,SYNTHETIC,NEITHER_REACHED,74
NQ,q_D_p25,3,1.5,SYNTHETIC,SAME_BAR_BARRIER_TIE,39
NQ,q_D_p25,3,2.0,REAL,REJECTION_FIRST,490
NQ,q_D_p25,3,2.0,REAL,CONTINUATION_FIRST,410
NQ,q_D_p25,3,2.0,REAL,NEITHER_REACHED,212
NQ,q_D_p25,3,2.0,REAL,SAME_BAR_BARRIER_TIE,21
NQ,q_D_p25,3,2.0,SYNTHETIC,REJECTION_FIRST,364
NQ,q_D_p25,3,2.0,SYNTHETIC,CONTINUATION_FIRST,334
NQ,q_D_p25,3,2.0,SYNTHETIC,NEITHER_REACHED,165
NQ,q_D_p25,3,2.0,SYNTHETIC,SAME_BAR_BARRIER_TIE,17
NQ,q_D_p25,5,0.5,REAL,REJECTION_FIRST,423
NQ,q_D_p25,5,0.5,REAL,CONTINUATION_FIRST,365
NQ,q_D_p25,5,0.5,REAL,SAME_BAR_BARRIER_TIE,339
NQ,q_D_p25,5,0.5,REAL,NEITHER_REACHED,6
NQ,q_D_p25,5,0.5,SYNTHETIC,REJECTION_FIRST,341
NQ,q_D_p25,5,0.5,SYNTHETIC,CONTINUATION_FIRST,281
NQ,q_D_p25,5,0.5,SYNTHETIC,SAME_BAR_BARRIER_TIE,255
NQ,q_D_p25,5,0.5,SYNTHETIC,NEITHER_REACHED,3
NQ,q_D_p25,5,1.0,REAL,REJECTION_FIRST,520
NQ,q_D_p25,5,1.0,REAL,CONTINUATION_FIRST,458
NQ,q_D_p25,5,1.0,REAL,SAME_BAR_BARRIER_TIE,141
NQ,q_D_p25,5,1.0,REAL,NEITHER_REACHED,14
NQ,q_D_p25,5,1.0,SYNTHETIC,REJECTION_FIRST,413
NQ,q_D_p25,5,1.0,SYNTHETIC,CONTINUATION_FIRST,350
NQ,q_D_p25,5,1.0,SYNTHETIC,SAME_BAR_BARRIER_TIE,107
NQ,q_D_p25,5,1.0,SYNTHETIC,NEITHER_REACHED,10
NQ,q_D_p25,5,1.5,REAL,REJECTION_FIRST,550
NQ,q_D_p25,5,1.5,REAL,CONTINUATION_FIRST,479
NQ,q_D_p25,5,1.5,REAL,SAME_BAR_BARRIER_TIE,52
NQ,q_D_p25,5,1.5,REAL,NEITHER_REACHED,52
NQ,q_D_p25,5,1.5,SYNTHETIC,REJECTION_FIRST,415
NQ,q_D_p25,5,1.5,SYNTHETIC,CONTINUATION_FIRST,384
NQ,q_D_p25,5,1.5,SYNTHETIC,NEITHER_REACHED,42
NQ,q_D_p25,5,1.5,SYNTHETIC,SAME_BAR_BARRIER_TIE,39
NQ,q_D_p25,5,2.0,REAL,REJECTION_FIRST,528
NQ,q_D_p25,5,2.0,REAL,CONTINUATION_FIRST,458
NQ,q_D_p25,5,2.0,REAL,NEITHER_REACHED,126
NQ,q_D_p25,5,2.0,REAL,SAME_BAR_BARRIER_TIE,21
NQ,q_D_p25,5,2.0,SYNTHETIC,REJECTION_FIRST,395
NQ,q_D_p25,5,2.0,SYNTHETIC,CONTINUATION_FIRST,372
NQ,q_D_p25,5,2.0,SYNTHETIC,NEITHER_REACHED,96
NQ,q_D_p25,5,2.0,SYNTHETIC,SAME_BAR_BARRIER_TIE,17
NQ,q_D_p25,10,0.5,REAL,REJECTION_FIRST,425
NQ,q_D_p25,10,0.5,REAL,CONTINUATION_FIRST,366
NQ,q_D_p25,10,0.5,REAL,SAME_BAR_BARRIER_TIE,339
NQ,q_D_p25,10,0.5,REAL,NEITHER_REACHED,3
NQ,q_D_p25,10,0.5,SYNTHETIC,REJECTION_FIRST,342
NQ,q_D_p25,10,0.5,SYNTHETIC,CONTINUATION_FIRST,281
NQ,q_D_p25,10,0.5,SYNTHETIC,SAME_BAR_BARRIER_TIE,255
NQ,q_D_p25,10,0.5,SYNTHETIC,NEITHER_REACHED,2
NQ,q_D_p25,10,1.0,REAL,REJECTION_FIRST,524
NQ,q_D_p25,10,1.0,REAL,CONTINUATION_FIRST,460
NQ,q_D_p25,10,1.0,REAL,SAME_BAR_BARRIER_TIE,141
NQ,q_D_p25,10,1.0,REAL,NEITHER_REACHED,8
NQ,q_D_p25,10,1.0,SYNTHETIC,REJECTION_FIRST,415
NQ,q_D_p25,10,1.0,SYNTHETIC,CONTINUATION_FIRST,350
NQ,q_D_p25,10,1.0,SYNTHETIC,SAME_BAR_BARRIER_TIE,107
NQ,q_D_p25,10,1.0,SYNTHETIC,NEITHER_REACHED,8
NQ,q_D_p25,10,1.5,REAL,REJECTION_FIRST,569
NQ,q_D_p25,10,1.5,REAL,CONTINUATION_FIRST,490
NQ,q_D_p25,10,1.5,REAL,SAME_BAR_BARRIER_TIE,52
NQ,q_D_p25,10,1.5,REAL,NEITHER_REACHED,22
NQ,q_D_p25,10,1.5,SYNTHETIC,REJECTION_FIRST,430
NQ,q_D_p25,10,1.5,SYNTHETIC,CONTINUATION_FIRST,393
NQ,q_D_p25,10,1.5,SYNTHETIC,SAME_BAR_BARRIER_TIE,39
NQ,q_D_p25,10,1.5,SYNTHETIC,NEITHER_REACHED,18
NQ,q_D_p25,10,2.0,REAL,REJECTION_FIRST,569
NQ,q_D_p25,10,2.0,REAL,CONTINUATION_FIRST,490
NQ,q_D_p25,10,2.0,REAL,NEITHER_REACHED,53
NQ,q_D_p25,10,2.0,REAL,SAME_BAR_BARRIER_TIE,21
NQ,q_D_p25,10,2.0,SYNTHETIC,REJECTION_FIRST,423
NQ,q_D_p25,10,2.0,SYNTHETIC,CONTINUATION_FIRST,400
NQ,q_D_p25,10,2.0,SYNTHETIC,NEITHER_REACHED,40
NQ,q_D_p25,10,2.0,SYNTHETIC,SAME_BAR_BARRIER_TIE,17
NQ,q_D_p25,15,0.5,REAL,REJECTION_FIRST,425
NQ,q_D_p25,15,0.5,REAL,CONTINUATION_FIRST,366
NQ,q_D_p25,15,0.5,REAL,SAME_BAR_BARRIER_TIE,339
NQ,q_D_p25,15,0.5,REAL,NEITHER_REACHED,3
NQ,q_D_p25,15,0.5,SYNTHETIC,REJECTION_FIRST,342
NQ,q_D_p25,15,0.5,SYNTHETIC,CONTINUATION_FIRST,281
NQ,q_D_p25,15,0.5,SYNTHETIC,SAME_BAR_BARRIER_TIE,255
NQ,q_D_p25,15,0.5,SYNTHETIC,NEITHER_REACHED,2
NQ,q_D_p25,15,1.0,REAL,REJECTION_FIRST,524
NQ,q_D_p25,15,1.0,REAL,CONTINUATION_FIRST,460
NQ,q_D_p25,15,1.0,REAL,SAME_BAR_BARRIER_TIE,141
NQ,q_D_p25,15,1.0,REAL,NEITHER_REACHED,8
NQ,q_D_p25,15,1.0,SYNTHETIC,REJECTION_FIRST,415
NQ,q_D_p25,15,1.0,SYNTHETIC,CONTINUATION_FIRST,351
NQ,q_D_p25,15,1.0,SYNTHETIC,SAME_BAR_BARRIER_TIE,107
NQ,q_D_p25,15,1.0,SYNTHETIC,NEITHER_REACHED,7
NQ,q_D_p25,15,1.5,REAL,REJECTION_FIRST,573
NQ,q_D_p25,15,1.5,REAL,CONTINUATION_FIRST,494
NQ,q_D_p25,15,1.5,REAL,SAME_BAR_BARRIER_TIE,52
NQ,q_D_p25,15,1.5,REAL,NEITHER_REACHED,14
NQ,q_D_p25,15,1.5,SYNTHETIC,REJECTION_FIRST,433
NQ,q_D_p25,15,1.5,SYNTHETIC,CONTINUATION_FIRST,395
NQ,q_D_p25,15,1.5,SYNTHETIC,SAME_BAR_BARRIER_TIE,39
NQ,q_D_p25,15,1.5,SYNTHETIC,NEITHER_REACHED,13
NQ,q_D_p25,15,2.0,REAL,REJECTION_FIRST,581
NQ,q_D_p25,15,2.0,REAL,CONTINUATION_FIRST,498
NQ,q_D_p25,15,2.0,REAL,NEITHER_REACHED,33
NQ,q_D_p25,15,2.0,REAL,SAME_BAR_BARRIER_TIE,21
NQ,q_D_p25,15,2.0,SYNTHETIC,REJECTION_FIRST,433
NQ,q_D_p25,15,2.0,SYNTHETIC,CONTINUATION_FIRST,407
NQ,q_D_p25,15,2.0,SYNTHETIC,NEITHER_REACHED,23
NQ,q_D_p25,15,2.0,SYNTHETIC,SAME_BAR_BARRIER_TIE,17
NQ,q_D_p75,1,0.5,REAL,REJECTION_FIRST,322
NQ,q_D_p75,1,0.5,REAL,SAME_BAR_BARRIER_TIE,294
NQ,q_D_p75,1,0.5,REAL,CONTINUATION_FIRST,290
NQ,q_D_p75,1,0.5,REAL,NEITHER_REACHED,10
NQ,q_D_p75,1,0.5,SYNTHETIC,REJECTION_FIRST,342
NQ,q_D_p75,1,0.5,SYNTHETIC,CONTINUATION_FIRST,305
NQ,q_D_p75,1,0.5,SYNTHETIC,SAME_BAR_BARRIER_TIE,270
NQ,q_D_p75,1,0.5,SYNTHETIC,NEITHER_REACHED,7
NQ,q_D_p75,1,1.0,REAL,REJECTION_FIRST,364
NQ,q_D_p75,1,1.0,REAL,CONTINUATION_FIRST,331
NQ,q_D_p75,1,1.0,REAL,NEITHER_REACHED,114
NQ,q_D_p75,1,1.0,REAL,SAME_BAR_BARRIER_TIE,107
NQ,q_D_p75,1,1.0,SYNTHETIC,REJECTION_FIRST,365
NQ,q_D_p75,1,1.0,SYNTHETIC,CONTINUATION_FIRST,344
NQ,q_D_p75,1,1.0,SYNTHETIC,NEITHER_REACHED,116
NQ,q_D_p75,1,1.0,SYNTHETIC,SAME_BAR_BARRIER_TIE,99
NQ,q_D_p75,1,1.5,REAL,REJECTION_FIRST,315
NQ,q_D_p75,1,1.5,REAL,CONTINUATION_FIRST,290
NQ,q_D_p75,1,1.5,REAL,NEITHER_REACHED,283
NQ,q_D_p75,1,1.5,REAL,SAME_BAR_BARRIER_TIE,28
NQ,q_D_p75,1,1.5,SYNTHETIC,REJECTION_FIRST,306
NQ,q_D_p75,1,1.5,SYNTHETIC,NEITHER_REACHED,301
NQ,q_D_p75,1,1.5,SYNTHETIC,CONTINUATION_FIRST,288
NQ,q_D_p75,1,1.5,SYNTHETIC,SAME_BAR_BARRIER_TIE,29
NQ,q_D_p75,1,2.0,REAL,NEITHER_REACHED,461
NQ,q_D_p75,1,2.0,REAL,REJECTION_FIRST,246
NQ,q_D_p75,1,2.0,REAL,CONTINUATION_FIRST,200
NQ,q_D_p75,1,2.0,REAL,SAME_BAR_BARRIER_TIE,9
NQ,q_D_p75,1,2.0,SYNTHETIC,NEITHER_REACHED,467
NQ,q_D_p75,1,2.0,SYNTHETIC,REJECTION_FIRST,239
NQ,q_D_p75,1,2.0,SYNTHETIC,CONTINUATION_FIRST,206
NQ,q_D_p75,1,2.0,SYNTHETIC,SAME_BAR_BARRIER_TIE,12
NQ,q_D_p75,3,0.5,REAL,REJECTION_FIRST,327
NQ,q_D_p75,3,0.5,REAL,SAME_BAR_BARRIER_TIE,296
NQ,q_D_p75,3,0.5,REAL,CONTINUATION_FIRST,293
NQ,q_D_p75,3,0.5,SYNTHETIC,REJECTION_FIRST,347
NQ,q_D_p75,3,0.5,SYNTHETIC,CONTINUATION_FIRST,307
NQ,q_D_p75,3,0.5,SYNTHETIC,SAME_BAR_BARRIER_TIE,270
NQ,q_D_p75,3,1.0,REAL,REJECTION_FIRST,413
NQ,q_D_p75,3,1.0,REAL,CONTINUATION_FIRST,372
NQ,q_D_p75,3,1.0,REAL,SAME_BAR_BARRIER_TIE,111
NQ,q_D_p75,3,1.0,REAL,NEITHER_REACHED,20
NQ,q_D_p75,3,1.0,SYNTHETIC,REJECTION_FIRST,413
NQ,q_D_p75,3,1.0,SYNTHETIC,CONTINUATION_FIRST,387
NQ,q_D_p75,3,1.0,SYNTHETIC,SAME_BAR_BARRIER_TIE,101
NQ,q_D_p75,3,1.0,SYNTHETIC,NEITHER_REACHED,23
NQ,q_D_p75,3,1.5,REAL,REJECTION_FIRST,406
NQ,q_D_p75,3,1.5,REAL,CONTINUATION_FIRST,387
NQ,q_D_p75,3,1.5,REAL,NEITHER_REACHED,92
NQ,q_D_p75,3,1.5,REAL,SAME_BAR_BARRIER_TIE,31
NQ,q_D_p75,3,1.5,SYNTHETIC,REJECTION_FIRST,399
NQ,q_D_p75,3,1.5,SYNTHETIC,CONTINUATION_FIRST,398
NQ,q_D_p75,3,1.5,SYNTHETIC,NEITHER_REACHED,97
NQ,q_D_p75,3,1.5,SYNTHETIC,SAME_BAR_BARRIER_TIE,30
NQ,q_D_p75,3,2.0,REAL,REJECTION_FIRST,354
NQ,q_D_p75,3,2.0,REAL,CONTINUATION_FIRST,334
NQ,q_D_p75,3,2.0,REAL,NEITHER_REACHED,219
NQ,q_D_p75,3,2.0,REAL,SAME_BAR_BARRIER_TIE,9
NQ,q_D_p75,3,2.0,SYNTHETIC,CONTINUATION_FIRST,340
NQ,q_D_p75,3,2.0,SYNTHETIC,REJECTION_FIRST,330
NQ,q_D_p75,3,2.0,SYNTHETIC,NEITHER_REACHED,242
NQ,q_D_p75,3,2.0,SYNTHETIC,SAME_BAR_BARRIER_TIE,12
NQ,q_D_p75,5,0.5,REAL,REJECTION_FIRST,327
NQ,q_D_p75,5,0.5,REAL,SAME_BAR_BARRIER_TIE,296
NQ,q_D_p75,5,0.5,REAL,CONTINUATION_FIRST,293
NQ,q_D_p75,5,0.5,SYNTHETIC,REJECTION_FIRST,347
NQ,q_D_p75,5,0.5,SYNTHETIC,CONTINUATION_FIRST,307
NQ,q_D_p75,5,0.5,SYNTHETIC,SAME_BAR_BARRIER_TIE,270
NQ,q_D_p75,5,1.0,REAL,REJECTION_FIRST,417
NQ,q_D_p75,5,1.0,REAL,CONTINUATION_FIRST,383
NQ,q_D_p75,5,1.0,REAL,SAME_BAR_BARRIER_TIE,111
NQ,q_D_p75,5,1.0,REAL,NEITHER_REACHED,5
NQ,q_D_p75,5,1.0,SYNTHETIC,REJECTION_FIRST,415
NQ,q_D_p75,5,1.0,SYNTHETIC,CONTINUATION_FIRST,400
NQ,q_D_p75,5,1.0,SYNTHETIC,SAME_BAR_BARRIER_TIE,101
NQ,q_D_p75,5,1.0,SYNTHETIC,NEITHER_REACHED,8
NQ,q_D_p75,5,1.5,REAL,REJECTION_FIRST,421
NQ,q_D_p75,5,1.5,REAL,CONTINUATION_FIRST,419
NQ,q_D_p75,5,1.5,REAL,NEITHER_REACHED,45
NQ,q_D_p75,5,1.5,REAL,SAME_BAR_BARRIER_TIE,31
NQ,q_D_p75,5,1.5,SYNTHETIC,CONTINUATION_FIRST,428
NQ,q_D_p75,5,1.5,SYNTHETIC,REJECTION_FIRST,421
NQ,q_D_p75,5,1.5,SYNTHETIC,NEITHER_REACHED,45
NQ,q_D_p75,5,1.5,SYNTHETIC,SAME_BAR_BARRIER_TIE,30
NQ,q_D_p75,5,2.0,REAL,REJECTION_FIRST,393
NQ,q_D_p75,5,2.0,REAL,CONTINUATION_FIRST,380
NQ,q_D_p75,5,2.0,REAL,NEITHER_REACHED,133
NQ,q_D_p75,5,2.0,REAL,SAME_BAR_BARRIER_TIE,10
NQ,q_D_p75,5,2.0,SYNTHETIC,CONTINUATION_FIRST,385
NQ,q_D_p75,5,2.0,SYNTHETIC,REJECTION_FIRST,382
NQ,q_D_p75,5,2.0,SYNTHETIC,NEITHER_REACHED,144
NQ,q_D_p75,5,2.0,SYNTHETIC,SAME_BAR_BARRIER_TIE,13
NQ,q_D_p75,10,0.5,REAL,REJECTION_FIRST,327
NQ,q_D_p75,10,0.5,REAL,SAME_BAR_BARRIER_TIE,296
NQ,q_D_p75,10,0.5,REAL,CONTINUATION_FIRST,293
NQ,q_D_p75,10,0.5,SYNTHETIC,REJECTION_FIRST,347
NQ,q_D_p75,10,0.5,SYNTHETIC,CONTINUATION_FIRST,307
NQ,q_D_p75,10,0.5,SYNTHETIC,SAME_BAR_BARRIER_TIE,270
NQ,q_D_p75,10,1.0,REAL,REJECTION_FIRST,417
NQ,q_D_p75,10,1.0,REAL,CONTINUATION_FIRST,386
NQ,q_D_p75,10,1.0,REAL,SAME_BAR_BARRIER_TIE,111
NQ,q_D_p75,10,1.0,REAL,NEITHER_REACHED,2
NQ,q_D_p75,10,1.0,SYNTHETIC,REJECTION_FIRST,416
NQ,q_D_p75,10,1.0,SYNTHETIC,CONTINUATION_FIRST,404
NQ,q_D_p75,10,1.0,SYNTHETIC,SAME_BAR_BARRIER_TIE,101
NQ,q_D_p75,10,1.0,SYNTHETIC,NEITHER_REACHED,3
NQ,q_D_p75,10,1.5,REAL,REJECTION_FIRST,445
NQ,q_D_p75,10,1.5,REAL,CONTINUATION_FIRST,429
NQ,q_D_p75,10,1.5,REAL,SAME_BAR_BARRIER_TIE,31
NQ,q_D_p75,10,1.5,REAL,NEITHER_REACHED,11
NQ,q_D_p75,10,1.5,SYNTHETIC,REJECTION_FIRST,441
NQ,q_D_p75,10,1.5,SYNTHETIC,CONTINUATION_FIRST,440
NQ,q_D_p75,10,1.5,SYNTHETIC,SAME_BAR_BARRIER_TIE,30
NQ,q_D_p75,10,1.5,SYNTHETIC,NEITHER_REACHED,13
NQ,q_D_p75,10,2.0,REAL,REJECTION_FIRST,442
NQ,q_D_p75,10,2.0,REAL,CONTINUATION_FIRST,421
NQ,q_D_p75,10,2.0,REAL,NEITHER_REACHED,43
NQ,q_D_p75,10,2.0,REAL,SAME_BAR_BARRIER_TIE,10
NQ,q_D_p75,10,2.0,SYNTHETIC,REJECTION_FIRST,431
NQ,q_D_p75,10,2.0,SYNTHETIC,CONTINUATION_FIRST,427
NQ,q_D_p75,10,2.0,SYNTHETIC,NEITHER_REACHED,53
NQ,q_D_p75,10,2.0,SYNTHETIC,SAME_BAR_BARRIER_TIE,13
NQ,q_D_p75,15,0.5,REAL,REJECTION_FIRST,327
NQ,q_D_p75,15,0.5,REAL,SAME_BAR_BARRIER_TIE,296
NQ,q_D_p75,15,0.5,REAL,CONTINUATION_FIRST,293
NQ,q_D_p75,15,0.5,SYNTHETIC,REJECTION_FIRST,347
NQ,q_D_p75,15,0.5,SYNTHETIC,CONTINUATION_FIRST,307
NQ,q_D_p75,15,0.5,SYNTHETIC,SAME_BAR_BARRIER_TIE,270
NQ,q_D_p75,15,1.0,REAL,REJECTION_FIRST,418
NQ,q_D_p75,15,1.0,REAL,CONTINUATION_FIRST,386
NQ,q_D_p75,15,1.0,REAL,SAME_BAR_BARRIER_TIE,111
NQ,q_D_p75,15,1.0,REAL,NEITHER_REACHED,1
NQ,q_D_p75,15,1.0,SYNTHETIC,REJECTION_FIRST,418
NQ,q_D_p75,15,1.0,SYNTHETIC,CONTINUATION_FIRST,404
NQ,q_D_p75,15,1.0,SYNTHETIC,SAME_BAR_BARRIER_TIE,101
NQ,q_D_p75,15,1.0,SYNTHETIC,NEITHER_REACHED,1
NQ,q_D_p75,15,1.5,REAL,REJECTION_FIRST,448
NQ,q_D_p75,15,1.5,REAL,CONTINUATION_FIRST,431
NQ,q_D_p75,15,1.5,REAL,SAME_BAR_BARRIER_TIE,31
NQ,q_D_p75,15,1.5,REAL,NEITHER_REACHED,6
NQ,q_D_p75,15,1.5,SYNTHETIC,REJECTION_FIRST,444
NQ,q_D_p75,15,1.5,SYNTHETIC,CONTINUATION_FIRST,441
NQ,q_D_p75,15,1.5,SYNTHETIC,SAME_BAR_BARRIER_TIE,30
NQ,q_D_p75,15,1.5,SYNTHETIC,NEITHER_REACHED,9
NQ,q_D_p75,15,2.0,REAL,REJECTION_FIRST,453
NQ,q_D_p75,15,2.0,REAL,CONTINUATION_FIRST,432
NQ,q_D_p75,15,2.0,REAL,NEITHER_REACHED,21
NQ,q_D_p75,15,2.0,REAL,SAME_BAR_BARRIER_TIE,10
NQ,q_D_p75,15,2.0,SYNTHETIC,REJECTION_FIRST,445
NQ,q_D_p75,15,2.0,SYNTHETIC,CONTINUATION_FIRST,440
NQ,q_D_p75,15,2.0,SYNTHETIC,NEITHER_REACHED,26
NQ,q_D_p75,15,2.0,SYNTHETIC,SAME_BAR_BARRIER_TIE,13
NQ,q_D_p90,1,0.5,REAL,REJECTION_FIRST,280
NQ,q_D_p90,1,0.5,REAL,SAME_BAR_BARRIER_TIE,263
NQ,q_D_p90,1,0.5,REAL,CONTINUATION_FIRST,259
NQ,q_D_p90,1,0.5,REAL,NEITHER_REACHED,8
NQ,q_D_p90,1,0.5,SYNTHETIC,CONTINUATION_FIRST,294
NQ,q_D_p90,1,0.5,SYNTHETIC,REJECTION_FIRST,290
NQ,q_D_p90,1,0.5,SYNTHETIC,SAME_BAR_BARRIER_TIE,235
NQ,q_D_p90,1,0.5,SYNTHETIC,NEITHER_REACHED,7
NQ,q_D_p90,1,1.0,REAL,REJECTION_FIRST,310
NQ,q_D_p90,1,1.0,REAL,CONTINUATION_FIRST,309
NQ,q_D_p90,1,1.0,REAL,NEITHER_REACHED,107
NQ,q_D_p90,1,1.0,REAL,SAME_BAR_BARRIER_TIE,84
NQ,q_D_p90,1,1.0,SYNTHETIC,CONTINUATION_FIRST,324
NQ,q_D_p90,1,1.0,SYNTHETIC,REJECTION_FIRST,323
NQ,q_D_p90,1,1.0,SYNTHETIC,NEITHER_REACHED,102
NQ,q_D_p90,1,1.0,SYNTHETIC,SAME_BAR_BARRIER_TIE,77
NQ,q_D_p90,1,1.5,REAL,NEITHER_REACHED,286
NQ,q_D_p90,1,1.5,REAL,CONTINUATION_FIRST,247
NQ,q_D_p90,1,1.5,REAL,REJECTION_FIRST,245
NQ,q_D_p90,1,1.5,REAL,SAME_BAR_BARRIER_TIE,32
NQ,q_D_p90,1,1.5,SYNTHETIC,NEITHER_REACHED,304
NQ,q_D_p90,1,1.5,SYNTHETIC,REJECTION_FIRST,247
NQ,q_D_p90,1,1.5,SYNTHETIC,CONTINUATION_FIRST,247
NQ,q_D_p90,1,1.5,SYNTHETIC,SAME_BAR_BARRIER_TIE,28
NQ,q_D_p90,1,2.0,REAL,NEITHER_REACHED,432
NQ,q_D_p90,1,2.0,REAL,REJECTION_FIRST,195
NQ,q_D_p90,1,2.0,REAL,CONTINUATION_FIRST,169
NQ,q_D_p90,1,2.0,REAL,SAME_BAR_BARRIER_TIE,14
NQ,q_D_p90,1,2.0,SYNTHETIC,NEITHER_REACHED,452
NQ,q_D_p90,1,2.0,SYNTHETIC,REJECTION_FIRST,191
NQ,q_D_p90,1,2.0,SYNTHETIC,CONTINUATION_FIRST,173
NQ,q_D_p90,1,2.0,SYNTHETIC,SAME_BAR_BARRIER_TIE,10
NQ,q_D_p90,3,0.5,REAL,REJECTION_FIRST,284
NQ,q_D_p90,3,0.5,REAL,SAME_BAR_BARRIER_TIE,264
NQ,q_D_p90,3,0.5,REAL,CONTINUATION_FIRST,262
NQ,q_D_p90,3,0.5,SYNTHETIC,CONTINUATION_FIRST,297
NQ,q_D_p90,3,0.5,SYNTHETIC,REJECTION_FIRST,292
NQ,q_D_p90,3,0.5,SYNTHETIC,SAME_BAR_BARRIER_TIE,236
NQ,q_D_p90,3,0.5,SYNTHETIC,NEITHER_REACHED,1
NQ,q_D_p90,3,1.0,REAL,CONTINUATION_FIRST,357
NQ,q_D_p90,3,1.0,REAL,REJECTION_FIRST,353
NQ,q_D_p90,3,1.0,REAL,SAME_BAR_BARRIER_TIE,86
NQ,q_D_p90,3,1.0,REAL,NEITHER_REACHED,14
NQ,q_D_p90,3,1.0,SYNTHETIC,REJECTION_FIRST,372
NQ,q_D_p90,3,1.0,SYNTHETIC,CONTINUATION_FIRST,363
NQ,q_D_p90,3,1.0,SYNTHETIC,SAME_BAR_BARRIER_TIE,77
NQ,q_D_p90,3,1.0,SYNTHETIC,NEITHER_REACHED,14
NQ,q_D_p90,3,1.5,REAL,CONTINUATION_FIRST,338
NQ,q_D_p90,3,1.5,REAL,REJECTION_FIRST,335
NQ,q_D_p90,3,1.5,REAL,NEITHER_REACHED,104
NQ,q_D_p90,3,1.5,REAL,SAME_BAR_BARRIER_TIE,33
NQ,q_D_p90,3,1.5,SYNTHETIC,REJECTION_FIRST,350
NQ,q_D_p90,3,1.5,SYNTHETIC,CONTINUATION_FIRST,342
NQ,q_D_p90,3,1.5,SYNTHETIC,NEITHER_REACHED,106
NQ,q_D_p90,3,1.5,SYNTHETIC,SAME_BAR_BARRIER_TIE,28
NQ,q_D_p90,3,2.0,REAL,REJECTION_FIRST,291
NQ,q_D_p90,3,2.0,REAL,CONTINUATION_FIRST,289
NQ,q_D_p90,3,2.0,REAL,NEITHER_REACHED,215
NQ,q_D_p90,3,2.0,REAL,SAME_BAR_BARRIER_TIE,15
NQ,q_D_p90,3,2.0,SYNTHETIC,REJECTION_FIRST,302
NQ,q_D_p90,3,2.0,SYNTHETIC,CONTINUATION_FIRST,295
NQ,q_D_p90,3,2.0,SYNTHETIC,NEITHER_REACHED,219
NQ,q_D_p90,3,2.0,SYNTHETIC,SAME_BAR_BARRIER_TIE,10
NQ,q_D_p90,5,0.5,REAL,REJECTION_FIRST,284
NQ,q_D_p90,5,0.5,REAL,SAME_BAR_BARRIER_TIE,264
NQ,q_D_p90,5,0.5,REAL,CONTINUATION_FIRST,262
NQ,q_D_p90,5,0.5,SYNTHETIC,CONTINUATION_FIRST,297
NQ,q_D_p90,5,0.5,SYNTHETIC,REJECTION_FIRST,293
NQ,q_D_p90,5,0.5,SYNTHETIC,SAME_BAR_BARRIER_TIE,236
NQ,q_D_p90,5,1.0,REAL,CONTINUATION_FIRST,362
NQ,q_D_p90,5,1.0,REAL,REJECTION_FIRST,359
NQ,q_D_p90,5,1.0,REAL,SAME_BAR_BARRIER_TIE,86
NQ,q_D_p90,5,1.0,REAL,NEITHER_REACHED,3
NQ,q_D_p90,5,1.0,SYNTHETIC,REJECTION_FIRST,378
NQ,q_D_p90,5,1.0,SYNTHETIC,CONTINUATION_FIRST,366
NQ,q_D_p90,5,1.0,SYNTHETIC,SAME_BAR_BARRIER_TIE,77
NQ,q_D_p90,5,1.0,SYNTHETIC,NEITHER_REACHED,5
NQ,q_D_p90,5,1.5,REAL,REJECTION_FIRST,365
NQ,q_D_p90,5,1.5,REAL,CONTINUATION_FIRST,364
NQ,q_D_p90,5,1.5,REAL,NEITHER_REACHED,47
NQ,q_D_p90,5,1.5,REAL,SAME_BAR_BARRIER_TIE,34
NQ,q_D_p90,5,1.5,SYNTHETIC,REJECTION_FIRST,385
NQ,q_D_p90,5,1.5,SYNTHETIC,CONTINUATION_FIRST,365
NQ,q_D_p90,5,1.5,SYNTHETIC,NEITHER_REACHED,48
NQ,q_D_p90,5,1.5,SYNTHETIC,SAME_BAR_BARRIER_TIE,28
NQ,q_D_p90,5,2.0,REAL,CONTINUATION_FIRST,334
NQ,q_D_p90,5,2.0,REAL,REJECTION_FIRST,334
NQ,q_D_p90,5,2.0,REAL,NEITHER_REACHED,127
NQ,q_D_p90,5,2.0,REAL,SAME_BAR_BARRIER_TIE,15
NQ,q_D_p90,5,2.0,SYNTHETIC,REJECTION_FIRST,351
NQ,q_D_p90,5,2.0,SYNTHETIC,CONTINUATION_FIRST,337
NQ,q_D_p90,5,2.0,SYNTHETIC,NEITHER_REACHED,128
NQ,q_D_p90,5,2.0,SYNTHETIC,SAME_BAR_BARRIER_TIE,10
NQ,q_D_p90,10,0.5,REAL,REJECTION_FIRST,284
NQ,q_D_p90,10,0.5,REAL,SAME_BAR_BARRIER_TIE,264
NQ,q_D_p90,10,0.5,REAL,CONTINUATION_FIRST,262
NQ,q_D_p90,10,0.5,SYNTHETIC,CONTINUATION_FIRST,297
NQ,q_D_p90,10,0.5,SYNTHETIC,REJECTION_FIRST,293
NQ,q_D_p90,10,0.5,SYNTHETIC,SAME_BAR_BARRIER_TIE,236
NQ,q_D_p90,10,1.0,REAL,CONTINUATION_FIRST,362
NQ,q_D_p90,10,1.0,REAL,REJECTION_FIRST,361
NQ,q_D_p90,10,1.0,REAL,SAME_BAR_BARRIER_TIE,86
NQ,q_D_p90,10,1.0,REAL,NEITHER_REACHED,1
NQ,q_D_p90,10,1.0,SYNTHETIC,REJECTION_FIRST,380
NQ,q_D_p90,10,1.0,SYNTHETIC,CONTINUATION_FIRST,368
NQ,q_D_p90,10,1.0,SYNTHETIC,SAME_BAR_BARRIER_TIE,77
NQ,q_D_p90,10,1.0,SYNTHETIC,NEITHER_REACHED,1
NQ,q_D_p90,10,1.5,REAL,CONTINUATION_FIRST,383
NQ,q_D_p90,10,1.5,REAL,REJECTION_FIRST,380
NQ,q_D_p90,10,1.5,REAL,SAME_BAR_BARRIER_TIE,34
NQ,q_D_p90,10,1.5,REAL,NEITHER_REACHED,13
NQ,q_D_p90,10,1.5,SYNTHETIC,REJECTION_FIRST,407
NQ,q_D_p90,10,1.5,SYNTHETIC,CONTINUATION_FIRST,379
NQ,q_D_p90,10,1.5,SYNTHETIC,SAME_BAR_BARRIER_TIE,28
NQ,q_D_p90,10,1.5,SYNTHETIC,NEITHER_REACHED,12
NQ,q_D_p90,10,2.0,REAL,CONTINUATION_FIRST,374
NQ,q_D_p90,10,2.0,REAL,REJECTION_FIRST,374
NQ,q_D_p90,10,2.0,REAL,NEITHER_REACHED,47
NQ,q_D_p90,10,2.0,REAL,SAME_BAR_BARRIER_TIE,15
NQ,q_D_p90,10,2.0,SYNTHETIC,REJECTION_FIRST,397
NQ,q_D_p90,10,2.0,SYNTHETIC,CONTINUATION_FIRST,369
NQ,q_D_p90,10,2.0,SYNTHETIC,NEITHER_REACHED,50
NQ,q_D_p90,10,2.0,SYNTHETIC,SAME_BAR_BARRIER_TIE,10
NQ,q_D_p90,15,0.5,REAL,REJECTION_FIRST,284
NQ,q_D_p90,15,0.5,REAL,SAME_BAR_BARRIER_TIE,264
NQ,q_D_p90,15,0.5,REAL,CONTINUATION_FIRST,262
NQ,q_D_p90,15,0.5,SYNTHETIC,CONTINUATION_FIRST,297
NQ,q_D_p90,15,0.5,SYNTHETIC,REJECTION_FIRST,293
NQ,q_D_p90,15,0.5,SYNTHETIC,SAME_BAR_BARRIER_TIE,236
NQ,q_D_p90,15,1.0,REAL,CONTINUATION_FIRST,363
NQ,q_D_p90,15,1.0,REAL,REJECTION_FIRST,361
NQ,q_D_p90,15,1.0,REAL,SAME_BAR_BARRIER_TIE,86
NQ,q_D_p90,15,1.0,SYNTHETIC,REJECTION_FIRST,380
NQ,q_D_p90,15,1.0,SYNTHETIC,CONTINUATION_FIRST,369
NQ,q_D_p90,15,1.0,SYNTHETIC,SAME_BAR_BARRIER_TIE,77
NQ,q_D_p90,15,1.5,REAL,CONTINUATION_FIRST,390
NQ,q_D_p90,15,1.5,REAL,REJECTION_FIRST,384
NQ,q_D_p90,15,1.5,REAL,SAME_BAR_BARRIER_TIE,34
NQ,q_D_p90,15,1.5,REAL,NEITHER_REACHED,2
NQ,q_D_p90,15,1.5,SYNTHETIC,REJECTION_FIRST,410
NQ,q_D_p90,15,1.5,SYNTHETIC,CONTINUATION_FIRST,385
NQ,q_D_p90,15,1.5,SYNTHETIC,SAME_BAR_BARRIER_TIE,28
NQ,q_D_p90,15,1.5,SYNTHETIC,NEITHER_REACHED,3
NQ,q_D_p90,15,2.0,REAL,REJECTION_FIRST,388
NQ,q_D_p90,15,2.0,REAL,CONTINUATION_FIRST,386
NQ,q_D_p90,15,2.0,REAL,NEITHER_REACHED,21
NQ,q_D_p90,15,2.0,REAL,SAME_BAR_BARRIER_TIE,15
NQ,q_D_p90,15,2.0,SYNTHETIC,REJECTION_FIRST,410
NQ,q_D_p90,15,2.0,SYNTHETIC,CONTINUATION_FIRST,384
NQ,q_D_p90,15,2.0,SYNTHETIC,NEITHER_REACHED,22
NQ,q_D_p90,15,2.0,SYNTHETIC,SAME_BAR_BARRIER_TIE,10
NQ,q_D_p95,1,0.5,REAL,CONTINUATION_FIRST,250
NQ,q_D_p95,1,0.5,REAL,REJECTION_FIRST,250
NQ,q_D_p95,1,0.5,REAL,SAME_BAR_BARRIER_TIE,223
NQ,q_D_p95,1,0.5,REAL,NEITHER_REACHED,5
NQ,q_D_p95,1,0.5,SYNTHETIC,REJECTION_FIRST,290
NQ,q_D_p95,1,0.5,SYNTHETIC,CONTINUATION_FIRST,278
NQ,q_D_p95,1,0.5,SYNTHETIC,SAME_BAR_BARRIER_TIE,237
NQ,q_D_p95,1,0.5,SYNTHETIC,NEITHER_REACHED,3
NQ,q_D_p95,1,1.0,REAL,CONTINUATION_FIRST,295
NQ,q_D_p95,1,1.0,REAL,REJECTION_FIRST,270
NQ,q_D_p95,1,1.0,REAL,NEITHER_REACHED,95
NQ,q_D_p95,1,1.0,REAL,SAME_BAR_BARRIER_TIE,68
NQ,q_D_p95,1,1.0,SYNTHETIC,CONTINUATION_FIRST,313
NQ,q_D_p95,1,1.0,SYNTHETIC,REJECTION_FIRST,305
NQ,q_D_p95,1,1.0,SYNTHETIC,NEITHER_REACHED,107
NQ,q_D_p95,1,1.0,SYNTHETIC,SAME_BAR_BARRIER_TIE,83
NQ,q_D_p95,1,1.5,REAL,NEITHER_REACHED,259
NQ,q_D_p95,1,1.5,REAL,CONTINUATION_FIRST,231
NQ,q_D_p95,1,1.5,REAL,REJECTION_FIRST,213
NQ,q_D_p95,1,1.5,REAL,SAME_BAR_BARRIER_TIE,25
NQ,q_D_p95,1,1.5,SYNTHETIC,NEITHER_REACHED,290
NQ,q_D_p95,1,1.5,SYNTHETIC,REJECTION_FIRST,249
NQ,q_D_p95,1,1.5,SYNTHETIC,CONTINUATION_FIRST,243
NQ,q_D_p95,1,1.5,SYNTHETIC,SAME_BAR_BARRIER_TIE,26
NQ,q_D_p95,1,2.0,REAL,NEITHER_REACHED,404
NQ,q_D_p95,1,2.0,REAL,CONTINUATION_FIRST,158
NQ,q_D_p95,1,2.0,REAL,REJECTION_FIRST,155
NQ,q_D_p95,1,2.0,REAL,SAME_BAR_BARRIER_TIE,11
NQ,q_D_p95,1,2.0,SYNTHETIC,NEITHER_REACHED,427
NQ,q_D_p95,1,2.0,SYNTHETIC,REJECTION_FIRST,191
NQ,q_D_p95,1,2.0,SYNTHETIC,CONTINUATION_FIRST,175
NQ,q_D_p95,1,2.0,SYNTHETIC,SAME_BAR_BARRIER_TIE,15
NQ,q_D_p95,3,0.5,REAL,CONTINUATION_FIRST,253
NQ,q_D_p95,3,0.5,REAL,REJECTION_FIRST,252
NQ,q_D_p95,3,0.5,REAL,SAME_BAR_BARRIER_TIE,223
NQ,q_D_p95,3,0.5,SYNTHETIC,REJECTION_FIRST,291
NQ,q_D_p95,3,0.5,SYNTHETIC,CONTINUATION_FIRST,280
NQ,q_D_p95,3,0.5,SYNTHETIC,SAME_BAR_BARRIER_TIE,237
NQ,q_D_p95,3,1.0,REAL,CONTINUATION_FIRST,330
NQ,q_D_p95,3,1.0,REAL,REJECTION_FIRST,309
NQ,q_D_p95,3,1.0,REAL,SAME_BAR_BARRIER_TIE,71
NQ,q_D_p95,3,1.0,REAL,NEITHER_REACHED,18
NQ,q_D_p95,3,1.0,SYNTHETIC,CONTINUATION_FIRST,361
NQ,q_D_p95,3,1.0,SYNTHETIC,REJECTION_FIRST,339
NQ,q_D_p95,3,1.0,SYNTHETIC,SAME_BAR_BARRIER_TIE,86
NQ,q_D_p95,3,1.0,SYNTHETIC,NEITHER_REACHED,22
NQ,q_D_p95,3,1.5,REAL,CONTINUATION_FIRST,312
NQ,q_D_p95,3,1.5,REAL,REJECTION_FIRST,307
NQ,q_D_p95,3,1.5,REAL,NEITHER_REACHED,83
NQ,q_D_p95,3,1.5,REAL,SAME_BAR_BARRIER_TIE,26
NQ,q_D_p95,3,1.5,SYNTHETIC,CONTINUATION_FIRST,341
NQ,q_D_p95,3,1.5,SYNTHETIC,REJECTION_FIRST,336
NQ,q_D_p95,3,1.5,SYNTHETIC,NEITHER_REACHED,103
NQ,q_D_p95,3,1.5,SYNTHETIC,SAME_BAR_BARRIER_TIE,28
NQ,q_D_p95,3,2.0,REAL,CONTINUATION_FIRST,272
NQ,q_D_p95,3,2.0,REAL,REJECTION_FIRST,251
NQ,q_D_p95,3,2.0,REAL,NEITHER_REACHED,194
NQ,q_D_p95,3,2.0,REAL,SAME_BAR_BARRIER_TIE,11
NQ,q_D_p95,3,2.0,SYNTHETIC,REJECTION_FIRST,298
NQ,q_D_p95,3,2.0,SYNTHETIC,CONTINUATION_FIRST,297
NQ,q_D_p95,3,2.0,SYNTHETIC,NEITHER_REACHED,197
NQ,q_D_p95,3,2.0,SYNTHETIC,SAME_BAR_BARRIER_TIE,16
NQ,q_D_p95,5,0.5,REAL,CONTINUATION_FIRST,253
NQ,q_D_p95,5,0.5,REAL,REJECTION_FIRST,252
NQ,q_D_p95,5,0.5,REAL,SAME_BAR_BARRIER_TIE,223
NQ,q_D_p95,5,0.5,SYNTHETIC,REJECTION_FIRST,291
NQ,q_D_p95,5,0.5,SYNTHETIC,CONTINUATION_FIRST,280
NQ,q_D_p95,5,0.5,SYNTHETIC,SAME_BAR_BARRIER_TIE,237
NQ,q_D_p95,5,1.0,REAL,CONTINUATION_FIRST,338
NQ,q_D_p95,5,1.0,REAL,REJECTION_FIRST,315
NQ,q_D_p95,5,1.0,REAL,SAME_BAR_BARRIER_TIE,71
NQ,q_D_p95,5,1.0,REAL,NEITHER_REACHED,4
NQ,q_D_p95,5,1.0,SYNTHETIC,CONTINUATION_FIRST,367
NQ,q_D_p95,5,1.0,SYNTHETIC,REJECTION_FIRST,349
NQ,q_D_p95,5,1.0,SYNTHETIC,SAME_BAR_BARRIER_TIE,86
NQ,q_D_p95,5,1.0,SYNTHETIC,NEITHER_REACHED,6
NQ,q_D_p95,5,1.5,REAL,CONTINUATION_FIRST,332
NQ,q_D_p95,5,1.5,REAL,REJECTION_FIRST,327
NQ,q_D_p95,5,1.5,REAL,NEITHER_REACHED,43
NQ,q_D_p95,5,1.5,REAL,SAME_BAR_BARRIER_TIE,26
NQ,q_D_p95,5,1.5,SYNTHETIC,CONTINUATION_FIRST,364
NQ,q_D_p95,5,1.5,SYNTHETIC,REJECTION_FIRST,363
NQ,q_D_p95,5,1.5,SYNTHETIC,NEITHER_REACHED,52
NQ,q_D_p95,5,1.5,SYNTHETIC,SAME_BAR_BARRIER_TIE,29
NQ,q_D_p95,5,2.0,REAL,CONTINUATION_FIRST,305
NQ,q_D_p95,5,2.0,REAL,REJECTION_FIRST,292
NQ,q_D_p95,5,2.0,REAL,NEITHER_REACHED,120
NQ,q_D_p95,5,2.0,REAL,SAME_BAR_BARRIER_TIE,11
NQ,q_D_p95,5,2.0,SYNTHETIC,REJECTION_FIRST,341
NQ,q_D_p95,5,2.0,SYNTHETIC,CONTINUATION_FIRST,331
NQ,q_D_p95,5,2.0,SYNTHETIC,NEITHER_REACHED,120
NQ,q_D_p95,5,2.0,SYNTHETIC,SAME_BAR_BARRIER_TIE,16
NQ,q_D_p95,10,0.5,REAL,CONTINUATION_FIRST,253
NQ,q_D_p95,10,0.5,REAL,REJECTION_FIRST,252
NQ,q_D_p95,10,0.5,REAL,SAME_BAR_BARRIER_TIE,223
NQ,q_D_p95,10,0.5,SYNTHETIC,REJECTION_FIRST,291
NQ,q_D_p95,10,0.5,SYNTHETIC,CONTINUATION_FIRST,280
NQ,q_D_p95,10,0.5,SYNTHETIC,SAME_BAR_BARRIER_TIE,237
NQ,q_D_p95,10,1.0,REAL,CONTINUATION_FIRST,340
NQ,q_D_p95,10,1.0,REAL,REJECTION_FIRST,317
NQ,q_D_p95,10,1.0,REAL,SAME_BAR_BARRIER_TIE,71
NQ,q_D_p95,10,1.0,SYNTHETIC,CONTINUATION_FIRST,369
NQ,q_D_p95,10,1.0,SYNTHETIC,REJECTION_FIRST,353
NQ,q_D_p95,10,1.0,SYNTHETIC,SAME_BAR_BARRIER_TIE,86
NQ,q_D_p95,10,1.5,REAL,CONTINUATION_FIRST,353
NQ,q_D_p95,10,1.5,REAL,REJECTION_FIRST,342
NQ,q_D_p95,10,1.5,REAL,SAME_BAR_BARRIER_TIE,26
NQ,q_D_p95,10,1.5,REAL,NEITHER_REACHED,7
NQ,q_D_p95,10,1.5,SYNTHETIC,REJECTION_FIRST,387
NQ,q_D_p95,10,1.5,SYNTHETIC,CONTINUATION_FIRST,380
NQ,q_D_p95,10,1.5,SYNTHETIC,SAME_BAR_BARRIER_TIE,29
NQ,q_D_p95,10,1.5,SYNTHETIC,NEITHER_REACHED,12
NQ,q_D_p95,10,2.0,REAL,CONTINUATION_FIRST,350
NQ,q_D_p95,10,2.0,REAL,REJECTION_FIRST,326
NQ,q_D_p95,10,2.0,REAL,NEITHER_REACHED,41
NQ,q_D_p95,10,2.0,REAL,SAME_BAR_BARRIER_TIE,11
NQ,q_D_p95,10,2.0,SYNTHETIC,REJECTION_FIRST,377
NQ,q_D_p95,10,2.0,SYNTHETIC,CONTINUATION_FIRST,368
NQ,q_D_p95,10,2.0,SYNTHETIC,NEITHER_REACHED,47
NQ,q_D_p95,10,2.0,SYNTHETIC,SAME_BAR_BARRIER_TIE,16
NQ,q_D_p95,15,0.5,REAL,CONTINUATION_FIRST,253
NQ,q_D_p95,15,0.5,REAL,REJECTION_FIRST,252
NQ,q_D_p95,15,0.5,REAL,SAME_BAR_BARRIER_TIE,223
NQ,q_D_p95,15,0.5,SYNTHETIC,REJECTION_FIRST,291
NQ,q_D_p95,15,0.5,SYNTHETIC,CONTINUATION_FIRST,280
NQ,q_D_p95,15,0.5,SYNTHETIC,SAME_BAR_BARRIER_TIE,237
NQ,q_D_p95,15,1.0,REAL,CONTINUATION_FIRST,340
NQ,q_D_p95,15,1.0,REAL,REJECTION_FIRST,317
NQ,q_D_p95,15,1.0,REAL,SAME_BAR_BARRIER_TIE,71
NQ,q_D_p95,15,1.0,SYNTHETIC,CONTINUATION_FIRST,369
NQ,q_D_p95,15,1.0,SYNTHETIC,REJECTION_FIRST,353
NQ,q_D_p95,15,1.0,SYNTHETIC,SAME_BAR_BARRIER_TIE,86
NQ,q_D_p95,15,1.5,REAL,CONTINUATION_FIRST,354
NQ,q_D_p95,15,1.5,REAL,REJECTION_FIRST,346
NQ,q_D_p95,15,1.5,REAL,SAME_BAR_BARRIER_TIE,26
NQ,q_D_p95,15,1.5,REAL,NEITHER_REACHED,2
NQ,q_D_p95,15,1.5,SYNTHETIC,REJECTION_FIRST,391
NQ,q_D_p95,15,1.5,SYNTHETIC,CONTINUATION_FIRST,385
NQ,q_D_p95,15,1.5,SYNTHETIC,SAME_BAR_BARRIER_TIE,29
NQ,q_D_p95,15,1.5,SYNTHETIC,NEITHER_REACHED,3
NQ,q_D_p95,15,2.0,REAL,CONTINUATION_FIRST,361
NQ,q_D_p95,15,2.0,REAL,REJECTION_FIRST,338
NQ,q_D_p95,15,2.0,REAL,NEITHER_REACHED,18
NQ,q_D_p95,15,2.0,REAL,SAME_BAR_BARRIER_TIE,11
NQ,q_D_p95,15,2.0,SYNTHETIC,REJECTION_FIRST,395
NQ,q_D_p95,15,2.0,SYNTHETIC,CONTINUATION_FIRST,379
NQ,q_D_p95,15,2.0,SYNTHETIC,NEITHER_REACHED,18
NQ,q_D_p95,15,2.0,SYNTHETIC,SAME_BAR_BARRIER_TIE,16
NQ,q_U_p25,1,0.5,REAL,CONTINUATION_FIRST,460
NQ,q_U_p25,1,0.5,REAL,REJECTION_FIRST,381
NQ,q_U_p25,1,0.5,REAL,SAME_BAR_BARRIER_TIE,273
NQ,q_U_p25,1,0.5,REAL,NEITHER_REACHED,25
NQ,q_U_p25,1,0.5,SYNTHETIC,CONTINUATION_FIRST,389
NQ,q_U_p25,1,0.5,SYNTHETIC,REJECTION_FIRST,298
NQ,q_U_p25,1,0.5,SYNTHETIC,SAME_BAR_BARRIER_TIE,251
NQ,q_U_p25,1,0.5,SYNTHETIC,NEITHER_REACHED,17
NQ,q_U_p25,1,1.0,REAL,CONTINUATION_FIRST,476
NQ,q_U_p25,1,1.0,REAL,REJECTION_FIRST,415
NQ,q_U_p25,1,1.0,REAL,NEITHER_REACHED,144
NQ,q_U_p25,1,1.0,REAL,SAME_BAR_BARRIER_TIE,104
NQ,q_U_p25,1,1.0,SYNTHETIC,CONTINUATION_FIRST,382
NQ,q_U_p25,1,1.0,SYNTHETIC,REJECTION_FIRST,342
NQ,q_U_p25,1,1.0,SYNTHETIC,NEITHER_REACHED,139
NQ,q_U_p25,1,1.0,SYNTHETIC,SAME_BAR_BARRIER_TIE,92
NQ,q_U_p25,1,1.5,REAL,CONTINUATION_FIRST,387
NQ,q_U_p25,1,1.5,REAL,REJECTION_FIRST,362
NQ,q_U_p25,1,1.5,REAL,NEITHER_REACHED,357
NQ,q_U_p25,1,1.5,REAL,SAME_BAR_BARRIER_TIE,33
NQ,q_U_p25,1,1.5,SYNTHETIC,NEITHER_REACHED,325
NQ,q_U_p25,1,1.5,SYNTHETIC,CONTINUATION_FIRST,312
NQ,q_U_p25,1,1.5,SYNTHETIC,REJECTION_FIRST,288
NQ,q_U_p25,1,1.5,SYNTHETIC,SAME_BAR_BARRIER_TIE,30
NQ,q_U_p25,1,2.0,REAL,NEITHER_REACHED,601
NQ,q_U_p25,1,2.0,REAL,CONTINUATION_FIRST,280
NQ,q_U_p25,1,2.0,REAL,REJECTION_FIRST,246
NQ,q_U_p25,1,2.0,REAL,SAME_BAR_BARRIER_TIE,12
NQ,q_U_p25,1,2.0,SYNTHETIC,NEITHER_REACHED,525
NQ,q_U_p25,1,2.0,SYNTHETIC,CONTINUATION_FIRST,223
NQ,q_U_p25,1,2.0,SYNTHETIC,REJECTION_FIRST,194
NQ,q_U_p25,1,2.0,SYNTHETIC,SAME_BAR_BARRIER_TIE,13
NQ,q_U_p25,3,0.5,REAL,CONTINUATION_FIRST,469
NQ,q_U_p25,3,0.5,REAL,REJECTION_FIRST,386
NQ,q_U_p25,3,0.5,REAL,SAME_BAR_BARRIER_TIE,275
NQ,q_U_p25,3,0.5,REAL,NEITHER_REACHED,9
NQ,q_U_p25,3,0.5,SYNTHETIC,CONTINUATION_FIRST,393
NQ,q_U_p25,3,0.5,SYNTHETIC,REJECTION_FIRST,303
NQ,q_U_p25,3,0.5,SYNTHETIC,SAME_BAR_BARRIER_TIE,252
NQ,q_U_p25,3,0.5,SYNTHETIC,NEITHER_REACHED,7
NQ,q_U_p25,3,1.0,REAL,CONTINUATION_FIRST,522
NQ,q_U_p25,3,1.0,REAL,REJECTION_FIRST,478
NQ,q_U_p25,3,1.0,REAL,SAME_BAR_BARRIER_TIE,105
NQ,q_U_p25,3,1.0,REAL,NEITHER_REACHED,34
NQ,q_U_p25,3,1.0,SYNTHETIC,CONTINUATION_FIRST,436
NQ,q_U_p25,3,1.0,SYNTHETIC,REJECTION_FIRST,395
NQ,q_U_p25,3,1.0,SYNTHETIC,SAME_BAR_BARRIER_TIE,94
NQ,q_U_p25,3,1.0,SYNTHETIC,NEITHER_REACHED,30
NQ,q_U_p25,3,1.5,REAL,CONTINUATION_FIRST,497
NQ,q_U_p25,3,1.5,REAL,REJECTION_FIRST,480
NQ,q_U_p25,3,1.5,REAL,NEITHER_REACHED,127
NQ,q_U_p25,3,1.5,REAL,SAME_BAR_BARRIER_TIE,35
NQ,q_U_p25,3,1.5,SYNTHETIC,CONTINUATION_FIRST,426
NQ,q_U_p25,3,1.5,SYNTHETIC,REJECTION_FIRST,388
NQ,q_U_p25,3,1.5,SYNTHETIC,NEITHER_REACHED,110
NQ,q_U_p25,3,1.5,SYNTHETIC,SAME_BAR_BARRIER_TIE,31
NQ,q_U_p25,3,2.0,REAL,CONTINUATION_FIRST,430
NQ,q_U_p25,3,2.0,REAL,REJECTION_FIRST,411
NQ,q_U_p25,3,2.0,REAL,NEITHER_REACHED,286
NQ,q_U_p25,3,2.0,REAL,SAME_BAR_BARRIER_TIE,12
NQ,q_U_p25,3,2.0,SYNTHETIC,CONTINUATION_FIRST,353
NQ,q_U_p25,3,2.0,SYNTHETIC,REJECTION_FIRST,325
NQ,q_U_p25,3,2.0,SYNTHETIC,NEITHER_REACHED,264
NQ,q_U_p25,3,2.0,SYNTHETIC,SAME_BAR_BARRIER_TIE,13
NQ,q_U_p25,5,0.5,REAL,CONTINUATION_FIRST,470
NQ,q_U_p25,5,0.5,REAL,REJECTION_FIRST,388
NQ,q_U_p25,5,0.5,REAL,SAME_BAR_BARRIER_TIE,275
NQ,q_U_p25,5,0.5,REAL,NEITHER_REACHED,6
NQ,q_U_p25,5,0.5,SYNTHETIC,CONTINUATION_FIRST,395
NQ,q_U_p25,5,0.5,SYNTHETIC,REJECTION_FIRST,306
NQ,q_U_p25,5,0.5,SYNTHETIC,SAME_BAR_BARRIER_TIE,252
NQ,q_U_p25,5,0.5,SYNTHETIC,NEITHER_REACHED,2
NQ,q_U_p25,5,1.0,REAL,CONTINUATION_FIRST,534
NQ,q_U_p25,5,1.0,REAL,REJECTION_FIRST,484
NQ,q_U_p25,5,1.0,REAL,SAME_BAR_BARRIER_TIE,105
NQ,q_U_p25,5,1.0,REAL,NEITHER_REACHED,16
NQ,q_U_p25,5,1.0,SYNTHETIC,CONTINUATION_FIRST,447
NQ,q_U_p25,5,1.0,SYNTHETIC,REJECTION_FIRST,404
NQ,q_U_p25,5,1.0,SYNTHETIC,SAME_BAR_BARRIER_TIE,94
NQ,q_U_p25,5,1.0,SYNTHETIC,NEITHER_REACHED,10
NQ,q_U_p25,5,1.5,REAL,CONTINUATION_FIRST,535
NQ,q_U_p25,5,1.5,REAL,REJECTION_FIRST,513
NQ,q_U_p25,5,1.5,REAL,NEITHER_REACHED,56
NQ,q_U_p25,5,1.5,REAL,SAME_BAR_BARRIER_TIE,35
NQ,q_U_p25,5,1.5,SYNTHETIC,CONTINUATION_FIRST,451
NQ,q_U_p25,5,1.5,SYNTHETIC,REJECTION_FIRST,414
NQ,q_U_p25,5,1.5,SYNTHETIC,NEITHER_REACHED,59
NQ,q_U_p25,5,1.5,SYNTHETIC,SAME_BAR_BARRIER_TIE,31
NQ,q_U_p25,5,2.0,REAL,CONTINUATION_FIRST,492
NQ,q_U_p25,5,2.0,REAL,REJECTION_FIRST,470
NQ,q_U_p25,5,2.0,REAL,NEITHER_REACHED,165
NQ,q_U_p25,5,2.0,REAL,SAME_BAR_BARRIER_TIE,12
NQ,q_U_p25,5,2.0,SYNTHETIC,CONTINUATION_FIRST,414
NQ,q_U_p25,5,2.0,SYNTHETIC,REJECTION_FIRST,383
NQ,q_U_p25,5,2.0,SYNTHETIC,NEITHER_REACHED,145
NQ,q_U_p25,5,2.0,SYNTHETIC,SAME_BAR_BARRIER_TIE,13
NQ,q_U_p25,10,0.5,REAL,CONTINUATION_FIRST,471
NQ,q_U_p25,10,0.5,REAL,REJECTION_FIRST,391
NQ,q_U_p25,10,0.5,REAL,SAME_BAR_BARRIER_TIE,275
NQ,q_U_p25,10,0.5,REAL,NEITHER_REACHED,2
NQ,q_U_p25,10,0.5,SYNTHETIC,CONTINUATION_FIRST,396
NQ,q_U_p25,10,0.5,SYNTHETIC,REJECTION_FIRST,307
NQ,q_U_p25,10,0.5,SYNTHETIC,SAME_BAR_BARRIER_TIE,252
NQ,q_U_p25,10,1.0,REAL,CONTINUATION_FIRST,537
NQ,q_U_p25,10,1.0,REAL,REJECTION_FIRST,490
NQ,q_U_p25,10,1.0,REAL,SAME_BAR_BARRIER_TIE,105
NQ,q_U_p25,10,1.0,REAL,NEITHER_REACHED,7
NQ,q_U_p25,10,1.0,SYNTHETIC,CONTINUATION_FIRST,448
NQ,q_U_p25,10,1.0,SYNTHETIC,REJECTION_FIRST,404
NQ,q_U_p25,10,1.0,SYNTHETIC,SAME_BAR_BARRIER_TIE,94
NQ,q_U_p25,10,1.0,SYNTHETIC,NEITHER_REACHED,9
NQ,q_U_p25,10,1.5,REAL,CONTINUATION_FIRST,555
NQ,q_U_p25,10,1.5,REAL,REJECTION_FIRST,532
NQ,q_U_p25,10,1.5,REAL,SAME_BAR_BARRIER_TIE,35
NQ,q_U_p25,10,1.5,REAL,NEITHER_REACHED,17
NQ,q_U_p25,10,1.5,SYNTHETIC,CONTINUATION_FIRST,475
NQ,q_U_p25,10,1.5,SYNTHETIC,REJECTION_FIRST,432
NQ,q_U_p25,10,1.5,SYNTHETIC,SAME_BAR_BARRIER_TIE,32
NQ,q_U_p25,10,1.5,SYNTHETIC,NEITHER_REACHED,16
NQ,q_U_p25,10,2.0,REAL,CONTINUATION_FIRST,542
NQ,q_U_p25,10,2.0,REAL,REJECTION_FIRST,517
NQ,q_U_p25,10,2.0,REAL,NEITHER_REACHED,67
NQ,q_U_p25,10,2.0,REAL,SAME_BAR_BARRIER_TIE,13
NQ,q_U_p25,10,2.0,SYNTHETIC,CONTINUATION_FIRST,457
NQ,q_U_p25,10,2.0,SYNTHETIC,REJECTION_FIRST,423
NQ,q_U_p25,10,2.0,SYNTHETIC,NEITHER_REACHED,62
NQ,q_U_p25,10,2.0,SYNTHETIC,SAME_BAR_BARRIER_TIE,13
NQ,q_U_p25,15,0.5,REAL,CONTINUATION_FIRST,472
NQ,q_U_p25,15,0.5,REAL,REJECTION_FIRST,391
NQ,q_U_p25,15,0.5,REAL,SAME_BAR_BARRIER_TIE,275
NQ,q_U_p25,15,0.5,REAL,NEITHER_REACHED,1
NQ,q_U_p25,15,0.5,SYNTHETIC,CONTINUATION_FIRST,396
NQ,q_U_p25,15,0.5,SYNTHETIC,REJECTION_FIRST,307
NQ,q_U_p25,15,0.5,SYNTHETIC,SAME_BAR_BARRIER_TIE,252
NQ,q_U_p25,15,1.0,REAL,CONTINUATION_FIRST,538
NQ,q_U_p25,15,1.0,REAL,REJECTION_FIRST,490
NQ,q_U_p25,15,1.0,REAL,SAME_BAR_BARRIER_TIE,105
NQ,q_U_p25,15,1.0,REAL,NEITHER_REACHED,6
NQ,q_U_p25,15,1.0,SYNTHETIC,CONTINUATION_FIRST,450
NQ,q_U_p25,15,1.0,SYNTHETIC,REJECTION_FIRST,407
NQ,q_U_p25,15,1.0,SYNTHETIC,SAME_BAR_BARRIER_TIE,94
NQ,q_U_p25,15,1.0,SYNTHETIC,NEITHER_REACHED,4
NQ,q_U_p25,15,1.5,REAL,CONTINUATION_FIRST,556
NQ,q_U_p25,15,1.5,REAL,REJECTION_FIRST,533
NQ,q_U_p25,15,1.5,REAL,SAME_BAR_BARRIER_TIE,35
NQ,q_U_p25,15,1.5,REAL,NEITHER_REACHED,15
NQ,q_U_p25,15,1.5,SYNTHETIC,CONTINUATION_FIRST,478
NQ,q_U_p25,15,1.5,SYNTHETIC,REJECTION_FIRST,433
NQ,q_U_p25,15,1.5,SYNTHETIC,SAME_BAR_BARRIER_TIE,32
NQ,q_U_p25,15,1.5,SYNTHETIC,NEITHER_REACHED,12
NQ,q_U_p25,15,2.0,REAL,CONTINUATION_FIRST,559
NQ,q_U_p25,15,2.0,REAL,REJECTION_FIRST,526
NQ,q_U_p25,15,2.0,REAL,NEITHER_REACHED,41
NQ,q_U_p25,15,2.0,REAL,SAME_BAR_BARRIER_TIE,13
NQ,q_U_p25,15,2.0,SYNTHETIC,CONTINUATION_FIRST,469
NQ,q_U_p25,15,2.0,SYNTHETIC,REJECTION_FIRST,430
NQ,q_U_p25,15,2.0,SYNTHETIC,NEITHER_REACHED,43
NQ,q_U_p25,15,2.0,SYNTHETIC,SAME_BAR_BARRIER_TIE,13
NQ,q_U_p75,1,0.5,REAL,CONTINUATION_FIRST,390
NQ,q_U_p75,1,0.5,REAL,REJECTION_FIRST,317
NQ,q_U_p75,1,0.5,REAL,SAME_BAR_BARRIER_TIE,217
NQ,q_U_p75,1,0.5,REAL,NEITHER_REACHED,16
NQ,q_U_p75,1,0.5,SYNTHETIC,CONTINUATION_FIRST,360
NQ,q_U_p75,1,0.5,SYNTHETIC,REJECTION_FIRST,309
NQ,q_U_p75,1,0.5,SYNTHETIC,SAME_BAR_BARRIER_TIE,232
NQ,q_U_p75,1,0.5,SYNTHETIC,NEITHER_REACHED,27
NQ,q_U_p75,1,1.0,REAL,CONTINUATION_FIRST,359
NQ,q_U_p75,1,1.0,REAL,REJECTION_FIRST,317
NQ,q_U_p75,1,1.0,REAL,NEITHER_REACHED,207
NQ,q_U_p75,1,1.0,REAL,SAME_BAR_BARRIER_TIE,57
NQ,q_U_p75,1,1.0,SYNTHETIC,CONTINUATION_FIRST,349
NQ,q_U_p75,1,1.0,SYNTHETIC,REJECTION_FIRST,288
NQ,q_U_p75,1,1.0,SYNTHETIC,NEITHER_REACHED,228
NQ,q_U_p75,1,1.0,SYNTHETIC,SAME_BAR_BARRIER_TIE,63
NQ,q_U_p75,1,1.5,REAL,NEITHER_REACHED,444
NQ,q_U_p75,1,1.5,REAL,CONTINUATION_FIRST,245
NQ,q_U_p75,1,1.5,REAL,REJECTION_FIRST,232
NQ,q_U_p75,1,1.5,REAL,SAME_BAR_BARRIER_TIE,19
NQ,q_U_p75,1,1.5,SYNTHETIC,NEITHER_REACHED,438
NQ,q_U_p75,1,1.5,SYNTHETIC,CONTINUATION_FIRST,251
NQ,q_U_p75,1,1.5,SYNTHETIC,REJECTION_FIRST,221
NQ,q_U_p75,1,1.5,SYNTHETIC,SAME_BAR_BARRIER_TIE,18
NQ,q_U_p75,1,2.0,REAL,NEITHER_REACHED,598
NQ,q_U_p75,1,2.0,REAL,REJECTION_FIRST,170
NQ,q_U_p75,1,2.0,REAL,CONTINUATION_FIRST,163
NQ,q_U_p75,1,2.0,REAL,SAME_BAR_BARRIER_TIE,9
NQ,q_U_p75,1,2.0,SYNTHETIC,NEITHER_REACHED,592
NQ,q_U_p75,1,2.0,SYNTHETIC,CONTINUATION_FIRST,170
NQ,q_U_p75,1,2.0,SYNTHETIC,REJECTION_FIRST,157
NQ,q_U_p75,1,2.0,SYNTHETIC,SAME_BAR_BARRIER_TIE,9
NQ,q_U_p75,3,0.5,REAL,CONTINUATION_FIRST,397
NQ,q_U_p75,3,0.5,REAL,REJECTION_FIRST,324
NQ,q_U_p75,3,0.5,REAL,SAME_BAR_BARRIER_TIE,217
NQ,q_U_p75,3,0.5,REAL,NEITHER_REACHED,2
NQ,q_U_p75,3,0.5,SYNTHETIC,CONTINUATION_FIRST,372
NQ,q_U_p75,3,0.5,SYNTHETIC,REJECTION_FIRST,319
NQ,q_U_p75,3,0.5,SYNTHETIC,SAME_BAR_BARRIER_TIE,233
NQ,q_U_p75,3,0.5,SYNTHETIC,NEITHER_REACHED,4
NQ,q_U_p75,3,1.0,REAL,CONTINUATION_FIRST,435
NQ,q_U_p75,3,1.0,REAL,REJECTION_FIRST,389
NQ,q_U_p75,3,1.0,REAL,SAME_BAR_BARRIER_TIE,58
NQ,q_U_p75,3,1.0,REAL,NEITHER_REACHED,58
NQ,q_U_p75,3,1.0,SYNTHETIC,CONTINUATION_FIRST,429
NQ,q_U_p75,3,1.0,SYNTHETIC,REJECTION_FIRST,377
NQ,q_U_p75,3,1.0,SYNTHETIC,SAME_BAR_BARRIER_TIE,65
NQ,q_U_p75,3,1.0,SYNTHETIC,NEITHER_REACHED,57
NQ,q_U_p75,3,1.5,REAL,CONTINUATION_FIRST,368
NQ,q_U_p75,3,1.5,REAL,REJECTION_FIRST,349
NQ,q_U_p75,3,1.5,REAL,NEITHER_REACHED,202
NQ,q_U_p75,3,1.5,REAL,SAME_BAR_BARRIER_TIE,21
NQ,q_U_p75,3,1.5,SYNTHETIC,CONTINUATION_FIRST,376
NQ,q_U_p75,3,1.5,SYNTHETIC,REJECTION_FIRST,345
NQ,q_U_p75,3,1.5,SYNTHETIC,NEITHER_REACHED,187
NQ,q_U_p75,3,1.5,SYNTHETIC,SAME_BAR_BARRIER_TIE,20
NQ,q_U_p75,3,2.0,REAL,NEITHER_REACHED,352
NQ,q_U_p75,3,2.0,REAL,REJECTION_FIRST,293
NQ,q_U_p75,3,2.0,REAL,CONTINUATION_FIRST,286
NQ,q_U_p75,3,2.0,REAL,SAME_BAR_BARRIER_TIE,9
NQ,q_U_p75,3,2.0,SYNTHETIC,NEITHER_REACHED,342
NQ,q_U_p75,3,2.0,SYNTHETIC,CONTINUATION_FIRST,298
NQ,q_U_p75,3,2.0,SYNTHETIC,REJECTION_FIRST,279
NQ,q_U_p75,3,2.0,SYNTHETIC,SAME_BAR_BARRIER_TIE,9
NQ,q_U_p75,5,0.5,REAL,CONTINUATION_FIRST,397
NQ,q_U_p75,5,0.5,REAL,REJECTION_FIRST,325
NQ,q_U_p75,5,0.5,REAL,SAME_BAR_BARRIER_TIE,217
NQ,q_U_p75,5,0.5,REAL,NEITHER_REACHED,1
NQ,q_U_p75,5,0.5,SYNTHETIC,CONTINUATION_FIRST,374
NQ,q_U_p75,5,0.5,SYNTHETIC,REJECTION_FIRST,320
NQ,q_U_p75,5,0.5,SYNTHETIC,SAME_BAR_BARRIER_TIE,233
NQ,q_U_p75,5,0.5,SYNTHETIC,NEITHER_REACHED,1
NQ,q_U_p75,5,1.0,REAL,CONTINUATION_FIRST,457
NQ,q_U_p75,5,1.0,REAL,REJECTION_FIRST,405
NQ,q_U_p75,5,1.0,REAL,SAME_BAR_BARRIER_TIE,58
NQ,q_U_p75,5,1.0,REAL,NEITHER_REACHED,20
NQ,q_U_p75,5,1.0,SYNTHETIC,CONTINUATION_FIRST,450
NQ,q_U_p75,5,1.0,SYNTHETIC,REJECTION_FIRST,393
NQ,q_U_p75,5,1.0,SYNTHETIC,SAME_BAR_BARRIER_TIE,66
NQ,q_U_p75,5,1.0,SYNTHETIC,NEITHER_REACHED,19
NQ,q_U_p75,5,1.5,REAL,CONTINUATION_FIRST,421
NQ,q_U_p75,5,1.5,REAL,REJECTION_FIRST,400
NQ,q_U_p75,5,1.5,REAL,NEITHER_REACHED,98
NQ,q_U_p75,5,1.5,REAL,SAME_BAR_BARRIER_TIE,21
NQ,q_U_p75,5,1.5,SYNTHETIC,CONTINUATION_FIRST,427
NQ,q_U_p75,5,1.5,SYNTHETIC,REJECTION_FIRST,390
NQ,q_U_p75,5,1.5,SYNTHETIC,NEITHER_REACHED,91
NQ,q_U_p75,5,1.5,SYNTHETIC,SAME_BAR_BARRIER_TIE,20
NQ,q_U_p75,5,2.0,REAL,CONTINUATION_FIRST,364
NQ,q_U_p75,5,2.0,REAL,REJECTION_FIRST,364
NQ,q_U_p75,5,2.0,REAL,NEITHER_REACHED,203
NQ,q_U_p75,5,2.0,REAL,SAME_BAR_BARRIER_TIE,9
NQ,q_U_p75,5,2.0,SYNTHETIC,CONTINUATION_FIRST,372
NQ,q_U_p75,5,2.0,SYNTHETIC,REJECTION_FIRST,350
NQ,q_U_p75,5,2.0,SYNTHETIC,NEITHER_REACHED,197
NQ,q_U_p75,5,2.0,SYNTHETIC,SAME_BAR_BARRIER_TIE,9
NQ,q_U_p75,10,0.5,REAL,CONTINUATION_FIRST,397
NQ,q_U_p75,10,0.5,REAL,REJECTION_FIRST,325
NQ,q_U_p75,10,0.5,REAL,SAME_BAR_BARRIER_TIE,217
NQ,q_U_p75,10,0.5,REAL,NEITHER_REACHED,1
NQ,q_U_p75,10,0.5,SYNTHETIC,CONTINUATION_FIRST,374
NQ,q_U_p75,10,0.5,SYNTHETIC,REJECTION_FIRST,321
NQ,q_U_p75,10,0.5,SYNTHETIC,SAME_BAR_BARRIER_TIE,233
NQ,q_U_p75,10,1.0,REAL,CONTINUATION_FIRST,467
NQ,q_U_p75,10,1.0,REAL,REJECTION_FIRST,413
NQ,q_U_p75,10,1.0,REAL,SAME_BAR_BARRIER_TIE,58
NQ,q_U_p75,10,1.0,REAL,NEITHER_REACHED,2
NQ,q_U_p75,10,1.0,SYNTHETIC,CONTINUATION_FIRST,457
NQ,q_U_p75,10,1.0,SYNTHETIC,REJECTION_FIRST,400
NQ,q_U_p75,10,1.0,SYNTHETIC,SAME_BAR_BARRIER_TIE,66
NQ,q_U_p75,10,1.0,SYNTHETIC,NEITHER_REACHED,5
NQ,q_U_p75,10,1.5,REAL,CONTINUATION_FIRST,456
NQ,q_U_p75,10,1.5,REAL,REJECTION_FIRST,435
NQ,q_U_p75,10,1.5,REAL,NEITHER_REACHED,28
NQ,q_U_p75,10,1.5,REAL,SAME_BAR_BARRIER_TIE,21
NQ,q_U_p75,10,1.5,SYNTHETIC,CONTINUATION_FIRST,460
NQ,q_U_p75,10,1.5,SYNTHETIC,REJECTION_FIRST,418
NQ,q_U_p75,10,1.5,SYNTHETIC,NEITHER_REACHED,30
NQ,q_U_p75,10,1.5,SYNTHETIC,SAME_BAR_BARRIER_TIE,20
NQ,q_U_p75,10,2.0,REAL,REJECTION_FIRST,428
NQ,q_U_p75,10,2.0,REAL,CONTINUATION_FIRST,414
NQ,q_U_p75,10,2.0,REAL,NEITHER_REACHED,89
NQ,q_U_p75,10,2.0,REAL,SAME_BAR_BARRIER_TIE,9
NQ,q_U_p75,10,2.0,SYNTHETIC,CONTINUATION_FIRST,421
NQ,q_U_p75,10,2.0,SYNTHETIC,REJECTION_FIRST,408
NQ,q_U_p75,10,2.0,SYNTHETIC,NEITHER_REACHED,90
NQ,q_U_p75,10,2.0,SYNTHETIC,SAME_BAR_BARRIER_TIE,9
NQ,q_U_p75,15,0.5,REAL,CONTINUATION_FIRST,397
NQ,q_U_p75,15,0.5,REAL,REJECTION_FIRST,326
NQ,q_U_p75,15,0.5,REAL,SAME_BAR_BARRIER_TIE,217
NQ,q_U_p75,15,0.5,SYNTHETIC,CONTINUATION_FIRST,374
NQ,q_U_p75,15,0.5,SYNTHETIC,REJECTION_FIRST,321
NQ,q_U_p75,15,0.5,SYNTHETIC,SAME_BAR_BARRIER_TIE,233
NQ,q_U_p75,15,1.0,REAL,CONTINUATION_FIRST,467
NQ,q_U_p75,15,1.0,REAL,REJECTION_FIRST,413
NQ,q_U_p75,15,1.0,REAL,SAME_BAR_BARRIER_TIE,58
NQ,q_U_p75,15,1.0,REAL,NEITHER_REACHED,2
NQ,q_U_p75,15,1.0,SYNTHETIC,CONTINUATION_FIRST,458
NQ,q_U_p75,15,1.0,SYNTHETIC,REJECTION_FIRST,401
NQ,q_U_p75,15,1.0,SYNTHETIC,SAME_BAR_BARRIER_TIE,66
NQ,q_U_p75,15,1.0,SYNTHETIC,NEITHER_REACHED,3
NQ,q_U_p75,15,1.5,REAL,CONTINUATION_FIRST,463
NQ,q_U_p75,15,1.5,REAL,REJECTION_FIRST,442
NQ,q_U_p75,15,1.5,REAL,SAME_BAR_BARRIER_TIE,21
NQ,q_U_p75,15,1.5,REAL,NEITHER_REACHED,14
NQ,q_U_p75,15,1.5,SYNTHETIC,CONTINUATION_FIRST,467
NQ,q_U_p75,15,1.5,SYNTHETIC,REJECTION_FIRST,425
NQ,q_U_p75,15,1.5,SYNTHETIC,SAME_BAR_BARRIER_TIE,20
NQ,q_U_p75,15,1.5,SYNTHETIC,NEITHER_REACHED,16
NQ,q_U_p75,15,2.0,REAL,REJECTION_FIRST,448
NQ,q_U_p75,15,2.0,REAL,CONTINUATION_FIRST,434
NQ,q_U_p75,15,2.0,REAL,NEITHER_REACHED,49
NQ,q_U_p75,15,2.0,REAL,SAME_BAR_BARRIER_TIE,9
NQ,q_U_p75,15,2.0,SYNTHETIC,CONTINUATION_FIRST,444
NQ,q_U_p75,15,2.0,SYNTHETIC,REJECTION_FIRST,430
NQ,q_U_p75,15,2.0,SYNTHETIC,NEITHER_REACHED,45
NQ,q_U_p75,15,2.0,SYNTHETIC,SAME_BAR_BARRIER_TIE,9
NQ,q_U_p90,1,0.5,REAL,CONTINUATION_FIRST,304
NQ,q_U_p90,1,0.5,REAL,REJECTION_FIRST,291
NQ,q_U_p90,1,0.5,REAL,SAME_BAR_BARRIER_TIE,194
NQ,q_U_p90,1,0.5,REAL,NEITHER_REACHED,23
NQ,q_U_p90,1,0.5,SYNTHETIC,CONTINUATION_FIRST,298
NQ,q_U_p90,1,0.5,SYNTHETIC,REJECTION_FIRST,298
NQ,q_U_p90,1,0.5,SYNTHETIC,SAME_BAR_BARRIER_TIE,175
NQ,q_U_p90,1,0.5,SYNTHETIC,NEITHER_REACHED,27
NQ,q_U_p90,1,1.0,REAL,CONTINUATION_FIRST,275
NQ,q_U_p90,1,1.0,REAL,REJECTION_FIRST,271
NQ,q_U_p90,1,1.0,REAL,NEITHER_REACHED,213
NQ,q_U_p90,1,1.0,REAL,SAME_BAR_BARRIER_TIE,53
NQ,q_U_p90,1,1.0,SYNTHETIC,CONTINUATION_FIRST,277
NQ,q_U_p90,1,1.0,SYNTHETIC,REJECTION_FIRST,258
NQ,q_U_p90,1,1.0,SYNTHETIC,NEITHER_REACHED,218
NQ,q_U_p90,1,1.0,SYNTHETIC,SAME_BAR_BARRIER_TIE,45
NQ,q_U_p90,1,1.5,REAL,NEITHER_REACHED,401
NQ,q_U_p90,1,1.5,REAL,REJECTION_FIRST,202
NQ,q_U_p90,1,1.5,REAL,CONTINUATION_FIRST,191
NQ,q_U_p90,1,1.5,REAL,SAME_BAR_BARRIER_TIE,18
NQ,q_U_p90,1,1.5,SYNTHETIC,NEITHER_REACHED,392
NQ,q_U_p90,1,1.5,SYNTHETIC,REJECTION_FIRST,201
NQ,q_U_p90,1,1.5,SYNTHETIC,CONTINUATION_FIRST,193
NQ,q_U_p90,1,1.5,SYNTHETIC,SAME_BAR_BARRIER_TIE,12
NQ,q_U_p90,1,2.0,REAL,NEITHER_REACHED,535
NQ,q_U_p90,1,2.0,REAL,REJECTION_FIRST,140
NQ,q_U_p90,1,2.0,REAL,CONTINUATION_FIRST,130
NQ,q_U_p90,1,2.0,REAL,SAME_BAR_BARRIER_TIE,7
NQ,q_U_p90,1,2.0,SYNTHETIC,NEITHER_REACHED,504
NQ,q_U_p90,1,2.0,SYNTHETIC,CONTINUATION_FIRST,145
NQ,q_U_p90,1,2.0,SYNTHETIC,REJECTION_FIRST,145
NQ,q_U_p90,1,2.0,SYNTHETIC,SAME_BAR_BARRIER_TIE,4
NQ,q_U_p90,3,0.5,REAL,CONTINUATION_FIRST,314
NQ,q_U_p90,3,0.5,REAL,REJECTION_FIRST,300
NQ,q_U_p90,3,0.5,REAL,SAME_BAR_BARRIER_TIE,194
NQ,q_U_p90,3,0.5,REAL,NEITHER_REACHED,4
NQ,q_U_p90,3,0.5,SYNTHETIC,REJECTION_FIRST,311
NQ,q_U_p90,3,0.5,SYNTHETIC,CONTINUATION_FIRST,310
NQ,q_U_p90,3,0.5,SYNTHETIC,SAME_BAR_BARRIER_TIE,176
NQ,q_U_p90,3,0.5,SYNTHETIC,NEITHER_REACHED,1
NQ,q_U_p90,3,1.0,REAL,CONTINUATION_FIRST,353
NQ,q_U_p90,3,1.0,REAL,REJECTION_FIRST,342
NQ,q_U_p90,3,1.0,REAL,NEITHER_REACHED,61
NQ,q_U_p90,3,1.0,REAL,SAME_BAR_BARRIER_TIE,56
NQ,q_U_p90,3,1.0,SYNTHETIC,CONTINUATION_FIRST,362
NQ,q_U_p90,3,1.0,SYNTHETIC,REJECTION_FIRST,334
NQ,q_U_p90,3,1.0,SYNTHETIC,NEITHER_REACHED,56
NQ,q_U_p90,3,1.0,SYNTHETIC,SAME_BAR_BARRIER_TIE,46
NQ,q_U_p90,3,1.5,REAL,REJECTION_FIRST,310
NQ,q_U_p90,3,1.5,REAL,CONTINUATION_FIRST,305
NQ,q_U_p90,3,1.5,REAL,NEITHER_REACHED,179
NQ,q_U_p90,3,1.5,REAL,SAME_BAR_BARRIER_TIE,18
NQ,q_U_p90,3,1.5,SYNTHETIC,CONTINUATION_FIRST,302
NQ,q_U_p90,3,1.5,SYNTHETIC,REJECTION_FIRST,296
NQ,q_U_p90,3,1.5,SYNTHETIC,NEITHER_REACHED,188
NQ,q_U_p90,3,1.5,SYNTHETIC,SAME_BAR_BARRIER_TIE,12
NQ,q_U_p90,3,2.0,REAL,NEITHER_REACHED,312
NQ,q_U_p90,3,2.0,REAL,REJECTION_FIRST,256
NQ,q_U_p90,3,2.0,REAL,CONTINUATION_FIRST,237
NQ,q_U_p90,3,2.0,REAL,SAME_BAR_BARRIER_TIE,7
NQ,q_U_p90,3,2.0,SYNTHETIC,NEITHER_REACHED,301
NQ,q_U_p90,3,2.0,SYNTHETIC,REJECTION_FIRST,252
NQ,q_U_p90,3,2.0,SYNTHETIC,CONTINUATION_FIRST,241
NQ,q_U_p90,3,2.0,SYNTHETIC,SAME_BAR_BARRIER_TIE,4
NQ,q_U_p90,5,0.5,REAL,CONTINUATION_FIRST,316
NQ,q_U_p90,5,0.5,REAL,REJECTION_FIRST,302
NQ,q_U_p90,5,0.5,REAL,SAME_BAR_BARRIER_TIE,194
NQ,q_U_p90,5,0.5,SYNTHETIC,CONTINUATION_FIRST,311
NQ,q_U_p90,5,0.5,SYNTHETIC,REJECTION_FIRST,311
NQ,q_U_p90,5,0.5,SYNTHETIC,SAME_BAR_BARRIER_TIE,176
NQ,q_U_p90,5,1.0,REAL,CONTINUATION_FIRST,375
NQ,q_U_p90,5,1.0,REAL,REJECTION_FIRST,358
NQ,q_U_p90,5,1.0,REAL,SAME_BAR_BARRIER_TIE,56
NQ,q_U_p90,5,1.0,REAL,NEITHER_REACHED,23
NQ,q_U_p90,5,1.0,SYNTHETIC,CONTINUATION_FIRST,382
NQ,q_U_p90,5,1.0,SYNTHETIC,REJECTION_FIRST,345
NQ,q_U_p90,5,1.0,SYNTHETIC,SAME_BAR_BARRIER_TIE,46
NQ,q_U_p90,5,1.0,SYNTHETIC,NEITHER_REACHED,25
NQ,q_U_p90,5,1.5,REAL,CONTINUATION_FIRST,358
NQ,q_U_p90,5,1.5,REAL,REJECTION_FIRST,341
NQ,q_U_p90,5,1.5,REAL,NEITHER_REACHED,95
NQ,q_U_p90,5,1.5,REAL,SAME_BAR_BARRIER_TIE,18
NQ,q_U_p90,5,1.5,SYNTHETIC,CONTINUATION_FIRST,360
NQ,q_U_p90,5,1.5,SYNTHETIC,REJECTION_FIRST,323
NQ,q_U_p90,5,1.5,SYNTHETIC,NEITHER_REACHED,103
NQ,q_U_p90,5,1.5,SYNTHETIC,SAME_BAR_BARRIER_TIE,12
NQ,q_U_p90,5,2.0,REAL,REJECTION_FIRST,302
NQ,q_U_p90,5,2.0,REAL,CONTINUATION_FIRST,299
NQ,q_U_p90,5,2.0,REAL,NEITHER_REACHED,204
NQ,q_U_p90,5,2.0,REAL,SAME_BAR_BARRIER_TIE,7
NQ,q_U_p90,5,2.0,SYNTHETIC,CONTINUATION_FIRST,295
NQ,q_U_p90,5,2.0,SYNTHETIC,REJECTION_FIRST,288
NQ,q_U_p90,5,2.0,SYNTHETIC,NEITHER_REACHED,211
NQ,q_U_p90,5,2.0,SYNTHETIC,SAME_BAR_BARRIER_TIE,4
NQ,q_U_p90,10,0.5,REAL,CONTINUATION_FIRST,316
NQ,q_U_p90,10,0.5,REAL,REJECTION_FIRST,302
NQ,q_U_p90,10,0.5,REAL,SAME_BAR_BARRIER_TIE,194
NQ,q_U_p90,10,0.5,SYNTHETIC,CONTINUATION_FIRST,311
NQ,q_U_p90,10,0.5,SYNTHETIC,REJECTION_FIRST,311
NQ,q_U_p90,10,0.5,SYNTHETIC,SAME_BAR_BARRIER_TIE,176
NQ,q_U_p90,10,1.0,REAL,CONTINUATION_FIRST,386
NQ,q_U_p90,10,1.0,REAL,REJECTION_FIRST,367
NQ,q_U_p90,10,1.0,REAL,SAME_BAR_BARRIER_TIE,56
NQ,q_U_p90,10,1.0,REAL,NEITHER_REACHED,3
NQ,q_U_p90,10,1.0,SYNTHETIC,CONTINUATION_FIRST,393
NQ,q_U_p90,10,1.0,SYNTHETIC,REJECTION_FIRST,355
NQ,q_U_p90,10,1.0,SYNTHETIC,SAME_BAR_BARRIER_TIE,46
NQ,q_U_p90,10,1.0,SYNTHETIC,NEITHER_REACHED,4
NQ,q_U_p90,10,1.5,REAL,CONTINUATION_FIRST,388
NQ,q_U_p90,10,1.5,REAL,REJECTION_FIRST,372
NQ,q_U_p90,10,1.5,REAL,NEITHER_REACHED,34
NQ,q_U_p90,10,1.5,REAL,SAME_BAR_BARRIER_TIE,18
NQ,q_U_p90,10,1.5,SYNTHETIC,CONTINUATION_FIRST,395
NQ,q_U_p90,10,1.5,SYNTHETIC,REJECTION_FIRST,357
NQ,q_U_p90,10,1.5,SYNTHETIC,NEITHER_REACHED,34
NQ,q_U_p90,10,1.5,SYNTHETIC,SAME_BAR_BARRIER_TIE,12
NQ,q_U_p90,10,2.0,REAL,REJECTION_FIRST,367
NQ,q_U_p90,10,2.0,REAL,CONTINUATION_FIRST,359
NQ,q_U_p90,10,2.0,REAL,NEITHER_REACHED,79
NQ,q_U_p90,10,2.0,REAL,SAME_BAR_BARRIER_TIE,7
NQ,q_U_p90,10,2.0,SYNTHETIC,REJECTION_FIRST,351
NQ,q_U_p90,10,2.0,SYNTHETIC,CONTINUATION_FIRST,350
NQ,q_U_p90,10,2.0,SYNTHETIC,NEITHER_REACHED,93
NQ,q_U_p90,10,2.0,SYNTHETIC,SAME_BAR_BARRIER_TIE,4
NQ,q_U_p90,15,0.5,REAL,CONTINUATION_FIRST,316
NQ,q_U_p90,15,0.5,REAL,REJECTION_FIRST,302
NQ,q_U_p90,15,0.5,REAL,SAME_BAR_BARRIER_TIE,194
NQ,q_U_p90,15,0.5,SYNTHETIC,CONTINUATION_FIRST,311
NQ,q_U_p90,15,0.5,SYNTHETIC,REJECTION_FIRST,311
NQ,q_U_p90,15,0.5,SYNTHETIC,SAME_BAR_BARRIER_TIE,176
NQ,q_U_p90,15,1.0,REAL,CONTINUATION_FIRST,386
NQ,q_U_p90,15,1.0,REAL,REJECTION_FIRST,368
NQ,q_U_p90,15,1.0,REAL,SAME_BAR_BARRIER_TIE,56
NQ,q_U_p90,15,1.0,REAL,NEITHER_REACHED,2
NQ,q_U_p90,15,1.0,SYNTHETIC,CONTINUATION_FIRST,394
NQ,q_U_p90,15,1.0,SYNTHETIC,REJECTION_FIRST,356
NQ,q_U_p90,15,1.0,SYNTHETIC,SAME_BAR_BARRIER_TIE,46
NQ,q_U_p90,15,1.0,SYNTHETIC,NEITHER_REACHED,2
NQ,q_U_p90,15,1.5,REAL,CONTINUATION_FIRST,400
NQ,q_U_p90,15,1.5,REAL,REJECTION_FIRST,378
NQ,q_U_p90,15,1.5,REAL,SAME_BAR_BARRIER_TIE,18
NQ,q_U_p90,15,1.5,REAL,NEITHER_REACHED,16
NQ,q_U_p90,15,1.5,SYNTHETIC,CONTINUATION_FIRST,404
NQ,q_U_p90,15,1.5,SYNTHETIC,REJECTION_FIRST,364
NQ,q_U_p90,15,1.5,SYNTHETIC,NEITHER_REACHED,18
NQ,q_U_p90,15,1.5,SYNTHETIC,SAME_BAR_BARRIER_TIE,12
NQ,q_U_p90,15,2.0,REAL,REJECTION_FIRST,385
NQ,q_U_p90,15,2.0,REAL,CONTINUATION_FIRST,379
NQ,q_U_p90,15,2.0,REAL,NEITHER_REACHED,41
NQ,q_U_p90,15,2.0,REAL,SAME_BAR_BARRIER_TIE,7
NQ,q_U_p90,15,2.0,SYNTHETIC,CONTINUATION_FIRST,375
NQ,q_U_p90,15,2.0,SYNTHETIC,REJECTION_FIRST,369
NQ,q_U_p90,15,2.0,SYNTHETIC,NEITHER_REACHED,50
NQ,q_U_p90,15,2.0,SYNTHETIC,SAME_BAR_BARRIER_TIE,4
NQ,q_U_p95,1,0.5,REAL,CONTINUATION_FIRST,292
NQ,q_U_p95,1,0.5,REAL,REJECTION_FIRST,264
NQ,q_U_p95,1,0.5,REAL,SAME_BAR_BARRIER_TIE,149
NQ,q_U_p95,1,0.5,REAL,NEITHER_REACHED,26
NQ,q_U_p95,1,0.5,SYNTHETIC,CONTINUATION_FIRST,316
NQ,q_U_p95,1,0.5,SYNTHETIC,REJECTION_FIRST,272
NQ,q_U_p95,1,0.5,SYNTHETIC,SAME_BAR_BARRIER_TIE,168
NQ,q_U_p95,1,0.5,SYNTHETIC,NEITHER_REACHED,22
NQ,q_U_p95,1,1.0,REAL,CONTINUATION_FIRST,253
NQ,q_U_p95,1,1.0,REAL,REJECTION_FIRST,238
NQ,q_U_p95,1,1.0,REAL,NEITHER_REACHED,190
NQ,q_U_p95,1,1.0,REAL,SAME_BAR_BARRIER_TIE,50
NQ,q_U_p95,1,1.0,SYNTHETIC,CONTINUATION_FIRST,276
NQ,q_U_p95,1,1.0,SYNTHETIC,REJECTION_FIRST,259
NQ,q_U_p95,1,1.0,SYNTHETIC,NEITHER_REACHED,197
NQ,q_U_p95,1,1.0,SYNTHETIC,SAME_BAR_BARRIER_TIE,46
NQ,q_U_p95,1,1.5,REAL,NEITHER_REACHED,371
NQ,q_U_p95,1,1.5,REAL,REJECTION_FIRST,179
NQ,q_U_p95,1,1.5,REAL,CONTINUATION_FIRST,166
NQ,q_U_p95,1,1.5,REAL,SAME_BAR_BARRIER_TIE,15
NQ,q_U_p95,1,1.5,SYNTHETIC,NEITHER_REACHED,388
NQ,q_U_p95,1,1.5,SYNTHETIC,CONTINUATION_FIRST,190
NQ,q_U_p95,1,1.5,SYNTHETIC,REJECTION_FIRST,182
NQ,q_U_p95,1,1.5,SYNTHETIC,SAME_BAR_BARRIER_TIE,18
NQ,q_U_p95,1,2.0,REAL,NEITHER_REACHED,508
NQ,q_U_p95,1,2.0,REAL,CONTINUATION_FIRST,112
NQ,q_U_p95,1,2.0,REAL,REJECTION_FIRST,108
NQ,q_U_p95,1,2.0,REAL,SAME_BAR_BARRIER_TIE,3
NQ,q_U_p95,1,2.0,SYNTHETIC,NEITHER_REACHED,526
NQ,q_U_p95,1,2.0,SYNTHETIC,CONTINUATION_FIRST,135
NQ,q_U_p95,1,2.0,SYNTHETIC,REJECTION_FIRST,110
NQ,q_U_p95,1,2.0,SYNTHETIC,SAME_BAR_BARRIER_TIE,7
NQ,q_U_p95,3,0.5,REAL,CONTINUATION_FIRST,304
NQ,q_U_p95,3,0.5,REAL,REJECTION_FIRST,274
NQ,q_U_p95,3,0.5,REAL,SAME_BAR_BARRIER_TIE,149
NQ,q_U_p95,3,0.5,REAL,NEITHER_REACHED,4
NQ,q_U_p95,3,0.5,SYNTHETIC,CONTINUATION_FIRST,332
NQ,q_U_p95,3,0.5,SYNTHETIC,REJECTION_FIRST,276
NQ,q_U_p95,3,0.5,SYNTHETIC,SAME_BAR_BARRIER_TIE,169
NQ,q_U_p95,3,0.5,SYNTHETIC,NEITHER_REACHED,1
NQ,q_U_p95,3,1.0,REAL,CONTINUATION_FIRST,332
NQ,q_U_p95,3,1.0,REAL,REJECTION_FIRST,290
NQ,q_U_p95,3,1.0,REAL,NEITHER_REACHED,58
NQ,q_U_p95,3,1.0,REAL,SAME_BAR_BARRIER_TIE,51
NQ,q_U_p95,3,1.0,SYNTHETIC,CONTINUATION_FIRST,355
NQ,q_U_p95,3,1.0,SYNTHETIC,REJECTION_FIRST,320
NQ,q_U_p95,3,1.0,SYNTHETIC,NEITHER_REACHED,56
NQ,q_U_p95,3,1.0,SYNTHETIC,SAME_BAR_BARRIER_TIE,47
NQ,q_U_p95,3,1.5,REAL,CONTINUATION_FIRST,277
NQ,q_U_p95,3,1.5,REAL,REJECTION_FIRST,264
NQ,q_U_p95,3,1.5,REAL,NEITHER_REACHED,175
NQ,q_U_p95,3,1.5,REAL,SAME_BAR_BARRIER_TIE,15
NQ,q_U_p95,3,1.5,SYNTHETIC,CONTINUATION_FIRST,299
NQ,q_U_p95,3,1.5,SYNTHETIC,REJECTION_FIRST,278
NQ,q_U_p95,3,1.5,SYNTHETIC,NEITHER_REACHED,183
NQ,q_U_p95,3,1.5,SYNTHETIC,SAME_BAR_BARRIER_TIE,18
NQ,q_U_p95,3,2.0,REAL,NEITHER_REACHED,314
NQ,q_U_p95,3,2.0,REAL,REJECTION_FIRST,213
NQ,q_U_p95,3,2.0,REAL,CONTINUATION_FIRST,201
NQ,q_U_p95,3,2.0,REAL,SAME_BAR_BARRIER_TIE,3
NQ,q_U_p95,3,2.0,SYNTHETIC,NEITHER_REACHED,313
NQ,q_U_p95,3,2.0,SYNTHETIC,CONTINUATION_FIRST,229
NQ,q_U_p95,3,2.0,SYNTHETIC,REJECTION_FIRST,229
NQ,q_U_p95,3,2.0,SYNTHETIC,SAME_BAR_BARRIER_TIE,7
NQ,q_U_p95,5,0.5,REAL,CONTINUATION_FIRST,306
NQ,q_U_p95,5,0.5,REAL,REJECTION_FIRST,275
NQ,q_U_p95,5,0.5,REAL,SAME_BAR_BARRIER_TIE,149
NQ,q_U_p95,5,0.5,REAL,NEITHER_REACHED,1
NQ,q_U_p95,5,0.5,SYNTHETIC,CONTINUATION_FIRST,332
NQ,q_U_p95,5,0.5,SYNTHETIC,REJECTION_FIRST,277
NQ,q_U_p95,5,0.5,SYNTHETIC,SAME_BAR_BARRIER_TIE,169
NQ,q_U_p95,5,1.0,REAL,CONTINUATION_FIRST,347
NQ,q_U_p95,5,1.0,REAL,REJECTION_FIRST,303
NQ,q_U_p95,5,1.0,REAL,SAME_BAR_BARRIER_TIE,51
NQ,q_U_p95,5,1.0,REAL,NEITHER_REACHED,30
NQ,q_U_p95,5,1.0,SYNTHETIC,CONTINUATION_FIRST,372
NQ,q_U_p95,5,1.0,SYNTHETIC,REJECTION_FIRST,334
NQ,q_U_p95,5,1.0,SYNTHETIC,SAME_BAR_BARRIER_TIE,47
NQ,q_U_p95,5,1.0,SYNTHETIC,NEITHER_REACHED,25
NQ,q_U_p95,5,1.5,REAL,CONTINUATION_FIRST,314
NQ,q_U_p95,5,1.5,REAL,REJECTION_FIRST,297
NQ,q_U_p95,5,1.5,REAL,NEITHER_REACHED,105
NQ,q_U_p95,5,1.5,REAL,SAME_BAR_BARRIER_TIE,15
NQ,q_U_p95,5,1.5,SYNTHETIC,CONTINUATION_FIRST,347
NQ,q_U_p95,5,1.5,SYNTHETIC,REJECTION_FIRST,321
NQ,q_U_p95,5,1.5,SYNTHETIC,NEITHER_REACHED,91
NQ,q_U_p95,5,1.5,SYNTHETIC,SAME_BAR_BARRIER_TIE,19
NQ,q_U_p95,5,2.0,REAL,CONTINUATION_FIRST,263
NQ,q_U_p95,5,2.0,REAL,REJECTION_FIRST,261
NQ,q_U_p95,5,2.0,REAL,NEITHER_REACHED,204
NQ,q_U_p95,5,2.0,REAL,SAME_BAR_BARRIER_TIE,3
NQ,q_U_p95,5,2.0,SYNTHETIC,CONTINUATION_FIRST,303
NQ,q_U_p95,5,2.0,SYNTHETIC,REJECTION_FIRST,275
NQ,q_U_p95,5,2.0,SYNTHETIC,NEITHER_REACHED,193
NQ,q_U_p95,5,2.0,SYNTHETIC,SAME_BAR_BARRIER_TIE,7
NQ,q_U_p95,10,0.5,REAL,CONTINUATION_FIRST,306
NQ,q_U_p95,10,0.5,REAL,REJECTION_FIRST,276
NQ,q_U_p95,10,0.5,REAL,SAME_BAR_BARRIER_TIE,149
NQ,q_U_p95,10,0.5,SYNTHETIC,CONTINUATION_FIRST,332
NQ,q_U_p95,10,0.5,SYNTHETIC,REJECTION_FIRST,277
NQ,q_U_p95,10,0.5,SYNTHETIC,SAME_BAR_BARRIER_TIE,169
NQ,q_U_p95,10,1.0,REAL,CONTINUATION_FIRST,354
NQ,q_U_p95,10,1.0,REAL,REJECTION_FIRST,320
NQ,q_U_p95,10,1.0,REAL,SAME_BAR_BARRIER_TIE,51
NQ,q_U_p95,10,1.0,REAL,NEITHER_REACHED,6
NQ,q_U_p95,10,1.0,SYNTHETIC,CONTINUATION_FIRST,380
NQ,q_U_p95,10,1.0,SYNTHETIC,REJECTION_FIRST,344
NQ,q_U_p95,10,1.0,SYNTHETIC,SAME_BAR_BARRIER_TIE,47
NQ,q_U_p95,10,1.0,SYNTHETIC,NEITHER_REACHED,7
NQ,q_U_p95,10,1.5,REAL,CONTINUATION_FIRST,350
NQ,q_U_p95,10,1.5,REAL,REJECTION_FIRST,333
NQ,q_U_p95,10,1.5,REAL,NEITHER_REACHED,33
NQ,q_U_p95,10,1.5,REAL,SAME_BAR_BARRIER_TIE,15
NQ,q_U_p95,10,1.5,SYNTHETIC,CONTINUATION_FIRST,376
NQ,q_U_p95,10,1.5,SYNTHETIC,REJECTION_FIRST,348
NQ,q_U_p95,10,1.5,SYNTHETIC,NEITHER_REACHED,35
NQ,q_U_p95,10,1.5,SYNTHETIC,SAME_BAR_BARRIER_TIE,19
NQ,q_U_p95,10,2.0,REAL,CONTINUATION_FIRST,323
NQ,q_U_p95,10,2.0,REAL,REJECTION_FIRST,315
NQ,q_U_p95,10,2.0,REAL,NEITHER_REACHED,90
NQ,q_U_p95,10,2.0,REAL,SAME_BAR_BARRIER_TIE,3
NQ,q_U_p95,10,2.0,SYNTHETIC,CONTINUATION_FIRST,354
NQ,q_U_p95,10,2.0,SYNTHETIC,REJECTION_FIRST,332
NQ,q_U_p95,10,2.0,SYNTHETIC,NEITHER_REACHED,85
NQ,q_U_p95,10,2.0,SYNTHETIC,SAME_BAR_BARRIER_TIE,7
NQ,q_U_p95,15,0.5,REAL,CONTINUATION_FIRST,306
NQ,q_U_p95,15,0.5,REAL,REJECTION_FIRST,276
NQ,q_U_p95,15,0.5,REAL,SAME_BAR_BARRIER_TIE,149
NQ,q_U_p95,15,0.5,SYNTHETIC,CONTINUATION_FIRST,332
NQ,q_U_p95,15,0.5,SYNTHETIC,REJECTION_FIRST,277
NQ,q_U_p95,15,0.5,SYNTHETIC,SAME_BAR_BARRIER_TIE,169
NQ,q_U_p95,15,1.0,REAL,CONTINUATION_FIRST,358
NQ,q_U_p95,15,1.0,REAL,REJECTION_FIRST,322
NQ,q_U_p95,15,1.0,REAL,SAME_BAR_BARRIER_TIE,51
NQ,q_U_p95,15,1.0,SYNTHETIC,CONTINUATION_FIRST,383
NQ,q_U_p95,15,1.0,SYNTHETIC,REJECTION_FIRST,347
NQ,q_U_p95,15,1.0,SYNTHETIC,SAME_BAR_BARRIER_TIE,47
NQ,q_U_p95,15,1.0,SYNTHETIC,NEITHER_REACHED,1
NQ,q_U_p95,15,1.5,REAL,CONTINUATION_FIRST,360
NQ,q_U_p95,15,1.5,REAL,REJECTION_FIRST,338
NQ,q_U_p95,15,1.5,REAL,NEITHER_REACHED,18
NQ,q_U_p95,15,1.5,REAL,SAME_BAR_BARRIER_TIE,15
NQ,q_U_p95,15,1.5,SYNTHETIC,CONTINUATION_FIRST,386
NQ,q_U_p95,15,1.5,SYNTHETIC,REJECTION_FIRST,356
NQ,q_U_p95,15,1.5,SYNTHETIC,SAME_BAR_BARRIER_TIE,19
NQ,q_U_p95,15,1.5,SYNTHETIC,NEITHER_REACHED,17
NQ,q_U_p95,15,2.0,REAL,CONTINUATION_FIRST,346
NQ,q_U_p95,15,2.0,REAL,REJECTION_FIRST,333
NQ,q_U_p95,15,2.0,REAL,NEITHER_REACHED,49
NQ,q_U_p95,15,2.0,REAL,SAME_BAR_BARRIER_TIE,3
NQ,q_U_p95,15,2.0,SYNTHETIC,CONTINUATION_FIRST,382
NQ,q_U_p95,15,2.0,SYNTHETIC,REJECTION_FIRST,345
NQ,q_U_p95,15,2.0,SYNTHETIC,NEITHER_REACHED,44
NQ,q_U_p95,15,2.0,SYNTHETIC,SAME_BAR_BARRIER_TIE,7
NQ,vwap_on_j+0,1,0.5,REAL,REJECTION_FIRST,265
NQ,vwap_on_j+0,1,0.5,REAL,CONTINUATION_FIRST,263
NQ,vwap_on_j+0,1,0.5,REAL,SAME_BAR_BARRIER_TIE,207
NQ,vwap_on_j+0,1,0.5,REAL,NEITHER_REACHED,13
NQ,vwap_on_j+0,1,0.5,SYNTHETIC,CONTINUATION_FIRST,350
NQ,vwap_on_j+0,1,0.5,SYNTHETIC,REJECTION_FIRST,321
NQ,vwap_on_j+0,1,0.5,SYNTHETIC,SAME_BAR_BARRIER_TIE,213
NQ,vwap_on_j+0,1,0.5,SYNTHETIC,NEITHER_REACHED,13
NQ,vwap_on_j+0,1,1.0,REAL,CONTINUATION_FIRST,284
NQ,vwap_on_j+0,1,1.0,REAL,REJECTION_FIRST,271
NQ,vwap_on_j+0,1,1.0,REAL,NEITHER_REACHED,139
NQ,vwap_on_j+0,1,1.0,REAL,SAME_BAR_BARRIER_TIE,54
NQ,vwap_on_j+0,1,1.0,SYNTHETIC,CONTINUATION_FIRST,351
NQ,vwap_on_j+0,1,1.0,SYNTHETIC,REJECTION_FIRST,321
NQ,vwap_on_j+0,1,1.0,SYNTHETIC,NEITHER_REACHED,173
NQ,vwap_on_j+0,1,1.0,SYNTHETIC,SAME_BAR_BARRIER_TIE,52
NQ,vwap_on_j+0,1,1.5,REAL,NEITHER_REACHED,337
NQ,vwap_on_j+0,1,1.5,REAL,REJECTION_FIRST,203
NQ,vwap_on_j+0,1,1.5,REAL,CONTINUATION_FIRST,195
NQ,vwap_on_j+0,1,1.5,REAL,SAME_BAR_BARRIER_TIE,13
NQ,vwap_on_j+0,1,1.5,SYNTHETIC,NEITHER_REACHED,396
NQ,vwap_on_j+0,1,1.5,SYNTHETIC,REJECTION_FIRST,243
NQ,vwap_on_j+0,1,1.5,SYNTHETIC,CONTINUATION_FIRST,241
NQ,vwap_on_j+0,1,1.5,SYNTHETIC,SAME_BAR_BARRIER_TIE,17
NQ,vwap_on_j+0,1,2.0,REAL,NEITHER_REACHED,470
NQ,vwap_on_j+0,1,2.0,REAL,CONTINUATION_FIRST,139
NQ,vwap_on_j+0,1,2.0,REAL,REJECTION_FIRST,136
NQ,vwap_on_j+0,1,2.0,REAL,SAME_BAR_BARRIER_TIE,3
NQ,vwap_on_j+0,1,2.0,SYNTHETIC,NEITHER_REACHED,559
NQ,vwap_on_j+0,1,2.0,SYNTHETIC,REJECTION_FIRST,174
NQ,vwap_on_j+0,1,2.0,SYNTHETIC,CONTINUATION_FIRST,156
NQ,vwap_on_j+0,1,2.0,SYNTHETIC,SAME_BAR_BARRIER_TIE,8
NQ,vwap_on_j+0,3,0.5,REAL,REJECTION_FIRST,268
NQ,vwap_on_j+0,3,0.5,REAL,CONTINUATION_FIRST,267
NQ,vwap_on_j+0,3,0.5,REAL,SAME_BAR_BARRIER_TIE,207
NQ,vwap_on_j+0,3,0.5,REAL,NEITHER_REACHED,6
NQ,vwap_on_j+0,3,0.5,SYNTHETIC,CONTINUATION_FIRST,353
NQ,vwap_on_j+0,3,0.5,SYNTHETIC,REJECTION_FIRST,330
NQ,vwap_on_j+0,3,0.5,SYNTHETIC,SAME_BAR_BARRIER_TIE,213
NQ,vwap_on_j+0,3,0.5,SYNTHETIC,NEITHER_REACHED,1
NQ,vwap_on_j+0,3,1.0,REAL,CONTINUATION_FIRST,337
NQ,vwap_on_j+0,3,1.0,REAL,REJECTION_FIRST,321
NQ,vwap_on_j+0,3,1.0,REAL,SAME_BAR_BARRIER_TIE,56
NQ,vwap_on_j+0,3,1.0,REAL,NEITHER_REACHED,34
NQ,vwap_on_j+0,3,1.0,SYNTHETIC,CONTINUATION_FIRST,407
NQ,vwap_on_j+0,3,1.0,SYNTHETIC,REJECTION_FIRST,389
NQ,vwap_on_j+0,3,1.0,SYNTHETIC,SAME_BAR_BARRIER_TIE,53
NQ,vwap_on_j+0,3,1.0,SYNTHETIC,NEITHER_REACHED,48
NQ,vwap_on_j+0,3,1.5,REAL,REJECTION_FIRST,305
NQ,vwap_on_j+0,3,1.5,REAL,CONTINUATION_FIRST,304
NQ,vwap_on_j+0,3,1.5,REAL,NEITHER_REACHED,126
NQ,vwap_on_j+0,3,1.5,REAL,SAME_BAR_BARRIER_TIE,13
NQ,vwap_on_j+0,3,1.5,SYNTHETIC,REJECTION_FIRST,352
NQ,vwap_on_j+0,3,1.5,SYNTHETIC,CONTINUATION_FIRST,348
NQ,vwap_on_j+0,3,1.5,SYNTHETIC,NEITHER_REACHED,178
NQ,vwap_on_j+0,3,1.5,SYNTHETIC,SAME_BAR_BARRIER_TIE,19
NQ,vwap_on_j+0,3,2.0,REAL,NEITHER_REACHED,256
NQ,vwap_on_j+0,3,2.0,REAL,CONTINUATION_FIRST,251
NQ,vwap_on_j+0,3,2.0,REAL,REJECTION_FIRST,238
NQ,vwap_on_j+0,3,2.0,REAL,SAME_BAR_BARRIER_TIE,3
NQ,vwap_on_j+0,3,2.0,SYNTHETIC,REJECTION_FIRST,305
NQ,vwap_on_j+0,3,2.0,SYNTHETIC,NEITHER_REACHED,305
NQ,vwap_on_j+0,3,2.0,SYNTHETIC,CONTINUATION_FIRST,279
NQ,vwap_on_j+0,3,2.0,SYNTHETIC,SAME_BAR_BARRIER_TIE,8
NQ,vwap_on_j+0,5,0.5,REAL,CONTINUATION_FIRST,271
NQ,vwap_on_j+0,5,0.5,REAL,REJECTION_FIRST,268
NQ,vwap_on_j+0,5,0.5,REAL,SAME_BAR_BARRIER_TIE,207
NQ,vwap_on_j+0,5,0.5,REAL,NEITHER_REACHED,2
NQ,vwap_on_j+0,5,0.5,SYNTHETIC,CONTINUATION_FIRST,353
NQ,vwap_on_j+0,5,0.5,SYNTHETIC,REJECTION_FIRST,330
NQ,vwap_on_j+0,5,0.5,SYNTHETIC,SAME_BAR_BARRIER_TIE,213
NQ,vwap_on_j+0,5,0.5,SYNTHETIC,NEITHER_REACHED,1
NQ,vwap_on_j+0,5,1.0,REAL,CONTINUATION_FIRST,345
NQ,vwap_on_j+0,5,1.0,REAL,REJECTION_FIRST,328
NQ,vwap_on_j+0,5,1.0,REAL,SAME_BAR_BARRIER_TIE,56
NQ,vwap_on_j+0,5,1.0,REAL,NEITHER_REACHED,19
NQ,vwap_on_j+0,5,1.0,SYNTHETIC,CONTINUATION_FIRST,418
NQ,vwap_on_j+0,5,1.0,SYNTHETIC,REJECTION_FIRST,399
NQ,vwap_on_j+0,5,1.0,SYNTHETIC,SAME_BAR_BARRIER_TIE,53
NQ,vwap_on_j+0,5,1.0,SYNTHETIC,NEITHER_REACHED,27
NQ,vwap_on_j+0,5,1.5,REAL,CONTINUATION_FIRST,339
NQ,vwap_on_j+0,5,1.5,REAL,REJECTION_FIRST,331
NQ,vwap_on_j+0,5,1.5,REAL,NEITHER_REACHED,65
NQ,vwap_on_j+0,5,1.5,REAL,SAME_BAR_BARRIER_TIE,13
NQ,vwap_on_j+0,5,1.5,SYNTHETIC,CONTINUATION_FIRST,403
NQ,vwap_on_j+0,5,1.5,SYNTHETIC,REJECTION_FIRST,393
NQ,vwap_on_j+0,5,1.5,SYNTHETIC,NEITHER_REACHED,82
NQ,vwap_on_j+0,5,1.5,SYNTHETIC,SAME_BAR_BARRIER_TIE,19
NQ,vwap_on_j+0,5,2.0,REAL,CONTINUATION_FIRST,310
NQ,vwap_on_j+0,5,2.0,REAL,REJECTION_FIRST,278
NQ,vwap_on_j+0,5,2.0,REAL,NEITHER_REACHED,157
NQ,vwap_on_j+0,5,2.0,REAL,SAME_BAR_BARRIER_TIE,3
NQ,vwap_on_j+0,5,2.0,SYNTHETIC,REJECTION_FIRST,365
NQ,vwap_on_j+0,5,2.0,SYNTHETIC,CONTINUATION_FIRST,350
NQ,vwap_on_j+0,5,2.0,SYNTHETIC,NEITHER_REACHED,174
NQ,vwap_on_j+0,5,2.0,SYNTHETIC,SAME_BAR_BARRIER_TIE,8
NQ,vwap_on_j+0,10,0.5,REAL,CONTINUATION_FIRST,271
NQ,vwap_on_j+0,10,0.5,REAL,REJECTION_FIRST,268
NQ,vwap_on_j+0,10,0.5,REAL,SAME_BAR_BARRIER_TIE,207
NQ,vwap_on_j+0,10,0.5,REAL,NEITHER_REACHED,2
NQ,vwap_on_j+0,10,0.5,SYNTHETIC,CONTINUATION_FIRST,354
NQ,vwap_on_j+0,10,0.5,SYNTHETIC,REJECTION_FIRST,330
NQ,vwap_on_j+0,10,0.5,SYNTHETIC,SAME_BAR_BARRIER_TIE,213
NQ,vwap_on_j+0,10,1.0,REAL,CONTINUATION_FIRST,353
NQ,vwap_on_j+0,10,1.0,REAL,REJECTION_FIRST,331
NQ,vwap_on_j+0,10,1.0,REAL,SAME_BAR_BARRIER_TIE,56
NQ,vwap_on_j+0,10,1.0,REAL,NEITHER_REACHED,8
NQ,vwap_on_j+0,10,1.0,SYNTHETIC,CONTINUATION_FIRST,431
NQ,vwap_on_j+0,10,1.0,SYNTHETIC,REJECTION_FIRST,406
NQ,vwap_on_j+0,10,1.0,SYNTHETIC,SAME_BAR_BARRIER_TIE,53
NQ,vwap_on_j+0,10,1.0,SYNTHETIC,NEITHER_REACHED,7
NQ,vwap_on_j+0,10,1.5,REAL,CONTINUATION_FIRST,358
NQ,vwap_on_j+0,10,1.5,REAL,REJECTION_FIRST,355
NQ,vwap_on_j+0,10,1.5,REAL,NEITHER_REACHED,22
NQ,vwap_on_j+0,10,1.5,REAL,SAME_BAR_BARRIER_TIE,13
NQ,vwap_on_j+0,10,1.5,SYNTHETIC,CONTINUATION_FIRST,427
NQ,vwap_on_j+0,10,1.5,SYNTHETIC,REJECTION_FIRST,417
NQ,vwap_on_j+0,10,1.5,SYNTHETIC,NEITHER_REACHED,33
NQ,vwap_on_j+0,10,1.5,SYNTHETIC,SAME_BAR_BARRIER_TIE,20
NQ,vwap_on_j+0,10,2.0,REAL,CONTINUATION_FIRST,351
NQ,vwap_on_j+0,10,2.0,REAL,REJECTION_FIRST,326
NQ,vwap_on_j+0,10,2.0,REAL,NEITHER_REACHED,68
NQ,vwap_on_j+0,10,2.0,REAL,SAME_BAR_BARRIER_TIE,3
NQ,vwap_on_j+0,10,2.0,SYNTHETIC,REJECTION_FIRST,411
NQ,vwap_on_j+0,10,2.0,SYNTHETIC,CONTINUATION_FIRST,397
NQ,vwap_on_j+0,10,2.0,SYNTHETIC,NEITHER_REACHED,81
NQ,vwap_on_j+0,10,2.0,SYNTHETIC,SAME_BAR_BARRIER_TIE,8
NQ,vwap_on_j+0,15,0.5,REAL,CONTINUATION_FIRST,271
NQ,vwap_on_j+0,15,0.5,REAL,REJECTION_FIRST,268
NQ,vwap_on_j+0,15,0.5,REAL,SAME_BAR_BARRIER_TIE,207
NQ,vwap_on_j+0,15,0.5,REAL,NEITHER_REACHED,2
NQ,vwap_on_j+0,15,0.5,SYNTHETIC,CONTINUATION_FIRST,354
NQ,vwap_on_j+0,15,0.5,SYNTHETIC,REJECTION_FIRST,330
NQ,vwap_on_j+0,15,0.5,SYNTHETIC,SAME_BAR_BARRIER_TIE,213
NQ,vwap_on_j+0,15,1.0,REAL,CONTINUATION_FIRST,355
NQ,vwap_on_j+0,15,1.0,REAL,REJECTION_FIRST,333
NQ,vwap_on_j+0,15,1.0,REAL,SAME_BAR_BARRIER_TIE,56
NQ,vwap_on_j+0,15,1.0,REAL,NEITHER_REACHED,4
NQ,vwap_on_j+0,15,1.0,SYNTHETIC,CONTINUATION_FIRST,433
NQ,vwap_on_j+0,15,1.0,SYNTHETIC,REJECTION_FIRST,406
NQ,vwap_on_j+0,15,1.0,SYNTHETIC,SAME_BAR_BARRIER_TIE,53
NQ,vwap_on_j+0,15,1.0,SYNTHETIC,NEITHER_REACHED,5
NQ,vwap_on_j+0,15,1.5,REAL,CONTINUATION_FIRST,361
NQ,vwap_on_j+0,15,1.5,REAL,REJECTION_FIRST,360
NQ,vwap_on_j+0,15,1.5,REAL,NEITHER_REACHED,14
NQ,vwap_on_j+0,15,1.5,REAL,SAME_BAR_BARRIER_TIE,13
NQ,vwap_on_j+0,15,1.5,SYNTHETIC,CONTINUATION_FIRST,434
NQ,vwap_on_j+0,15,1.5,SYNTHETIC,REJECTION_FIRST,423
NQ,vwap_on_j+0,15,1.5,SYNTHETIC,SAME_BAR_BARRIER_TIE,20
NQ,vwap_on_j+0,15,1.5,SYNTHETIC,NEITHER_REACHED,20
NQ,vwap_on_j+0,15,2.0,REAL,CONTINUATION_FIRST,368
NQ,vwap_on_j+0,15,2.0,REAL,REJECTION_FIRST,344
NQ,vwap_on_j+0,15,2.0,REAL,NEITHER_REACHED,33
NQ,vwap_on_j+0,15,2.0,REAL,SAME_BAR_BARRIER_TIE,3
NQ,vwap_on_j+0,15,2.0,SYNTHETIC,REJECTION_FIRST,425
NQ,vwap_on_j+0,15,2.0,SYNTHETIC,CONTINUATION_FIRST,419
NQ,vwap_on_j+0,15,2.0,SYNTHETIC,NEITHER_REACHED,45
NQ,vwap_on_j+0,15,2.0,SYNTHETIC,SAME_BAR_BARRIER_TIE,8
NQ,vwap_on_j+1,1,0.5,REAL,REJECTION_FIRST,266
NQ,vwap_on_j+1,1,0.5,REAL,CONTINUATION_FIRST,252
NQ,vwap_on_j+1,1,0.5,REAL,SAME_BAR_BARRIER_TIE,175
NQ,vwap_on_j+1,1,0.5,REAL,NEITHER_REACHED,18
NQ,vwap_on_j+1,1,0.5,SYNTHETIC,CONTINUATION_FIRST,335
NQ,vwap_on_j+1,1,0.5,SYNTHETIC,REJECTION_FIRST,293
NQ,vwap_on_j+1,1,0.5,SYNTHETIC,SAME_BAR_BARRIER_TIE,220
NQ,vwap_on_j+1,1,0.5,SYNTHETIC,NEITHER_REACHED,25
NQ,vwap_on_j+1,1,1.0,REAL,REJECTION_FIRST,255
NQ,vwap_on_j+1,1,1.0,REAL,CONTINUATION_FIRST,229
NQ,vwap_on_j+1,1,1.0,REAL,NEITHER_REACHED,176
NQ,vwap_on_j+1,1,1.0,REAL,SAME_BAR_BARRIER_TIE,51
NQ,vwap_on_j+1,1,1.0,SYNTHETIC,CONTINUATION_FIRST,338
NQ,vwap_on_j+1,1,1.0,SYNTHETIC,REJECTION_FIRST,280
NQ,vwap_on_j+1,1,1.0,SYNTHETIC,NEITHER_REACHED,193
NQ,vwap_on_j+1,1,1.0,SYNTHETIC,SAME_BAR_BARRIER_TIE,62
NQ,vwap_on_j+1,1,1.5,REAL,NEITHER_REACHED,335
NQ,vwap_on_j+1,1,1.5,REAL,REJECTION_FIRST,193
NQ,vwap_on_j+1,1,1.5,REAL,CONTINUATION_FIRST,168
NQ,vwap_on_j+1,1,1.5,REAL,SAME_BAR_BARRIER_TIE,15
NQ,vwap_on_j+1,1,1.5,SYNTHETIC,NEITHER_REACHED,404
NQ,vwap_on_j+1,1,1.5,SYNTHETIC,CONTINUATION_FIRST,249
NQ,vwap_on_j+1,1,1.5,SYNTHETIC,REJECTION_FIRST,201
NQ,vwap_on_j+1,1,1.5,SYNTHETIC,SAME_BAR_BARRIER_TIE,19
NQ,vwap_on_j+1,1,2.0,REAL,NEITHER_REACHED,477
NQ,vwap_on_j+1,1,2.0,REAL,REJECTION_FIRST,128
NQ,vwap_on_j+1,1,2.0,REAL,CONTINUATION_FIRST,101
NQ,vwap_on_j+1,1,2.0,REAL,SAME_BAR_BARRIER_TIE,5
NQ,vwap_on_j+1,1,2.0,SYNTHETIC,NEITHER_REACHED,545
NQ,vwap_on_j+1,1,2.0,SYNTHETIC,CONTINUATION_FIRST,172
NQ,vwap_on_j+1,1,2.0,SYNTHETIC,REJECTION_FIRST,146
NQ,vwap_on_j+1,1,2.0,SYNTHETIC,SAME_BAR_BARRIER_TIE,10
NQ,vwap_on_j+1,3,0.5,REAL,REJECTION_FIRST,274
NQ,vwap_on_j+1,3,0.5,REAL,CONTINUATION_FIRST,257
NQ,vwap_on_j+1,3,0.5,REAL,SAME_BAR_BARRIER_TIE,177
NQ,vwap_on_j+1,3,0.5,REAL,NEITHER_REACHED,3
NQ,vwap_on_j+1,3,0.5,SYNTHETIC,CONTINUATION_FIRST,347
NQ,vwap_on_j+1,3,0.5,SYNTHETIC,REJECTION_FIRST,302
NQ,vwap_on_j+1,3,0.5,SYNTHETIC,SAME_BAR_BARRIER_TIE,221
NQ,vwap_on_j+1,3,0.5,SYNTHETIC,NEITHER_REACHED,3
NQ,vwap_on_j+1,3,1.0,REAL,REJECTION_FIRST,318
NQ,vwap_on_j+1,3,1.0,REAL,CONTINUATION_FIRST,299
NQ,vwap_on_j+1,3,1.0,REAL,SAME_BAR_BARRIER_TIE,54
NQ,vwap_on_j+1,3,1.0,REAL,NEITHER_REACHED,40
NQ,vwap_on_j+1,3,1.0,SYNTHETIC,CONTINUATION_FIRST,409
NQ,vwap_on_j+1,3,1.0,SYNTHETIC,REJECTION_FIRST,350
NQ,vwap_on_j+1,3,1.0,SYNTHETIC,SAME_BAR_BARRIER_TIE,64
NQ,vwap_on_j+1,3,1.0,SYNTHETIC,NEITHER_REACHED,50
NQ,vwap_on_j+1,3,1.5,REAL,REJECTION_FIRST,285
NQ,vwap_on_j+1,3,1.5,REAL,CONTINUATION_FIRST,256
NQ,vwap_on_j+1,3,1.5,REAL,NEITHER_REACHED,154
NQ,vwap_on_j+1,3,1.5,REAL,SAME_BAR_BARRIER_TIE,16
NQ,vwap_on_j+1,3,1.5,SYNTHETIC,CONTINUATION_FIRST,358
NQ,vwap_on_j+1,3,1.5,SYNTHETIC,REJECTION_FIRST,323
NQ,vwap_on_j+1,3,1.5,SYNTHETIC,NEITHER_REACHED,173
NQ,vwap_on_j+1,3,1.5,SYNTHETIC,SAME_BAR_BARRIER_TIE,19
NQ,vwap_on_j+1,3,2.0,REAL,NEITHER_REACHED,279
NQ,vwap_on_j+1,3,2.0,REAL,REJECTION_FIRST,222
NQ,vwap_on_j+1,3,2.0,REAL,CONTINUATION_FIRST,205
NQ,vwap_on_j+1,3,2.0,REAL,SAME_BAR_BARRIER_TIE,5
NQ,vwap_on_j+1,3,2.0,SYNTHETIC,NEITHER_REACHED,306
NQ,vwap_on_j+1,3,2.0,SYNTHETIC,CONTINUATION_FIRST,290
NQ,vwap_on_j+1,3,2.0,SYNTHETIC,REJECTION_FIRST,267
NQ,vwap_on_j+1,3,2.0,SYNTHETIC,SAME_BAR_BARRIER_TIE,10
NQ,vwap_on_j+1,5,0.5,REAL,REJECTION_FIRST,275
NQ,vwap_on_j+1,5,0.5,REAL,CONTINUATION_FIRST,258
NQ,vwap_on_j+1,5,0.5,REAL,SAME_BAR_BARRIER_TIE,177
NQ,vwap_on_j+1,5,0.5,REAL,NEITHER_REACHED,1
NQ,vwap_on_j+1,5,0.5,SYNTHETIC,CONTINUATION_FIRST,347
NQ,vwap_on_j+1,5,0.5,SYNTHETIC,REJECTION_FIRST,303
NQ,vwap_on_j+1,5,0.5,SYNTHETIC,SAME_BAR_BARRIER_TIE,221
NQ,vwap_on_j+1,5,0.5,SYNTHETIC,NEITHER_REACHED,2
NQ,vwap_on_j+1,5,1.0,REAL,REJECTION_FIRST,331
NQ,vwap_on_j+1,5,1.0,REAL,CONTINUATION_FIRST,311
NQ,vwap_on_j+1,5,1.0,REAL,SAME_BAR_BARRIER_TIE,54
NQ,vwap_on_j+1,5,1.0,REAL,NEITHER_REACHED,15
NQ,vwap_on_j+1,5,1.0,SYNTHETIC,CONTINUATION_FIRST,426
NQ,vwap_on_j+1,5,1.0,SYNTHETIC,REJECTION_FIRST,361
NQ,vwap_on_j+1,5,1.0,SYNTHETIC,SAME_BAR_BARRIER_TIE,64
NQ,vwap_on_j+1,5,1.0,SYNTHETIC,NEITHER_REACHED,22
NQ,vwap_on_j+1,5,1.5,REAL,REJECTION_FIRST,319
NQ,vwap_on_j+1,5,1.5,REAL,CONTINUATION_FIRST,295
NQ,vwap_on_j+1,5,1.5,REAL,NEITHER_REACHED,81
NQ,vwap_on_j+1,5,1.5,REAL,SAME_BAR_BARRIER_TIE,16
NQ,vwap_on_j+1,5,1.5,SYNTHETIC,CONTINUATION_FIRST,402
NQ,vwap_on_j+1,5,1.5,SYNTHETIC,REJECTION_FIRST,362
NQ,vwap_on_j+1,5,1.5,SYNTHETIC,NEITHER_REACHED,90
NQ,vwap_on_j+1,5,1.5,SYNTHETIC,SAME_BAR_BARRIER_TIE,19
NQ,vwap_on_j+1,5,2.0,REAL,REJECTION_FIRST,272
NQ,vwap_on_j+1,5,2.0,REAL,CONTINUATION_FIRST,260
NQ,vwap_on_j+1,5,2.0,REAL,NEITHER_REACHED,174
NQ,vwap_on_j+1,5,2.0,REAL,SAME_BAR_BARRIER_TIE,5
NQ,vwap_on_j+1,5,2.0,SYNTHETIC,CONTINUATION_FIRST,358
NQ,vwap_on_j+1,5,2.0,SYNTHETIC,REJECTION_FIRST,326
NQ,vwap_on_j+1,5,2.0,SYNTHETIC,NEITHER_REACHED,179
NQ,vwap_on_j+1,5,2.0,SYNTHETIC,SAME_BAR_BARRIER_TIE,10
NQ,vwap_on_j+1,10,0.5,REAL,REJECTION_FIRST,276
NQ,vwap_on_j+1,10,0.5,REAL,CONTINUATION_FIRST,258
NQ,vwap_on_j+1,10,0.5,REAL,SAME_BAR_BARRIER_TIE,177
NQ,vwap_on_j+1,10,0.5,SYNTHETIC,CONTINUATION_FIRST,348
NQ,vwap_on_j+1,10,0.5,SYNTHETIC,REJECTION_FIRST,304
NQ,vwap_on_j+1,10,0.5,SYNTHETIC,SAME_BAR_BARRIER_TIE,221
NQ,vwap_on_j+1,10,1.0,REAL,REJECTION_FIRST,336
NQ,vwap_on_j+1,10,1.0,REAL,CONTINUATION_FIRST,316
NQ,vwap_on_j+1,10,1.0,REAL,SAME_BAR_BARRIER_TIE,54
NQ,vwap_on_j+1,10,1.0,REAL,NEITHER_REACHED,5
NQ,vwap_on_j+1,10,1.0,SYNTHETIC,CONTINUATION_FIRST,438
NQ,vwap_on_j+1,10,1.0,SYNTHETIC,REJECTION_FIRST,365
NQ,vwap_on_j+1,10,1.0,SYNTHETIC,SAME_BAR_BARRIER_TIE,64
NQ,vwap_on_j+1,10,1.0,SYNTHETIC,NEITHER_REACHED,6
NQ,vwap_on_j+1,10,1.5,REAL,REJECTION_FIRST,351
NQ,vwap_on_j+1,10,1.5,REAL,CONTINUATION_FIRST,324
NQ,vwap_on_j+1,10,1.5,REAL,NEITHER_REACHED,20
NQ,vwap_on_j+1,10,1.5,REAL,SAME_BAR_BARRIER_TIE,16
NQ,vwap_on_j+1,10,1.5,SYNTHETIC,CONTINUATION_FIRST,439
NQ,vwap_on_j+1,10,1.5,SYNTHETIC,REJECTION_FIRST,393
NQ,vwap_on_j+1,10,1.5,SYNTHETIC,NEITHER_REACHED,22
NQ,vwap_on_j+1,10,1.5,SYNTHETIC,SAME_BAR_BARRIER_TIE,19
NQ,vwap_on_j+1,10,2.0,REAL,REJECTION_FIRST,329
NQ,vwap_on_j+1,10,2.0,REAL,CONTINUATION_FIRST,318
NQ,vwap_on_j+1,10,2.0,REAL,NEITHER_REACHED,59
NQ,vwap_on_j+1,10,2.0,REAL,SAME_BAR_BARRIER_TIE,5
NQ,vwap_on_j+1,10,2.0,SYNTHETIC,CONTINUATION_FIRST,409
NQ,vwap_on_j+1,10,2.0,SYNTHETIC,REJECTION_FIRST,386
NQ,vwap_on_j+1,10,2.0,SYNTHETIC,NEITHER_REACHED,68
NQ,vwap_on_j+1,10,2.0,SYNTHETIC,SAME_BAR_BARRIER_TIE,10
NQ,vwap_on_j+1,15,0.5,REAL,REJECTION_FIRST,276
NQ,vwap_on_j+1,15,0.5,REAL,CONTINUATION_FIRST,258
NQ,vwap_on_j+1,15,0.5,REAL,SAME_BAR_BARRIER_TIE,177
NQ,vwap_on_j+1,15,0.5,SYNTHETIC,CONTINUATION_FIRST,348
NQ,vwap_on_j+1,15,0.5,SYNTHETIC,REJECTION_FIRST,304
NQ,vwap_on_j+1,15,0.5,SYNTHETIC,SAME_BAR_BARRIER_TIE,221
NQ,vwap_on_j+1,15,1.0,REAL,REJECTION_FIRST,337
NQ,vwap_on_j+1,15,1.0,REAL,CONTINUATION_FIRST,317
NQ,vwap_on_j+1,15,1.0,REAL,SAME_BAR_BARRIER_TIE,54
NQ,vwap_on_j+1,15,1.0,REAL,NEITHER_REACHED,3
NQ,vwap_on_j+1,15,1.0,SYNTHETIC,CONTINUATION_FIRST,440
NQ,vwap_on_j+1,15,1.0,SYNTHETIC,REJECTION_FIRST,366
NQ,vwap_on_j+1,15,1.0,SYNTHETIC,SAME_BAR_BARRIER_TIE,64
NQ,vwap_on_j+1,15,1.0,SYNTHETIC,NEITHER_REACHED,3
NQ,vwap_on_j+1,15,1.5,REAL,REJECTION_FIRST,352
NQ,vwap_on_j+1,15,1.5,REAL,CONTINUATION_FIRST,330
NQ,vwap_on_j+1,15,1.5,REAL,SAME_BAR_BARRIER_TIE,17
NQ,vwap_on_j+1,15,1.5,REAL,NEITHER_REACHED,12
NQ,vwap_on_j+1,15,1.5,SYNTHETIC,CONTINUATION_FIRST,445
NQ,vwap_on_j+1,15,1.5,SYNTHETIC,REJECTION_FIRST,396
NQ,vwap_on_j+1,15,1.5,SYNTHETIC,SAME_BAR_BARRIER_TIE,19
NQ,vwap_on_j+1,15,1.5,SYNTHETIC,NEITHER_REACHED,13
NQ,vwap_on_j+1,15,2.0,REAL,REJECTION_FIRST,340
NQ,vwap_on_j+1,15,2.0,REAL,CONTINUATION_FIRST,335
NQ,vwap_on_j+1,15,2.0,REAL,NEITHER_REACHED,31
NQ,vwap_on_j+1,15,2.0,REAL,SAME_BAR_BARRIER_TIE,5
NQ,vwap_on_j+1,15,2.0,SYNTHETIC,CONTINUATION_FIRST,434
NQ,vwap_on_j+1,15,2.0,SYNTHETIC,REJECTION_FIRST,399
NQ,vwap_on_j+1,15,2.0,SYNTHETIC,NEITHER_REACHED,30
NQ,vwap_on_j+1,15,2.0,SYNTHETIC,SAME_BAR_BARRIER_TIE,10
NQ,vwap_on_j+2,1,0.5,REAL,CONTINUATION_FIRST,217
NQ,vwap_on_j+2,1,0.5,REAL,REJECTION_FIRST,176
NQ,vwap_on_j+2,1,0.5,REAL,SAME_BAR_BARRIER_TIE,83
NQ,vwap_on_j+2,1,0.5,REAL,NEITHER_REACHED,27
NQ,vwap_on_j+2,1,0.5,SYNTHETIC,CONTINUATION_FIRST,339
NQ,vwap_on_j+2,1,0.5,SYNTHETIC,REJECTION_FIRST,293
NQ,vwap_on_j+2,1,0.5,SYNTHETIC,SAME_BAR_BARRIER_TIE,171
NQ,vwap_on_j+2,1,0.5,SYNTHETIC,NEITHER_REACHED,26
NQ,vwap_on_j+2,1,1.0,REAL,CONTINUATION_FIRST,184
NQ,vwap_on_j+2,1,1.0,REAL,REJECTION_FIRST,151
NQ,vwap_on_j+2,1,1.0,REAL,NEITHER_REACHED,149
NQ,vwap_on_j+2,1,1.0,REAL,SAME_BAR_BARRIER_TIE,19
NQ,vwap_on_j+2,1,1.0,SYNTHETIC,CONTINUATION_FIRST,298
NQ,vwap_on_j+2,1,1.0,SYNTHETIC,REJECTION_FIRST,284
NQ,vwap_on_j+2,1,1.0,SYNTHETIC,NEITHER_REACHED,211
NQ,vwap_on_j+2,1,1.0,SYNTHETIC,SAME_BAR_BARRIER_TIE,36
NQ,vwap_on_j+2,1,1.5,REAL,NEITHER_REACHED,271
NQ,vwap_on_j+2,1,1.5,REAL,CONTINUATION_FIRST,131
NQ,vwap_on_j+2,1,1.5,REAL,REJECTION_FIRST,98
NQ,vwap_on_j+2,1,1.5,REAL,SAME_BAR_BARRIER_TIE,3
NQ,vwap_on_j+2,1,1.5,SYNTHETIC,NEITHER_REACHED,384
NQ,vwap_on_j+2,1,1.5,SYNTHETIC,CONTINUATION_FIRST,219
NQ,vwap_on_j+2,1,1.5,SYNTHETIC,REJECTION_FIRST,211
NQ,vwap_on_j+2,1,1.5,SYNTHETIC,SAME_BAR_BARRIER_TIE,15
NQ,vwap_on_j+2,1,2.0,REAL,NEITHER_REACHED,370
NQ,vwap_on_j+2,1,2.0,REAL,CONTINUATION_FIRST,72
NQ,vwap_on_j+2,1,2.0,REAL,REJECTION_FIRST,60
NQ,vwap_on_j+2,1,2.0,REAL,SAME_BAR_BARRIER_TIE,1
NQ,vwap_on_j+2,1,2.0,SYNTHETIC,NEITHER_REACHED,528
NQ,vwap_on_j+2,1,2.0,SYNTHETIC,CONTINUATION_FIRST,151
NQ,vwap_on_j+2,1,2.0,SYNTHETIC,REJECTION_FIRST,144
NQ,vwap_on_j+2,1,2.0,SYNTHETIC,SAME_BAR_BARRIER_TIE,6
NQ,vwap_on_j+2,3,0.5,REAL,CONTINUATION_FIRST,230
NQ,vwap_on_j+2,3,0.5,REAL,REJECTION_FIRST,187
NQ,vwap_on_j+2,3,0.5,REAL,SAME_BAR_BARRIER_TIE,83
NQ,vwap_on_j+2,3,0.5,REAL,NEITHER_REACHED,3
NQ,vwap_on_j+2,3,0.5,SYNTHETIC,CONTINUATION_FIRST,352
NQ,vwap_on_j+2,3,0.5,SYNTHETIC,REJECTION_FIRST,302
NQ,vwap_on_j+2,3,0.5,SYNTHETIC,SAME_BAR_BARRIER_TIE,171
NQ,vwap_on_j+2,3,0.5,SYNTHETIC,NEITHER_REACHED,4
NQ,vwap_on_j+2,3,1.0,REAL,CONTINUATION_FIRST,234
NQ,vwap_on_j+2,3,1.0,REAL,REJECTION_FIRST,202
NQ,vwap_on_j+2,3,1.0,REAL,NEITHER_REACHED,47
NQ,vwap_on_j+2,3,1.0,REAL,SAME_BAR_BARRIER_TIE,20
NQ,vwap_on_j+2,3,1.0,SYNTHETIC,CONTINUATION_FIRST,386
NQ,vwap_on_j+2,3,1.0,SYNTHETIC,REJECTION_FIRST,347
NQ,vwap_on_j+2,3,1.0,SYNTHETIC,NEITHER_REACHED,59
NQ,vwap_on_j+2,3,1.0,SYNTHETIC,SAME_BAR_BARRIER_TIE,37
NQ,vwap_on_j+2,3,1.5,REAL,CONTINUATION_FIRST,202
NQ,vwap_on_j+2,3,1.5,REAL,REJECTION_FIRST,156
NQ,vwap_on_j+2,3,1.5,REAL,NEITHER_REACHED,142
NQ,vwap_on_j+2,3,1.5,REAL,SAME_BAR_BARRIER_TIE,3
NQ,vwap_on_j+2,3,1.5,SYNTHETIC,CONTINUATION_FIRST,318
NQ,vwap_on_j+2,3,1.5,SYNTHETIC,REJECTION_FIRST,304
NQ,vwap_on_j+2,3,1.5,SYNTHETIC,NEITHER_REACHED,192
NQ,vwap_on_j+2,3,1.5,SYNTHETIC,SAME_BAR_BARRIER_TIE,15
NQ,vwap_on_j+2,3,2.0,REAL,NEITHER_REACHED,243
NQ,vwap_on_j+2,3,2.0,REAL,CONTINUATION_FIRST,147
NQ,vwap_on_j+2,3,2.0,REAL,REJECTION_FIRST,112
NQ,vwap_on_j+2,3,2.0,REAL,SAME_BAR_BARRIER_TIE,1
NQ,vwap_on_j+2,3,2.0,SYNTHETIC,NEITHER_REACHED,323
NQ,vwap_on_j+2,3,2.0,SYNTHETIC,CONTINUATION_FIRST,254
NQ,vwap_on_j+2,3,2.0,SYNTHETIC,REJECTION_FIRST,246
NQ,vwap_on_j+2,3,2.0,SYNTHETIC,SAME_BAR_BARRIER_TIE,6
NQ,vwap_on_j+2,5,0.5,REAL,CONTINUATION_FIRST,231
NQ,vwap_on_j+2,5,0.5,REAL,REJECTION_FIRST,187
NQ,vwap_on_j+2,5,0.5,REAL,SAME_BAR_BARRIER_TIE,83
NQ,vwap_on_j+2,5,0.5,REAL,NEITHER_REACHED,2
NQ,vwap_on_j+2,5,0.5,SYNTHETIC,CONTINUATION_FIRST,353
NQ,vwap_on_j+2,5,0.5,SYNTHETIC,REJECTION_FIRST,303
NQ,vwap_on_j+2,5,0.5,SYNTHETIC,SAME_BAR_BARRIER_TIE,171
NQ,vwap_on_j+2,5,0.5,SYNTHETIC,NEITHER_REACHED,2
NQ,vwap_on_j+2,5,1.0,REAL,CONTINUATION_FIRST,249
NQ,vwap_on_j+2,5,1.0,REAL,REJECTION_FIRST,211
NQ,vwap_on_j+2,5,1.0,REAL,NEITHER_REACHED,23
NQ,vwap_on_j+2,5,1.0,REAL,SAME_BAR_BARRIER_TIE,20
NQ,vwap_on_j+2,5,1.0,SYNTHETIC,CONTINUATION_FIRST,396
NQ,vwap_on_j+2,5,1.0,SYNTHETIC,REJECTION_FIRST,362
NQ,vwap_on_j+2,5,1.0,SYNTHETIC,SAME_BAR_BARRIER_TIE,37
NQ,vwap_on_j+2,5,1.0,SYNTHETIC,NEITHER_REACHED,34
NQ,vwap_on_j+2,5,1.5,REAL,CONTINUATION_FIRST,235
NQ,vwap_on_j+2,5,1.5,REAL,REJECTION_FIRST,180
NQ,vwap_on_j+2,5,1.5,REAL,NEITHER_REACHED,84
NQ,vwap_on_j+2,5,1.5,REAL,SAME_BAR_BARRIER_TIE,4
NQ,vwap_on_j+2,5,1.5,SYNTHETIC,CONTINUATION_FIRST,364
NQ,vwap_on_j+2,5,1.5,SYNTHETIC,REJECTION_FIRST,346
NQ,vwap_on_j+2,5,1.5,SYNTHETIC,NEITHER_REACHED,103
NQ,vwap_on_j+2,5,1.5,SYNTHETIC,SAME_BAR_BARRIER_TIE,16
NQ,vwap_on_j+2,5,2.0,REAL,CONTINUATION_FIRST,183
NQ,vwap_on_j+2,5,2.0,REAL,NEITHER_REACHED,165
NQ,vwap_on_j+2,5,2.0,REAL,REJECTION_FIRST,154
NQ,vwap_on_j+2,5,2.0,REAL,SAME_BAR_BARRIER_TIE,1
NQ,vwap_on_j+2,5,2.0,SYNTHETIC,CONTINUATION_FIRST,313
NQ,vwap_on_j+2,5,2.0,SYNTHETIC,REJECTION_FIRST,298
NQ,vwap_on_j+2,5,2.0,SYNTHETIC,NEITHER_REACHED,212
NQ,vwap_on_j+2,5,2.0,SYNTHETIC,SAME_BAR_BARRIER_TIE,6
NQ,vwap_on_j+2,10,0.5,REAL,CONTINUATION_FIRST,233
NQ,vwap_on_j+2,10,0.5,REAL,REJECTION_FIRST,187
NQ,vwap_on_j+2,10,0.5,REAL,SAME_BAR_BARRIER_TIE,83
NQ,vwap_on_j+2,10,0.5,SYNTHETIC,CONTINUATION_FIRST,353
NQ,vwap_on_j+2,10,0.5,SYNTHETIC,REJECTION_FIRST,303
NQ,vwap_on_j+2,10,0.5,SYNTHETIC,SAME_BAR_BARRIER_TIE,171
NQ,vwap_on_j+2,10,0.5,SYNTHETIC,NEITHER_REACHED,2
NQ,vwap_on_j+2,10,1.0,REAL,CONTINUATION_FIRST,254
NQ,vwap_on_j+2,10,1.0,REAL,REJECTION_FIRST,225
NQ,vwap_on_j+2,10,1.0,REAL,SAME_BAR_BARRIER_TIE,20
NQ,vwap_on_j+2,10,1.0,REAL,NEITHER_REACHED,4
NQ,vwap_on_j+2,10,1.0,SYNTHETIC,CONTINUATION_FIRST,409
NQ,vwap_on_j+2,10,1.0,SYNTHETIC,REJECTION_FIRST,375
NQ,vwap_on_j+2,10,1.0,SYNTHETIC,SAME_BAR_BARRIER_TIE,37
NQ,vwap_on_j+2,10,1.0,SYNTHETIC,NEITHER_REACHED,8
NQ,vwap_on_j+2,10,1.5,REAL,CONTINUATION_FIRST,257
NQ,vwap_on_j+2,10,1.5,REAL,REJECTION_FIRST,209
NQ,vwap_on_j+2,10,1.5,REAL,NEITHER_REACHED,32
NQ,vwap_on_j+2,10,1.5,REAL,SAME_BAR_BARRIER_TIE,5
NQ,vwap_on_j+2,10,1.5,SYNTHETIC,CONTINUATION_FIRST,389
NQ,vwap_on_j+2,10,1.5,SYNTHETIC,REJECTION_FIRST,381
NQ,vwap_on_j+2,10,1.5,SYNTHETIC,NEITHER_REACHED,43
NQ,vwap_on_j+2,10,1.5,SYNTHETIC,SAME_BAR_BARRIER_TIE,16
NQ,vwap_on_j+2,10,2.0,REAL,CONTINUATION_FIRST,226
NQ,vwap_on_j+2,10,2.0,REAL,REJECTION_FIRST,203
NQ,vwap_on_j+2,10,2.0,REAL,NEITHER_REACHED,73
NQ,vwap_on_j+2,10,2.0,REAL,SAME_BAR_BARRIER_TIE,1
NQ,vwap_on_j+2,10,2.0,SYNTHETIC,CONTINUATION_FIRST,367
NQ,vwap_on_j+2,10,2.0,SYNTHETIC,REJECTION_FIRST,359
NQ,vwap_on_j+2,10,2.0,SYNTHETIC,NEITHER_REACHED,97
NQ,vwap_on_j+2,10,2.0,SYNTHETIC,SAME_BAR_BARRIER_TIE,6
NQ,vwap_on_j+2,15,0.5,REAL,CONTINUATION_FIRST,233
NQ,vwap_on_j+2,15,0.5,REAL,REJECTION_FIRST,187
NQ,vwap_on_j+2,15,0.5,REAL,SAME_BAR_BARRIER_TIE,83
NQ,vwap_on_j+2,15,0.5,SYNTHETIC,CONTINUATION_FIRST,353
NQ,vwap_on_j+2,15,0.5,SYNTHETIC,REJECTION_FIRST,304
NQ,vwap_on_j+2,15,0.5,SYNTHETIC,SAME_BAR_BARRIER_TIE,171
NQ,vwap_on_j+2,15,0.5,SYNTHETIC,NEITHER_REACHED,1
NQ,vwap_on_j+2,15,1.0,REAL,CONTINUATION_FIRST,255
NQ,vwap_on_j+2,15,1.0,REAL,REJECTION_FIRST,226
NQ,vwap_on_j+2,15,1.0,REAL,SAME_BAR_BARRIER_TIE,20
NQ,vwap_on_j+2,15,1.0,REAL,NEITHER_REACHED,2
NQ,vwap_on_j+2,15,1.0,SYNTHETIC,CONTINUATION_FIRST,411
NQ,vwap_on_j+2,15,1.0,SYNTHETIC,REJECTION_FIRST,375
NQ,vwap_on_j+2,15,1.0,SYNTHETIC,SAME_BAR_BARRIER_TIE,37
NQ,vwap_on_j+2,15,1.0,SYNTHETIC,NEITHER_REACHED,6
NQ,vwap_on_j+2,15,1.5,REAL,CONTINUATION_FIRST,265
NQ,vwap_on_j+2,15,1.5,REAL,REJECTION_FIRST,216
NQ,vwap_on_j+2,15,1.5,REAL,NEITHER_REACHED,17
NQ,vwap_on_j+2,15,1.5,REAL,SAME_BAR_BARRIER_TIE,5
NQ,vwap_on_j+2,15,1.5,SYNTHETIC,CONTINUATION_FIRST,403
NQ,vwap_on_j+2,15,1.5,SYNTHETIC,REJECTION_FIRST,389
NQ,vwap_on_j+2,15,1.5,SYNTHETIC,NEITHER_REACHED,21
NQ,vwap_on_j+2,15,1.5,SYNTHETIC,SAME_BAR_BARRIER_TIE,16
NQ,vwap_on_j+2,15,2.0,REAL,CONTINUATION_FIRST,243
NQ,vwap_on_j+2,15,2.0,REAL,REJECTION_FIRST,216
NQ,vwap_on_j+2,15,2.0,REAL,NEITHER_REACHED,43
NQ,vwap_on_j+2,15,2.0,REAL,SAME_BAR_BARRIER_TIE,1
NQ,vwap_on_j+2,15,2.0,SYNTHETIC,CONTINUATION_FIRST,390
NQ,vwap_on_j+2,15,2.0,SYNTHETIC,REJECTION_FIRST,373
NQ,vwap_on_j+2,15,2.0,SYNTHETIC,NEITHER_REACHED,60
NQ,vwap_on_j+2,15,2.0,SYNTHETIC,SAME_BAR_BARRIER_TIE,6
NQ,vwap_on_j+3,1,0.5,REAL,REJECTION_FIRST,125
NQ,vwap_on_j+3,1,0.5,REAL,CONTINUATION_FIRST,108
NQ,vwap_on_j+3,1,0.5,REAL,SAME_BAR_BARRIER_TIE,54
NQ,vwap_on_j+3,1,0.5,REAL,NEITHER_REACHED,17
NQ,vwap_on_j+3,1,0.5,SYNTHETIC,CONTINUATION_FIRST,297
NQ,vwap_on_j+3,1,0.5,SYNTHETIC,REJECTION_FIRST,279
NQ,vwap_on_j+3,1,0.5,SYNTHETIC,SAME_BAR_BARRIER_TIE,184
NQ,vwap_on_j+3,1,0.5,SYNTHETIC,NEITHER_REACHED,29
NQ,vwap_on_j+3,1,1.0,REAL,NEITHER_REACHED,115
NQ,vwap_on_j+3,1,1.0,REAL,REJECTION_FIRST,99
NQ,vwap_on_j+3,1,1.0,REAL,CONTINUATION_FIRST,84
NQ,vwap_on_j+3,1,1.0,REAL,SAME_BAR_BARRIER_TIE,6
NQ,vwap_on_j+3,1,1.0,SYNTHETIC,CONTINUATION_FIRST,277
NQ,vwap_on_j+3,1,1.0,SYNTHETIC,REJECTION_FIRST,252
NQ,vwap_on_j+3,1,1.0,SYNTHETIC,NEITHER_REACHED,218
NQ,vwap_on_j+3,1,1.0,SYNTHETIC,SAME_BAR_BARRIER_TIE,42
NQ,vwap_on_j+3,1,1.5,REAL,NEITHER_REACHED,206
NQ,vwap_on_j+3,1,1.5,REAL,REJECTION_FIRST,51
NQ,vwap_on_j+3,1,1.5,REAL,CONTINUATION_FIRST,46
NQ,vwap_on_j+3,1,1.5,REAL,SAME_BAR_BARRIER_TIE,1
NQ,vwap_on_j+3,1,1.5,SYNTHETIC,NEITHER_REACHED,410
NQ,vwap_on_j+3,1,1.5,SYNTHETIC,CONTINUATION_FIRST,199
NQ,vwap_on_j+3,1,1.5,SYNTHETIC,REJECTION_FIRST,170
NQ,vwap_on_j+3,1,1.5,SYNTHETIC,SAME_BAR_BARRIER_TIE,10
NQ,vwap_on_j+3,1,2.0,REAL,NEITHER_REACHED,252
NQ,vwap_on_j+3,1,2.0,REAL,REJECTION_FIRST,28
NQ,vwap_on_j+3,1,2.0,REAL,CONTINUATION_FIRST,24
NQ,vwap_on_j+3,1,2.0,SYNTHETIC,NEITHER_REACHED,541
NQ,vwap_on_j+3,1,2.0,SYNTHETIC,CONTINUATION_FIRST,128
NQ,vwap_on_j+3,1,2.0,SYNTHETIC,REJECTION_FIRST,114
NQ,vwap_on_j+3,1,2.0,SYNTHETIC,SAME_BAR_BARRIER_TIE,6
NQ,vwap_on_j+3,3,0.5,REAL,REJECTION_FIRST,133
NQ,vwap_on_j+3,3,0.5,REAL,CONTINUATION_FIRST,115
NQ,vwap_on_j+3,3,0.5,REAL,SAME_BAR_BARRIER_TIE,55
NQ,vwap_on_j+3,3,0.5,REAL,NEITHER_REACHED,1
NQ,vwap_on_j+3,3,0.5,SYNTHETIC,CONTINUATION_FIRST,311
NQ,vwap_on_j+3,3,0.5,SYNTHETIC,REJECTION_FIRST,288
NQ,vwap_on_j+3,3,0.5,SYNTHETIC,SAME_BAR_BARRIER_TIE,185
NQ,vwap_on_j+3,3,0.5,SYNTHETIC,NEITHER_REACHED,5
NQ,vwap_on_j+3,3,1.0,REAL,CONTINUATION_FIRST,128
NQ,vwap_on_j+3,3,1.0,REAL,REJECTION_FIRST,125
NQ,vwap_on_j+3,3,1.0,REAL,NEITHER_REACHED,44
NQ,vwap_on_j+3,3,1.0,REAL,SAME_BAR_BARRIER_TIE,7
NQ,vwap_on_j+3,3,1.0,SYNTHETIC,CONTINUATION_FIRST,350
NQ,vwap_on_j+3,3,1.0,SYNTHETIC,REJECTION_FIRST,324
NQ,vwap_on_j+3,3,1.0,SYNTHETIC,NEITHER_REACHED,72
NQ,vwap_on_j+3,3,1.0,SYNTHETIC,SAME_BAR_BARRIER_TIE,43
NQ,vwap_on_j+3,3,1.5,REAL,NEITHER_REACHED,110
NQ,vwap_on_j+3,3,1.5,REAL,CONTINUATION_FIRST,101
NQ,vwap_on_j+3,3,1.5,REAL,REJECTION_FIRST,92
NQ,vwap_on_j+3,3,1.5,REAL,SAME_BAR_BARRIER_TIE,1
NQ,vwap_on_j+3,3,1.5,SYNTHETIC,CONTINUATION_FIRST,322
NQ,vwap_on_j+3,3,1.5,SYNTHETIC,REJECTION_FIRST,276
NQ,vwap_on_j+3,3,1.5,SYNTHETIC,NEITHER_REACHED,181
NQ,vwap_on_j+3,3,1.5,SYNTHETIC,SAME_BAR_BARRIER_TIE,10
NQ,vwap_on_j+3,3,2.0,REAL,NEITHER_REACHED,179
NQ,vwap_on_j+3,3,2.0,REAL,CONTINUATION_FIRST,66
NQ,vwap_on_j+3,3,2.0,REAL,REJECTION_FIRST,59
NQ,vwap_on_j+3,3,2.0,SYNTHETIC,NEITHER_REACHED,330
NQ,vwap_on_j+3,3,2.0,SYNTHETIC,CONTINUATION_FIRST,236
NQ,vwap_on_j+3,3,2.0,SYNTHETIC,REJECTION_FIRST,217
NQ,vwap_on_j+3,3,2.0,SYNTHETIC,SAME_BAR_BARRIER_TIE,6
NQ,vwap_on_j+3,5,0.5,REAL,REJECTION_FIRST,133
NQ,vwap_on_j+3,5,0.5,REAL,CONTINUATION_FIRST,116
NQ,vwap_on_j+3,5,0.5,REAL,SAME_BAR_BARRIER_TIE,55
NQ,vwap_on_j+3,5,0.5,SYNTHETIC,CONTINUATION_FIRST,313
NQ,vwap_on_j+3,5,0.5,SYNTHETIC,REJECTION_FIRST,289
NQ,vwap_on_j+3,5,0.5,SYNTHETIC,SAME_BAR_BARRIER_TIE,185
NQ,vwap_on_j+3,5,0.5,SYNTHETIC,NEITHER_REACHED,2
NQ,vwap_on_j+3,5,1.0,REAL,CONTINUATION_FIRST,139
NQ,vwap_on_j+3,5,1.0,REAL,REJECTION_FIRST,137
NQ,vwap_on_j+3,5,1.0,REAL,NEITHER_REACHED,21
NQ,vwap_on_j+3,5,1.0,REAL,SAME_BAR_BARRIER_TIE,7
NQ,vwap_on_j+3,5,1.0,SYNTHETIC,CONTINUATION_FIRST,366
NQ,vwap_on_j+3,5,1.0,SYNTHETIC,REJECTION_FIRST,347
NQ,vwap_on_j+3,5,1.0,SYNTHETIC,SAME_BAR_BARRIER_TIE,43
NQ,vwap_on_j+3,5,1.0,SYNTHETIC,NEITHER_REACHED,33
NQ,vwap_on_j+3,5,1.5,REAL,CONTINUATION_FIRST,120
NQ,vwap_on_j+3,5,1.5,REAL,REJECTION_FIRST,109
NQ,vwap_on_j+3,5,1.5,REAL,NEITHER_REACHED,74
NQ,vwap_on_j+3,5,1.5,REAL,SAME_BAR_BARRIER_TIE,1
NQ,vwap_on_j+3,5,1.5,SYNTHETIC,CONTINUATION_FIRST,366
NQ,vwap_on_j+3,5,1.5,SYNTHETIC,REJECTION_FIRST,315
NQ,vwap_on_j+3,5,1.5,SYNTHETIC,NEITHER_REACHED,98
NQ,vwap_on_j+3,5,1.5,SYNTHETIC,SAME_BAR_BARRIER_TIE,10
NQ,vwap_on_j+3,5,2.0,REAL,NEITHER_REACHED,140
NQ,vwap_on_j+3,5,2.0,REAL,CONTINUATION_FIRST,88
NQ,vwap_on_j+3,5,2.0,REAL,REJECTION_FIRST,76
NQ,vwap_on_j+3,5,2.0,SYNTHETIC,CONTINUATION_FIRST,296
NQ,vwap_on_j+3,5,2.0,SYNTHETIC,REJECTION_FIRST,276
NQ,vwap_on_j+3,5,2.0,SYNTHETIC,NEITHER_REACHED,211
NQ,vwap_on_j+3,5,2.0,SYNTHETIC,SAME_BAR_BARRIER_TIE,6
NQ,vwap_on_j+3,10,0.5,REAL,REJECTION_FIRST,133
NQ,vwap_on_j+3,10,0.5,REAL,CONTINUATION_FIRST,116
NQ,vwap_on_j+3,10,0.5,REAL,SAME_BAR_BARRIER_TIE,55
NQ,vwap_on_j+3,10,0.5,SYNTHETIC,CONTINUATION_FIRST,313
NQ,vwap_on_j+3,10,0.5,SYNTHETIC,REJECTION_FIRST,291
NQ,vwap_on_j+3,10,0.5,SYNTHETIC,SAME_BAR_BARRIER_TIE,185
NQ,vwap_on_j+3,10,1.0,REAL,CONTINUATION_FIRST,147
NQ,vwap_on_j+3,10,1.0,REAL,REJECTION_FIRST,144
NQ,vwap_on_j+3,10,1.0,REAL,SAME_BAR_BARRIER_TIE,7
NQ,vwap_on_j+3,10,1.0,REAL,NEITHER_REACHED,6
NQ,vwap_on_j+3,10,1.0,SYNTHETIC,CONTINUATION_FIRST,375
NQ,vwap_on_j+3,10,1.0,SYNTHETIC,REJECTION_FIRST,364
NQ,vwap_on_j+3,10,1.0,SYNTHETIC,SAME_BAR_BARRIER_TIE,43
NQ,vwap_on_j+3,10,1.0,SYNTHETIC,NEITHER_REACHED,7
NQ,vwap_on_j+3,10,1.5,REAL,CONTINUATION_FIRST,142
NQ,vwap_on_j+3,10,1.5,REAL,REJECTION_FIRST,132
NQ,vwap_on_j+3,10,1.5,REAL,NEITHER_REACHED,28
NQ,vwap_on_j+3,10,1.5,REAL,SAME_BAR_BARRIER_TIE,2
NQ,vwap_on_j+3,10,1.5,SYNTHETIC,CONTINUATION_FIRST,394
NQ,vwap_on_j+3,10,1.5,SYNTHETIC,REJECTION_FIRST,345
NQ,vwap_on_j+3,10,1.5,SYNTHETIC,NEITHER_REACHED,40
NQ,vwap_on_j+3,10,1.5,SYNTHETIC,SAME_BAR_BARRIER_TIE,10
NQ,vwap_on_j+3,10,2.0,REAL,CONTINUATION_FIRST,124
NQ,vwap_on_j+3,10,2.0,REAL,REJECTION_FIRST,116
NQ,vwap_on_j+3,10,2.0,REAL,NEITHER_REACHED,64
NQ,vwap_on_j+3,10,2.0,SYNTHETIC,CONTINUATION_FIRST,352
NQ,vwap_on_j+3,10,2.0,SYNTHETIC,REJECTION_FIRST,338
NQ,vwap_on_j+3,10,2.0,SYNTHETIC,NEITHER_REACHED,93
NQ,vwap_on_j+3,10,2.0,SYNTHETIC,SAME_BAR_BARRIER_TIE,6
NQ,vwap_on_j+3,15,0.5,REAL,REJECTION_FIRST,133
NQ,vwap_on_j+3,15,0.5,REAL,CONTINUATION_FIRST,116
NQ,vwap_on_j+3,15,0.5,REAL,SAME_BAR_BARRIER_TIE,55
NQ,vwap_on_j+3,15,0.5,SYNTHETIC,CONTINUATION_FIRST,313
NQ,vwap_on_j+3,15,0.5,SYNTHETIC,REJECTION_FIRST,291
NQ,vwap_on_j+3,15,0.5,SYNTHETIC,SAME_BAR_BARRIER_TIE,185
NQ,vwap_on_j+3,15,1.0,REAL,CONTINUATION_FIRST,149
NQ,vwap_on_j+3,15,1.0,REAL,REJECTION_FIRST,146
NQ,vwap_on_j+3,15,1.0,REAL,SAME_BAR_BARRIER_TIE,7
NQ,vwap_on_j+3,15,1.0,REAL,NEITHER_REACHED,2
NQ,vwap_on_j+3,15,1.0,SYNTHETIC,CONTINUATION_FIRST,377
NQ,vwap_on_j+3,15,1.0,SYNTHETIC,REJECTION_FIRST,367
NQ,vwap_on_j+3,15,1.0,SYNTHETIC,SAME_BAR_BARRIER_TIE,43
NQ,vwap_on_j+3,15,1.0,SYNTHETIC,NEITHER_REACHED,2
NQ,vwap_on_j+3,15,1.5,REAL,CONTINUATION_FIRST,147
NQ,vwap_on_j+3,15,1.5,REAL,REJECTION_FIRST,142
NQ,vwap_on_j+3,15,1.5,REAL,NEITHER_REACHED,13
NQ,vwap_on_j+3,15,1.5,REAL,SAME_BAR_BARRIER_TIE,2
NQ,vwap_on_j+3,15,1.5,SYNTHETIC,CONTINUATION_FIRST,403
NQ,vwap_on_j+3,15,1.5,SYNTHETIC,REJECTION_FIRST,355
NQ,vwap_on_j+3,15,1.5,SYNTHETIC,NEITHER_REACHED,21
NQ,vwap_on_j+3,15,1.5,SYNTHETIC,SAME_BAR_BARRIER_TIE,10
NQ,vwap_on_j+3,15,2.0,REAL,CONTINUATION_FIRST,137
NQ,vwap_on_j+3,15,2.0,REAL,REJECTION_FIRST,135
NQ,vwap_on_j+3,15,2.0,REAL,NEITHER_REACHED,32
NQ,vwap_on_j+3,15,2.0,SYNTHETIC,CONTINUATION_FIRST,375
NQ,vwap_on_j+3,15,2.0,SYNTHETIC,REJECTION_FIRST,356
NQ,vwap_on_j+3,15,2.0,SYNTHETIC,NEITHER_REACHED,52
NQ,vwap_on_j+3,15,2.0,SYNTHETIC,SAME_BAR_BARRIER_TIE,6
NQ,vwap_on_j-1,1,0.5,REAL,CONTINUATION_FIRST,240
NQ,vwap_on_j-1,1,0.5,REAL,REJECTION_FIRST,224
NQ,vwap_on_j-1,1,0.5,REAL,SAME_BAR_BARRIER_TIE,193
NQ,vwap_on_j-1,1,0.5,REAL,NEITHER_REACHED,6
NQ,vwap_on_j-1,1,0.5,SYNTHETIC,REJECTION_FIRST,314
NQ,vwap_on_j-1,1,0.5,SYNTHETIC,CONTINUATION_FIRST,279
NQ,vwap_on_j-1,1,0.5,SYNTHETIC,SAME_BAR_BARRIER_TIE,242
NQ,vwap_on_j-1,1,0.5,SYNTHETIC,NEITHER_REACHED,7
NQ,vwap_on_j-1,1,1.0,REAL,CONTINUATION_FIRST,265
NQ,vwap_on_j-1,1,1.0,REAL,REJECTION_FIRST,245
NQ,vwap_on_j-1,1,1.0,REAL,NEITHER_REACHED,95
NQ,vwap_on_j-1,1,1.0,REAL,SAME_BAR_BARRIER_TIE,58
NQ,vwap_on_j-1,1,1.0,SYNTHETIC,REJECTION_FIRST,349
NQ,vwap_on_j-1,1,1.0,SYNTHETIC,CONTINUATION_FIRST,321
NQ,vwap_on_j-1,1,1.0,SYNTHETIC,SAME_BAR_BARRIER_TIE,90
NQ,vwap_on_j-1,1,1.0,SYNTHETIC,NEITHER_REACHED,82
NQ,vwap_on_j-1,1,1.5,REAL,NEITHER_REACHED,241
NQ,vwap_on_j-1,1,1.5,REAL,REJECTION_FIRST,204
NQ,vwap_on_j-1,1,1.5,REAL,CONTINUATION_FIRST,199
NQ,vwap_on_j-1,1,1.5,REAL,SAME_BAR_BARRIER_TIE,19
NQ,vwap_on_j-1,1,1.5,SYNTHETIC,REJECTION_FIRST,293
NQ,vwap_on_j-1,1,1.5,SYNTHETIC,CONTINUATION_FIRST,272
NQ,vwap_on_j-1,1,1.5,SYNTHETIC,NEITHER_REACHED,249
NQ,vwap_on_j-1,1,1.5,SYNTHETIC,SAME_BAR_BARRIER_TIE,28
NQ,vwap_on_j-1,1,2.0,REAL,NEITHER_REACHED,357
NQ,vwap_on_j-1,1,2.0,REAL,REJECTION_FIRST,155
NQ,vwap_on_j-1,1,2.0,REAL,CONTINUATION_FIRST,144
NQ,vwap_on_j-1,1,2.0,REAL,SAME_BAR_BARRIER_TIE,7
NQ,vwap_on_j-1,1,2.0,SYNTHETIC,NEITHER_REACHED,414
NQ,vwap_on_j-1,1,2.0,SYNTHETIC,REJECTION_FIRST,227
NQ,vwap_on_j-1,1,2.0,SYNTHETIC,CONTINUATION_FIRST,191
NQ,vwap_on_j-1,1,2.0,SYNTHETIC,SAME_BAR_BARRIER_TIE,10
NQ,vwap_on_j-1,3,0.5,REAL,CONTINUATION_FIRST,242
NQ,vwap_on_j-1,3,0.5,REAL,REJECTION_FIRST,226
NQ,vwap_on_j-1,3,0.5,REAL,SAME_BAR_BARRIER_TIE,193
NQ,vwap_on_j-1,3,0.5,REAL,NEITHER_REACHED,2
NQ,vwap_on_j-1,3,0.5,SYNTHETIC,REJECTION_FIRST,316
NQ,vwap_on_j-1,3,0.5,SYNTHETIC,CONTINUATION_FIRST,281
NQ,vwap_on_j-1,3,0.5,SYNTHETIC,SAME_BAR_BARRIER_TIE,242
NQ,vwap_on_j-1,3,0.5,SYNTHETIC,NEITHER_REACHED,3
NQ,vwap_on_j-1,3,1.0,REAL,CONTINUATION_FIRST,306
NQ,vwap_on_j-1,3,1.0,REAL,REJECTION_FIRST,278
NQ,vwap_on_j-1,3,1.0,REAL,SAME_BAR_BARRIER_TIE,60
NQ,vwap_on_j-1,3,1.0,REAL,NEITHER_REACHED,19
NQ,vwap_on_j-1,3,1.0,SYNTHETIC,REJECTION_FIRST,389
NQ,vwap_on_j-1,3,1.0,SYNTHETIC,CONTINUATION_FIRST,350
NQ,vwap_on_j-1,3,1.0,SYNTHETIC,SAME_BAR_BARRIER_TIE,94
NQ,vwap_on_j-1,3,1.0,SYNTHETIC,NEITHER_REACHED,9
NQ,vwap_on_j-1,3,1.5,REAL,CONTINUATION_FIRST,293
NQ,vwap_on_j-1,3,1.5,REAL,REJECTION_FIRST,273
NQ,vwap_on_j-1,3,1.5,REAL,NEITHER_REACHED,76
NQ,vwap_on_j-1,3,1.5,REAL,SAME_BAR_BARRIER_TIE,21
NQ,vwap_on_j-1,3,1.5,SYNTHETIC,REJECTION_FIRST,383
NQ,vwap_on_j-1,3,1.5,SYNTHETIC,CONTINUATION_FIRST,347
NQ,vwap_on_j-1,3,1.5,SYNTHETIC,NEITHER_REACHED,81
NQ,vwap_on_j-1,3,1.5,SYNTHETIC,SAME_BAR_BARRIER_TIE,31
NQ,vwap_on_j-1,3,2.0,REAL,REJECTION_FIRST,245
NQ,vwap_on_j-1,3,2.0,REAL,CONTINUATION_FIRST,238
NQ,vwap_on_j-1,3,2.0,REAL,NEITHER_REACHED,173
NQ,vwap_on_j-1,3,2.0,REAL,SAME_BAR_BARRIER_TIE,7
NQ,vwap_on_j-1,3,2.0,SYNTHETIC,REJECTION_FIRST,334
NQ,vwap_on_j-1,3,2.0,SYNTHETIC,CONTINUATION_FIRST,311
NQ,vwap_on_j-1,3,2.0,SYNTHETIC,NEITHER_REACHED,186
NQ,vwap_on_j-1,3,2.0,SYNTHETIC,SAME_BAR_BARRIER_TIE,11
NQ,vwap_on_j-1,5,0.5,REAL,CONTINUATION_FIRST,242
NQ,vwap_on_j-1,5,0.5,REAL,REJECTION_FIRST,227
NQ,vwap_on_j-1,5,0.5,REAL,SAME_BAR_BARRIER_TIE,193
NQ,vwap_on_j-1,5,0.5,REAL,NEITHER_REACHED,1
NQ,vwap_on_j-1,5,0.5,SYNTHETIC,REJECTION_FIRST,318
NQ,vwap_on_j-1,5,0.5,SYNTHETIC,CONTINUATION_FIRST,281
NQ,vwap_on_j-1,5,0.5,SYNTHETIC,SAME_BAR_BARRIER_TIE,242
NQ,vwap_on_j-1,5,0.5,SYNTHETIC,NEITHER_REACHED,1
NQ,vwap_on_j-1,5,1.0,REAL,CONTINUATION_FIRST,313
NQ,vwap_on_j-1,5,1.0,REAL,REJECTION_FIRST,283
NQ,vwap_on_j-1,5,1.0,REAL,SAME_BAR_BARRIER_TIE,60
NQ,vwap_on_j-1,5,1.0,REAL,NEITHER_REACHED,7
NQ,vwap_on_j-1,5,1.0,SYNTHETIC,REJECTION_FIRST,392
NQ,vwap_on_j-1,5,1.0,SYNTHETIC,CONTINUATION_FIRST,351
NQ,vwap_on_j-1,5,1.0,SYNTHETIC,SAME_BAR_BARRIER_TIE,94
NQ,vwap_on_j-1,5,1.0,SYNTHETIC,NEITHER_REACHED,5
NQ,vwap_on_j-1,5,1.5,REAL,CONTINUATION_FIRST,312
NQ,vwap_on_j-1,5,1.5,REAL,REJECTION_FIRST,288
NQ,vwap_on_j-1,5,1.5,REAL,NEITHER_REACHED,41
NQ,vwap_on_j-1,5,1.5,REAL,SAME_BAR_BARRIER_TIE,22
NQ,vwap_on_j-1,5,1.5,SYNTHETIC,REJECTION_FIRST,406
NQ,vwap_on_j-1,5,1.5,SYNTHETIC,CONTINUATION_FIRST,372
NQ,vwap_on_j-1,5,1.5,SYNTHETIC,NEITHER_REACHED,32
NQ,vwap_on_j-1,5,1.5,SYNTHETIC,SAME_BAR_BARRIER_TIE,32
NQ,vwap_on_j-1,5,2.0,REAL,REJECTION_FIRST,285
NQ,vwap_on_j-1,5,2.0,REAL,CONTINUATION_FIRST,271
NQ,vwap_on_j-1,5,2.0,REAL,NEITHER_REACHED,100
NQ,vwap_on_j-1,5,2.0,REAL,SAME_BAR_BARRIER_TIE,7
NQ,vwap_on_j-1,5,2.0,SYNTHETIC,REJECTION_FIRST,372
NQ,vwap_on_j-1,5,2.0,SYNTHETIC,CONTINUATION_FIRST,353
NQ,vwap_on_j-1,5,2.0,SYNTHETIC,NEITHER_REACHED,106
NQ,vwap_on_j-1,5,2.0,SYNTHETIC,SAME_BAR_BARRIER_TIE,11
NQ,vwap_on_j-1,10,0.5,REAL,CONTINUATION_FIRST,242
NQ,vwap_on_j-1,10,0.5,REAL,REJECTION_FIRST,227
NQ,vwap_on_j-1,10,0.5,REAL,SAME_BAR_BARRIER_TIE,193
NQ,vwap_on_j-1,10,0.5,REAL,NEITHER_REACHED,1
NQ,vwap_on_j-1,10,0.5,SYNTHETIC,REJECTION_FIRST,319
NQ,vwap_on_j-1,10,0.5,SYNTHETIC,CONTINUATION_FIRST,281
NQ,vwap_on_j-1,10,0.5,SYNTHETIC,SAME_BAR_BARRIER_TIE,242
NQ,vwap_on_j-1,10,1.0,REAL,CONTINUATION_FIRST,314
NQ,vwap_on_j-1,10,1.0,REAL,REJECTION_FIRST,287
NQ,vwap_on_j-1,10,1.0,REAL,SAME_BAR_BARRIER_TIE,60
NQ,vwap_on_j-1,10,1.0,REAL,NEITHER_REACHED,2
NQ,vwap_on_j-1,10,1.0,SYNTHETIC,REJECTION_FIRST,394
NQ,vwap_on_j-1,10,1.0,SYNTHETIC,CONTINUATION_FIRST,353
NQ,vwap_on_j-1,10,1.0,SYNTHETIC,SAME_BAR_BARRIER_TIE,94
NQ,vwap_on_j-1,10,1.0,SYNTHETIC,NEITHER_REACHED,1
NQ,vwap_on_j-1,10,1.5,REAL,CONTINUATION_FIRST,328
NQ,vwap_on_j-1,10,1.5,REAL,REJECTION_FIRST,301
NQ,vwap_on_j-1,10,1.5,REAL,SAME_BAR_BARRIER_TIE,22
NQ,vwap_on_j-1,10,1.5,REAL,NEITHER_REACHED,12
NQ,vwap_on_j-1,10,1.5,SYNTHETIC,REJECTION_FIRST,416
NQ,vwap_on_j-1,10,1.5,SYNTHETIC,CONTINUATION_FIRST,385
NQ,vwap_on_j-1,10,1.5,SYNTHETIC,SAME_BAR_BARRIER_TIE,32
NQ,vwap_on_j-1,10,1.5,SYNTHETIC,NEITHER_REACHED,9
NQ,vwap_on_j-1,10,2.0,REAL,REJECTION_FIRST,309
NQ,vwap_on_j-1,10,2.0,REAL,CONTINUATION_FIRST,306
NQ,vwap_on_j-1,10,2.0,REAL,NEITHER_REACHED,41
NQ,vwap_on_j-1,10,2.0,REAL,SAME_BAR_BARRIER_TIE,7
NQ,vwap_on_j-1,10,2.0,SYNTHETIC,REJECTION_FIRST,404
NQ,vwap_on_j-1,10,2.0,SYNTHETIC,CONTINUATION_FIRST,389
NQ,vwap_on_j-1,10,2.0,SYNTHETIC,NEITHER_REACHED,38
NQ,vwap_on_j-1,10,2.0,SYNTHETIC,SAME_BAR_BARRIER_TIE,11
NQ,vwap_on_j-1,15,0.5,REAL,CONTINUATION_FIRST,242
NQ,vwap_on_j-1,15,0.5,REAL,REJECTION_FIRST,227
NQ,vwap_on_j-1,15,0.5,REAL,SAME_BAR_BARRIER_TIE,193
NQ,vwap_on_j-1,15,0.5,REAL,NEITHER_REACHED,1
NQ,vwap_on_j-1,15,0.5,SYNTHETIC,REJECTION_FIRST,319
NQ,vwap_on_j-1,15,0.5,SYNTHETIC,CONTINUATION_FIRST,281
NQ,vwap_on_j-1,15,0.5,SYNTHETIC,SAME_BAR_BARRIER_TIE,242
NQ,vwap_on_j-1,15,1.0,REAL,CONTINUATION_FIRST,315
NQ,vwap_on_j-1,15,1.0,REAL,REJECTION_FIRST,287
NQ,vwap_on_j-1,15,1.0,REAL,SAME_BAR_BARRIER_TIE,60
NQ,vwap_on_j-1,15,1.0,REAL,NEITHER_REACHED,1
NQ,vwap_on_j-1,15,1.0,SYNTHETIC,REJECTION_FIRST,394
NQ,vwap_on_j-1,15,1.0,SYNTHETIC,CONTINUATION_FIRST,353
NQ,vwap_on_j-1,15,1.0,SYNTHETIC,SAME_BAR_BARRIER_TIE,94
NQ,vwap_on_j-1,15,1.0,SYNTHETIC,NEITHER_REACHED,1
NQ,vwap_on_j-1,15,1.5,REAL,CONTINUATION_FIRST,330
NQ,vwap_on_j-1,15,1.5,REAL,REJECTION_FIRST,305
NQ,vwap_on_j-1,15,1.5,REAL,SAME_BAR_BARRIER_TIE,22
NQ,vwap_on_j-1,15,1.5,REAL,NEITHER_REACHED,6
NQ,vwap_on_j-1,15,1.5,SYNTHETIC,REJECTION_FIRST,422
NQ,vwap_on_j-1,15,1.5,SYNTHETIC,CONTINUATION_FIRST,386
NQ,vwap_on_j-1,15,1.5,SYNTHETIC,SAME_BAR_BARRIER_TIE,32
NQ,vwap_on_j-1,15,1.5,SYNTHETIC,NEITHER_REACHED,2
NQ,vwap_on_j-1,15,2.0,REAL,REJECTION_FIRST,320
NQ,vwap_on_j-1,15,2.0,REAL,CONTINUATION_FIRST,315
NQ,vwap_on_j-1,15,2.0,REAL,NEITHER_REACHED,21
NQ,vwap_on_j-1,15,2.0,REAL,SAME_BAR_BARRIER_TIE,7
NQ,vwap_on_j-1,15,2.0,SYNTHETIC,REJECTION_FIRST,416
NQ,vwap_on_j-1,15,2.0,SYNTHETIC,CONTINUATION_FIRST,401
NQ,vwap_on_j-1,15,2.0,SYNTHETIC,NEITHER_REACHED,14
NQ,vwap_on_j-1,15,2.0,SYNTHETIC,SAME_BAR_BARRIER_TIE,11
NQ,vwap_on_j-2,1,0.5,REAL,CONTINUATION_FIRST,173
NQ,vwap_on_j-2,1,0.5,REAL,REJECTION_FIRST,167
NQ,vwap_on_j-2,1,0.5,REAL,SAME_BAR_BARRIER_TIE,136
NQ,vwap_on_j-2,1,0.5,REAL,NEITHER_REACHED,6
NQ,vwap_on_j-2,1,0.5,SYNTHETIC,REJECTION_FIRST,297
NQ,vwap_on_j-2,1,0.5,SYNTHETIC,CONTINUATION_FIRST,289
NQ,vwap_on_j-2,1,0.5,SYNTHETIC,SAME_BAR_BARRIER_TIE,240
NQ,vwap_on_j-2,1,0.5,SYNTHETIC,NEITHER_REACHED,6
NQ,vwap_on_j-2,1,1.0,REAL,CONTINUATION_FIRST,187
NQ,vwap_on_j-2,1,1.0,REAL,REJECTION_FIRST,181
NQ,vwap_on_j-2,1,1.0,REAL,NEITHER_REACHED,69
NQ,vwap_on_j-2,1,1.0,REAL,SAME_BAR_BARRIER_TIE,45
NQ,vwap_on_j-2,1,1.0,SYNTHETIC,CONTINUATION_FIRST,329
NQ,vwap_on_j-2,1,1.0,SYNTHETIC,REJECTION_FIRST,315
NQ,vwap_on_j-2,1,1.0,SYNTHETIC,NEITHER_REACHED,105
NQ,vwap_on_j-2,1,1.0,SYNTHETIC,SAME_BAR_BARRIER_TIE,83
NQ,vwap_on_j-2,1,1.5,REAL,NEITHER_REACHED,171
NQ,vwap_on_j-2,1,1.5,REAL,REJECTION_FIRST,150
NQ,vwap_on_j-2,1,1.5,REAL,CONTINUATION_FIRST,148
NQ,vwap_on_j-2,1,1.5,REAL,SAME_BAR_BARRIER_TIE,13
NQ,vwap_on_j-2,1,1.5,SYNTHETIC,NEITHER_REACHED,285
NQ,vwap_on_j-2,1,1.5,SYNTHETIC,CONTINUATION_FIRST,260
NQ,vwap_on_j-2,1,1.5,SYNTHETIC,REJECTION_FIRST,257
NQ,vwap_on_j-2,1,1.5,SYNTHETIC,SAME_BAR_BARRIER_TIE,30
NQ,vwap_on_j-2,1,2.0,REAL,NEITHER_REACHED,263
NQ,vwap_on_j-2,1,2.0,REAL,REJECTION_FIRST,109
NQ,vwap_on_j-2,1,2.0,REAL,CONTINUATION_FIRST,103
NQ,vwap_on_j-2,1,2.0,REAL,SAME_BAR_BARRIER_TIE,7
NQ,vwap_on_j-2,1,2.0,SYNTHETIC,NEITHER_REACHED,421
NQ,vwap_on_j-2,1,2.0,SYNTHETIC,REJECTION_FIRST,202
NQ,vwap_on_j-2,1,2.0,SYNTHETIC,CONTINUATION_FIRST,198
NQ,vwap_on_j-2,1,2.0,SYNTHETIC,SAME_BAR_BARRIER_TIE,11
NQ,vwap_on_j-2,3,0.5,REAL,CONTINUATION_FIRST,176
NQ,vwap_on_j-2,3,0.5,REAL,REJECTION_FIRST,169
NQ,vwap_on_j-2,3,0.5,REAL,SAME_BAR_BARRIER_TIE,137
NQ,vwap_on_j-2,3,0.5,SYNTHETIC,REJECTION_FIRST,300
NQ,vwap_on_j-2,3,0.5,SYNTHETIC,CONTINUATION_FIRST,292
NQ,vwap_on_j-2,3,0.5,SYNTHETIC,SAME_BAR_BARRIER_TIE,240
NQ,vwap_on_j-2,3,1.0,REAL,CONTINUATION_FIRST,213
NQ,vwap_on_j-2,3,1.0,REAL,REJECTION_FIRST,206
NQ,vwap_on_j-2,3,1.0,REAL,SAME_BAR_BARRIER_TIE,49
NQ,vwap_on_j-2,3,1.0,REAL,NEITHER_REACHED,14
NQ,vwap_on_j-2,3,1.0,SYNTHETIC,CONTINUATION_FIRST,375
NQ,vwap_on_j-2,3,1.0,SYNTHETIC,REJECTION_FIRST,360
NQ,vwap_on_j-2,3,1.0,SYNTHETIC,SAME_BAR_BARRIER_TIE,84
NQ,vwap_on_j-2,3,1.0,SYNTHETIC,NEITHER_REACHED,13
NQ,vwap_on_j-2,3,1.5,REAL,CONTINUATION_FIRST,204
NQ,vwap_on_j-2,3,1.5,REAL,REJECTION_FIRST,198
NQ,vwap_on_j-2,3,1.5,REAL,NEITHER_REACHED,67
NQ,vwap_on_j-2,3,1.5,REAL,SAME_BAR_BARRIER_TIE,13
NQ,vwap_on_j-2,3,1.5,SYNTHETIC,CONTINUATION_FIRST,355
NQ,vwap_on_j-2,3,1.5,SYNTHETIC,REJECTION_FIRST,347
NQ,vwap_on_j-2,3,1.5,SYNTHETIC,NEITHER_REACHED,99
NQ,vwap_on_j-2,3,1.5,SYNTHETIC,SAME_BAR_BARRIER_TIE,31
NQ,vwap_on_j-2,3,2.0,REAL,CONTINUATION_FIRST,167
NQ,vwap_on_j-2,3,2.0,REAL,REJECTION_FIRST,167
NQ,vwap_on_j-2,3,2.0,REAL,NEITHER_REACHED,141
NQ,vwap_on_j-2,3,2.0,REAL,SAME_BAR_BARRIER_TIE,7
NQ,vwap_on_j-2,3,2.0,SYNTHETIC,CONTINUATION_FIRST,327
NQ,vwap_on_j-2,3,2.0,SYNTHETIC,REJECTION_FIRST,299
NQ,vwap_on_j-2,3,2.0,SYNTHETIC,NEITHER_REACHED,195
NQ,vwap_on_j-2,3,2.0,SYNTHETIC,SAME_BAR_BARRIER_TIE,11
NQ,vwap_on_j-2,5,0.5,REAL,CONTINUATION_FIRST,176
NQ,vwap_on_j-2,5,0.5,REAL,REJECTION_FIRST,169
NQ,vwap_on_j-2,5,0.5,REAL,SAME_BAR_BARRIER_TIE,137
NQ,vwap_on_j-2,5,0.5,SYNTHETIC,REJECTION_FIRST,300
NQ,vwap_on_j-2,5,0.5,SYNTHETIC,CONTINUATION_FIRST,292
NQ,vwap_on_j-2,5,0.5,SYNTHETIC,SAME_BAR_BARRIER_TIE,240
NQ,vwap_on_j-2,5,1.0,REAL,CONTINUATION_FIRST,218
NQ,vwap_on_j-2,5,1.0,REAL,REJECTION_FIRST,211
NQ,vwap_on_j-2,5,1.0,REAL,SAME_BAR_BARRIER_TIE,50
NQ,vwap_on_j-2,5,1.0,REAL,NEITHER_REACHED,3
NQ,vwap_on_j-2,5,1.0,SYNTHETIC,CONTINUATION_FIRST,376
NQ,vwap_on_j-2,5,1.0,SYNTHETIC,REJECTION_FIRST,368
NQ,vwap_on_j-2,5,1.0,SYNTHETIC,SAME_BAR_BARRIER_TIE,85
NQ,vwap_on_j-2,5,1.0,SYNTHETIC,NEITHER_REACHED,3
NQ,vwap_on_j-2,5,1.5,REAL,CONTINUATION_FIRST,224
NQ,vwap_on_j-2,5,1.5,REAL,REJECTION_FIRST,217
NQ,vwap_on_j-2,5,1.5,REAL,NEITHER_REACHED,28
NQ,vwap_on_j-2,5,1.5,REAL,SAME_BAR_BARRIER_TIE,13
NQ,vwap_on_j-2,5,1.5,SYNTHETIC,REJECTION_FIRST,382
NQ,vwap_on_j-2,5,1.5,SYNTHETIC,CONTINUATION_FIRST,376
NQ,vwap_on_j-2,5,1.5,SYNTHETIC,NEITHER_REACHED,43
NQ,vwap_on_j-2,5,1.5,SYNTHETIC,SAME_BAR_BARRIER_TIE,31
NQ,vwap_on_j-2,5,2.0,REAL,CONTINUATION_FIRST,201
NQ,vwap_on_j-2,5,2.0,REAL,REJECTION_FIRST,199
NQ,vwap_on_j-2,5,2.0,REAL,NEITHER_REACHED,75
NQ,vwap_on_j-2,5,2.0,REAL,SAME_BAR_BARRIER_TIE,7
NQ,vwap_on_j-2,5,2.0,SYNTHETIC,CONTINUATION_FIRST,373
NQ,vwap_on_j-2,5,2.0,SYNTHETIC,REJECTION_FIRST,337
NQ,vwap_on_j-2,5,2.0,SYNTHETIC,NEITHER_REACHED,111
NQ,vwap_on_j-2,5,2.0,SYNTHETIC,SAME_BAR_BARRIER_TIE,11
NQ,vwap_on_j-2,10,0.5,REAL,CONTINUATION_FIRST,176
NQ,vwap_on_j-2,10,0.5,REAL,REJECTION_FIRST,169
NQ,vwap_on_j-2,10,0.5,REAL,SAME_BAR_BARRIER_TIE,137
NQ,vwap_on_j-2,10,0.5,SYNTHETIC,REJECTION_FIRST,300
NQ,vwap_on_j-2,10,0.5,SYNTHETIC,CONTINUATION_FIRST,292
NQ,vwap_on_j-2,10,0.5,SYNTHETIC,SAME_BAR_BARRIER_TIE,240
NQ,vwap_on_j-2,10,1.0,REAL,CONTINUATION_FIRST,221
NQ,vwap_on_j-2,10,1.0,REAL,REJECTION_FIRST,211
NQ,vwap_on_j-2,10,1.0,REAL,SAME_BAR_BARRIER_TIE,50
NQ,vwap_on_j-2,10,1.0,SYNTHETIC,CONTINUATION_FIRST,378
NQ,vwap_on_j-2,10,1.0,SYNTHETIC,REJECTION_FIRST,368
NQ,vwap_on_j-2,10,1.0,SYNTHETIC,SAME_BAR_BARRIER_TIE,85
NQ,vwap_on_j-2,10,1.0,SYNTHETIC,NEITHER_REACHED,1
NQ,vwap_on_j-2,10,1.5,REAL,CONTINUATION_FIRST,233
NQ,vwap_on_j-2,10,1.5,REAL,REJECTION_FIRST,229
NQ,vwap_on_j-2,10,1.5,REAL,SAME_BAR_BARRIER_TIE,13
NQ,vwap_on_j-2,10,1.5,REAL,NEITHER_REACHED,7
NQ,vwap_on_j-2,10,1.5,SYNTHETIC,REJECTION_FIRST,401
NQ,vwap_on_j-2,10,1.5,SYNTHETIC,CONTINUATION_FIRST,393
NQ,vwap_on_j-2,10,1.5,SYNTHETIC,SAME_BAR_BARRIER_TIE,31
NQ,vwap_on_j-2,10,1.5,SYNTHETIC,NEITHER_REACHED,7
NQ,vwap_on_j-2,10,2.0,REAL,REJECTION_FIRST,226
NQ,vwap_on_j-2,10,2.0,REAL,CONTINUATION_FIRST,223
NQ,vwap_on_j-2,10,2.0,REAL,NEITHER_REACHED,26
NQ,vwap_on_j-2,10,2.0,REAL,SAME_BAR_BARRIER_TIE,7
NQ,vwap_on_j-2,10,2.0,SYNTHETIC,CONTINUATION_FIRST,410
NQ,vwap_on_j-2,10,2.0,SYNTHETIC,REJECTION_FIRST,373
NQ,vwap_on_j-2,10,2.0,SYNTHETIC,NEITHER_REACHED,38
NQ,vwap_on_j-2,10,2.0,SYNTHETIC,SAME_BAR_BARRIER_TIE,11
NQ,vwap_on_j-2,15,0.5,REAL,CONTINUATION_FIRST,176
NQ,vwap_on_j-2,15,0.5,REAL,REJECTION_FIRST,169
NQ,vwap_on_j-2,15,0.5,REAL,SAME_BAR_BARRIER_TIE,137
NQ,vwap_on_j-2,15,0.5,SYNTHETIC,REJECTION_FIRST,300
NQ,vwap_on_j-2,15,0.5,SYNTHETIC,CONTINUATION_FIRST,292
NQ,vwap_on_j-2,15,0.5,SYNTHETIC,SAME_BAR_BARRIER_TIE,240
NQ,vwap_on_j-2,15,1.0,REAL,CONTINUATION_FIRST,221
NQ,vwap_on_j-2,15,1.0,REAL,REJECTION_FIRST,211
NQ,vwap_on_j-2,15,1.0,REAL,SAME_BAR_BARRIER_TIE,50
NQ,vwap_on_j-2,15,1.0,SYNTHETIC,CONTINUATION_FIRST,379
NQ,vwap_on_j-2,15,1.0,SYNTHETIC,REJECTION_FIRST,368
NQ,vwap_on_j-2,15,1.0,SYNTHETIC,SAME_BAR_BARRIER_TIE,85
NQ,vwap_on_j-2,15,1.5,REAL,CONTINUATION_FIRST,234
NQ,vwap_on_j-2,15,1.5,REAL,REJECTION_FIRST,231
NQ,vwap_on_j-2,15,1.5,REAL,SAME_BAR_BARRIER_TIE,13
NQ,vwap_on_j-2,15,1.5,REAL,NEITHER_REACHED,4
NQ,vwap_on_j-2,15,1.5,SYNTHETIC,REJECTION_FIRST,402
NQ,vwap_on_j-2,15,1.5,SYNTHETIC,CONTINUATION_FIRST,396
NQ,vwap_on_j-2,15,1.5,SYNTHETIC,SAME_BAR_BARRIER_TIE,31
NQ,vwap_on_j-2,15,1.5,SYNTHETIC,NEITHER_REACHED,3
NQ,vwap_on_j-2,15,2.0,REAL,REJECTION_FIRST,231
NQ,vwap_on_j-2,15,2.0,REAL,CONTINUATION_FIRST,229
NQ,vwap_on_j-2,15,2.0,REAL,NEITHER_REACHED,15
NQ,vwap_on_j-2,15,2.0,REAL,SAME_BAR_BARRIER_TIE,7
NQ,vwap_on_j-2,15,2.0,SYNTHETIC,CONTINUATION_FIRST,423
NQ,vwap_on_j-2,15,2.0,SYNTHETIC,REJECTION_FIRST,382
NQ,vwap_on_j-2,15,2.0,SYNTHETIC,NEITHER_REACHED,16
NQ,vwap_on_j-2,15,2.0,SYNTHETIC,SAME_BAR_BARRIER_TIE,11
NQ,vwap_on_j-3,1,0.5,REAL,CONTINUATION_FIRST,118
NQ,vwap_on_j-3,1,0.5,REAL,REJECTION_FIRST,107
NQ,vwap_on_j-3,1,0.5,REAL,SAME_BAR_BARRIER_TIE,70
NQ,vwap_on_j-3,1,0.5,REAL,NEITHER_REACHED,3
NQ,vwap_on_j-3,1,0.5,SYNTHETIC,CONTINUATION_FIRST,293
NQ,vwap_on_j-3,1,0.5,SYNTHETIC,REJECTION_FIRST,275
NQ,vwap_on_j-3,1,0.5,SYNTHETIC,SAME_BAR_BARRIER_TIE,235
NQ,vwap_on_j-3,1,0.5,SYNTHETIC,NEITHER_REACHED,7
NQ,vwap_on_j-3,1,1.0,REAL,CONTINUATION_FIRST,109
NQ,vwap_on_j-3,1,1.0,REAL,REJECTION_FIRST,107
NQ,vwap_on_j-3,1,1.0,REAL,NEITHER_REACHED,66
NQ,vwap_on_j-3,1,1.0,REAL,SAME_BAR_BARRIER_TIE,16
NQ,vwap_on_j-3,1,1.0,SYNTHETIC,CONTINUATION_FIRST,317
NQ,vwap_on_j-3,1,1.0,SYNTHETIC,REJECTION_FIRST,295
NQ,vwap_on_j-3,1,1.0,SYNTHETIC,NEITHER_REACHED,112
NQ,vwap_on_j-3,1,1.0,SYNTHETIC,SAME_BAR_BARRIER_TIE,86
NQ,vwap_on_j-3,1,1.5,REAL,NEITHER_REACHED,124
NQ,vwap_on_j-3,1,1.5,REAL,CONTINUATION_FIRST,94
NQ,vwap_on_j-3,1,1.5,REAL,REJECTION_FIRST,78
NQ,vwap_on_j-3,1,1.5,REAL,SAME_BAR_BARRIER_TIE,2
NQ,vwap_on_j-3,1,1.5,SYNTHETIC,NEITHER_REACHED,299
NQ,vwap_on_j-3,1,1.5,SYNTHETIC,REJECTION_FIRST,240
NQ,vwap_on_j-3,1,1.5,SYNTHETIC,CONTINUATION_FIRST,240
NQ,vwap_on_j-3,1,1.5,SYNTHETIC,SAME_BAR_BARRIER_TIE,31
NQ,vwap_on_j-3,1,2.0,REAL,NEITHER_REACHED,184
NQ,vwap_on_j-3,1,2.0,REAL,CONTINUATION_FIRST,57
NQ,vwap_on_j-3,1,2.0,REAL,REJECTION_FIRST,56
NQ,vwap_on_j-3,1,2.0,REAL,SAME_BAR_BARRIER_TIE,1
NQ,vwap_on_j-3,1,2.0,SYNTHETIC,NEITHER_REACHED,438
NQ,vwap_on_j-3,1,2.0,SYNTHETIC,REJECTION_FIRST,189
NQ,vwap_on_j-3,1,2.0,SYNTHETIC,CONTINUATION_FIRST,172
NQ,vwap_on_j-3,1,2.0,SYNTHETIC,SAME_BAR_BARRIER_TIE,11
NQ,vwap_on_j-3,3,0.5,REAL,CONTINUATION_FIRST,119
NQ,vwap_on_j-3,3,0.5,REAL,REJECTION_FIRST,109
NQ,vwap_on_j-3,3,0.5,REAL,SAME_BAR_BARRIER_TIE,70
NQ,vwap_on_j-3,3,0.5,SYNTHETIC,CONTINUATION_FIRST,295
NQ,vwap_on_j-3,3,0.5,SYNTHETIC,REJECTION_FIRST,280
NQ,vwap_on_j-3,3,0.5,SYNTHETIC,SAME_BAR_BARRIER_TIE,235
NQ,vwap_on_j-3,3,1.0,REAL,CONTINUATION_FIRST,133
NQ,vwap_on_j-3,3,1.0,REAL,REJECTION_FIRST,131
NQ,vwap_on_j-3,3,1.0,REAL,SAME_BAR_BARRIER_TIE,19
NQ,vwap_on_j-3,3,1.0,REAL,NEITHER_REACHED,15
NQ,vwap_on_j-3,3,1.0,SYNTHETIC,REJECTION_FIRST,350
NQ,vwap_on_j-3,3,1.0,SYNTHETIC,CONTINUATION_FIRST,349
NQ,vwap_on_j-3,3,1.0,SYNTHETIC,SAME_BAR_BARRIER_TIE,90
NQ,vwap_on_j-3,3,1.0,SYNTHETIC,NEITHER_REACHED,21
NQ,vwap_on_j-3,3,1.5,REAL,CONTINUATION_FIRST,125
NQ,vwap_on_j-3,3,1.5,REAL,REJECTION_FIRST,120
NQ,vwap_on_j-3,3,1.5,REAL,NEITHER_REACHED,50
NQ,vwap_on_j-3,3,1.5,REAL,SAME_BAR_BARRIER_TIE,3
NQ,vwap_on_j-3,3,1.5,SYNTHETIC,REJECTION_FIRST,341
NQ,vwap_on_j-3,3,1.5,SYNTHETIC,CONTINUATION_FIRST,334
NQ,vwap_on_j-3,3,1.5,SYNTHETIC,NEITHER_REACHED,103
NQ,vwap_on_j-3,3,1.5,SYNTHETIC,SAME_BAR_BARRIER_TIE,32
NQ,vwap_on_j-3,3,2.0,REAL,NEITHER_REACHED,105
NQ,vwap_on_j-3,3,2.0,REAL,CONTINUATION_FIRST,98
NQ,vwap_on_j-3,3,2.0,REAL,REJECTION_FIRST,94
NQ,vwap_on_j-3,3,2.0,REAL,SAME_BAR_BARRIER_TIE,1
NQ,vwap_on_j-3,3,2.0,SYNTHETIC,REJECTION_FIRST,300
NQ,vwap_on_j-3,3,2.0,SYNTHETIC,CONTINUATION_FIRST,295
NQ,vwap_on_j-3,3,2.0,SYNTHETIC,NEITHER_REACHED,203
NQ,vwap_on_j-3,3,2.0,SYNTHETIC,SAME_BAR_BARRIER_TIE,12
NQ,vwap_on_j-3,5,0.5,REAL,CONTINUATION_FIRST,119
NQ,vwap_on_j-3,5,0.5,REAL,REJECTION_FIRST,109
NQ,vwap_on_j-3,5,0.5,REAL,SAME_BAR_BARRIER_TIE,70
NQ,vwap_on_j-3,5,0.5,SYNTHETIC,CONTINUATION_FIRST,295
NQ,vwap_on_j-3,5,0.5,SYNTHETIC,REJECTION_FIRST,280
NQ,vwap_on_j-3,5,0.5,SYNTHETIC,SAME_BAR_BARRIER_TIE,235
NQ,vwap_on_j-3,5,1.0,REAL,REJECTION_FIRST,138
NQ,vwap_on_j-3,5,1.0,REAL,CONTINUATION_FIRST,137
NQ,vwap_on_j-3,5,1.0,REAL,SAME_BAR_BARRIER_TIE,19
NQ,vwap_on_j-3,5,1.0,REAL,NEITHER_REACHED,4
NQ,vwap_on_j-3,5,1.0,SYNTHETIC,REJECTION_FIRST,360
NQ,vwap_on_j-3,5,1.0,SYNTHETIC,CONTINUATION_FIRST,351
NQ,vwap_on_j-3,5,1.0,SYNTHETIC,SAME_BAR_BARRIER_TIE,90
NQ,vwap_on_j-3,5,1.0,SYNTHETIC,NEITHER_REACHED,9
NQ,vwap_on_j-3,5,1.5,REAL,CONTINUATION_FIRST,138
NQ,vwap_on_j-3,5,1.5,REAL,REJECTION_FIRST,134
NQ,vwap_on_j-3,5,1.5,REAL,NEITHER_REACHED,23
NQ,vwap_on_j-3,5,1.5,REAL,SAME_BAR_BARRIER_TIE,3
NQ,vwap_on_j-3,5,1.5,SYNTHETIC,REJECTION_FIRST,372
NQ,vwap_on_j-3,5,1.5,SYNTHETIC,CONTINUATION_FIRST,358
NQ,vwap_on_j-3,5,1.5,SYNTHETIC,NEITHER_REACHED,48
NQ,vwap_on_j-3,5,1.5,SYNTHETIC,SAME_BAR_BARRIER_TIE,32
NQ,vwap_on_j-3,5,2.0,REAL,REJECTION_FIRST,121
NQ,vwap_on_j-3,5,2.0,REAL,CONTINUATION_FIRST,119
NQ,vwap_on_j-3,5,2.0,REAL,NEITHER_REACHED,57
NQ,vwap_on_j-3,5,2.0,REAL,SAME_BAR_BARRIER_TIE,1
NQ,vwap_on_j-3,5,2.0,SYNTHETIC,REJECTION_FIRST,341
NQ,vwap_on_j-3,5,2.0,SYNTHETIC,CONTINUATION_FIRST,338
NQ,vwap_on_j-3,5,2.0,SYNTHETIC,NEITHER_REACHED,119
NQ,vwap_on_j-3,5,2.0,SYNTHETIC,SAME_BAR_BARRIER_TIE,12
NQ,vwap_on_j-3,10,0.5,REAL,CONTINUATION_FIRST,119
NQ,vwap_on_j-3,10,0.5,REAL,REJECTION_FIRST,109
NQ,vwap_on_j-3,10,0.5,REAL,SAME_BAR_BARRIER_TIE,70
NQ,vwap_on_j-3,10,0.5,SYNTHETIC,CONTINUATION_FIRST,295
NQ,vwap_on_j-3,10,0.5,SYNTHETIC,REJECTION_FIRST,280
NQ,vwap_on_j-3,10,0.5,SYNTHETIC,SAME_BAR_BARRIER_TIE,235
NQ,vwap_on_j-3,10,1.0,REAL,REJECTION_FIRST,141
NQ,vwap_on_j-3,10,1.0,REAL,CONTINUATION_FIRST,137
NQ,vwap_on_j-3,10,1.0,REAL,SAME_BAR_BARRIER_TIE,19
NQ,vwap_on_j-3,10,1.0,REAL,NEITHER_REACHED,1
NQ,vwap_on_j-3,10,1.0,SYNTHETIC,REJECTION_FIRST,365
NQ,vwap_on_j-3,10,1.0,SYNTHETIC,CONTINUATION_FIRST,355
NQ,vwap_on_j-3,10,1.0,SYNTHETIC,SAME_BAR_BARRIER_TIE,90
NQ,vwap_on_j-3,10,1.5,REAL,CONTINUATION_FIRST,147
NQ,vwap_on_j-3,10,1.5,REAL,REJECTION_FIRST,142
NQ,vwap_on_j-3,10,1.5,REAL,NEITHER_REACHED,6
NQ,vwap_on_j-3,10,1.5,REAL,SAME_BAR_BARRIER_TIE,3
NQ,vwap_on_j-3,10,1.5,SYNTHETIC,REJECTION_FIRST,391
NQ,vwap_on_j-3,10,1.5,SYNTHETIC,CONTINUATION_FIRST,373
NQ,vwap_on_j-3,10,1.5,SYNTHETIC,SAME_BAR_BARRIER_TIE,32
NQ,vwap_on_j-3,10,1.5,SYNTHETIC,NEITHER_REACHED,14
NQ,vwap_on_j-3,10,2.0,REAL,REJECTION_FIRST,141
NQ,vwap_on_j-3,10,2.0,REAL,CONTINUATION_FIRST,135
NQ,vwap_on_j-3,10,2.0,REAL,NEITHER_REACHED,21
NQ,vwap_on_j-3,10,2.0,REAL,SAME_BAR_BARRIER_TIE,1
NQ,vwap_on_j-3,10,2.0,SYNTHETIC,REJECTION_FIRST,386
NQ,vwap_on_j-3,10,2.0,SYNTHETIC,CONTINUATION_FIRST,371
NQ,vwap_on_j-3,10,2.0,SYNTHETIC,NEITHER_REACHED,41
NQ,vwap_on_j-3,10,2.0,SYNTHETIC,SAME_BAR_BARRIER_TIE,12
NQ,vwap_on_j-3,15,0.5,REAL,CONTINUATION_FIRST,119
NQ,vwap_on_j-3,15,0.5,REAL,REJECTION_FIRST,109
NQ,vwap_on_j-3,15,0.5,REAL,SAME_BAR_BARRIER_TIE,70
NQ,vwap_on_j-3,15,0.5,SYNTHETIC,CONTINUATION_FIRST,295
NQ,vwap_on_j-3,15,0.5,SYNTHETIC,REJECTION_FIRST,280
NQ,vwap_on_j-3,15,0.5,SYNTHETIC,SAME_BAR_BARRIER_TIE,235
NQ,vwap_on_j-3,15,1.0,REAL,REJECTION_FIRST,141
NQ,vwap_on_j-3,15,1.0,REAL,CONTINUATION_FIRST,137
NQ,vwap_on_j-3,15,1.0,REAL,SAME_BAR_BARRIER_TIE,19
NQ,vwap_on_j-3,15,1.0,REAL,NEITHER_REACHED,1
NQ,vwap_on_j-3,15,1.0,SYNTHETIC,REJECTION_FIRST,365
NQ,vwap_on_j-3,15,1.0,SYNTHETIC,CONTINUATION_FIRST,355
NQ,vwap_on_j-3,15,1.0,SYNTHETIC,SAME_BAR_BARRIER_TIE,90
NQ,vwap_on_j-3,15,1.5,REAL,CONTINUATION_FIRST,151
NQ,vwap_on_j-3,15,1.5,REAL,REJECTION_FIRST,142
NQ,vwap_on_j-3,15,1.5,REAL,SAME_BAR_BARRIER_TIE,3
NQ,vwap_on_j-3,15,1.5,REAL,NEITHER_REACHED,2
NQ,vwap_on_j-3,15,1.5,SYNTHETIC,REJECTION_FIRST,393
NQ,vwap_on_j-3,15,1.5,SYNTHETIC,CONTINUATION_FIRST,380
NQ,vwap_on_j-3,15,1.5,SYNTHETIC,SAME_BAR_BARRIER_TIE,32
NQ,vwap_on_j-3,15,1.5,SYNTHETIC,NEITHER_REACHED,5
NQ,vwap_on_j-3,15,2.0,REAL,REJECTION_FIRST,148
NQ,vwap_on_j-3,15,2.0,REAL,CONTINUATION_FIRST,138
NQ,vwap_on_j-3,15,2.0,REAL,NEITHER_REACHED,11
NQ,vwap_on_j-3,15,2.0,REAL,SAME_BAR_BARRIER_TIE,1
NQ,vwap_on_j-3,15,2.0,SYNTHETIC,REJECTION_FIRST,397
NQ,vwap_on_j-3,15,2.0,SYNTHETIC,CONTINUATION_FIRST,381
NQ,vwap_on_j-3,15,2.0,SYNTHETIC,NEITHER_REACHED,20
NQ,vwap_on_j-3,15,2.0,SYNTHETIC,SAME_BAR_BARRIER_TIE,12
