instrument,level_id,horizon,k,n_real,n_synth,status,real_reach_continuation_rate,synth_reach_continuation_rate,real_reach_rejection_rate,synth_reach_rejection_rate
ES,mad_D_1.0,1,0.5,1065,1054,tested,0.6488262910798122,0.642314990512334,0.6394366197183099,0.6432637571157496
ES,mad_D_1.0,1,1.0,1065,1054,tested,0.5061032863849765,0.5104364326375711,0.5004694835680751,0.5142314990512334
ES,mad_D_1.0,1,1.5,1065,1054,tested,0.36619718309859156,0.3605313092979127,0.38215962441314555,0.38804554079696396
ES,mad_D_1.0,1,2.0,1065,1054,tested,0.26948356807511736,0.2675521821631879,0.28262910798122065,0.29316888045540795
ES,mad_D_1.0,3,0.5,1065,1054,tested,0.7652582159624414,0.7504743833017078,0.7474178403755869,0.7523719165085389
ES,mad_D_1.0,3,1.0,1065,1054,tested,0.64037558685446,0.6480075901328273,0.6309859154929578,0.635673624288425
ES,mad_D_1.0,3,1.5,1065,1054,tested,0.5464788732394367,0.5360531309297912,0.5305164319248826,0.5379506641366224
ES,mad_D_1.0,3,2.0,1065,1054,tested,0.45258215962441317,0.43738140417457305,0.4244131455399061,0.4411764705882353
ES,mad_D_1.0,5,0.5,1065,1054,tested,0.8075117370892019,0.8007590132827325,0.7943661971830986,0.7998102466793169
ES,mad_D_1.0,5,1.0,1065,1054,tested,0.7004694835680751,0.713472485768501,0.6929577464788732,0.698292220113852
ES,mad_D_1.0,5,1.5,1065,1054,tested,0.6150234741784038,0.611954459203036,0.6131455399061033,0.6024667931688804
ES,mad_D_1.0,5,2.0,1065,1054,tested,0.536150234741784,0.5218216318785579,0.5023474178403756,0.5104364326375711
ES,mad_D_1.0,10,0.5,1065,1054,tested,0.8403755868544601,0.8311195445920304,0.8403755868544601,0.8453510436432637
ES,mad_D_1.0,10,1.0,1065,1054,tested,0.7652582159624414,0.7732447817836812,0.7690140845070422,0.7722960151802657
ES,mad_D_1.0,10,1.5,1065,1054,tested,0.7032863849765258,0.6973434535104365,0.7004694835680751,0.6963946869070209
ES,mad_D_1.0,10,2.0,1065,1054,tested,0.6272300469483568,0.6138519924098672,0.612206572769953,0.6110056925996205
ES,mad_D_1.0,15,0.5,1065,1054,tested,0.8647887323943662,0.8586337760910816,0.860093896713615,0.8633776091081594
ES,mad_D_1.0,15,1.0,1065,1054,tested,0.8009389671361502,0.8074003795066413,0.7971830985915493,0.7998102466793169
ES,mad_D_1.0,15,1.5,1065,1054,tested,0.7464788732394366,0.7381404174573055,0.748356807511737,0.7438330170777988
ES,mad_D_1.0,15,2.0,1065,1054,tested,0.6788732394366197,0.6688804554079696,0.676056338028169,0.6736242884250474
ES,mad_D_1.5,1,0.5,999,996,tested,0.6316316316316316,0.6355421686746988,0.6486486486486487,0.6526104417670683
ES,mad_D_1.5,1,1.0,999,996,tested,0.4794794794794795,0.4929718875502008,0.5135135135135135,0.5210843373493976
ES,mad_D_1.5,1,1.5,999,996,tested,0.35135135135135137,0.3493975903614458,0.38738738738738737,0.38755020080321284
ES,mad_D_1.5,1,2.0,999,996,tested,0.26226226226226224,0.2620481927710843,0.2852852852852853,0.2901606425702811
ES,mad_D_1.5,3,0.5,999,996,tested,0.7397397397397397,0.7389558232931727,0.7517517517517518,0.7429718875502008
ES,mad_D_1.5,3,1.0,999,996,tested,0.6376376376376376,0.6375502008032129,0.6466466466466466,0.6506024096385542
ES,mad_D_1.5,3,1.5,999,996,tested,0.5455455455455456,0.5371485943775101,0.5455455455455456,0.5431726907630522
ES,mad_D_1.5,3,2.0,999,996,tested,0.4364364364364364,0.4397590361445783,0.44544544544544545,0.45180722891566266
ES,mad_D_1.5,5,0.5,999,996,tested,0.7897897897897898,0.7871485943775101,0.7967967967967968,0.7931726907630522
ES,mad_D_1.5,5,1.0,999,996,tested,0.6946946946946947,0.6977911646586346,0.7077077077077077,0.7098393574297188
ES,mad_D_1.5,5,1.5,999,996,tested,0.6116116116116116,0.608433734939759,0.6086086086086087,0.6114457831325302
ES,mad_D_1.5,5,2.0,999,996,tested,0.5175175175175175,0.5261044176706827,0.5175175175175175,0.5200803212851406
ES,mad_D_1.5,10,0.5,999,996,tested,0.8348348348348348,0.8363453815261044,0.8478478478478478,0.8443775100401606
ES,mad_D_1.5,10,1.0,999,996,tested,0.7707707707707707,0.7781124497991968,0.7787787787787788,0.7881526104417671
ES,mad_D_1.5,10,1.5,999,996,tested,0.6956956956956957,0.6927710843373494,0.7087087087087087,0.7078313253012049
ES,mad_D_1.5,10,2.0,999,996,tested,0.6116116116116116,0.6265060240963856,0.6326326326326326,0.6355421686746988
ES,mad_D_1.5,15,0.5,999,996,tested,0.8688688688688688,0.8644578313253012,0.8658658658658659,0.8654618473895582
ES,mad_D_1.5,15,1.0,999,996,tested,0.8148148148148148,0.8162650602409639,0.8068068068068068,0.8122489959839357
ES,mad_D_1.5,15,1.5,999,996,tested,0.7407407407407407,0.7459839357429718,0.7447447447447447,0.7469879518072289
ES,mad_D_1.5,15,2.0,999,996,tested,0.6576576576576577,0.6736947791164659,0.6896896896896897,0.6907630522088354
ES,mad_D_2.0,1,0.5,953,952,tested,0.6285414480587618,0.6228991596638656,0.6610703043022036,0.6491596638655462
ES,mad_D_2.0,1,1.0,953,952,tested,0.47639034627492133,0.4737394957983193,0.49422875131164745,0.5010504201680672
ES,mad_D_2.0,1,1.5,953,952,tested,0.3378803777544596,0.3560924369747899,0.40293809024134314,0.4054621848739496
ES,mad_D_2.0,1,2.0,953,952,tested,0.2528856243441763,0.25315126050420167,0.3011542497376705,0.29411764705882354
ES,mad_D_2.0,3,0.5,953,952,tested,0.7460650577124869,0.7394957983193278,0.770199370409234,0.7510504201680672
ES,mad_D_2.0,3,1.0,953,952,tested,0.6505771248688352,0.6334033613445378,0.6316894018887723,0.6376050420168067
ES,mad_D_2.0,3,1.5,953,952,tested,0.5194123819517313,0.5315126050420168,0.5498426023084995,0.5514705882352942
ES,mad_D_2.0,3,2.0,953,952,tested,0.42392444910807975,0.4264705882352941,0.459601259181532,0.45168067226890757
ES,mad_D_2.0,5,0.5,953,952,tested,0.789087093389297,0.7930672268907563,0.8132214060860441,0.7962184873949579
ES,mad_D_2.0,5,1.0,953,952,tested,0.7093389296956978,0.6985294117647058,0.695697796432319,0.7048319327731093
ES,mad_D_2.0,5,1.5,953,952,tested,0.5855194123819517,0.5955882352941176,0.6138509968520461,0.615546218487395
ES,mad_D_2.0,5,2.0,953,952,tested,0.5026232948583421,0.4989495798319328,0.5351521511017838,0.5283613445378151
ES,mad_D_2.0,10,0.5,953,952,tested,0.8426023084994754,0.8445378151260504,0.8677859391395593,0.8497899159663865
ES,mad_D_2.0,10,1.0,953,952,tested,0.7796432318992654,0.7741596638655462,0.7754459601259182,0.7804621848739496
ES,mad_D_2.0,10,1.5,953,952,tested,0.6799580272822665,0.6985294117647058,0.7156348373557188,0.7016806722689075
ES,mad_D_2.0,10,2.0,953,952,tested,0.6128016789087093,0.6165966386554622,0.6432318992654774,0.6407563025210085
ES,mad_D_2.0,15,0.5,953,952,tested,0.8772298006295908,0.8771008403361344,0.8824763903462749,0.8707983193277311
ES,mad_D_2.0,15,1.0,953,952,tested,0.8205666316894019,0.8077731092436975,0.8016789087093389,0.8098739495798319
ES,mad_D_2.0,15,1.5,953,952,tested,0.7240293809024134,0.7310924369747899,0.7534102833158447,0.7426470588235294
ES,mad_D_2.0,15,2.0,953,952,tested,0.6600209863588667,0.6628151260504201,0.695697796432319,0.6922268907563025
ES,mad_U_1.0,1,0.5,1091,1081,tested,0.613198900091659,0.61054579093432,0.6058661778185152,0.6151711378353376
ES,mad_U_1.0,1,1.0,1091,1081,tested,0.45004582951420713,0.4421831637372803,0.45187901008249315,0.4551341350601295
ES,mad_U_1.0,1,1.5,1091,1081,tested,0.32538955087076077,0.3172987974098057,0.3281393217231897,0.33950046253469013
ES,mad_U_1.0,1,2.0,1091,1081,tested,0.2153987167736022,0.22294172062904719,0.2373968835930339,0.22756706753006475
ES,mad_U_1.0,3,0.5,1091,1081,tested,0.7406049495875344,0.7261794634597595,0.7277726856095326,0.7224791859389454
ES,mad_U_1.0,3,1.0,1091,1081,tested,0.5930339138405133,0.580018501387604,0.6095325389550871,0.6086956521739131
ES,mad_U_1.0,3,1.5,1091,1081,tested,0.4692942254812099,0.4671600370027752,0.5013748854262144,0.509713228492137
ES,mad_U_1.0,3,2.0,1091,1081,tested,0.35838680109990834,0.3617021276595745,0.4032997250229148,0.4051803885291397
ES,mad_U_1.0,5,0.5,1091,1081,tested,0.7891842346471127,0.7770582793709528,0.770852428964253,0.7650323774283071
ES,mad_U_1.0,5,1.0,1091,1081,tested,0.6590284142988084,0.6475485661424607,0.6681943171402384,0.6632747456059205
ES,mad_U_1.0,5,1.5,1091,1081,tested,0.5554537121906508,0.5467160037002775,0.5820348304307974,0.5837187789084182
ES,mad_U_1.0,5,2.0,1091,1081,tested,0.44179651695692024,0.44495837187789083,0.4986251145737855,0.5004625346901017
ES,mad_U_1.0,10,0.5,1091,1081,tested,0.84051329055912,0.8279370952821462,0.8130155820348305,0.8094357076780758
ES,mad_U_1.0,10,1.0,1091,1081,tested,0.7341888175985335,0.7150786308973173,0.7268560953253895,0.7243293246993524
ES,mad_U_1.0,10,1.5,1091,1081,tested,0.6434463794683777,0.6299722479185939,0.6535288725939505,0.6586493987049029
ES,mad_U_1.0,10,2.0,1091,1081,tested,0.5407882676443629,0.5383903792784459,0.5902841429880843,0.5901942645698427
ES,mad_U_1.0,15,0.5,1091,1081,tested,0.8652612282309807,0.8464384828862165,0.8386801099908341,0.8334875115633672
ES,mad_U_1.0,15,1.0,1091,1081,tested,0.769019248395967,0.7567067530064755,0.7626031164069661,0.7539315448658649
ES,mad_U_1.0,15,1.5,1091,1081,tested,0.6975252062328139,0.6873265494912119,0.689275893675527,0.6891766882516188
ES,mad_U_1.0,15,2.0,1091,1081,tested,0.6040329972502292,0.6003700277520814,0.6333638863428047,0.6281221091581869
ES,mad_U_1.5,1,0.5,1019,1010,tested,0.6074582924435721,0.6237623762376238,0.6015701668302257,0.599009900990099
ES,mad_U_1.5,1,1.0,1019,1010,tested,0.4435721295387635,0.4495049504950495,0.450441609421001,0.4396039603960396
ES,mad_U_1.5,1,1.5,1019,1010,tested,0.29538763493621195,0.29504950495049503,0.31894013738959764,0.30495049504950494
ES,mad_U_1.5,1,2.0,1019,1010,tested,0.20510304219823355,0.2079207920792079,0.2296368989205103,0.22178217821782178
ES,mad_U_1.5,3,0.5,1019,1010,tested,0.7144259077526988,0.7336633663366336,0.7281648675171737,0.7247524752475247
ES,mad_U_1.5,3,1.0,1019,1010,tested,0.5789990186457311,0.601980198019802,0.6133464180569186,0.6039603960396039
ES,mad_U_1.5,3,1.5,1019,1010,tested,0.44847890088321885,0.45742574257425744,0.49362119725220804,0.4792079207920792
ES,mad_U_1.5,3,2.0,1019,1010,tested,0.3562315996074583,0.36237623762376237,0.4013738959764475,0.3900990099009901
ES,mad_U_1.5,5,0.5,1019,1010,tested,0.7684003925417076,0.7861386138613862,0.7644749754661433,0.7702970297029703
ES,mad_U_1.5,5,1.0,1019,1010,tested,0.6496565260058881,0.6683168316831684,0.6692836113837095,0.6653465346534654
ES,mad_U_1.5,5,1.5,1019,1010,tested,0.534838076545633,0.5396039603960396,0.5682041216879293,0.5514851485148515
ES,mad_U_1.5,5,2.0,1019,1010,tested,0.42885181550539747,0.4316831683168317,0.5014720314033366,0.48217821782178216
ES,mad_U_1.5,10,0.5,1019,1010,tested,0.8233562315996075,0.8425742574257425,0.8115799803729146,0.8207920792079207
ES,mad_U_1.5,10,1.0,1019,1010,tested,0.7301275760549558,0.7514851485148515,0.7360157016683022,0.7346534653465346
ES,mad_U_1.5,10,1.5,1019,1010,tested,0.6261040235525025,0.6336633663366337,0.6457311089303238,0.6396039603960396
ES,mad_U_1.5,10,2.0,1019,1010,tested,0.5220804710500491,0.5336633663366337,0.5789990186457311,0.5613861386138614
ES,mad_U_1.5,15,0.5,1019,1010,tested,0.8498527968596663,0.8663366336633663,0.8370951913640824,0.8435643564356435
ES,mad_U_1.5,15,1.0,1019,1010,tested,0.774288518155054,0.7881188118811882,0.7693817468105987,0.7673267326732673
ES,mad_U_1.5,15,1.5,1019,1010,tested,0.6879293424926398,0.697029702970297,0.6889106967615309,0.6792079207920793
ES,mad_U_1.5,15,2.0,1019,1010,tested,0.5976447497546614,0.6079207920792079,0.6241413150147204,0.6138613861386139
ES,mad_U_2.0,1,0.5,943,949,tested,0.6108165429480382,0.613277133825079,0.5991516436903499,0.6037934668071654
ES,mad_U_2.0,1,1.0,943,949,tested,0.4411452810180276,0.44257112750263433,0.42629904559915166,0.440463645943098
ES,mad_U_2.0,1,1.5,943,949,tested,0.28844114528101805,0.2929399367755532,0.30858960763520676,0.3087460484720759
ES,mad_U_2.0,1,2.0,943,949,tested,0.19830328738069988,0.20126448893572182,0.2110286320254507,0.21496311907270813
ES,mad_U_2.0,3,0.5,943,949,tested,0.7306468716861082,0.7386722866174921,0.7253446447507953,0.7218124341412012
ES,mad_U_2.0,3,1.0,943,949,tested,0.6033934252386002,0.5911485774499473,0.5896076352067868,0.6006322444678609
ES,mad_U_2.0,3,1.5,943,949,tested,0.4591728525980912,0.4594309799789252,0.47720042417815484,0.47629083245521603
ES,mad_U_2.0,3,2.0,943,949,tested,0.3616118769883351,0.36143308746048475,0.38494167550371156,0.38672286617492097
ES,mad_U_2.0,5,0.5,943,949,tested,0.7857900318133616,0.7934668071654373,0.7645811240721103,0.7576396206533192
ES,mad_U_2.0,5,1.0,943,949,tested,0.6744432661717922,0.6638566912539515,0.6415694591728526,0.6501580611169653
ES,mad_U_2.0,5,1.5,943,949,tested,0.5302226935312832,0.5374077976817703,0.5514316012725344,0.5521601685985248
ES,mad_U_2.0,5,2.0,943,949,tested,0.4496288441145281,0.4499473129610116,0.46447507953340406,0.4773445732349842
ES,mad_U_2.0,10,0.5,943,949,tested,0.83881230116649,0.8482613277133825,0.8260869565217391,0.8103266596417281
ES,mad_U_2.0,10,1.0,943,949,tested,0.7529162248144221,0.7428872497365648,0.7136797454931071,0.7175974710221286
ES,mad_U_2.0,10,1.5,943,949,tested,0.6224814422057264,0.6280295047418335,0.633085896076352,0.6280295047418335
ES,mad_U_2.0,10,2.0,943,949,tested,0.5524920466595971,0.5563751317175974,0.5535524920466596,0.5500526870389885
ES,mad_U_2.0,15,0.5,943,949,tested,0.8685047720042418,0.8724973656480506,0.8504772004241782,0.8387776606954689
ES,mad_U_2.0,15,1.0,943,949,tested,0.7985153764581124,0.7945205479452054,0.7433722163308589,0.7576396206533192
ES,mad_U_2.0,15,1.5,943,949,tested,0.6935312831389183,0.6965226554267651,0.6776246023329798,0.6701791359325606
ES,mad_U_2.0,15,2.0,943,949,tested,0.6214209968186638,0.6290832455216017,0.6044538706256628,0.6048472075869337
ES,mult_D_0.5,1,0.5,1139,1081,tested,0.6294995610184372,0.6438482886216467,0.6821773485513608,0.6456984273820536
ES,mult_D_0.5,1,1.0,1139,1081,tested,0.4978050921861282,0.4967622571692877,0.553116769095698,0.5124884366327475
ES,mult_D_0.5,1,1.5,1139,1081,tested,0.3801580333625988,0.3617021276595745,0.45127304653204564,0.391304347826087
ES,mult_D_0.5,1,2.0,1139,1081,tested,0.26163301141352063,0.26549491211840887,0.33274802458296754,0.2895467160037003
ES,mult_D_0.5,3,0.5,1139,1081,tested,0.7339771729587358,0.7548566142460684,0.7629499561018437,0.7456059204440333
ES,mult_D_0.5,3,1.0,1139,1081,tested,0.6286215978928885,0.6419981498612396,0.6637401229148375,0.6401480111008325
ES,mult_D_0.5,3,1.5,1139,1081,tested,0.5364354697102721,0.5356151711378353,0.5741878841088675,0.5402405180388529
ES,mult_D_0.5,3,2.0,1139,1081,tested,0.43898156277436345,0.45420906567992597,0.4618086040386304,0.43293246993524515
ES,mult_D_0.5,5,0.5,1139,1081,tested,0.7761194029850746,0.8029602220166513,0.7989464442493416,0.7853839037927844
ES,mult_D_0.5,5,1.0,1139,1081,tested,0.6988586479367866,0.7049028677150786,0.7190517998244074,0.7021276595744681
ES,mult_D_0.5,5,1.5,1139,1081,tested,0.6119402985074627,0.6133209990749307,0.636523266022827,0.6133209990749307
ES,mult_D_0.5,5,2.0,1139,1081,tested,0.5258999122036875,0.5356151711378353,0.5285338015803336,0.5106382978723404
ES,mult_D_0.5,10,0.5,1139,1081,tested,0.8147497805092186,0.8334875115633672,0.8472344161545216,0.8381128584643849
ES,mult_D_0.5,10,1.0,1139,1081,tested,0.752414398595259,0.7678075855689177,0.7840210711150132,0.7752081406105458
ES,mult_D_0.5,10,1.5,1139,1081,tested,0.6900790166812993,0.6938020351526365,0.7269534679543459,0.7113783533765032
ES,mult_D_0.5,10,2.0,1139,1081,tested,0.617208077260755,0.6234967622571693,0.6259877085162423,0.6170212765957447
ES,mult_D_0.5,15,0.5,1139,1081,tested,0.8305531167690957,0.8556891766882516,0.8665496049165935,0.8566142460684552
ES,mult_D_0.5,15,1.0,1139,1081,tested,0.7840210711150132,0.8029602220166513,0.8112379280070237,0.8011100832562442
ES,mult_D_0.5,15,1.5,1139,1081,tested,0.7322212467076383,0.7335800185013877,0.7655838454784899,0.7456059204440333
ES,mult_D_0.5,15,2.0,1139,1081,tested,0.6628621597892889,0.6725254394079556,0.6769095697980685,0.669750231267345
ES,mult_D_1.0,1,0.5,1050,997,tested,0.6371428571428571,0.6349047141424273,0.6742857142857143,0.6539618856569709
ES,mult_D_1.0,1,1.0,1050,997,tested,0.5009523809523809,0.48044132397191575,0.5361904761904762,0.5055165496489469
ES,mult_D_1.0,1,1.5,1050,997,tested,0.3504761904761905,0.3630892678034102,0.4066666666666667,0.39518555667001004
ES,mult_D_1.0,1,2.0,1050,997,tested,0.26857142857142857,0.2587763289869609,0.31523809523809526,0.30792377131394183
ES,mult_D_1.0,3,0.5,1050,997,tested,0.7514285714285714,0.7362086258776329,0.7619047619047619,0.7582748244734202
ES,mult_D_1.0,3,1.0,1050,997,tested,0.6523809523809524,0.6359077231695085,0.659047619047619,0.6389167502507522
ES,mult_D_1.0,3,1.5,1050,997,tested,0.5380952380952381,0.5546639919759278,0.5485714285714286,0.5295887662988967
ES,mult_D_1.0,3,2.0,1050,997,tested,0.4504761904761905,0.42527582748244735,0.4580952380952381,0.44132397191574724
ES,mult_D_1.0,5,0.5,1050,997,tested,0.7980952380952381,0.7953861584754263,0.8019047619047619,0.7993981945837513
ES,mult_D_1.0,5,1.0,1050,997,tested,0.7114285714285714,0.6960882647943831,0.7114285714285714,0.695085255767302
ES,mult_D_1.0,5,1.5,1050,997,tested,0.6095238095238096,0.6248746238716149,0.62,0.59679037111334
ES,mult_D_1.0,5,2.0,1050,997,tested,0.5295238095238095,0.5175526579739218,0.5314285714285715,0.5115346038114343
ES,mult_D_1.0,10,0.5,1050,997,tested,0.8314285714285714,0.8405215646940822,0.8495238095238096,0.8445336008024072
ES,mult_D_1.0,10,1.0,1050,997,tested,0.7723809523809524,0.7713139418254764,0.7904761904761904,0.7743229689067201
ES,mult_D_1.0,10,1.5,1050,997,tested,0.6942857142857143,0.7051153460381143,0.7152380952380952,0.6970912738214644
ES,mult_D_1.0,10,2.0,1050,997,tested,0.6190476190476191,0.6198595787362087,0.6476190476190476,0.6248746238716149
ES,mult_D_1.0,15,0.5,1050,997,tested,0.8609523809523809,0.8696088264794383,0.8676190476190476,0.8635907723169508
ES,mult_D_1.0,15,1.0,1050,997,tested,0.8095238095238095,0.8134403209628887,0.8142857142857143,0.79839518555667
ES,mult_D_1.0,15,1.5,1050,997,tested,0.7390476190476191,0.7492477432296891,0.7514285714285714,0.7331995987963892
ES,mult_D_1.0,15,2.0,1050,997,tested,0.6752380952380952,0.6670010030090271,0.699047619047619,0.6810431293881645
ES,mult_D_1.5,1,0.5,968,934,tested,0.6549586776859504,0.6145610278372591,0.6807851239669421,0.6798715203426124
ES,mult_D_1.5,1,1.0,968,934,tested,0.48037190082644626,0.47002141327623126,0.5258264462809917,0.5149892933618844
ES,mult_D_1.5,1,1.5,968,934,tested,0.359504132231405,0.3404710920770878,0.41735537190082644,0.39400428265524623
ES,mult_D_1.5,1,2.0,968,934,tested,0.256198347107438,0.25267665952890794,0.30991735537190085,0.2965738758029979
ES,mult_D_1.5,3,0.5,968,934,tested,0.7592975206611571,0.7430406852248393,0.7840909090909091,0.771948608137045
ES,mult_D_1.5,3,1.0,968,934,tested,0.6446280991735537,0.6381156316916489,0.6570247933884298,0.6488222698072805
ES,mult_D_1.5,3,1.5,968,934,tested,0.5402892561983471,0.5235546038543897,0.5619834710743802,0.5438972162740899
ES,mult_D_1.5,3,2.0,968,934,tested,0.4297520661157025,0.4261241970021413,0.4659090909090909,0.4550321199143469
ES,mult_D_1.5,5,0.5,968,934,tested,0.8068181818181818,0.7922912205567452,0.8243801652892562,0.8190578158458244
ES,mult_D_1.5,5,1.0,968,934,tested,0.7076446280991735,0.6991434689507494,0.7076446280991735,0.7162740899357601
ES,mult_D_1.5,5,1.5,968,934,tested,0.6146694214876033,0.5974304068522484,0.6229338842975206,0.6027837259100642
ES,mult_D_1.5,5,2.0,968,934,tested,0.5092975206611571,0.5085653104925053,0.5361570247933884,0.5224839400428265
ES,mult_D_1.5,10,0.5,968,934,tested,0.8543388429752066,0.8458244111349036,0.868801652892562,0.8640256959314775
ES,mult_D_1.5,10,1.0,968,934,tested,0.7789256198347108,0.7773019271948608,0.78099173553719,0.784796573875803
ES,mult_D_1.5,10,1.5,968,934,tested,0.6962809917355371,0.6927194860813705,0.7169421487603306,0.6980728051391863
ES,mult_D_1.5,10,2.0,968,934,tested,0.6105371900826446,0.6081370449678801,0.643595041322314,0.6338329764453962
ES,mult_D_1.5,15,0.5,968,934,tested,0.8832644628099173,0.8736616702355461,0.8832644628099173,0.8843683083511777
ES,mult_D_1.5,15,1.0,968,934,tested,0.8181818181818182,0.8190578158458244,0.8068181818181818,0.816916488222698
ES,mult_D_1.5,15,1.5,968,934,tested,0.7479338842975206,0.7387580299785867,0.75,0.7387580299785867
ES,mult_D_1.5,15,2.0,968,934,tested,0.6590909090909091,0.6659528907922913,0.6911157024793388,0.6820128479657388
ES,mult_D_2.0,1,0.5,917,843,tested,0.6019629225736096,0.6215895610913404,0.7153762268266085,0.6880189798339265
ES,mult_D_2.0,1,1.0,917,843,tested,0.46455834242093785,0.4638196915776987,0.5648854961832062,0.5183867141162515
ES,mult_D_2.0,1,1.5,917,843,tested,0.3293347873500545,0.33926453143534996,0.4176663031624864,0.3831553973902728
ES,mult_D_2.0,1,2.0,917,843,tested,0.25517993456924754,0.24673784104389088,0.33042529989094876,0.298932384341637
ES,mult_D_2.0,3,0.5,917,843,tested,0.7404580152671756,0.7283511269276394,0.8026172300981461,0.7947805456702254
ES,mult_D_2.0,3,1.0,917,843,tested,0.6226826608505998,0.6168446026097272,0.6902944383860414,0.6725978647686833
ES,mult_D_2.0,3,1.5,917,843,tested,0.49727371864776443,0.5124555160142349,0.5747001090512541,0.5468564650059312
ES,mult_D_2.0,3,2.0,917,843,tested,0.42639040348964014,0.4092526690391459,0.48964013086150493,0.45077105575326215
ES,mult_D_2.0,5,0.5,917,843,tested,0.7851690294438386,0.7746144721233689,0.8418756815703381,0.8327402135231317
ES,mult_D_2.0,5,1.0,917,843,tested,0.6870229007633588,0.6927639383155397,0.7448200654307524,0.7354685646500593
ES,mult_D_2.0,5,1.5,917,843,tested,0.5736095965103599,0.5860023724792408,0.6390403489640131,0.6263345195729537
ES,mult_D_2.0,5,2.0,917,843,tested,0.5081788440567067,0.49347568208778175,0.5561613958560524,0.5219454329774614
ES,mult_D_2.0,10,0.5,917,843,tested,0.8386041439476554,0.833926453143535,0.8865866957470011,0.8778173190984578
ES,mult_D_2.0,10,1.0,917,843,tested,0.7611777535441657,0.7698695136417556,0.8080697928026173,0.8054567022538552
ES,mult_D_2.0,10,1.5,917,843,tested,0.6750272628135223,0.6963226571767497,0.7284623773173392,0.7069988137603797
ES,mult_D_2.0,10,2.0,917,843,tested,0.6128680479825518,0.6002372479240806,0.6630316248636859,0.627520759193357
ES,mult_D_2.0,15,0.5,917,843,tested,0.871319520174482,0.8612099644128114,0.8996728462377317,0.8896797153024911
ES,mult_D_2.0,15,1.0,917,843,tested,0.8091603053435115,0.8042704626334519,0.8353326063249727,0.8315539739027283
ES,mult_D_2.0,15,1.5,917,843,tested,0.7175572519083969,0.7425860023724793,0.7666303162486369,0.7473309608540926
ES,mult_D_2.0,15,2.0,917,843,tested,0.6684841875681571,0.66073546856465,0.7088331515812432,0.6785290628706999
ES,mult_U_0.5,1,0.5,1154,1095,tested,0.6152512998266898,0.6054794520547945,0.6499133448873483,0.6118721461187214
ES,mult_U_0.5,1,1.0,1154,1095,tested,0.46533795493934144,0.4557077625570776,0.49220103986135183,0.4621004566210046
ES,mult_U_0.5,1,1.5,1154,1095,tested,0.34488734835355284,0.3141552511415525,0.38648180242634317,0.33424657534246577
ES,mult_U_0.5,1,2.0,1154,1095,tested,0.22876949740034663,0.2219178082191781,0.2651646447140381,0.2401826484018265
ES,mult_U_0.5,3,0.5,1154,1095,tested,0.7339688041594454,0.7232876712328767,0.7564991334488734,0.7324200913242009
ES,mult_U_0.5,3,1.0,1154,1095,tested,0.6005199306759099,0.5799086757990868,0.634315424610052,0.617351598173516
ES,mult_U_0.5,3,1.5,1154,1095,tested,0.48353552859618715,0.4547945205479452,0.5415944540727903,0.5077625570776255
ES,mult_U_0.5,3,2.0,1154,1095,tested,0.3734835355285962,0.3598173515981735,0.427209705372617,0.4100456621004566
ES,mult_U_0.5,5,0.5,1154,1095,tested,0.7790294627383015,0.7771689497716895,0.7963604852686309,0.7780821917808219
ES,mult_U_0.5,5,1.0,1154,1095,tested,0.6620450606585788,0.6538812785388128,0.6906412478336221,0.680365296803653
ES,mult_U_0.5,5,1.5,1154,1095,tested,0.5571923743500866,0.5397260273972603,0.6126516464471404,0.5872146118721461
ES,mult_U_0.5,5,2.0,1154,1095,tested,0.46187175043327555,0.445662100456621,0.5207972270363952,0.5041095890410959
ES,mult_U_0.5,10,0.5,1154,1095,tested,0.8310225303292894,0.8301369863013699,0.8310225303292894,0.817351598173516
ES,mult_U_0.5,10,1.0,1154,1095,tested,0.7374350086655113,0.719634703196347,0.7452339688041595,0.7342465753424657
ES,mult_U_0.5,10,1.5,1154,1095,tested,0.6377816291161178,0.6319634703196347,0.6776429809358753,0.663013698630137
ES,mult_U_0.5,10,2.0,1154,1095,tested,0.5554592720970537,0.5388127853881278,0.6091854419410745,0.593607305936073
ES,mult_U_0.5,15,0.5,1154,1095,tested,0.8535528596187175,0.8538812785388128,0.8509532062391681,0.8438356164383561
ES,mult_U_0.5,15,1.0,1154,1095,tested,0.7746967071057193,0.7589041095890411,0.7712305025996534,0.7707762557077625
ES,mult_U_0.5,15,1.5,1154,1095,tested,0.6871750433275563,0.6977168949771689,0.707105719237435,0.6958904109589041
ES,mult_U_0.5,15,2.0,1154,1095,tested,0.6109185441941074,0.6018264840182649,0.6481802426343154,0.6356164383561644
ES,mult_U_1.0,1,0.5,1055,995,tested,0.6028436018957346,0.6251256281407035,0.6350710900473934,0.6040201005025125
ES,mult_U_1.0,1,1.0,1055,995,tested,0.44739336492890996,0.4321608040201005,0.4957345971563981,0.43417085427135677
ES,mult_U_1.0,1,1.5,1055,995,tested,0.2985781990521327,0.2984924623115578,0.35450236966824644,0.31155778894472363
ES,mult_U_1.0,1,2.0,1055,995,tested,0.2132701421800948,0.2020100502512563,0.27109004739336495,0.22914572864321608
ES,mult_U_1.0,3,0.5,1055,995,tested,0.7118483412322275,0.721608040201005,0.7507109004739336,0.7326633165829146
ES,mult_U_1.0,3,1.0,1055,995,tested,0.581042654028436,0.5919597989949749,0.64739336492891,0.5969849246231156
ES,mult_U_1.0,3,1.5,1055,995,tested,0.4549763033175355,0.46030150753768845,0.524170616113744,0.4824120603015075
ES,mult_U_1.0,3,2.0,1055,995,tested,0.35355450236966823,0.3587939698492462,0.44549763033175355,0.4020100502512563
ES,mult_U_1.0,5,0.5,1055,995,tested,0.7696682464454976,0.770854271356784,0.785781990521327,0.7688442211055276
ES,mult_U_1.0,5,1.0,1055,995,tested,0.656872037914692,0.6522613065326633,0.70521327014218,0.6562814070351759
ES,mult_U_1.0,5,1.5,1055,995,tested,0.543127962085308,0.5366834170854271,0.5971563981042654,0.5658291457286432
ES,mult_U_1.0,5,2.0,1055,995,tested,0.4369668246445498,0.4381909547738693,0.5251184834123223,0.4904522613065327
ES,mult_U_1.0,10,0.5,1055,995,tested,0.8161137440758294,0.828140703517588,0.8312796208530806,0.8231155778894472
ES,mult_U_1.0,10,1.0,1055,995,tested,0.7213270142180095,0.7346733668341708,0.7582938388625592,0.7276381909547739
ES,mult_U_1.0,10,1.5,1055,995,tested,0.6293838862559241,0.6211055276381909,0.6729857819905213,0.6422110552763819
ES,mult_U_1.0,10,2.0,1055,995,tested,0.5260663507109005,0.535678391959799,0.6018957345971564,0.5678391959798995
ES,mult_U_1.0,15,0.5,1055,995,tested,0.8483412322274881,0.8542713567839196,0.8540284360189574,0.8442211055276382
ES,mult_U_1.0,15,1.0,1055,995,tested,0.7668246445497631,0.7809045226130653,0.7895734597156399,0.7608040201005025
ES,mult_U_1.0,15,1.5,1055,995,tested,0.6890995260663507,0.6874371859296482,0.7118483412322275,0.6844221105527638
ES,mult_U_1.0,15,2.0,1055,995,tested,0.5971563981042654,0.6040201005025125,0.6445497630331753,0.6211055276381909
ES,mult_U_1.5,1,0.5,950,900,tested,0.6473684210526316,0.6122222222222222,0.6305263157894737,0.5855555555555556
ES,mult_U_1.5,1,1.0,950,900,tested,0.43894736842105264,0.43666666666666665,0.4326315789473684,0.43
ES,mult_U_1.5,1,1.5,950,900,tested,0.3021052631578947,0.29333333333333333,0.3178947368421053,0.29555555555555557
ES,mult_U_1.5,1,2.0,950,900,tested,0.19894736842105262,0.2011111111111111,0.21157894736842106,0.2088888888888889
ES,mult_U_1.5,3,0.5,950,900,tested,0.7536842105263157,0.7488888888888889,0.7473684210526316,0.72
ES,mult_U_1.5,3,1.0,950,900,tested,0.5978947368421053,0.5944444444444444,0.5989473684210527,0.5944444444444444
ES,mult_U_1.5,3,1.5,950,900,tested,0.4673684210526316,0.4688888888888889,0.49473684210526314,0.4722222222222222
ES,mult_U_1.5,3,2.0,950,900,tested,0.3526315789473684,0.3488888888888889,0.39263157894736844,0.38333333333333336
ES,mult_U_1.5,5,0.5,950,900,tested,0.8021052631578948,0.7966666666666666,0.7957894736842105,0.7711111111111111
ES,mult_U_1.5,5,1.0,950,900,tested,0.6694736842105263,0.6611111111111111,0.651578947368421,0.6511111111111111
ES,mult_U_1.5,5,1.5,950,900,tested,0.5389473684210526,0.5411111111111111,0.5705263157894737,0.5377777777777778
ES,mult_U_1.5,5,2.0,950,900,tested,0.4431578947368421,0.4444444444444444,0.48105263157894734,0.46444444444444444
ES,mult_U_1.5,10,0.5,950,900,tested,0.8463157894736842,0.8477777777777777,0.8452631578947368,0.8244444444444444
ES,mult_U_1.5,10,1.0,950,900,tested,0.7494736842105263,0.75,0.7336842105263158,0.7288888888888889
ES,mult_U_1.5,10,1.5,950,900,tested,0.6378947368421053,0.6355555555555555,0.6505263157894737,0.6244444444444445
ES,mult_U_1.5,10,2.0,950,900,tested,0.56,0.57,0.5652631578947368,0.5477777777777778
ES,mult_U_1.5,15,0.5,950,900,tested,0.8736842105263158,0.8777777777777778,0.8652631578947368,0.8522222222222222
ES,mult_U_1.5,15,1.0,950,900,tested,0.7968421052631579,0.7888888888888889,0.7684210526315789,0.7633333333333333
ES,mult_U_1.5,15,1.5,950,900,tested,0.6989473684210527,0.6977777777777778,0.6915789473684211,0.6688888888888889
ES,mult_U_1.5,15,2.0,950,900,tested,0.6242105263157894,0.63,0.6189473684210526,0.5966666666666667
ES,mult_U_2.0,1,0.5,862,781,tested,0.6067285382830626,0.5992317541613317,0.6403712296983759,0.6094750320102432
ES,mult_U_2.0,1,1.0,862,781,tested,0.41647331786542924,0.42765685019206146,0.46751740139211134,0.42893725992317544
ES,mult_U_2.0,1,1.5,862,781,tested,0.27610208816705334,0.2765685019206146,0.31554524361948955,0.29961587708066584
ES,mult_U_2.0,1,2.0,862,781,tested,0.20185614849187936,0.16901408450704225,0.2273781902552204,0.2112676056338028
ES,mult_U_2.0,3,0.5,862,781,tested,0.7412993039443155,0.7183098591549296,0.7517401392111369,0.7247119078104993
ES,mult_U_2.0,3,1.0,862,781,tested,0.5893271461716937,0.58898847631242,0.6148491879350348,0.587708066581306
ES,mult_U_2.0,3,1.5,862,781,tested,0.46867749419953597,0.4519846350832266,0.48607888631090485,0.4532650448143406
ES,mult_U_2.0,3,2.0,862,781,tested,0.36078886310904873,0.31626120358514725,0.39559164733178653,0.3559539052496799
ES,mult_U_2.0,5,0.5,862,781,tested,0.7923433874709976,0.7631241997439181,0.7935034802784223,0.7720870678617158
ES,mult_U_2.0,5,1.0,862,781,tested,0.6554524361948956,0.649167733674776,0.6832946635730859,0.6568501920614597
ES,mult_U_2.0,5,1.5,862,781,tested,0.5452436194895591,0.5454545454545454,0.5464037122969838,0.5300896286811779
ES,mult_U_2.0,5,2.0,862,781,tested,0.45359628770301624,0.4148527528809219,0.4756380510440835,0.43021766965428937
ES,mult_U_2.0,10,0.5,862,781,tested,0.8491879350348028,0.8207426376440461,0.845707656612529,0.8220230473751601
ES,mult_U_2.0,10,1.0,862,781,tested,0.7389791183294664,0.7387964148527529,0.7575406032482599,0.734955185659411
ES,mult_U_2.0,10,1.5,862,781,tested,0.648491879350348,0.6427656850192062,0.6473317865429234,0.6325224071702945
ES,mult_U_2.0,10,2.0,862,781,tested,0.5812064965197216,0.5262483994878361,0.5661252900232019,0.528809218950064
ES,mult_U_2.0,15,0.5,862,781,tested,0.8874709976798144,0.8540332906530089,0.8689095127610209,0.8463508322663252
ES,mult_U_2.0,15,1.0,862,781,tested,0.7888631090487239,0.7836107554417413,0.7900232018561485,0.7746478873239436
ES,mult_U_2.0,15,1.5,862,781,tested,0.7076566125290024,0.708066581306018,0.6937354988399071,0.6888604353393086
ES,mult_U_2.0,15,2.0,862,781,tested,0.6450116009280742,0.618437900128041,0.6136890951276102,0.5953905249679897
ES,overnight_high,1,0.5,426,803,tested,0.6173708920187794,0.6114570361145704,0.6173708920187794,0.6027397260273972
ES,overnight_high,1,1.0,426,803,tested,0.41784037558685444,0.44458281444582815,0.4671361502347418,0.4383561643835616
ES,overnight_high,1,1.5,426,803,tested,0.2793427230046948,0.2764632627646326,0.2981220657276995,0.29389788293897884
ES,overnight_high,1,2.0,426,803,tested,0.16666666666666666,0.1718555417185554,0.19014084507042253,0.20921544209215442
ES,overnight_high,3,0.5,426,803,tested,0.7676056338028169,0.7359900373599004,0.704225352112676,0.7085927770859277
ES,overnight_high,3,1.0,426,803,tested,0.5985915492957746,0.6127023661270237,0.5821596244131455,0.5740971357409713
ES,overnight_high,3,1.5,426,803,tested,0.44835680751173707,0.4669987546699875,0.42488262910798125,0.45454545454545453
ES,overnight_high,3,2.0,426,803,tested,0.3286384976525822,0.34620174346201743,0.3215962441314554,0.35242839352428396
ES,overnight_high,5,0.5,426,803,tested,0.8075117370892019,0.7895392278953923,0.7511737089201878,0.7621419676214197
ES,overnight_high,5,1.0,426,803,tested,0.6666666666666666,0.6824408468244084,0.6314553990610329,0.6450809464508095
ES,overnight_high,5,1.5,426,803,tested,0.5187793427230047,0.5603985056039851,0.49765258215962443,0.5292652552926526
ES,overnight_high,5,2.0,426,803,tested,0.4061032863849765,0.4383561643835616,0.4014084507042254,0.42963885429638854
ES,overnight_high,10,0.5,426,803,tested,0.863849765258216,0.8418430884184309,0.812206572769953,0.8194271481942715
ES,overnight_high,10,1.0,426,803,tested,0.755868544600939,0.7708592777085927,0.7018779342723005,0.7198007471980075
ES,overnight_high,10,1.5,426,803,tested,0.6384976525821596,0.6712328767123288,0.6009389671361502,0.6164383561643836
ES,overnight_high,10,2.0,426,803,tested,0.5140845070422535,0.5541718555417185,0.5164319248826291,0.526774595267746
ES,overnight_high,15,0.5,426,803,tested,0.8826291079812206,0.8767123287671232,0.8356807511737089,0.8443337484433375
ES,overnight_high,15,1.0,426,803,tested,0.784037558685446,0.813200498132005,0.7347417840375586,0.7584059775840598
ES,overnight_high,15,1.5,426,803,tested,0.676056338028169,0.7297633872976339,0.636150234741784,0.6699875466998755
ES,overnight_high,15,2.0,426,803,tested,0.568075117370892,0.635118306351183,0.5657276995305164,0.5853051058530511
ES,overnight_low,1,0.5,366,841,tested,0.6939890710382514,0.6504161712247325,0.6584699453551912,0.6516052318668252
ES,overnight_low,1,1.0,366,841,tested,0.5628415300546448,0.4780023781212842,0.5163934426229508,0.5017835909631391
ES,overnight_low,1,1.5,366,841,tested,0.41530054644808745,0.356718192627824,0.36885245901639346,0.36623067776456597
ES,overnight_low,1,2.0,366,841,tested,0.2978142076502732,0.25326991676575505,0.28688524590163933,0.2901307966706302
ES,overnight_low,3,0.5,366,841,tested,0.7868852459016393,0.7502972651605232,0.76775956284153,0.7847800237812128
ES,overnight_low,3,1.0,366,841,tested,0.7076502732240437,0.6325802615933412,0.6366120218579235,0.6492271105826397
ES,overnight_low,3,1.5,366,841,tested,0.5601092896174863,0.525564803804994,0.5,0.5160523186682521
ES,overnight_low,3,2.0,366,841,tested,0.44808743169398907,0.4161712247324614,0.412568306010929,0.4304399524375743
ES,overnight_low,5,0.5,366,841,tested,0.8360655737704918,0.7990487514863258,0.8278688524590164,0.8263971462544589
ES,overnight_low,5,1.0,366,841,tested,0.7622950819672131,0.7063020214030915,0.7295081967213115,0.72294887039239
ES,overnight_low,5,1.5,366,841,tested,0.6256830601092896,0.5992865636147443,0.592896174863388,0.5969084423305588
ES,overnight_low,5,2.0,366,841,tested,0.5218579234972678,0.5065398335315101,0.5027322404371585,0.5077288941736029
ES,overnight_low,10,0.5,366,841,tested,0.8661202185792349,0.8478002378121284,0.8770491803278688,0.8692033293697978
ES,overnight_low,10,1.0,366,841,tested,0.8032786885245902,0.7788347205707491,0.8060109289617486,0.7883472057074911
ES,overnight_low,10,1.5,366,841,tested,0.6994535519125683,0.6956004756242569,0.7049180327868853,0.6932223543400713
ES,overnight_low,10,2.0,366,841,tested,0.6229508196721312,0.6183115338882283,0.6092896174863388,0.6135552913198573
ES,overnight_low,15,0.5,366,841,tested,0.8879781420765027,0.8834720570749108,0.8934426229508197,0.8846611177170036
ES,overnight_low,15,1.0,366,841,tested,0.8387978142076503,0.8192627824019025,0.8442622950819673,0.8204518430439952
ES,overnight_low,15,1.5,366,841,tested,0.7431693989071039,0.7360285374554102,0.7540983606557377,0.7336504161712247
ES,overnight_low,15,2.0,366,841,tested,0.6666666666666666,0.6718192627824019,0.674863387978142,0.6718192627824019
ES,overnight_mid,1,0.5,648,873,tested,0.6157407407407407,0.5899198167239404,0.6358024691358025,0.6071019473081328
ES,overnight_mid,1,1.0,648,873,tested,0.44598765432098764,0.4284077892325315,0.47685185185185186,0.43757159221076747
ES,overnight_mid,1,1.5,648,873,tested,0.279320987654321,0.26689576174112256,0.3533950617283951,0.3218785796105384
ES,overnight_mid,1,2.0,648,873,tested,0.18209876543209877,0.15807560137457044,0.25925925925925924,0.21305841924398625
ES,overnight_mid,3,0.5,648,873,tested,0.7330246913580247,0.709049255441008,0.7469135802469136,0.7239404352806414
ES,overnight_mid,3,1.0,648,873,tested,0.6033950617283951,0.584192439862543,0.6157407407407407,0.6059564719358533
ES,overnight_mid,3,1.5,648,873,tested,0.45987654320987653,0.44558991981672397,0.4876543209876543,0.49026345933562426
ES,overnight_mid,3,2.0,648,873,tested,0.3333333333333333,0.3104238258877434,0.3873456790123457,0.3745704467353952
ES,overnight_mid,5,0.5,648,873,tested,0.7638888888888888,0.7571592210767468,0.7808641975308642,0.7766323024054983
ES,overnight_mid,5,1.0,648,873,tested,0.6558641975308642,0.6449026345933563,0.6774691358024691,0.6655211912943871
ES,overnight_mid,5,1.5,648,873,tested,0.5385802469135802,0.5349369988545246,0.5632716049382716,0.5578465063001146
ES,overnight_mid,5,2.0,648,873,tested,0.4305555555555556,0.4146620847651776,0.4567901234567901,0.45933562428407787
ES,overnight_mid,10,0.5,648,873,tested,0.816358024691358,0.8121420389461627,0.8348765432098766,0.8316151202749141
ES,overnight_mid,10,1.0,648,873,tested,0.7376543209876543,0.718213058419244,0.7561728395061729,0.7376861397479955
ES,overnight_mid,10,1.5,648,873,tested,0.6358024691358025,0.6277205040091638,0.6589506172839507,0.6483390607101948
ES,overnight_mid,10,2.0,648,873,tested,0.5324074074074074,0.5246277205040092,0.5740740740740741,0.5555555555555556
ES,overnight_mid,15,0.5,648,873,tested,0.8533950617283951,0.8442153493699885,0.8533950617283951,0.8556701030927835
ES,overnight_mid,15,1.0,648,873,tested,0.7685185185185185,0.7617411225658648,0.7978395061728395,0.7777777777777778
ES,overnight_mid,15,1.5,648,873,tested,0.6820987654320988,0.6861397479954181,0.7222222222222222,0.7010309278350515
ES,overnight_mid,15,2.0,648,873,tested,0.5987654320987654,0.6036655211912944,0.6496913580246914,0.6093928980526919
ES,overnight_open,1,0.5,454,839,tested,0.5748898678414097,0.5935637663885578,0.6828193832599119,0.6114421930870083
ES,overnight_open,1,1.0,454,839,tested,0.3986784140969163,0.42073897497020263,0.5,0.43504171632896305
ES,overnight_open,1,1.5,454,839,tested,0.2577092511013216,0.27771156138259834,0.3634361233480176,0.3110846245530393
ES,overnight_open,1,2.0,454,839,tested,0.18722466960352424,0.18116805721096543,0.2577092511013216,0.2205005959475566
ES,overnight_open,3,0.5,454,839,tested,0.711453744493392,0.7234803337306317,0.788546255506608,0.7437425506555423
ES,overnight_open,3,1.0,454,839,tested,0.5594713656387665,0.5756853396901073,0.6651982378854625,0.6078665077473182
ES,overnight_open,3,1.5,454,839,tested,0.4251101321585903,0.4374255065554231,0.526431718061674,0.4862932061978546
ES,overnight_open,3,2.0,454,839,tested,0.31718061674008813,0.3098927294398093,0.4251101321585903,0.3742550655542312
ES,overnight_open,5,0.5,454,839,tested,0.762114537444934,0.7794994040524433,0.8171806167400881,0.7938021454112039
ES,overnight_open,5,1.0,454,839,tested,0.6255506607929515,0.6471990464839095,0.7180616740088106,0.6734207389749702
ES,overnight_open,5,1.5,454,839,tested,0.4933920704845815,0.5256257449344458,0.6101321585903083,0.564958283671037
ES,overnight_open,5,2.0,454,839,tested,0.40308370044052866,0.41835518474374256,0.5176211453744494,0.44934445768772346
ES,overnight_open,10,0.5,454,839,tested,0.8193832599118943,0.834326579261025,0.8744493392070485,0.8390941597139452
ES,overnight_open,10,1.0,454,839,tested,0.7070484581497798,0.7234803337306317,0.801762114537445,0.7497020262216925
ES,overnight_open,10,1.5,454,839,tested,0.6057268722466961,0.6233611442193087,0.7070484581497798,0.6603098927294399
ES,overnight_open,10,2.0,454,839,tested,0.5352422907488987,0.5423122765196663,0.6167400881057269,0.5530393325387366
ES,overnight_open,15,0.5,454,839,tested,0.8458149779735683,0.8629320619785459,0.8898678414096917,0.8629320619785459
ES,overnight_open,15,1.0,454,839,tested,0.7555066079295154,0.7711561382598331,0.8303964757709251,0.7842669845053635
ES,overnight_open,15,1.5,454,839,tested,0.6497797356828194,0.6841477949940405,0.7555066079295154,0.698450536352801
ES,overnight_open,15,2.0,454,839,tested,0.5925110132158591,0.6054827175208581,0.6762114537444934,0.600715137067938
ES,prior_close,1,0.5,347,808,tested,0.6167146974063401,0.6101485148514851,0.6311239193083573,0.5878712871287128
ES,prior_close,1,1.0,347,808,tested,0.4610951008645533,0.4207920792079208,0.4553314121037464,0.41089108910891087
ES,prior_close,1,1.5,347,808,tested,0.3112391930835735,0.28465346534653463,0.29971181556195964,0.28836633663366334
ES,prior_close,1,2.0,347,808,tested,0.207492795389049,0.1745049504950495,0.2132564841498559,0.19925742574257427
ES,prior_close,3,0.5,347,808,tested,0.729106628242075,0.7277227722772277,0.7348703170028819,0.719059405940594
ES,prior_close,3,1.0,347,808,tested,0.6167146974063401,0.573019801980198,0.6023054755043228,0.5742574257425742
ES,prior_close,3,1.5,347,808,tested,0.4495677233429395,0.4344059405940594,0.4495677233429395,0.4628712871287129
ES,prior_close,3,2.0,347,808,tested,0.35446685878962536,0.3292079207920792,0.36023054755043227,0.3502475247524752
ES,prior_close,5,0.5,347,808,tested,0.7838616714697406,0.7821782178217822,0.7694524495677233,0.7673267326732673
ES,prior_close,5,1.0,347,808,tested,0.6657060518731989,0.6534653465346535,0.6628242074927954,0.6373762376237624
ES,prior_close,5,1.5,347,808,tested,0.5187319884726225,0.5321782178217822,0.5273775216138329,0.5396039603960396
ES,prior_close,5,2.0,347,808,tested,0.42363112391930835,0.43316831683168316,0.45244956772334294,0.44183168316831684
ES,prior_close,10,0.5,347,808,tested,0.8184438040345822,0.8353960396039604,0.8472622478386167,0.8267326732673267
ES,prior_close,10,1.0,347,808,tested,0.7348703170028819,0.7400990099009901,0.7463976945244957,0.7301980198019802
ES,prior_close,10,1.5,347,808,tested,0.6484149855907781,0.6398514851485149,0.6426512968299711,0.6361386138613861
ES,prior_close,10,2.0,347,808,tested,0.579250720461095,0.5420792079207921,0.5648414985590778,0.5383663366336634
ES,prior_close,15,0.5,347,808,tested,0.8559077809798271,0.8564356435643564,0.8674351585014409,0.8514851485148515
ES,prior_close,15,1.0,347,808,tested,0.7752161383285303,0.7846534653465347,0.7780979827089337,0.7735148514851485
ES,prior_close,15,1.5,347,808,tested,0.6974063400576369,0.693069306930693,0.6858789625360231,0.6868811881188119
ES,prior_close,15,2.0,347,808,tested,0.6455331412103746,0.6163366336633663,0.622478386167147,0.6051980198019802
ES,prior_high,1,0.5,235,768,tested,0.5446808510638298,0.58203125,0.6468085106382979,0.6171875
ES,prior_high,1,1.0,235,768,tested,0.3617021276595745,0.4075520833333333,0.43829787234042555,0.4244791666666667
ES,prior_high,1,1.5,235,768,tested,0.2553191489361702,0.2825520833333333,0.28085106382978725,0.3033854166666667
ES,prior_high,1,2.0,235,768,tested,0.16595744680851063,0.171875,0.2,0.21354166666666666
ES,prior_high,3,0.5,235,768,tested,0.6723404255319149,0.7213541666666666,0.7617021276595745,0.7356770833333334
ES,prior_high,3,1.0,235,768,tested,0.548936170212766,0.5794270833333334,0.6127659574468085,0.578125
ES,prior_high,3,1.5,235,768,tested,0.4127659574468085,0.4518229166666667,0.4340425531914894,0.44921875
ES,prior_high,3,2.0,235,768,tested,0.2851063829787234,0.3151041666666667,0.33191489361702126,0.34375
ES,prior_high,5,0.5,235,768,tested,0.7404255319148936,0.7760416666666666,0.7957446808510639,0.7825520833333334
ES,prior_high,5,1.0,235,768,tested,0.6382978723404256,0.65625,0.6808510638297872,0.65625
ES,prior_high,5,1.5,235,768,tested,0.4978723404255319,0.5442708333333334,0.5063829787234042,0.5247395833333334
ES,prior_high,5,2.0,235,768,tested,0.4,0.4114583333333333,0.40425531914893614,0.421875
ES,prior_high,10,0.5,235,768,tested,0.8127659574468085,0.8411458333333334,0.8212765957446808,0.8385416666666666
ES,prior_high,10,1.0,235,768,tested,0.7148936170212766,0.7434895833333334,0.7361702127659574,0.7252604166666666
ES,prior_high,10,1.5,235,768,tested,0.6127659574468085,0.65625,0.5872340425531914,0.625
ES,prior_high,10,2.0,235,768,tested,0.5191489361702127,0.5442708333333334,0.4808510638297872,0.5260416666666666
ES,prior_high,15,0.5,235,768,tested,0.8382978723404255,0.8671875,0.8468085106382979,0.859375
ES,prior_high,15,1.0,235,768,tested,0.7702127659574468,0.78515625,0.7659574468085106,0.7604166666666666
ES,prior_high,15,1.5,235,768,tested,0.6851063829787234,0.71875,0.6340425531914894,0.6653645833333334
ES,prior_high,15,2.0,235,768,tested,0.6,0.6276041666666666,0.5404255319148936,0.5872395833333334
ES,prior_low,1,0.5,185,822,tested,0.6648648648648648,0.635036496350365,0.6162162162162163,0.6666666666666666
ES,prior_low,1,1.0,185,822,tested,0.5621621621621622,0.4635036496350365,0.4810810810810811,0.5060827250608273
ES,prior_low,1,1.5,185,822,tested,0.43243243243243246,0.35523114355231145,0.31351351351351353,0.3771289537712895
ES,prior_low,1,2.0,185,822,tested,0.32432432432432434,0.26034063260340634,0.22702702702702704,0.291970802919708
ES,prior_low,3,0.5,185,822,tested,0.7945945945945946,0.7530413625304136,0.7297297297297297,0.7798053527980535
ES,prior_low,3,1.0,185,822,tested,0.6702702702702703,0.6228710462287105,0.6162162162162163,0.6581508515815085
ES,prior_low,3,1.5,185,822,tested,0.5405405405405406,0.5279805352798054,0.5027027027027027,0.5425790754257908
ES,prior_low,3,2.0,185,822,tested,0.4486486486486487,0.4197080291970803,0.3783783783783784,0.4464720194647202
ES,prior_low,5,0.5,185,822,tested,0.8432432432432433,0.7956204379562044,0.7837837837837838,0.8211678832116789
ES,prior_low,5,1.0,185,822,tested,0.7297297297297297,0.683698296836983,0.6918918918918919,0.7250608272506083
ES,prior_low,5,1.5,185,822,tested,0.6270270270270271,0.597323600973236,0.5783783783783784,0.6253041362530414
ES,prior_low,5,2.0,185,822,tested,0.5297297297297298,0.5048661800486618,0.4540540540540541,0.5218978102189781
ES,prior_low,10,0.5,185,822,tested,0.8864864864864865,0.8467153284671532,0.8324324324324325,0.8661800486618005
ES,prior_low,10,1.0,185,822,tested,0.8162162162162162,0.7627737226277372,0.7405405405405405,0.791970802919708
ES,prior_low,10,1.5,185,822,tested,0.7351351351351352,0.6897810218978102,0.6756756756756757,0.7201946472019465
ES,prior_low,10,2.0,185,822,tested,0.6216216216216216,0.6143552311435523,0.6,0.6399026763990268
ES,prior_low,15,0.5,185,822,tested,0.9027027027027027,0.8759124087591241,0.8756756756756757,0.8880778588807786
ES,prior_low,15,1.0,185,822,tested,0.8486486486486486,0.8004866180048662,0.7837837837837838,0.8199513381995134
ES,prior_low,15,1.5,185,822,tested,0.8,0.7311435523114356,0.7135135135135136,0.7566909975669099
ES,prior_low,15,2.0,185,822,tested,0.6648648648648648,0.6581508515815085,0.654054054054054,0.6885644768856448
ES,prior_rth_mid,1,0.5,255,790,tested,0.5686274509803921,0.6113924050632912,0.6352941176470588,0.6113924050632912
ES,prior_rth_mid,1,1.0,255,790,tested,0.4392156862745098,0.4177215189873418,0.4745098039215686,0.4215189873417722
ES,prior_rth_mid,1,1.5,255,790,tested,0.28627450980392155,0.27848101265822783,0.35294117647058826,0.3012658227848101
ES,prior_rth_mid,1,2.0,255,790,tested,0.1843137254901961,0.1810126582278481,0.2549019607843137,0.189873417721519
ES,prior_rth_mid,3,0.5,255,790,tested,0.7176470588235294,0.7291139240506329,0.7450980392156863,0.7329113924050633
ES,prior_rth_mid,3,1.0,255,790,tested,0.6039215686274509,0.5810126582278481,0.6235294117647059,0.5734177215189873
ES,prior_rth_mid,3,1.5,255,790,tested,0.4588235294117647,0.44936708860759494,0.4823529411764706,0.4670886075949367
ES,prior_rth_mid,3,2.0,255,790,tested,0.34901960784313724,0.3227848101265823,0.39215686274509803,0.369620253164557
ES,prior_rth_mid,5,0.5,255,790,tested,0.7764705882352941,0.7810126582278482,0.792156862745098,0.7860759493670886
ES,prior_rth_mid,5,1.0,255,790,tested,0.6862745098039216,0.6443037974683544,0.6941176470588235,0.6531645569620254
ES,prior_rth_mid,5,1.5,255,790,tested,0.5607843137254902,0.5392405063291139,0.5725490196078431,0.5443037974683544
ES,prior_rth_mid,5,2.0,255,790,tested,0.4627450980392157,0.43291139240506327,0.47058823529411764,0.4341772151898734
ES,prior_rth_mid,10,0.5,255,790,tested,0.8352941176470589,0.8455696202531645,0.8352941176470589,0.8354430379746836
ES,prior_rth_mid,10,1.0,255,790,tested,0.7568627450980392,0.7291139240506329,0.7529411764705882,0.7278481012658228
ES,prior_rth_mid,10,1.5,255,790,tested,0.6901960784313725,0.6392405063291139,0.6352941176470588,0.6367088607594936
ES,prior_rth_mid,10,2.0,255,790,tested,0.6039215686274509,0.540506329113924,0.5450980392156862,0.5481012658227848
ES,prior_rth_mid,15,0.5,255,790,tested,0.8784313725490196,0.8734177215189873,0.8588235294117647,0.8645569620253165
ES,prior_rth_mid,15,1.0,255,790,tested,0.807843137254902,0.7810126582278482,0.788235294117647,0.7708860759493671
ES,prior_rth_mid,15,1.5,255,790,tested,0.7333333333333333,0.7088607594936709,0.6745098039215687,0.6936708860759494
ES,prior_rth_mid,15,2.0,255,790,tested,0.6901960784313725,0.6253164556962025,0.5803921568627451,0.6113924050632912
ES,prior_rth_vwap,1,0.5,269,799,tested,0.5947955390334573,0.623279098873592,0.6319702602230484,0.5819774718397998
ES,prior_rth_vwap,1,1.0,269,799,tested,0.43866171003717475,0.44806007509386736,0.4349442379182156,0.3979974968710889
ES,prior_rth_vwap,1,1.5,269,799,tested,0.275092936802974,0.28035043804755944,0.29739776951672864,0.2828535669586984
ES,prior_rth_vwap,1,2.0,269,799,tested,0.14869888475836432,0.18272841051314143,0.19330855018587362,0.18648310387984982
ES,prior_rth_vwap,3,0.5,269,799,tested,0.7323420074349443,0.7409261576971214,0.7472118959107806,0.7083854818523154
ES,prior_rth_vwap,3,1.0,269,799,tested,0.5799256505576208,0.5919899874843555,0.6133828996282528,0.5632040050062578
ES,prior_rth_vwap,3,1.5,269,799,tested,0.40892193308550184,0.45807259073842305,0.49070631970260226,0.4555694618272841
ES,prior_rth_vwap,3,2.0,269,799,tested,0.31226765799256506,0.33291614518147683,0.36059479553903345,0.33667083854818525
ES,prior_rth_vwap,5,0.5,269,799,tested,0.79182156133829,0.7909887359198998,0.8141263940520446,0.7609511889862328
ES,prior_rth_vwap,5,1.0,269,799,tested,0.6691449814126395,0.6608260325406758,0.6765799256505576,0.6458072590738423
ES,prior_rth_vwap,5,1.5,269,799,tested,0.5204460966542751,0.5494367959949937,0.5910780669144982,0.541927409261577
ES,prior_rth_vwap,5,2.0,269,799,tested,0.4052044609665427,0.4430538172715895,0.45353159851301117,0.42052565707133915
ES,prior_rth_vwap,10,0.5,269,799,tested,0.8550185873605948,0.8523153942428036,0.8661710037174721,0.8235294117647058
ES,prior_rth_vwap,10,1.0,269,799,tested,0.7434944237918215,0.7521902377972466,0.7620817843866171,0.7271589486858573
ES,prior_rth_vwap,10,1.5,269,799,tested,0.6505576208178439,0.6533166458072591,0.6728624535315985,0.639549436795995
ES,prior_rth_vwap,10,2.0,269,799,tested,0.5427509293680297,0.5619524405506884,0.5687732342007435,0.5281602002503129
ES,prior_rth_vwap,15,0.5,269,799,tested,0.862453531598513,0.8811013767209012,0.8773234200743495,0.853566958698373
ES,prior_rth_vwap,15,1.0,269,799,tested,0.79182156133829,0.7934918648310388,0.79182156133829,0.772215269086358
ES,prior_rth_vwap,15,1.5,269,799,tested,0.7137546468401487,0.7096370463078848,0.7137546468401487,0.685857321652065
ES,prior_rth_vwap,15,2.0,269,799,tested,0.6245353159851301,0.6257822277847309,0.6171003717472119,0.5857321652065082
ES,q_D_p25,1,0.5,1152,974,tested,0.6050347222222222,0.6283367556468172,0.6770833333333334,0.6509240246406571
ES,q_D_p25,1,1.0,1152,974,tested,0.5,0.49691991786447637,0.5763888888888888,0.5225872689938398
ES,q_D_p25,1,1.5,1152,974,tested,0.3567708333333333,0.3655030800821355,0.4548611111111111,0.42813141683778233
ES,q_D_p25,1,2.0,1152,974,tested,0.2638888888888889,0.2782340862422998,0.3541666666666667,0.3182751540041068
ES,q_D_p25,3,0.5,1152,974,tested,0.7213541666666666,0.7464065708418891,0.7560763888888888,0.7320328542094456
ES,q_D_p25,3,1.0,1152,974,tested,0.6276041666666666,0.6478439425051334,0.6762152777777778,0.6293634496919918
ES,q_D_p25,3,1.5,1152,974,tested,0.5173611111111112,0.5369609856262834,0.5729166666666666,0.5472279260780287
ES,q_D_p25,3,2.0,1152,974,tested,0.4392361111111111,0.45585215605749485,0.4835069444444444,0.4486652977412731
ES,q_D_p25,5,0.5,1152,974,tested,0.7699652777777778,0.7905544147843943,0.796875,0.7772073921971252
ES,q_D_p25,5,1.0,1152,974,tested,0.6961805555555556,0.704312114989733,0.7265625,0.6848049281314168
ES,q_D_p25,5,1.5,1152,974,tested,0.5980902777777778,0.6160164271047228,0.6362847222222222,0.6149897330595483
ES,q_D_p25,5,2.0,1152,974,tested,0.5277777777777778,0.5297741273100616,0.5486111111111112,0.5164271047227926
ES,q_D_p25,10,0.5,1152,974,tested,0.8046875,0.8275154004106776,0.84375,0.8285420944558521
ES,q_D_p25,10,1.0,1152,974,tested,0.7517361111111112,0.7648870636550308,0.7890625,0.7648870636550308
ES,q_D_p25,10,1.5,1152,974,tested,0.6762152777777778,0.6971252566735113,0.7178819444444444,0.704312114989733
ES,q_D_p25,10,2.0,1152,974,tested,0.6154513888888888,0.6262833675564682,0.640625,0.6242299794661191
ES,q_D_p25,15,0.5,1152,974,tested,0.8211805555555556,0.8470225872689938,0.8637152777777778,0.851129363449692
ES,q_D_p25,15,1.0,1152,974,tested,0.7795138888888888,0.7967145790554415,0.8142361111111112,0.7936344969199178
ES,q_D_p25,15,1.5,1152,974,tested,0.7161458333333334,0.7351129363449692,0.7604166666666666,0.7484599589322382
ES,q_D_p25,15,2.0,1152,974,tested,0.6597222222222222,0.6694045174537988,0.6918402777777778,0.6724845995893224
ES,q_D_p75,1,0.5,949,926,tested,0.6090621707060063,0.6187904967602592,0.6870389884088515,0.6641468682505399
ES,q_D_p75,1,1.0,949,926,tested,0.46469968387776606,0.46220302375809935,0.5331928345626976,0.5
ES,q_D_p75,1,1.5,949,926,tested,0.3329820864067439,0.3326133909287257,0.41517386722866173,0.39092872570194387
ES,q_D_p75,1,2.0,949,926,tested,0.25500526870389884,0.2580993520518359,0.3329820864067439,0.28833693304535635
ES,q_D_p75,3,0.5,949,926,tested,0.7239199157007377,0.734341252699784,0.7839831401475237,0.7742980561555075
ES,q_D_p75,3,1.0,949,926,tested,0.6322444678609063,0.6328293736501079,0.6701791359325606,0.6436285097192225
ES,q_D_p75,3,1.5,949,926,tested,0.5152792413066386,0.5107991360691144,0.5669125395152792,0.550755939524838
ES,q_D_p75,3,2.0,949,926,tested,0.42992623814541625,0.4200863930885529,0.48788198103266595,0.4503239740820734
ES,q_D_p75,5,0.5,949,926,tested,0.7776606954689147,0.7786177105831533,0.8303477344573235,0.8250539956803455
ES,q_D_p75,5,1.0,949,926,tested,0.6944151738672286,0.6781857451403888,0.7270811380400422,0.712742980561555
ES,q_D_p75,5,1.5,949,926,tested,0.5858798735511064,0.58207343412527,0.624868282402529,0.6166306695464363
ES,q_D_p75,5,2.0,949,926,tested,0.5036880927291886,0.5032397408207343,0.553213909378293,0.5140388768898488
ES,q_D_p75,10,0.5,949,926,tested,0.827186512118019,0.8390928725701944,0.8746048472075869,0.8650107991360692
ES,q_D_p75,10,1.0,949,926,tested,0.7650158061116965,0.7602591792656588,0.7987355110642782,0.7883369330453563
ES,q_D_p75,10,1.5,949,926,tested,0.6870389884088515,0.6781857451403888,0.7165437302423604,0.7116630669546437
ES,q_D_p75,10,2.0,949,926,tested,0.6111696522655427,0.6090712742980562,0.6628029504741834,0.6231101511879049
ES,q_D_p75,15,0.5,949,926,tested,0.8672286617492097,0.8660907127429806,0.8914646996838778,0.8812095032397408
ES,q_D_p75,15,1.0,949,926,tested,0.8166491043203372,0.8034557235421166,0.8208640674394099,0.8120950323974082
ES,q_D_p75,15,1.5,949,926,tested,0.7344573234984194,0.7224622030237581,0.7544783983140148,0.7473002159827213
ES,q_D_p75,15,2.0,949,926,tested,0.667017913593256,0.6695464362850972,0.7091675447839831,0.6792656587473002
ES,q_D_p90,1,0.5,828,850,tested,0.6219806763285024,0.64,0.6739130434782609,0.6670588235294118
ES,q_D_p90,1,1.0,828,850,tested,0.4601449275362319,0.4788235294117647,0.5241545893719807,0.4776470588235294
ES,q_D_p90,1,1.5,828,850,tested,0.34541062801932365,0.3376470588235294,0.3804347826086957,0.35058823529411764
ES,q_D_p90,1,2.0,828,850,tested,0.24758454106280192,0.25058823529411767,0.2946859903381642,0.2788235294117647
ES,q_D_p90,3,0.5,828,850,tested,0.75,0.7517647058823529,0.783816425120773,0.7847058823529411
ES,q_D_p90,3,1.0,828,850,tested,0.6183574879227053,0.6282352941176471,0.6859903381642513,0.6435294117647059
ES,q_D_p90,3,1.5,828,850,tested,0.5,0.5070588235294118,0.5567632850241546,0.52
ES,q_D_p90,3,2.0,828,850,tested,0.40217391304347827,0.4152941176470588,0.45893719806763283,0.4329411764705882
ES,q_D_p90,5,0.5,828,850,tested,0.7958937198067633,0.7941176470588235,0.8333333333333334,0.8235294117647058
ES,q_D_p90,5,1.0,828,850,tested,0.6908212560386473,0.6941176470588235,0.7584541062801933,0.7094117647058824
ES,q_D_p90,5,1.5,828,850,tested,0.5772946859903382,0.5823529411764706,0.6364734299516909,0.6023529411764705
ES,q_D_p90,5,2.0,828,850,tested,0.48429951690821255,0.4976470588235294,0.5495169082125604,0.5117647058823529
ES,q_D_p90,10,0.5,828,850,tested,0.8417874396135265,0.8458823529411764,0.8659420289855072,0.8705882352941177
ES,q_D_p90,10,1.0,828,850,tested,0.7608695652173914,0.7788235294117647,0.8103864734299517,0.7788235294117647
ES,q_D_p90,10,1.5,828,850,tested,0.6714975845410628,0.6776470588235294,0.714975845410628,0.6929411764705883
ES,q_D_p90,10,2.0,828,850,tested,0.5942028985507246,0.6129411764705882,0.6594202898550725,0.6223529411764706
ES,q_D_p90,15,0.5,828,850,tested,0.8731884057971014,0.8741176470588236,0.8864734299516909,0.8870588235294118
ES,q_D_p90,15,1.0,828,850,tested,0.7958937198067633,0.8094117647058824,0.8345410628019324,0.808235294117647
ES,q_D_p90,15,1.5,828,850,tested,0.7210144927536232,0.7152941176470589,0.7536231884057971,0.7364705882352941
ES,q_D_p90,15,2.0,828,850,tested,0.6461352657004831,0.6576470588235294,0.6992753623188406,0.6741176470588235
ES,q_D_p95,1,0.5,745,844,tested,0.6456375838926175,0.6184834123222749,0.6684563758389261,0.659952606635071
ES,q_D_p95,1,1.0,745,844,tested,0.4738255033557047,0.47511848341232227,0.5060402684563758,0.495260663507109
ES,q_D_p95,1,1.5,745,844,tested,0.35838926174496644,0.3424170616113744,0.3516778523489933,0.3708530805687204
ES,q_D_p95,1,2.0,745,844,tested,0.26040268456375837,0.25118483412322273,0.2738255033557047,0.28554502369668244
ES,q_D_p95,3,0.5,745,844,tested,0.7516778523489933,0.7523696682464455,0.7879194630872484,0.7784360189573459
ES,q_D_p95,3,1.0,745,844,tested,0.6308724832214765,0.6267772511848341,0.6751677852348993,0.6516587677725119
ES,q_D_p95,3,1.5,745,844,tested,0.5167785234899329,0.5071090047393365,0.5342281879194631,0.5379146919431279
ES,q_D_p95,3,2.0,745,844,tested,0.39865771812080536,0.41113744075829384,0.4429530201342282,0.4419431279620853
ES,q_D_p95,5,0.5,745,844,tested,0.7865771812080536,0.7985781990521327,0.8268456375838926,0.8293838862559242
ES,q_D_p95,5,1.0,745,844,tested,0.6845637583892618,0.6943127962085308,0.7355704697986577,0.7156398104265402
ES,q_D_p95,5,1.5,745,844,tested,0.5959731543624162,0.580568720379147,0.6241610738255033,0.6172985781990521
ES,q_D_p95,5,2.0,745,844,tested,0.49395973154362416,0.490521327014218,0.5503355704697986,0.518957345971564
ES,q_D_p95,10,0.5,745,844,tested,0.8389261744966443,0.8530805687203792,0.876510067114094,0.8684834123222749
ES,q_D_p95,10,1.0,745,844,tested,0.7664429530201342,0.7748815165876777,0.789261744966443,0.783175355450237
ES,q_D_p95,10,1.5,745,844,tested,0.6859060402684564,0.6895734597156398,0.697986577181208,0.7085308056872038
ES,q_D_p95,10,2.0,745,844,tested,0.6026845637583893,0.6066350710900474,0.6241610738255033,0.6255924170616114
ES,q_D_p95,15,0.5,745,844,tested,0.8630872483221477,0.8791469194312796,0.8953020134228188,0.8874407582938388
ES,q_D_p95,15,1.0,745,844,tested,0.7959731543624161,0.8056872037914692,0.825503355704698,0.8127962085308057
ES,q_D_p95,15,1.5,745,844,tested,0.7355704697986577,0.7345971563981043,0.7476510067114094,0.759478672985782
ES,q_D_p95,15,2.0,745,844,tested,0.6563758389261745,0.6623222748815166,0.6845637583892618,0.6800947867298578
ES,q_U_p25,1,0.5,1151,1044,tested,0.5899218071242398,0.6015325670498084,0.6429192006950478,0.6226053639846744
ES,q_U_p25,1,1.0,1151,1044,tested,0.46655082536924414,0.44731800766283525,0.5047784535186794,0.4731800766283525
ES,q_U_p25,1,1.5,1151,1044,tested,0.32493483927019984,0.32088122605363983,0.38575152041702865,0.3544061302681992
ES,q_U_p25,1,2.0,1151,1044,tested,0.22589052997393572,0.2231800766283525,0.2841007819287576,0.25766283524904215
ES,q_U_p25,3,0.5,1151,1044,tested,0.7158992180712423,0.7203065134099617,0.7515204170286707,0.7289272030651341
ES,q_U_p25,3,1.0,1151,1044,tested,0.5977410947002606,0.5890804597701149,0.6411815812337098,0.617816091954023
ES,q_U_p25,3,1.5,1151,1044,tested,0.4613379669852302,0.46264367816091956,0.5438748913987836,0.5220306513409961
ES,q_U_p25,3,2.0,1151,1044,tested,0.37185056472632494,0.35823754789272033,0.4456993918331885,0.42049808429118773
ES,q_U_p25,5,0.5,1151,1044,tested,0.7645525629887054,0.7701149425287356,0.7914856646394439,0.7720306513409961
ES,q_U_p25,5,1.0,1151,1044,tested,0.6576889661164205,0.6580459770114943,0.6898349261511729,0.6676245210727969
ES,q_U_p25,5,1.5,1151,1044,tested,0.5421372719374457,0.5565134099616859,0.6133796698523023,0.5881226053639846
ES,q_U_p25,5,2.0,1151,1044,tested,0.4639443961772372,0.45306513409961685,0.5360556038227628,0.5124521072796935
ES,q_U_p25,10,0.5,1151,1044,tested,0.8192875760208514,0.8218390804597702,0.8271068635968722,0.8113026819923371
ES,q_U_p25,10,1.0,1151,1044,tested,0.733275412684622,0.7241379310344828,0.7463075586446568,0.7279693486590039
ES,q_U_p25,10,1.5,1151,1044,tested,0.6255430060816681,0.6379310344827587,0.6794092093831451,0.6599616858237548
ES,q_U_p25,10,2.0,1151,1044,tested,0.5534317984361424,0.5431034482758621,0.6185925282363163,0.5986590038314177
ES,q_U_p25,15,0.5,1151,1044,tested,0.8444830582102519,0.8486590038314177,0.8470894874022589,0.8362068965517241
ES,q_U_p25,15,1.0,1151,1044,tested,0.7662901824500434,0.7605363984674329,0.7749782797567333,0.7614942528735632
ES,q_U_p25,15,1.5,1151,1044,tested,0.6811468288444831,0.6886973180076629,0.7080799304952216,0.6934865900383141
ES,q_U_p25,15,2.0,1151,1044,tested,0.6133796698523023,0.603448275862069,0.6516072980017377,0.6360153256704981
ES,q_U_p75,1,0.5,932,908,tested,0.6115879828326181,0.6266519823788547,0.6062231759656652,0.5748898678414097
ES,q_U_p75,1,1.0,932,908,tested,0.4248927038626609,0.42841409691629956,0.4688841201716738,0.42070484581497797
ES,q_U_p75,1,1.5,932,908,tested,0.2843347639484979,0.2830396475770925,0.3186695278969957,0.31167400881057267
ES,q_U_p75,1,2.0,932,908,tested,0.19098712446351931,0.1949339207048458,0.23068669527896996,0.21035242290748898
ES,q_U_p75,3,0.5,932,908,tested,0.7371244635193133,0.748898678414097,0.7285407725321889,0.7125550660792952
ES,q_U_p75,3,1.0,932,908,tested,0.5944206008583691,0.5781938325991189,0.6169527896995708,0.5892070484581498
ES,q_U_p75,3,1.5,932,908,tested,0.4570815450643777,0.45484581497797355,0.490343347639485,0.4779735682819383
ES,q_U_p75,3,2.0,932,908,tested,0.34227467811158796,0.3436123348017621,0.3969957081545064,0.381057268722467
ES,q_U_p75,5,0.5,932,908,tested,0.7875536480686696,0.8039647577092511,0.7800429184549357,0.7610132158590308
ES,q_U_p75,5,1.0,932,908,tested,0.6630901287553648,0.6519823788546255,0.6738197424892703,0.6508810572687225
ES,q_U_p75,5,1.5,932,908,tested,0.5311158798283262,0.5297356828193832,0.5643776824034334,0.5539647577092511
ES,q_U_p75,5,2.0,932,908,tested,0.43991416309012876,0.44273127753303965,0.48390557939914164,0.4713656387665198
ES,q_U_p75,10,0.5,932,908,tested,0.8379828326180258,0.8524229074889867,0.8336909871244635,0.816079295154185
ES,q_U_p75,10,1.0,932,908,tested,0.7381974248927039,0.7334801762114538,0.7510729613733905,0.7312775330396476
ES,q_U_p75,10,1.5,932,908,tested,0.6223175965665236,0.6189427312775331,0.6459227467811158,0.6376651982378855
ES,q_U_p75,10,2.0,932,908,tested,0.5536480686695279,0.5473568281938326,0.5783261802575107,0.5550660792951542
ES,q_U_p75,15,0.5,932,908,tested,0.8701716738197425,0.8898678414096917,0.8583690987124464,0.8414096916299559
ES,q_U_p75,15,1.0,932,908,tested,0.7896995708154506,0.7874449339207048,0.7800429184549357,0.762114537444934
ES,q_U_p75,15,1.5,932,908,tested,0.6899141630901288,0.6960352422907489,0.6899141630901288,0.6817180616740088
ES,q_U_p75,15,2.0,932,908,tested,0.619098712446352,0.6244493392070485,0.6319742489270386,0.6123348017621145
ES,q_U_p90,1,0.5,792,779,tested,0.61489898989899,0.6225930680359435,0.6085858585858586,0.5969191270860077
ES,q_U_p90,1,1.0,792,779,tested,0.43686868686868685,0.4300385109114249,0.4255050505050505,0.4146341463414634
ES,q_U_p90,1,1.5,792,779,tested,0.2702020202020202,0.29781771501925547,0.2967171717171717,0.2926829268292683
ES,q_U_p90,1,2.0,792,779,tested,0.16666666666666666,0.16944801026957637,0.21338383838383837,0.196405648267009
ES,q_U_p90,3,0.5,792,779,tested,0.7373737373737373,0.7406931964056482,0.7247474747474747,0.7137355584082157
ES,q_U_p90,3,1.0,792,779,tested,0.5896464646464646,0.5866495507060334,0.5757575757575758,0.5750962772785623
ES,q_U_p90,3,1.5,792,779,tested,0.4457070707070707,0.46983311938382544,0.45454545454545453,0.4595635430038511
ES,q_U_p90,3,2.0,792,779,tested,0.3333333333333333,0.3324775353016688,0.3611111111111111,0.3504492939666239
ES,q_U_p90,5,0.5,792,779,tested,0.7929292929292929,0.7946084724005135,0.7790404040404041,0.7689345314505777
ES,q_U_p90,5,1.0,792,779,tested,0.6679292929292929,0.6623876765083441,0.6426767676767676,0.637997432605905
ES,q_U_p90,5,1.5,792,779,tested,0.5454545454545454,0.5622593068035944,0.5353535353535354,0.5237483953786907
ES,q_U_p90,5,2.0,792,779,tested,0.42676767676767674,0.43517329910141206,0.43686868686868685,0.42618741976893454
ES,q_U_p90,10,0.5,792,779,tested,0.8446969696969697,0.8472400513478819,0.8345959595959596,0.8267008985879333
ES,q_U_p90,10,1.0,792,779,tested,0.73989898989899,0.7625160462130937,0.7121212121212122,0.7137355584082157
ES,q_U_p90,10,1.5,792,779,tested,0.6452020202020202,0.6649550706033376,0.6338383838383839,0.6174582798459564
ES,q_U_p90,10,2.0,792,779,tested,0.5492424242424242,0.558408215661104,0.5517676767676768,0.5327342747111682
ES,q_U_p90,15,0.5,792,779,tested,0.8699494949494949,0.8754813863928113,0.8547979797979798,0.8536585365853658
ES,q_U_p90,15,1.0,792,779,tested,0.7891414141414141,0.8023106546854942,0.7487373737373737,0.7637997432605905
ES,q_U_p90,15,1.5,792,779,tested,0.7070707070707071,0.72400513478819,0.6792929292929293,0.6713735558408216
ES,q_U_p90,15,2.0,792,779,tested,0.6401515151515151,0.637997432605905,0.5997474747474747,0.5994865211810013
ES,q_U_p95,1,0.5,711,774,tested,0.6343178621659634,0.6317829457364341,0.5808720112517581,0.5917312661498708
ES,q_U_p95,1,1.0,711,774,tested,0.43319268635724334,0.4470284237726098,0.4120956399437412,0.4069767441860465
ES,q_U_p95,1,1.5,711,774,tested,0.28551336146272854,0.2958656330749354,0.2587904360056259,0.2777777777777778
ES,q_U_p95,1,2.0,711,774,tested,0.17721518987341772,0.19121447028423771,0.19831223628691982,0.18733850129198967
ES,q_U_p95,3,0.5,711,774,tested,0.7693389592123769,0.7428940568475452,0.7032348804500703,0.727390180878553
ES,q_U_p95,3,1.0,711,774,tested,0.5864978902953587,0.6111111111111112,0.5808720112517581,0.5607235142118863
ES,q_U_p95,3,1.5,711,774,tested,0.45569620253164556,0.45219638242894056,0.43741209563994377,0.4496124031007752
ES,q_U_p95,3,2.0,711,774,tested,0.3291139240506329,0.3333333333333333,0.35161744022503516,0.3449612403100775
ES,q_U_p95,5,0.5,711,774,tested,0.8087201125175809,0.7919896640826873,0.759493670886076,0.7842377260981912
ES,q_U_p95,5,1.0,711,774,tested,0.6540084388185654,0.6808785529715762,0.6582278481012658,0.6395348837209303
ES,q_U_p95,5,1.5,711,774,tested,0.5485232067510548,0.5529715762273901,0.5049226441631505,0.5232558139534884
ES,q_U_p95,5,2.0,711,774,tested,0.4247538677918425,0.4354005167958656,0.4360056258790436,0.42377260981912146
ES,q_U_p95,10,0.5,711,774,tested,0.8649789029535865,0.8462532299741602,0.8087201125175809,0.8333333333333334
ES,q_U_p95,10,1.0,711,774,tested,0.7623066104078763,0.7661498708010336,0.7243319268635724,0.7222222222222222
ES,q_U_p95,10,1.5,711,774,tested,0.6638537271448663,0.6627906976744186,0.6090014064697609,0.6291989664082688
ES,q_U_p95,10,2.0,711,774,tested,0.5471167369901547,0.562015503875969,0.5372714486638537,0.5335917312661499
ES,q_U_p95,15,0.5,711,774,tested,0.890295358649789,0.8669250645994832,0.8354430379746836,0.8565891472868217
ES,q_U_p95,15,1.0,711,774,tested,0.8045007032348804,0.7932816537467701,0.7665260196905767,0.7622739018087855
ES,q_U_p95,15,1.5,711,774,tested,0.7327707454289732,0.7118863049095607,0.6722925457102672,0.6821705426356589
ES,q_U_p95,15,2.0,711,774,tested,0.630098452883263,0.6253229974160207,0.6019690576652602,0.5891472868217055
ES,vwap_on_j+0,1,0.5,700,876,tested,0.6171428571428571,0.6289954337899544,0.61,0.6038812785388128
ES,vwap_on_j+0,1,1.0,700,876,tested,0.43142857142857144,0.4337899543378995,0.45571428571428574,0.4440639269406393
ES,vwap_on_j+0,1,1.5,700,876,tested,0.29,0.2888127853881279,0.3171428571428571,0.3105022831050228
ES,vwap_on_j+0,1,2.0,700,876,tested,0.1957142857142857,0.1860730593607306,0.2342857142857143,0.20205479452054795
ES,vwap_on_j+0,3,0.5,700,876,tested,0.7428571428571429,0.7454337899543378,0.7228571428571429,0.7294520547945206
ES,vwap_on_j+0,3,1.0,700,876,tested,0.5871428571428572,0.58675799086758,0.6042857142857143,0.6015981735159818
ES,vwap_on_j+0,3,1.5,700,876,tested,0.44857142857142857,0.4406392694063927,0.4957142857142857,0.4885844748858447
ES,vwap_on_j+0,3,2.0,700,876,tested,0.3485714285714286,0.3230593607305936,0.38571428571428573,0.3721461187214612
ES,vwap_on_j+0,5,0.5,700,876,tested,0.7885714285714286,0.791095890410959,0.7642857142857142,0.7751141552511416
ES,vwap_on_j+0,5,1.0,700,876,tested,0.6471428571428571,0.6598173515981736,0.6657142857142857,0.6541095890410958
ES,vwap_on_j+0,5,1.5,700,876,tested,0.5485714285714286,0.5422374429223744,0.5657142857142857,0.5639269406392694
ES,vwap_on_j+0,5,2.0,700,876,tested,0.44,0.4292237442922374,0.45714285714285713,0.4646118721461187
ES,vwap_on_j+0,10,0.5,700,876,tested,0.8457142857142858,0.83675799086758,0.82,0.8230593607305936
ES,vwap_on_j+0,10,1.0,700,876,tested,0.7342857142857143,0.7328767123287672,0.7342857142857143,0.730593607305936
ES,vwap_on_j+0,10,1.5,700,876,tested,0.6485714285714286,0.639269406392694,0.6628571428571428,0.6484018264840182
ES,vwap_on_j+0,10,2.0,700,876,tested,0.56,0.54337899543379,0.5628571428571428,0.5502283105022832
ES,vwap_on_j+0,15,0.5,700,876,tested,0.8642857142857143,0.8687214611872146,0.85,0.8447488584474886
ES,vwap_on_j+0,15,1.0,700,876,tested,0.78,0.7876712328767124,0.7771428571428571,0.7728310502283106
ES,vwap_on_j+0,15,1.5,700,876,tested,0.6957142857142857,0.6997716894977168,0.72,0.6906392694063926
ES,vwap_on_j+0,15,2.0,700,876,tested,0.6214285714285714,0.6221461187214612,0.6328571428571429,0.6038812785388128
ES,vwap_on_j+1,1,0.5,657,859,tested,0.573820395738204,0.6111757857974389,0.6149162861491628,0.5844004656577415
ES,vwap_on_j+1,1,1.0,657,859,tested,0.4079147640791476,0.42491268917345754,0.4337899543378995,0.4342258440046566
ES,vwap_on_j+1,1,1.5,657,859,tested,0.2694063926940639,0.2828870779976717,0.2952815829528158,0.3084982537834691
ES,vwap_on_j+1,1,2.0,657,859,tested,0.182648401826484,0.1769499417927823,0.2054794520547945,0.22351571594877764
ES,vwap_on_j+1,3,0.5,657,859,tested,0.7138508371385084,0.7462165308498254,0.7427701674277016,0.7089639115250291
ES,vwap_on_j+1,3,1.0,657,859,tested,0.5753424657534246,0.59953434225844,0.593607305936073,0.5774155995343423
ES,vwap_on_j+1,3,1.5,657,859,tested,0.4353120243531202,0.4528521536670547,0.4444444444444444,0.46449359720605354
ES,vwap_on_j+1,3,2.0,657,859,tested,0.3470319634703196,0.33061699650756693,0.3378995433789954,0.3690337601862631
ES,vwap_on_j+1,5,0.5,657,859,tested,0.7808219178082192,0.7986030267753201,0.7823439878234398,0.7555296856810244
ES,vwap_on_j+1,5,1.0,657,859,tested,0.6407914764079148,0.660069848661234,0.6560121765601218,0.6426076833527358
ES,vwap_on_j+1,5,1.5,657,859,tested,0.5190258751902588,0.5366705471478463,0.5296803652968036,0.540162980209546
ES,vwap_on_j+1,5,2.0,657,859,tested,0.4307458143074581,0.4190919674039581,0.4368340943683409,0.4528521536670547
ES,vwap_on_j+1,10,0.5,657,859,tested,0.8340943683409436,0.8428405122235157,0.8234398782343988,0.810244470314319
ES,vwap_on_j+1,10,1.0,657,859,tested,0.7351598173515982,0.7415599534342259,0.7184170471841704,0.7252619324796274
ES,vwap_on_j+1,10,1.5,657,859,tested,0.6423135464231354,0.6367869615832363,0.60882800608828,0.6414435389988359
ES,vwap_on_j+1,10,2.0,657,859,tested,0.558599695585997,0.5413271245634459,0.5266362252663622,0.5506402793946449
ES,vwap_on_j+1,15,0.5,657,859,tested,0.8614916286149162,0.8731082654249127,0.8432267884322678,0.8370197904540163
ES,vwap_on_j+1,15,1.0,657,859,tested,0.7838660578386606,0.7788125727590222,0.7579908675799086,0.770663562281723
ES,vwap_on_j+1,15,1.5,657,859,tested,0.7016742770167428,0.6915017462165308,0.6605783866057838,0.6903376018626309
ES,vwap_on_j+1,15,2.0,657,859,tested,0.6210045662100456,0.6088474970896391,0.5829528158295282,0.6041909196740396
ES,vwap_on_j+2,1,0.5,418,793,tested,0.6267942583732058,0.6242118537200504,0.5406698564593302,0.5636822194199244
ES,vwap_on_j+2,1,1.0,418,793,tested,0.4449760765550239,0.4489281210592686,0.3229665071770335,0.4136191677175284
ES,vwap_on_j+2,1,1.5,418,793,tested,0.26555023923444976,0.3026481715006305,0.19138755980861244,0.2812105926860025
ES,vwap_on_j+2,1,2.0,418,793,tested,0.16507177033492823,0.19546027742749053,0.12679425837320574,0.19798234552332913
ES,vwap_on_j+2,3,0.5,418,793,tested,0.7535885167464115,0.7515762925598991,0.6435406698564593,0.6847414880201765
ES,vwap_on_j+2,3,1.0,418,793,tested,0.6244019138755981,0.6166456494325346,0.47129186602870815,0.5535939470365699
ES,vwap_on_j+2,3,1.5,418,793,tested,0.44976076555023925,0.47540983606557374,0.3373205741626794,0.4287515762925599
ES,vwap_on_j+2,3,2.0,418,793,tested,0.3253588516746411,0.35182849936948296,0.24162679425837322,0.3354350567465322
ES,vwap_on_j+2,5,0.5,418,793,tested,0.7990430622009569,0.8045397225725095,0.7105263157894737,0.7364438839848676
ES,vwap_on_j+2,5,1.0,418,793,tested,0.6842105263157895,0.6784363177805801,0.5502392344497608,0.6279949558638083
ES,vwap_on_j+2,5,1.5,418,793,tested,0.5215311004784688,0.5535939470365699,0.42105263157894735,0.49936948297604034
ES,vwap_on_j+2,5,2.0,418,793,tested,0.4043062200956938,0.4337957124842371,0.32057416267942584,0.416141235813367
ES,vwap_on_j+2,10,0.5,418,793,tested,0.8516746411483254,0.8537200504413619,0.7799043062200957,0.7969735182849937
ES,vwap_on_j+2,10,1.0,418,793,tested,0.7583732057416268,0.7692307692307693,0.645933014354067,0.6973518284993695
ES,vwap_on_j+2,10,1.5,418,793,tested,0.645933014354067,0.6645649432534678,0.5287081339712919,0.605296343001261
ES,vwap_on_j+2,10,2.0,418,793,tested,0.5191387559808612,0.5498108448928121,0.43779904306220097,0.5233291298865069
ES,vwap_on_j+2,15,0.5,418,793,tested,0.8732057416267942,0.8701134930643127,0.8086124401913876,0.8272383354350568
ES,vwap_on_j+2,15,1.0,418,793,tested,0.7966507177033493,0.8045397225725095,0.69377990430622,0.7440100882723834
ES,vwap_on_j+2,15,1.5,418,793,tested,0.6866028708133971,0.7200504413619168,0.5789473684210527,0.6633039092055486
ES,vwap_on_j+2,15,2.0,418,793,tested,0.583732057416268,0.6279949558638083,0.49282296650717705,0.5977301387137453
ES,vwap_on_j+3,1,0.5,202,773,tested,0.5544554455445545,0.6054333764553687,0.599009900990099,0.6015523932729625
ES,vwap_on_j+3,1,1.0,202,773,tested,0.35148514851485146,0.4243208279430789,0.3465346534653465,0.4139715394566624
ES,vwap_on_j+3,1,1.5,202,773,tested,0.20297029702970298,0.278137128072445,0.19801980198019803,0.2846054333764554
ES,vwap_on_j+3,1,2.0,202,773,tested,0.13861386138613863,0.17981888745148772,0.11386138613861387,0.2018111254851229
ES,vwap_on_j+3,3,0.5,202,773,tested,0.6782178217821783,0.723156532988357,0.7227722772277227,0.7244501940491591
ES,vwap_on_j+3,3,1.0,202,773,tested,0.5,0.5834411384217335,0.5396039603960396,0.5588615782664942
ES,vwap_on_j+3,3,1.5,202,773,tested,0.3217821782178218,0.45666235446313064,0.37623762376237624,0.45666235446313064
ES,vwap_on_j+3,3,2.0,202,773,tested,0.2376237623762376,0.3221216041397154,0.2623762376237624,0.3648124191461837
ES,vwap_on_j+3,5,0.5,202,773,tested,0.7574257425742574,0.7865459249676585,0.7623762376237624,0.7723156532988357
ES,vwap_on_j+3,5,1.0,202,773,tested,0.6138613861386139,0.6597671410090556,0.6188118811881188,0.630012936610608
ES,vwap_on_j+3,5,1.5,202,773,tested,0.4306930693069307,0.5459249676584734,0.43564356435643564,0.5278137128072445
ES,vwap_on_j+3,5,2.0,202,773,tested,0.30198019801980197,0.4269081500646831,0.3217821782178218,0.4307891332470893
ES,vwap_on_j+3,10,0.5,202,773,tested,0.8217821782178217,0.8369987063389392,0.8118811881188119,0.8240620957309185
ES,vwap_on_j+3,10,1.0,202,773,tested,0.7178217821782178,0.7580853816300129,0.6683168316831684,0.7166882276843467
ES,vwap_on_j+3,10,1.5,202,773,tested,0.5742574257425742,0.6558861578266494,0.5148514851485149,0.6235446313065977
ES,vwap_on_j+3,10,2.0,202,773,tested,0.4504950495049505,0.553686934023286,0.4207920792079208,0.536869340232859
ES,vwap_on_j+3,15,0.5,202,773,tested,0.8712871287128713,0.8667529107373868,0.8465346534653465,0.8525226390685641
ES,vwap_on_j+3,15,1.0,202,773,tested,0.7871287128712872,0.795601552393273,0.7475247524752475,0.7632600258732212
ES,vwap_on_j+3,15,1.5,202,773,tested,0.6831683168316832,0.7192755498059509,0.5841584158415841,0.6804657179818887
ES,vwap_on_j+3,15,2.0,202,773,tested,0.5891089108910891,0.630012936610608,0.49504950495049505,0.6015523932729625
ES,vwap_on_j-1,1,0.5,595,884,tested,0.6302521008403361,0.6210407239819005,0.680672268907563,0.669683257918552
ES,vwap_on_j-1,1,1.0,595,884,tested,0.453781512605042,0.4649321266968326,0.4991596638655462,0.5180995475113123
ES,vwap_on_j-1,1,1.5,595,884,tested,0.32605042016806723,0.3552036199095023,0.3563025210084034,0.3891402714932127
ES,vwap_on_j-1,1,2.0,595,884,tested,0.2218487394957983,0.2737556561085973,0.25546218487394956,0.29751131221719457
ES,vwap_on_j-1,3,0.5,595,884,tested,0.7512605042016807,0.7319004524886877,0.7899159663865546,0.7828054298642534
ES,vwap_on_j-1,3,1.0,595,884,tested,0.5932773109243697,0.6074660633484162,0.6588235294117647,0.6595022624434389
ES,vwap_on_j-1,3,1.5,595,884,tested,0.4756302521008403,0.501131221719457,0.5210084033613446,0.5463800904977375
ES,vwap_on_j-1,3,2.0,595,884,tested,0.373109243697479,0.42194570135746606,0.4336134453781513,0.4479638009049774
ES,vwap_on_j-1,5,0.5,595,884,tested,0.8,0.7895927601809954,0.8134453781512605,0.829185520361991
ES,vwap_on_j-1,5,1.0,595,884,tested,0.6705882352941176,0.6730769230769231,0.7092436974789916,0.7205882352941176
ES,vwap_on_j-1,5,1.5,595,884,tested,0.5697478991596638,0.5871040723981901,0.6016806722689075,0.6142533936651584
ES,vwap_on_j-1,5,2.0,595,884,tested,0.46218487394957986,0.501131221719457,0.5243697478991597,0.5214932126696833
ES,vwap_on_j-1,10,0.5,595,884,tested,0.8621848739495799,0.8506787330316742,0.8571428571428571,0.8721719457013575
ES,vwap_on_j-1,10,1.0,595,884,tested,0.7630252100840336,0.7613122171945701,0.7714285714285715,0.7828054298642534
ES,vwap_on_j-1,10,1.5,595,884,tested,0.66890756302521,0.6911764705882353,0.6890756302521008,0.7070135746606335
ES,vwap_on_j-1,10,2.0,595,884,tested,0.5815126050420169,0.6108597285067874,0.6184873949579832,0.6255656108597285
ES,vwap_on_j-1,15,0.5,595,884,tested,0.8823529411764706,0.8823529411764706,0.880672268907563,0.8880090497737556
ES,vwap_on_j-1,15,1.0,595,884,tested,0.7983193277310925,0.8031674208144797,0.8067226890756303,0.8144796380090498
ES,vwap_on_j-1,15,1.5,595,884,tested,0.7260504201680672,0.7398190045248869,0.7294117647058823,0.7432126696832579
ES,vwap_on_j-1,15,2.0,595,884,tested,0.6285714285714286,0.6640271493212669,0.66890756302521,0.6730769230769231
ES,vwap_on_j-2,1,0.5,385,850,tested,0.6727272727272727,0.6435294117647059,0.6155844155844156,0.6705882352941176
ES,vwap_on_j-2,1,1.0,385,850,tested,0.509090909090909,0.4858823529411765,0.43896103896103894,0.49529411764705883
ES,vwap_on_j-2,1,1.5,385,850,tested,0.38701298701298703,0.3564705882352941,0.2935064935064935,0.35411764705882354
ES,vwap_on_j-2,1,2.0,385,850,tested,0.2779220779220779,0.25176470588235295,0.2051948051948052,0.27294117647058824
ES,vwap_on_j-2,3,0.5,385,850,tested,0.7922077922077922,0.7564705882352941,0.7480519480519481,0.7764705882352941
ES,vwap_on_j-2,3,1.0,385,850,tested,0.6701298701298701,0.6376470588235295,0.6103896103896104,0.648235294117647
ES,vwap_on_j-2,3,1.5,385,850,tested,0.561038961038961,0.5305882352941177,0.4727272727272727,0.528235294117647
ES,vwap_on_j-2,3,2.0,385,850,tested,0.45714285714285713,0.42470588235294116,0.36883116883116884,0.4235294117647059
ES,vwap_on_j-2,5,0.5,385,850,tested,0.8415584415584415,0.8035294117647059,0.8025974025974026,0.82
ES,vwap_on_j-2,5,1.0,385,850,tested,0.7428571428571429,0.6988235294117647,0.6831168831168831,0.7141176470588235
ES,vwap_on_j-2,5,1.5,385,850,tested,0.6441558441558441,0.6,0.5844155844155844,0.6011764705882353
ES,vwap_on_j-2,5,2.0,385,850,tested,0.535064935064935,0.5047058823529412,0.4831168831168831,0.5047058823529412
ES,vwap_on_j-2,10,0.5,385,850,tested,0.8779220779220779,0.8576470588235294,0.8467532467532467,0.8670588235294118
ES,vwap_on_j-2,10,1.0,385,850,tested,0.812987012987013,0.788235294117647,0.7688311688311689,0.78
ES,vwap_on_j-2,10,1.5,385,850,tested,0.7350649350649351,0.7023529411764706,0.6779220779220779,0.6988235294117647
ES,vwap_on_j-2,10,2.0,385,850,tested,0.6311688311688312,0.6141176470588235,0.587012987012987,0.6105882352941177
ES,vwap_on_j-2,15,0.5,385,850,tested,0.8883116883116883,0.8905882352941177,0.8779220779220779,0.8847058823529412
ES,vwap_on_j-2,15,1.0,385,850,tested,0.8311688311688312,0.8235294117647058,0.8,0.8141176470588235
ES,vwap_on_j-2,15,1.5,385,850,tested,0.7584415584415585,0.7423529411764705,0.7272727272727273,0.7376470588235294
ES,vwap_on_j-2,15,2.0,385,850,tested,0.6675324675324675,0.6694117647058824,0.6441558441558441,0.6611764705882353
ES,vwap_on_j-3,1,0.5,213,845,tested,0.539906103286385,0.6449704142011834,0.704225352112676,0.6615384615384615
ES,vwap_on_j-3,1,1.0,213,845,tested,0.3474178403755869,0.47337278106508873,0.539906103286385,0.49467455621301776
ES,vwap_on_j-3,1,1.5,213,845,tested,0.24882629107981222,0.3502958579881657,0.36619718309859156,0.3621301775147929
ES,vwap_on_j-3,1,2.0,213,845,tested,0.15492957746478872,0.26627218934911245,0.22535211267605634,0.27692307692307694
ES,vwap_on_j-3,3,0.5,213,845,tested,0.6948356807511737,0.7502958579881657,0.8028169014084507,0.7775147928994083
ES,vwap_on_j-3,3,1.0,213,845,tested,0.5539906103286385,0.6307692307692307,0.6713615023474179,0.6520710059171597
ES,vwap_on_j-3,3,1.5,213,845,tested,0.41784037558685444,0.5171597633136095,0.5446009389671361,0.5289940828402366
ES,vwap_on_j-3,3,2.0,213,845,tested,0.3380281690140845,0.41893491124260357,0.431924882629108,0.4272189349112426
ES,vwap_on_j-3,5,0.5,213,845,tested,0.7323943661971831,0.7952662721893491,0.8544600938967136,0.821301775147929
ES,vwap_on_j-3,5,1.0,213,845,tested,0.6338028169014085,0.6911242603550296,0.7323943661971831,0.7171597633136094
ES,vwap_on_j-3,5,1.5,213,845,tested,0.49765258215962443,0.5940828402366863,0.6197183098591549,0.6082840236686391
ES,vwap_on_j-3,5,2.0,213,845,tested,0.4225352112676056,0.5005917159763313,0.5305164319248826,0.5159763313609468
ES,vwap_on_j-3,10,0.5,213,845,tested,0.7981220657276995,0.8520710059171598,0.863849765258216,0.8615384615384616
ES,vwap_on_j-3,10,1.0,213,845,tested,0.6948356807511737,0.7609467455621302,0.7934272300469484,0.7846153846153846
ES,vwap_on_j-3,10,1.5,213,845,tested,0.5821596244131455,0.693491124260355,0.6901408450704225,0.7065088757396449
ES,vwap_on_j-3,10,2.0,213,845,tested,0.5305164319248826,0.6059171597633136,0.647887323943662,0.6295857988165681
ES,vwap_on_j-3,15,0.5,213,845,tested,0.8215962441314554,0.8828402366863906,0.8779342723004695,0.8757396449704142
ES,vwap_on_j-3,15,1.0,213,845,tested,0.7370892018779343,0.8,0.8309859154929577,0.8106508875739645
ES,vwap_on_j-3,15,1.5,213,845,tested,0.6338028169014085,0.7313609467455622,0.7323943661971831,0.7372781065088757
ES,vwap_on_j-3,15,2.0,213,845,tested,0.5774647887323944,0.6615384615384615,0.676056338028169,0.6792899408284023
NQ,mad_D_1.0,1,0.5,1057,1057,tested,0.6168401135288553,0.6111636707663197,0.6622516556291391,0.6688741721854304
NQ,mad_D_1.0,1,1.0,1057,1057,tested,0.47114474929044464,0.4645222327341533,0.5307473982970672,0.533585619678335
NQ,mad_D_1.0,1,1.5,1057,1057,tested,0.3434247871333964,0.3358561967833491,0.4096499526963103,0.4219489120151372
NQ,mad_D_1.0,1,2.0,1057,1057,tested,0.23178807947019867,0.2412488174077578,0.30368968779564803,0.3093661305581835
NQ,mad_D_1.0,3,0.5,1057,1057,tested,0.7369914853358562,0.7322611163670766,0.7691579943235572,0.7663197729422895
NQ,mad_D_1.0,3,1.0,1057,1057,tested,0.6234626300851467,0.6177861873226111,0.6603595080416272,0.663197729422895
NQ,mad_D_1.0,3,1.5,1057,1057,tested,0.5175023651844843,0.5156102175969726,0.5610217596972564,0.5619678334910123
NQ,mad_D_1.0,3,2.0,1057,1057,tested,0.41154210028382215,0.41438032166508987,0.4597918637653737,0.4616840113528855
NQ,mad_D_1.0,5,0.5,1057,1057,tested,0.7805108798486282,0.7776726584673604,0.8098391674550615,0.8032166508987701
NQ,mad_D_1.0,5,1.0,1057,1057,tested,0.6906338694418165,0.684957426679281,0.7038789025543992,0.7123935666982024
NQ,mad_D_1.0,5,1.5,1057,1057,tested,0.5903500473036897,0.5931882686849574,0.618732261116367,0.6234626300851467
NQ,mad_D_1.0,5,2.0,1057,1057,tested,0.5042573320719016,0.5070955534531694,0.5354777672658467,0.533585619678335
NQ,mad_D_1.0,10,0.5,1057,1057,tested,0.8249763481551561,0.8287606433301797,0.8524124881740776,0.8486281929990539
NQ,mad_D_1.0,10,1.0,1057,1057,tested,0.7511825922421949,0.7511825922421949,0.7691579943235572,0.7729422894985809
NQ,mad_D_1.0,10,1.5,1057,1057,tested,0.6840113528855251,0.6773888363292336,0.7000946073793756,0.7010406811731315
NQ,mad_D_1.0,10,2.0,1057,1057,tested,0.609271523178808,0.6083254493850521,0.6234626300851467,0.619678334910123
NQ,mad_D_1.0,15,0.5,1057,1057,tested,0.8486281929990539,0.8533585619678334,0.8760643330179754,0.8732261116367077
NQ,mad_D_1.0,15,1.0,1057,1057,tested,0.783349101229896,0.7871333964049196,0.8013245033112583,0.8013245033112583
NQ,mad_D_1.0,15,1.5,1057,1057,tested,0.727530747398297,0.7265846736045412,0.7426679280983917,0.7455061494796594
NQ,mad_D_1.0,15,2.0,1057,1057,tested,0.6584673604541155,0.6546830652790918,0.6868495742667928,0.6821192052980133
NQ,mad_D_1.5,1,0.5,985,973,tested,0.6375634517766497,0.6392600205549845,0.665989847715736,0.6587872559095581
NQ,mad_D_1.5,1,1.0,985,973,tested,0.4761421319796954,0.47687564234326824,0.49746192893401014,0.5015416238437821
NQ,mad_D_1.5,1,1.5,985,973,tested,0.33096446700507615,0.34635149023638234,0.37969543147208124,0.381294964028777
NQ,mad_D_1.5,1,2.0,985,973,tested,0.23959390862944163,0.23843782117163412,0.283248730964467,0.28776978417266186
NQ,mad_D_1.5,3,0.5,985,973,tested,0.7543147208121828,0.7523124357656732,0.7807106598984772,0.7728674203494348
NQ,mad_D_1.5,3,1.0,985,973,tested,0.6395939086294417,0.644398766700925,0.6456852791878173,0.6526207605344296
NQ,mad_D_1.5,3,1.5,985,973,tested,0.5187817258883248,0.5323741007194245,0.5360406091370559,0.538540596094553
NQ,mad_D_1.5,3,2.0,985,973,tested,0.41725888324873095,0.42754367934224047,0.42842639593908627,0.4295991778006166
NQ,mad_D_1.5,5,0.5,985,973,tested,0.7898477157360406,0.7954779033915724,0.817258883248731,0.802672147995889
NQ,mad_D_1.5,5,1.0,985,973,tested,0.6934010152284263,0.7091469681397738,0.7116751269035533,0.710174717368962
NQ,mad_D_1.5,5,1.5,985,973,tested,0.5928934010152285,0.6073997944501541,0.601015228426396,0.6084275436793423
NQ,mad_D_1.5,5,2.0,985,973,tested,0.5045685279187817,0.5169578622816033,0.5116751269035533,0.5159301130524152
NQ,mad_D_1.5,10,0.5,985,973,tested,0.8426395939086294,0.8458376156217883,0.8609137055837564,0.8550873586844809
NQ,mad_D_1.5,10,1.0,985,973,tested,0.7624365482233503,0.774922918807811,0.7715736040609137,0.7728674203494348
NQ,mad_D_1.5,10,1.5,985,973,tested,0.6873096446700507,0.7060637204522097,0.6812182741116751,0.6865364850976362
NQ,mad_D_1.5,10,2.0,985,973,tested,0.6020304568527919,0.6166495375128469,0.6091370558375635,0.6073997944501541
NQ,mad_D_1.5,15,0.5,985,973,tested,0.8639593908629442,0.8725590955806783,0.8862944162436548,0.8797533401849948
NQ,mad_D_1.5,15,1.0,985,973,tested,0.7979695431472081,0.8088386433710175,0.8040609137055837,0.8057553956834532
NQ,mad_D_1.5,15,1.5,985,973,tested,0.7289340101522843,0.7410071942446043,0.7248730964467005,0.7317574511819116
NQ,mad_D_1.5,15,2.0,985,973,tested,0.6578680203045685,0.6690647482014388,0.6710659898477157,0.671120246659815
NQ,mad_D_2.0,1,0.5,910,911,tested,0.6307692307692307,0.6267837541163557,0.654945054945055,0.6487376509330406
NQ,mad_D_2.0,1,1.0,910,911,tested,0.47912087912087914,0.46871569703622395,0.5043956043956044,0.4961580680570801
NQ,mad_D_2.0,1,1.5,910,911,tested,0.34945054945054943,0.3391877058177827,0.36153846153846153,0.3446761800219539
NQ,mad_D_2.0,1,2.0,910,911,tested,0.23846153846153847,0.22722283205268934,0.26483516483516484,0.2557628979143798
NQ,mad_D_2.0,3,0.5,910,911,tested,0.7505494505494505,0.7530186608122942,0.7593406593406593,0.7552140504939627
NQ,mad_D_2.0,3,1.0,910,911,tested,0.634065934065934,0.6212952799121844,0.6483516483516484,0.6476399560922064
NQ,mad_D_2.0,3,1.5,910,911,tested,0.5208791208791209,0.5323819978046103,0.5164835164835165,0.5148188803512623
NQ,mad_D_2.0,3,2.0,910,911,tested,0.421978021978022,0.4061470911086718,0.42747252747252745,0.4083424807903403
NQ,mad_D_2.0,5,0.5,910,911,tested,0.7967032967032966,0.8068057080131723,0.7934065934065934,0.7969264544456641
NQ,mad_D_2.0,5,1.0,910,911,tested,0.7043956043956044,0.6915477497255763,0.6989010989010989,0.7091108671789242
NQ,mad_D_2.0,5,1.5,910,911,tested,0.6054945054945055,0.6136114160263447,0.5923076923076923,0.5916575192096597
NQ,mad_D_2.0,5,2.0,910,911,tested,0.5131868131868131,0.5082327113062569,0.5032967032967033,0.49066959385290887
NQ,mad_D_2.0,10,0.5,910,911,tested,0.8472527472527472,0.849615806805708,0.845054945054945,0.8485181119648738
NQ,mad_D_2.0,10,1.0,910,911,tested,0.7824175824175824,0.7672886937431395,0.7703296703296704,0.7793633369923162
NQ,mad_D_2.0,10,1.5,910,911,tested,0.6989010989010989,0.6981339187705817,0.6736263736263737,0.6739846322722283
NQ,mad_D_2.0,10,2.0,910,911,tested,0.6098901098901099,0.601536772777168,0.6021978021978022,0.5861690450054885
NQ,mad_D_2.0,15,0.5,910,911,tested,0.8758241758241758,0.8770581778265643,0.878021978021978,0.8836443468715697
NQ,mad_D_2.0,15,1.0,910,911,tested,0.810989010989011,0.7969264544456641,0.8120879120879121,0.8243688254665203
NQ,mad_D_2.0,15,1.5,910,911,tested,0.7362637362637363,0.7354555433589463,0.7241758241758242,0.7354555433589463
NQ,mad_D_2.0,15,2.0,910,911,tested,0.6637362637362637,0.6553238199780461,0.6626373626373626,0.6509330406147091
NQ,mad_U_1.0,1,0.5,1083,1081,tested,0.6435826408125577,0.6447733580018501,0.5706371191135734,0.5624421831637373
NQ,mad_U_1.0,1,1.0,1083,1081,tested,0.48476454293628807,0.48751156336725254,0.420129270544783,0.4199814986123959
NQ,mad_U_1.0,1,1.5,1083,1081,tested,0.34164358264081257,0.3441258094357077,0.3185595567867036,0.31822386679000925
NQ,mad_U_1.0,1,2.0,1083,1081,tested,0.21975992613111728,0.21646623496762257,0.22160664819944598,0.22294172062904719
NQ,mad_U_1.0,3,0.5,1083,1081,tested,0.7442289935364728,0.7530064754856615,0.6962142197599261,0.6919518963922294
NQ,mad_U_1.0,3,1.0,1083,1081,tested,0.6168051708217913,0.6299722479185939,0.5854108956602031,0.5874190564292322
NQ,mad_U_1.0,3,1.5,1083,1081,tested,0.4986149584487535,0.5004625346901017,0.48753462603878117,0.4958371877890842
NQ,mad_U_1.0,3,2.0,1083,1081,tested,0.37950138504155123,0.3811285846438483,0.39335180055401664,0.38482886216466233
NQ,mad_U_1.0,5,0.5,1083,1081,tested,0.7894736842105263,0.7872340425531915,0.7460757156048015,0.7419056429232193
NQ,mad_U_1.0,5,1.0,1083,1081,tested,0.6897506925207756,0.696577243293247,0.6463527239150508,0.6484736355226642
NQ,mad_U_1.0,5,1.5,1083,1081,tested,0.577100646352724,0.580018501387604,0.566943674976916,0.5707678075855689
NQ,mad_U_1.0,5,2.0,1083,1081,tested,0.4662973222530009,0.47548566142460685,0.47460757156048017,0.4745605920444033
NQ,mad_U_1.0,10,0.5,1083,1081,tested,0.8365650969529086,0.8344125809435707,0.7950138504155124,0.7927844588344126
NQ,mad_U_1.0,10,1.0,1083,1081,tested,0.7451523545706371,0.7567067530064755,0.7174515235457064,0.7178538390379279
NQ,mad_U_1.0,10,1.5,1083,1081,tested,0.6555863342566943,0.669750231267345,0.6509695290858726,0.6466234967622572
NQ,mad_U_1.0,10,2.0,1083,1081,tested,0.556786703601108,0.5753931544865865,0.5614035087719298,0.5605920444033302
NQ,mad_U_1.0,15,0.5,1083,1081,tested,0.8596491228070176,0.8640148011100832,0.8134810710987996,0.8122109158186864
NQ,mad_U_1.0,15,1.0,1083,1081,tested,0.7811634349030471,0.7946345975948196,0.7423822714681441,0.7428307123034228
NQ,mad_U_1.0,15,1.5,1083,1081,tested,0.7082179132040628,0.7150786308973173,0.6832871652816251,0.6836262719703978
NQ,mad_U_1.0,15,2.0,1083,1081,tested,0.6214219759926131,0.633672525439408,0.6066481994459834,0.606845513413506
NQ,mad_U_1.5,1,0.5,999,1002,tested,0.6546546546546547,0.6437125748502994,0.5745745745745746,0.5858283433133733
NQ,mad_U_1.5,1,1.0,999,1002,tested,0.4724724724724725,0.46506986027944114,0.3833833833833834,0.4031936127744511
NQ,mad_U_1.5,1,1.5,999,1002,tested,0.3083083083083083,0.3083832335329341,0.2702702702702703,0.2894211576846307
NQ,mad_U_1.5,1,2.0,999,1002,tested,0.2032032032032032,0.21357285429141717,0.2072072072072072,0.21057884231536927
NQ,mad_U_1.5,3,0.5,999,1002,tested,0.7527527527527528,0.7514970059880239,0.6906906906906907,0.7015968063872255
NQ,mad_U_1.5,3,1.0,999,1002,tested,0.6216216216216216,0.6197604790419161,0.5645645645645646,0.5678642714570858
NQ,mad_U_1.5,3,1.5,999,1002,tested,0.47647647647647645,0.46706586826347307,0.45145145145145144,0.46407185628742514
NQ,mad_U_1.5,3,2.0,999,1002,tested,0.35935935935935936,0.34930139720558884,0.35535535535535534,0.36826347305389223
NQ,mad_U_1.5,5,0.5,999,1002,tested,0.8008008008008008,0.7974051896207585,0.7377377377377378,0.7554890219560878
NQ,mad_U_1.5,5,1.0,999,1002,tested,0.6926926926926927,0.687624750499002,0.6366366366366366,0.6377245508982036
NQ,mad_U_1.5,5,1.5,999,1002,tested,0.5615615615615616,0.5578842315369261,0.5355355355355356,0.5469061876247505
NQ,mad_U_1.5,5,2.0,999,1002,tested,0.45545545545545546,0.4481037924151697,0.46346346346346345,0.4620758483033932
NQ,mad_U_1.5,10,0.5,999,1002,tested,0.8478478478478478,0.8522954091816367,0.7887887887887888,0.7984031936127745
NQ,mad_U_1.5,10,1.0,999,1002,tested,0.7697697697697697,0.7564870259481038,0.7077077077077077,0.7105788423153693
NQ,mad_U_1.5,10,1.5,999,1002,tested,0.6536536536536537,0.6457085828343313,0.6286286286286287,0.6367265469061876
NQ,mad_U_1.5,10,2.0,999,1002,tested,0.5545545545545546,0.5489021956087824,0.5615615615615616,0.5528942115768463
NQ,mad_U_1.5,15,0.5,999,1002,tested,0.8718718718718719,0.8762475049900199,0.8138138138138138,0.8223552894211577
NQ,mad_U_1.5,15,1.0,999,1002,tested,0.8048048048048048,0.7964071856287425,0.7337337337337337,0.7415169660678643
NQ,mad_U_1.5,15,1.5,999,1002,tested,0.7067067067067067,0.7055888223552894,0.6646646646646647,0.6716566866267465
NQ,mad_U_1.5,15,2.0,999,1002,tested,0.6116116116116116,0.6167664670658682,0.6056056056056056,0.5958083832335329
NQ,mad_U_2.0,1,0.5,931,929,tested,0.6498388829215896,0.6469321851453176,0.5531686358754028,0.5683530678148547
NQ,mad_U_2.0,1,1.0,931,929,tested,0.44253490870032225,0.4520990312163617,0.3866809881847476,0.38751345532831
NQ,mad_U_2.0,1,1.5,931,929,tested,0.29108485499462944,0.30462863293864373,0.2653061224489796,0.2572658772874058
NQ,mad_U_2.0,1,2.0,931,929,tested,0.19548872180451127,0.18945102260495156,0.18474758324382384,0.19052744886975242
NQ,mad_U_2.0,3,0.5,931,929,tested,0.7733619763694952,0.7578040904198062,0.6981740064446831,0.7050592034445641
NQ,mad_U_2.0,3,1.0,931,929,tested,0.6090225563909775,0.6103336921420882,0.564983888292159,0.55005382131324
NQ,mad_U_2.0,3,1.5,931,929,tested,0.46186895810955964,0.4607104413347686,0.44038668098818473,0.4176533907427341
NQ,mad_U_2.0,3,2.0,931,929,tested,0.3458646616541353,0.3379978471474704,0.34049409237379163,0.3369214208826695
NQ,mad_U_2.0,5,0.5,931,929,tested,0.8141783029001074,0.8105489773950484,0.7529538131041891,0.7567276641550054
NQ,mad_U_2.0,5,1.0,931,929,tested,0.6745435016111708,0.6792249730893434,0.6348012889366272,0.6297093649085038
NQ,mad_U_2.0,5,1.5,931,929,tested,0.5531686358754028,0.5608180839612487,0.5241675617615468,0.5156081808396125
NQ,mad_U_2.0,5,2.0,931,929,tested,0.44683136412459723,0.4434876210979548,0.43501611170784105,0.4381054897739505
NQ,mad_U_2.0,10,0.5,931,929,tested,0.8528464017185822,0.8557588805166846,0.8002148227712137,0.7997847147470398
NQ,mad_U_2.0,10,1.0,931,929,tested,0.7400644468313641,0.751345532831001,0.7035445757250268,0.7029063509149623
NQ,mad_U_2.0,10,1.5,931,929,tested,0.640171858216971,0.6415500538213132,0.6197636949516648,0.6178686759956943
NQ,mad_U_2.0,10,2.0,931,929,tested,0.5359828141783028,0.5371367061356297,0.5499462943071965,0.5543595263724435
NQ,mad_U_2.0,15,0.5,931,929,tested,0.8775510204081632,0.8815931108719053,0.8249194414607949,0.8256189451022605
NQ,mad_U_2.0,15,1.0,931,929,tested,0.7808807733619764,0.7944025834230355,0.7400644468313641,0.7351991388589881
NQ,mad_U_2.0,15,1.5,931,929,tested,0.6949516648764769,0.6996770721205597,0.6530612244897959,0.6566200215285253
NQ,mad_U_2.0,15,2.0,931,929,tested,0.6047261009667024,0.5974165769644779,0.5918367346938775,0.5941872981700753
NQ,mult_D_0.5,1,0.5,1121,1077,tested,0.6181980374665478,0.6137418755803157,0.6815343443354148,0.6666666666666666
NQ,mult_D_0.5,1,1.0,1121,1077,tested,0.48349687778768957,0.4726090993500464,0.5486173059768065,0.5357474466109564
NQ,mult_D_0.5,1,1.5,1121,1077,tested,0.3514719000892061,0.34818941504178275,0.4272970561998216,0.4103992571959146
NQ,mult_D_0.5,1,2.0,1121,1077,tested,0.247992863514719,0.2414113277623027,0.32738626226583406,0.3110492107706592
NQ,mult_D_0.5,3,0.5,1121,1077,tested,0.7386262265834077,0.7307335190343547,0.7698483496877788,0.7697307335190343
NQ,mult_D_0.5,3,1.0,1121,1077,tested,0.6333630686886709,0.6304549675023212,0.6735057983942908,0.6555246053853296
NQ,mult_D_0.5,3,1.5,1121,1077,tested,0.5254237288135594,0.531104921077066,0.5700267618198037,0.5487465181058496
NQ,mult_D_0.5,3,2.0,1121,1077,tested,0.4264049955396967,0.4178272980501393,0.4852809991079393,0.4596100278551532
NQ,mult_D_0.5,5,0.5,1121,1077,tested,0.7796610169491526,0.7753017641597029,0.8037466547725245,0.807799442896936
NQ,mult_D_0.5,5,1.0,1121,1077,tested,0.6913470115967886,0.6935933147632312,0.72078501338091,0.7056638811513464
NQ,mult_D_0.5,5,1.5,1121,1077,tested,0.6030330062444246,0.606313834726091,0.6306868867082962,0.6081708449396471
NQ,mult_D_0.5,5,2.0,1121,1077,tested,0.5138269402319358,0.510677808727948,0.5504014272970562,0.532033426183844
NQ,mult_D_0.5,10,0.5,1121,1077,tested,0.8153434433541481,0.819870009285051,0.8456735057983943,0.8467966573816156
NQ,mult_D_0.5,10,1.0,1121,1077,tested,0.7457627118644068,0.7502321262766946,0.784121320249777,0.7715877437325905
NQ,mult_D_0.5,10,1.5,1121,1077,tested,0.6743978590544157,0.6833797585886723,0.7074041034790366,0.6945218198700093
NQ,mult_D_0.5,10,2.0,1121,1077,tested,0.6083853702051739,0.6100278551532033,0.6360392506690455,0.6193129062209842
NQ,mult_D_0.5,15,0.5,1121,1077,tested,0.8412132024977699,0.8458681522748375,0.8652988403211418,0.8662952646239555
NQ,mult_D_0.5,15,1.0,1121,1077,tested,0.7769848349687779,0.7827298050139275,0.8073148974130241,0.7994428969359332
NQ,mult_D_0.5,15,1.5,1121,1077,tested,0.711864406779661,0.724233983286908,0.752007136485281,0.7409470752089137
NQ,mult_D_0.5,15,2.0,1121,1077,tested,0.6494201605709188,0.6545961002785515,0.6806422836752899,0.6750232126276694
NQ,mult_D_1.0,1,0.5,1037,982,tested,0.6084860173577628,0.6374745417515275,0.6740597878495661,0.664969450101833
NQ,mult_D_1.0,1,1.0,1037,982,tested,0.4773384763741562,0.4745417515274949,0.5342333654773385,0.5122199592668024
NQ,mult_D_1.0,1,1.5,1037,982,tested,0.3404050144648023,0.3380855397148676,0.4108003857280617,0.3818737270875764
NQ,mult_D_1.0,1,2.0,1037,982,tested,0.2381870781099325,0.2545824847250509,0.3172613307618129,0.2983706720977597
NQ,mult_D_1.0,3,0.5,1037,982,tested,0.7396335583413693,0.7586558044806517,0.7791706846673095,0.7708757637474541
NQ,mult_D_1.0,3,1.0,1037,982,tested,0.6325940212150434,0.6384928716904277,0.6644165863066538,0.6527494908350305
NQ,mult_D_1.0,3,1.5,1037,982,tested,0.5226615236258437,0.5234215885947047,0.5554484088717454,0.5315682281059063
NQ,mult_D_1.0,3,2.0,1037,982,tested,0.4088717454194793,0.42464358452138495,0.4570877531340405,0.43075356415478616
NQ,mult_D_1.0,5,0.5,1037,982,tested,0.7801350048216008,0.7953156822810591,0.8206364513018322,0.8065173116089613
NQ,mult_D_1.0,5,1.0,1037,982,tested,0.6991321118611379,0.7036659877800407,0.7155255544840887,0.7107942973523421
NQ,mult_D_1.0,5,1.5,1037,982,tested,0.5978784956605593,0.6038696537678208,0.6190935390549662,0.604887983706721
NQ,mult_D_1.0,5,2.0,1037,982,tested,0.5043394406943105,0.5162932790224033,0.5390549662487946,0.5264765784114053
NQ,mult_D_1.0,10,0.5,1037,982,tested,0.8273866923818708,0.8391038696537678,0.8592092574734812,0.8482688391038696
NQ,mult_D_1.0,10,1.0,1037,982,tested,0.7569913211186113,0.7688391038696538,0.7733847637415622,0.7688391038696538
NQ,mult_D_1.0,10,1.5,1037,982,tested,0.6875602700096431,0.7036659877800407,0.7020250723240116,0.6822810590631364
NQ,mult_D_1.0,10,2.0,1037,982,tested,0.6065573770491803,0.6120162932790224,0.6297010607521697,0.620162932790224
NQ,mult_D_1.0,15,0.5,1037,982,tested,0.8476374156219865,0.8655804480651731,0.8823529411764706,0.8747454175152749
NQ,mult_D_1.0,15,1.0,1037,982,tested,0.7917068466730954,0.8095723014256619,0.8032786885245902,0.7993890020366599
NQ,mult_D_1.0,15,1.5,1037,982,tested,0.7290260366441659,0.7474541751527495,0.7377049180327869,0.730142566191446
NQ,mult_D_1.0,15,2.0,1037,982,tested,0.6586306653809064,0.6670061099796334,0.6885245901639344,0.675152749490835
NQ,mult_D_1.5,1,0.5,946,906,tested,0.6257928118393234,0.6434878587196468,0.6818181818181818,0.6611479028697572
NQ,mult_D_1.5,1,1.0,946,906,tested,0.4714587737843552,0.48013245033112584,0.5264270613107822,0.5110375275938189
NQ,mult_D_1.5,1,1.5,946,906,tested,0.34355179704016914,0.35320088300220753,0.3879492600422833,0.3631346578366446
NQ,mult_D_1.5,1,2.0,946,906,tested,0.23678646934460887,0.23730684326710816,0.2938689217758985,0.25938189845474613
NQ,mult_D_1.5,3,0.5,946,906,tested,0.7463002114164905,0.7649006622516556,0.7875264270613108,0.7660044150110376
NQ,mult_D_1.5,3,1.0,946,906,tested,0.6331923890063424,0.6423841059602649,0.6680761099365751,0.6545253863134658
NQ,mult_D_1.5,3,1.5,946,906,tested,0.5137420718816068,0.5375275938189845,0.5338266384778013,0.5264900662251656
NQ,mult_D_1.5,3,2.0,946,906,tested,0.42917547568710357,0.44039735099337746,0.4355179704016913,0.4205298013245033
NQ,mult_D_1.5,5,0.5,946,906,tested,0.7949260042283298,0.8068432671081678,0.8202959830866807,0.804635761589404
NQ,mult_D_1.5,5,1.0,946,906,tested,0.6997885835095138,0.7130242825607064,0.7283298097251586,0.7086092715231788
NQ,mult_D_1.5,5,1.5,946,906,tested,0.6004228329809725,0.6192052980132451,0.6088794926004228,0.6114790286975718
NQ,mult_D_1.5,5,2.0,946,906,tested,0.5179704016913319,0.5286975717439294,0.5190274841437632,0.5088300220750552
NQ,mult_D_1.5,10,0.5,946,906,tested,0.8424947145877378,0.8587196467991169,0.8625792811839323,0.8520971302428256
NQ,mult_D_1.5,10,1.0,946,906,tested,0.7790697674418605,0.7858719646799117,0.7843551797040169,0.7748344370860927
NQ,mult_D_1.5,10,1.5,946,906,tested,0.6966173361522199,0.6986754966887417,0.6839323467230444,0.6898454746136865
NQ,mult_D_1.5,10,2.0,946,906,tested,0.6088794926004228,0.6247240618101545,0.6109936575052854,0.6059602649006622
NQ,mult_D_1.5,15,0.5,946,906,tested,0.8710359408033826,0.8863134657836644,0.8890063424947146,0.8796909492273731
NQ,mult_D_1.5,15,1.0,946,906,tested,0.8128964059196617,0.8145695364238411,0.8181818181818182,0.8090507726269316
NQ,mult_D_1.5,15,1.5,946,906,tested,0.7431289640591966,0.7417218543046358,0.7283298097251586,0.7384105960264901
NQ,mult_D_1.5,15,2.0,946,906,tested,0.6606765327695561,0.6754966887417219,0.6680761099365751,0.6622516556291391
NQ,mult_D_2.0,1,0.5,879,803,tested,0.626848691695108,0.6612702366127023,0.6598407281001137,0.6288916562889165
NQ,mult_D_2.0,1,1.0,879,803,tested,0.47667804323094426,0.4931506849315068,0.5176336746302617,0.47696139476961397
NQ,mult_D_2.0,1,1.5,879,803,tested,0.3378839590443686,0.3412204234122042,0.3742889647326507,0.33499377334993774
NQ,mult_D_2.0,1,2.0,879,803,tested,0.23321956769055746,0.23536737235367372,0.26393629124004553,0.23785803237858033
NQ,mult_D_2.0,3,0.5,879,803,tested,0.7656427758816837,0.7708592777085927,0.7679180887372014,0.7384806973848069
NQ,mult_D_2.0,3,1.0,879,803,tested,0.6439135381114903,0.6562889165628891,0.6666666666666666,0.6201743462017435
NQ,mult_D_2.0,3,1.5,879,803,tested,0.5335608646188851,0.5367372353673724,0.5494880546075085,0.5217932752179327
NQ,mult_D_2.0,3,2.0,879,803,tested,0.4243458475540387,0.41594022415940224,0.4232081911262799,0.40971357409713577
NQ,mult_D_2.0,5,0.5,879,803,tested,0.8054607508532423,0.8181818181818182,0.8088737201365188,0.7808219178082192
NQ,mult_D_2.0,5,1.0,879,803,tested,0.7110352673492605,0.7198007471980075,0.7155858930602957,0.6874221668742216
NQ,mult_D_2.0,5,1.5,879,803,tested,0.6143344709897611,0.6176836861768369,0.6257110352673493,0.5803237858032378
NQ,mult_D_2.0,5,2.0,879,803,tested,0.5221843003412969,0.5155666251556662,0.5119453924914675,0.49066002490660027
NQ,mult_D_2.0,10,0.5,879,803,tested,0.8589306029579067,0.8605230386052304,0.8589306029579067,0.8331257783312578
NQ,mult_D_2.0,10,1.0,879,803,tested,0.7758816837315131,0.7808219178082192,0.7792946530147895,0.763387297633873
NQ,mult_D_2.0,10,1.5,879,803,tested,0.6837315130830489,0.7085927770859277,0.7030716723549488,0.6774595267745953
NQ,mult_D_2.0,10,2.0,879,803,tested,0.6143344709897611,0.613947696139477,0.6063708759954494,0.5915317559153176
NQ,mult_D_2.0,15,0.5,879,803,tested,0.8816837315130831,0.8854296388542964,0.8816837315130831,0.8555417185554172
NQ,mult_D_2.0,15,1.0,879,803,tested,0.8122866894197952,0.8156911581569116,0.8156996587030717,0.7995018679950187
NQ,mult_D_2.0,15,1.5,879,803,tested,0.732650739476678,0.75093399750934,0.7485779294653014,0.7347447073474471
NQ,mult_D_2.0,15,2.0,879,803,tested,0.6689419795221843,0.6650062266500623,0.658703071672355,0.6562889165628891
NQ,mult_U_0.5,1,0.5,1140,1089,tested,0.6491228070175439,0.6565656565656566,0.5815789473684211,0.5583103764921947
NQ,mult_U_0.5,1,1.0,1140,1089,tested,0.5087719298245614,0.49403122130394855,0.45526315789473687,0.41781450872359965
NQ,mult_U_0.5,1,1.5,1140,1089,tested,0.3719298245614035,0.3480257116620753,0.34210526315789475,0.3168044077134986
NQ,mult_U_0.5,1,2.0,1140,1089,tested,0.256140350877193,0.22773186409550045,0.22105263157894736,0.2130394857667585
NQ,mult_U_0.5,3,0.5,1140,1089,tested,0.7473684210526316,0.7722681359044995,0.7026315789473684,0.6831955922865014
NQ,mult_U_0.5,3,1.0,1140,1089,tested,0.6263157894736842,0.6290174471992653,0.6052631578947368,0.5831037649219467
NQ,mult_U_0.5,3,1.5,1140,1089,tested,0.5114035087719299,0.5022956841138659,0.5096491228070176,0.480257116620753
NQ,mult_U_0.5,3,2.0,1140,1089,tested,0.40350877192982454,0.3783287419651056,0.3991228070175439,0.379247015610652
NQ,mult_U_0.5,5,0.5,1140,1089,tested,0.7885964912280702,0.8089990817263545,0.7491228070175439,0.7373737373737373
NQ,mult_U_0.5,5,1.0,1140,1089,tested,0.6982456140350877,0.7043158861340679,0.6649122807017543,0.6446280991735537
NQ,mult_U_0.5,5,1.5,1140,1089,tested,0.5964912280701754,0.5794306703397613,0.5842105263157895,0.5638200183654729
NQ,mult_U_0.5,5,2.0,1140,1089,tested,0.4921052631578947,0.4756657483930211,0.48596491228070177,0.4692378328741965
NQ,mult_U_0.5,10,0.5,1140,1089,tested,0.8359649122807018,0.852157943067034,0.8035087719298246,0.7915518824609734
NQ,mult_U_0.5,10,1.0,1140,1089,tested,0.7552631578947369,0.761248852157943,0.7315789473684211,0.7162534435261708
NQ,mult_U_0.5,10,1.5,1140,1089,tested,0.6640350877192982,0.657483930211203,0.6605263157894737,0.6409550045913682
NQ,mult_U_0.5,10,2.0,1140,1089,tested,0.5763157894736842,0.566574839302112,0.5745614035087719,0.559228650137741
NQ,mult_U_0.5,15,0.5,1140,1089,tested,0.8587719298245614,0.8732782369146006,0.8192982456140351,0.8117539026629935
NQ,mult_U_0.5,15,1.0,1140,1089,tested,0.7850877192982456,0.7961432506887053,0.7587719298245614,0.7456382001836547
NQ,mult_U_0.5,15,1.5,1140,1089,tested,0.712280701754386,0.7079889807162535,0.6947368421052632,0.6795224977043158
NQ,mult_U_0.5,15,2.0,1140,1089,tested,0.6350877192982456,0.6326905417814509,0.6149122807017544,0.6051423324150597
NQ,mult_U_1.0,1,0.5,1046,1001,tested,0.6424474187380497,0.6443556443556444,0.5889101338432122,0.5694305694305695
NQ,mult_U_1.0,1,1.0,1046,1001,tested,0.4780114722753346,0.4825174825174825,0.4110898661567878,0.3996003996003996
NQ,mult_U_1.0,1,1.5,1046,1001,tested,0.32504780114722753,0.3046953046953047,0.3049713193116635,0.2827172827172827
NQ,mult_U_1.0,1,2.0,1046,1001,tested,0.21223709369024857,0.21678321678321677,0.2170172084130019,0.2087912087912088
NQ,mult_U_1.0,3,0.5,1046,1001,tested,0.748565965583174,0.7532467532467533,0.6940726577437859,0.6823176823176823
NQ,mult_U_1.0,3,1.0,1046,1001,tested,0.621414913957935,0.6153846153846154,0.5812619502868069,0.5544455544455544
NQ,mult_U_1.0,3,1.5,1046,1001,tested,0.4837476099426386,0.4755244755244755,0.48279158699808794,0.46253746253746253
NQ,mult_U_1.0,3,2.0,1046,1001,tested,0.36806883365200765,0.3626373626373626,0.38049713193116635,0.3776223776223776
NQ,mult_U_1.0,5,0.5,1046,1001,tested,0.7992351816443595,0.7952047952047953,0.7466539196940727,0.7382617382617382
NQ,mult_U_1.0,5,1.0,1046,1001,tested,0.6988527724665392,0.6833166833166833,0.6434034416826003,0.6223776223776224
NQ,mult_U_1.0,5,1.5,1046,1001,tested,0.5755258126195029,0.5664335664335665,0.5621414913957935,0.5424575424575424
NQ,mult_U_1.0,5,2.0,1046,1001,tested,0.45506692160611856,0.44755244755244755,0.47418738049713194,0.46353646353646355
NQ,mult_U_1.0,10,0.5,1046,1001,tested,0.8422562141491395,0.8371628371628371,0.7925430210325047,0.7812187812187812
NQ,mult_U_1.0,10,1.0,1046,1001,tested,0.7571701720841301,0.7512487512487512,0.7131931166347992,0.6983016983016983
NQ,mult_U_1.0,10,1.5,1046,1001,tested,0.6606118546845124,0.6563436563436563,0.6453154875717018,0.6343656343656343
NQ,mult_U_1.0,10,2.0,1046,1001,tested,0.5621414913957935,0.5444555444555444,0.5640535372848948,0.5644355644355644
NQ,mult_U_1.0,15,0.5,1046,1001,tested,0.8661567877629063,0.8631368631368631,0.8154875717017208,0.8091908091908092
NQ,mult_U_1.0,15,1.0,1046,1001,tested,0.7954110898661568,0.7932067932067932,0.7409177820267686,0.7282717282717283
NQ,mult_U_1.0,15,1.5,1046,1001,tested,0.7093690248565966,0.7082917082917083,0.6816443594646272,0.6673326673326674
NQ,mult_U_1.0,15,2.0,1046,1001,tested,0.6195028680688337,0.6093906093906094,0.607074569789675,0.6063936063936064
NQ,mult_U_1.5,1,0.5,961,920,tested,0.6482830385015609,0.6467391304347826,0.5764828303850156,0.5695652173913044
NQ,mult_U_1.5,1,1.0,961,920,tested,0.4547346514047867,0.4380434782608696,0.40582726326742974,0.37717391304347825
NQ,mult_U_1.5,1,1.5,961,920,tested,0.29136316337148804,0.28369565217391307,0.2861602497398543,0.26413043478260867
NQ,mult_U_1.5,1,2.0,961,920,tested,0.18938605619146723,0.19021739130434784,0.20499479708636836,0.1891304347826087
NQ,mult_U_1.5,3,0.5,961,920,tested,0.7648283038501561,0.758695652173913,0.7107180020811654,0.7097826086956521
NQ,mult_U_1.5,3,1.0,961,920,tested,0.6160249739854319,0.6130434782608696,0.5619146722164412,0.5434782608695652
NQ,mult_U_1.5,3,1.5,961,920,tested,0.4599375650364204,0.4532608695652174,0.4422476586888658,0.41847826086956524
NQ,mult_U_1.5,3,2.0,961,920,tested,0.3465140478668054,0.33804347826086956,0.36628511966701355,0.3391304347826087
NQ,mult_U_1.5,5,0.5,961,920,tested,0.8085327783558793,0.8065217391304348,0.7606659729448492,0.7652173913043478
NQ,mult_U_1.5,5,1.0,961,920,tested,0.6878251821019771,0.6771739130434783,0.631633714880333,0.6195652173913043
NQ,mult_U_1.5,5,1.5,961,920,tested,0.5515088449531738,0.5478260869565217,0.5275754422476587,0.5119565217391304
NQ,mult_U_1.5,5,2.0,961,920,tested,0.4474505723204995,0.45217391304347826,0.46097814776274715,0.43369565217391304
NQ,mult_U_1.5,10,0.5,961,920,tested,0.8511966701352758,0.8478260869565217,0.8043704474505723,0.8065217391304348
NQ,mult_U_1.5,10,1.0,961,920,tested,0.7565036420395421,0.7467391304347826,0.7013527575442248,0.6989130434782609
NQ,mult_U_1.5,10,1.5,961,920,tested,0.6472424557752341,0.6380434782608696,0.6243496357960457,0.6054347826086957
NQ,mult_U_1.5,10,2.0,961,920,tested,0.5411030176899063,0.5402173913043479,0.5681581685744017,0.5413043478260869
NQ,mult_U_1.5,15,0.5,961,920,tested,0.8740894901144641,0.8706521739130435,0.8293444328824141,0.8282608695652174
NQ,mult_U_1.5,15,1.0,961,920,tested,0.7898022892819979,0.7934782608695652,0.736732570239334,0.7402173913043478
NQ,mult_U_1.5,15,1.5,961,920,tested,0.700312174817898,0.6934782608695652,0.6607700312174818,0.65
NQ,mult_U_1.5,15,2.0,961,920,tested,0.6066597294484911,0.6065217391304348,0.603537981269511,0.5826086956521739
NQ,mult_U_2.0,1,0.5,876,790,tested,0.613013698630137,0.5987341772151898,0.5947488584474886,0.5860759493670886
NQ,mult_U_2.0,1,1.0,876,790,tested,0.4166666666666667,0.3987341772151899,0.3949771689497717,0.37088607594936707
NQ,mult_U_2.0,1,1.5,876,790,tested,0.2671232876712329,0.2759493670886076,0.2579908675799087,0.2430379746835443
NQ,mult_U_2.0,1,2.0,876,790,tested,0.18493150684931506,0.17848101265822786,0.17922374429223745,0.16455696202531644
NQ,mult_U_2.0,3,0.5,876,790,tested,0.7431506849315068,0.7177215189873418,0.7191780821917808,0.6924050632911393
NQ,mult_U_2.0,3,1.0,876,790,tested,0.5764840182648402,0.5708860759493671,0.5662100456621004,0.5278481012658228
NQ,mult_U_2.0,3,1.5,876,790,tested,0.4337899543378995,0.43037974683544306,0.4417808219178082,0.4139240506329114
NQ,mult_U_2.0,3,2.0,876,790,tested,0.3242009132420091,0.320253164556962,0.3242009132420091,0.32151898734177214
NQ,mult_U_2.0,5,0.5,876,790,tested,0.8047945205479452,0.7658227848101266,0.769406392694064,0.7341772151898734
NQ,mult_U_2.0,5,1.0,876,790,tested,0.6541095890410958,0.640506329113924,0.6404109589041096,0.6113924050632912
NQ,mult_U_2.0,5,1.5,876,790,tested,0.5376712328767124,0.5303797468354431,0.526255707762557,0.49873417721518987
NQ,mult_U_2.0,5,2.0,876,790,tested,0.4269406392694064,0.41645569620253164,0.4246575342465753,0.40632911392405063
NQ,mult_U_2.0,10,0.5,876,790,tested,0.8504566210045662,0.8316455696202532,0.8139269406392694,0.7911392405063291
NQ,mult_U_2.0,10,1.0,876,790,tested,0.7385844748858448,0.720253164556962,0.7111872146118722,0.6886075949367089
NQ,mult_U_2.0,10,1.5,876,790,tested,0.6232876712328768,0.6265822784810127,0.6244292237442922,0.6050632911392405
NQ,mult_U_2.0,10,2.0,876,790,tested,0.5388127853881278,0.5189873417721519,0.5399543378995434,0.5329113924050632
NQ,mult_U_2.0,15,0.5,876,790,tested,0.8732876712328768,0.8670886075949367,0.8356164383561644,0.8177215189873418
NQ,mult_U_2.0,15,1.0,876,790,tested,0.7842465753424658,0.7721518987341772,0.747716894977169,0.7316455696202532
NQ,mult_U_2.0,15,1.5,876,790,tested,0.6860730593607306,0.6848101265822785,0.6655251141552512,0.6518987341772152
NQ,mult_U_2.0,15,2.0,876,790,tested,0.6050228310502284,0.5873417721518988,0.589041095890411,0.5886075949367089
NQ,overnight_high,1,0.5,507,820,tested,0.6863905325443787,0.6280487804878049,0.4891518737672584,0.5597560975609757
NQ,overnight_high,1,1.0,507,820,tested,0.46745562130177515,0.44146341463414634,0.30177514792899407,0.36341463414634145
NQ,overnight_high,1,1.5,507,820,tested,0.28007889546351084,0.29634146341463413,0.1873767258382643,0.24146341463414633
NQ,overnight_high,1,2.0,507,820,tested,0.1834319526627219,0.2,0.1242603550295858,0.15853658536585366
NQ,overnight_high,3,0.5,507,820,tested,0.7652859960552268,0.7536585365853659,0.631163708086785,0.6792682926829269
NQ,overnight_high,3,1.0,507,820,tested,0.631163708086785,0.6012195121951219,0.4556213017751479,0.5280487804878049
NQ,overnight_high,3,1.5,507,820,tested,0.46153846153846156,0.4573170731707317,0.3214990138067061,0.41829268292682925
NQ,overnight_high,3,2.0,507,820,tested,0.32741617357001973,0.3329268292682927,0.24260355029585798,0.3024390243902439
NQ,overnight_high,5,0.5,507,820,tested,0.796844181459566,0.7975609756097561,0.6962524654832347,0.7317073170731707
NQ,overnight_high,5,1.0,507,820,tested,0.6765285996055227,0.6780487804878049,0.5207100591715976,0.6060975609756097
NQ,overnight_high,5,1.5,507,820,tested,0.5305719921104537,0.5414634146341464,0.41222879684418146,0.5024390243902439
NQ,overnight_high,5,2.0,507,820,tested,0.4161735700197239,0.4317073170731707,0.33136094674556216,0.39878048780487807
NQ,overnight_high,10,0.5,507,820,tested,0.863905325443787,0.8621951219512195,0.7593688362919132,0.7926829268292683
NQ,overnight_high,10,1.0,507,820,tested,0.7593688362919132,0.7609756097560976,0.6429980276134122,0.6951219512195121
NQ,overnight_high,10,1.5,507,820,tested,0.6449704142011834,0.6353658536585366,0.5285996055226825,0.6012195121951219
NQ,overnight_high,10,2.0,507,820,tested,0.5108481262327417,0.5402439024390244,0.46548323471400394,0.5146341463414634
NQ,overnight_high,15,0.5,507,820,tested,0.883629191321499,0.8853658536585366,0.7928994082840237,0.8146341463414634
NQ,overnight_high,15,1.0,507,820,tested,0.8047337278106509,0.802439024390244,0.6883629191321499,0.7329268292682927
NQ,overnight_high,15,1.5,507,820,tested,0.7100591715976331,0.6951219512195121,0.5759368836291914,0.6548780487804878
NQ,overnight_high,15,2.0,507,820,tested,0.5877712031558185,0.6073170731707317,0.52465483234714,0.5719512195121951
NQ,overnight_low,1,0.5,452,833,tested,0.6924778761061947,0.6374549819927972,0.6172566371681416,0.6530612244897959
NQ,overnight_low,1,1.0,452,833,tested,0.5176991150442478,0.4909963985594238,0.4314159292035398,0.49819927971188477
NQ,overnight_low,1,1.5,452,833,tested,0.3584070796460177,0.3325330132052821,0.3230088495575221,0.34813925570228094
NQ,overnight_low,1,2.0,452,833,tested,0.25442477876106195,0.23169267707082833,0.2345132743362832,0.25690276110444177
NQ,overnight_low,3,0.5,452,833,tested,0.8097345132743363,0.7599039615846338,0.7345132743362832,0.7647058823529411
NQ,overnight_low,3,1.0,452,833,tested,0.6880530973451328,0.6410564225690276,0.577433628318584,0.6410564225690276
NQ,overnight_low,3,1.5,452,833,tested,0.5530973451327433,0.5186074429771909,0.46017699115044247,0.5282112845138055
NQ,overnight_low,3,2.0,452,833,tested,0.46238938053097345,0.4249699879951981,0.36283185840707965,0.42136854741896757
NQ,overnight_low,5,0.5,452,833,tested,0.834070796460177,0.8031212484993998,0.7809734513274337,0.8103241296518607
NQ,overnight_low,5,1.0,452,833,tested,0.745575221238938,0.7022809123649459,0.6438053097345132,0.6938775510204082
NQ,overnight_low,5,1.5,452,833,tested,0.6238938053097345,0.5942376950780313,0.5553097345132744,0.5882352941176471
NQ,overnight_low,5,2.0,452,833,tested,0.5442477876106194,0.5102040816326531,0.4469026548672566,0.4885954381752701
NQ,overnight_low,10,0.5,452,833,tested,0.8805309734513275,0.8463385354141657,0.831858407079646,0.851140456182473
NQ,overnight_low,10,1.0,452,833,tested,0.8141592920353983,0.773109243697479,0.7190265486725663,0.7635054021608644
NQ,overnight_low,10,1.5,452,833,tested,0.7212389380530974,0.6794717887154862,0.6460176991150443,0.6794717887154862
NQ,overnight_low,10,2.0,452,833,tested,0.6438053097345132,0.6146458583433373,0.5663716814159292,0.5942376950780313
NQ,overnight_low,15,0.5,452,833,tested,0.9004424778761062,0.8715486194477791,0.8694690265486725,0.8775510204081632
NQ,overnight_low,15,1.0,452,833,tested,0.8451327433628318,0.8067226890756303,0.7765486725663717,0.8031212484993998
NQ,overnight_low,15,1.5,452,833,tested,0.7699115044247787,0.7190876350540216,0.7013274336283186,0.7274909963985594
NQ,overnight_low,15,2.0,452,833,tested,0.7013274336283186,0.6650660264105642,0.6172566371681416,0.6578631452581032
NQ,overnight_mid,1,0.5,707,884,tested,0.6308345120226309,0.6233031674208145,0.6449787835926449,0.5904977375565611
NQ,overnight_mid,1,1.0,707,884,tested,0.44271570014144274,0.4411764705882353,0.4596888260254597,0.39592760180995473
NQ,overnight_mid,1,1.5,707,884,tested,0.28854314002828857,0.27262443438914025,0.2927864214992928,0.27941176470588236
NQ,overnight_mid,1,2.0,707,884,tested,0.16831683168316833,0.18099547511312217,0.19519094766619519,0.18891402714932126
NQ,overnight_mid,3,0.5,707,884,tested,0.7524752475247525,0.7319004524886877,0.7482319660537482,0.7081447963800905
NQ,overnight_mid,3,1.0,707,884,tested,0.620933521923621,0.5871040723981901,0.5855728429985856,0.5644796380090498
NQ,overnight_mid,3,1.5,707,884,tested,0.48514851485148514,0.44004524886877827,0.45685997171145687,0.4490950226244344
NQ,overnight_mid,3,2.0,707,884,tested,0.36633663366336633,0.32918552036199095,0.3507779349363508,0.3495475113122172
NQ,overnight_mid,5,0.5,707,884,tested,0.801980198019802,0.7895927601809954,0.8033946251768034,0.7579185520361991
NQ,overnight_mid,5,1.0,707,884,tested,0.6845827439886846,0.6549773755656109,0.6605374823196606,0.6346153846153846
NQ,overnight_mid,5,1.5,707,884,tested,0.5685997171145686,0.5237556561085973,0.5247524752475248,0.5350678733031674
NQ,overnight_mid,5,2.0,707,884,tested,0.4752475247524752,0.4242081447963801,0.42715700141442714,0.4423076923076923
NQ,overnight_mid,10,0.5,707,884,tested,0.8472418670438473,0.8359728506787331,0.8557284299858557,0.8009049773755657
NQ,overnight_mid,10,1.0,707,884,tested,0.7595473833097596,0.7217194570135747,0.7482319660537482,0.7092760180995475
NQ,overnight_mid,10,1.5,707,884,tested,0.6562942008486563,0.6221719457013575,0.6265912305516266,0.6266968325791855
NQ,overnight_mid,10,2.0,707,884,tested,0.5558698727015559,0.5248868778280543,0.545968882602546,0.5520361990950227
NQ,overnight_mid,15,0.5,707,884,tested,0.8613861386138614,0.8608597285067874,0.8811881188118812,0.8167420814479638
NQ,overnight_mid,15,1.0,707,884,tested,0.7906647807637907,0.7624434389140271,0.7878359264497878,0.7375565610859729
NQ,overnight_mid,15,1.5,707,884,tested,0.7086280056577087,0.6798642533936652,0.6803394625176803,0.6595022624434389
NQ,overnight_mid,15,2.0,707,884,tested,0.6265912305516266,0.5904977375565611,0.6067892503536068,0.5984162895927602
NQ,overnight_open,1,0.5,521,846,tested,0.5873320537428023,0.6182033096926713,0.6487523992322457,0.5768321513002365
NQ,overnight_open,1,1.0,521,846,tested,0.4069097888675624,0.425531914893617,0.4740882917466411,0.4030732860520095
NQ,overnight_open,1,1.5,521,846,tested,0.2648752399232246,0.2777777777777778,0.29174664107485604,0.2647754137115839
NQ,overnight_open,1,2.0,521,846,tested,0.1746641074856046,0.17139479905437352,0.2053742802303263,0.17257683215130024
NQ,overnight_open,3,0.5,521,846,tested,0.7236084452975048,0.7505910165484634,0.7523992322456814,0.7115839243498818
NQ,overnight_open,3,1.0,521,846,tested,0.5738963531669866,0.5969267139479906,0.6238003838771593,0.5756501182033097
NQ,overnight_open,3,1.5,521,846,tested,0.43761996161228406,0.45508274231678486,0.46833013435700577,0.44208037825059104
NQ,overnight_open,3,2.0,521,846,tested,0.32245681381957775,0.32269503546099293,0.3685220729366603,0.34515366430260047
NQ,overnight_open,5,0.5,521,846,tested,0.7735124760076776,0.8014184397163121,0.7888675623800384,0.7553191489361702
NQ,overnight_open,5,1.0,521,846,tested,0.6641074856046065,0.6737588652482269,0.6698656429942419,0.6382978723404256
NQ,overnight_open,5,1.5,521,846,tested,0.5239923224568138,0.5484633569739953,0.5393474088291746,0.5260047281323877
NQ,overnight_open,5,2.0,521,846,tested,0.43378119001919385,0.44562647754137114,0.44145873320537427,0.44089834515366433
NQ,overnight_open,10,0.5,521,846,tested,0.8387715930902111,0.8522458628841607,0.8387715930902111,0.806146572104019
NQ,overnight_open,10,1.0,521,846,tested,0.7408829174664108,0.7387706855791962,0.744721689059501,0.7044917257683215
NQ,overnight_open,10,1.5,521,846,tested,0.6276391554702495,0.6335697399527187,0.6487523992322457,0.6134751773049646
NQ,overnight_open,10,2.0,521,846,tested,0.5355086372360844,0.5354609929078015,0.5393474088291746,0.5437352245862884
NQ,overnight_open,15,0.5,521,846,tested,0.8560460652591171,0.875886524822695,0.8541266794625719,0.8250591016548463
NQ,overnight_open,15,1.0,521,846,tested,0.7735124760076776,0.7801418439716312,0.7754318618042226,0.7328605200945626
NQ,overnight_open,15,1.5,521,846,tested,0.6621880998080614,0.6879432624113475,0.6928982725527831,0.6524822695035462
NQ,overnight_open,15,2.0,521,846,tested,0.5892514395393474,0.5945626477541371,0.6084452975047985,0.5921985815602837
NQ,prior_close,1,0.5,395,818,tested,0.6379746835443038,0.628361858190709,0.6,0.5660146699266504
NQ,prior_close,1,1.0,395,818,tested,0.4506329113924051,0.4339853300733496,0.42025316455696204,0.3899755501222494
NQ,prior_close,1,1.5,395,818,tested,0.3189873417721519,0.27383863080684595,0.2683544303797468,0.2591687041564792
NQ,prior_close,1,2.0,395,818,tested,0.20253164556962025,0.17481662591687042,0.18227848101265823,0.1821515892420538
NQ,prior_close,3,0.5,395,818,tested,0.7645569620253164,0.7469437652811736,0.7012658227848101,0.6992665036674817
NQ,prior_close,3,1.0,395,818,tested,0.6151898734177215,0.5916870415647921,0.5417721518987342,0.5574572127139364
NQ,prior_close,3,1.5,395,818,tested,0.49873417721518987,0.44987775061124696,0.4278481012658228,0.43276283618581907
NQ,prior_close,3,2.0,395,818,tested,0.36455696202531646,0.32885085574572126,0.31139240506329113,0.32885085574572126
NQ,prior_close,5,0.5,395,818,tested,0.8126582278481013,0.7909535452322738,0.7746835443037975,0.7506112469437652
NQ,prior_close,5,1.0,395,818,tested,0.6759493670886076,0.6589242053789731,0.640506329113924,0.6295843520782396
NQ,prior_close,5,1.5,395,818,tested,0.5822784810126582,0.5403422982885085,0.5189873417721519,0.5256723716381418
NQ,prior_close,5,2.0,395,818,tested,0.4506329113924051,0.43276283618581907,0.4151898734177215,0.4193154034229829
NQ,prior_close,10,0.5,395,818,tested,0.8759493670886076,0.8374083129584352,0.8329113924050633,0.7921760391198044
NQ,prior_close,10,1.0,395,818,tested,0.7848101265822784,0.7298288508557457,0.7240506329113924,0.6968215158924206
NQ,prior_close,10,1.5,395,818,tested,0.6810126582278481,0.6332518337408313,0.620253164556962,0.6075794621026895
NQ,prior_close,10,2.0,395,818,tested,0.5848101265822785,0.5342298288508558,0.5417721518987342,0.5281173594132029
NQ,prior_close,15,0.5,395,818,tested,0.8911392405063291,0.8581907090464548,0.8582278481012658,0.8141809290953546
NQ,prior_close,15,1.0,395,818,tested,0.8151898734177215,0.7591687041564792,0.769620253164557,0.7383863080684596
NQ,prior_close,15,1.5,395,818,tested,0.7291139240506329,0.676039119804401,0.6810126582278481,0.6613691931540342
NQ,prior_close,15,2.0,395,818,tested,0.6455696202531646,0.5953545232273839,0.6,0.5794621026894865
NQ,prior_high,1,0.5,269,792,tested,0.6579925650557621,0.5883838383838383,0.6022304832713755,0.5833333333333334
NQ,prior_high,1,1.0,269,792,tested,0.39776951672862454,0.4255050505050505,0.37174721189591076,0.3939393939393939
NQ,prior_high,1,1.5,269,792,tested,0.26022304832713755,0.2815656565656566,0.20074349442379183,0.2601010101010101
NQ,prior_high,1,2.0,269,792,tested,0.16728624535315986,0.17424242424242425,0.11524163568773234,0.16414141414141414
NQ,prior_high,3,0.5,269,792,tested,0.7806691449814126,0.7121212121212122,0.724907063197026,0.6957070707070707
NQ,prior_high,3,1.0,269,792,tested,0.5985130111524164,0.5871212121212122,0.5576208178438662,0.5505050505050505
NQ,prior_high,3,1.5,269,792,tested,0.45353159851301117,0.4621212121212121,0.3940520446096654,0.43308080808080807
NQ,prior_high,3,2.0,269,792,tested,0.3271375464684015,0.32196969696969696,0.26022304832713755,0.33585858585858586
NQ,prior_high,5,0.5,269,792,tested,0.8252788104089219,0.7651515151515151,0.758364312267658,0.7424242424242424
NQ,prior_high,5,1.0,269,792,tested,0.6765799256505576,0.6527777777777778,0.6505576208178439,0.6212121212121212
NQ,prior_high,5,1.5,269,792,tested,0.5241635687732342,0.5391414141414141,0.483271375464684,0.5176767676767676
NQ,prior_high,5,2.0,269,792,tested,0.41263940520446096,0.42045454545454547,0.3680297397769517,0.4154040404040404
NQ,prior_high,10,0.5,269,792,tested,0.8698884758364313,0.8194444444444444,0.8215613382899628,0.7967171717171717
NQ,prior_high,10,1.0,269,792,tested,0.7472118959107806,0.7222222222222222,0.7397769516728625,0.7070707070707071
NQ,prior_high,10,1.5,269,792,tested,0.6282527881040892,0.63510101010101,0.5985130111524164,0.6111111111111112
NQ,prior_high,10,2.0,269,792,tested,0.550185873605948,0.5189393939393939,0.49814126394052044,0.5303030303030303
NQ,prior_high,15,0.5,269,792,tested,0.8847583643122676,0.8383838383838383,0.8364312267657993,0.8181818181818182
NQ,prior_high,15,1.0,269,792,tested,0.7843866171003717,0.7702020202020202,0.7843866171003717,0.7512626262626263
NQ,prior_high,15,1.5,269,792,tested,0.6728624535315985,0.6906565656565656,0.6654275092936803,0.6641414141414141
NQ,prior_high,15,2.0,269,792,tested,0.587360594795539,0.5820707070707071,0.5464684014869888,0.5871212121212122
NQ,prior_low,1,0.5,213,800,tested,0.704225352112676,0.6375,0.5727699530516432,0.65
NQ,prior_low,1,1.0,213,800,tested,0.596244131455399,0.475,0.36619718309859156,0.48625
NQ,prior_low,1,1.5,213,800,tested,0.4413145539906103,0.335,0.23943661971830985,0.35375
NQ,prior_low,1,2.0,213,800,tested,0.30985915492957744,0.22375,0.15492957746478872,0.26
NQ,prior_low,3,0.5,213,800,tested,0.8356807511737089,0.755,0.676056338028169,0.77125
NQ,prior_low,3,1.0,213,800,tested,0.7464788732394366,0.62125,0.5352112676056338,0.64125
NQ,prior_low,3,1.5,213,800,tested,0.6197183098591549,0.5125,0.40375586854460094,0.52625
NQ,prior_low,3,2.0,213,800,tested,0.5070422535211268,0.4075,0.3051643192488263,0.42875
NQ,prior_low,5,0.5,213,800,tested,0.8732394366197183,0.8,0.7276995305164319,0.81125
NQ,prior_low,5,1.0,213,800,tested,0.7981220657276995,0.68875,0.6291079812206573,0.7025
NQ,prior_low,5,1.5,213,800,tested,0.7136150234741784,0.5775,0.49765258215962443,0.59
NQ,prior_low,5,2.0,213,800,tested,0.6197183098591549,0.5025,0.38967136150234744,0.5
NQ,prior_low,10,0.5,213,800,tested,0.892018779342723,0.84625,0.8075117370892019,0.85125
NQ,prior_low,10,1.0,213,800,tested,0.8356807511737089,0.755,0.7136150234741784,0.77875
NQ,prior_low,10,1.5,213,800,tested,0.755868544600939,0.67125,0.6009389671361502,0.68625
NQ,prior_low,10,2.0,213,800,tested,0.6901408450704225,0.59625,0.5164319248826291,0.595
NQ,prior_low,15,0.5,213,800,tested,0.9107981220657277,0.865,0.8356807511737089,0.88
NQ,prior_low,15,1.0,213,800,tested,0.8544600938967136,0.785,0.7464788732394366,0.81375
NQ,prior_low,15,1.5,213,800,tested,0.7793427230046949,0.71,0.6666666666666666,0.73375
NQ,prior_low,15,2.0,213,800,tested,0.7276995305164319,0.64625,0.596244131455399,0.66
NQ,prior_rth_mid,1,0.5,312,805,tested,0.5608974358974359,0.6074534161490683,0.6634615384615384,0.5900621118012422
NQ,prior_rth_mid,1,1.0,312,805,tested,0.3717948717948718,0.4186335403726708,0.4775641025641026,0.39627329192546584
NQ,prior_rth_mid,1,1.5,312,805,tested,0.24358974358974358,0.26335403726708073,0.3173076923076923,0.2645962732919255
NQ,prior_rth_mid,1,2.0,312,805,tested,0.16666666666666666,0.17267080745341615,0.19230769230769232,0.18509316770186335
NQ,prior_rth_mid,3,0.5,312,805,tested,0.7115384615384616,0.724223602484472,0.7596153846153846,0.6956521739130435
NQ,prior_rth_mid,3,1.0,312,805,tested,0.5544871794871795,0.5614906832298137,0.6378205128205128,0.55527950310559
NQ,prior_rth_mid,3,1.5,312,805,tested,0.42948717948717946,0.4484472049689441,0.46794871794871795,0.43478260869565216
NQ,prior_rth_mid,3,2.0,312,805,tested,0.3108974358974359,0.3204968944099379,0.3557692307692308,0.3316770186335404
NQ,prior_rth_mid,5,0.5,312,805,tested,0.7564102564102564,0.7751552795031056,0.8012820512820513,0.7515527950310559
NQ,prior_rth_mid,5,1.0,312,805,tested,0.6314102564102564,0.6372670807453417,0.7083333333333334,0.6347826086956522
NQ,prior_rth_mid,5,1.5,312,805,tested,0.5128205128205128,0.5341614906832298,0.5769230769230769,0.5304347826086957
NQ,prior_rth_mid,5,2.0,312,805,tested,0.41346153846153844,0.4360248447204969,0.49038461538461536,0.42111801242236024
NQ,prior_rth_mid,10,0.5,312,805,tested,0.8173076923076923,0.8260869565217391,0.8461538461538461,0.7937888198757764
NQ,prior_rth_mid,10,1.0,312,805,tested,0.7147435897435898,0.7217391304347827,0.7756410256410257,0.7080745341614907
NQ,prior_rth_mid,10,1.5,312,805,tested,0.6217948717948718,0.631055900621118,0.6730769230769231,0.6285714285714286
NQ,prior_rth_mid,10,2.0,312,805,tested,0.532051282051282,0.5391304347826087,0.5897435897435898,0.537888198757764
NQ,prior_rth_mid,15,0.5,312,805,tested,0.8493589743589743,0.8546583850931677,0.8782051282051282,0.8198757763975155
NQ,prior_rth_mid,15,1.0,312,805,tested,0.7596153846153846,0.7577639751552795,0.8205128205128205,0.7428571428571429
NQ,prior_rth_mid,15,1.5,312,805,tested,0.6794871794871795,0.6807453416149069,0.7275641025641025,0.675776397515528
NQ,prior_rth_mid,15,2.0,312,805,tested,0.6057692307692307,0.5950310559006211,0.6538461538461539,0.5925465838509317
NQ,prior_rth_vwap,1,0.5,314,816,tested,0.5700636942675159,0.6188725490196079,0.6273885350318471,0.5833333333333334
NQ,prior_rth_vwap,1,1.0,314,816,tested,0.39171974522292996,0.41299019607843135,0.40445859872611467,0.3762254901960784
NQ,prior_rth_vwap,1,1.5,314,816,tested,0.27388535031847133,0.27941176470588236,0.2770700636942675,0.2426470588235294
NQ,prior_rth_vwap,1,2.0,314,816,tested,0.1624203821656051,0.17034313725490197,0.16878980891719744,0.17401960784313725
NQ,prior_rth_vwap,3,0.5,314,816,tested,0.7165605095541401,0.7303921568627451,0.7356687898089171,0.7058823529411765
NQ,prior_rth_vwap,3,1.0,314,816,tested,0.5414012738853503,0.5833333333333334,0.589171974522293,0.5563725490196079
NQ,prior_rth_vwap,3,1.5,314,816,tested,0.4012738853503185,0.44485294117647056,0.4394904458598726,0.4227941176470588
NQ,prior_rth_vwap,3,2.0,314,816,tested,0.3057324840764331,0.3088235294117647,0.3375796178343949,0.31495098039215685
NQ,prior_rth_vwap,5,0.5,314,816,tested,0.7707006369426752,0.7879901960784313,0.7993630573248408,0.758578431372549
NQ,prior_rth_vwap,5,1.0,314,816,tested,0.60828025477707,0.6617647058823529,0.6719745222929936,0.6176470588235294
NQ,prior_rth_vwap,5,1.5,314,816,tested,0.47770700636942676,0.5428921568627451,0.5414012738853503,0.5024509803921569
NQ,prior_rth_vwap,5,2.0,314,816,tested,0.39171974522292996,0.4252450980392157,0.4299363057324841,0.40808823529411764
NQ,prior_rth_vwap,10,0.5,314,816,tested,0.8439490445859873,0.8345588235294118,0.8535031847133758,0.8063725490196079
NQ,prior_rth_vwap,10,1.0,314,816,tested,0.7070063694267515,0.7303921568627451,0.767515923566879,0.6899509803921569
NQ,prior_rth_vwap,10,1.5,314,816,tested,0.5987261146496815,0.6311274509803921,0.6592356687898089,0.6004901960784313
NQ,prior_rth_vwap,10,2.0,314,816,tested,0.5,0.5343137254901961,0.5445859872611465,0.5355392156862745
NQ,prior_rth_vwap,15,0.5,314,816,tested,0.8757961783439491,0.8651960784313726,0.8757961783439491,0.8235294117647058
NQ,prior_rth_vwap,15,1.0,314,816,tested,0.7515923566878981,0.7647058823529411,0.8057324840764332,0.7267156862745098
NQ,prior_rth_vwap,15,1.5,314,816,tested,0.6528662420382165,0.6887254901960784,0.7070063694267515,0.6556372549019608
NQ,prior_rth_vwap,15,2.0,314,816,tested,0.5764331210191083,0.5980392156862745,0.6210191082802548,0.5894607843137255
NQ,q_D_p25,1,0.5,1133,880,tested,0.6195939982347749,0.6045454545454545,0.6672550750220653,0.675
NQ,q_D_p25,1,1.0,1133,880,tested,0.4889673433362754,0.47613636363636364,0.5454545454545454,0.5454545454545454
NQ,q_D_p25,1,1.5,1133,880,tested,0.35481023830538394,0.3613636363636364,0.4298323036187114,0.42045454545454547
NQ,q_D_p25,1,2.0,1133,880,tested,0.25419240953221534,0.26704545454545453,0.3292144748455428,0.3125
NQ,q_D_p25,3,0.5,1133,880,tested,0.7281553398058253,0.7181818181818181,0.7590467784642542,0.7647727272727273
NQ,q_D_p25,3,1.0,1133,880,tested,0.6345984112974404,0.6215909090909091,0.6646072374227714,0.6568181818181819
NQ,q_D_p25,3,1.5,1133,880,tested,0.526919682259488,0.5306818181818181,0.5622241835834069,0.553409090909091
NQ,q_D_p25,3,2.0,1133,880,tested,0.4289496910856134,0.4340909090909091,0.48102383053839365,0.4681818181818182
NQ,q_D_p25,5,0.5,1133,880,tested,0.7714033539276258,0.7670454545454546,0.7908208296557812,0.7977272727272727
NQ,q_D_p25,5,1.0,1133,880,tested,0.6866725507502206,0.6806818181818182,0.7113857016769638,0.7045454545454546
NQ,q_D_p25,5,1.5,1133,880,tested,0.5975286849073257,0.6022727272727273,0.6257722859664607,0.6170454545454546
NQ,q_D_p25,5,2.0,1133,880,tested,0.5145631067961165,0.5147727272727273,0.5428067078552515,0.5318181818181819
NQ,q_D_p25,10,0.5,1133,880,tested,0.8067078552515445,0.803409090909091,0.8384819064430715,0.8386363636363636
NQ,q_D_p25,10,1.0,1133,880,tested,0.7387466902030009,0.7352272727272727,0.7722859664607238,0.7647727272727273
NQ,q_D_p25,10,1.5,1133,880,tested,0.6690203000882613,0.6727272727272727,0.7016769638128861,0.6931818181818182
NQ,q_D_p25,10,2.0,1133,880,tested,0.6072374227714034,0.6068181818181818,0.6372462488967343,0.6238636363636364
NQ,q_D_p25,15,0.5,1133,880,tested,0.8314210061782877,0.8261363636363637,0.8605472197705207,0.8602272727272727
NQ,q_D_p25,15,1.0,1133,880,tested,0.7705207413945278,0.7681818181818182,0.8014121800529568,0.7977272727272727
NQ,q_D_p25,15,1.5,1133,880,tested,0.705207413945278,0.7022727272727273,0.7440423654015887,0.7340909090909091
NQ,q_D_p25,15,2.0,1133,880,tested,0.6504854368932039,0.6454545454545455,0.6796116504854369,0.6738636363636363
NQ,q_D_p75,1,0.5,916,924,tested,0.6375545851528385,0.6222943722943723,0.6724890829694323,0.6623376623376623
NQ,q_D_p75,1,1.0,916,924,tested,0.4781659388646288,0.47943722943722944,0.5141921397379913,0.5021645021645021
NQ,q_D_p75,1,1.5,916,924,tested,0.3471615720524017,0.3430735930735931,0.37445414847161573,0.3625541125541126
NQ,q_D_p75,1,2.0,916,924,tested,0.22816593886462883,0.23593073593073594,0.27838427947598254,0.27164502164502163
NQ,q_D_p75,3,0.5,916,924,tested,0.7620087336244541,0.7608225108225108,0.769650655021834,0.7738095238095238
NQ,q_D_p75,3,1.0,916,924,tested,0.638646288209607,0.6363636363636364,0.6582969432314411,0.658008658008658
NQ,q_D_p75,3,1.5,916,924,tested,0.5305676855895196,0.5367965367965368,0.537117903930131,0.5205627705627706
NQ,q_D_p75,3,2.0,916,924,tested,0.42358078602620086,0.4231601731601732,0.42903930131004364,0.4069264069264069
NQ,q_D_p75,5,0.5,916,924,tested,0.8067685589519651,0.7976190476190477,0.8133187772925764,0.8192640692640693
NQ,q_D_p75,5,1.0,916,924,tested,0.7096069868995634,0.7142857142857143,0.7106986899563319,0.7153679653679653
NQ,q_D_p75,5,1.5,916,924,tested,0.6157205240174672,0.6168831168831169,0.5971615720524017,0.591991341991342
NQ,q_D_p75,5,2.0,916,924,tested,0.5163755458515283,0.5075757575757576,0.5,0.4902597402597403
NQ,q_D_p75,10,0.5,916,924,tested,0.8537117903930131,0.8409090909090909,0.8537117903930131,0.8614718614718615
NQ,q_D_p75,10,1.0,916,924,tested,0.7838427947598253,0.775974025974026,0.769650655021834,0.7781385281385281
NQ,q_D_p75,10,1.5,916,924,tested,0.6975982532751092,0.6958874458874459,0.6866812227074236,0.6764069264069265
NQ,q_D_p75,10,2.0,916,924,tested,0.6124454148471615,0.6006493506493507,0.6004366812227074,0.5941558441558441
NQ,q_D_p75,15,0.5,916,924,tested,0.8853711790393013,0.8636363636363636,0.8820960698689956,0.8885281385281385
NQ,q_D_p75,15,1.0,916,924,tested,0.8165938864628821,0.8073593073593074,0.8078602620087336,0.816017316017316
NQ,q_D_p75,15,1.5,916,924,tested,0.7412663755458515,0.7359307359307359,0.730349344978166,0.7283549783549783
NQ,q_D_p75,15,2.0,916,924,tested,0.6670305676855895,0.658008658008658,0.6582969432314411,0.6590909090909091
NQ,q_D_p90,1,0.5,810,826,tested,0.6444444444444445,0.6404358353510896,0.6703703703703704,0.635593220338983
NQ,q_D_p90,1,1.0,810,826,tested,0.48518518518518516,0.4854721549636804,0.48641975308641977,0.48426150121065376
NQ,q_D_p90,1,1.5,810,826,tested,0.34444444444444444,0.33292978208232443,0.3419753086419753,0.33292978208232443
NQ,q_D_p90,1,2.0,810,826,tested,0.22592592592592592,0.2215496368038741,0.2580246913580247,0.24334140435835352
NQ,q_D_p90,3,0.5,810,826,tested,0.7617283950617284,0.7542372881355932,0.7555555555555555,0.7300242130750605
NQ,q_D_p90,3,1.0,810,826,tested,0.645679012345679,0.6234866828087167,0.6395061728395062,0.6319612590799032
NQ,q_D_p90,3,1.5,810,826,tested,0.5209876543209877,0.5121065375302664,0.5037037037037037,0.513317191283293
NQ,q_D_p90,3,2.0,810,826,tested,0.4111111111111111,0.400726392251816,0.4012345679012346,0.41041162227602906
NQ,q_D_p90,5,0.5,810,826,tested,0.8074074074074075,0.8062953995157385,0.7938271604938272,0.7820823244552058
NQ,q_D_p90,5,1.0,810,826,tested,0.7111111111111111,0.6864406779661016,0.7012345679012346,0.6961259079903148
NQ,q_D_p90,5,1.5,810,826,tested,0.5987654320987654,0.5932203389830508,0.5839506172839506,0.5944309927360775
NQ,q_D_p90,5,2.0,810,826,tested,0.5061728395061729,0.49515738498789347,0.48148148148148145,0.49515738498789347
NQ,q_D_p90,10,0.5,810,826,tested,0.8493827160493828,0.847457627118644,0.8481481481481481,0.837772397094431
NQ,q_D_p90,10,1.0,810,826,tested,0.7679012345679013,0.7481840193704601,0.7666666666666667,0.7530266343825666
NQ,q_D_p90,10,1.5,810,826,tested,0.6814814814814815,0.6731234866828087,0.6580246913580247,0.6767554479418886
NQ,q_D_p90,10,2.0,810,826,tested,0.6012345679012345,0.5907990314769975,0.5740740740740741,0.5920096852300242
NQ,q_D_p90,15,0.5,810,826,tested,0.8740740740740741,0.8777239709443099,0.8703703703703703,0.8680387409200968
NQ,q_D_p90,15,1.0,810,826,tested,0.8037037037037037,0.7941888619854721,0.8135802469135802,0.8050847457627118
NQ,q_D_p90,15,1.5,810,826,tested,0.7308641975308642,0.7227602905569007,0.7234567901234568,0.7397094430992736
NQ,q_D_p90,15,2.0,810,826,tested,0.6506172839506172,0.6513317191283293,0.6370370370370371,0.6501210653753027
NQ,q_D_p95,1,0.5,728,808,tested,0.6497252747252747,0.6373762376237624,0.6497252747252747,0.6522277227722773
NQ,q_D_p95,1,1.0,728,808,tested,0.49862637362637363,0.4900990099009901,0.4642857142857143,0.4801980198019802
NQ,q_D_p95,1,1.5,728,808,tested,0.3516483516483517,0.33292079207920794,0.3269230769230769,0.34034653465346537
NQ,q_D_p95,1,2.0,728,808,tested,0.23214285714285715,0.23514851485148514,0.22802197802197802,0.25495049504950495
NQ,q_D_p95,3,0.5,728,808,tested,0.7747252747252747,0.7599009900990099,0.7472527472527473,0.7512376237623762
NQ,q_D_p95,3,1.0,728,808,tested,0.6524725274725275,0.6485148514851485,0.6112637362637363,0.629950495049505
NQ,q_D_p95,3,1.5,728,808,tested,0.532967032967033,0.5222772277227723,0.5041208791208791,0.5086633663366337
NQ,q_D_p95,3,2.0,728,808,tested,0.42445054945054944,0.41336633663366334,0.385989010989011,0.4183168316831683
NQ,q_D_p95,5,0.5,728,808,tested,0.8173076923076923,0.8081683168316832,0.7884615384615384,0.7957920792079208
NQ,q_D_p95,5,1.0,728,808,tested,0.728021978021978,0.7165841584158416,0.6675824175824175,0.6967821782178217
NQ,q_D_p95,5,1.5,728,808,tested,0.6153846153846154,0.6027227722772277,0.5686813186813187,0.5792079207920792
NQ,q_D_p95,5,2.0,728,808,tested,0.5164835164835165,0.504950495049505,0.4766483516483517,0.4962871287128713
NQ,q_D_p95,10,0.5,728,808,tested,0.853021978021978,0.8551980198019802,0.8434065934065934,0.8391089108910891
NQ,q_D_p95,10,1.0,728,808,tested,0.7884615384615384,0.7834158415841584,0.7472527472527473,0.7673267326732673
NQ,q_D_p95,10,1.5,728,808,tested,0.7087912087912088,0.6856435643564357,0.6620879120879121,0.6707920792079208
NQ,q_D_p95,10,2.0,728,808,tested,0.625,0.6089108910891089,0.5769230769230769,0.5878712871287128
NQ,q_D_p95,15,0.5,728,808,tested,0.8722527472527473,0.8774752475247525,0.8653846153846154,0.8601485148514851
NQ,q_D_p95,15,1.0,728,808,tested,0.8118131868131868,0.8143564356435643,0.7843406593406593,0.7982673267326733
NQ,q_D_p95,15,1.5,728,808,tested,0.7445054945054945,0.7289603960396039,0.7266483516483516,0.7351485148514851
NQ,q_D_p95,15,2.0,728,808,tested,0.6744505494505495,0.6596534653465347,0.6510989010989011,0.655940594059406
NQ,q_U_p25,1,0.5,1139,955,tested,0.6435469710272168,0.6701570680628273,0.5741878841088675,0.574869109947644
NQ,q_U_p25,1,1.0,1139,955,tested,0.5092186128182616,0.4963350785340314,0.4556628621597893,0.4544502617801047
NQ,q_U_p25,1,1.5,1139,955,tested,0.3687445127304653,0.3581151832460733,0.34679543459174716,0.33298429319371725
NQ,q_U_p25,1,2.0,1139,955,tested,0.25636523266022826,0.24712041884816754,0.22651448639157157,0.21675392670157068
NQ,q_U_p25,3,0.5,1139,955,tested,0.7418788410886743,0.7581151832460733,0.6962247585601404,0.694240837696335
NQ,q_U_p25,3,1.0,1139,955,tested,0.6312554872695347,0.6356020942408377,0.6145741878841089,0.6041884816753926
NQ,q_U_p25,3,1.5,1139,955,tested,0.5109745390693591,0.5246073298429319,0.5100965759438104,0.48900523560209425
NQ,q_U_p25,3,2.0,1139,955,tested,0.4100087796312555,0.40209424083769635,0.40122914837576823,0.38219895287958117
NQ,q_U_p25,5,0.5,1139,955,tested,0.7840210711150132,0.8010471204188482,0.7453906935908692,0.7486910994764397
NQ,q_U_p25,5,1.0,1139,955,tested,0.6988586479367866,0.7078534031413612,0.6742756804214223,0.675392670157068
NQ,q_U_p25,5,1.5,1139,955,tested,0.5908691834942933,0.5968586387434555,0.5899912203687445,0.5717277486910994
NQ,q_U_p25,5,2.0,1139,955,tested,0.4916593503072871,0.49947643979057593,0.48463564530289727,0.4743455497382199
NQ,q_U_p25,10,0.5,1139,955,tested,0.8331870061457419,0.8513089005235602,0.7989464442493416,0.7968586387434555
NQ,q_U_p25,10,1.0,1139,955,tested,0.7550482879719052,0.7675392670157068,0.7357330992098332,0.7350785340314137
NQ,q_U_p25,10,1.5,1139,955,tested,0.6654960491659351,0.6795811518324607,0.6646180860403863,0.6607329842931937
NQ,q_U_p25,10,2.0,1139,955,tested,0.5776997366110623,0.5895287958115183,0.57243195785777,0.562303664921466
NQ,q_U_p25,15,0.5,1139,955,tested,0.8560140474100087,0.8743455497382199,0.8165057067603161,0.8146596858638744
NQ,q_U_p25,15,1.0,1139,955,tested,0.7884108867427568,0.8020942408376963,0.7629499561018437,0.762303664921466
NQ,q_U_p25,15,1.5,1139,955,tested,0.7129060579455663,0.7267015706806282,0.694468832309043,0.6921465968586388
NQ,q_U_p25,15,2.0,1139,955,tested,0.6347673397717296,0.6408376963350786,0.6128182616330115,0.6052356020942409
NQ,q_U_p75,1,0.5,940,928,tested,0.6457446808510638,0.6379310344827587,0.5680851063829787,0.5829741379310345
NQ,q_U_p75,1,1.0,940,928,tested,0.4425531914893617,0.44396551724137934,0.39787234042553193,0.37823275862068967
NQ,q_U_p75,1,1.5,940,928,tested,0.28085106382978725,0.28987068965517243,0.2670212765957447,0.25754310344827586
NQ,q_U_p75,1,2.0,940,928,tested,0.1829787234042553,0.19288793103448276,0.19042553191489361,0.1788793103448276
NQ,q_U_p75,3,0.5,940,928,tested,0.7606382978723404,0.7510775862068966,0.7117021276595744,0.709051724137931
NQ,q_U_p75,3,1.0,940,928,tested,0.6042553191489362,0.6077586206896551,0.5648936170212766,0.5581896551724138
NQ,q_U_p75,3,1.5,940,928,tested,0.45,0.45905172413793105,0.4340425531914894,0.4331896551724138
NQ,q_U_p75,3,2.0,940,928,tested,0.33404255319148934,0.34698275862068967,0.3414893617021277,0.3275862068965517
NQ,q_U_p75,5,0.5,940,928,tested,0.801063829787234,0.8060344827586207,0.7595744680851064,0.7640086206896551
NQ,q_U_p75,5,1.0,940,928,tested,0.6776595744680851,0.677801724137931,0.6287234042553191,0.6314655172413793
NQ,q_U_p75,5,1.5,940,928,tested,0.55,0.5517241379310345,0.524468085106383,0.5107758620689655
NQ,q_U_p75,5,2.0,940,928,tested,0.44361702127659575,0.4504310344827586,0.44468085106382976,0.43211206896551724
NQ,q_U_p75,10,0.5,940,928,tested,0.85,0.8545258620689655,0.7978723404255319,0.8060344827586207
NQ,q_U_p75,10,1.0,940,928,tested,0.7457446808510638,0.7553879310344828,0.7031914893617022,0.7058189655172413
NQ,q_U_p75,10,1.5,940,928,tested,0.6297872340425532,0.6390086206896551,0.624468085106383,0.6109913793103449
NQ,q_U_p75,10,2.0,940,928,tested,0.5297872340425532,0.5355603448275862,0.5563829787234043,0.5420258620689655
NQ,q_U_p75,15,0.5,940,928,tested,0.8723404255319149,0.8760775862068966,0.8287234042553191,0.8275862068965517
NQ,q_U_p75,15,1.0,940,928,tested,0.7808510638297872,0.7952586206896551,0.7372340425531915,0.7435344827586207
NQ,q_U_p75,15,1.5,940,928,tested,0.6872340425531915,0.6939655172413793,0.6617021276595745,0.6530172413793104
NQ,q_U_p75,15,2.0,940,928,tested,0.5946808510638298,0.6012931034482759,0.6031914893617021,0.59375
NQ,q_U_p90,1,0.5,812,798,tested,0.6133004926108374,0.5927318295739349,0.5972906403940886,0.5927318295739349
NQ,q_U_p90,1,1.0,812,798,tested,0.4039408866995074,0.40350877192982454,0.39901477832512317,0.37969924812030076
NQ,q_U_p90,1,1.5,812,798,tested,0.25738916256157635,0.2568922305764411,0.270935960591133,0.2669172932330827
NQ,q_U_p90,1,2.0,812,798,tested,0.1687192118226601,0.18671679197994986,0.1810344827586207,0.18671679197994986
NQ,q_U_p90,3,0.5,812,798,tested,0.7376847290640394,0.7268170426065163,0.6995073891625616,0.7142857142857143
NQ,q_U_p90,3,1.0,812,798,tested,0.5726600985221675,0.5739348370927319,0.5467980295566502,0.5426065162907269
NQ,q_U_p90,3,1.5,812,798,tested,0.42857142857142855,0.41854636591478694,0.437192118226601,0.424812030075188
NQ,q_U_p90,3,2.0,812,798,tested,0.31527093596059114,0.3233082706766917,0.3411330049261084,0.3433583959899749
NQ,q_U_p90,5,0.5,812,798,tested,0.7906403940886699,0.7869674185463659,0.7635467980295566,0.7606516290726817
NQ,q_U_p90,5,1.0,812,798,tested,0.6564039408866995,0.6578947368421053,0.6145320197044335,0.6115288220551378
NQ,q_U_p90,5,1.5,812,798,tested,0.5270935960591133,0.5275689223057645,0.5110837438423645,0.49624060150375937
NQ,q_U_p90,5,2.0,812,798,tested,0.41379310344827586,0.41353383458646614,0.41379310344827586,0.40852130325814534
NQ,q_U_p90,10,0.5,812,798,tested,0.8399014778325123,0.843358395989975,0.8152709359605911,0.8107769423558897
NQ,q_U_p90,10,1.0,812,798,tested,0.7426108374384236,0.7443609022556391,0.7007389162561576,0.6879699248120301
NQ,q_U_p90,10,1.5,812,798,tested,0.6293103448275862,0.631578947368421,0.6096059113300493,0.6052631578947368
NQ,q_U_p90,10,2.0,812,798,tested,0.5344827586206896,0.5288220551378446,0.5443349753694581,0.5350877192982456
NQ,q_U_p90,15,0.5,812,798,tested,0.8719211822660099,0.8721804511278195,0.8312807881773399,0.8270676691729323
NQ,q_U_p90,15,1.0,812,798,tested,0.7820197044334976,0.7819548872180451,0.7339901477832512,0.7218045112781954
NQ,q_U_p90,15,1.5,812,798,tested,0.6847290640394089,0.6829573934837093,0.6564039408866995,0.6466165413533834
NQ,q_U_p90,15,2.0,812,798,tested,0.6022167487684729,0.5927318295739349,0.5960591133004927,0.5827067669172933
NQ,q_U_p95,1,0.5,731,778,tested,0.6032831737346102,0.622107969151671,0.5649794801641587,0.5655526992287918
NQ,q_U_p95,1,1.0,731,778,tested,0.41450068399452805,0.4138817480719794,0.39398084815321477,0.39203084832904883
NQ,q_U_p95,1,1.5,731,778,tested,0.2476060191518468,0.26735218508997427,0.265389876880985,0.2570694087403599
NQ,q_U_p95,1,2.0,731,778,tested,0.1573187414500684,0.18251928020565553,0.1518467852257182,0.15038560411311053
NQ,q_U_p95,3,0.5,731,778,tested,0.7387140902872777,0.7532133676092545,0.6935704514363885,0.6709511568123393
NQ,q_U_p95,3,1.0,731,778,tested,0.5937072503419972,0.583547557840617,0.5170998632010944,0.5308483290488432
NQ,q_U_p95,3,1.5,731,778,tested,0.44049247606019154,0.43573264781491,0.4131326949384405,0.41002570694087404
NQ,q_U_p95,3,2.0,731,778,tested,0.29001367989056087,0.3110539845758355,0.3119015047879617,0.32005141388174807
NQ,q_U_p95,5,0.5,731,778,tested,0.7961696306429549,0.8046272493573264,0.7414500683994528,0.7197943444730077
NQ,q_U_p95,5,1.0,731,778,tested,0.6689466484268126,0.6658097686375322,0.5937072503419972,0.6041131105398457
NQ,q_U_p95,5,1.5,731,778,tested,0.5239398084815321,0.532133676092545,0.49247606019151846,0.4987146529562982
NQ,q_U_p95,5,2.0,731,778,tested,0.399452804377565,0.4203084832904884,0.39261285909712723,0.40102827763496146
NQ,q_U_p95,10,0.5,731,778,tested,0.8522571819425444,0.8534704370179949,0.7948016415868673,0.7827763496143959
NQ,q_U_p95,10,1.0,731,778,tested,0.7387140902872777,0.7326478149100257,0.6867305061559508,0.6863753213367609
NQ,q_U_p95,10,1.5,731,778,tested,0.6361149110807114,0.62853470437018,0.5964432284541724,0.5938303341902313
NQ,q_U_p95,10,2.0,731,778,tested,0.5225718194254446,0.5359897172236504,0.5047879616963065,0.5141388174807198
NQ,q_U_p95,15,0.5,731,778,tested,0.8809849521203831,0.8817480719794345,0.8207934336525308,0.8097686375321337
NQ,q_U_p95,15,1.0,731,778,tested,0.7838577291381669,0.7802056555269923,0.7236662106703147,0.7210796915167095
NQ,q_U_p95,15,1.5,731,778,tested,0.6949384404924761,0.6850899742930592,0.6415868673050615,0.6465295629820051
NQ,q_U_p95,15,2.0,731,778,tested,0.5964432284541724,0.615681233933162,0.5622435020519836,0.5719794344473008
NQ,vwap_on_j+0,1,0.5,748,897,tested,0.6283422459893048,0.6276477146042363,0.6310160427807486,0.5953177257525084
NQ,vwap_on_j+0,1,1.0,748,897,tested,0.45187165775401067,0.4492753623188406,0.4344919786096257,0.4158305462653289
NQ,vwap_on_j+0,1,1.5,748,897,tested,0.27807486631016043,0.28762541806020064,0.2887700534759358,0.2898550724637681
NQ,vwap_on_j+0,1,2.0,748,897,tested,0.18983957219251338,0.18283166109253066,0.1858288770053476,0.2028985507246377
NQ,vwap_on_j+0,3,0.5,748,897,tested,0.7620320855614974,0.7402452619843924,0.7393048128342246,0.7268673355629878
NQ,vwap_on_j+0,3,1.0,748,897,tested,0.6203208556149733,0.5964325529542921,0.5842245989304813,0.5830546265328874
NQ,vwap_on_j+0,3,1.5,748,897,tested,0.47593582887700536,0.43701226309921964,0.46524064171123,0.45484949832775917
NQ,vwap_on_j+0,3,2.0,748,897,tested,0.356951871657754,0.32998885172798215,0.34759358288770054,0.3712374581939799
NQ,vwap_on_j+0,5,0.5,748,897,tested,0.7981283422459893,0.79041248606466,0.7767379679144385,0.770345596432553
NQ,vwap_on_j+0,5,1.0,748,897,tested,0.68048128342246,0.6633221850613155,0.6483957219251337,0.6465997770345596
NQ,vwap_on_j+0,5,1.5,748,897,tested,0.570855614973262,0.5406911928651059,0.5347593582887701,0.5373467112597548
NQ,vwap_on_j+0,5,2.0,748,897,tested,0.46657754010695185,0.4336677814938685,0.42379679144385024,0.46265328874024525
NQ,vwap_on_j+0,10,0.5,748,897,tested,0.839572192513369,0.8361204013377926,0.8275401069518716,0.8138238573021181
NQ,vwap_on_j+0,10,1.0,748,897,tested,0.7513368983957219,0.7469342251950948,0.7179144385026738,0.7112597547380156
NQ,vwap_on_j+0,10,1.5,748,897,tested,0.6510695187165776,0.6298773690078038,0.6390374331550802,0.6131549609810479
NQ,vwap_on_j+0,10,2.0,748,897,tested,0.5588235294117647,0.5362318840579711,0.5334224598930482,0.5562987736900781
NQ,vwap_on_j+0,15,0.5,748,897,tested,0.8622994652406417,0.8639910813823858,0.8462566844919787,0.835005574136009
NQ,vwap_on_j+0,15,1.0,748,897,tested,0.7807486631016043,0.7837235228539576,0.7513368983957219,0.7357859531772575
NQ,vwap_on_j+0,15,1.5,748,897,tested,0.6885026737967914,0.6845039018952063,0.6831550802139037,0.6521739130434783
NQ,vwap_on_j+0,15,2.0,748,897,tested,0.6163101604278075,0.6031215161649944,0.5962566844919787,0.600891861761427
NQ,vwap_on_j+1,1,0.5,711,873,tested,0.60056258790436,0.6357388316151202,0.620253164556962,0.5876288659793815
NQ,vwap_on_j+1,1,1.0,711,873,tested,0.39381153305203936,0.4581901489117984,0.43037974683544306,0.3917525773195876
NQ,vwap_on_j+1,1,1.5,711,873,tested,0.25738396624472576,0.30698739977090495,0.29254571026722925,0.2520045819014891
NQ,vwap_on_j+1,1,2.0,711,873,tested,0.1490857946554149,0.20847651775486828,0.18706047819971872,0.17869415807560138
NQ,vwap_on_j+1,3,0.5,711,873,tested,0.7243319268635724,0.7514318442153494,0.7271448663853727,0.7010309278350515
NQ,vwap_on_j+1,3,1.0,711,873,tested,0.5766526019690577,0.6013745704467354,0.5808720112517581,0.5555555555555556
NQ,vwap_on_j+1,3,1.5,711,873,tested,0.43037974683544306,0.4627720504009164,0.45147679324894513,0.4352806414662085
NQ,vwap_on_j+1,3,2.0,711,873,tested,0.3178621659634318,0.35738831615120276,0.3263009845288326,0.3413516609392898
NQ,vwap_on_j+1,5,0.5,711,873,tested,0.7721518987341772,0.8052691867124857,0.7791842475386779,0.7502863688430699
NQ,vwap_on_j+1,5,1.0,711,873,tested,0.639943741209564,0.6838487972508591,0.6540084388185654,0.6288659793814433
NQ,vwap_on_j+1,5,1.5,711,873,tested,0.5175808720112518,0.5555555555555556,0.5372714486638537,0.5234822451317297
NQ,vwap_on_j+1,5,2.0,711,873,tested,0.41350210970464135,0.46048109965635736,0.4219409282700422,0.43757159221076747
NQ,vwap_on_j+1,10,0.5,711,873,tested,0.8382559774964838,0.8487972508591065,0.8115330520393812,0.7961053837342497
NQ,vwap_on_j+1,10,1.0,711,873,tested,0.7257383966244726,0.7605956471935853,0.720112517580872,0.6918671248568156
NQ,vwap_on_j+1,10,1.5,711,873,tested,0.6343178621659634,0.6517754868270332,0.6371308016877637,0.6105383734249714
NQ,vwap_on_j+1,10,2.0,711,873,tested,0.5316455696202531,0.5544100801832761,0.540084388185654,0.5509736540664376
NQ,vwap_on_j+1,15,0.5,711,873,tested,0.8607594936708861,0.8717067583046965,0.8312236286919831,0.8144329896907216
NQ,vwap_on_j+1,15,1.0,711,873,tested,0.759493670886076,0.7903780068728522,0.749648382559775,0.720504009163803
NQ,vwap_on_j+1,15,1.5,711,873,tested,0.6877637130801688,0.695303550973654,0.6765119549929677,0.6540664375715922
NQ,vwap_on_j+1,15,2.0,711,873,tested,0.5921237693389592,0.6174112256586484,0.5808720112517581,0.5910652920962199
NQ,vwap_on_j+2,1,0.5,503,829,tested,0.5964214711729622,0.6151990349819059,0.5149105367793241,0.5597104945717732
NQ,vwap_on_j+2,1,1.0,503,829,tested,0.40357852882703776,0.4028950542822678,0.3379721669980119,0.38600723763570566
NQ,vwap_on_j+2,1,1.5,503,829,tested,0.2664015904572565,0.2822677925211098,0.20079522862823063,0.27261761158021713
NQ,vwap_on_j+2,1,2.0,503,829,tested,0.14512922465208747,0.18938480096501809,0.12127236580516898,0.18094089264173704
NQ,vwap_on_j+2,3,0.5,503,829,tested,0.7276341948310139,0.7394451145958987,0.6322067594433399,0.6755126658624849
NQ,vwap_on_j+2,3,1.0,503,829,tested,0.5685884691848907,0.5741857659831122,0.49304174950298213,0.525934861278649
NQ,vwap_on_j+2,3,1.5,503,829,tested,0.43141153081510936,0.4390832328106152,0.3359840954274354,0.41737032569360677
NQ,vwap_on_j+2,3,2.0,503,829,tested,0.30019880715705766,0.3293124246079614,0.23260437375745527,0.3208685162846803
NQ,vwap_on_j+2,5,0.5,503,829,tested,0.7872763419483101,0.7864897466827503,0.6938369781312127,0.7370325693606755
NQ,vwap_on_j+2,5,1.0,503,829,tested,0.658051689860835,0.6501809408926418,0.5487077534791253,0.6043425814234017
NQ,vwap_on_j+2,5,1.5,503,829,tested,0.5347912524850894,0.5355850422195416,0.41749502982107356,0.5090470446320868
NQ,vwap_on_j+2,5,2.0,503,829,tested,0.39165009940357853,0.4221954161640531,0.33399602385685884,0.4089264173703257
NQ,vwap_on_j+2,10,0.5,503,829,tested,0.8628230616302187,0.8443908323281062,0.7614314115308151,0.7876960193003619
NQ,vwap_on_j+2,10,1.0,503,829,tested,0.7514910536779325,0.7394451145958987,0.6660039761431411,0.6936067551266586
NQ,vwap_on_j+2,10,1.5,503,829,tested,0.6361829025844931,0.6212303980699638,0.5506958250497018,0.6019300361881785
NQ,vwap_on_j+2,10,2.0,503,829,tested,0.5268389662027833,0.5295536791314838,0.4711729622266402,0.5283474065138721
NQ,vwap_on_j+2,15,0.5,503,829,tested,0.8767395626242545,0.864897466827503,0.7952286282306164,0.8214716525934861
NQ,vwap_on_j+2,15,1.0,503,829,tested,0.7912524850894632,0.7756332931242461,0.709741550695825,0.7334137515078407
NQ,vwap_on_j+2,15,1.5,503,829,tested,0.6918489065606361,0.6875753920386007,0.6043737574552683,0.6537997587454765
NQ,vwap_on_j+2,15,2.0,503,829,tested,0.5984095427435387,0.5983112183353438,0.5248508946322068,0.5729794933655006
NQ,vwap_on_j+3,1,0.5,304,789,tested,0.5328947368421053,0.6096324461343473,0.5888157894736842,0.5868187579214195
NQ,vwap_on_j+3,1,1.0,304,789,tested,0.29605263157894735,0.40430925221799746,0.34539473684210525,0.3726235741444867
NQ,vwap_on_j+3,1,1.5,304,789,tested,0.15460526315789475,0.26489226869455007,0.17105263157894737,0.22813688212927757
NQ,vwap_on_j+3,1,2.0,304,789,tested,0.07894736842105263,0.16983523447401774,0.09210526315789473,0.1520912547528517
NQ,vwap_on_j+3,3,0.5,304,789,tested,0.694078947368421,0.7300380228136882,0.7138157894736842,0.70595690747782
NQ,vwap_on_j+3,3,1.0,304,789,tested,0.4934210526315789,0.5652724968314322,0.47039473684210525,0.5335868187579215
NQ,vwap_on_j+3,3,1.5,304,789,tested,0.3519736842105263,0.43979721166032953,0.3157894736842105,0.4131812420785805
NQ,vwap_on_j+3,3,2.0,304,789,tested,0.21710526315789475,0.31685678073510776,0.20065789473684212,0.3041825095057034
NQ,vwap_on_j+3,5,0.5,304,789,tested,0.743421052631579,0.7807351077313055,0.75,0.7490494296577946
NQ,vwap_on_j+3,5,1.0,304,789,tested,0.5592105263157895,0.6337135614702155,0.5526315789473685,0.6159695817490495
NQ,vwap_on_j+3,5,1.5,304,789,tested,0.4276315789473684,0.5285171102661597,0.3848684210526316,0.5019011406844106
NQ,vwap_on_j+3,5,2.0,304,789,tested,0.29276315789473684,0.4131812420785805,0.26644736842105265,0.40430925221799746
NQ,vwap_on_j+3,10,0.5,304,789,tested,0.8256578947368421,0.8365019011406845,0.8092105263157895,0.7997465145754119
NQ,vwap_on_j+3,10,1.0,304,789,tested,0.6776315789473685,0.7186311787072244,0.6546052631578947,0.6983523447401775
NQ,vwap_on_j+3,10,1.5,304,789,tested,0.5394736842105263,0.6273764258555133,0.5,0.5982256020278834
NQ,vwap_on_j+3,10,2.0,304,789,tested,0.4276315789473684,0.5196451204055766,0.40460526315789475,0.5247148288973384
NQ,vwap_on_j+3,15,0.5,304,789,tested,0.868421052631579,0.8555133079847909,0.8223684210526315,0.8212927756653993
NQ,vwap_on_j+3,15,1.0,304,789,tested,0.743421052631579,0.761723700887199,0.7039473684210527,0.7389100126742713
NQ,vwap_on_j+3,15,1.5,304,789,tested,0.625,0.6844106463878327,0.5625,0.6476552598225602
NQ,vwap_on_j+3,15,2.0,304,789,tested,0.506578947368421,0.5906210392902408,0.4967105263157895,0.5741444866920152
NQ,vwap_on_j-1,1,0.5,663,842,tested,0.6530920060331825,0.6187648456057007,0.6289592760180995,0.6603325415676959
NQ,vwap_on_j-1,1,1.0,663,842,tested,0.48717948717948717,0.48812351543942994,0.45701357466063347,0.5213776722090261
NQ,vwap_on_j-1,1,1.5,663,842,tested,0.3288084464555053,0.35629453681710216,0.33634992458521873,0.3812351543942993
NQ,vwap_on_j-1,1,2.0,663,842,tested,0.2277526395173454,0.23871733966745842,0.24434389140271492,0.2814726840855107
NQ,vwap_on_j-1,3,0.5,663,842,tested,0.7677224736048266,0.7494061757719715,0.7450980392156863,0.7612826603325415
NQ,vwap_on_j-1,3,1.0,663,842,tested,0.6561085972850679,0.6484560570071259,0.6214177978883861,0.661520190023753
NQ,vwap_on_j-1,3,1.5,663,842,tested,0.5324283559577677,0.5320665083135392,0.5082956259426847,0.5522565320665083
NQ,vwap_on_j-1,3,2.0,663,842,tested,0.4057315233785822,0.4251781472684085,0.4132730015082956,0.4489311163895487
NQ,vwap_on_j-1,5,0.5,663,842,tested,0.803921568627451,0.7980997624703088,0.7888386123680241,0.8004750593824228
NQ,vwap_on_j-1,5,1.0,663,842,tested,0.7058823529411765,0.7066508313539193,0.6862745098039216,0.7149643705463183
NQ,vwap_on_j-1,5,1.5,663,842,tested,0.5972850678733032,0.6068883610451307,0.5776772247360482,0.6152019002375297
NQ,vwap_on_j-1,5,2.0,663,842,tested,0.48265460030165913,0.5213776722090261,0.49924585218702866,0.517814726840855
NQ,vwap_on_j-1,10,0.5,663,842,tested,0.8401206636500754,0.8432304038004751,0.8371040723981901,0.8527315914489311
NQ,vwap_on_j-1,10,1.0,663,842,tested,0.7616892911010558,0.7719714964370546,0.7541478129713424,0.7695961995249406
NQ,vwap_on_j-1,10,1.5,663,842,tested,0.6847662141779789,0.7019002375296912,0.6681749622926093,0.6757719714964371
NQ,vwap_on_j-1,10,2.0,663,842,tested,0.5912518853695324,0.6235154394299287,0.5912518853695324,0.6009501187648456
NQ,vwap_on_j-1,15,0.5,663,842,tested,0.8642533936651584,0.8705463182897862,0.8567119155354449,0.8669833729216152
NQ,vwap_on_j-1,15,1.0,663,842,tested,0.7978883861236803,0.8147268408551069,0.7858220211161387,0.8040380047505938
NQ,vwap_on_j-1,15,1.5,663,842,tested,0.7315233785822021,0.7387173396674585,0.7149321266968326,0.7268408551068883
NQ,vwap_on_j-1,15,2.0,663,842,tested,0.6455505279034691,0.671021377672209,0.6515837104072398,0.6579572446555819
NQ,vwap_on_j-2,1,0.5,482,832,tested,0.6410788381742739,0.6358173076923077,0.6286307053941909,0.6454326923076923
NQ,vwap_on_j-2,1,1.0,482,832,tested,0.48132780082987553,0.4951923076923077,0.46887966804979253,0.47836538461538464
NQ,vwap_on_j-2,1,1.5,482,832,tested,0.33402489626556015,0.3485576923076923,0.3381742738589212,0.3449519230769231
NQ,vwap_on_j-2,1,2.0,482,832,tested,0.22821576763485477,0.2512019230769231,0.24066390041493776,0.25600961538461536
NQ,vwap_on_j-2,3,0.5,482,832,tested,0.7302904564315352,0.765625,0.7510373443983402,0.7487980769230769
NQ,vwap_on_j-2,3,1.0,482,832,tested,0.6120331950207469,0.6598557692307693,0.6078838174273858,0.6262019230769231
NQ,vwap_on_j-2,3,1.5,482,832,tested,0.4896265560165975,0.5372596153846154,0.48132780082987553,0.5048076923076923
NQ,vwap_on_j-2,3,2.0,482,832,tested,0.38381742738589214,0.44591346153846156,0.3755186721991701,0.40625
NQ,vwap_on_j-2,5,0.5,482,832,tested,0.7800829875518672,0.8137019230769231,0.8049792531120332,0.7920673076923077
NQ,vwap_on_j-2,5,1.0,482,832,tested,0.6825726141078838,0.7211538461538461,0.6846473029045643,0.6730769230769231
NQ,vwap_on_j-2,5,1.5,482,832,tested,0.5809128630705395,0.6081730769230769,0.5601659751037344,0.5769230769230769
NQ,vwap_on_j-2,5,2.0,482,832,tested,0.48132780082987553,0.5360576923076923,0.46473029045643155,0.4807692307692308
NQ,vwap_on_j-2,10,0.5,482,832,tested,0.8360995850622407,0.859375,0.8506224066390041,0.8377403846153846
NQ,vwap_on_j-2,10,1.0,482,832,tested,0.7676348547717843,0.7800480769230769,0.7717842323651453,0.7463942307692307
NQ,vwap_on_j-2,10,1.5,482,832,tested,0.6825726141078838,0.6983173076923077,0.6721991701244814,0.6730769230769231
NQ,vwap_on_j-2,10,2.0,482,832,tested,0.5892116182572614,0.640625,0.5850622406639004,0.5769230769230769
NQ,vwap_on_j-2,15,0.5,482,832,tested,0.8630705394190872,0.8798076923076923,0.8755186721991701,0.8665865384615384
NQ,vwap_on_j-2,15,1.0,482,832,tested,0.8008298755186722,0.8149038461538461,0.8029045643153527,0.7932692307692307
NQ,vwap_on_j-2,15,1.5,482,832,tested,0.7261410788381742,0.7463942307692307,0.7157676348547718,0.7163461538461539
NQ,vwap_on_j-2,15,2.0,482,832,tested,0.6410788381742739,0.6935096153846154,0.6327800829875518,0.6394230769230769
NQ,vwap_on_j-3,1,0.5,298,810,tested,0.6308724832214765,0.6518518518518519,0.5939597315436241,0.6296296296296297
NQ,vwap_on_j-3,1,1.0,298,810,tested,0.41946308724832215,0.49753086419753084,0.412751677852349,0.4703703703703704
NQ,vwap_on_j-3,1,1.5,298,810,tested,0.3221476510067114,0.3345679012345679,0.2684563758389262,0.3345679012345679
NQ,vwap_on_j-3,1,2.0,298,810,tested,0.19463087248322147,0.22592592592592592,0.1912751677852349,0.24691358024691357
NQ,vwap_on_j-3,3,0.5,298,810,tested,0.7718120805369127,0.762962962962963,0.7248322147651006,0.7382716049382716
NQ,vwap_on_j-3,3,1.0,298,810,tested,0.5939597315436241,0.6370370370370371,0.5939597315436241,0.6320987654320988
NQ,vwap_on_j-3,3,1.5,298,810,tested,0.4597315436241611,0.5160493827160494,0.4597315436241611,0.5123456790123457
NQ,vwap_on_j-3,3,2.0,298,810,tested,0.3389261744966443,0.4074074074074074,0.33221476510067116,0.41358024691358025
NQ,vwap_on_j-3,5,0.5,298,810,tested,0.8187919463087249,0.8111111111111111,0.761744966442953,0.7888888888888889
NQ,vwap_on_j-3,5,1.0,298,810,tested,0.6677852348993288,0.7024691358024692,0.6610738255033557,0.6950617283950618
NQ,vwap_on_j-3,5,1.5,298,810,tested,0.5604026845637584,0.6049382716049383,0.5536912751677853,0.5864197530864198
NQ,vwap_on_j-3,5,2.0,298,810,tested,0.4429530201342282,0.5049382716049383,0.45302013422818793,0.49135802469135803
NQ,vwap_on_j-3,10,0.5,298,810,tested,0.8657718120805369,0.8567901234567902,0.8053691275167785,0.8333333333333334
NQ,vwap_on_j-3,10,1.0,298,810,tested,0.7483221476510067,0.7679012345679013,0.7248322147651006,0.7679012345679013
NQ,vwap_on_j-3,10,1.5,298,810,tested,0.6510067114093959,0.6938271604938272,0.6241610738255033,0.6728395061728395
NQ,vwap_on_j-3,10,2.0,298,810,tested,0.5536912751677853,0.6049382716049383,0.5570469798657718,0.5876543209876544
NQ,vwap_on_j-3,15,0.5,298,810,tested,0.889261744966443,0.8839506172839506,0.8523489932885906,0.8604938271604938
NQ,vwap_on_j-3,15,1.0,298,810,tested,0.7986577181208053,0.808641975308642,0.7885906040268457,0.8049382716049382
NQ,vwap_on_j-3,15,1.5,298,810,tested,0.7315436241610739,0.7444444444444445,0.7013422818791947,0.7320987654320987
NQ,vwap_on_j-3,15,2.0,298,810,tested,0.6174496644295302,0.662962962962963,0.62751677852349,0.6469135802469136
