instrument,feature,window,horizon,target,n_valid,pearson_r,pearson_ci_lo,pearson_ci_hi,spearman_rho,spearman_ci_lo,spearman_ci_hi,p_raw_approx,significant_bonf,quintile_monotonicity_spearman,cov100_acc,cov50_acc,cov30_acc,cov15_acc,bull_bear_diff,bull_bear_diff_ci_lo,bull_bear_diff_ci_hi,spearman_drop_top_outlier
ES,norm_ret,1,5,R,1220,0.007686862532686469,-0.15434764354372407,0.16913932791129607,0.01235377561374421,-0.04632262402860129,0.07024575808382014,0.6754979663319518,False,0.49999999999999994,0.49736842105263157,0.5041876046901173,0.5082872928176796,0.5111111111111111,0.15190864600326262,-0.5088473602254189,0.73644981833012,0.00992053316354738
ES,norm_ret,1,5,Q,1220,-0.023411096245145632,-0.07698027324441713,0.030272351794355216,-0.03875676619084286,-0.09369944927980253,0.014814910185776367,0.18888477902234824,False,-0.49999999999999994,0.4899211218229623,0.4724540901502504,0.46368715083798884,0.441340782122905,-0.0321775371560169,-0.10671559652316565,0.026342666191401704,-0.040496611643683886
ES,norm_ret,1,10,R,1220,-0.01605417028777355,-0.14707145947700018,0.11463726428769101,0.013159461015865582,-0.04539599476012983,0.07126413010939511,0.6556560894674326,False,-0.09999999999999999,0.503056768558952,0.49417637271214643,0.48760330578512395,0.4722222222222222,0.20680038558505115,-0.8309183968559988,1.0528912576004739,0.010803109328307399
ES,norm_ret,1,10,Q,1220,-0.003247140915163058,-0.06458610009565285,0.05418822262037867,-0.010846291048285472,-0.06207120887453221,0.0421851193364342,0.7132250770915074,False,0.09999999999999999,0.4973958333333333,0.5074135090609555,0.5027472527472527,0.4972375690607735,-0.0065359204158600415,-0.08239687000604289,0.058259366026013705,-0.01252484252912002
ES,norm_ret,1,15,R,1220,0.014744071070449076,-0.130590918540226,0.1609832789453649,0.00767375427321897,-0.054324935692534805,0.06514447527265642,0.7948474154045495,False,0.3,0.48863636363636365,0.49498327759197325,0.5140449438202247,0.5337078651685393,-0.000401156755153495,-1.013250593207771,1.0229989062731715,0.005237230966548511
ES,norm_ret,1,15,Q,1220,-0.001817576565327321,-0.06329129435478424,0.05694082263667348,-0.011516055044343582,-0.06871895704974561,0.04265662334205918,0.6963700445705379,False,-0.09999999999999999,0.5004359197907585,0.5041459369817579,0.49444444444444446,0.48066298342541436,-0.01873703728768817,-0.0946199438861773,0.04832041163391393,-0.01319033832512735
ES,norm_ret,1,30,R,1220,0.0764210754529706,-0.04406074383981061,0.19107252968605587,0.04299157921497888,-0.019002948694427285,0.09533939654403012,0.14494603935682537,False,0.8999999999999998,0.5082536924413553,0.5132013201320133,0.5302197802197802,0.5414364640883977,0.9334450541302092,-0.5683496032923031,2.1799019168026104,0.040642149242746846
ES,norm_ret,1,30,Q,1220,0.02094350450720096,-0.036415521877009104,0.08163873112413887,0.011479114579703246,-0.04369503587941585,0.06830299588011507,0.697295875976683,False,0.3,0.5177797051170858,0.5306799336650083,0.5467032967032966,0.532967032967033,0.005194783848986013,-0.07328109937046472,0.07322745943534661,0.009813438252426511
ES,norm_ret,5,5,R,1220,0.007718470584293671,-0.11784330827948197,0.12535428237683396,0.016732907958147643,-0.04146204529440663,0.07590996034455674,0.5706953257808252,False,-0.19999999999999998,0.506896551724138,0.5033333333333333,0.48476454293628807,0.5055555555555555,0.22661273520690214,-0.48029358230850244,0.8493013716418887,0.014355255506914492
ES,norm_ret,5,5,Q,1220,-0.024030988285904553,-0.07835206158360881,0.025633857895396708,-0.0157460676868334,-0.06922156562539335,0.03947040736154494,0.5936314475733551,False,-0.19999999999999998,0.49612403100775193,0.4983277591973244,0.49303621169916434,0.46111111111111114,0.0034326739218863422,-0.0688760933703029,0.07120845437534315,-0.016127528219763307
ES,norm_ret,5,10,R,1220,0.06187830372352468,-0.06934546392685707,0.19520872804791806,0.01716235412496333,-0.0414879818596114,0.07881668317983254,0.5608474544370599,False,0.3,0.4845360824742268,0.51,0.5165745856353591,0.5300546448087432,0.08865298830137308,-0.7788582244286966,1.0646107973274959,0.014750978835482976
ES,norm_ret,5,10,Q,1220,0.0027859421802096337,-0.05025532049129106,0.05755073702273481,-0.005955168002360124,-0.06458311628426533,0.04850257056718278,0.8400838535116135,False,-0.19999999999999998,0.4995730145175064,0.5074380165289256,0.5068870523415978,0.4945054945054945,-0.008166611448393528,-0.0755954836189192,0.05824540382832853,-0.007023495020096188
ES,norm_ret,5,15,R,1220,0.10215158528452914,-0.03190040991706115,0.2397751830772436,0.019674991616997692,-0.039946852094736814,0.08066604754788853,0.504931897280597,False,0.8999999999999998,0.488412017167382,0.5141903171953256,0.5083333333333333,0.5082872928176796,0.2797674259310526,-0.6929280066384499,1.3520715188807664,0.017270450541171205
ES,norm_ret,5,15,Q,1220,0.015454458775622524,-0.04367671930888974,0.07389682772603276,-0.0023857942936296654,-0.05916213631026039,0.05839491242468245,0.9355692158276263,False,-0.3,0.488013698630137,0.5099337748344371,0.5263157894736842,0.5082872928176796,-0.016573066722750697,-0.07814946271193525,0.05060223079464583,-0.0037874257383748357
ES,norm_ret,5,30,R,1220,0.10667001481835872,-0.02105435647829304,0.2282262407729752,0.014970172675596295,-0.04354317423322338,0.07357715066124187,0.6119551967081192,False,0.8999999999999998,0.4910333048676345,0.49834437086092714,0.49175824175824173,0.489010989010989,0.2629422660345964,-0.9794049654235507,1.5653391431661925,0.012543859961750076
ES,norm_ret,5,30,Q,1220,0.029258487730949616,-0.029032447838099915,0.08763594769335571,0.011124622186956144,-0.04394982107850875,0.07270621648770889,0.7062031539140152,False,0.09999999999999999,0.5093856655290102,0.5346534653465347,0.5274725274725275,0.5138121546961326,-0.0006143909005431104,-0.06203316570860784,0.0663502972413705,0.009629669192368644
ES,norm_ret,10,5,R,1220,-0.040300191156752506,-0.1501527432425209,0.07396688368497273,-0.01540492194645685,-0.07332755474547159,0.041979947826964265,0.601657180225112,False,-0.19999999999999998,0.48456260720411665,0.4900332225913621,0.5,0.5055555555555555,-0.2587491327719148,-0.8977809008173095,0.452566536840977,-0.015087363660938614
ES,norm_ret,10,5,Q,1220,-0.05925621049653542,-0.11002924903856763,-0.008557662003265522,-0.066174840196314,-0.12234924891996495,-0.013156536751183405,0.02473361688095066,False,-0.6,0.47986289631533846,0.4908485856905158,0.5,0.4972067039106145,-0.08631960960821039,-0.15189976312523007,-0.024375877484901207,-0.06518404729087511
ES,norm_ret,10,10,R,1220,0.010646479222312936,-0.1075837153636465,0.14479130610862134,-0.001109885817608799,-0.05496656957218099,0.054117326915078555,0.9700008784699321,False,0.09999999999999999,0.4777777777777778,0.49916805324459235,0.5305555555555556,0.5469613259668509,-0.4217330178409264,-1.2696238028022042,0.49633245364912626,-0.002775977163289537
ES,norm_ret,10,10,Q,1220,-0.018245611821576246,-0.0722376843956663,0.034261525247506086,-0.042645879705141554,-0.0981324790730807,0.011206248770504593,0.14821023586067916,False,-0.6,0.4855687606112054,0.4884488448844885,0.521978021978022,0.5138121546961326,-0.07709274348161806,-0.1390020821129952,-0.015720286474736604,-0.04250805912424355
ES,norm_ret,10,15,R,1220,0.046440476537215,-0.08375551988679,0.18743657292861143,0.006866418574299152,-0.04589832020879712,0.06875931023278536,0.8160222152603236,False,0.19999999999999998,0.4850555081127242,0.5033333333333333,0.5431754874651811,0.5337078651685393,-0.36243999909751873,-1.3739940330477356,0.6881095626350182,0.005177121911170202
ES,norm_ret,10,15,Q,1220,-0.0071627479564576125,-0.06166847616768415,0.05324962096702955,-0.034574390939943266,-0.09180707666904242,0.02575798033384553,0.241205265494163,False,-0.19999999999999998,0.4851063829787234,0.49585406301824214,0.5401662049861495,0.5388888888888889,-0.07403306527477126,-0.1437017527822096,-0.01704489501227594,-0.03463789082548822
ES,norm_ret,10,30,R,1220,0.04859202997305743,-0.06074858955071697,0.16565866686878708,6.924416541116178e-06,-0.061822146329509685,0.05281075593762413,0.9998127957952314,False,0.19999999999999998,0.4762308998302207,0.48509933774834435,0.5234159779614325,0.5245901639344263,-0.2697234458990687,-1.6094233497284096,1.1018301509117876,0.0021425565031300943
ES,norm_ret,10,30,Q,1220,0.004892848240083806,-0.0482552550565653,0.06398279553944201,-0.017422247975539224,-0.06960168898079917,0.0435210341267231,0.5549278451753077,False,-0.19999999999999998,0.5008474576271187,0.5148514851485149,0.559228650137741,0.5604395604395604,-0.055875935910601505,-0.1312576373689319,0.006365063981997113,-0.016679589261826187
ES,norm_ret,15,5,R,1220,-0.05488165917123631,-0.17023757091388617,0.05622191161617827,-0.0022929057113172412,-0.06291796239839076,0.05132433855982128,0.9380726292997321,False,-0.3,0.4940068493150685,0.49585406301824214,0.5096952908587258,0.5027932960893855,-0.08250178939834112,-0.7184764325712601,0.6097826933602786,-0.003351763261156435
ES,norm_ret,15,5,Q,1220,-0.06347268210553092,-0.1182747358473475,-0.01375915686174928,-0.06156902347357049,-0.12059127655739542,-0.007823758023301113,0.03672251097925683,False,-0.8999999999999998,0.4884910485933504,0.48258706467661694,0.5069252077562327,0.4888888888888889,-0.07640791997210772,-0.13806751069888015,-0.006674059331349635,-0.061535899250841235
ES,norm_ret,15,10,R,1220,0.005657423618143994,-0.12506430890369263,0.15171557037543887,0.02112739068851953,-0.03539489231007864,0.0858606668362097,0.47400170368308947,False,0.09999999999999999,0.4940374787052811,0.5050335570469798,0.5266106442577031,0.5355191256830601,0.1271062271062271,-0.6911181634457497,1.1114376236790025,0.019899034268763487
ES,norm_ret,15,10,Q,1220,-0.020355959998750967,-0.07836783766863085,0.035187221370639836,-0.0297698687488058,-0.08753432376122501,0.029415715387206026,0.3129674401091356,False,-0.49999999999999994,0.49746192893401014,0.5066225165562914,0.5193370165745856,0.5138121546961326,-0.042890468383726066,-0.10229977827186974,0.028546646100080626,-0.030021754956829568
ES,norm_ret,15,15,R,1220,0.04423986690339309,-0.09698688123709848,0.19222608713545883,0.016864586457976245,-0.039134837938743484,0.08025822824205393,0.5676670060365565,False,0.09999999999999999,0.4931972789115646,0.4974958263772955,0.5111731843575419,0.55,0.31929602964085724,-0.659981579722959,1.5028248284282761,0.014754924919149686
ES,norm_ret,15,15,Q,1220,-0.006249876824260741,-0.060704994239546874,0.052433294482061056,-0.021653224111666605,-0.07950356017348768,0.03819439130065944,0.46306537917283963,False,-0.09999999999999999,0.5038232795242141,0.5166666666666667,0.5318559556786704,0.5604395604395604,-0.03941419037090954,-0.10444286229602406,0.03040216009307258,-0.022784802583608852
ES,norm_ret,15,30,R,1220,0.04669583163179724,-0.0798720731786985,0.18042352698305322,0.011382125036512057,-0.04700464721114053,0.06687806541913131,0.699728844633426,False,0.09999999999999999,0.48646362098138746,0.46942148760330576,0.48066298342541436,0.5027322404371585,0.28769314976211524,-1.0257942297166436,1.7693892888720455,0.009023974310488344
ES,norm_ret,15,30,Q,1220,0.004535139165139562,-0.051130884127440344,0.06591906783456077,-0.00886905769066138,-0.06450535451353664,0.04796916988477884,0.7637764037468677,False,-0.09999999999999999,0.5063398140321217,0.5206611570247934,0.5344352617079889,0.580110497237569,-0.023643698459235776,-0.08759679042365588,0.05031576840467594,-0.010476432183605531
ES,norm_ret,30,5,R,1220,-0.049890984443480425,-0.1663558042360652,0.07806532166273095,-0.0015176622440194532,-0.0591970762013955,0.057011772923889814,0.9589874754506662,False,-0.3,0.4902459711620017,0.4858569051580699,0.5069252077562327,0.5193370165745856,0.023878605762597746,-0.6116200131896271,0.685982485803215,0.000922277644765149
ES,norm_ret,30,5,Q,1220,-0.060099645835353176,-0.11413452054762684,-0.011124835369783214,-0.06120264825455487,-0.1163785642353733,-0.0044639892537229,0.03785931830020228,False,-0.9999999999999999,0.48433530906011857,0.47753743760399336,0.5,0.4888888888888889,-0.06233765573286801,-0.1295862378762771,0.008541933142711122,-0.05916582935221205
ES,norm_ret,30,10,R,1220,-0.0030589783565560646,-0.1257251426586832,0.1362018048780057,0.02984297815947953,-0.030375475366827852,0.09047230322682254,0.3117798459032768,False,0.3,0.5012679628064244,0.5150501672240803,0.5406162464985994,0.5611111111111111,0.5253596794755053,-0.29975433284769015,1.4596124753729238,0.032334007720287376
ES,norm_ret,30,10,Q,1220,-0.0166642277358098,-0.07116015931416436,0.04026041613574306,-0.02796338653953102,-0.08272090814860397,0.02722873433629901,0.3432549991061833,False,-0.8999999999999998,0.48573825503355705,0.4859504132231405,0.5192307692307693,0.532967032967033,-0.03334295605982092,-0.10093912193317148,0.03150360197824771,-0.025799058998070293
ES,norm_ret,30,15,R,1220,0.019852282912041854,-0.10388592142234122,0.1561476079126377,0.019207698857013376,-0.03931160585226221,0.07993572176932769,0.5151044229140709,False,0.3,0.5063291139240507,0.5008319467554077,0.5166666666666667,0.5666666666666667,0.7297982097426643,-0.32021472464583917,1.734662195162331,0.021626094200109497
ES,norm_ret,30,15,Q,1220,-0.004689012589801551,-0.06111529770050296,0.05367945152156038,-0.018170707585250218,-0.07332439280227779,0.040234148496313196,0.538052437720455,False,-0.8999999999999998,0.5,0.5066445182724253,0.5444444444444444,0.574585635359116,-0.019627922170936275,-0.08583426213855591,0.044732954215624135,-0.015985121470410063
ES,norm_ret,30,30,R,1220,-0.005496643963152426,-0.11361110937616128,0.11259226944386681,-0.005754889350541857,-0.07182574006503951,0.05021011723238579,0.8453931172335671,False,-0.3,0.4844928751047779,0.4685430463576159,0.489010989010989,0.4835164835164835,0.58880026820748,-0.7558074542088155,1.7822972198307945,-0.003337203464825267
ES,norm_ret,30,30,Q,1220,-0.002949001697180893,-0.061959451546609194,0.05319192996006894,-0.012353603522973116,-0.06911527069465731,0.046439121800140655,0.6755022292242656,False,-0.3,0.5129924559932942,0.514003294892916,0.5452054794520548,0.5439560439560439,-0.001246035764081158,-0.0734340476453326,0.06840507579974546,-0.010058887093059085
ES,norm_ret,60,5,R,1220,-0.0424635789941532,-0.1333904672792648,0.0654117892946972,0.00593465974640151,-0.051395850921826955,0.06655081652923536,0.8406271853810363,False,0.3,0.5008474576271187,0.4899665551839465,0.5,0.48333333333333334,-0.11287832929782082,-0.7284700019260401,0.5801214093110273,0.008395769034008998
ES,norm_ret,60,5,Q,1220,-0.06129051448298068,-0.1093999820393004,-0.009052136685031811,-0.04330734830784126,-0.09511981582899191,0.013438210905230575,0.14201276214572656,False,-0.3,0.49366018596787825,0.49,0.4735376044568245,0.4666666666666667,-0.03169938696484375,-0.09479155452024746,0.035160665177967836,-0.04121859918222143
ES,norm_ret,60,10,R,1220,-0.004164758571362932,-0.11107334021757971,0.11433877942863967,0.026918113031128222,-0.03214298040628151,0.0904256821435184,0.361606147534947,False,0.7999999999999999,0.49324324324324326,0.525,0.5580110497237569,0.5027624309392266,0.06686798371120406,-0.8887016082434515,1.047116408485581,0.02939891837666531
ES,norm_ret,60,10,Q,1220,-0.015776899321567263,-0.07244594865328567,0.03926844175087708,-0.00704721857699396,-0.06474650129766495,0.05046623954530123,0.8112679334434103,False,0.3,0.5067001675041876,0.5057851239669422,0.5261707988980716,0.4808743169398907,-0.007405185610519359,-0.08190953077818351,0.05780223384522962,-0.004824928296182159
ES,norm_ret,60,15,R,1220,0.017437452486007334,-0.09177813116731322,0.14547443186598658,0.0063225863943691405,-0.056717916199759404,0.067769891631677,0.8303628449355216,False,0.6,0.49494097807757165,0.51,0.5264623955431755,0.5303867403314917,-0.07010923398635263,-1.2226771612920977,1.0658737687101014,0.008709065321329772
ES,norm_ret,60,15,Q,1220,-0.010361087626118714,-0.069849431604407,0.04829272648765431,-0.005467239529042578,-0.06328644563680191,0.053561269301939864,0.8530307558672787,False,0.3,0.5079899074852817,0.5191986644407346,0.5502793296089385,0.521978021978022,-0.01707038476345693,-0.08918350511510124,0.05665426690282893,-0.0032541678839905727
ES,norm_ret,60,30,R,1220,-0.013194111592494182,-0.12359220365800881,0.11828067709488918,-0.011817281731683282,-0.07140156776711586,0.04735536735967813,0.6888374170499447,False,-0.19999999999999998,0.4886839899413244,0.48509933774834435,0.4697802197802198,0.45604395604395603,-0.5113457517059212,-1.921700487012987,0.6847646791767551,-0.009412383511281486
ES,norm_ret,60,30,Q,1220,-0.010698677092735169,-0.06415660417458517,0.04384507616431672,0.00031973312282957214,-0.05802844343285064,0.05804960928004395,0.9913560635222345,False,0.3,0.5142378559463987,0.528052805280528,0.5357142857142857,0.521978021978022,-0.0033825745563372893,-0.07198491326696421,0.06631435997525255,0.002633917590174429
ES,range_ratio,1,5,R,1220,0.06438728397457269,-0.13960264639622286,0.2526487549899954,0.05410740495374661,-0.0009995848060693905,0.10850779955024473,0.0664823108584538,False,0.8999999999999998,0.4849246231155779,0.5083333333333333,0.5125348189415042,0.5393258426966292,,,,0.05670436941913203
ES,range_ratio,1,5,Q,1220,0.03558143275460331,-0.023149448043869134,0.09631429880961431,0.07006137469092819,0.013919742086571433,0.12231281134749471,0.017414253477587405,False,0.8999999999999998,0.5,0.5258764607679466,0.532033426183844,0.5277777777777778,,,,0.07242681000102563
ES,range_ratio,1,10,R,1220,-0.05726025033940931,-0.22144007033720187,0.101989737936781,0.011517994194872722,-0.04465910650663933,0.07486278504881036,0.6963214564907709,False,0.3,0.5108514190317195,0.5033333333333333,0.5277777777777778,0.5027624309392266,,,,0.014009837274844226
ES,range_ratio,1,10,Q,1220,0.03094815511104539,-0.03137926337127714,0.09272260424045863,0.06319686836457275,0.00786126600997331,0.11804228633365299,0.032016155709152505,False,0.7999999999999999,0.4871582435791218,0.5115511551155115,0.5316804407713499,0.532967032967033,,,,0.06560110501673641
ES,range_ratio,1,15,R,1220,-0.08534833838853731,-0.26777123787504553,0.09522330766810294,0.0034587851486446463,-0.05244365579774205,0.05593847592098093,0.9067036920544698,False,0.0,0.5191666666666667,0.5133333333333333,0.5196629213483146,0.5056179775280899,,,,0.005930794453158996
ES,range_ratio,1,15,Q,1220,0.01875667960135063,-0.04284467994780913,0.07898532482088007,0.05393938644394533,0.0019946606834869963,0.1106414946812246,0.06733251747156865,False,0.49999999999999994,0.4796342477140482,0.5041459369817579,0.5124653739612188,0.5,,,,0.056405157234087296
ES,range_ratio,1,30,R,1220,-0.001986686957112983,-0.14989301992670023,0.13803328474033066,0.00024137211899434777,-0.052238683029809586,0.05651790122597632,0.9934744865689182,False,0.09999999999999999,0.5103562551781275,0.509090909090909,0.511049723756906,0.4945054945054945,,,,0.002274324397041449
ES,range_ratio,1,30,Q,1220,0.007971931920098239,-0.05476548400938808,0.06698906997971357,0.031140599404586848,-0.0251422849388921,0.08898042303115676,0.2911950103827454,False,0.3,0.4867549668874172,0.4867986798679868,0.48484848484848486,0.4725274725274725,,,,0.03353496923102861
ES,range_ratio,5,5,R,1220,0.03769508934549673,-0.1272346454702553,0.19619142185878335,0.05024794912428624,-0.009660394496797299,0.10450659213014601,0.08837594327081799,False,0.7,0.4849246231155779,0.5324459234608985,0.5207756232686981,0.5111111111111111,,,,0.0528352009811295
ES,range_ratio,5,5,Q,1220,0.041998220824757286,-0.008533605245878971,0.10068388555499799,0.06939597620927151,0.014373683971104001,0.12460061766647891,0.018513422004423408,False,0.7,0.5,0.5416666666666666,0.55,0.55,,,,0.07176435252813378
ES,range_ratio,5,10,R,1220,-0.07215226207591992,-0.226675303347784,0.09358837684991095,0.001953459775144721,-0.05958985023221148,0.06339474457480385,0.9472259513873731,False,-0.3,0.5108514190317195,0.5217391304347826,0.5125348189415042,0.4918032786885246,,,,0.004421446230229066
ES,range_ratio,5,10,Q,1220,0.018460933550235068,-0.034744679932335036,0.07873410450873893,0.04548883215291285,-0.011396316122654244,0.09990108912548282,0.12297646611866231,False,0.6,0.4871582435791218,0.5157545605306799,0.521978021978022,0.5164835164835165,,,,0.04785967322393207
ES,range_ratio,5,15,R,1220,-0.0900651701785533,-0.2466033395172404,0.08159446592178139,0.0183684428831104,-0.04086544394400775,0.06969944437106906,0.5336374584438035,False,0.49999999999999994,0.5191666666666667,0.52,0.5487465181058496,0.5280898876404494,,,,0.02087698395829247
ES,range_ratio,5,15,Q,1220,0.006077991775073923,-0.04602252869095906,0.06684349381602327,0.0396119540867079,-0.01719381478385686,0.09315848801801738,0.17930209759424676,False,0.7999999999999999,0.4796342477140482,0.504950495049505,0.510989010989011,0.47513812154696133,,,,0.042042001787778276
ES,range_ratio,5,30,R,1220,-0.023874005055008685,-0.17242511251357354,0.1397966328828265,0.013745224988134271,-0.04408086653440069,0.07149452584351054,0.641380102644368,False,-0.3,0.5103562551781275,0.5149006622516556,0.5082417582417582,0.489010989010989,,,,0.015803067311667873
ES,range_ratio,5,30,Q,1220,-0.0034979610977239647,-0.0578662074218824,0.05883604074459902,0.026483822644718553,-0.028969212092477215,0.08060447170586174,0.36940793125872684,False,0.7999999999999999,0.4867549668874172,0.49504950495049505,0.4986225895316804,0.4725274725274725,,,,0.028868043862834335
ES,range_ratio,10,5,R,1220,0.042852665268932194,-0.10663158483365262,0.18407832940905547,0.0425697212830632,-0.022249516752531624,0.09967688783957328,0.14893682393540786,False,0.7,0.4849246231155779,0.5125208681135225,0.5348189415041783,0.5666666666666667,,,,0.04511241439046054
ES,range_ratio,10,5,Q,1220,0.04548735502070125,-0.005191002017404551,0.10548838356821166,0.05876437746479017,-0.002697568257404879,0.11577719645153406,0.046211285428493065,False,0.8999999999999998,0.5,0.5133779264214047,0.5431754874651811,0.5911602209944752,,,,0.05919990714485068
ES,range_ratio,10,10,R,1220,-0.07007379215429076,-0.21336198563064437,0.07942402617517441,0.002592146030846707,-0.0573686495158893,0.061738994728679934,0.930010200283653,False,-0.19999999999999998,0.5108514190317195,0.5091819699499165,0.5165745856353591,0.49171270718232046,,,,0.005058438608115532
ES,range_ratio,10,10,Q,1220,0.020780008595105672,-0.033078514268037644,0.08388006926134758,0.039389086147994204,-0.020079762227318956,0.09556358142646339,0.18176392893204074,False,0.6,0.4871582435791218,0.4909090909090909,0.5234159779614325,0.521978021978022,,,,0.04052349140271113
ES,range_ratio,10,15,R,1220,-0.11092214274454625,-0.2562586483934367,0.04510487263941572,-0.0008005412133347225,-0.05430433583472082,0.05288289034305286,0.9783597162793667,False,-0.19999999999999998,0.5191666666666667,0.5283333333333333,0.5333333333333333,0.5139664804469274,,,,0.0016603131751133766
ES,range_ratio,10,15,Q,1220,0.005031487477346888,-0.04684127496666009,0.0676861462247873,0.03584210761765345,-0.017966208345230703,0.09043020245940761,0.22437068519460102,False,0.49999999999999994,0.4796342477140482,0.48509933774834435,0.5151515151515151,0.4835164835164835,,,,0.03734626339724531
ES,range_ratio,10,30,R,1220,-0.06496732576551519,-0.20164303939936262,0.08362466293728624,-0.00804528738890398,-0.061913036842331744,0.04524478478175058,0.7851522971615799,False,-0.3,0.5103562551781275,0.509090909090909,0.5179063360881543,0.4644808743169399,,,,-0.005601945958292505
ES,range_ratio,10,30,Q,1220,-0.00698981856626195,-0.05857059269728616,0.05036585552669876,0.014280064687173006,-0.042704311425458295,0.06923478244015664,0.6284596617637819,False,0.3,0.4867549668874172,0.49093904448105435,0.5054945054945055,0.46703296703296704,,,,0.015859636227739476
ES,range_ratio,15,5,R,1220,0.024691959904160947,-0.11861728454765287,0.16159804824185287,0.04040929197188409,-0.018584507899398084,0.09593020317327272,0.17069715674568586,False,0.7,0.4849246231155779,0.5225375626043406,0.5152354570637119,0.55,,,,0.04297227156919343
ES,range_ratio,15,5,Q,1220,0.03775048937249715,-0.012704623352397195,0.10143864945278187,0.06967855502860802,0.010030318916810891,0.12683196615745745,0.018039436995331393,False,0.8999999999999998,0.5,0.5284280936454849,0.5305555555555556,0.55,,,,0.07204025461934599
ES,range_ratio,15,10,R,1220,-0.09747286524147052,-0.2507231117525675,0.06738100397047427,-0.01028408527238275,-0.07080928997483872,0.0493849374625923,0.727482455401449,False,-0.3,0.5108514190317195,0.5191986644407346,0.4903047091412742,0.46994535519125685,,,,-0.007846263973908855
ES,range_ratio,15,10,Q,1220,0.010835009716080254,-0.04124395573828407,0.07817401624247163,0.04127980522332197,-0.015023887614381556,0.09820739176464843,0.16165927633057686,False,0.7999999999999999,0.4871582435791218,0.5099009900990099,0.5013774104683195,0.5027624309392266,,,,0.043637146288626576
ES,range_ratio,15,15,R,1220,-0.1368684959735597,-0.2827267079305808,0.03376664111534511,-0.006237997931892051,-0.06622178512544459,0.04862034019047114,0.8325986142505757,False,-0.39999999999999997,0.5191666666666667,0.5291181364392679,0.5292479108635098,0.5,,,,-0.003790103231863045
ES,range_ratio,15,15,Q,1220,-0.0038226007157380606,-0.05775994286952383,0.05944236882574094,0.036831196467523884,-0.01924345835436889,0.09284410304720611,0.2118310364124203,False,0.6,0.4796342477140482,0.49337748344370863,0.4861878453038674,0.4835164835164835,,,,0.03925127457182358
ES,range_ratio,15,30,R,1220,-0.05961372525060077,-0.20328901497395213,0.1001359831468488,-0.011463827481011754,-0.0701194089246386,0.044234275911737446,0.697679145201473,False,-0.7,0.5103562551781275,0.5107438016528926,0.4986301369863014,0.46994535519125685,,,,-0.009432843213490347
ES,range_ratio,15,30,Q,1220,-0.010610371953084839,-0.06452999882717736,0.05002187242697038,0.013056140335673613,-0.043404915019518604,0.0685422387408395,0.6581874512699191,False,0.09999999999999999,0.4867549668874172,0.48599670510708404,0.48760330578512395,0.4644808743169399,,,,0.015408613762829513
ES,range_ratio,30,5,R,1220,0.03062214993848434,-0.11494577149224855,0.1731888675460159,0.04307984214278508,-0.017770844557246576,0.10269143413917557,0.1441215109234808,False,0.8999999999999998,0.4849246231155779,0.5141903171953256,0.5373961218836565,0.5580110497237569,,,,0.045649399481127284
ES,range_ratio,30,5,Q,1220,0.035259469000699546,-0.015565839920329023,0.09695922116314243,0.07474736264442154,0.019533466830162972,0.12943303158699865,0.011166047075800822,False,0.8999999999999998,0.5,0.5242070116861436,0.5376044568245125,0.55,,,,0.07711253976988895
ES,range_ratio,30,10,R,1220,-0.08260125701743405,-0.23385054269856173,0.07189918431317906,0.0074094312387410054,-0.05362016242239107,0.06802434617123242,0.8017643011039821,False,-0.19999999999999998,0.5108514190317195,0.515,0.5111111111111111,0.5027624309392266,,,,0.0098909220363203
ES,range_ratio,30,10,Q,1220,0.013327689494693429,-0.03891532853810696,0.07866977152722246,0.05376988723665224,-0.0011653931817709982,0.10912835760927593,0.06819924690417611,False,0.7,0.4871582435791218,0.5008264462809917,0.5027472527472527,0.5082872928176796,,,,0.05614038927899609
ES,range_ratio,30,15,R,1220,-0.11485741196868683,-0.26114699459390317,0.04264083244693686,0.01160421123428523,-0.04782633598984011,0.0668404686627315,0.6941624299708686,False,-0.49999999999999994,0.5191666666666667,0.5324459234608985,0.5418994413407822,0.5056179775280899,,,,0.014096054990441921
ES,range_ratio,30,15,Q,1220,0.001231401063679609,-0.05348045304523441,0.06691220809174322,0.050722364070872425,-0.0044085734048573254,0.10506104339740793,0.08540634185223994,False,0.49999999999999994,0.4796342477140482,0.4950166112956811,0.4986225895316804,0.48066298342541436,,,,0.05317027980427024
ES,range_ratio,30,30,R,1220,-0.0402858267950615,-0.17211443783174224,0.10288278155573578,-0.00699848298313751,-0.061980043163607695,0.046675653314793446,0.8125487991303826,False,-0.6,0.5103562551781275,0.5132450331125827,0.5,0.4644808743169399,,,,-0.004954427065241371
ES,range_ratio,30,30,Q,1220,-0.0033019118062359494,-0.058414407189888155,0.05359027686936588,0.030319781492560482,-0.027302278382469798,0.08390342045868218,0.3041074462511588,False,0.7,0.4867549668874172,0.4900990099009901,0.4903581267217631,0.47802197802197804,,,,0.03270793539781328
ES,range_ratio,60,5,R,1220,0.030221804048401395,-0.09114201362969136,0.1512284087009897,0.04192873423008259,-0.01753260567335089,0.0997891960417653,0.15516010254129986,False,0.8999999999999998,0.4849246231155779,0.5033444816053512,0.5125348189415042,0.5611111111111111,,,,0.04280782108488402
ES,range_ratio,60,5,Q,1220,0.04603320156514162,-0.003688043748209315,0.10640197156826686,0.06761821885810741,0.013699365085573139,0.12242431131523566,0.02175232886183709,False,0.8999999999999998,0.5,0.5192629815745393,0.5251396648044693,0.5777777777777777,,,,0.06679139910794303
ES,range_ratio,60,10,R,1220,-0.06904626246674594,-0.21052062337262448,0.06729817223974618,0.01245660622342023,-0.04868477105522011,0.0687990331279032,0.6729525923438857,False,-0.09999999999999999,0.5108514190317195,0.5250836120401338,0.49171270718232046,0.4972375690607735,,,,0.01494958855426117
ES,range_ratio,60,10,Q,1220,0.02228333116330894,-0.029344643331989394,0.0829041450974,0.055278065455473216,0.0006366271026360597,0.10942553911441293,0.06080052843251749,False,0.7,0.4871582435791218,0.5066225165562914,0.48484848484848486,0.5414364640883977,,,,0.05572468529181397
ES,range_ratio,60,15,R,1220,-0.10196226545180759,-0.24401362850530106,0.04029115507811677,0.00426112799878964,-0.05646297105223939,0.05483745398113858,0.88519712042559,False,-0.49999999999999994,0.5191666666666667,0.5440931780366056,0.5210084033613446,0.5055555555555555,,,,0.006734876885842913
ES,range_ratio,60,15,Q,1220,0.007995088066826507,-0.04556670729827216,0.06697732278292655,0.047989073705116896,-0.007449603207092493,0.1006004895402601,0.10367274669514215,False,0.6,0.4796342477140482,0.5041597337770383,0.47790055248618785,0.5027624309392266,,,,0.04889708723010868
ES,range_ratio,60,30,R,1220,-0.056253609622766404,-0.18149585837636675,0.08404609570861302,-0.014881976923942952,-0.07094446986734902,0.037746345964125294,0.614053775892796,False,-0.7,0.5103562551781275,0.5140495867768595,0.4821917808219178,0.46994535519125685,,,,-0.012455466425890694
ES,range_ratio,60,30,Q,1220,-0.001942092306209471,-0.0561531903245419,0.05392108555961797,0.027294763836361813,-0.028548113180323707,0.07980110167947814,0.35492397317545077,False,0.7,0.4867549668874172,0.5024793388429752,0.47527472527472525,0.46994535519125685,,,,0.02840287025611683
ES,close_location,1,5,R,1240,0.013966481259089654,-0.04465617305382201,0.06826128910712739,0.00544822963220473,-0.048565869108655256,0.05913982710634068,0.8523511372992016,False,0.39999999999999997,0.5059931506849316,0.4828150572831424,0.4822888283378747,0.5359116022099447,0.28825693265421615,-0.3840761177136389,0.9372810554612336,0.006488109962256057
ES,close_location,1,5,Q,1240,-0.02879781260027042,-0.08476953336758168,0.027238159024504046,-0.03058165352068127,-0.08755019556253255,0.026970551721246846,0.29600958577538083,False,-0.8999999999999998,0.4957191780821918,0.4630541871921182,0.46321525885558584,0.5,-0.010082526472906295,-0.07462454100032644,0.06331907872262267,-0.029396287238094752
ES,close_location,1,10,R,1240,0.02462281731691888,-0.026330557201268243,0.07987259057137068,0.006521323842307829,-0.05256519139180834,0.06320181213294576,0.8237076761655588,False,0.6,0.5089666951323655,0.4860426929392447,0.4767123287671233,0.4808743169398907,0.6590548953027731,-0.2403054258630447,1.5530717671194108,0.008007275027661388
ES,close_location,1,10,Q,1240,-0.008045349062617592,-0.06425866473135103,0.051319183607130094,-0.010329316227676685,-0.06706813867839717,0.04981526572791359,0.7241833442756873,False,-0.3,0.5114698385726423,0.4812398042414356,0.4891891891891892,0.5380434782608695,0.005964537221114504,-0.060596797425627236,0.07597445094435143,-0.008646358305152198
ES,close_location,1,15,R,1240,0.026071288189017827,-0.02775149232632398,0.07671150487261585,-0.00785775797864169,-0.06016553131616988,0.045260729592899215,0.7883643288380815,False,0.6,0.4846153846153846,0.4779050736497545,0.4782608695652174,0.5,0.7919425580079231,-0.4460558149405772,1.8135593520090547,-0.007142160287678467
ES,close_location,1,15,Q,1240,-0.013944937475933922,-0.07084558957758516,0.04355390904016928,-0.0160260936345113,-0.07079888866394493,0.03984272185307449,0.5840243133862357,False,-0.3,0.5076660988074957,0.4819672131147541,0.48509485094850946,0.5027027027027027,9.113413836570657e-05,-0.07124755863558759,0.06787416821428767,-0.014414992660581022
ES,close_location,1,30,R,1240,0.03754168715010022,-0.019648545398384964,0.09223090999562751,0.03044527431773525,-0.023785335923168442,0.08391400697239706,0.2981700066705679,False,0.6,0.5152801358234296,0.5032679738562091,0.5040871934604905,0.5,1.2824349179400114,-0.22282594086021504,2.6132882357102414,0.03101486074610234
ES,close_location,1,30,Q,1240,-0.0007858953788349491,-0.05799155899343851,0.05083936713890074,-0.0043075048520225525,-0.06044603116911983,0.04948438842041275,0.8830135951042306,False,0.3,0.5190839694656488,0.5056910569105691,0.5135135135135135,0.5459459459459459,0.005828859738767582,-0.07445772061053688,0.07085790379582411,-0.0026925960928141507
ES,close_location,5,5,R,1240,0.020285939062127348,-0.037092087428657314,0.0806784693384353,0.019873816685311,-0.036279290921319346,0.07457345660910725,0.49713725781206763,False,-0.09999999999999999,0.5080033698399326,0.5081699346405228,0.5217391304347826,0.5573770491803278,0.3226033533853833,-0.36379768716078764,0.8410425647652165,0.018121512407404332
ES,close_location,5,5,Q,1240,-0.025748283275212502,-0.08441583626657091,0.03098739580350227,-0.02489792522300292,-0.08278875615242143,0.03147357188506151,0.39492687258299686,False,-0.7999999999999999,0.489469250210615,0.48514851485148514,0.49586776859504134,0.5351351351351351,-0.015623062545315765,-0.08516148533934165,0.04388624819450568,-0.027174157393611946
ES,close_location,5,10,R,1240,0.028070729969250807,-0.02443264779211292,0.08372910950979859,0.01735444474612269,-0.03814821818653397,0.0743050074738339,0.5532436964969007,False,0.19999999999999998,0.5016806722689076,0.5016393442622951,0.5,0.4835164835164835,0.5303755878772695,-0.4717448381175945,1.3823694347391546,0.015377538699343562
ES,close_location,5,10,Q,1240,-0.004006915508231316,-0.05969651781034049,0.05117304951842924,-0.004078522192002519,-0.05978681602942672,0.052976218250022765,0.8891912812404583,False,-0.6,0.505,0.5072933549432739,0.5297297297297298,0.5621621621621622,0.0027796925294699903,-0.06244313014723831,0.06793071875428874,-0.006385677868551879
ES,close_location,5,15,R,1240,0.0380297533257956,-0.016115253280625755,0.09411946195310093,0.006740175628587338,-0.04964785064526092,0.06027381540682244,0.8178933633864309,False,0.8999999999999998,0.4941275167785235,0.49836065573770494,0.5068119891008175,0.5163043478260869,0.6953127765780437,-0.35408178131918705,1.594515533984548,0.005389145466981077
ES,close_location,5,15,Q,1240,-0.005131713595543095,-0.05897861868118179,0.04967935769142857,-0.004388355614090269,-0.058784607197132195,0.05123281285991274,0.8808340112377087,False,-0.6,0.507949790794979,0.5,0.5122615803814714,0.5217391304347826,0.005520648626477159,-0.0648352481217464,0.07452270608613681,-0.006696996793827962
ES,close_location,5,30,R,1240,0.04214546023562651,-0.012033402178491538,0.09789337154074612,0.030930022067897783,-0.027551922228960555,0.08982353971115951,0.29053856938732325,False,0.39999999999999997,0.5087572977481234,0.50814332247557,0.5231607629427792,0.4972677595628415,0.8954429469705427,-0.3859567796171683,2.255442000648128,0.030025331024099843
ES,close_location,5,30,Q,1240,0.009811502803712804,-0.04911214061188035,0.06276189652622441,0.009402427724572716,-0.0491864225342343,0.06311775004402143,0.7480536856805953,False,-0.49999999999999994,0.5225,0.526829268292683,0.5353260869565217,0.5434782608695652,0.01488561261299164,-0.061272963300884664,0.08905986682721748,0.007169509308200404
ES,close_location,10,5,R,1240,0.004383479798094776,-0.05579312592993315,0.06683668856012998,0.00795673978033319,-0.05170868595754736,0.0642693022442343,0.7857629147641672,False,-0.09999999999999999,0.49074074074074076,0.506514657980456,0.5313351498637602,0.554945054945055,-0.1528731684981685,-0.7739047782574568,0.4443703803636836,0.006198316286985461
ES,close_location,10,5,Q,1240,-0.04416448921538919,-0.10320656382845328,0.012295788211005135,-0.043781110453872354,-0.10119260121719997,0.014588359890283112,0.13450574756256284,False,-0.8999999999999998,0.4869418702611626,0.4794745484400657,0.4904109589041096,0.5108695652173914,-0.04678697599144428,-0.10917537917497175,0.020262249392682573,-0.04609760317215753
ES,close_location,10,10,R,1240,0.01274721921375049,-0.04390257177508406,0.07042475023636399,0.005721732861326586,-0.05178112378027295,0.06371613348235149,0.84503061559393,False,-0.09999999999999999,0.4890756302521008,0.5090016366612111,0.48626373626373626,0.489010989010989,-0.01909177132391418,-0.9602664262820513,0.8730773318942958,0.003727231452648595
ES,close_location,10,10,Q,1240,-0.022393117889288754,-0.08046100605704601,0.03934289143012728,-0.023340112149826227,-0.07992468809639036,0.038005840613087184,0.4251787778898164,False,-0.6,0.49248747913188645,0.5008103727714749,0.5013550135501355,0.5271739130434783,-0.03315695187189737,-0.0985570285350727,0.030657284575067598,-0.025692147664354913
ES,close_location,10,15,R,1240,0.026660567417469524,-0.024311711140397037,0.0810904358580977,0.0075065203715285736,-0.04829650442824765,0.06158944693446736,0.7976143077675801,False,0.6,0.48614609571788414,0.5122749590834698,0.49591280653950953,0.5191256830601093,0.13704375981161696,-0.9004257832940868,0.9910585508241757,0.006161374149315217
ES,close_location,10,15,Q,1240,-0.019540723028621414,-0.07545852479007112,0.03854323860661579,-0.019878056699943532,-0.0770747259692715,0.04027725600987811,0.49704545087276486,False,-0.6,0.48659966499162477,0.5032786885245901,0.4891304347826087,0.5027322404371585,-0.04028143290866122,-0.10883295529545915,0.024007657556433366,-0.022223763294975166
ES,close_location,10,30,R,1240,0.02534174826904625,-0.029544976216956325,0.08001240601157261,0.01758220817988095,-0.038104993911344226,0.07287152177841688,0.5480467656687593,False,0.49999999999999994,0.4945788156797331,0.4926829268292683,0.5068119891008175,0.4972677595628415,0.27536302982731553,-1.2002918956043955,1.5146321870094188,0.016662824762300684
ES,close_location,10,30,Q,1240,3.924971758009849e-06,-0.054445539938225596,0.05146738639768259,-0.0013217548933864604,-0.0579110287008732,0.05015542979400312,0.9639856477383368,False,0.09999999999999999,0.507910074937552,0.5292207792207793,0.529891304347826,0.5297297297297298,-0.020527984155321463,-0.09449513027105066,0.044729280230102086,-0.00356986349199068
ES,close_location,15,5,R,1240,-0.0020200969355691,-0.06247730714768284,0.05971537505366254,0.0023808435112817696,-0.05539971249636731,0.06370329404412697,0.9351776077396825,False,-0.19999999999999998,0.48403361344537815,0.499184339314845,0.5217391304347826,0.5573770491803278,-0.2233766233766234,-0.8434868777056277,0.46532886904761867,0.0006132884440309902
ES,close_location,15,5,Q,1240,-0.0577977585664643,-0.1151074359119013,-0.0008200790882967504,-0.05680595360299783,-0.1138933924708317,0.0006883356812663863,0.05205899778831413,False,-0.9999999999999999,0.47523089840470195,0.46808510638297873,0.48626373626373626,0.4945652173913043,-0.08058147183128324,-0.14214504699461414,-0.013410552713348985,-0.05915156519280181
ES,close_location,15,10,R,1240,0.013744070132891702,-0.044525595337247446,0.07136530280413432,0.0075314955862947515,-0.04893234487860272,0.06898533406180371,0.796955621301622,False,0.3,0.4920368818105616,0.513911620294599,0.4945054945054945,0.5054945054945055,0.13735930735930735,-0.7461093073593074,0.9674928300865794,0.005541332040454662
ES,close_location,15,10,Q,1240,-0.030885478136854442,-0.08934334843246795,0.03149733823254101,-0.031061924526825754,-0.08798671293053979,0.03298288776746785,0.28848492283120786,False,-0.7,0.48835274542429286,0.49837662337662336,0.5081081081081081,0.5217391304347826,-0.05207434587977618,-0.1222987649948176,0.01997175227725309,-0.033433353348434613
ES,close_location,15,15,R,1240,0.029948906942331613,-0.023828621643456983,0.08871972276285828,0.011967448834125635,-0.04442780001462222,0.06822399840772145,0.6826564949551583,False,0.7,0.49581939799331104,0.5081699346405228,0.5122615803814714,0.5191256830601093,0.44667207792207797,-0.5983357683982684,1.4210458603896097,0.010629467952838045
ES,close_location,15,15,Q,1240,-0.02566289705736359,-0.0836063092395033,0.03287559955791887,-0.02481234776822051,-0.08163372200083414,0.036203625432049705,0.39655424188375643,False,-0.6,0.49165275459098495,0.5057283142389526,0.49591280653950953,0.5136612021857924,-0.045132502643368766,-0.114942218820981,0.02948095111768331,-0.027169860558184673
ES,close_location,15,30,R,1240,0.023821727852513422,-0.032595898161533805,0.07718832594640569,0.015050486976643095,-0.040795390646725944,0.06726490497087524,0.6071260795025695,False,0.19999999999999998,0.4929343308395677,0.48697068403908794,0.4986376021798365,0.5136612021857924,0.575189393939394,-0.7347265963203462,1.7985321969696955,0.014134026101352119
ES,close_location,15,30,Q,1240,-0.005612619005400664,-0.05927021903750153,0.04671279846010975,-0.00569728690194622,-0.06373500631201592,0.04808006892845815,0.8456843966769403,False,0.09999999999999999,0.5091362126245847,0.5292207792207793,0.5353260869565217,0.5355191256830601,-0.019798093988676983,-0.09659715520456928,0.04796736933675767,-0.007955645991826816
ES,close_location,30,5,R,1240,-0.004075282199026276,-0.06285351912268677,0.05757388078213958,-0.0030167319237663893,-0.057010038729454295,0.05596642043454114,0.9179191527057577,False,0.19999999999999998,0.478369384359401,0.4852941176470588,0.5163043478260869,0.5409836065573771,-0.11294842452629339,-0.7502452030551415,0.5004854494890352,-0.004806388569111188
ES,close_location,30,5,Q,1240,-0.06695357105797901,-0.12470533416871113,-0.010946286179461681,-0.06606575022578526,-0.12293068966043708,-0.008812733897448364,0.02381062674995693,False,-0.7,0.47753743760399336,0.4639344262295082,0.48484848484848486,0.5136612021857924,-0.09084474291823881,-0.15343067085849268,-0.030760592417712222,-0.06843824021988917
ES,close_location,30,10,R,1240,0.019085308407990765,-0.039180567848964884,0.07875097881744919,0.012764382193407947,-0.04523048951903676,0.07060565901659067,0.6627866019169026,False,-0.09999999999999999,0.4995850622406639,0.5024630541871922,0.5040871934604905,0.5081967213114754,0.3340909090909091,-0.6352855878752396,1.2117070736640405,0.01077642182743262
ES,close_location,30,10,Q,1240,-0.03995603445647414,-0.09906432156392313,0.021703586855831385,-0.03939596825613642,-0.09925565840377819,0.022799687878305195,0.1781391514234354,False,-0.7,0.48514851485148514,0.48697068403908794,0.5054054054054054,0.5271739130434783,-0.06334789964323853,-0.12843449773426502,0.006847389898482541,-0.04179498982582502
ES,close_location,30,15,R,1240,0.03579110049206052,-0.01898329947849014,0.09445117066356935,0.01767174561873912,-0.03697141384023558,0.07173624522492882,0.5460103843701924,False,0.3,0.4946058091286307,0.513911620294599,0.5287671232876713,0.5191256830601093,0.5008582605918671,-0.512915092080051,1.6050608433574605,0.01635460621381685
ES,close_location,30,15,Q,1240,-0.03162509211974415,-0.08827884854438024,0.02741692543762291,-0.029833994633990012,-0.08660081522150027,0.03096147512002843,0.3079823677346649,False,-0.6,0.49337748344370863,0.4959083469721768,0.5068119891008175,0.5081967213114754,-0.053771973278347554,-0.11664733632861689,0.010940860444952948,-0.03220873250775825
ES,close_location,30,30,R,1240,0.019793316071830575,-0.04015697834787268,0.08034425816088914,0.010348384573636588,-0.041509786834748146,0.0650423045862966,0.7236949816944624,False,0.3,0.4814509480626546,0.4730831973898858,0.4822888283378747,0.5108695652173914,0.05174180327868855,-1.2197327749095168,1.4460404912710234,0.009426189847966294
ES,close_location,30,30,Q,1240,-0.010746220912035358,-0.06452120084835093,0.04101540250843651,-0.010144955982030185,-0.06423400353820088,0.04138380260880826,0.7289107788480274,False,-0.3,0.5,0.5275974025974026,0.5392953929539296,0.5355191256830601,-0.03785237731915374,-0.1005471652599774,0.03826125183543604,-0.012418748715314025
ES,close_location,60,5,R,1240,0.0066895612525386195,-0.052941705104368186,0.06792805954252548,0.009495947047589548,-0.04831990397496255,0.06422894996227092,0.7456338569073089,False,0.09999999999999999,0.4904722452361226,0.4934640522875817,0.5231607629427792,0.5604395604395604,0.14323970985155196,-0.5354772899797571,0.7857179381747632,0.0077346246911545275
ES,close_location,60,5,Q,1240,-0.04975053347443976,-0.10695704809835,0.008284250072958289,-0.05038852042082302,-0.10752804320291358,0.008075112329612399,0.08492712173235972,False,-0.7,0.48218724109362054,0.47549019607843135,0.5041095890410959,0.5081967213114754,-0.06778683602389979,-0.13147204991680955,-0.0005131467295873193,-0.05272711196026788
ES,close_location,60,10,R,1240,0.02626307644709369,-0.028659676673309882,0.0870400210895651,0.02422769958286256,-0.0342788793877717,0.08288945833623383,0.4077798114453228,False,0.0,0.5057851239669422,0.5115131578947368,0.5204359673024523,0.5,0.583797233468286,-0.317578125,1.38359005988529,0.022261334988843095
ES,close_location,60,10,Q,1240,-0.018612084668260056,-0.07610849109170559,0.04537399422496491,-0.02076698704356121,-0.07922020219935293,0.042378264389337936,0.47799859024210534,False,-0.7,0.49835796387520526,0.4943089430894309,0.5094850948509485,0.5217391304347826,-0.0307726938880864,-0.09674113662487524,0.03636793781359798,-0.02312622862999291
ES,close_location,60,15,R,1240,0.028827400033099575,-0.029698763129776744,0.08916274388994937,0.016593000108490776,-0.03528780461665222,0.06857195409753068,0.5707907814118425,False,0.39999999999999997,0.504950495049505,0.5073891625615764,0.5342465753424658,0.5384615384615384,0.6671411099865048,-0.3510269062078272,1.5803783421896072,0.015281795873766522
ES,close_location,60,15,Q,1240,-0.017967805963969546,-0.07442862027999378,0.044522287947074635,-0.01826343279691665,-0.07499680575827626,0.04508551683923637,0.5326483136525193,False,-0.6,0.5057660626029654,0.5016393442622951,0.5192307692307693,0.5136612021857924,-0.0275460911114306,-0.09233106377263012,0.03556684787670717,-0.020614788863674332
ES,close_location,60,30,R,1240,0.013762328138822498,-0.04296156779213361,0.07617923948319177,0.009510659653239524,-0.0434331197893804,0.06522038204122522,0.7452533929244183,False,-0.09999999999999999,0.4901639344262295,0.47479674796747967,0.49318801089918257,0.5217391304347826,0.308356528340081,-1.0395780617408907,1.468339342948718,0.008595383299070686
ES,close_location,60,30,Q,1240,0.002410789553296506,-0.051774366784500654,0.06028872852334041,0.0012232212187893198,-0.05343138050134023,0.058445732454083354,0.9666688093609672,False,-0.09999999999999999,0.5073770491803279,0.5260586319218241,0.5486486486486486,0.5434782608695652,-0.009663323447235634,-0.07254877273987446,0.057753221517645274,-0.0010276097017901098
ES,signed_efficiency,1,5,R,1180,0.010877565286008584,-0.04377595752904535,0.061782814353581635,0.005833038899038855,-0.04862657070051735,0.058988408969730816,0.8458841242079502,False,,0.49524632670700086,0.4834782608695652,0.43768115942028984,0.43023255813953487,0.1250730975200136,-0.5596792279173473,0.7933906158628093,0.0063923424034641445
ES,signed_efficiency,1,5,Q,1180,-0.03278818886285083,-0.09175915293893408,0.020561887056559067,-0.0340068028752579,-0.09326187803203026,0.01958948658941205,0.25695277237672665,False,,0.4874675885911841,0.46539792387543255,0.43352601156069365,0.40350877192982454,-0.03864554650883535,-0.10974855558579341,0.039081244342010026,-0.0335819631814624
ES,signed_efficiency,1,10,R,1180,0.012086282527423853,-0.03739024155069846,0.06364661062075087,0.009784254856535292,-0.04428093965038003,0.06148704830364754,0.7443906665774196,False,,0.5038759689922481,0.4991364421416235,0.5174418604651163,0.5321637426900585,0.1957926075721829,-0.791354363813919,1.14911789657745,0.010465229423099243
ES,signed_efficiency,1,10,Q,1180,-0.006663685664754768,-0.060672749923686806,0.04375046211739476,-0.008094311535580892,-0.06292718991432712,0.04264279659663871,0.787370154647721,False,,0.49871685201026517,0.49140893470790376,0.4785100286532951,0.49710982658959535,-0.007970839629949638,-0.07740190554357658,0.06825444341558143,-0.0073796972080105725
ES,signed_efficiency,1,15,R,1180,0.0006020848975577212,-0.051380136347003114,0.051543348725168095,-0.011700122939017918,-0.0651173511977187,0.04006384301596171,0.6966156010817479,False,,0.48879310344827587,0.4895833333333333,0.49707602339181284,0.5028901734104047,0.011017200602640428,-0.9604458876703568,1.204113121833041,-0.011341166535122866
ES,signed_efficiency,1,15,Q,1180,-0.015720899256513727,-0.07207311151298845,0.03699085778315556,-0.017386908845409558,-0.07436501711232384,0.03509197319729591,0.5622986454402046,False,,0.5017182130584192,0.4905335628227194,0.4813753581661891,0.52,-0.018991853887646116,-0.08481925806461532,0.058772817546167755,-0.01666105535590425
ES,signed_efficiency,1,30,R,1180,0.0392177726981489,-0.021751058533228857,0.09280317746763772,0.036441949831547873,-0.019642305795983535,0.0930927744654011,0.22441625615044192,False,,0.5077054794520548,0.5094664371772806,0.5201149425287356,0.5344827586206896,0.9398706281921652,-0.4092012493554455,2.286878292989263,0.03723678448469633
ES,signed_efficiency,1,30,Q,1180,0.003714226312640603,-0.04771219459128565,0.05749003892221717,0.0004833146034386258,-0.05225005363836267,0.05425419966052083,0.9871504908568074,False,,0.517948717948718,0.5085616438356164,0.5057471264367817,0.5057471264367817,0.004523439149907371,-0.06281144233137603,0.08266282620776451,0.0015373257756204064
ES,signed_efficiency,5,5,R,1240,0.01586564342816229,-0.042278550651776096,0.07242316774654081,0.01739569700061001,-0.038141327057677324,0.0729453369183916,0.552300648857385,False,0.3,0.5038167938931297,0.49755301794453505,0.5040650406504065,0.4702702702702703,0.20049102551342027,-0.3411414787996417,0.8553587202647556,0.018243916751956694
ES,signed_efficiency,5,5,Q,1240,-0.01173590282659243,-0.07161918423657873,0.04555724767344619,-0.01193138429935877,-0.0702326082479848,0.04266841668954086,0.6835610339212579,False,-0.49999999999999994,0.49363867684478374,0.48344370860927155,0.494475138121547,0.489010989010989,-0.0006147820515934148,-0.06715946225073173,0.07389424689385701,-0.011277647227155256
ES,signed_efficiency,5,10,R,1240,0.027471250019806416,-0.025197311892994814,0.08373164030416078,0.0206510989007225,-0.03348463655628021,0.07689205013987445,0.4804588950155795,False,0.3,0.48646362098138746,0.5147540983606558,0.5205479452054794,0.5,0.08776458976145449,-0.7879858933844265,0.8975959345244019,0.021691338376190143
ES,signed_efficiency,5,10,Q,1240,-0.0011125829141479502,-0.057691754107056854,0.05670274521828947,-0.001947197267603112,-0.058166577037107994,0.057793649378771246,0.9469650330833996,False,-0.09999999999999999,0.5008403361344538,0.501628664495114,0.5177111716621253,0.5027322404371585,-0.007176133374715649,-0.0719298522007888,0.07119603643701275,-0.0008781800522342738
ES,signed_efficiency,5,15,R,1240,0.03814504899712653,-0.012262294335340514,0.09251626106444066,0.01863654992428573,-0.03730708520353055,0.07684294058430209,0.5243079792358496,False,0.3,0.4885883347421809,0.5065359477124183,0.5260273972602739,0.4835164835164835,0.2938584486247968,-0.5985199251020205,1.2402425786304365,0.019276849797809765
ES,signed_efficiency,5,15,Q,1240,0.002305859814492415,-0.05217856876978874,0.058405858792442526,0.0019273374649634324,-0.05069985074642527,0.05919980506166666,0.9475051620758961,False,0.09999999999999999,0.489469250210615,0.5098039215686274,0.5271739130434783,0.5217391304347826,-0.014629694804967223,-0.07446595530952778,0.06087591212934546,0.003028661674968474
ES,signed_efficiency,5,30,R,1240,0.032466831680730425,-0.02254726978961608,0.08776226235988464,0.017453232553575795,-0.037621043894671316,0.0737819607642392,0.5509866735393723,False,0.3,0.49159663865546216,0.4943089430894309,0.5013550135501355,0.4946236559139785,0.3053772270329452,-0.9344507377824226,1.3752540663050328,0.018648625253979714
ES,signed_efficiency,5,30,Q,1240,0.01845181571794689,-0.04143335739588456,0.07303762947839408,0.017532574782977244,-0.0414476364756285,0.07281374523022034,0.5491772072381154,False,0.3,0.5113350125944585,0.531810766721044,0.547683923705722,0.532608695652174,0.0038713566826194413,-0.06484006291110758,0.07299152978032533,0.01907362624633102
ES,signed_efficiency,10,5,R,1240,-0.019208443220427415,-0.07809983159705276,0.04818274703107267,-0.01133673741041892,-0.06727328431596741,0.0508082137281111,0.6985399914479618,False,-0.49999999999999994,0.4839527027027027,0.48697068403908794,0.5,0.5,-0.25286563536637435,-0.9881704786185831,0.35037257365257646,-0.01242679451220595
ES,signed_efficiency,10,5,Q,1240,-0.055455998919773764,-0.11615208842501812,0.00807686220635667,-0.0624369088597582,-0.12394316756138557,-0.001994739926538109,0.03270453002324092,False,-0.6,0.4797297297297297,0.47299509001636664,0.4890710382513661,0.46153846153846156,-0.08389666946098392,-0.1538417310675019,-0.01767682233662989,-0.06321113500285527
ES,signed_efficiency,10,10,R,1240,0.0018520274816980493,-0.05325788700382322,0.06460960000515371,-0.007410668088433237,-0.06204022101305054,0.053901938276809766,0.8001436099658386,False,0.19999999999999998,0.481044650379107,0.49673202614379086,0.5040871934604905,0.5380434782608695,-0.3942527178375538,-1.4166038012776299,0.4849799446579294,-0.008761018758164147
ES,signed_efficiency,10,10,Q,1240,-0.029727874761517146,-0.0881198649953509,0.03435026888143994,-0.039412867751256804,-0.09775705796800806,0.023346504196828634,0.17795288006131615,False,-0.49999999999999994,0.48786610878661085,0.4967532467532468,0.4986449864498645,0.5027322404371585,-0.07162077074619354,-0.14364350246695612,-0.0013120527867440017,-0.0407326249830753
ES,signed_efficiency,10,15,R,1240,0.018903564129240814,-0.035557982025356365,0.08014471913035297,0.0038415201705654708,-0.04839443986521605,0.059536406975787694,0.8955923983062601,False,0.19999999999999998,0.4882154882154882,0.5098360655737705,0.5313351498637602,0.5136612021857924,-0.32499917890104113,-1.4008946386343482,0.6673934418826156,0.0024521332330461284
ES,signed_efficiency,10,15,Q,1240,-0.023800538881613147,-0.08112411578448207,0.037074451676176234,-0.032818458410005504,-0.09226341992614069,0.030504646871882084,0.2620676121349361,False,-0.19999999999999998,0.4874161073825503,0.499184339314845,0.49453551912568305,0.5081967213114754,-0.0677502475293558,-0.14020751658878428,0.0012627051813234578,-0.03434245063420024
ES,signed_efficiency,10,30,R,1240,0.010215558831620807,-0.04962444342865516,0.07321009730797881,-0.004507170976117237,-0.058995264551844145,0.05335733430304783,0.8776326125295308,False,0.09999999999999999,0.4765886287625418,0.4788273615635179,0.5068119891008175,0.5135135135135135,-0.22497290373435808,-1.567663686077446,1.1303312415837343,-0.0035880189238381823
ES,signed_efficiency,10,30,Q,1240,-0.0058737382289643265,-0.06303027032648993,0.04987050692480442,-0.01558499436814712,-0.07141480035062475,0.03847111834766641,0.594418691372324,False,-0.09999999999999999,0.5041736227045075,0.511400651465798,0.5447154471544715,0.5621621621621622,-0.047494016158092484,-0.1209911723484948,0.024497646972755922,-0.016133092694408352
ES,signed_efficiency,15,5,R,1240,-0.019040844383387986,-0.0783617460689091,0.04552503924422999,-0.002391899574476691,-0.059076927658692414,0.058884543054670564,0.9348772548162709,False,0.0,0.49242424242424243,0.5090016366612111,0.48360655737704916,0.5081967213114754,-0.09515857499728468,-0.728641013630933,0.5690764499837073,-0.002251972189654948
ES,signed_efficiency,15,5,Q,1240,-0.06640551982853585,-0.12244058526153005,-0.009311042657220783,-0.0642180391245725,-0.11872425282246807,-0.004364430148425708,0.02803599403954804,False,-0.6,0.4874161073825503,0.49427168576104746,0.4562841530054645,0.47802197802197804,-0.07493288738103115,-0.14679877249705287,-0.008574111039103414,-0.06291041306208606
ES,signed_efficiency,15,10,R,1240,0.01227684154764615,-0.0471763834161565,0.07494528526701666,0.01780627449951595,-0.03773736544174854,0.07580675891738067,0.5429578041129071,False,0.09999999999999999,0.4945515507124895,0.5082236842105263,0.5095890410958904,0.5297297297297298,0.12815113500597372,-0.7946289507983055,0.992952780493103,0.018080573599955335
ES,signed_efficiency,15,10,Q,1240,-0.032864833159432644,-0.09011919968411237,0.023002511495399693,-0.033727991314441944,-0.0908743789907687,0.025176918805168248,0.24906529426997848,False,-0.6,0.4970857618651124,0.506514657980456,0.4878048780487805,0.5245901639344263,-0.04355259096288211,-0.11873076791082271,0.011822240047750706,-0.03238130386697027
ES,signed_efficiency,15,15,R,1240,0.022142736966340722,-0.04122215172084952,0.08751397443282774,0.012292266566152246,-0.0436157243875223,0.06898214184689343,0.6745303324274412,False,0.09999999999999999,0.49623430962343096,0.515650741350906,0.5068493150684932,0.5163043478260869,0.34539480829803415,-0.7269443426197458,1.3903281810035837,0.011844120959236438
ES,signed_efficiency,15,15,Q,1240,-0.02525514194990513,-0.08062382523798613,0.030636695137983398,-0.025814233987022997,-0.08279440714960877,0.031182955822910488,0.3777558637721472,False,-0.19999999999999998,0.5033444816053512,0.513911620294599,0.4932249322493225,0.5081081081081081,-0.038212176739910404,-0.11226941905920207,0.023341047469756897,-0.02530840219405415
ES,signed_efficiency,15,30,R,1240,0.014525345424689138,-0.04762032865704935,0.07763909889150501,0.00651827612342392,-0.04788192651085109,0.059620227231106215,0.8237887150174967,False,0.19999999999999998,0.4891846921797005,0.48859934853420195,0.4713896457765668,0.4782608695652174,0.33768464212012594,-1.0237669028999674,1.611369542196154,0.005838657660546269
ES,signed_efficiency,15,30,Q,1240,-0.008892170067884196,-0.060574258897377095,0.04370177660716326,-0.009550068095437523,-0.06310832910213476,0.04209055496098143,0.7442346071174759,False,-0.19999999999999998,0.5070656691604323,0.5300813008130081,0.5216216216216216,0.553763440860215,-0.018468769593039582,-0.08693713732729727,0.042345105964846606,-0.010092348434016025
ES,signed_efficiency,30,5,R,1240,-0.019979209131505537,-0.08391670546981422,0.0448197070194117,-0.006374350522933352,-0.06560041730197995,0.05153470728871529,0.8276178181469427,False,-0.3,0.4920767306088407,0.48519736842105265,0.4726775956284153,0.45108695652173914,0.03056294113250259,-0.5376220789153346,0.6542505385687285,-0.008502448030396117
ES,signed_efficiency,30,5,Q,1240,-0.06502530582485,-0.12413689403112912,-0.0025362067544232197,-0.06371792168454286,-0.12493523790059975,-0.00318971012087631,0.029285077836592954,False,-0.7999999999999999,0.485,0.486088379705401,0.4602739726027397,0.4262295081967213,-0.058542442278410274,-0.1289848111861012,0.008818096496232889,-0.06429611624362179
ES,signed_efficiency,30,10,R,1240,0.015522636197899965,-0.045640230093912236,0.07668617268575542,0.023341623129583027,-0.03600902336309468,0.07758389803981387,0.4251487957842883,False,0.39999999999999997,0.5033277870216306,0.5057471264367817,0.5273224043715847,0.4918032786885246,0.5479906781561329,-0.26864428836851717,1.4370801900139878,0.022526241832692327
ES,signed_efficiency,30,10,Q,1240,-0.03227666402075863,-0.09250301610842045,0.024107172006966444,-0.03443267533205844,-0.09656710100771121,0.024053767926229888,0.2393059057562763,False,-0.49999999999999994,0.48720066061106526,0.4902597402597403,0.48509485094850946,0.46195652173913043,-0.029221970050739995,-0.09997271829760991,0.03803356943638614,-0.035237676170372094
ES,signed_efficiency,30,15,R,1240,0.008791261711133088,-0.052347722115595074,0.06822401030528326,0.00658019437312896,-0.04994122315179794,0.061205719297168094,0.8221426778138718,False,0.6,0.510797342192691,0.5073891625615764,0.5095890410958904,0.5081967213114754,0.7570541158129651,-0.30605939872505367,1.76104032525013,0.007897936782582625
ES,signed_efficiency,30,15,Q,1240,-0.02604590914186531,-0.08816667035267185,0.032016892045391515,-0.027193992945698228,-0.09109098152670894,0.030942381417168784,0.35278235838073524,False,-0.49999999999999994,0.5012427506213754,0.49918166939443537,0.4918032786885246,0.4864864864864865,-0.014083637468072719,-0.08218380073909812,0.0578102155302253,-0.027517749731468075
ES,signed_efficiency,30,30,R,1240,-0.01793922696926427,-0.07410698895895113,0.040724774865074066,-0.015826056950099858,-0.0686628429231657,0.04055039175243205,0.5887276523320568,False,-0.39999999999999997,0.4888705688375927,0.4698205546492659,0.46467391304347827,0.453551912568306,0.6657970817182945,-0.6034450212758007,2.0201051477026386,-0.013887481423562668
ES,signed_efficiency,30,30,Q,1240,-0.01638536538423812,-0.07164640813518611,0.04000426640275386,-0.01895402169889846,-0.07475015595997209,0.03446777191403139,0.5172644707752769,False,-0.09999999999999999,0.5136026380873866,0.5040518638573744,0.5135135135135135,0.5297297297297298,0.006539337287877458,-0.06221806422512018,0.07456315179131519,-0.018266840768234396
ES,signed_efficiency,60,5,R,1240,-0.00821757993035951,-0.0707105523176697,0.05045349177313461,0.006873407063469382,-0.05127098150232651,0.06642409748982306,0.8143586260662639,False,-0.19999999999999998,0.5012510425354462,0.4975369458128079,0.5123287671232877,0.47513812154696133,-0.11538461538461539,-0.7329363920709074,0.5311488731387858,0.004780283161230899
ES,signed_efficiency,60,5,Q,1240,-0.05375272142138556,-0.11168529420714494,0.007914361863538354,-0.04597720237924272,-0.10286023601837427,0.017364771356500334,0.11601081734253293,False,-0.7,0.4929225645295587,0.4721311475409836,0.4713896457765668,0.44021739130434784,-0.03311096781533713,-0.10058256081236097,0.03278882884048579,-0.04651116242419458
ES,signed_efficiency,60,10,R,1240,0.008940839418459173,-0.048093779397055524,0.07266036776292212,0.024970871227642393,-0.035043790923683295,0.08636294231236405,0.3935428948007924,False,0.3,0.49417637271214643,0.5205254515599343,0.5437158469945356,0.5355191256830601,0.08831234800972737,-0.8140156529982081,0.8974966602137451,0.024161983011498633
ES,signed_efficiency,60,10,Q,1240,-0.015696627208060733,-0.07541104890335792,0.04601919206437353,-0.01161908419534804,-0.07321378485186893,0.05335866369839852,0.6914127205179379,False,-0.3,0.5066006600660066,0.5016233766233766,0.5163043478260869,0.47282608695652173,-0.008294213086503684,-0.08554315334330953,0.06143797950973669,-0.012375538720362723
ES,signed_efficiency,60,15,R,1240,-0.0001111456640887373,-0.06069943344404742,0.062463104062708816,0.003267709390012689,-0.05310846545214416,0.06118900392608884,0.9111176066383553,False,-0.3,0.4983388704318937,0.5008210180623974,0.5340599455040872,0.5163043478260869,-0.039974108323733944,-0.9997974962935706,0.847945464823584,0.00456578118587668
ES,signed_efficiency,60,15,Q,1240,-0.014542744288805596,-0.07286823959546575,0.043487814259852,-0.0111164320379496,-0.07039515410890237,0.05079529188484688,0.7041196783161758,False,-0.6,0.507870753935377,0.5114754098360655,0.532967032967033,0.5027624309392266,-0.016265541124741517,-0.08972824816792672,0.05332616777468251,-0.011423966303012111
ES,signed_efficiency,60,30,R,1240,-0.018840585337249086,-0.0826323779859309,0.04856381792242299,-0.011949429986129495,-0.06878164157917953,0.04886242862223678,0.6831083710887946,False,-0.7,0.4933993399339934,0.48613376835236544,0.4905149051490515,0.4673913043478261,-0.43386289944110246,-1.8138272150582362,1.0485658417861237,-0.01000498536290765
ES,signed_efficiency,60,30,Q,1240,-0.00045009362174113675,-0.055768687003548034,0.056270146422433595,0.0026577589527706936,-0.051948107962063665,0.058930326327545884,0.9276577096399106,False,0.09999999999999999,0.5152514427040396,0.5228013029315961,0.5459459459459459,0.532258064516129,0.0026621548812343636,-0.06057252223238243,0.06673253861278623,0.0033688501038541237
ES,volume_ratio,1,5,R,1220,0.006974040948066203,-0.05126731676427924,0.06646317213464854,0.01672157080880147,-0.037606864862613894,0.07354857805578718,0.5709564143375683,False,0.09999999999999999,0.4849246231155779,0.5083333333333333,0.49722222222222223,0.5248618784530387,,,,0.016389013812132834
ES,volume_ratio,1,5,Q,1220,-0.0027434691485890383,-0.05433970752218864,0.05300644203909559,0.008063139465996221,-0.04321683861140562,0.06319620514667751,0.7846872726591054,False,0.09999999999999999,0.5,0.5016722408026756,0.48333333333333334,0.5303867403314917,,,,0.009360484604671834
ES,volume_ratio,1,10,R,1220,-0.025428935307972092,-0.08315001968815265,0.031811122303114094,-0.001413500705104616,-0.060690807637963876,0.05390432439752227,0.9618000562904159,False,-0.09999999999999999,0.5108514190317195,0.5134228187919463,0.5,0.4972677595628415,,,,-0.002818146696063092
ES,volume_ratio,1,10,Q,1220,-0.001331930660329102,-0.05350964361990957,0.05239457904335467,0.01935052349398264,-0.03654117196987704,0.0723453354723722,0.5119840294527396,False,0.49999999999999994,0.4871582435791218,0.48848684210526316,0.4807692307692308,0.5081967213114754,,,,0.01870091934424379
ES,volume_ratio,1,15,R,1220,-0.019583872224422896,-0.07504385404273822,0.03457142713074948,-0.0015497865496577907,-0.05736708981346581,0.05341042365927164,0.9581201527510788,False,-0.09999999999999999,0.5191666666666667,0.5232558139534884,0.49584487534626037,0.49444444444444446,,,,-0.0013126876228307025
ES,volume_ratio,1,15,Q,1220,-0.0030392281583696513,-0.05845131012661466,0.05145135766641104,0.017167739969081473,-0.039542678627479594,0.0696542118176667,0.5607244718999855,False,0.49999999999999994,0.4796342477140482,0.4859504132231405,0.4820936639118457,0.5,,,,0.016470446094625536
ES,volume_ratio,1,30,R,1220,-0.014589566634110825,-0.0700498680961501,0.04234078801679758,-0.0026510685727656946,-0.05910870067479065,0.053416011933328206,0.9284234691755127,False,0.19999999999999998,0.5103562551781275,0.5016611295681063,0.4888888888888889,0.4725274725274725,,,,-0.003869619476132537
ES,volume_ratio,1,30,Q,1220,-0.016743675352980242,-0.06801062535657075,0.03287813490144111,-0.0022587573358333547,-0.05966413105156655,0.048707253642768754,0.9389931072943087,False,-0.09999999999999999,0.4867549668874172,0.4867549668874172,0.4696132596685083,0.4725274725274725,,,,-0.003149163153450183
ES,volume_ratio,5,5,R,1220,0.01356970978400137,-0.054361733766509594,0.08085042538917281,0.018954428021698787,-0.035295512906113304,0.07871326354177408,0.5206619623107618,False,0.39999999999999997,0.4849246231155779,0.502495840266223,0.5097493036211699,0.5580110497237569,,,,0.018613352498162674
ES,volume_ratio,5,5,Q,1220,0.005385446933021353,-0.04676175653017671,0.0643362030443029,0.01009612151918342,-0.04145656326347532,0.06848692701257236,0.7322705345784231,False,0.39999999999999997,0.5,0.49584026622296173,0.4986149584487535,0.55,,,,0.011386675127961167
ES,volume_ratio,5,10,R,1220,-0.026458157172242622,-0.09579156030334426,0.045767452306128775,-0.002436052605861512,-0.06234905243162846,0.05405259530032087,0.9342149819944556,False,0.09999999999999999,0.5108514190317195,0.5050335570469798,0.4986149584487535,0.5,,,,-0.0038647432211117777
ES,volume_ratio,5,10,Q,1220,0.0012152823793127902,-0.05174555619934157,0.05583235508577237,0.018045409669906035,-0.03908152221077601,0.07596081124158335,0.5408594967517009,False,0.19999999999999998,0.4871582435791218,0.4900990099009901,0.4890710382513661,0.5191256830601093,,,,0.01738753292678975
ES,volume_ratio,5,15,R,1220,-0.02232290471004221,-0.08931644993055807,0.044754537971857765,-0.002592776563372958,-0.06076179185550519,0.055362502526862145,0.929993219127716,False,-0.09999999999999999,0.5191666666666667,0.5074875207986689,0.4930747922437673,0.5,,,,-0.0023477220948780195
ES,volume_ratio,5,15,Q,1220,-0.0027806240254365376,-0.05855056399750618,0.05195806137120583,0.016537634066129035,-0.04323133789779781,0.07427410993339884,0.5752002918042278,False,0.19999999999999998,0.4796342477140482,0.4793388429752066,0.4849315068493151,0.5081967213114754,,,,0.015843842919459648
ES,volume_ratio,5,30,R,1220,-0.012736729849991253,-0.0774213771040029,0.05307861887074753,-0.008259591997939417,-0.06626157220416916,0.04771772404383955,0.7795750293835313,False,0.19999999999999998,0.5103562551781275,0.4892205638474295,0.48342541436464087,0.47802197802197804,,,,-0.00950389570082653
ES,volume_ratio,5,30,Q,1220,-0.01504012572702352,-0.06579881090747054,0.03673013015328246,-0.0030282946354968044,-0.05957326670544066,0.04901677480280063,0.9182721076424702,False,0.0,0.4867549668874172,0.478476821192053,0.46703296703296704,0.4835164835164835,,,,-0.003901837797939829
ES,volume_ratio,10,5,R,1220,0.024244319342096417,-0.04599525960554381,0.08914609940332534,0.031167973761213514,-0.024683715509548194,0.0868878984054047,0.2907708168298484,False,0.39999999999999997,0.4849246231155779,0.5141430948419301,0.5194444444444445,0.580110497237569,,,,0.030838851900188747
ES,volume_ratio,10,5,Q,1220,0.02005374058772516,-0.0316629239711967,0.07717447879320546,0.024291709359330737,-0.030831450176953306,0.0814349153437815,0.4103613797182537,False,0.39999999999999997,0.5,0.5066445182724253,0.5124653739612188,0.5722222222222222,,,,0.02560268260501039
ES,volume_ratio,10,10,R,1220,-0.014303429784337622,-0.08227215179213647,0.06122945434271569,0.008278299459884932,-0.05380486747897337,0.06477334652929438,0.7790887010859304,False,0.19999999999999998,0.5108514190317195,0.5150501672240803,0.5041551246537396,0.5164835164835165,,,,0.006870769455428423
ES,volume_ratio,10,10,Q,1220,0.01703633402899105,-0.0376894055628745,0.06902656824766239,0.03154086974836881,-0.022396714763675784,0.08763001706918386,0.28503373989069347,False,0.49999999999999994,0.4871582435791218,0.5,0.4986301369863014,0.546448087431694,,,,0.030899299816827024
ES,volume_ratio,10,15,R,1220,-0.01299294819741413,-0.08165530802679044,0.05463842568066493,0.007876361353374987,-0.05142698823532782,0.06357151273886678,0.7895563790669302,False,0.3,0.5191666666666667,0.5232558139534884,0.5152354570637119,0.5277777777777778,,,,0.008127622195983385
ES,volume_ratio,10,15,Q,1220,0.01385948619926481,-0.04272889763460866,0.06701488322702015,0.03258396759269337,-0.027713917670651934,0.08914309146807976,0.2693935360332076,False,0.7,0.4796342477140482,0.49834437086092714,0.4958904109589041,0.5274725274725275,,,,0.03191237578907512
ES,volume_ratio,10,30,R,1220,-0.008312726612038423,-0.0740469249585354,0.05760444243829072,-0.004545389040358565,-0.06346049478034307,0.05389113245851718,0.8775969611383132,False,0.19999999999999998,0.5103562551781275,0.4983388704318937,0.4986225895316804,0.4725274725274725,,,,-0.005788726173369714
ES,volume_ratio,10,30,Q,1220,-0.0014166736991500922,-0.05442543549481892,0.05263353894635292,0.011160479912464372,-0.04744072784006263,0.06640594344938892,0.7053003091167984,False,0.3,0.4867549668874172,0.4859504132231405,0.48760330578512395,0.489010989010989,,,,0.01030992349849336
ES,volume_ratio,15,5,R,1220,0.03120121187080601,-0.03879087460850382,0.0966343629164914,0.03554974106789652,-0.022313271080873404,0.09184756679251646,0.228176734998649,False,0.3,0.4849246231155779,0.5108153078202995,0.5305555555555556,0.5888888888888889,,,,0.03522031089221631
ES,volume_ratio,15,5,Q,1220,0.031032151392787356,-0.019452001740887258,0.08832713495030291,0.032918336315057424,-0.021341445324326448,0.09089981770256196,0.2645068510640416,False,0.7,0.5,0.5058236272878536,0.5235457063711911,0.5659340659340659,,,,0.03192961795574569
ES,volume_ratio,15,10,R,1220,-0.006117358288676193,-0.07263737452202201,0.0664479454311888,0.010774739522432073,-0.05247091472596892,0.06711681891815256,0.7150341813098282,False,0.09999999999999999,0.5108514190317195,0.5234113712374582,0.505586592178771,0.5164835164835165,,,,0.012521197871331921
ES,volume_ratio,15,10,Q,1220,0.0255425402022888,-0.027210400279936302,0.07842773010733338,0.03671195595159784,-0.017057604249238207,0.09387915319811078,0.21331538588229093,False,0.7,0.4871582435791218,0.5024711696869851,0.5068493150684932,0.5439560439560439,,,,0.036531140336882435
ES,volume_ratio,15,15,R,1220,-0.004814868789087621,-0.0714270110945065,0.05932473349257092,0.00929593028952673,-0.0495171645005618,0.06515647737781559,0.7527687186768697,False,-0.09999999999999999,0.5191666666666667,0.5332225913621262,0.5193370165745856,0.5388888888888889,,,,0.011066231689687891
ES,volume_ratio,15,15,Q,1220,0.02335022785704603,-0.03161340118566454,0.07776680262509467,0.038186585313623,-0.022478493464724084,0.09564434493798175,0.19548005359109188,False,0.7,0.4796342477140482,0.5057851239669422,0.5027472527472527,0.5164835164835165,,,,0.038219620407035665
ES,volume_ratio,15,30,R,1220,-0.002728934764090479,-0.07264480155681989,0.06210216680762924,-0.004181929348846404,-0.0596471049940926,0.053140064183052484,0.8873165292265819,False,0.09999999999999999,0.5103562551781275,0.4950166112956811,0.49586776859504134,0.4725274725274725,,,,-0.0063620555378900885
ES,volume_ratio,15,30,Q,1220,0.008663949428191799,-0.044295421826813654,0.05800572386811238,0.01585192052798678,-0.04194362787669284,0.07465147540654798,0.5911511539156538,False,0.6,0.4867549668874172,0.4942339373970346,0.4903581267217631,0.4835164835164835,,,,0.01511761418300846
ES,volume_ratio,30,5,R,1220,0.03939277329918646,-0.030374389583606238,0.10495563856343258,0.03822439304571154,-0.021967523431932555,0.0932512175770461,0.19503758157574103,False,0.19999999999999998,0.4849246231155779,0.5208681135225376,0.5524861878453039,0.6,,,,0.0378942341971421
ES,volume_ratio,30,5,Q,1220,0.04209310653558378,-0.007264922011360371,0.09595039870906015,0.03829957377357226,-0.013431031725001706,0.09432571892251157,0.19415990494862645,False,0.7,0.5,0.5100334448160535,0.5429362880886427,0.5604395604395604,,,,0.03732812785711536
ES,volume_ratio,30,10,R,1220,0.0015543137220519613,-0.07266157223233081,0.07628383649707395,0.00857404400533405,-0.05301475613372555,0.06489341179624782,0.7714119684044474,False,0.3,0.5108514190317195,0.5234113712374582,0.5376044568245125,0.489010989010989,,,,0.010328368915391439
ES,volume_ratio,30,10,Q,1220,0.0338998311364449,-0.01646930713505759,0.08662277138190437,0.037366680464536936,-0.016350145487762025,0.09324624609396982,0.20525699086762605,False,0.7,0.4871582435791218,0.5066006600660066,0.5287671232876713,0.521978021978022,,,,0.03718800746988671
ES,volume_ratio,30,15,R,1220,0.004253052576530711,-0.06926652078189874,0.07141457230133468,0.003662281984152341,-0.05159325434575694,0.057544495137658816,0.9012419131820697,False,-0.3,0.5191666666666667,0.519134775374376,0.5441988950276243,0.5418994413407822,,,,0.005432696115118711
ES,volume_ratio,30,15,Q,1220,0.03415947784562197,-0.018888908092342258,0.08789106746518566,0.038375602215337735,-0.020745404031269486,0.09315787142422555,0.1932752784020617,False,0.7,0.4796342477140482,0.5082781456953642,0.5247252747252747,0.4918032786885246,,,,0.03841028870876004
ES,volume_ratio,30,30,R,1220,0.0020076596903564675,-0.06649339898008129,0.07330097724842406,-0.017660774495679248,-0.0743262370718057,0.03560985090680352,0.5495218890050428,False,-0.3,0.5103562551781275,0.4842454394693201,0.5068493150684932,0.4808743169398907,,,,-0.019875346722324876
ES,volume_ratio,30,30,Q,1220,0.01792328385731876,-0.03278541844707581,0.06835412388475938,0.012632537660654596,-0.04902423277737,0.06814000007765902,0.668606422978897,False,0.49999999999999994,0.4867549668874172,0.48514851485148514,0.5068870523415978,0.4835164835164835,,,,0.011896409828769352
ES,volume_ratio,60,5,R,1220,0.05403843222707305,-0.02070902826832809,0.12684085091121738,0.043938583752875855,-0.019821433517175073,0.09877494694269141,0.13628571122197553,False,0.19999999999999998,0.4849246231155779,0.5166666666666667,0.5583333333333333,0.5777777777777777,,,,0.043611589750002185
ES,volume_ratio,60,5,Q,1220,0.06468947899884966,0.01569842293196513,0.11807562286771632,0.05590374017020077,-0.0010164047471293229,0.10918098912872037,0.05793238198714956,False,0.7,0.5,0.5091819699499165,0.5376044568245125,0.5494505494505495,,,,0.05496534659118899
ES,volume_ratio,60,10,R,1220,0.024243800326316366,-0.058001730575621455,0.11542456281551457,0.012023775779042263,-0.046846178705174116,0.0701611322032383,0.6836914034907413,False,0.09999999999999999,0.5108514190317195,0.5167224080267558,0.5238095238095238,0.5027624309392266,,,,0.013796956723445683
ES,volume_ratio,60,10,Q,1220,0.05301873588885093,-0.0005085898105941821,0.10764813534773862,0.046818431498521426,-0.00960901179904771,0.10235558493262932,0.11238860740154966,False,0.6,0.4871582435791218,0.4991735537190083,0.5178082191780822,0.532967032967033,,,,0.04666043531038322
ES,volume_ratio,60,15,R,1220,0.021435620158007464,-0.06295205619966432,0.10564202440124604,0.003100108430315632,-0.05524291757075447,0.0598864802446975,0.916341013701159,False,-0.49999999999999994,0.5191666666666667,0.5166666666666667,0.5388888888888889,0.5469613259668509,,,,0.004880000021357513
ES,volume_ratio,60,15,Q,1220,0.05135354441811525,0.00011834550104219545,0.1065478130793049,0.046464378369579416,-0.011726499388304092,0.10252487704681874,0.11513529577569681,False,0.7,0.4796342477140482,0.5016556291390728,0.5095890410958904,0.5081967213114754,,,,0.04651716623842376
ES,volume_ratio,60,30,R,1220,0.024133015169353508,-0.059487645257810556,0.11243911416929167,-0.01674596092867263,-0.07112846558402483,0.03904453653162491,0.5703947930929294,False,-0.49999999999999994,0.5103562551781275,0.4801980198019802,0.5095890410958904,0.5027322404371585,,,,-0.018958259949680947
ES,volume_ratio,60,30,Q,1220,0.034443446651596654,-0.01980733446496134,0.08608069398622616,0.020285741785668634,-0.040671594528935276,0.07146041369031328,0.4917974872000088,False,0.19999999999999998,0.4867549668874172,0.4801980198019802,0.5027472527472527,0.4945054945054945,,,,0.019563330055696656
NQ,norm_ret,1,5,R,1216,-0.03645056334081724,-0.1392736625620797,0.06245666508150618,-0.016367119574062748,-0.07455341062524648,0.038304294012681504,0.5797719715047305,False,-0.3,0.48444070647603027,0.48514851485148514,0.4807692307692308,0.48066298342541436,-0.2679082426127527,-3.4353307118620102,2.5786191502898332,-0.0139706794968787
NQ,norm_ret,1,5,Q,1216,-0.04663157930415243,-0.09974920527791412,0.002834188812667802,-0.0488781626316564,-0.10504261687499426,0.003880579182330201,0.09797045514297587,False,-0.49999999999999994,0.48739495798319327,0.4967105263157895,0.5123287671232877,0.4945054945054945,-0.04310026898169096,-0.10894707825538803,0.01877813971094184,-0.04705179458284199
NQ,norm_ret,1,10,R,1216,-0.021295683212223963,-0.12364189779062812,0.08274170136733468,-0.013595810669310378,-0.07296697491460535,0.04639053173143598,0.6455530875027227,False,-0.09999999999999999,0.4928390901432182,0.478476821192053,0.5123287671232877,0.5054945054945055,0.004581507139827523,-4.314520924643008,4.287082673547273,-0.011205413760831852
NQ,norm_ret,1,10,Q,1216,-0.020388320858186156,-0.07410897950541367,0.03344549153442131,-0.031531627357237475,-0.08769131011193103,0.023132644885620616,0.28596803356813383,False,-0.49999999999999994,0.48487394957983193,0.4794069192751236,0.5150684931506849,0.5,-0.03252881640876909,-0.09802997703714503,0.02777879627402178,-0.029661724265884693
NQ,norm_ret,1,15,R,1216,0.010946669299843708,-0.09335221986325003,0.11643896639938495,-0.0028153601411148336,-0.05606839205545122,0.05755946974882036,0.9241253857948293,False,0.09999999999999999,0.4928390901432182,0.48355263157894735,0.5315068493150685,0.5824175824175825,0.020504736321221545,-4.743374628870352,4.816004294500212,-0.0003911988717313812
NQ,norm_ret,1,15,Q,1216,-0.015109599710162562,-0.07024998213924727,0.04239082422333512,-0.03203652506038725,-0.08624267384970903,0.029001449230665537,0.278318061198382,False,-0.7999999999999999,0.4920368818105616,0.48355263157894735,0.5287671232876713,0.5494505494505495,-0.035062766227804736,-0.10184650232817093,0.026000851236952185,-0.030086299847671197
NQ,norm_ret,1,30,R,1216,0.06868937067827328,-0.006387900007558586,0.1444692595753485,0.0030541730855402328,-0.05496741760962095,0.06102081728184414,0.9177112560082334,False,0.6,0.47691015952980687,0.48599670510708404,0.5467032967032966,0.5824175824175825,-0.4951046232150431,-6.836033348649795,5.556007758376927,0.0013042382151285013
NQ,norm_ret,1,30,Q,1216,0.013538474139311309,-0.0402385065228939,0.07145420073639992,-0.013787868042983027,-0.06840441779707217,0.041374425805365024,0.6408957261178445,False,0.0,0.49369217830109335,0.4884488448844885,0.5509641873278237,0.5989010989010989,-0.032181921673923836,-0.09744589718507585,0.038171122159791425,-0.012805223479906815
NQ,norm_ret,5,5,R,1216,-0.03991957630162859,-0.1334035689348812,0.03109235983772244,0.014058305967051989,-0.04498286031307736,0.06753722620780195,0.6343615398939735,False,0.6,0.5095594347464671,0.515650741350906,0.4684931506849315,0.46153846153846156,1.2031079037800687,-1.6102119415807559,4.411187336769758,0.015320820710386573
NQ,norm_ret,5,5,Q,1216,-0.01276439847320499,-0.07084048229830801,0.037482863714849005,0.018611391721032218,-0.04368254192331974,0.07001857837464602,0.528916712664457,False,0.6,0.5124584717607974,0.5321252059308073,0.5178082191780822,0.5164835164835165,0.02285026066982171,-0.04688052310977662,0.09421350568132487,0.01981303333498781
NQ,norm_ret,5,10,R,1216,0.03493454707848466,-0.08447558671463778,0.13679488549673022,0.02433052698496774,-0.03541555699741463,0.08347275042681147,0.4103842020801012,False,0.39999999999999997,0.507910074937552,0.5281456953642384,0.5137362637362637,0.521978021978022,0.5926006872852233,-3.511489914089347,5.200144896907215,0.02199405882560853
NQ,norm_ret,5,10,Q,1216,0.014072750868550102,-0.04743704575072067,0.06518849927653482,0.0194240541132057,-0.035012727788493736,0.07155460619464409,0.5110772116255948,False,0.3,0.5066445182724253,0.5198019801980198,0.5027472527472527,0.5164835164835165,0.02215611267386391,-0.04421060159127118,0.0935672053524883,0.01895559081484084
NQ,norm_ret,5,15,R,1216,0.07018843531465907,-0.04799723812223465,0.1731973986227802,0.02781463891043083,-0.02893146748785866,0.08371195769817015,0.34662346183944504,False,0.6,0.492089925062448,0.5115511551155115,0.5137362637362637,0.5469613259668509,1.7513319587628866,-2.83689470790378,6.243087164948452,0.025433763733424805
NQ,norm_ret,5,15,Q,1216,0.025124718204767776,-0.03746716487928174,0.07595458446201776,0.018785777005955243,-0.03452502613768552,0.07239778130190185,0.5250621312572417,False,0.3,0.5062137531068766,0.53125,0.5315068493150685,0.5714285714285714,0.019141894425462574,-0.04722316182725597,0.09745380440307017,0.017966847878920954
NQ,norm_ret,5,30,R,1216,0.08651692260473826,-0.005061031255721852,0.18823974831360074,0.02208325701823879,-0.03061403844652626,0.07466510274202742,0.4549694844398682,False,0.3,0.49294605809128633,0.5115131578947368,0.5150684931506849,0.5494505494505495,0.8764859106529213,-4.887462646048109,6.775387147766322,0.019680658067885156
NQ,norm_ret,5,30,Q,1216,0.039451230966931955,-0.019181408805072065,0.08873349163569315,0.02646131284082783,-0.025512074863885525,0.0802227587219518,0.3706028706956559,False,0.09999999999999999,0.4995843724023275,0.5264026402640264,0.532967032967033,0.574585635359116,0.019046060913410306,-0.05242912440776476,0.09316254009119856,0.025340706633412462
NQ,norm_ret,10,5,R,1216,-0.0803575123850081,-0.157278336512976,-0.015601458088727843,-0.044381297391691124,-0.09692370844056282,0.011112753388488732,0.1330141291591591,False,-0.8999999999999998,0.4871582435791218,0.47029702970297027,0.45879120879120877,0.425414364640884,-1.9705580315742388,-4.302669753128511,1.2823906998374348,-0.043198576914075304
NQ,norm_ret,10,5,Q,1216,-0.06777434898135981,-0.11706473118560115,-0.018152067518253344,-0.050969794554608594,-0.10256065113865033,0.005795586563085121,0.08440027995889565,False,-0.6,0.48841059602649006,0.4752475247524752,0.47107438016528924,0.42857142857142855,-0.041672485210305914,-0.10291585771969049,0.025725642947187675,-0.04985146941279793
NQ,norm_ret,10,10,R,1216,-0.029846005017896967,-0.1301074399152554,0.06249795031316619,-0.023097505170685012,-0.08121624530226731,0.03919597239844485,0.4345182017613112,False,-0.8999999999999998,0.4954356846473029,0.48599670510708404,0.48626373626373626,0.45604395604395603,-3.0199336930076264,-6.295821582094112,1.446185165890221,-0.02554740199989755
NQ,norm_ret,10,10,Q,1216,-0.03639961286588679,-0.08760602542571808,0.013506537713217687,-0.03524458740868347,-0.09039505562237166,0.018456554844108648,0.23296687294499163,False,-0.7999999999999999,0.4925496688741722,0.4827018121911038,0.4712328767123288,0.4230769230769231,-0.030525889777748994,-0.08305423892187473,0.040046350955692214,-0.03578944433794191
NQ,norm_ret,10,15,R,1216,0.0019973809932758626,-0.09663712961331496,0.09381995260780647,-0.011460810625853867,-0.06999650621578864,0.04761255878476903,0.6982274715312102,False,-0.39999999999999997,0.5004149377593361,0.4933993399339934,0.4986225895316804,0.47513812154696133,-2.5854060519109288,-6.7298851287954005,2.1536656365580353,-0.013944197322194273
NQ,norm_ret,10,15,Q,1216,-0.026265110031441174,-0.08274662667500132,0.02269057759757066,-0.031378357294423904,-0.0881185661188737,0.02705459380155694,0.2883181113505644,False,-0.49999999999999994,0.49876135425268375,0.4901315789473684,0.4931506849315068,0.4835164835164835,-0.028126396543986205,-0.07929491541326694,0.041900924287858944,-0.032276732120411204
NQ,norm_ret,10,30,R,1216,0.02426401265659097,-0.06326522138718173,0.12105950434115956,-0.0096874093533183,-0.061561983044824145,0.043209167769840094,0.7431257996157108,False,0.09999999999999999,0.49710504549214224,0.49917627677100496,0.5137362637362637,0.510989010989011,-2.5030828250979194,-7.125944434822217,3.940261126400601,-0.012174258360169261
NQ,norm_ret,10,30,Q,1216,-0.006827973187937397,-0.06540664915558267,0.04249102086571532,-0.015317278459367515,-0.06817696870689538,0.04330726185431599,0.6043223684161747,False,0.0,0.49337748344370863,0.4900990099009901,0.5041095890410959,0.5,-0.02230176053136527,-0.08012788868991988,0.05082353951481075,-0.016510928894648006
NQ,norm_ret,15,5,R,1216,-0.09122918494758019,-0.16948426269816977,-0.020467452176936015,-0.05598370609143882,-0.11196750016564852,-0.001865290934751745,0.05798595900147596,False,-0.09999999999999999,0.48049792531120333,0.4514003294892916,0.4575342465753425,0.45054945054945056,-1.046345395620726,-4.023914743719805,1.9413959895042197,-0.05756891721750818
NQ,norm_ret,15,5,Q,1216,-0.08273341212174232,-0.13820231865079913,-0.03471246029302939,-0.08208525651015028,-0.14133874942074517,-0.019443718106873373,0.005385061051011775,False,-0.6,0.4759535655058043,0.4504950495049505,0.45054945054945056,0.43956043956043955,-0.0626686156179418,-0.12153289463852589,0.008405195964694556,-0.0819298014011303
NQ,norm_ret,15,10,R,1216,-0.029584535180796796,-0.13547906847415966,0.06337850474025804,-0.01611864615671502,-0.07566478344567998,0.04819773267915042,0.5855401694492361,False,-0.39999999999999997,0.514546965918537,0.49174917491749176,0.4767123287671233,0.45604395604395603,0.5254182683607609,-3.1115026541053634,4.634268393663049,-0.016381890604416756
NQ,norm_ret,15,10,Q,1216,-0.04820564746711928,-0.10412527793761926,-0.0018132538797557484,-0.05476674925901932,-0.10604130691095057,0.003716684000345829,0.06366621586269416,False,-0.6,0.4966832504145937,0.4728171334431631,0.4712328767123288,0.45604395604395603,-0.03070882588246702,-0.08643276167350572,0.033740276432803515,-0.0548796208852287
NQ,norm_ret,15,15,R,1216,-0.0015046590507627293,-0.10739338975783085,0.09094289254354143,-0.015858686740586696,-0.07186808292993004,0.04676740881530423,0.591603327647336,False,-0.3,0.5103906899418121,0.4826446280991736,0.4807692307692308,0.4972375690607735,0.46086839695326254,-3.146560116309039,4.92462150551933,-0.017351816679319995
NQ,norm_ret,15,15,Q,1216,-0.036057453032062016,-0.09790424698291905,0.01387527956755244,-0.04829067872847419,-0.10381332404307665,0.008436695268772268,0.10207986683803982,False,-0.6,0.5070306038047974,0.48355263157894735,0.4904109589041096,0.5,-0.020550934845879526,-0.07918377771784316,0.047553412352761885,-0.04859899072821743
NQ,norm_ret,15,30,R,1216,0.02006770357073176,-0.06779312526375376,0.11824210098354439,-0.01546433324541875,-0.0696770559158215,0.04244135303740471,0.6008555717635855,False,-0.49999999999999994,0.49461474730737365,0.47611202635914335,0.4931506849315068,0.521978021978022,-1.0710617518192138,-5.981507133593626,4.969542907122763,-0.01773075440943138
NQ,norm_ret,15,30,Q,1216,-0.020695984493556745,-0.08271201342374161,0.028480782605748944,-0.03546490717389408,-0.089521350357074,0.021843289547150785,0.2300564695310765,False,-0.7,0.4954356846473029,0.4786184210526316,0.4876712328767123,0.489010989010989,-0.020736092162812733,-0.08330965360734521,0.04488066476802059,-0.036653166740763576
NQ,norm_ret,30,5,R,1216,-0.10097859700263415,-0.18035449714827947,-0.01824381587476542,-0.05509552377805408,-0.10895256311503976,0.0008853810030763261,0.06208816824563046,False,-0.09999999999999999,0.47840531561461797,0.46611570247933887,0.4383561643835616,0.3956043956043956,-1.581876316251316,-4.458118665540541,1.138410544269918,-0.052813704742223765
NQ,norm_ret,30,5,Q,1216,-0.10817498890005972,-0.161827452167969,-0.05327843169198185,-0.09324060943082707,-0.14958913984519626,-0.034962866716240985,0.0015596996877871305,False,-0.9999999999999999,0.46556016597510375,0.44224422442244227,0.42857142857142855,0.3867403314917127,-0.08596856918850823,-0.1503277540847303,-0.026799877104211497,-0.0927500269293596
NQ,norm_ret,30,10,R,1216,-0.04597882748317486,-0.1465296356775546,0.04020030003798269,-0.011397638519945094,-0.06806115231644388,0.046769868182880425,0.6998099475947146,False,-0.3,0.5091514143094842,0.4859504132231405,0.46153846153846156,0.4340659340659341,0.3822229290979291,-3.384261199104949,4.269330933002802,-0.008997057622812481
NQ,norm_ret,30,10,Q,1216,-0.0748478617844798,-0.12455439862158223,-0.02633510959091351,-0.06066415381686228,-0.110850091711284,-0.00414155400373908,0.03991036893034239,False,-0.6,0.4896265560165975,0.45799011532125206,0.4368131868131868,0.39779005524861877,-0.04559896590789185,-0.10919478997497292,0.013905922142329677,-0.059673884813928456
NQ,norm_ret,30,15,R,1216,-0.027351310241504497,-0.11713000800708591,0.05831534105203941,-0.008311522359203743,-0.0629414144617379,0.053517505167792835,0.7785804775080205,False,-0.3,0.5091514143094842,0.4826446280991736,0.48626373626373626,0.4585635359116022,1.024043524043524,-2.9617671496577747,5.624795295498419,-0.005914452934400164
NQ,norm_ret,30,15,Q,1216,-0.05538459633191399,-0.11066628196960479,-0.005989833255655301,-0.04777098970917332,-0.10038411581553809,0.006014077969462048,0.10582815429241466,False,-0.3,0.5033112582781457,0.4819078947368421,0.4794520547945205,0.47802197802197804,-0.032431303455548025,-0.09458101044774248,0.030207481620657062,-0.046620600953655465
NQ,norm_ret,30,30,R,1216,-0.026577878982870277,-0.10586147283312981,0.06032862563366898,-0.009013208452429734,-0.05786731465686625,0.0448809688731265,0.7604363163775281,False,-0.19999999999999998,0.5008291873963516,0.4868421052631579,0.4904109589041096,0.4835164835164835,1.3312785187785188,-4.509848439145315,7.131173904220775,-0.006620662663223689
NQ,norm_ret,30,30,Q,1216,-0.04391013347752283,-0.09814770327281756,0.0033958481060188156,-0.02941931202658656,-0.07836029278384521,0.025143974192997246,0.3194997672868247,False,-0.3,0.5049833887043189,0.48514851485148514,0.473972602739726,0.46153846153846156,-0.016965934058006685,-0.08151933750035645,0.053055421079053186,-0.027938622085725222
NQ,norm_ret,60,5,R,1216,-0.10845967904993525,-0.17761247375132236,-0.0358633285702702,-0.06506654292851333,-0.11893456829547397,-0.004702059205638392,0.02751091895729596,False,-0.6,0.49130074565037285,0.4596375617792422,0.4258241758241758,0.3791208791208791,-0.8765541970822831,-4.14725565553155,1.9475550038462792,-0.06394300946125449
NQ,norm_ret,60,5,Q,1216,-0.1180671822082819,-0.17091496768323508,-0.06878964734591339,-0.09878262935698386,-0.15290209026171273,-0.041978115128716305,0.0008006762521324262,False,-0.7,0.4718543046357616,0.4521452145214521,0.39285714285714285,0.37362637362637363,-0.05988442672242957,-0.11943973024886585,-0.00030904493540740205,-0.09776661850651641
NQ,norm_ret,60,10,R,1216,-0.04622825490677872,-0.13622863932967338,0.04404804855558463,-0.015405054191472955,-0.07572029123929097,0.04789457539676673,0.6022519885143256,False,-0.39999999999999997,0.5053941908713693,0.5049668874172185,0.46301369863013697,0.4175824175824176,0.36172556112038584,-3.76563173439938,4.293816133506822,-0.017850499721147575
NQ,norm_ret,60,10,Q,1216,-0.0757920476029999,-0.12967288811912198,-0.029252217736837182,-0.05643612304101601,-0.11147899220555592,-0.0001582033187898168,0.05598441199934179,False,-0.6,0.4991721854304636,0.48105436573311366,0.4410958904109589,0.3901098901098901,-0.017942588358846948,-0.08548584780454631,0.03655559459390595,-0.05699551688247192
NQ,norm_ret,60,15,R,1216,-0.01703754030973342,-0.10901185906849734,0.07308089335869626,-0.019231424914519603,-0.07435117908424944,0.044794306621225854,0.5152772375993917,False,-0.19999999999999998,0.5029045643153527,0.5099009900990099,0.48626373626373626,0.425414364640884,0.29582937793926695,-4.2199523375015,4.597842059750993,-0.021737753912779864
NQ,norm_ret,60,15,Q,1216,-0.05456239962754693,-0.1109396171663054,-0.0040125279881158835,-0.04200688863108353,-0.09527725155832723,0.015821289766524412,0.15506994793197926,False,-0.7,0.5119735755573905,0.49835526315789475,0.4712328767123288,0.4230769230769231,-0.005207301744708695,-0.07055986717739965,0.05285729883934503,-0.04292385103402119
NQ,norm_ret,60,30,R,1216,-0.018891258753022156,-0.10778042664577946,0.07422485012667113,-0.009767432250049148,-0.06579788144365932,0.04960296964230031,0.7410795506379932,False,0.09999999999999999,0.5119933829611248,0.5107084019769358,0.5,0.46703296703296704,0.6857828134036028,-4.997826289322073,6.794437897585295,-0.012253515327360699
NQ,norm_ret,60,30,Q,1216,-0.03912354146442894,-0.09396717958512119,0.009150927267513358,-0.02079522139644891,-0.07570616362383704,0.038849620638082095,0.4817043160993635,False,-0.19999999999999998,0.5136702568351285,0.5115511551155115,0.4945054945054945,0.45604395604395603,0.0072150398287738286,-0.06163484752310447,0.07042800587002694,-0.0219423989918836
NQ,range_ratio,1,5,R,1216,0.04285486376356725,-0.08141390359736347,0.1823677860419212,0.05665119429795929,0.005399761426098341,0.11385561562916112,0.055053247382676807,False,0.7999999999999999,0.5123762376237624,0.5123558484349259,0.5494505494505495,0.5824175824175825,,,,0.05924369069767237
NQ,range_ratio,1,5,Q,1216,0.024030142035345373,-0.031022610983919056,0.08872980085398696,0.05366543145919046,-0.00029270095977281115,0.1072549243210668,0.06919494560475759,False,0.7999999999999999,0.5078318219291014,0.5115131578947368,0.5342465753424658,0.5164835164835165,,,,0.05565918332121408
NQ,range_ratio,1,10,R,1216,-0.04559429546852017,-0.15388196604323737,0.0758884201747503,0.005653202459405862,-0.05241164789349608,0.060266690318089775,0.8483382913765791,False,-0.3,0.5132231404958678,0.5033003300330033,0.5205479452054794,0.532967032967033,,,,0.008115802867321713
NQ,range_ratio,1,10,Q,1216,0.00780933438484571,-0.04587457785304435,0.07182751738400842,0.03811565760293109,-0.015128937741101016,0.0924161685118673,0.1970489854873878,False,0.3,0.494641384995878,0.500823723228995,0.5232876712328767,0.5164835164835165,,,,0.040037309732548626
NQ,range_ratio,1,15,R,1216,-0.07789988822202822,-0.187404529140196,0.0499543267143957,-0.019798268711436924,-0.07568282469478231,0.03341189544782303,0.5029692733427391,False,-0.7,0.5198347107438016,0.504950495049505,0.5027472527472527,0.47513812154696133,,,,-0.017400532326942598
NQ,range_ratio,1,15,Q,1216,-0.012859107556480079,-0.068940300056899,0.04864891076510965,0.021517268622853587,-0.03352366776675381,0.07609836358314657,0.4666133105984258,False,0.3,0.5016447368421053,0.5,0.5205479452054794,0.5164835164835165,,,,0.02351708641455029
NQ,range_ratio,1,30,R,1216,-0.01187981015096497,-0.12475413426233252,0.08609589477166242,-0.01048722777337122,-0.0626722984176904,0.04770649576453926,0.7227574965717509,False,-0.49999999999999994,0.5313014827018122,0.515650741350906,0.5274725274725275,0.5054945054945055,,,,-0.01235787215642564
NQ,range_ratio,1,30,Q,1216,-0.011462016876003662,-0.05763110369792331,0.04416226802881314,0.007773525780517467,-0.047985283768532214,0.06509859888517847,0.7925746108879907,False,-0.09999999999999999,0.49174917491749176,0.4925864909390445,0.4958904109589041,0.47802197802197804,,,,0.008816150590350446
NQ,range_ratio,5,5,R,1216,0.03691701180390281,-0.05950445942923627,0.139816869293739,0.0464136121828723,-0.009374353354900944,0.10044634148732197,0.11613324827081772,False,0.3,0.5123762376237624,0.5238879736408567,0.547945205479452,0.5384615384615384,,,,0.045163048905291825
NQ,range_ratio,5,5,Q,1216,0.023219273299807275,-0.031693570839469526,0.07842305878060717,0.046068999485231715,-0.00499974069072014,0.1018623587997956,0.1188709560476724,False,0.0,0.5078318219291014,0.5189456342668863,0.5150684931506849,0.4945054945054945,,,,0.04494835443139187
NQ,range_ratio,5,10,R,1216,-0.07444972356877107,-0.1765257548614858,0.02926643003134323,-0.003725984623624595,-0.06266704187124403,0.05293462693609249,0.8996974723536755,False,-0.49999999999999994,0.5132231404958678,0.5115511551155115,0.5123287671232877,0.46703296703296704,,,,-0.0013213943226032556
NQ,range_ratio,5,10,Q,1216,-0.009540651343945742,-0.05886519391169355,0.04363189316876236,0.026358084600760476,-0.026130788199195173,0.07811088930125605,0.3724732228860974,False,0.09999999999999999,0.494641384995878,0.500823723228995,0.5041095890410959,0.46153846153846156,,,,0.026903772660309307
NQ,range_ratio,5,15,R,1216,-0.09200320607702725,-0.20459901588951582,0.022206387420056827,-0.0061542972413638234,-0.06415533192192305,0.04922650677119433,0.8350800348154213,False,-0.49999999999999994,0.5198347107438016,0.512396694214876,0.5192307692307693,0.49171270718232046,,,,-0.0037135026567213817
NQ,range_ratio,5,15,Q,1216,-0.025763375896095352,-0.07989578562326388,0.02887503013308051,0.020779462102298567,-0.03503477997665425,0.07395525758241521,0.48203661971395584,False,0.3,0.5016447368421053,0.5131578947368421,0.5150684931506849,0.45604395604395603,,,,0.021666735968245872
NQ,range_ratio,5,30,R,1216,-0.042775833651316465,-0.15279843109595137,0.06922927252063327,0.005230421688122592,-0.05192329374816613,0.06382599643782155,0.8595580440185484,False,-0.6,0.5313014827018122,0.5164473684210527,0.5287671232876713,0.510989010989011,,,,0.007713570717166704
NQ,range_ratio,5,30,Q,1216,-0.027522623955434377,-0.07603592715633184,0.02089251662567792,0.013552683267170402,-0.04264880940812056,0.06566964126553261,0.6466008391563622,False,0.3,0.49174917491749176,0.4933993399339934,0.5054945054945055,0.46703296703296704,,,,0.014705882303749073
NQ,range_ratio,10,5,R,1216,0.04984784178517402,-0.0413967717591263,0.14231791482743203,0.04932214554865901,-0.009525661437925466,0.10420328818069324,0.09495322644637572,False,0.9999999999999999,0.5123762376237624,0.5230263157894737,0.5452054794520548,0.6043956043956044,,,,0.04807751745350079
NQ,range_ratio,10,5,Q,1216,0.030354609537404348,-0.018779643714066416,0.07993057336073676,0.04623869969173703,-0.011404020695550476,0.09805285874088808,0.1175165601455288,False,0.7999999999999999,0.5078318219291014,0.5165016501650165,0.5137362637362637,0.532967032967033,,,,0.045102126434215656
NQ,range_ratio,10,10,R,1216,-0.06414913487754223,-0.1636831940106562,0.03619294296496337,0.013929302684025128,-0.041995391136483005,0.06468300383797308,0.6374749458118967,False,0.6,0.5132231404958678,0.5205930807248764,0.5232876712328767,0.5274725274725275,,,,0.016373995572119385
NQ,range_ratio,10,10,Q,1216,-0.00020998674873536495,-0.04348792767326014,0.04682883798473976,0.03069606010991688,-0.01853248523147972,0.08065008726198628,0.29893712345094725,False,0.8999999999999998,0.494641384995878,0.500823723228995,0.5205479452054794,0.532967032967033,,,,0.031265815201352
NQ,range_ratio,10,15,R,1216,-0.09768340067301902,-0.20235960166072792,-0.0031844362806550722,-0.015504364461043205,-0.07165803938850032,0.037463189445418,0.599913396638202,False,-0.19999999999999998,0.5198347107438016,0.5132013201320133,0.4903581267217631,0.4777777777777778,,,,-0.013088743975633144
NQ,range_ratio,10,15,Q,1216,-0.024601166871682543,-0.07046438483377092,0.023679879037185346,0.01885759556266391,-0.034375593510976285,0.06989435923163018,0.5234788498502616,False,0.8999999999999998,0.5016447368421053,0.5098684210526315,0.5178082191780822,0.5274725274725275,,,,0.01975683244921977
NQ,range_ratio,10,30,R,1216,-0.06659940056718855,-0.16524823027373473,0.034432935425069165,-0.003199034632792839,-0.06034376515513885,0.061396287283683786,0.9138230855519844,False,-0.39999999999999997,0.5313014827018122,0.5271828665568369,0.521978021978022,0.510989010989011,,,,-0.0007364497318010205
NQ,range_ratio,10,30,Q,1216,-0.025982956286535845,-0.07234756729703808,0.019600229609465697,0.0059354698131071325,-0.050683434669700274,0.05863123670169275,0.8408643773191908,False,0.6,0.49174917491749176,0.5,0.5,0.5,,,,0.007066790752868198
NQ,range_ratio,15,5,R,1216,0.052270803900733846,-0.03689913944988479,0.1364548173425575,0.04688455659562329,-0.011614645611864542,0.10083750672179376,0.11247219873538428,False,0.49999999999999994,0.5123762376237624,0.5304777594728172,0.547945205479452,0.5989010989010989,,,,0.04565421382580198
NQ,range_ratio,15,5,Q,1216,0.03260653459597537,-0.017468264278231897,0.08483828173839028,0.052461324499120346,-0.005281093118999907,0.10341713431419333,0.0756839552511075,False,0.6,0.5078318219291014,0.5214521452145214,0.5137362637362637,0.5439560439560439,,,,0.05133342802281123
NQ,range_ratio,15,10,R,1216,-0.06451791141623164,-0.16530488661878726,0.03840400661246984,0.001428151503279262,-0.05369654051227781,0.05731737029046118,0.9614678546034165,False,-0.3,0.5132231404958678,0.5090609555189456,0.5178082191780822,0.5494505494505495,,,,0.0038426675049172414
NQ,range_ratio,15,10,Q,1216,0.0065382752286727245,-0.039010712791667485,0.05692000427999508,0.03393262751405898,-0.015553787538194126,0.08763780115303312,0.25083779774842974,False,0.7,0.494641384995878,0.5024711696869851,0.5095890410958904,0.5439560439560439,,,,0.03450265326226285
NQ,range_ratio,15,15,R,1216,-0.09428545440538555,-0.19633568093708162,0.004371410717999422,-0.018597354849895605,-0.07392769928633583,0.03880555997127076,0.5292276051578964,False,-0.3,0.5198347107438016,0.5,0.4903581267217631,0.47513812154696133,,,,-0.016184921989417324
NQ,range_ratio,15,15,Q,1216,-0.017390276434371542,-0.06605569334484422,0.030561613337922428,0.0210563016742101,-0.02959815220271828,0.07619023580775806,0.4762172703628149,False,0.49999999999999994,0.5016447368421053,0.5032894736842105,0.4986301369863014,0.532967032967033,,,,0.02195550248317216
NQ,range_ratio,15,30,R,1216,-0.04494370247592884,-0.14686825271827628,0.05563428650413073,-0.004368139117726554,-0.05935496542163433,0.05322910347455194,0.8825268589349564,False,-0.3,0.5313014827018122,0.5238879736408567,0.5302197802197802,0.5054945054945055,,,,-0.001908938495200928
NQ,range_ratio,15,30,Q,1216,-0.013892730476632927,-0.061957838950478836,0.034263008829121866,0.008901049446798169,-0.04592579902481019,0.06364365786866774,0.7633279869425411,False,-0.3,0.49174917491749176,0.48929159802306427,0.5041095890410959,0.5,,,,0.010029171421117998
NQ,range_ratio,30,5,R,1216,0.06744837833750529,-0.020158270099605316,0.15085369994085482,0.05130543023611104,-0.004832620982422474,0.10632126663162028,0.08237130478158194,False,0.7,0.5123762376237624,0.514003294892916,0.5561643835616439,0.5934065934065934,,,,0.05007575755964057
NQ,range_ratio,30,5,Q,1216,0.03971452451463368,-0.010173569091326233,0.09426760812157395,0.05710643330125543,0.0001753900307302561,0.11254651178326934,0.05312473514350824,False,0.8999999999999998,0.5078318219291014,0.5165016501650165,0.532967032967033,0.532967032967033,,,,0.05598828977894887
NQ,range_ratio,30,10,R,1216,-0.03830010381852345,-0.13597905764619278,0.06388941317618756,0.018065312562456966,-0.035454310057083695,0.07727059243363231,0.5410794300548731,False,0.6,0.5132231404958678,0.5172981878088962,0.5342465753424658,0.5274725274725275,,,,0.020519667045112454
NQ,range_ratio,30,10,Q,1216,0.02023419738859394,-0.02799429616712715,0.07345312511377423,0.04040499164009186,-0.011658841126987984,0.0977859299713502,0.17144727547728245,False,0.6,0.494641384995878,0.4958813838550247,0.5192307692307693,0.5274725274725275,,,,0.04098047754130627
NQ,range_ratio,30,15,R,1216,-0.06911350179568994,-0.17138575243892967,0.033145263745417736,-0.0062434487983232525,-0.060798170507983626,0.05060231078910113,0.8327259925421406,False,-0.3,0.5198347107438016,0.4975206611570248,0.5068870523415978,0.48066298342541436,,,,-0.0037996714220257365
NQ,range_ratio,30,15,Q,1216,-0.0034322427621249134,-0.0526424906659815,0.050531799762191534,0.027148461274868235,-0.025599122529699744,0.08387979937138473,0.35830153639231455,False,0.6,0.5016447368421053,0.5016447368421053,0.5205479452054794,0.5164835164835165,,,,0.028053574228183185
NQ,range_ratio,30,30,R,1216,-0.018337516275060885,-0.11983614547526768,0.0769819131517952,-0.0024934480495537115,-0.05725546405867912,0.052755206007951236,0.9327791472313727,False,0.0,0.5313014827018122,0.5255354200988468,0.5205479452054794,0.489010989010989,,,,-3.0023323824193145e-05
NQ,range_ratio,30,30,Q,1216,-0.003324801216447646,-0.051638977232163506,0.04978503483508545,0.014686503082801014,-0.041732777940226444,0.07389392343359938,0.6192933789188144,False,0.49999999999999994,0.49174917491749176,0.49504950495049505,0.5041095890410959,0.5054945054945055,,,,0.01583298610515433
NQ,range_ratio,60,5,R,1216,0.05541730482678451,-0.02106699010056726,0.1401319061356974,0.025595288216732116,-0.03402341976542382,0.08056720727755268,0.3864743439055083,False,0.3,0.5123762376237624,0.5099009900990099,0.5260273972602739,0.6043956043956044,,,,0.02432695191341634
NQ,range_ratio,60,5,Q,1216,0.039559169643585565,-0.013608434996691184,0.09164956258503361,0.03277146982395721,-0.023017807977148527,0.08378611404838066,0.26743306016382995,False,0.39999999999999997,0.5078318219291014,0.5066006600660066,0.5137362637362637,0.5524861878453039,,,,0.0316205810138507
NQ,range_ratio,60,10,R,1216,-0.039260888930461306,-0.12876429507907022,0.050534045628348984,-0.007153638356399815,-0.06385538129461375,0.0480932121881633,0.8087816781420512,False,-0.09999999999999999,0.5132231404958678,0.5082236842105263,0.5013698630136987,0.5494505494505495,,,,-0.004754686669564966
NQ,range_ratio,60,10,Q,1216,0.015875941117265636,-0.03227163336342582,0.0644008164187347,0.017286772561310615,-0.04051941691492953,0.07048005826778912,0.5586574938764135,False,0.3,0.494641384995878,0.4827018121911038,0.5027472527472527,0.5604395604395604,,,,0.01782617406716455
NQ,range_ratio,60,15,R,1216,-0.07006764457387854,-0.16452679520101007,0.0201643040354166,-0.027796453344428325,-0.08206350219520704,0.028363995223194834,0.3469390068942717,False,-0.6,0.5198347107438016,0.4884488448844885,0.47527472527472525,0.5193370165745856,,,,-0.02540746284520657
NQ,range_ratio,60,15,Q,1216,-0.010797323844303371,-0.06350942718375883,0.03804905547858593,-0.0011678994444082077,-0.059586732894639734,0.049342779605127264,0.9684855152529575,False,0.09999999999999999,0.5016447368421053,0.4934210526315789,0.4958904109589041,0.5494505494505495,,,,-0.0003083477664503863
NQ,range_ratio,60,30,R,1216,-0.042562564308428516,-0.13750762357928065,0.05444371540788331,-0.02909198676884565,-0.08339672335573009,0.028833517322096602,0.32491686175172796,False,-0.49999999999999994,0.5313014827018122,0.5074135090609555,0.4945054945054945,0.5054945054945055,,,,-0.026695736982168945
NQ,range_ratio,60,30,Q,1216,-0.016177932745785564,-0.06749595926840381,0.03975748065555268,-0.011013920163290634,-0.06671724013966292,0.04375261651961357,0.7094499387431692,False,-0.3,0.49174917491749176,0.47854785478547857,0.4835164835164835,0.5164835164835165,,,,-0.009904061875547427
NQ,close_location,1,5,R,1236,0.0038220299907223416,-0.05028837503086955,0.06096595640535052,0.003014057200702458,-0.04964555074005726,0.05912905036202216,0.9181239040087179,False,0.0,0.49135802469135803,0.5008103727714749,0.4972972972972973,0.5380434782608695,-0.5286472263195716,-3.4325428094219226,2.111151791937496,0.0019772295816822927
NQ,close_location,1,5,Q,1236,-0.01028402656195821,-0.06584427081725469,0.03866432366577873,-0.011422013356613869,-0.06807289051780967,0.03768347749209139,0.6968514535433434,False,-0.6,0.5094494658997535,0.513776337115073,0.5216216216216216,0.5163043478260869,-0.021972633938146743,-0.08427826739762294,0.04630145837386286,-0.012644431093535552
NQ,close_location,1,10,R,1236,-0.000968587891903341,-0.05468700386023994,0.05573419130841077,-0.006354522102699694,-0.06304399045963661,0.049367121036264415,0.8284194223636601,False,0.09999999999999999,0.482275350370981,0.5089722675367048,0.518918918918919,0.518918918918919,-1.4158271602937125,-5.440054432836789,2.204066118387282,-0.00688747703159689
NQ,close_location,1,10,Q,1236,-0.010493678031659136,-0.065032388159458,0.0424217781673855,-0.008807831035853845,-0.06316164452950149,0.04359973885866248,0.7638673774184022,False,-0.19999999999999998,0.4909539473684211,0.5146103896103896,0.5162162162162162,0.5297297297297298,-0.03558672191492189,-0.09698992961484093,0.02279654020964841,-0.009979566878781512
NQ,close_location,1,15,R,1236,0.01834080139213194,-0.0341714826065196,0.07900593230342558,0.010288823522170726,-0.04996666459410194,0.06976454376984247,0.7256474400194364,False,0.09999999999999999,0.49546578730420443,0.5226537216828478,0.5498652291105122,0.5243243243243243,0.34732330518319204,-4.48055002863642,4.5674090185812535,0.008520518750360051
NQ,close_location,1,15,Q,1236,-0.007949548284701019,-0.061913101806002103,0.04651752720017635,-0.006942761213707321,-0.06150689252679496,0.04723427547033404,0.8128178254049305,False,-0.19999999999999998,0.4946677604593929,0.5275080906148867,0.5363881401617251,0.5513513513513514,-0.03373193006688767,-0.09928659796974412,0.024254216212795172,-0.0086182129585871
NQ,close_location,1,30,R,1236,0.02567852034740053,-0.02758848543175417,0.07879829450179245,0.020348122692320076,-0.037997749518829414,0.0756623014314114,0.48762865986035586,False,0.39999999999999997,0.504519309778143,0.5080906148867314,0.5309973045822103,0.5081081081081081,0.9311260326671313,-4.752221905915851,6.236059230112543,0.018971280144875983
NQ,close_location,1,30,Q,1236,0.004783666152591305,-0.050657724108031085,0.05885016209334786,0.006035531460648265,-0.05026477109410324,0.05872016633565908,0.8369086289159366,False,0.3,0.5061728395061729,0.5235772357723577,0.5407608695652174,0.5271739130434783,-0.015585585536763676,-0.07671109181709451,0.042650155184811626,0.00422571236118702
NQ,close_location,5,5,R,1236,0.005054686946350099,-0.05528674866334479,0.059477885668927574,0.012302317935589465,-0.04630359636897814,0.06831910671488206,0.6747762879179415,False,0.19999999999999998,0.4967159277504105,0.5040518638573744,0.527027027027027,0.5489130434782609,-0.16170128569582634,-2.7586430471206445,3.1143313627945037,0.011269343025551763
NQ,close_location,5,5,Q,1236,0.0003309716710900685,-0.05281686197557917,0.05325678396569497,0.00101356378929854,-0.05260874989988969,0.05586671154538051,0.972423863895238,False,0.3,0.5041050903119869,0.5153970826580226,0.5336927223719676,0.5405405405405406,-0.009008682516193849,-0.0662814781563984,0.055423506992646324,-0.00019456407162813305
NQ,close_location,5,10,R,1236,0.005750189194500877,-0.05152687522560271,0.05917152670166156,0.011473411567224565,-0.048611852620091246,0.06682916178841887,0.6955552624046244,False,0.19999999999999998,0.4942434210526316,0.5154975530179445,0.5311653116531165,0.518918918918919,-0.45503967997587974,-5.134428907158547,3.5635390083236405,0.010951275713351543
NQ,close_location,5,10,Q,1236,0.006385340749304758,-0.048135488443901725,0.06133969458359035,0.009237310425554503,-0.04703982417203774,0.06612667090530375,0.7527198280705141,False,0.39999999999999997,0.4922067268252666,0.5056726094003241,0.522911051212938,0.5297297297297298,-0.0057370261090449425,-0.06551202375309392,0.0625569897304738,0.008090116121607366
NQ,close_location,5,15,R,1236,0.02089179324069831,-0.03171237966779501,0.07409000494185188,0.014422520986680993,-0.04135092912466345,0.07353271823191908,0.622771558649023,False,0.49999999999999994,0.49507389162561577,0.517799352750809,0.5363881401617251,0.5405405405405406,0.6104093982857388,-4.243371875942198,4.940011158310719,0.012655626156749752
NQ,close_location,5,15,Q,1236,0.007647326707093669,-0.04841645483999836,0.06128870703705516,0.010152270997193924,-0.04561197667741599,0.06649126211481804,0.7291446879582453,False,0.39999999999999997,0.4959083469721768,0.5242718446601942,0.5471698113207547,0.5675675675675675,-0.002594925883136019,-0.07306301771576316,0.06825957556774227,0.00849115832217016
NQ,close_location,5,30,R,1236,0.0198128875827489,-0.03654190847492558,0.07205110897654965,0.020184803880089273,-0.03401834682118346,0.07075670037704795,0.4911298001727351,False,0.3,0.4926229508196721,0.5242718446601942,0.5417789757412399,0.5405405405405406,-0.8333306413403971,-7.1436835750742995,4.789498199056723,0.018783273470326215
NQ,close_location,5,30,Q,1236,0.01869223433880909,-0.04050567470447738,0.07545512177686245,0.02212333828213741,-0.03757545378823663,0.07975659143069946,0.45045426064944594,False,0.6,0.49589490968801314,0.5292207792207793,0.5447154471544715,0.546448087431694,0.003262188395745398,-0.06681671887927129,0.069714681637886,0.020325246758990518
NQ,close_location,10,5,R,1236,-0.012505629495687811,-0.07167725075018909,0.043020565643008706,-0.00426789812912235,-0.06370650594793259,0.049518873591351056,0.8842678895484006,False,-0.3,0.4971475142624287,0.48946515397082657,0.4945945945945946,0.532608695652174,0.013003906332705206,-2.8103282603057314,2.7034714025216475,-0.005331612129828619
NQ,close_location,10,5,Q,1236,-0.015272333434648634,-0.07162242125781443,0.03925036105207912,-0.01678946149993404,-0.07395987271812637,0.03830472314155169,0.5668665891333384,False,-0.19999999999999998,0.4971475142624287,0.49188311688311687,0.5081081081081081,0.5351351351351351,-0.010250007814948645,-0.07455766478727603,0.0638928555282658,-0.0180243553208318
NQ,close_location,10,10,R,1236,-0.010218123403271943,-0.06758076205971773,0.043879672960266236,0.00042389347856440376,-0.057476764647281534,0.06167753611681924,0.9884651938645608,False,-0.09999999999999999,0.5110204081632653,0.499184339314845,0.4945652173913043,0.5243243243243243,0.3634159767949016,-3.5041766960523804,4.0690041200429805,-0.00012416875059366884
NQ,close_location,10,10,Q,1236,-0.006514051504195765,-0.06269233950394952,0.04837523596299346,-0.006858944193316143,-0.06176534477629616,0.047530939090961136,0.8150364937746037,False,-0.19999999999999998,0.505700325732899,0.4813614262560778,0.4783783783783784,0.518918918918919,0.006454518142517372,-0.05917443761162544,0.0741711718146295,-0.008063418379110085
NQ,close_location,10,15,R,1236,0.006226723067064236,-0.053580275991280735,0.060235579059264965,0.008266426552941897,-0.04944741835015862,0.06369102361681546,0.7779897095905699,False,0.49999999999999994,0.5122349102773246,0.5032467532467533,0.5040431266846361,0.5513513513513514,0.8332953992081471,-3.969847266625733,5.067701992600194,0.006493223320346213
NQ,close_location,10,15,Q,1236,-0.004192258590027594,-0.06069862274694954,0.04673192110312945,-0.00481538388657229,-0.062218812438360735,0.04768487021762373,0.8695469937559501,False,0.09999999999999999,0.5077173030056864,0.5,0.5067385444743935,0.5621621621621622,0.003689130009858689,-0.06376389206629515,0.0711789159234391,-0.006514035942584216
NQ,close_location,10,30,R,1236,0.008425494264018157,-0.04589892202682997,0.062217123851913525,0.007502515526422344,-0.049381939947301556,0.06023941668047205,0.7980401701754858,False,0.3,0.5101708706265257,0.5048543689320388,0.5013477088948787,0.5351351351351351,0.3464038449323539,-5.213730901711799,5.802500062855962,0.006059320359797388
NQ,close_location,10,30,Q,1236,0.006610087226189645,-0.05397002602217937,0.06035246287235883,0.007293006117268091,-0.05300706172338778,0.05972137033921994,0.8035631224141535,False,-0.09999999999999999,0.5028524857375714,0.5048701298701299,0.5081081081081081,0.5597826086956522,0.01049047784403766,-0.05855025051531388,0.07294517408892282,0.005457577450629468
NQ,close_location,15,5,R,1236,-0.02790346337277183,-0.08739278564866848,0.028882911997046987,-0.018658951126923302,-0.07931098307324888,0.03611247292205411,0.524481297945729,False,-0.09999999999999999,0.4898125509372453,0.473257698541329,0.4945945945945946,0.5217391304347826,-0.6337797147385104,-3.3308748679344955,2.4404508221077648,-0.01974569579990169
NQ,close_location,15,5,Q,1236,-0.041544140472561636,-0.09764641741698753,0.01324788335809682,-0.041948244280757115,-0.09709180413309584,0.01079003589523746,0.15228132914548942,False,-0.49999999999999994,0.4832925835370823,0.474025974025974,0.4945945945945946,0.5297297297297298,-0.036928582562708305,-0.10856016278093082,0.0330518609445785,-0.04322079935722064
NQ,close_location,15,10,R,1236,-0.015302657799604396,-0.07131801687682449,0.04062214462318914,-0.003955271114572167,-0.05942971921935531,0.057420131745141476,0.8926921237059937,False,-0.19999999999999998,0.5028571428571429,0.4926590538336052,0.5,0.518918918918919,-0.22149300052826204,-3.6651591554410987,3.678645734284203,-0.004512894359118104
NQ,close_location,15,10,Q,1236,-0.02460900379124993,-0.08192741874414576,0.02982328895859738,-0.024772370640400086,-0.08326824286330992,0.027450269485042547,0.39808006563159704,False,-0.19999999999999998,0.497557003257329,0.4683954619124797,0.4702702702702703,0.5135135135135135,-0.015431505506380557,-0.07853139238391853,0.048096411539296995,-0.026000166237993606
NQ,close_location,15,15,R,1236,0.002957930037576922,-0.0582054611492753,0.05756077986725165,0.00587384664518239,-0.05186430826091825,0.06216930443849589,0.8412188171944044,False,0.3,0.5142857142857142,0.487012987012987,0.5013477088948787,0.5297297297297298,0.07850105652403593,-4.055698940174326,4.342184528526144,0.004093839313374654
NQ,close_location,15,15,Q,1236,-0.017809875870258552,-0.07318487362339623,0.0360836623968492,-0.01840390369384022,-0.07599964374033548,0.036743761774421235,0.5301668957777848,False,-0.19999999999999998,0.50446791226645,0.48381877022653724,0.49865229110512127,0.5621621621621622,-0.00904239271417506,-0.06887513607262645,0.05329765859446199,-0.020126336087726647
NQ,close_location,15,30,R,1236,0.0011272723133910006,-0.05689629623811552,0.05643559919701891,0.0011079310123200943,-0.05476054047826688,0.05582020505528796,0.9698575726856351,False,0.19999999999999998,0.5061025223759154,0.4967637540453074,0.5040431266846361,0.5405405405405406,-0.7117366613840466,-6.648696662044373,4.955959373349181,-0.0003514280527510326
NQ,close_location,15,30,Q,1236,-0.0072466542443106585,-0.06581788310918166,0.049980893828555764,-0.0061011623763504675,-0.06354938070639382,0.05083413581802608,0.8351604280817264,False,-0.19999999999999998,0.5004074979625102,0.48863636363636365,0.5054054054054054,0.5597826086956522,-0.002392217721547303,-0.0613859314660732,0.06094429878190905,-0.007962640730624599
NQ,close_location,30,5,R,1236,-0.04097654015667232,-0.09937944458606379,0.015415045453797129,-0.033870243427732934,-0.09220912395398378,0.02033121843888337,0.24783876873086608,False,-0.49999999999999994,0.47843775427176566,0.47811993517017826,0.4783783783783784,0.5163043478260869,-1.6104726582851367,-4.505045445634956,1.2588475911872892,-0.03497290237553104
NQ,close_location,30,5,Q,1236,-0.06528604091541229,-0.1206883128451166,-0.011605285208893626,-0.06459216932696644,-0.12081071960543507,-0.011442922145501412,0.02738113920740526,False,-0.8999999999999998,0.467860048820179,0.46915584415584416,0.4837837837837838,0.5027027027027027,-0.07254163717235915,-0.14098290975711408,-0.014733468981738907,-0.06590423531110626
NQ,close_location,30,10,R,1236,-0.013624561286586246,-0.07204685126813754,0.04399509118395826,-0.003534526820978125,-0.06294818293945462,0.0532049876032888,0.904048687573072,False,-0.19999999999999998,0.5012224938875306,0.49755301794453505,0.4904632152588556,0.5135135135135135,-0.025535335568174056,-3.9562836475968446,3.689404838807288,-0.004086380979966406
NQ,close_location,30,10,Q,1236,-0.042740589165521765,-0.10011364757377338,0.012829873656152999,-0.041391306325662854,-0.10078461161079538,0.01336284916886352,0.15780519888898326,False,-0.8999999999999998,0.4878048780487805,0.4741100323624595,0.4636118598382749,0.5027027027027027,-0.04431637902205386,-0.10627192234757679,0.01468504826006438,-0.04264197090662817
NQ,close_location,30,15,R,1236,0.0009881888119442337,-0.06689135158230633,0.05636482393927078,0.006951903485609099,-0.05333952139568677,0.06305347493293188,0.8125759163446589,False,-0.19999999999999998,0.5101874490627547,0.49837662337662336,0.5094850948509485,0.5405405405405406,0.5480762652548928,-3.773553416464496,5.02551902158182,0.0051809762502831435
NQ,close_location,30,15,Q,1236,-0.03374210944759912,-0.09371627501284112,0.018620711720058483,-0.03293758908684633,-0.09556003381322094,0.01973477456935886,0.26111049524349284,False,-0.8999999999999998,0.49959448499594483,0.4886731391585761,0.49326145552560646,0.5567567567567567,-0.03280389695557508,-0.09269026971426086,0.027652582958064133,-0.03468334867644562
NQ,close_location,30,30,R,1236,-0.001859090934553689,-0.05768084953261646,0.05777445767530599,0.00010824779893876638,-0.05296934175099909,0.05699526324992362,0.997054311924692,False,0.0,0.5085296506904955,0.5,0.5067385444743935,0.5351351351351351,-0.2600357328926801,-5.861426648238878,5.759633195146852,-0.001346490213337185
NQ,close_location,30,30,Q,1236,-0.01840929651847959,-0.07954529998401735,0.03910466048395245,-0.01657160701431675,-0.07832869778626064,0.040710288053084735,0.5719104414742564,False,-0.6,0.4971521562245728,0.4935275080906149,0.5013477088948787,0.5405405405405406,-0.01833379953674243,-0.08078913875839265,0.03923025887681738,-0.018449426193649563
NQ,close_location,60,5,R,1236,-0.04998412401255781,-0.10516079722218104,0.008408496462477894,-0.04324442346059012,-0.09887478344365572,0.010152668281064738,0.13999562653837883,False,-0.7,0.4703493095044679,0.4788961038961039,0.4810810810810811,0.5380434782608695,-2.7147289477691485,-5.584829368236165,0.6201023895601301,-0.0443506423743055
NQ,close_location,60,5,Q,1236,-0.07562947931465763,-0.12964543338619106,-0.02532489149775971,-0.0745174950194707,-0.12825617506559847,-0.02287703142540029,0.010890252070748563,False,-0.7999999999999999,0.4606011372867587,0.4682926829268293,0.46756756756756757,0.5081081081081081,-0.10105742407761492,-0.1671691975718145,-0.03217758776359338,-0.07584866759258374
NQ,close_location,60,10,R,1236,-0.016168647040670506,-0.08124437410226593,0.043253293549089133,-0.005156644590753464,-0.06469293089912254,0.051018332718084765,0.8603935638559626,False,-0.3,0.5012205044751831,0.50814332247557,0.49728260869565216,0.532608695652174,-0.5818230389145309,-5.357228836187206,3.9940892419254057,-0.005718932297314235
NQ,close_location,60,10,Q,1236,-0.04144587370775813,-0.09890056580780869,0.013692763397879178,-0.04008290459092016,-0.09619581328687965,0.013950677598508824,0.1713767208997088,False,-0.7999999999999999,0.48133116883116883,0.48220064724919093,0.4636118598382749,0.5243243243243243,-0.06597196718465684,-0.13248952127165803,-0.004118964761353572,-0.041329987146928364
NQ,close_location,60,15,R,1236,-0.007414269464553543,-0.07898081284608137,0.0508356330145046,-0.0025957946725602664,-0.06334328793104896,0.05684798730201153,0.9294539097749541,False,-0.3,0.5020341741253052,0.5081168831168831,0.5013550135501355,0.5513513513513514,-0.37188620742164324,-5.759673924743887,4.524354465640636,-0.004379427811677227
NQ,close_location,60,15,Q,1236,-0.03276458261032557,-0.0894296402645397,0.01839579738683453,-0.031695328742212495,-0.0884020020230821,0.02029307691133727,0.27953804956289097,False,-0.7999999999999999,0.49554655870445347,0.49514563106796117,0.49326145552560646,0.5621621621621622,-0.05316463845627097,-0.12776212779209964,0.01825063247718266,-0.03343863845287099
NQ,close_location,60,30,R,1236,-0.0025872027775460534,-0.06037087629386326,0.05620768262940908,0.0008127051688440445,-0.058134744553934935,0.05659710174852518,0.9778870758088678,False,-0.09999999999999999,0.5004055150040552,0.5032467532467533,0.5148247978436657,0.5513513513513514,-1.1644724405727696,-7.1728790569881795,5.033573480647749,-0.0006416195879271882
NQ,close_location,60,30,Q,1236,-0.013322918508336768,-0.07110035174037704,0.04107481470532144,-0.012284760604354449,-0.07068942860956809,0.04333827493736441,0.6752139260525587,False,-0.3,0.5020308692120228,0.49514563106796117,0.49056603773584906,0.5459459459459459,-0.035412229049147745,-0.10458461912322206,0.03258405846301544,-0.01416309939552958
NQ,signed_efficiency,1,5,R,1212,-0.003974045856000707,-0.06410648520900944,0.05235556171552207,-0.018880415657777993,-0.07932474699812656,0.036826744487429355,0.5236623275120724,False,,0.4859271523178808,0.47761194029850745,0.47513812154696133,0.4725274725274725,-0.2193426787607492,-3.353131754637328,2.5567449633862656,-0.01903842435850745
NQ,signed_efficiency,1,5,Q,1212,-0.03405551702425014,-0.08917611383412712,0.01896531258330996,-0.03329944031668141,-0.08942327073079914,0.020849176012964085,0.2605832938563566,False,,0.48923841059602646,0.47516556291390727,0.4931129476584022,0.48066298342541436,-0.040957669561615624,-0.11464727391268113,0.025428131450167302,-0.033373807463795924
NQ,signed_efficiency,1,10,R,1212,0.0024339983309359845,-0.05685838997013488,0.059294884661387735,-0.009208364397161092,-0.06599161028329506,0.04786628249477757,0.7558035605547517,False,,0.49502487562189057,0.5099667774086378,0.5429362880886427,0.5524861878453039,0.1868149479353582,-3.9831858841948677,4.545685319168169,-0.008952951949437474
NQ,signed_efficiency,1,10,Q,1212,-0.021681484183089624,-0.07682294801862205,0.03568456052632038,-0.019599310695960954,-0.07523240687299032,0.037634339752926585,0.5079725462369744,False,,0.48883374689826303,0.49586776859504134,0.5151515151515151,0.5,-0.026447404416514136,-0.09889965981515589,0.04554110886169898,-0.019765571791154186
NQ,signed_efficiency,1,15,R,1212,0.0019316636449141934,-0.05470597911593812,0.0581092501612007,-0.012548253527829274,-0.06719181637365897,0.0468447475584641,0.6717078730820334,False,,0.4966832504145937,0.5158069883527454,0.5416666666666666,0.5112359550561798,0.16606168858741957,-5.305413897465119,4.758289352568436,-0.012087308835564753
NQ,signed_efficiency,1,15,Q,1212,-0.022725062745423276,-0.080503989914512,0.033811320728302,-0.021297632704015447,-0.0775808617650295,0.03432655113086416,0.4719079713930572,False,,0.49587458745874585,0.5,0.5247252747252747,0.5054945054945055,-0.027995940580466536,-0.1065739382588675,0.0406423878886299,-0.020860104375104896
NQ,signed_efficiency,1,30,R,1212,-0.002162556175608458,-0.053960486769930066,0.052479222768746975,-0.022768953890562053,-0.0753206013304678,0.031371690527007313,0.4418386254183351,False,,0.4793388429752066,0.4867986798679868,0.510989010989011,0.5,-0.2333573954803343,-6.547422348209858,5.391030372410806,-0.02245459350595098
NQ,signed_efficiency,1,30,Q,1212,-0.02083862113682091,-0.07847680874718817,0.03365002873499504,-0.020888422344919933,-0.07808213393646049,0.0318201831016426,0.4804667762341097,False,,0.4958609271523179,0.5099667774086378,0.5373961218836565,0.5055555555555555,-0.02566648577151289,-0.10843121254246066,0.04142718318654788,-0.02039812160649957
NQ,signed_efficiency,5,5,R,1236,0.006599302653051886,-0.0547656272821595,0.06001877968218455,0.010011426288181224,-0.04430526738810079,0.06283959826153525,0.7327577659825704,False,0.7,0.5090016366612111,0.5008103727714749,0.4702702702702703,0.4648648648648649,1.2075902314241176,-1.428404179490254,4.0535772313042076,0.010636843075648345
NQ,signed_efficiency,5,5,Q,1236,0.01597482234456178,-0.036875202539199486,0.0691080895605057,0.01749892189455288,-0.03492680933095095,0.07001098018854915,0.5505900649987514,False,0.7999999999999999,0.5130932896890343,0.526742301458671,0.5,0.46195652173913043,0.024448539379419362,-0.03513794751964346,0.10119597682584734,0.01882873844341506
NQ,signed_efficiency,5,10,R,1236,0.020113737058973957,-0.036573781882283087,0.07565003502480747,0.020962217482001867,-0.03597639839471076,0.07435678746359212,0.4745852276699307,False,0.3,0.5098360655737705,0.5195439739413681,0.49184782608695654,0.5108695652173914,0.7649253234208668,-3.3385409255632386,5.173327237965811,0.020995217361641744
NQ,signed_efficiency,5,10,Q,1236,0.01692556431735739,-0.04085306924462447,0.0691399447804009,0.01832935906209211,-0.03764705251794784,0.07088159093401765,0.5318345509591818,False,0.7999999999999999,0.508585445625511,0.5121555915721232,0.48787061994609165,0.4702702702702703,0.026700481372178685,-0.03552978014692869,0.09660866706832763,0.019620270518926074
NQ,signed_efficiency,5,15,R,1236,0.033628940969694716,-0.025956948621104845,0.0884080625784659,0.021085908902964516,-0.03368742755776951,0.07613304789268975,0.47198134892903365,False,0.3,0.4967213114754098,0.520259319286872,0.5162162162162162,0.5297297297297298,1.8778681535366455,-2.0197814161237457,6.709922558855267,0.021520788972209527
NQ,signed_efficiency,5,15,Q,1236,0.016929511333080155,-0.037581544133644354,0.07065895466991672,0.018250722769311986,-0.03625523327026354,0.07136661383506689,0.533596612839446,False,0.7999999999999999,0.5097879282218597,0.5226537216828478,0.5040431266846361,0.5081081081081081,0.026122352905467737,-0.03712075919450462,0.09708396761974777,0.019514322360838002
NQ,signed_efficiency,5,30,R,1236,0.022019434782975553,-0.03503230216685698,0.07424107832394418,0.009249334337855776,-0.0494383078298252,0.06407593047617818,0.752408463256669,False,0.3,0.49754901960784315,0.511326860841424,0.5013477088948787,0.5135135135135135,1.1185412419894214,-4.649588546038344,7.0395193652823815,0.009661941283306549
NQ,signed_efficiency,5,30,Q,1236,0.02419256511779602,-0.03182300815595091,0.0782814106601678,0.02498391227892809,-0.03171449403965982,0.07903350494419782,0.3940618171958541,False,0.6,0.5016366612111293,0.513776337115073,0.5027027027027027,0.5243243243243243,0.026500912094534264,-0.03138253173991931,0.0955892830463721,0.026467001367528123
NQ,signed_efficiency,10,5,R,1236,-0.043678700121931244,-0.10478982823763715,0.008679456360038857,-0.02865141240123573,-0.08660421529148893,0.0217520031330365,0.32834756606508075,False,-0.7999999999999999,0.4898125509372453,0.4861788617886179,0.4986449864498645,0.42391304347826086,-1.8719795477702634,-5.1492312760998225,1.2007573402862455,-0.029892932314595434
NQ,signed_efficiency,10,5,Q,1236,-0.04059394096770913,-0.09758299323942628,0.011380547777833,-0.03926375983816126,-0.09609254154353417,0.014678399941237498,0.18030652151236182,False,-0.49999999999999994,0.48818255908720454,0.4861788617886179,0.4986449864498645,0.43478260869565216,-0.03956587021706234,-0.11434125077884029,0.024919999213804382,-0.04080571907082063
NQ,signed_efficiency,10,10,R,1236,-0.023637188572627733,-0.08358319836015653,0.03183052050787092,-0.010538108168233215,-0.06962747993753607,0.04718758839435544,0.7192777611678414,False,-0.6,0.4987755102040816,0.5040650406504065,0.5121293800539084,0.4702702702702703,-2.780694182676317,-7.6883395662744105,1.5076452681121513,-0.01185582779884311
NQ,signed_efficiency,10,10,Q,1236,-0.02153397792487802,-0.07756919141147056,0.032669217227855284,-0.019642543685899683,-0.07692033244073415,0.034510857274557084,0.502850517963866,False,-0.7999999999999999,0.494299674267101,0.49432739059967584,0.4972972972972973,0.43783783783783786,-0.024655900044127436,-0.09779321735425127,0.03649332325984173,-0.02153599969920539
NQ,signed_efficiency,10,15,R,1236,-0.011246691226421038,-0.07593857870116244,0.04506144970508476,-0.006321984265579245,-0.0689748723475196,0.05217878193252255,0.829284444453197,False,0.0,0.5061224489795918,0.4967532467532468,0.5067385444743935,0.5135135135135135,-2.3064924214827602,-7.135546043913693,3.0898294338681245,-0.007528338547237578
NQ,signed_efficiency,10,15,Q,1236,-0.020842307572135663,-0.07845512032874263,0.033026234740855434,-0.017829520067358735,-0.07468239338211877,0.037085877097023975,0.5430846743370543,False,-0.7,0.5020308692120228,0.4967637540453074,0.49865229110512127,0.4702702702702703,-0.01958160271096048,-0.10216993685494412,0.04110374374277649,-0.019661111777308882
NQ,signed_efficiency,10,30,R,1236,-0.011707263498541384,-0.07280506970352227,0.048378205562774654,-0.014531444099695688,-0.07163550084370383,0.04490952206870319,0.6201471337843718,False,-0.3,0.5012205044751831,0.4991896272285251,0.49865229110512127,0.4972972972972973,-2.2047361113310844,-8.145888288142036,3.7894018224340895,-0.015132724084000414
NQ,signed_efficiency,10,30,Q,1236,-0.01308090871519997,-0.07105258213637046,0.04475799087931882,-0.010839147321116452,-0.06783015815268753,0.0504285760189591,0.7116115613137424,False,0.09999999999999999,0.495114006514658,0.4829821717990275,0.4918918918918919,0.4756756756756757,-0.013063346345508587,-0.08412233486739834,0.05435728383163285,-0.012688406691710636
NQ,signed_efficiency,15,5,R,1236,-0.06192848043994216,-0.11748090616856532,-0.008037780250066903,-0.046692300712901605,-0.10441108438530772,0.007017525327559108,0.11101704502208642,False,-0.19999999999999998,0.48,0.4813008130081301,0.46216216216216216,0.46195652173913043,-1.0628070617572156,-4.3569654273662985,2.2584850846243634,-0.04694166579945035
NQ,signed_efficiency,15,5,Q,1236,-0.07286118341143975,-0.12491477092784094,-0.022030363455296013,-0.0732668392603575,-0.12585699533185707,-0.024691413221191335,0.012303703483881101,False,-0.7,0.47346938775510206,0.46905537459283386,0.46070460704607047,0.43478260869565216,-0.06790126948345872,-0.1333445045554671,0.0011759732372377649,-0.07314278884627369
NQ,signed_efficiency,15,10,R,1236,-0.024993413996036818,-0.08490363093306226,0.03152246601319172,-0.008973988609382344,-0.06327611330136215,0.04519470017968873,0.7595486582023991,False,-0.19999999999999998,0.5143090760425184,0.5089430894308943,0.5108108108108108,0.4918918918918919,0.5445962436332767,-3.5588877964505516,5.064061588099532,-0.010205913728735992
NQ,signed_efficiency,15,10,Q,1236,-0.04420664153106941,-0.10270764611226485,0.005362071449908727,-0.04423830894630253,-0.10102309307396565,0.005758597219038283,0.131102228244679,False,-0.7,0.49510603588907015,0.5,0.48247978436657685,0.4756756756756757,-0.033106661587960766,-0.1004623787254727,0.02880664085194464,-0.04490347062569842
NQ,signed_efficiency,15,15,R,1236,-0.02428788764201873,-0.09413745894366451,0.031872268069595464,-0.01383344942029392,-0.0790977403364586,0.0416715904628867,0.6370471690459241,False,-0.09999999999999999,0.5126737530662305,0.5024390243902439,0.48509485094850946,0.4648648648648649,0.5778716574702887,-3.3805595752865023,6.04126115834571,-0.01412962067914057
NQ,signed_efficiency,15,15,Q,1236,-0.04121297066044454,-0.09922284884867442,0.01128882160228084,-0.03902991004844192,-0.09768875471530844,0.012895802893378102,0.18291803947098972,False,-0.7,0.5069161920260374,0.5032362459546925,0.48517520215633425,0.4756756756756757,-0.020476484049722098,-0.08709853154534078,0.046448292425571955,-0.03973430125016893
NQ,signed_efficiency,15,30,R,1236,-0.010045033109681809,-0.0691960369887101,0.04707643094526803,-0.016437812452777707,-0.07172214136336076,0.04021447249792487,0.575018624143184,False,0.3,0.4971475142624287,0.49838187702265374,0.49595687331536387,0.4702702702702703,-1.0465009550084887,-7.113376452408743,4.8132566286873875,-0.016788648825262795
NQ,signed_efficiency,15,30,Q,1236,-0.03267176901424784,-0.09008911658503935,0.02271849731385782,-0.029983385187472986,-0.08822301146405753,0.024639477762582025,0.3063481286752616,False,-0.3,0.49551020408163265,0.4902597402597403,0.46630727762803237,0.44324324324324327,-0.019244699905717373,-0.08199265589431454,0.05111593788670669,-0.03036516998201797
NQ,signed_efficiency,30,5,R,1236,-0.0693461865201735,-0.12658624832045706,-0.012391705892964632,-0.04717458289164734,-0.10206115170877683,0.002570356163819427,0.10737092796986891,False,-0.6,0.4795751633986928,0.4837662337662338,0.43783783783783786,0.41081081081081083,-1.5057698685379992,-4.485848168685248,1.7452561585503352,-0.049453686052563714
NQ,signed_efficiency,30,5,Q,1236,-0.10040382915325813,-0.15856845784321383,-0.047405116393559356,-0.08882476164382863,-0.1464696006602644,-0.035093955114200166,0.0023859112081057177,False,-0.8999999999999998,0.46895424836601307,0.45454545454545453,0.4189189189189189,0.358695652173913,-0.08208944205050002,-0.14038028407399178,-0.02151934577301541,-0.09009167462177084
NQ,signed_efficiency,30,10,R,1236,-0.028496404166092528,-0.08376962193326098,0.028457822662317347,-0.0050073015432643385,-0.05888992625103424,0.048384371381951445,0.8643970736225592,False,-0.3,0.5090016366612111,0.5040650406504065,0.4634146341463415,0.44021739130434784,0.44068423915206345,-3.4230667889311914,5.208072294151199,-0.003998888431381383
NQ,signed_efficiency,30,10,Q,1236,-0.06508812373916104,-0.1199974112031571,-0.012506073666155111,-0.05261862629657969,-0.1084772532755205,-0.0010493439127334642,0.07245303980648665,False,-0.6,0.49142857142857144,0.4846029173419773,0.44054054054054054,0.3945945945945946,-0.04407267841633289,-0.10893799746244544,0.02264473792802584,-0.0532255641757984
NQ,signed_efficiency,30,15,R,1236,-0.0321389061656132,-0.09719307978606019,0.022013784304865492,-0.009585834439774331,-0.07112295366697392,0.043788079701228694,0.7437111175604403,False,-0.19999999999999998,0.5098199672667758,0.5040650406504065,0.4715447154471545,0.42702702702702705,1.028643062759508,-3.0790239841874163,5.854504181977367,-0.008293289634717775
NQ,signed_efficiency,30,15,Q,1236,-0.05470465585576488,-0.10918804197475702,-0.003845886528849053,-0.04255876560597208,-0.09944735276958362,0.009186664961094633,0.14639617874667565,False,-0.7,0.503257328990228,0.5048543689320388,0.46900269541778977,0.43243243243243246,-0.03106135049813856,-0.0976340484271549,0.03356494710025426,-0.04271489689550101
NQ,signed_efficiency,30,30,R,1236,-0.020747740659723183,-0.08005063372643503,0.03796587824199425,-0.006045249512325965,-0.06616390830863986,0.05141493688738078,0.8366497196993337,False,0.09999999999999999,0.5032626427406199,0.5064724919093851,0.49056603773584906,0.4756756756756757,1.4717164347399279,-4.994287521722404,7.3466828396322725,-0.004075989036254142
NQ,signed_efficiency,30,30,Q,1236,-0.03716591314068816,-0.09707102447265961,0.017213048082189545,-0.02495670847091686,-0.08650886590513727,0.030634463656937214,0.39457717803057246,False,0.09999999999999999,0.5049019607843137,0.5089141004862237,0.46630727762803237,0.41081081081081083,-0.015456093499927024,-0.07753652545658636,0.04858221978551711,-0.02438914058317734
NQ,signed_efficiency,60,5,R,1236,-0.06362503496813102,-0.11841139650655788,-0.00600773093749958,-0.05386032693358133,-0.1077183281258453,0.000998211164757474,0.06595483931268076,False,-0.7,0.49144254278728605,0.47974068071312803,0.4648648648648649,0.41847826086956524,-0.8595255441697419,-3.895686715685498,2.41630737341421,-0.054788576173327545
NQ,signed_efficiency,60,5,Q,1236,-0.10835712932605743,-0.16144698520810968,-0.05339331116694065,-0.09620688686889707,-0.1517515674275938,-0.044909350326569404,0.0009969161974223706,False,-0.7,0.47351263243683783,0.43902439024390244,0.4081081081081081,0.358695652173913,-0.06006566750297245,-0.13616122208292494,0.004675815640681689,-0.09546187262628299
NQ,signed_efficiency,60,10,R,1236,-0.02755149067112121,-0.08486897717814391,0.036769300024882906,-0.010615214839563122,-0.06781240461209737,0.04939482390883058,0.7173114551061897,False,-0.39999999999999997,0.5028571428571429,0.49022801302931596,0.4891304347826087,0.46195652173913043,0.34508650226748394,-4.0913523304402455,4.400192845019187,-0.012206310506108771
NQ,signed_efficiency,60,10,Q,1236,-0.06280961882282675,-0.1186922497185561,-0.00835405087651022,-0.05213939375745959,-0.10869972551366222,0.004837842230672198,0.07509703057541417,False,-0.6,0.498371335504886,0.46763754045307443,0.4528301886792453,0.41621621621621624,-0.0200611706936211,-0.08732962399779075,0.04500402175366189,-0.05262976290483041
NQ,signed_efficiency,60,15,R,1236,-0.027222048013583522,-0.09160252358102194,0.037209375763409894,-0.018114811133931645,-0.07469304899629026,0.039613799515428504,0.5366490140042397,False,-0.39999999999999997,0.5028571428571429,0.4935064935064935,0.4837837837837838,0.4594594594594595,0.3019297370352186,-4.392753983274996,4.456331467080567,-0.017068397900488773
NQ,signed_efficiency,60,15,Q,1236,-0.04759338190110991,-0.1053941640387029,0.011600856693611177,-0.03836951088562958,-0.09553048958864531,0.018990188698058054,0.19044401694809898,False,-0.6,0.5109666937449229,0.4854368932038835,0.46630727762803237,0.4540540540540541,-0.007122716806755282,-0.0764955906877276,0.05647349349239963,-0.03883008598168036
NQ,signed_efficiency,60,30,R,1236,-0.0161787944397002,-0.07097157902603567,0.04935801162311654,-0.008790409079414065,-0.06442984253375246,0.05469442758041537,0.7643206315296913,False,-0.09999999999999999,0.515052888527258,0.5211038961038961,0.5013477088948787,0.4810810810810811,0.8381375483721103,-5.301504435319956,6.93290174588342,-0.006651072823469323
NQ,signed_efficiency,60,30,Q,1236,-0.02803576310628181,-0.08485156000188433,0.03472722806438169,-0.019000846308212502,-0.075899923829032,0.04040921987615976,0.5169088831374464,False,-0.39999999999999997,0.5142624286878565,0.5016233766233766,0.47297297297297297,0.44324324324324327,0.007916779727400156,-0.06187427122773248,0.07263431026911124,-0.018145914168199332
NQ,volume_ratio,1,5,R,1216,0.03655145038245683,-0.0253210160181048,0.1007256469075232,0.04035171711504414,-0.011025566978672382,0.0947389278043035,0.1720133370067205,False,0.8999999999999998,0.5123762376237624,0.5305785123966942,0.547945205479452,0.5274725274725275,,,,0.04114402476201339
NQ,volume_ratio,1,5,Q,1216,0.035388411785897425,-0.02305651054060097,0.08842548475126215,0.04287166390651605,-0.017641163249967947,0.09863860699443011,0.1467364329915859,False,0.7999999999999999,0.5078318219291014,0.5247524752475248,0.5206611570247934,0.5,,,,0.04304325350148104
NQ,volume_ratio,1,10,R,1216,-0.005604294795928565,-0.06680109301217506,0.052976762052548206,0.012850328304431495,-0.04771144657441758,0.06456917354595118,0.6637613362785211,False,0.0,0.5132231404958678,0.5082508250825083,0.4945054945054945,0.5054945054945055,,,,0.013392287118501857
NQ,volume_ratio,1,10,Q,1216,0.03154727178309936,-0.026368231348455912,0.07926147308253798,0.03920253452824475,-0.01988439814442667,0.09538777948421953,0.18456597566400834,False,0.7999999999999999,0.494641384995878,0.4967105263157895,0.5095890410958904,0.489010989010989,,,,0.0394236516713992
NQ,volume_ratio,1,15,R,1216,-0.0052641712429128806,-0.06583248779855191,0.048874866150247054,-0.006195984805091759,-0.0637020697150371,0.04494651690616548,0.8339790918747141,False,-0.3,0.5198347107438016,0.5016501650165016,0.5041322314049587,0.5248618784530387,,,,-0.006620757856233952
NQ,volume_ratio,1,15,Q,1216,0.02279461798926258,-0.03781104506080903,0.07241007761831912,0.028284889135539584,-0.035054674903923916,0.08392658195416951,0.33852736154800667,False,0.7999999999999999,0.5016447368421053,0.4934210526315789,0.4986301369863014,0.5054945054945055,,,,0.02913733007045814
NQ,volume_ratio,1,30,R,1216,-0.015481614891771715,-0.08128213904574295,0.042544715497261014,-0.016154081147270825,-0.07766893921478638,0.04110426546356612,0.5847159378410751,False,-0.49999999999999994,0.5313014827018122,0.5041186161449753,0.5013698630136987,0.5439560439560439,,,,-0.01795299932889185
NQ,volume_ratio,1,30,Q,1216,0.003839054059334439,-0.049543862918479675,0.05216376404228581,-0.001981940262775645,-0.06263946960759084,0.052020533676128675,0.9465456083613302,False,-0.3,0.49174917491749176,0.4794069192751236,0.4945054945054945,0.5164835164835165,,,,-0.002452437056972955
NQ,volume_ratio,5,5,R,1216,0.03834780055778271,-0.024904659291495598,0.1007240419071629,0.03353706356403945,-0.020135793943050817,0.08897981954418992,0.2564086707758575,False,0.09999999999999999,0.5123762376237624,0.5198019801980198,0.5164835164835165,0.5714285714285714,,,,0.03432287773771748
NQ,volume_ratio,5,5,Q,1216,0.038490429719324884,-0.014914794448717177,0.09015773449879626,0.03425889667216041,-0.021413749318316532,0.08694957798748226,0.24630673271112125,False,0.8999999999999998,0.5078318219291014,0.5115511551155115,0.4945054945054945,0.5414364640883977,,,,0.03442385464941993
NQ,volume_ratio,5,10,R,1216,-0.0033551804184403173,-0.07042705341035023,0.06138670485754552,0.009156114487639033,-0.049305491272233166,0.06396017975987066,0.7567567700905131,False,0.19999999999999998,0.5132231404958678,0.5082508250825083,0.489010989010989,0.5164835164835165,,,,0.009695611289105894
NQ,volume_ratio,5,10,Q,1216,0.031154714977197122,-0.022252933710216354,0.07845286023035321,0.03167417824805152,-0.026758555884451037,0.08729245215071897,0.2837939403404697,False,0.7,0.494641384995878,0.4942339373970346,0.4958904109589041,0.532967032967033,,,,0.03187600911294988
NQ,volume_ratio,5,15,R,1216,-0.0029573957398180634,-0.06426272375977748,0.05471686113519411,-0.007131061890223279,-0.07037898999199202,0.045524335583236,0.8093735380693752,False,-0.49999999999999994,0.5198347107438016,0.5066006600660066,0.49725274725274726,0.5248618784530387,,,,-0.007562885849387943
NQ,volume_ratio,5,15,Q,1216,0.02029467019195077,-0.03298234742981205,0.07236687162583157,0.02244727764677991,-0.03742595301384041,0.0778573402236457,0.44756781135053614,False,0.7,0.5016447368421053,0.49835526315789475,0.4958904109589041,0.532967032967033,,,,0.023279338378652273
NQ,volume_ratio,5,30,R,1216,0.005074275890112161,-0.06391637113954676,0.06785324537320708,-0.0044320141918976685,-0.0647877298810728,0.052189657521388925,0.8808217729970242,False,-0.19999999999999998,0.5313014827018122,0.514003294892916,0.489010989010989,0.554945054945055,,,,-0.0062029218435581375
NQ,volume_ratio,5,30,Q,1216,0.009078597646831065,-0.044343148610526434,0.06140641699298277,-0.0020807776604803672,-0.0564843507231409,0.05371912243104445,0.9438841783786271,False,0.09999999999999999,0.49174917491749176,0.4933993399339934,0.489010989010989,0.5303867403314917,,,,-0.0025465209616916426
NQ,volume_ratio,10,5,R,1216,0.05382062956106753,-0.010889851053507336,0.12037043892039018,0.035010437955157465,-0.020983558693235583,0.09053939073065204,0.2360884378605379,False,0.49999999999999994,0.5123762376237624,0.5115511551155115,0.5287671232876713,0.5824175824175825,,,,0.035800786291596796
NQ,volume_ratio,10,5,Q,1216,0.050667404476881645,-0.0027759637376423693,0.10149110615377015,0.03407393558030339,-0.024056700377084152,0.08931487758575589,0.24886830097681933,False,0.39999999999999997,0.5078318219291014,0.5099009900990099,0.4945054945054945,0.585635359116022,,,,0.03424066439515611
NQ,volume_ratio,10,10,R,1216,0.01128507777222211,-0.05919431059764144,0.07627628416178736,0.004135572415424887,-0.0534945682596706,0.0607704120645365,0.8887395461862493,False,0.09999999999999999,0.5132231404958678,0.49834983498349833,0.49175824175824173,0.5384615384615384,,,,0.004667168603001722
NQ,volume_ratio,10,10,Q,1216,0.04324856149228595,-0.010698537038667818,0.09564665895874519,0.028074078452911978,-0.02965659123370882,0.08448860399503097,0.34214169838018305,False,0.6,0.494641384995878,0.48599670510708404,0.49725274725274726,0.554945054945055,,,,0.028273622983741635
NQ,volume_ratio,10,15,R,1216,0.004915578886230302,-0.057687052831835776,0.06377263788494883,-0.017551783676674985,-0.0781251085751369,0.036142212534616476,0.552643021669736,False,-0.49999999999999994,0.5198347107438016,0.49174917491749176,0.49175824175824173,0.5359116022099447,,,,-0.017994706890353297
NQ,volume_ratio,10,15,Q,1216,0.027042204278796493,-0.026840079413094603,0.08024236609746499,0.0146615020577683,-0.04449762351716766,0.07035170569246574,0.6198900770684084,False,0.0,0.5016447368421053,0.48355263157894735,0.4876712328767123,0.5439560439560439,,,,0.015479333926850625
NQ,volume_ratio,10,30,R,1216,0.003973243202552115,-0.06524581213654182,0.06787647868838896,-0.016987369424554376,-0.08012405693958193,0.039125987796312774,0.5654904638447737,False,-0.6,0.5313014827018122,0.5041186161449753,0.4807692307692308,0.5494505494505495,,,,-0.0187730457843248
NQ,volume_ratio,10,30,Q,1216,0.012983700802422386,-0.040929346690326385,0.062496461622160424,-0.011736139272962319,-0.07037994644958644,0.045201687877967446,0.6913457834620549,False,0.0,0.49174917491749176,0.4794069192751236,0.49175824175824173,0.5414364640883977,,,,-0.012211117377684847
NQ,volume_ratio,15,5,R,1216,0.05824239362152359,-0.002475874695124031,0.12079995711101163,0.03205305418672692,-0.021879469844217035,0.08427107249634672,0.27806999245793973,False,0.09999999999999999,0.5123762376237624,0.5181518151815182,0.5397260273972603,0.5879120879120879,,,,0.03284289179226073
NQ,volume_ratio,15,5,Q,1216,0.06393103897921763,0.01202154198544101,0.11320402483521692,0.04046244123818932,-0.015646601765589623,0.09697260273630003,0.1708384135011507,False,0.3,0.5078318219291014,0.5148514851485149,0.5247252747252747,0.585635359116022,,,,0.04063532294976802
NQ,volume_ratio,15,10,R,1216,0.016186632850682062,-0.04721513918514262,0.07946778460327812,0.0020133183994351642,-0.052879911608270595,0.0602003468756056,0.9457006121071052,False,-0.3,0.5132231404958678,0.5033003300330033,0.5082417582417582,0.532967032967033,,,,0.002536585833571095
NQ,volume_ratio,15,10,Q,1216,0.05211443819780776,0.0008624523886920038,0.10286953577939907,0.028417905509064048,-0.026022378258152918,0.0844378958802069,0.33625944074518443,False,0.39999999999999997,0.494641384995878,0.49093904448105435,0.510989010989011,0.5494505494505495,,,,0.028614820680453176
NQ,volume_ratio,15,15,R,1216,0.010542546285334848,-0.04952515938932248,0.07000390956396764,-0.019928931111794192,-0.07815256487883104,0.031973192939537126,0.5001543367076464,False,-0.39999999999999997,0.5198347107438016,0.5024793388429752,0.5027472527472527,0.5303867403314917,,,,-0.02037532008981098
NQ,volume_ratio,15,15,Q,1216,0.033392699422192286,-0.01951427910054126,0.08535731578078198,0.011821889053588561,-0.04403932072254807,0.06812041867704553,0.6892076703590297,False,0.19999999999999998,0.5016447368421053,0.4868421052631579,0.4958904109589041,0.532967032967033,,,,0.012634416499357117
NQ,volume_ratio,15,30,R,1216,0.008285861612667655,-0.05841636639101212,0.07196440296532902,-0.022951623745433865,-0.08294008028445256,0.03400515296980962,0.4374267001284935,False,-0.9999999999999999,0.5313014827018122,0.5123558484349259,0.5027472527472527,0.5494505494505495,,,,-0.02475193176587243
NQ,volume_ratio,15,30,Q,1216,0.01712008450287966,-0.03511751960274855,0.06702465016654616,-0.013894431161177688,-0.0739768736525225,0.04326124591115139,0.638317646748443,False,-0.8999999999999998,0.49174917491749176,0.4876441515650741,0.5082417582417582,0.5414364640883977,,,,-0.014368902043709128
NQ,volume_ratio,30,5,R,1216,0.06941503683052108,0.008521354990390782,0.13344517335001774,0.03567429040441004,-0.019733767269748768,0.09077068231670454,0.22731454608270907,False,0.39999999999999997,0.5123762376237624,0.5238879736408567,0.547945205479452,0.5879120879120879,,,,0.034170440235167264
NQ,volume_ratio,30,5,Q,1216,0.07070741529113148,0.020055876283242496,0.12099421345311401,0.04234562205825727,-0.012559353285790822,0.09684368549435982,0.15176394730334675,False,0.3,0.5078318219291014,0.5172981878088962,0.5302197802197802,0.574585635359116,,,,0.042653061877160704
NQ,volume_ratio,30,10,R,1216,0.02939539061271259,-0.03593281639826754,0.09385271584373911,0.005102192904242602,-0.052817687905446054,0.06326498275233537,0.862966689324028,False,-0.3,0.5132231404958678,0.5099009900990099,0.5178082191780822,0.5384615384615384,,,,0.004857269289455071
NQ,volume_ratio,30,10,Q,1216,0.06096588343863482,0.009267715699849612,0.1137847927467169,0.0315141493571721,-0.022948803876405896,0.08767546800207988,0.28623536775327896,False,0.39999999999999997,0.494641384995878,0.500823723228995,0.5178082191780822,0.5384615384615384,,,,0.0315572594781958
NQ,volume_ratio,30,15,R,1216,0.023493104725025218,-0.035924243997548524,0.08601037645619661,-0.015326987522977467,-0.0721154558215257,0.036048736096339,0.6040932023937433,False,-0.49999999999999994,0.5198347107438016,0.49503311258278143,0.5082417582417582,0.5193370165745856,,,,-0.016968230848702685
NQ,volume_ratio,30,15,Q,1216,0.04228395513441933,-0.0114633546838825,0.09610508025558313,0.013078039368413941,-0.0443586768753336,0.0707913576973513,0.658177851313763,False,0.3,0.5016447368421053,0.49506578947368424,0.5068493150684932,0.5054945054945055,,,,0.012920607294063259
NQ,volume_ratio,30,30,R,1216,0.008271357631729998,-0.05573540282913523,0.07030060584711731,-0.03315309164909077,-0.08935762441263743,0.02587379170091713,0.26189777129017777,False,-0.6,0.5313014827018122,0.5057660626029654,0.5,0.510989010989011,,,,-0.03551462357893399
NQ,volume_ratio,30,30,Q,1216,0.01996939587734839,-0.0306082561813157,0.07217259507781884,-0.014730831693578264,-0.07231148540900634,0.044561537487349194,0.6182360058433507,False,-0.39999999999999997,0.49174917491749176,0.4834983498349835,0.49725274725274726,0.5248618784530387,,,,-0.015873580522466353
NQ,volume_ratio,60,5,R,1216,0.0749748914098748,0.011472279951540931,0.13809387515750826,0.029766593938880072,-0.023962717708184755,0.08369926380500838,0.31381726601737636,False,0.19999999999999998,0.5123762376237624,0.5230263157894737,0.5424657534246575,0.6428571428571429,,,,0.027418543239776536
NQ,volume_ratio,60,5,Q,1216,0.07195903604218834,0.020905363310070667,0.12037952958666874,0.04023358582430254,-0.014001432574763238,0.09637369280525719,0.1732735034833659,False,0.39999999999999997,0.5078318219291014,0.5205930807248764,0.5302197802197802,0.6132596685082873,,,,0.039681798373945205
NQ,volume_ratio,60,10,R,1216,0.04550172522687534,-0.023843146817606298,0.11709846010304065,0.006330655966599731,-0.05094989360405443,0.06031395038134417,0.8304247394079929,False,-0.09999999999999999,0.5132231404958678,0.5090609555189456,0.5123287671232877,0.5769230769230769,,,,0.0039060534028512225
NQ,volume_ratio,60,10,Q,1216,0.06454413256876365,0.011761812035287863,0.11682810837372277,0.03064750569072766,-0.02367760466995199,0.08667832304637195,0.29970261276655563,False,0.6,0.494641384995878,0.5082508250825083,0.5082417582417582,0.5934065934065934,,,,0.02960869834950578
NQ,volume_ratio,60,15,R,1216,0.031047647924637985,-0.033047185175990104,0.09669566452861954,-0.017614397033902537,-0.07505778281841038,0.03281520944355319,0.5512266460841411,False,-0.3,0.5198347107438016,0.5049668874172185,0.5,0.5469613259668509,,,,-0.020072121295281218
NQ,volume_ratio,60,15,Q,1216,0.04490022293644983,-0.00922979008861004,0.098696478509671,0.010271554032244059,-0.0497102965094082,0.06799596670325803,0.7282312917147034,False,0.3,0.5016447368421053,0.4967105263157895,0.4958904109589041,0.554945054945055,,,,0.009071815154357257
NQ,volume_ratio,60,30,R,1216,0.016102191439375697,-0.05158280503025427,0.0808034998205057,-0.041894604840248775,-0.09810566854538696,0.015890377054241418,0.15617778741789135,False,-0.6,0.5313014827018122,0.5024711696869851,0.4958904109589041,0.5384615384615384,,,,-0.044431003066039115
NQ,volume_ratio,60,30,Q,1216,0.023869578375722768,-0.03149598709837423,0.08005593247169468,-0.018439628381995945,-0.0726273851256157,0.0373134470389693,0.5327273420774146,False,-0.6,0.49174917491749176,0.4900990099009901,0.489010989010989,0.554945054945055,,,,-0.019967523306502987
