instrument,level_id,activation_window,horizon,n_eligible_sessions,n_touch_in_A,touch_rate_in_A,n_nonneutral_samebar,same_bar_reversal_rate,same_bar_blast_through_rate,same_bar_rev_minus_blast_diff,median_signed_close_sd,median_cont_exc_sd,median_rev_exc_sd,median_dominance,p_cont_gt_rev,p_rev_gt_cont,post_touch_retouch_rate,directional_close_recross_rate,n_continuation_first,n_reversal_first,n_same_bar_tie,n_neither,n_nontied,b1_continuation_first_rate,b1_reversal_first_rate,b1_same_bar_tie_rate,b1_neither_rate,cont_minus_rev_diff,p_raw,sample_status,q_value
NQ,LOWER_k0,1,1,1277,538,0.42129992169146435,537,0.5724907063197026,0.4256505576208178,0.14684014869888476,-0.14292393336286915,1.1843398073375626,1.5603872366457385,-0.1418604651162452,0.4463276836158192,0.5536723163841808,0.5875706214689266,0.0,183,225,102,21,408,0.3446327683615819,0.423728813559322,0.192090395480226,0.03954802259887006,-0.07909604519774012,0.042244874379620934,tested,0.13106743076754188
NQ,LOWER_k0,1,2,1277,538,0.42129992169146435,537,0.5724907063197026,0.4256505576208178,0.14684014869888476,-0.026321866321678454,1.7242112672393253,2.0460825015007438,-0.09380530973456476,0.455743879472693,0.5423728813559322,0.6817325800376648,0.0903954802259887,190,234,102,5,424,0.3578154425612053,0.4406779661016949,0.192090395480226,0.009416195856873822,-0.08286252354048965,0.03664940949687819,tested,0.11952181660455218
NQ,LOWER_k0,1,3,1277,538,0.42129992169146435,537,0.5724907063197026,0.4256505576208178,0.14684014869888476,-0.07602610091364406,2.105140017595883,2.274061725938987,-0.09041095890412285,0.4708097928436911,0.5291902071563088,0.7288135593220338,0.18267419962335216,190,236,102,3,426,0.3578154425612053,0.4444444444444444,0.192090395480226,0.005649717514124294,-0.08662900188323917,0.02911960197815598,tested,0.10717785062682506
NQ,LOWER_k0,1,4,1277,538,0.42129992169146435,537,0.5724907063197026,0.4256505576208178,0.14684014869888476,0.0020643608196782423,2.488978776252143,2.4276176130288847,-0.06562499999995458,0.4726930320150659,0.527306967984934,0.7419962335216572,0.2297551789077213,190,236,102,3,426,0.3578154425612053,0.4444444444444444,0.192090395480226,0.005649717514124294,-0.08662900188323917,0.02911960197815598,tested,0.10717785062682506
NQ,LOWER_k0,1,5,1277,538,0.42129992169146435,537,0.5724907063197026,0.4256505576208178,0.14684014869888476,0.15123914575713038,2.736527713791807,2.737169678487977,-0.028735632183908084,0.4915254237288136,0.5084745762711864,0.768361581920904,0.2693032015065913,192,237,102,0,429,0.3615819209039548,0.4463276836158192,0.192090395480226,0.0,-0.0847457627118644,0.033520395009294476,tested,0.11425261397534174
NQ,LOWER_k0,1,10,1277,538,0.42129992169146435,537,0.5724907063197026,0.4256505576208178,0.14684014869888476,0.773326629579109,3.6717517488095157,3.5099942728587448,0.0170940170940171,0.5084745762711864,0.4896421845574388,0.8116760828625236,0.3973634651600753,192,237,102,0,429,0.3615819209039548,0.4463276836158192,0.192090395480226,0.0,-0.0847457627118644,0.033520395009294476,tested,0.11425261397534174
NQ,LOWER_k0,1,15,1277,538,0.42129992169146435,537,0.5724907063197026,0.4256505576208178,0.14684014869888476,-0.053661006060399724,4.24774227185027,3.8995905121354397,0.004507042253537479,0.5028248587570622,0.4971751412429379,0.8342749529190208,0.4726930320150659,192,237,102,0,429,0.3615819209039548,0.4463276836158192,0.192090395480226,0.0,-0.0847457627118644,0.033520395009294476,tested,0.11425261397534174
NQ,LOWER_k0,1,20,1277,538,0.42129992169146435,537,0.5724907063197026,0.4256505576208178,0.14684014869888476,0.45028151394683374,4.692442153158648,4.283381069074649,0.0077669902912903795,0.5028248587570622,0.4971751412429379,0.8549905838041432,0.5141242937853108,192,237,102,0,429,0.3615819209039548,0.4463276836158192,0.192090395480226,0.0,-0.0847457627118644,0.033520395009294476,tested,0.11425261397534174
NQ,LOWER_k0,1,30,1277,538,0.42129992169146435,537,0.5724907063197026,0.4256505576208178,0.14684014869888476,-0.08939128837330115,5.410107502026676,4.8800600836009975,0.023353293413182416,0.504708097928437,0.4952919020715631,0.8681732580037664,0.5781544256120528,192,237,102,0,429,0.3615819209039548,0.4463276836158192,0.192090395480226,0.0,-0.0847457627118644,0.033520395009294476,tested,0.11425261397534174
NQ,LOWER_k0,1,60,1277,538,0.42129992169146435,537,0.5724907063197026,0.4256505576208178,0.14684014869888476,-0.09248041420838783,7.1269885115144795,6.383299208738259,0.04827586206895298,0.527306967984934,0.4726930320150659,0.8888888888888888,0.6459510357815442,192,237,102,0,429,0.3615819209039548,0.4463276836158192,0.192090395480226,0.0,-0.0847457627118644,0.033520395009294476,tested,0.11425261397534174
NQ,LOWER_k0,1,120,1277,538,0.42129992169146435,537,0.5724907063197026,0.4256505576208178,0.14684014869888476,-0.2653528490849054,8.739378464732992,7.722750381842562,0.08689320388350219,0.5348399246704332,0.4651600753295669,0.9096045197740112,0.704331450094162,192,237,102,0,429,0.3615819209039548,0.4463276836158192,0.192090395480226,0.0,-0.0847457627118644,0.033520395009294476,tested,0.11425261397534174
NQ,LOWER_k0,2,1,1277,712,0.557556773688332,710,0.5603932584269663,0.43679775280898875,0.12359550561797752,-0.0858747464563615,1.1696495410247034,1.3359126259840242,-0.05585714285718238,0.4757834757834758,0.5242165242165242,0.5698005698005698,0.0,262,287,115,38,549,0.3732193732193732,0.40883190883190884,0.16381766381766383,0.05413105413105413,-0.03561253561253561,0.3056925004514252,tested,0.515523241179407
NQ,LOWER_k0,2,2,1277,712,0.557556773688332,710,0.5603932584269663,0.43679775280898875,0.12359550561797752,-0.020127646182190935,1.7072882253597341,1.8756348482973884,-0.0397460791635802,0.48148148148148145,0.5156695156695157,0.6766381766381766,0.10256410256410256,273,303,115,11,576,0.3888888888888889,0.43162393162393164,0.16381766381766383,0.01566951566951567,-0.042735042735042736,0.22688826634629855,tested,0.4314888837391297
NQ,LOWER_k0,2,3,1277,712,0.557556773688332,710,0.5603932584269663,0.43679775280898875,0.12359550561797752,-0.026075661767173478,2.028914919705371,2.0757120915369027,-0.056934032983451545,0.4829059829059829,0.5142450142450142,0.7250712250712251,0.18803418803418803,275,308,115,4,583,0.39173789173789175,0.43874643874643876,0.16381766381766383,0.005698005698005698,-0.04700854700854701,0.18502272320416066,tested,0.37075752859183336
NQ,LOWER_k0,2,4,1277,712,0.557556773688332,710,0.5603932584269663,0.43679775280898875,0.12359550561797752,-0.008137634983670884,2.3996084691619184,2.3577741145390023,-0.0577176456706858,0.4757834757834758,0.5213675213675214,0.7478632478632479,0.24216524216524216,275,309,115,3,584,0.39173789173789175,0.44017094017094016,0.16381766381766383,0.004273504273504274,-0.04843304843304843,0.17202749009485874,tested,0.3614344548982051
NQ,LOWER_k0,2,5,1277,712,0.557556773688332,710,0.5603932584269663,0.43679775280898875,0.12359550561797752,-0.007078274769954775,2.641772485250665,2.669750541293946,-0.03391211906443292,0.48717948717948717,0.5113960113960114,0.7735042735042735,0.2849002849002849,277,310,115,0,587,0.3945868945868946,0.4415954415954416,0.16381766381766383,0.0,-0.04700854700854701,0.1865278062233707,tested,0.37075752859183336
NQ,LOWER_k0,2,10,1277,712,0.557556773688332,710,0.5603932584269663,0.43679775280898875,0.12359550561797752,0.39291288788386053,3.3505714801453106,3.493296801569146,-0.017453263867602407,0.4928774928774929,0.5056980056980057,0.8205128205128205,0.42165242165242167,277,310,115,0,587,0.3945868945868946,0.4415954415954416,0.16381766381766383,0.0,-0.04700854700854701,0.1865278062233707,tested,0.37075752859183336
NQ,LOWER_k0,2,15,1277,712,0.557556773688332,710,0.5603932584269663,0.43679775280898875,0.12359550561797752,-0.2287239304708723,3.7574284623229564,3.8765229335085327,-0.04337467085704423,0.4886039886039886,0.5113960113960114,0.8433048433048433,0.49715099715099714,277,310,115,0,587,0.3945868945868946,0.4415954415954416,0.16381766381766383,0.0,-0.04700854700854701,0.1865278062233707,tested,0.37075752859183336
NQ,LOWER_k0,2,20,1277,712,0.557556773688332,710,0.5603932584269663,0.43679775280898875,0.12359550561797752,0.019053533357719032,4.378550039400464,4.11485704312508,-0.04114148249973551,0.49145299145299143,0.5085470085470085,0.8632478632478633,0.5398860398860399,277,310,115,0,587,0.3945868945868946,0.4415954415954416,0.16381766381766383,0.0,-0.04700854700854701,0.1865278062233707,tested,0.37075752859183336
NQ,LOWER_k0,2,30,1277,712,0.557556773688332,710,0.5603932584269663,0.43679775280898875,0.12359550561797752,-0.2958297509384849,4.944988977888212,4.724118089134739,-0.03216634429399112,0.48717948717948717,0.5128205128205128,0.8760683760683761,0.6054131054131054,277,310,115,0,587,0.3945868945868946,0.4415954415954416,0.16381766381766383,0.0,-0.04700854700854701,0.1865278062233707,tested,0.37075752859183336
NQ,LOWER_k0,2,60,1277,712,0.557556773688332,710,0.5603932584269663,0.43679775280898875,0.12359550561797752,-0.4852621547604226,6.505443211012204,5.941752524862883,0.017705463040608056,0.5056980056980057,0.4943019943019943,0.8974358974358975,0.6794871794871795,277,310,115,0,587,0.3945868945868946,0.4415954415954416,0.16381766381766383,0.0,-0.04700854700854701,0.1865278062233707,tested,0.37075752859183336
NQ,LOWER_k0,2,120,1277,712,0.557556773688332,710,0.5603932584269663,0.43679775280898875,0.12359550561797752,-0.6358795535672893,7.944032886653738,7.477765325039181,0.04013684099563758,0.5142450142450142,0.48575498575498577,0.9145299145299145,0.7350427350427351,277,310,115,0,587,0.3945868945868946,0.4415954415954416,0.16381766381766383,0.0,-0.04700854700854701,0.1865278062233707,tested,0.37075752859183336
NQ,LOWER_k0,3,1,1277,796,0.6233359436178544,794,0.550251256281407,0.4472361809045226,0.10301507537688442,-0.09426311436257692,1.1027981104476954,1.3032999119020112,-0.06329931972790054,0.46938775510204084,0.5306122448979592,0.5688775510204082,0.0,290,322,123,49,612,0.36989795918367346,0.4107142857142857,0.1568877551020408,0.0625,-0.04081632653061224,0.2101337381112928,tested,0.41176003743265466
NQ,LOWER_k0,3,2,1277,796,0.6233359436178544,794,0.550251256281407,0.4472361809045226,0.10301507537688442,-0.008688834618078891,1.6133196250440371,1.7768283206321198,-0.05355593284285459,0.48086734693877553,0.5165816326530612,0.6747448979591837,0.09948979591836735,306,341,123,14,647,0.3903061224489796,0.43494897959183676,0.1568877551020408,0.017857142857142856,-0.044642857142857144,0.1812836246493153,tested,0.3678879426845644
NQ,LOWER_k0,3,3,1277,796,0.6233359436178544,794,0.550251256281407,0.4472361809045226,0.10301507537688442,-0.008702682914695163,1.9791521703297257,2.0653814747041297,-0.054972099012703196,0.4846938775510204,0.5127551020408163,0.7244897959183674,0.18622448979591838,308,346,123,7,654,0.39285714285714285,0.4413265306122449,0.1568877551020408,0.008928571428571428,-0.04846938775510204,0.14789245830565648,tested,0.32910321756293215
NQ,LOWER_k0,3,4,1277,796,0.6233359436178544,794,0.550251256281407,0.4472361809045226,0.10301507537688442,-0.008137634983670884,2.380678742900793,2.310485126998972,-0.04283599335595477,0.48086734693877553,0.5165816326530612,0.75,0.2461734693877551,308,347,123,6,655,0.39285714285714285,0.44260204081632654,0.1568877551020408,0.007653061224489796,-0.04974489795918367,0.13754108089453132,tested,0.3157051064686818
NQ,LOWER_k0,3,5,1277,796,0.6233359436178544,794,0.550251256281407,0.4472361809045226,0.10301507537688442,-0.032822192507396666,2.5898740305827284,2.551182442062025,-0.03087180181401273,0.4885204081632653,0.5102040816326531,0.7729591836734694,0.29336734693877553,310,348,123,3,658,0.39540816326530615,0.44387755102040816,0.1568877551020408,0.003826530612244898,-0.04846938775510204,0.14913107943225998,tested,0.3302215771478532
NQ,LOWER_k0,3,10,1277,796,0.6233359436178544,794,0.550251256281407,0.4472361809045226,0.10301507537688442,0.4907475487667907,3.3505714801453106,3.427147820077985,-0.019667498231381936,0.49107142857142855,0.5076530612244898,0.8188775510204082,0.4272959183673469,310,349,123,2,659,0.39540816326530615,0.4451530612244898,0.1568877551020408,0.002551020408163265,-0.04974489795918367,0.1387417941669748,tested,0.3157051064686818
NQ,LOWER_k0,3,15,1277,796,0.6233359436178544,794,0.550251256281407,0.4472361809045226,0.10301507537688442,-0.05288100370675832,3.78163242145024,3.827065349885329,-0.024963924963908146,0.49362244897959184,0.5063775510204082,0.8431122448979592,0.5025510204081632,310,349,123,2,659,0.39540816326530615,0.4451530612244898,0.1568877551020408,0.002551020408163265,-0.04974489795918367,0.1387417941669748,tested,0.3157051064686818
NQ,LOWER_k0,3,20,1277,796,0.6233359436178544,794,0.550251256281407,0.4472361809045226,0.10301507537688442,0.1562233724192097,4.448553349855162,4.06230067740654,0.006423933209645174,0.5012755102040817,0.4987244897959184,0.8622448979591837,0.5471938775510204,310,349,123,2,659,0.39540816326530615,0.4451530612244898,0.1568877551020408,0.002551020408163265,-0.04974489795918367,0.1387417941669748,tested,0.3157051064686818
NQ,LOWER_k0,3,30,1277,796,0.6233359436178544,794,0.550251256281407,0.4472361809045226,0.10301507537688442,-0.2636427863104325,4.962666575559588,4.63548489658693,-0.015478572797132004,0.49362244897959184,0.5063775510204082,0.8775510204081632,0.610969387755102,310,350,123,1,660,0.39540816326530615,0.44642857142857145,0.1568877551020408,0.0012755102040816326,-0.05102040816326531,0.1289329990526168,tested,0.30969514412638477
NQ,LOWER_k0,3,60,1277,796,0.6233359436178544,794,0.550251256281407,0.4472361809045226,0.10301507537688442,-0.4623302360106524,6.44807535506538,5.837175372694402,0.019140469953156162,0.5063775510204082,0.49362244897959184,0.8992346938775511,0.6900510204081632,310,351,123,0,661,0.39540816326530615,0.4477040816326531,0.1568877551020408,0.0,-0.05229591836734694,0.11968470651622147,tested,0.2903628970117854
NQ,LOWER_k0,3,120,1277,796,0.6233359436178544,794,0.550251256281407,0.4472361809045226,0.10301507537688442,-0.46169493502733355,7.944032886653738,7.274360476579787,0.05965963566634054,0.5178571428571429,0.48214285714285715,0.9158163265306123,0.7423469387755102,310,351,123,0,661,0.39540816326530615,0.4477040816326531,0.1568877551020408,0.0,-0.05229591836734694,0.11968470651622147,tested,0.2903628970117854
NQ,LOWER_k0,4,1,1277,836,0.6546593578700078,834,0.5442583732057417,0.4533492822966507,0.09090909090909091,-0.0858747464563615,1.0919992602669966,1.2898349628058958,-0.06828638497652958,0.4683698296836983,0.5316301703163017,0.5754257907542579,0.0,302,337,126,57,639,0.36739659367396593,0.4099756690997567,0.15328467153284672,0.06934306569343066,-0.04257907542579075,0.17857326559669826,tested,0.3678879426845644
NQ,LOWER_k0,4,2,1277,836,0.6546593578700078,834,0.5442583732057417,0.4533492822966507,0.09090909090909091,0.009471146500928177,1.568296170329798,1.7380055412826847,-0.05246963562754152,0.4829683698296837,0.5145985401459854,0.681265206812652,0.09854014598540146,322,358,126,16,680,0.39172749391727496,0.43552311435523117,0.15328467153284672,0.019464720194647202,-0.043795620437956206,0.17949213368739,tested,0.3678879426845644
NQ,LOWER_k0,4,3,1277,836,0.6546593578700078,834,0.5442583732057417,0.4533492822966507,0.09090909090909091,-0.008702682914695163,1.956528757746305,2.05754525698248,-0.0514703018500599,0.4854014598540146,0.5121654501216545,0.7287104622871047,0.1873479318734793,324,363,126,9,687,0.39416058394160586,0.4416058394160584,0.15328467153284672,0.010948905109489052,-0.04744525547445255,0.14706294722430158,tested,0.3282458967296767
NQ,LOWER_k0,4,4,1277,836,0.6546593578700078,834,0.5442583732057417,0.4533492822966507,0.09090909090909091,-0.008137634983670884,2.3479579117605827,2.300557990710434,-0.04283599335595477,0.4805352798053528,0.5170316301703163,0.7530413625304136,0.24695863746958638,324,364,126,8,688,0.39416058394160586,0.44282238442822386,0.15328467153284672,0.009732360097323601,-0.04866180048661801,0.1369939310378084,tested,0.3157051064686818
NQ,LOWER_k0,4,5,1277,836,0.6546593578700078,834,0.5442583732057417,0.4533492822966507,0.09090909090909091,0.0032480239038405563,2.5898740305827284,2.5226768376061823,-0.03087180181401273,0.48905109489051096,0.5097323600973236,0.7749391727493917,0.29318734793187345,326,366,126,4,692,0.39659367396593675,0.44525547445255476,0.15328467153284672,0.004866180048661801,-0.04866180048661801,0.1381351641000428,tested,0.3157051064686818
NQ,LOWER_k0,4,10,1277,836,0.6546593578700078,834,0.5442583732057417,0.4533492822966507,0.09090909090909091,0.4907475487667907,3.3653508917529384,3.379308786057154,-0.017453263867602407,0.4927007299270073,0.5060827250608273,0.8211678832116789,0.4282238442822384,326,368,126,2,694,0.39659367396593675,0.44768856447688565,0.15328467153284672,0.0024330900243309003,-0.051094890510948905,0.11956440860519062,tested,0.2903628970117854
NQ,LOWER_k0,4,15,1277,836,0.6546593578700078,834,0.5442583732057417,0.4533492822966507,0.09090909090909091,-0.05288100370675832,3.8204986866635604,3.8124661936037665,-0.024963924963908146,0.49391727493917276,0.5060827250608273,0.8454987834549879,0.5024330900243309,326,368,126,2,694,0.39659367396593675,0.44768856447688565,0.15328467153284672,0.0024330900243309003,-0.051094890510948905,0.11956440860519062,tested,0.2903628970117854
NQ,LOWER_k0,4,20,1277,836,0.6546593578700078,834,0.5442583732057417,0.4533492822966507,0.09090909090909091,0.2137864070403916,4.448553349855162,4.038017817956954,0.008108847258328066,0.5036496350364964,0.49635036496350365,0.864963503649635,0.5450121654501217,326,368,126,2,694,0.39659367396593675,0.44768856447688565,0.15328467153284672,0.0024330900243309003,-0.051094890510948905,0.11956440860519062,tested,0.2903628970117854
NQ,LOWER_k0,4,30,1277,836,0.6546593578700078,834,0.5442583732057417,0.4533492822966507,0.09090909090909091,-0.24370083553047156,4.972782249729738,4.589786258949728,-0.011657250470807297,0.49635036496350365,0.5036496350364964,0.8795620437956204,0.6119221411192214,326,369,126,1,695,0.39659367396593675,0.4489051094890511,0.15328467153284672,0.0012165450121654502,-0.052311435523114354,0.11106046268527245,tested,0.2749527567246643
NQ,LOWER_k0,4,60,1277,836,0.6546593578700078,834,0.5442583732057417,0.4533492822966507,0.09090909090909091,-0.42415003338298507,6.467392192584448,5.807986683692237,0.019140469953156162,0.5060827250608273,0.49391727493917276,0.9014598540145985,0.6922141119221411,326,370,126,0,696,0.39659367396593675,0.45012165450121655,0.15328467153284672,0.0,-0.0535279805352798,0.10305200412925132,tested,0.2645348527292756
NQ,LOWER_k0,4,120,1277,836,0.6546593578700078,834,0.5442583732057417,0.4533492822966507,0.09090909090909091,-0.4645528025126092,7.988866871305577,7.226030699407065,0.05965963566634054,0.5182481751824818,0.48175182481751827,0.9184914841849149,0.7445255474452555,326,370,126,0,696,0.39659367396593675,0.45012165450121655,0.15328467153284672,0.0,-0.0535279805352798,0.10305200412925132,tested,0.2645348527292756
NQ,LOWER_k0,5,1,1277,874,0.6844166014095536,872,0.5434782608695652,0.45423340961098396,0.08924485125858124,-0.08044055082858788,1.0981163424048885,1.2808239827078347,-0.05925925925920535,0.47380675203725264,0.5261932479627474,0.580908032596042,0.0,316,350,132,61,666,0.3678696158323632,0.4074505238649593,0.15366705471478465,0.0710128055878929,-0.03958090803259604,0.2009585318824085,tested,0.395381826955633
NQ,LOWER_k0,5,2,1277,874,0.6844166014095536,872,0.5434782608695652,0.45423340961098396,0.08924485125858124,-0.012146534329131105,1.5545545991832763,1.728439012231204,-0.052631578947368335,0.4831199068684517,0.5145518044237486,0.689173457508731,0.10011641443538999,337,372,132,18,709,0.39231664726426074,0.4330616996507567,0.15366705471478465,0.020954598370197905,-0.04074505238649592,0.2016053389009843,tested,0.39584983378529986
NQ,LOWER_k0,5,3,1277,874,0.6844166014095536,872,0.5434782608695652,0.45423340961098396,0.08924485125858124,-0.015739955456920786,1.9476605306697596,2.038266072205343,-0.043093922651949786,0.48661233993015135,0.5110593713620489,0.7345750873108265,0.18742724097788127,340,377,132,10,717,0.3958090803259604,0.43888242142025613,0.15366705471478465,0.011641443538998836,-0.04307334109429569,0.17876391966308633,tested,0.3678879426845644
NQ,LOWER_k0,5,4,1277,874,0.6844166014095536,872,0.5434782608695652,0.45423340961098396,0.08924485125858124,-0.07366169300306082,2.308838149947995,2.2838518560279137,-0.04140969162993032,0.4819557625145518,0.5157159487776485,0.7590221187427241,0.25029103608847497,340,378,132,9,718,0.3958090803259604,0.440046565774156,0.15366705471478465,0.010477299185098952,-0.04423748544819558,0.16728728798062859,tested,0.3551186288711589
NQ,LOWER_k0,5,5,1277,874,0.6844166014095536,872,0.5434782608695652,0.45423340961098396,0.08924485125858124,-0.04108860903163713,2.548160016097533,2.512181693140076,-0.02921348314613283,0.490104772991851,0.5087310826542492,0.7811408614668219,0.29452852153667053,342,380,132,5,722,0.3981373690337602,0.44237485448195574,0.15366705471478465,0.005820721769499418,-0.04423748544819558,0.16846905701084064,tested,0.35606560521068503
NQ,LOWER_k0,5,10,1277,874,0.6844166014095536,872,0.5434782608695652,0.45423340961098396,0.08924485125858124,0.38067105676976487,3.3217553982896386,3.3995164453575426,-0.029787234042429372,0.4889406286379511,0.509895227008149,0.8265424912689173,0.42956926658905703,342,382,132,3,724,0.3981373690337602,0.4447031431897555,0.15366705471478465,0.0034924330616996507,-0.046565774155995346,0.14716809832714842,tested,0.3282458967296767
NQ,LOWER_k0,5,15,1277,874,0.6844166014095536,872,0.5434782608695652,0.45423340961098396,0.08924485125858124,-0.09681337905135742,3.8018450775282044,3.823800999920506,-0.04426229508197921,0.48777648428405124,0.5122235157159488,0.8509895227008148,0.5029103608847497,342,383,132,2,725,0.3981373690337602,0.4458672875436554,0.15366705471478465,0.002328288707799767,-0.047729918509895226,0.13734030078374163,tested,0.3157051064686818
NQ,LOWER_k0,5,20,1277,874,0.6844166014095536,872,0.5434782608695652,0.45423340961098396,0.08924485125858124,0.21151671674254166,4.4337876080953915,4.0376238787741405,-0.02716049382716052,0.49825378346915017,0.5017462165308498,0.869615832363213,0.5448195576251456,342,383,132,2,725,0.3981373690337602,0.4458672875436554,0.15366705471478465,0.002328288707799767,-0.047729918509895226,0.13734030078374163,tested,0.3157051064686818
NQ,LOWER_k0,5,30,1277,874,0.6844166014095536,872,0.5434782608695652,0.45423340961098396,0.08924485125858124,-0.26145377973594897,4.944792256131253,4.623242111577059,-0.017289719626154623,0.4935972060535506,0.5064027939464494,0.8835855646100116,0.6123399301513388,342,384,132,1,726,0.3981373690337602,0.4470314318975553,0.15366705471478465,0.0011641443538998836,-0.048894062863795114,0.12803853417934155,tested,0.3083116942427926
NQ,LOWER_k0,5,60,1277,874,0.6844166014095536,872,0.5434782608695652,0.45423340961098396,0.08924485125858124,-0.49230710389969456,6.388827205839639,5.807527422060599,0.013406292749661994,0.5017462165308498,0.49825378346915017,0.9045401629802096,0.6915017462165308,342,385,132,0,727,0.3981373690337602,0.4481955762514552,0.15366705471478465,0.0,-0.050058207217694994,0.11924545793612061,tested,0.2903628970117854
NQ,LOWER_k0,5,120,1277,874,0.6844166014095536,872,0.5434782608695652,0.45423340961098396,0.08924485125858124,-0.5140882912827611,7.959331817978263,7.260100364409095,0.03943089430894604,0.5145518044237486,0.48544819557625146,0.9208381839348079,0.7450523864959255,342,385,132,0,727,0.3981373690337602,0.4481955762514552,0.15366705471478465,0.0,-0.050058207217694994,0.11924545793612061,tested,0.2903628970117854
NQ,LOWER_k0,10,1,1277,950,0.7439310884886453,948,0.5347368421052632,0.4631578947368421,0.07157894736842105,-0.07828203815568008,1.0865886799705016,1.1959504162446049,-0.057699805068173654,0.47639484978540775,0.5236051502145923,0.5879828326180258,0.0,345,376,138,73,721,0.3701716738197425,0.4034334763948498,0.148068669527897,0.07832618025751073,-0.033261802575107295,0.26387024901627154,tested,0.48314496680505964
NQ,LOWER_k0,10,2,1277,950,0.7439310884886453,948,0.5347368421052632,0.4631578947368421,0.07157894736842105,0.01778403277652081,1.5418540377330825,1.6460747781187712,-0.026092233009706263,0.48605150214592274,0.5118025751072961,0.6963519313304721,0.09763948497854077,370,402,138,22,772,0.3969957081545064,0.4313304721030043,0.148068669527897,0.023605150214592276,-0.034334763948497854,0.26453185165979504,tested,0.48314496680505964
NQ,LOWER_k0,10,3,1277,950,0.7439310884886453,948,0.5347368421052632,0.4631578947368421,0.07157894736842105,-0.003697837373548441,1.913649864893415,1.9845247183924446,-0.022452606635047598,0.4924892703862661,0.5053648068669528,0.7414163090128756,0.1888412017167382,373,408,138,13,781,0.4002145922746781,0.43776824034334766,0.148068669527897,0.013948497854077254,-0.03755364806866953,0.2237268210514973,tested,0.4263140999563964
NQ,LOWER_k0,10,4,1277,950,0.7439310884886453,948,0.5347368421052632,0.4631578947368421,0.07157894736842105,-0.05328073731712278,2.264389026543391,2.222547054174978,-0.027191862784230247,0.4892703862660944,0.5085836909871244,0.7650214592274678,0.2510729613733906,374,410,138,10,784,0.4012875536480687,0.43991416309012876,0.148068669527897,0.01072961373390558,-0.03862660944206009,0.211272304081318,tested,0.4131547279812441
NQ,LOWER_k0,10,5,1277,950,0.7439310884886453,948,0.5347368421052632,0.4631578947368421,0.07157894736842105,-0.013012629153996034,2.4777029033665583,2.447776893145411,-0.02871564217892323,0.4924892703862661,0.5064377682403434,0.7864806866952789,0.2939914163090129,376,412,138,6,788,0.4034334763948498,0.44206008583690987,0.148068669527897,0.006437768240343348,-0.03862660944206009,0.21243550781835302,tested,0.4137576892719632
NQ,LOWER_k0,10,10,1277,950,0.7439310884886453,948,0.5347368421052632,0.4631578947368421,0.07157894736842105,0.35497766231127803,3.1697322028283934,3.267197340707755,-0.03754242062918689,0.48605150214592274,0.5128755364806867,0.8315450643776824,0.4334763948497854,376,415,138,3,791,0.4034334763948498,0.44527896995708155,0.148068669527897,0.003218884120171674,-0.04184549356223176,0.17661797360913165,tested,0.3678879426845644
NQ,LOWER_k0,10,15,1277,950,0.7439310884886453,948,0.5347368421052632,0.4631578947368421,0.07157894736842105,-0.06309634129931217,3.7495841158322305,3.758899808692811,-0.05173409570012483,0.48283261802575106,0.5171673819742489,0.8562231759656652,0.5053648068669528,376,416,138,2,792,0.4034334763948498,0.44635193133047213,0.148068669527897,0.002145922746781116,-0.04291845493562232,0.1657656014708079,tested,0.3526617631291034
NQ,LOWER_k0,10,20,1277,950,0.7439310884886453,948,0.5347368421052632,0.4631578947368421,0.07157894736842105,0.2137864070403916,4.3649193793702805,4.007643496025572,-0.014159835436423832,0.4989270386266094,0.5010729613733905,0.8755364806866953,0.5504291845493562,376,416,138,2,792,0.4034334763948498,0.44635193133047213,0.148068669527897,0.002145922746781116,-0.04291845493562232,0.1657656014708079,tested,0.3526617631291034
NQ,LOWER_k0,10,30,1277,950,0.7439310884886453,948,0.5347368421052632,0.4631578947368421,0.07157894736842105,-0.18818774417355244,4.918580481836577,4.5621328258180744,-0.011634582911178633,0.4967811158798283,0.5032188841201717,0.8894849785407726,0.621244635193133,376,417,138,1,793,0.4034334763948498,0.44742489270386265,0.148068669527897,0.001072961373390558,-0.043991416309012876,0.15543497799298164,tested,0.3336599641132818
NQ,LOWER_k0,10,60,1277,950,0.7439310884886453,948,0.5347368421052632,0.4631578947368421,0.07157894736842105,-0.4623302360106524,6.34409945236567,5.725805291788679,0.020911709193069623,0.5075107296137339,0.4924892703862661,0.9098712446351931,0.7006437768240343,376,418,138,0,794,0.4034334763948498,0.44849785407725323,0.148068669527897,0.0,-0.045064377682403435,0.14561221490195295,tested,0.3270362506382609
NQ,LOWER_k0,10,120,1277,950,0.7439310884886453,948,0.5347368421052632,0.4631578947368421,0.07157894736842105,-0.5549223813393107,7.8947431043998275,7.058043560348269,0.053501030491978366,0.5171673819742489,0.48283261802575106,0.924892703862661,0.7532188841201717,376,418,138,0,794,0.4034334763948498,0.44849785407725323,0.148068669527897,0.0,-0.045064377682403435,0.14561221490195295,tested,0.3270362506382609
NQ,LOWER_k0,15,1,1277,977,0.7650743931088488,975,0.5353121801432958,0.4626407369498465,0.07267144319344933,-0.08039043926708532,1.0751040516561556,1.1863115194670804,-0.05945945945938072,0.4754440961337513,0.5245559038662487,0.5914315569487983,0.0,356,387,139,75,743,0.3719958202716823,0.4043887147335423,0.1452455590386625,0.07836990595611286,-0.03239289446185998,0.27106244985045735,tested,0.49136414130195266
NQ,LOWER_k0,15,2,1277,977,0.7650743931088488,975,0.5353121801432958,0.4626407369498465,0.07267144319344933,0.013410776521193789,1.5369215640872265,1.6448566403999558,-0.02718446601944569,0.48589341692789967,0.5120167189132706,0.6980146290491118,0.0961337513061651,382,413,139,23,795,0.3991640543364681,0.4315569487983281,0.1452455590386625,0.024033437826541274,-0.03239289446185998,0.2873264749161839,tested,0.5013783331353299
NQ,LOWER_k0,15,3,1277,977,0.7650743931088488,975,0.5353121801432958,0.4626407369498465,0.07267144319344933,-0.005810855261274344,1.8933470949351443,1.9847483847499208,-0.024999999999966833,0.49111807732497387,0.5067920585161965,0.7429467084639498,0.1891327063740857,385,419,139,14,804,0.40229885057471265,0.4378265412748171,0.1452455590386625,0.014629049111807733,-0.035527690700104496,0.2444795914992363,tested,0.46312376628426755
NQ,LOWER_k0,15,4,1277,977,0.7650743931088488,975,0.5353121801432958,0.4626407369498465,0.07267144319344933,-0.07366169300306082,2.220910275648916,2.23932842753553,-0.02921348314613283,0.48693834900731453,0.5109717868338558,0.7659352142110762,0.2497387669801463,386,422,139,10,808,0.40334378265412746,0.44096133751306166,0.1452455590386625,0.01044932079414838,-0.03761755485893417,0.21818784249690526,tested,0.42241166307400857
NQ,LOWER_k0,15,5,1277,977,0.7650743931088488,975,0.5353121801432958,0.4626407369498465,0.07267144319344933,-0.04108860903163713,2.4565375791570823,2.4527506455165713,-0.02921348314613283,0.49007314524555906,0.5088819226750261,0.7878787878787878,0.2946708463949843,388,424,139,6,812,0.4054336468129572,0.4430512016718913,0.1452455590386625,0.006269592476489028,-0.03761755485893417,0.2193256747233313,tested,0.42376697231973
NQ,LOWER_k0,15,10,1277,977,0.7650743931088488,975,0.5353121801432958,0.4626407369498465,0.07267144319344933,0.30745656682125844,3.136339301857912,3.2331466344347435,-0.036761487964995475,0.48693834900731453,0.5120167189132706,0.8338557993730408,0.4336468129571578,388,427,139,3,815,0.4054336468129572,0.44618599791013586,0.1452455590386625,0.003134796238244514,-0.04075235109717868,0.18312753214547994,tested,0.37075752859183336
NQ,LOWER_k0,15,15,1277,977,0.7650743931088488,975,0.5353121801432958,0.4626407369498465,0.07267144319344933,-0.10216177315039923,3.683149576906007,3.736373459219112,-0.05424528301886793,0.48066875653082547,0.5193312434691745,0.857889237199582,0.5057471264367817,388,428,139,2,816,0.4054336468129572,0.44723092998955066,0.1452455590386625,0.0020898641588296763,-0.04179728317659352,0.17212942531825676,tested,0.3614344548982051
NQ,LOWER_k0,15,20,1277,977,0.7650743931088488,975,0.5353121801432958,0.4626407369498465,0.07267144319344933,0.14165959911171444,4.24774227185027,4.0047541926803305,-0.02787456445993032,0.4952978056426332,0.5047021943573667,0.8766980146290491,0.5506792058516197,388,428,139,2,816,0.4054336468129572,0.44723092998955066,0.1452455590386625,0.0020898641588296763,-0.04179728317659352,0.17212942531825676,tested,0.3614344548982051
NQ,LOWER_k0,15,30,1277,977,0.7650743931088488,975,0.5353121801432958,0.4626407369498465,0.07267144319344933,-0.25768721866023375,4.864315692234066,4.582203422391733,-0.01215805471124621,0.49634273772204807,0.5036572622779519,0.890282131661442,0.6217345872518286,388,429,139,1,817,0.4054336468129572,0.4482758620689655,0.1452455590386625,0.0010449320794148381,-0.042842215256008356,0.16164524871660674,tested,0.34541412970789254
NQ,LOWER_k0,15,60,1277,977,0.7650743931088488,975,0.5353121801432958,0.4626407369498465,0.07267144319344933,-0.5424186014641592,6.3072738656308305,5.710756487271313,0.01916329284749948,0.5057471264367817,0.4942528735632184,0.910135841170324,0.7001044932079414,388,430,139,0,818,0.4054336468129572,0.44932079414838033,0.1452455590386625,0.0,-0.0438871473354232,0.1516620642369455,tested,0.3336565413212801
NQ,LOWER_k0,15,120,1277,977,0.7650743931088488,975,0.5353121801432958,0.4626407369498465,0.07267144319344933,-0.5621050741215862,7.789159876676146,7.094815685279748,0.03905325443786115,0.5120167189132706,0.48798328108672934,0.9247648902821317,0.7523510971786834,388,430,139,0,818,0.4054336468129572,0.44932079414838033,0.1452455590386625,0.0,-0.0438871473354232,0.1516620642369455,tested,0.3336565413212801
NQ,LOWER_k0,20,1,1277,1010,0.7909162098668755,1008,0.5326732673267327,0.46534653465346537,0.06732673267326733,-0.06344630455005736,1.0776063535522962,1.139881213965993,-0.04783185389245394,0.4817813765182186,0.5182186234817814,0.5961538461538461,0.0,368,391,144,85,759,0.3724696356275304,0.395748987854251,0.145748987854251,0.0860323886639676,-0.02327935222672065,0.4245702546371556,tested,0.6318193397996504
NQ,LOWER_k0,20,2,1277,1010,0.7909162098668755,1008,0.5326732673267327,0.46534653465346537,0.06732673267326733,0.0509878615888414,1.5364071509141644,1.5781999049504003,-0.012726045883925292,0.4939271255060729,0.5040485829959515,0.6993927125506073,0.09615384615384616,396,419,144,29,815,0.4008097165991903,0.4240890688259109,0.145748987854251,0.029352226720647773,-0.02327935222672065,0.44094747186392336,tested,0.6330209342685676
NQ,LOWER_k0,20,3,1277,1010,0.7909162098668755,1008,0.5326732673267327,0.46534653465346537,0.06732673267326733,-0.0008327051862347708,1.8973261158742045,1.918678541331782,-0.00487804878050555,0.4979757085020243,0.5,0.742914979757085,0.1902834008097166,401,427,144,16,828,0.4058704453441296,0.43218623481781376,0.145748987854251,0.016194331983805668,-0.02631578947368421,0.3849628389751035,tested,0.6149241388249179
NQ,LOWER_k0,20,4,1277,1010,0.7909162098668755,1008,0.5326732673267327,0.46534653465346537,0.06732673267326733,-0.027828062098906446,2.2240512726903345,2.1762759271412744,-0.015182897286799044,0.49291497975708504,0.5050607287449392,0.7661943319838057,0.25,402,431,144,11,833,0.4068825910931174,0.43623481781376516,0.145748987854251,0.011133603238866396,-0.029352226720647773,0.33197838950112274,tested,0.5540604845467013
NQ,LOWER_k0,20,5,1277,1010,0.7909162098668755,1008,0.5326732673267327,0.46534653465346537,0.06732673267326733,-0.013047408198857378,2.4400992506794514,2.4039920653916598,-0.00785423925669601,0.4979757085020243,0.5010121457489879,0.7874493927125507,0.29554655870445345,404,433,144,7,837,0.4089068825910931,0.4382591093117409,0.145748987854251,0.00708502024291498,-0.029352226720647773,0.3331366077032026,tested,0.5550365512163512
NQ,LOWER_k0,20,10,1277,1010,0.7909162098668755,1008,0.5326732673267327,0.46534653465346537,0.06732673267326733,0.30909228471334127,3.1190210509247134,3.1937353350681015,-0.029241443108183874,0.4908906882591093,0.5080971659919028,0.8340080971659919,0.4382591093117409,405,436,144,3,841,0.409919028340081,0.44129554655870445,0.145748987854251,0.003036437246963563,-0.03137651821862348,0.3009072448486616,tested,0.5125837490334126
NQ,LOWER_k0,20,15,1277,1010,0.7909162098668755,1008,0.5326732673267327,0.46534653465346537,0.06732673267326733,-0.10248114321227622,3.6640080058746127,3.7108150115324596,-0.05421623756854725,0.4817813765182186,0.5182186234817814,0.8603238866396761,0.5121457489878543,405,437,144,2,842,0.409919028340081,0.4423076923076923,0.145748987854251,0.0020242914979757085,-0.032388663967611336,0.2853647632350419,tested,0.5013783331353299
NQ,LOWER_k0,20,20,1277,1010,0.7909162098668755,1008,0.5326732673267327,0.46534653465346537,0.06732673267326733,0.12770630078787318,4.216495576944478,4.001425289947419,-0.025474520041320763,0.49696356275303644,0.5030364372469636,0.8795546558704453,0.5587044534412956,405,437,144,2,842,0.409919028340081,0.4423076923076923,0.145748987854251,0.0020242914979757085,-0.032388663967611336,0.2853647632350419,tested,0.5013783331353299
NQ,LOWER_k0,20,30,1277,1010,0.7909162098668755,1008,0.5326732673267327,0.46534653465346537,0.06732673267326733,-0.2636427863104325,4.863488472434894,4.582448186318074,0.0021904761904831135,0.5,0.5,0.8927125506072875,0.6295546558704453,405,438,144,1,843,0.409919028340081,0.4433198380566802,0.145748987854251,0.0010121457489878543,-0.03340080971659919,0.27039134273313276,tested,0.4910672040631755
NQ,LOWER_k0,20,60,1277,1010,0.7909162098668755,1008,0.5326732673267327,0.46534653465346537,0.06732673267326733,-0.4852621547604226,6.257493146965326,5.710618559313835,0.019866652619540195,0.5060728744939271,0.4939271255060729,0.9129554655870445,0.7074898785425101,405,439,144,0,844,0.409919028340081,0.444331983805668,0.145748987854251,0.0,-0.03441295546558704,0.2559819894419107,tested,0.47288275912169764
NQ,LOWER_k0,20,120,1277,1010,0.7909162098668755,1008,0.5326732673267327,0.46534653465346537,0.06732673267326733,-0.5309139899198982,7.747464500885261,7.034450536750873,0.035118959874998676,0.5121457489878543,0.48785425101214575,0.9271255060728745,0.7580971659919028,405,439,144,0,844,0.409919028340081,0.444331983805668,0.145748987854251,0.0,-0.03441295546558704,0.2559819894419107,tested,0.47288275912169764
NQ,LOWER_k0,30,1,1277,1030,0.8065779169929522,1028,0.5330097087378641,0.4650485436893204,0.06796116504854369,-0.051101968461187613,1.0725699310224157,1.126239749868171,-0.0435950413223411,0.48313492063492064,0.5168650793650794,0.5932539682539683,0.0,377,398,144,89,775,0.3740079365079365,0.3948412698412698,0.14285714285714285,0.0882936507936508,-0.020833333333333332,0.47252074380188264,tested,0.6600289754692964
NQ,LOWER_k0,30,2,1277,1030,0.8065779169929522,1028,0.5330097087378641,0.4650485436893204,0.06796116504854369,0.0509878615888414,1.5364071509141644,1.548716976698258,-0.011578947368424875,0.49503968253968256,0.5029761904761905,0.6984126984126984,0.09722222222222222,407,427,144,30,834,0.4037698412698413,0.4236111111111111,0.14285714285714285,0.02976190476190476,-0.01984126984126984,0.5106160178409619,tested,0.7030957400711965
NQ,LOWER_k0,30,3,1277,1030,0.8065779169929522,1028,0.5330097087378641,0.4650485436893204,0.06796116504854369,-0.0008327051862347708,1.8932488139566046,1.8954767976623197,-0.0032786885246021092,0.498015873015873,0.5,0.7420634920634921,0.19047619047619047,412,435,144,17,847,0.4087301587301587,0.43154761904761907,0.14285714285714285,0.016865079365079364,-0.022817460317460316,0.4497109856295989,tested,0.640176814837429
NQ,LOWER_k0,30,4,1277,1030,0.8065779169929522,1028,0.5330097087378641,0.4650485436893204,0.06796116504854369,-0.05328073731712278,2.2061479870069474,2.1683200345279117,-0.015182897286799044,0.4930555555555556,0.5049603174603174,0.7648809523809523,0.2509920634920635,413,439,144,12,852,0.4097222222222222,0.435515873015873,0.14285714285714285,0.011904761904761904,-0.025793650793650792,0.3917414926931186,tested,0.6216487949621947
NQ,LOWER_k0,30,5,1277,1030,0.8065779169929522,1028,0.5330097087378641,0.4650485436893204,0.06796116504854369,-0.013047408198857378,2.4249605257246114,2.3838777006011567,-0.0029761904761904604,0.4990079365079365,0.5,0.7857142857142857,0.2976190476190476,415,441,144,8,856,0.4117063492063492,0.4375,0.14285714285714285,0.007936507936507936,-0.025793650793650792,0.39285026104109544,tested,0.6223879749390842
NQ,LOWER_k0,30,10,1277,1030,0.8065779169929522,1028,0.5330097087378641,0.4650485436893204,0.06796116504854369,0.3112445251916567,3.111134455538992,3.186498288035425,-0.02425436814304939,0.49206349206349204,0.5069444444444444,0.8333333333333334,0.439484126984127,416,445,144,3,861,0.4126984126984127,0.44146825396825395,0.14285714285714285,0.002976190476190476,-0.028769841269841268,0.3399677161077954,tested,0.560189175845944
NQ,LOWER_k0,30,15,1277,1030,0.8065779169929522,1028,0.5330097087378641,0.4650485436893204,0.06796116504854369,-0.07818012592967893,3.6516894076329427,3.686765712931918,-0.053897719770438515,0.48214285714285715,0.5178571428571429,0.8591269841269841,0.5138888888888888,416,446,144,2,862,0.4126984126984127,0.44246031746031744,0.14285714285714285,0.001984126984126984,-0.02976190476190476,0.32327928978506915,tested,0.5404738385353143
NQ,LOWER_k0,30,20,1277,1030,0.8065779169929522,1028,0.5330097087378641,0.4650485436893204,0.06796116504854369,0.14043597025988785,4.190222325697993,3.974251386247475,-0.01997508120854123,0.498015873015873,0.501984126984127,0.8779761904761905,0.5595238095238095,416,446,144,2,862,0.4126984126984127,0.44246031746031744,0.14285714285714285,0.001984126984126984,-0.02976190476190476,0.32327928978506915,tested,0.5404738385353143
NQ,LOWER_k0,30,30,1277,1030,0.8065779169929522,1028,0.5330097087378641,0.4650485436893204,0.06796116504854369,-0.2636427863104325,4.874046662418252,4.548438336002571,0.0021904761904831135,0.5,0.5,0.8908730158730159,0.628968253968254,416,447,144,1,863,0.4126984126984127,0.44345238095238093,0.14285714285714285,0.000992063492063492,-0.030753968253968252,0.30715213340593167,tested,0.5161862241960796
NQ,LOWER_k0,30,60,1277,1030,0.8065779169929522,1028,0.5330097087378641,0.4650485436893204,0.06796116504854369,-0.42415003338298507,6.257493146965326,5.688310872942143,0.019866652619540195,0.5059523809523809,0.49404761904761907,0.9107142857142857,0.7063492063492064,416,448,144,0,864,0.4126984126984127,0.4444444444444444,0.14285714285714285,0.0,-0.031746031746031744,0.29158419609586983,tested,0.5013783331353299
NQ,LOWER_k0,30,120,1277,1030,0.8065779169929522,1028,0.5330097087378641,0.4650485436893204,0.06796116504854369,-0.5673062765271049,7.723208050318739,7.034450536750873,0.036923980948846045,0.5128968253968254,0.4871031746031746,0.9255952380952381,0.7569444444444444,416,448,144,0,864,0.4126984126984127,0.4444444444444444,0.14285714285714285,0.0,-0.031746031746031744,0.29158419609586983,tested,0.5013783331353299
NQ,LOWER_k0,60,1,1277,1079,0.8449490994518403,1077,0.5291936978683967,0.468952734012975,0.060240963855421686,-0.04112907431529178,1.0725699310224157,1.0957481513307084,-0.03060428849904095,0.48956356736242884,0.5104364326375711,0.5863377609108159,0.0,398,410,146,100,808,0.3776091081593928,0.3889943074003795,0.13851992409867173,0.09487666034155598,-0.011385199240986717,0.6987971897564922,tested,0.8361380465813157
NQ,LOWER_k0,60,2,1277,1079,0.8449490994518403,1077,0.5291936978683967,0.468952734012975,0.060240963855421686,0.06618333693879702,1.5154123279407423,1.5084524634331773,0.0,0.4990512333965844,0.4990512333965844,0.6935483870967742,0.09582542694497154,430,443,146,35,873,0.4079696394686907,0.42030360531309297,0.13851992409867173,0.03320683111954459,-0.012333965844402278,0.6846646969119515,tested,0.8268568301047408
NQ,LOWER_k0,60,3,1277,1079,0.8449490994518403,1077,0.5291936978683967,0.468952734012975,0.060240963855421686,0.0019462819467354093,1.8537392990611,1.7924260113222097,0.002838608559321323,0.5009487666034156,0.4971537001897533,0.7362428842504743,0.18785578747628084,436,452,146,20,888,0.41366223908918404,0.428842504743833,0.13851992409867173,0.018975332068311195,-0.015180265654648957,0.6147310862148708,tested,0.7829732782315724
NQ,LOWER_k0,60,4,1277,1079,0.8449490994518403,1077,0.5291936978683967,0.468952734012975,0.060240963855421686,-0.012775230999530884,2.1833890699713394,2.0926258438538543,-0.0006535947712323255,0.4981024667931689,0.5,0.7599620493358634,0.24667931688804554,438,456,146,14,894,0.4155597722960152,0.43263757115749524,0.13851992409867173,0.013282732447817837,-0.017077798861480076,0.5696757517224513,tested,0.7644439119813407
NQ,LOWER_k0,60,5,1277,1079,0.8449490994518403,1077,0.5291936978683967,0.468952734012975,0.060240963855421686,0.013947149479000094,2.410990985191387,2.3100494111440106,0.011104269293911492,0.5047438330170778,0.49430740037950666,0.7827324478178368,0.29316888045540795,440,458,146,10,898,0.4174573055028463,0.43453510436432635,0.13851992409867173,0.009487666034155597,-0.017077798861480076,0.5705364894409092,tested,0.7644439119813407
NQ,LOWER_k0,60,10,1277,1079,0.8449490994518403,1077,0.5291936978683967,0.468952734012975,0.060240963855421686,0.3065318764558971,3.084451541540873,3.1023114112881593,-0.017453263867602407,0.49430740037950666,0.5047438330170778,0.8311195445920304,0.44022770398481975,441,462,146,5,903,0.41840607210626185,0.43833017077798864,0.13851992409867173,0.004743833017077799,-0.019924098671726755,0.5057153899513124,tested,0.6983345185062345
NQ,LOWER_k0,60,15,1277,1079,0.8449490994518403,1077,0.5291936978683967,0.468952734012975,0.060240963855421686,-0.07818012592967893,3.611318480894383,3.6419750730609524,-0.04486896656651841,0.484819734345351,0.5151802656546489,0.857685009487666,0.5142314990512334,441,463,146,4,904,0.41840607210626185,0.43927893738140417,0.13851992409867173,0.003795066413662239,-0.020872865275142316,0.48491674115910044,tested,0.6731609131120762
NQ,LOWER_k0,60,20,1277,1079,0.8449490994518403,1077,0.5291936978683967,0.468952734012975,0.060240963855421686,0.1562233724192097,4.155162664816228,3.9068297774038445,0.006423933209645174,0.5009487666034156,0.4990512333965844,0.8757115749525617,0.5607210626185958,442,464,146,2,906,0.41935483870967744,0.44022770398481975,0.13851992409867173,0.0018975332068311196,-0.020872865275142316,0.48539908817379046,tested,0.6731609131120762
NQ,LOWER_k0,60,30,1277,1079,0.8449490994518403,1077,0.5291936978683967,0.468952734012975,0.060240963855421686,-0.23415236123734928,4.863488472434894,4.349937243259632,0.008580923793190452,0.5028462998102466,0.4971537001897533,0.889943074003795,0.6299810246679317,442,465,146,1,907,0.41935483870967744,0.4411764705882353,0.13851992409867173,0.0009487666034155598,-0.021821631878557873,0.46510502065772386,tested,0.6534421770633915
NQ,LOWER_k0,60,60,1277,1079,0.8449490994518403,1077,0.5291936978683967,0.468952734012975,0.060240963855421686,-0.42415003338298507,6.257493146965326,5.5553098089080475,0.024038467703163223,0.5075901328273245,0.49146110056925996,0.9098671726755219,0.7077798861480076,442,466,146,0,908,0.41935483870967744,0.44212523719165087,0.13851992409867173,0.0,-0.022770398481973434,0.44531284943506627,tested,0.6348495408735555
NQ,LOWER_k0,60,120,1277,1079,0.8449490994518403,1077,0.5291936978683967,0.468952734012975,0.060240963855421686,-0.5673062765271049,7.702674374695256,6.981622047843572,0.04013684099563758,0.5151802656546489,0.484819734345351,0.9250474383301708,0.7599620493358634,442,466,146,0,908,0.41935483870967744,0.44212523719165087,0.13851992409867173,0.0,-0.022770398481973434,0.44531284943506627,tested,0.6348495408735555
NQ,LOWER_k0,120,1,1277,1103,0.8637431480031323,1101,0.5249320036264733,0.4732547597461469,0.051677243880326386,-0.03257407715101078,1.0837606836278229,1.0819568878455728,-0.01874999999995443,0.4948932219127205,0.5051067780872794,0.5877437325905293,0.0,411,415,147,104,826,0.3816155988857939,0.3853296193129062,0.13649025069637882,0.09656453110492108,-0.003714020427112349,0.9168734154552873,tested,0.9785374489092813
NQ,LOWER_k0,120,2,1277,1103,0.8637431480031323,1101,0.5249320036264733,0.4732547597461469,0.051677243880326386,0.04442330064428503,1.506928919706132,1.483166173256458,0.011764705882395738,0.5023212627669452,0.4958217270194986,0.6945218198700093,0.09935004642525534,443,451,147,36,894,0.4113277623026927,0.41875580315691735,0.13649025069637882,0.033426183844011144,-0.007428040854224698,0.8149117243853131,tested,0.9108943986200728
NQ,LOWER_k0,120,3,1277,1103,0.8637431480031323,1101,0.5249320036264733,0.4732547597461469,0.051677243880326386,0.006595557409526105,1.8425428159955946,1.7455357757847778,0.0038834951455745353,0.5013927576601671,0.49675023212627667,0.7381615598885793,0.1903435468895079,449,460,147,21,909,0.4168987929433612,0.4271123491179202,0.13649025069637882,0.019498607242339833,-0.01021355617455896,0.7401520847916921,tested,0.8635576923577559
NQ,LOWER_k0,120,4,1277,1103,0.8637431480031323,1101,0.5249320036264733,0.4732547597461469,0.051677243880326386,-0.01014758686971595,2.145348966689709,2.059759139838874,0.0038834951455745353,0.500464252553389,0.4976787372330548,0.7613741875580315,0.25069637883008355,451,465,147,14,916,0.41875580315691735,0.43175487465181056,0.13649025069637882,0.012999071494893221,-0.012999071494893221,0.6675592767383461,tested,0.8255704532055905
NQ,LOWER_k0,120,5,1277,1103,0.8637431480031323,1101,0.5249320036264733,0.4732547597461469,0.051677243880326386,0.012833462086824269,2.410658422849392,2.295129992301614,0.016091954023005246,0.5069637883008357,0.4921077065923863,0.7836583101207056,0.2971216341689879,453,467,147,10,920,0.4206128133704735,0.4336118848653668,0.13649025069637882,0.009285051067780872,-0.012999071494893221,0.6682394166186153,tested,0.8255704532055905
NQ,LOWER_k0,120,10,1277,1103,0.8637431480031323,1101,0.5249320036264733,0.4732547597461469,0.051677243880326386,0.2748922684711144,3.067998491169466,3.073973793683589,-0.0097560975610111,0.49675023212627667,0.5023212627669452,0.8310120705663882,0.4456824512534819,454,471,147,5,925,0.4215413184772516,0.4373259052924791,0.13649025069637882,0.004642525533890436,-0.015784586815227482,0.5988587429562394,tested,0.7698476270672507
NQ,LOWER_k0,120,15,1277,1103,0.8637431480031323,1101,0.5249320036264733,0.4732547597461469,0.051677243880326386,-0.08610849215116241,3.6023596714918713,3.6137744407507078,-0.04337349397588607,0.48746518105849584,0.5125348189415042,0.8588672237697307,0.5190343546889508,454,472,147,4,926,0.4215413184772516,0.4382544103992572,0.13649025069637882,0.003714020427112349,-0.016713091922005572,0.5764210881634351,tested,0.7644439119813407
NQ,LOWER_k0,120,20,1277,1103,0.8637431480031323,1101,0.5249320036264733,0.4732547597461469,0.051677243880326386,0.13921234140806127,4.127914143246483,3.8937382684298782,0.00519480519480055,0.500464252553389,0.49953574744661094,0.8774373259052924,0.5654596100278552,455,473,147,2,928,0.42246982358402974,0.4391829155060353,0.13649025069637882,0.0018570102135561746,-0.016713091922005572,0.5768322605905036,tested,0.7644439119813407
NQ,LOWER_k0,120,30,1277,1103,0.8637431480031323,1101,0.5249320036264733,0.4732547597461469,0.051677243880326386,-0.26145377973594897,4.798652142251871,4.335935180536702,0.007653061224489799,0.5013927576601671,0.4986072423398329,0.8913649025069638,0.6350974930362117,455,474,147,1,929,0.42246982358402974,0.4401114206128134,0.13649025069637882,0.0009285051067780873,-0.017641597028783658,0.554837885051414,tested,0.7511651366849912
NQ,LOWER_k0,120,60,1277,1103,0.8637431480031323,1101,0.5249320036264733,0.4732547597461469,0.051677243880326386,-0.44644326640015414,6.213482418921736,5.555561386579529,0.020570012391580916,0.5060352831940576,0.49303621169916434,0.9108635097493036,0.7112349117920148,455,475,147,0,930,0.42246982358402974,0.44103992571959144,0.13649025069637882,0.0,-0.018570102135561744,0.5332843250558322,tested,0.7291232014887651
NQ,LOWER_k0,120,120,1277,1103,0.8637431480031323,1101,0.5249320036264733,0.4732547597461469,0.051677243880326386,-0.6171586570836417,7.610435304179327,6.974575189295883,0.03943089430894604,0.5143918291550603,0.4856081708449396,0.9257195914577531,0.7632311977715878,455,475,147,0,930,0.42246982358402974,0.44103992571959144,0.13649025069637882,0.0,-0.018570102135561744,0.5332843250558322,tested,0.7291232014887651
NQ,LOWER_k1,1,1,1277,244,0.19107282693813626,244,0.6229508196721312,0.3770491803278688,0.2459016393442623,-0.701134005660081,0.9978708632066131,2.022909241892753,-0.33816723123988446,0.38016528925619836,0.6198347107438017,0.6033057851239669,0.0,66,116,55,5,182,0.2727272727272727,0.4793388429752066,0.22727272727272727,0.02066115702479339,-0.2066115702479339,0.000259247718235992,tested,0.03429944076021213
NQ,LOWER_k1,1,2,1277,244,0.19107282693813626,244,0.6229508196721312,0.3770491803278688,0.2459016393442623,-0.39054365480399594,1.6846589641398213,2.5191528677919144,-0.2303070011307748,0.4132231404958678,0.5867768595041323,0.6694214876033058,0.06611570247933884,69,116,56,1,185,0.28512396694214875,0.4793388429752066,0.23140495867768596,0.004132231404958678,-0.19421487603305784,0.0006781790955458553,tested,0.03429944076021213
NQ,LOWER_k1,1,3,1277,244,0.19107282693813626,244,0.6229508196721312,0.3770491803278688,0.2459016393442623,-0.28824998531950674,1.9838192895738678,2.933751361102253,-0.2250744105657022,0.4256198347107438,0.5743801652892562,0.7231404958677686,0.1322314049586777,70,116,56,0,186,0.2892561983471074,0.4793388429752066,0.23140495867768596,0.0,-0.19008264462809918,0.0009180999579128602,tested,0.03429944076021213
NQ,LOWER_k1,1,4,1277,244,0.19107282693813626,244,0.6229508196721312,0.3770491803278688,0.2459016393442623,-0.031411728874808004,2.4539172642449616,3.3331514824329203,-0.16068114184081034,0.45041322314049587,0.5495867768595041,0.7603305785123967,0.17768595041322313,70,116,56,0,186,0.2892561983471074,0.4793388429752066,0.23140495867768596,0.0,-0.19008264462809918,0.0009180999579128602,tested,0.03429944076021213
NQ,LOWER_k1,1,5,1277,244,0.19107282693813626,244,0.6229508196721312,0.3770491803278688,0.2459016393442623,-0.01620955012024359,2.80041022689442,3.5775433808568886,-0.057462893214806916,0.47107438016528924,0.5289256198347108,0.7727272727272727,0.2231404958677686,70,116,56,0,186,0.2892561983471074,0.4793388429752066,0.23140495867768596,0.0,-0.19008264462809918,0.0009180999579128602,tested,0.03429944076021213
NQ,LOWER_k1,1,10,1277,244,0.19107282693813626,244,0.6229508196721312,0.3770491803278688,0.2459016393442623,0.1641606521216743,4.1769253294019375,4.521901910423082,-0.030421614430566242,0.48760330578512395,0.512396694214876,0.8388429752066116,0.359504132231405,70,116,56,0,186,0.2892561983471074,0.4793388429752066,0.23140495867768596,0.0,-0.19008264462809918,0.0009180999579128602,tested,0.03429944076021213
NQ,LOWER_k1,1,15,1277,244,0.19107282693813626,244,0.6229508196721312,0.3770491803278688,0.2459016393442623,-0.4040247758401594,4.73269906132291,5.04507875214783,-0.023745266810425047,0.49173553719008267,0.5082644628099173,0.859504132231405,0.4462809917355372,70,116,56,0,186,0.2892561983471074,0.4793388429752066,0.23140495867768596,0.0,-0.19008264462809918,0.0009180999579128602,tested,0.03429944076021213
NQ,LOWER_k1,1,20,1277,244,0.19107282693813626,244,0.6229508196721312,0.3770491803278688,0.2459016393442623,0.5504831984299068,5.500661011283487,5.562132825818179,-0.015757713434357022,0.48760330578512395,0.512396694214876,0.8801652892561983,0.5,70,116,56,0,186,0.2892561983471074,0.4793388429752066,0.23140495867768596,0.0,-0.19008264462809918,0.0009180999579128602,tested,0.03429944076021213
NQ,LOWER_k1,1,30,1277,244,0.19107282693813626,244,0.6229508196721312,0.3770491803278688,0.2459016393442623,0.06969355771385634,6.290533511106462,6.446526288125675,-0.008966887709840025,0.49173553719008267,0.5082644628099173,0.8884297520661157,0.5578512396694215,70,116,56,0,186,0.2892561983471074,0.4793388429752066,0.23140495867768596,0.0,-0.19008264462809918,0.0009180999579128602,tested,0.03429944076021213
NQ,LOWER_k1,1,60,1277,244,0.19107282693813626,244,0.6229508196721312,0.3770491803278688,0.2459016393442623,0.3502420255129785,8.27060292322372,7.301834093245791,0.07444078336662618,0.5206611570247934,0.4793388429752066,0.9008264462809917,0.6322314049586777,70,116,56,0,186,0.2892561983471074,0.4793388429752066,0.23140495867768596,0.0,-0.19008264462809918,0.0009180999579128602,tested,0.03429944076021213
NQ,LOWER_k1,1,120,1277,244,0.19107282693813626,244,0.6229508196721312,0.3770491803278688,0.2459016393442623,1.012709578957414,10.21080079163674,8.753977410467204,0.09187126985419074,0.5537190082644629,0.4462809917355372,0.9256198347107438,0.71900826446281,70,116,56,0,186,0.2892561983471074,0.4793388429752066,0.23140495867768596,0.0,-0.19008264462809918,0.0009180999579128602,tested,0.03429944076021213
NQ,LOWER_k1,2,1,1277,416,0.32576350822239625,416,0.5384615384615384,0.46153846153846156,0.07692307692307693,-0.20676640658925366,1.24223129219205,1.5068871641452317,-0.08084338734177124,0.47560975609756095,0.524390243902439,0.6195121951219512,0.0,147,164,84,15,311,0.35853658536585364,0.4,0.2048780487804878,0.036585365853658534,-0.041463414634146344,0.36428375786055467,tested,0.588468295615124
NQ,LOWER_k1,2,2,1277,416,0.32576350822239625,416,0.5384615384615384,0.46153846153846156,0.07692307692307693,-0.18580549782073535,1.7898043758738604,2.035767883029134,-0.0007743997068676045,0.5,0.5,0.6853658536585366,0.08780487804878048,154,167,85,4,321,0.375609756097561,0.4073170731707317,0.2073170731707317,0.00975609756097561,-0.03170731707317073,0.503063065740337,tested,0.6956643537666375
NQ,LOWER_k1,2,3,1277,416,0.32576350822239625,416,0.5384615384615384,0.46153846153846156,0.07692307692307693,0.16879455940437663,2.035848721367546,2.3754655004683602,-0.013716332837173358,0.4902439024390244,0.5097560975609756,0.748780487804878,0.15853658536585366,155,169,85,1,324,0.3780487804878049,0.4121951219512195,0.2073170731707317,0.0024390243902439024,-0.03414634146341464,0.470213002420261,tested,0.6577546045416368
NQ,LOWER_k1,2,4,1277,416,0.32576350822239625,416,0.5384615384615384,0.46153846153846156,0.07692307692307693,0.3852721940350933,2.4742755653698323,2.6452045029083058,-0.010760309845744357,0.4902439024390244,0.5097560975609756,0.7804878048780488,0.2121951219512195,155,170,85,0,325,0.3780487804878049,0.4146341463414634,0.2073170731707317,0.0,-0.036585365853658534,0.4374536094113213,tested,0.6330209342685676
NQ,LOWER_k1,2,5,1277,416,0.32576350822239625,416,0.5384615384615384,0.46153846153846156,0.07692307692307693,0.4081726240638277,2.806567483464786,2.872617951408854,0.018774587310925583,0.5048780487804878,0.4951219512195122,0.7951219512195122,0.25365853658536586,155,170,85,0,325,0.3780487804878049,0.4146341463414634,0.2073170731707317,0.0,-0.036585365853658534,0.4374536094113213,tested,0.6330209342685676
NQ,LOWER_k1,2,10,1277,416,0.32576350822239625,416,0.5384615384615384,0.46153846153846156,0.07692307692307693,0.1641606521216743,3.887219003771418,3.742018834548716,0.07889227918821909,0.5292682926829269,0.47073170731707314,0.8439024390243902,0.3951219512195122,155,170,85,0,325,0.3780487804878049,0.4146341463414634,0.2073170731707317,0.0,-0.036585365853658534,0.4374536094113213,tested,0.6330209342685676
NQ,LOWER_k1,2,15,1277,416,0.32576350822239625,416,0.5384615384615384,0.46153846153846156,0.07692307692307693,0.07193354480713741,4.399599509862725,4.397830608612857,0.06491396448216527,0.5292682926829269,0.47073170731707314,0.8634146341463415,0.4658536585365854,155,170,85,0,325,0.3780487804878049,0.4146341463414634,0.2073170731707317,0.0,-0.036585365853658534,0.4374536094113213,tested,0.6330209342685676
NQ,LOWER_k1,2,20,1277,416,0.32576350822239625,416,0.5384615384615384,0.46153846153846156,0.07692307692307693,0.6463543625663548,5.112446887509128,4.755481689759298,0.0679400851679027,0.5219512195121951,0.47804878048780486,0.8902439024390244,0.5121951219512195,155,170,85,0,325,0.3780487804878049,0.4146341463414634,0.2073170731707317,0.0,-0.036585365853658534,0.4374536094113213,tested,0.6330209342685676
NQ,LOWER_k1,2,30,1277,416,0.32576350822239625,416,0.5384615384615384,0.46153846153846156,0.07692307692307693,-0.02666622417660311,5.801984621009664,5.089793995090863,0.05730516389358567,0.5121951219512195,0.4878048780487805,0.9024390243902439,0.5853658536585366,155,170,85,0,325,0.3780487804878049,0.4146341463414634,0.2073170731707317,0.0,-0.036585365853658534,0.4374536094113213,tested,0.6330209342685676
NQ,LOWER_k1,2,60,1277,416,0.32576350822239625,416,0.5384615384615384,0.46153846153846156,0.07692307692307693,-0.11514402730534984,7.5439263405451324,6.6392591986601595,0.0728078169611524,0.524390243902439,0.47560975609756095,0.9121951219512195,0.6585365853658537,155,170,85,0,325,0.3780487804878049,0.4146341463414634,0.2073170731707317,0.0,-0.036585365853658534,0.4374536094113213,tested,0.6330209342685676
NQ,LOWER_k1,2,120,1277,416,0.32576350822239625,416,0.5384615384615384,0.46153846153846156,0.07692307692307693,-0.26457083820507266,9.120044848184843,8.362101065799173,0.04204313644538116,0.5317073170731708,0.4682926829268293,0.9317073170731708,0.7341463414634146,155,170,85,0,325,0.3780487804878049,0.4146341463414634,0.2073170731707317,0.0,-0.036585365853658534,0.4374536094113213,tested,0.6330209342685676
NQ,LOWER_k1,3,1,1277,526,0.4119028974158183,526,0.5342205323193916,0.46577946768060835,0.06844106463878327,-0.1154533061023636,1.1954912106054263,1.3719469381533245,-0.05280745753289012,0.48653846153846153,0.5134615384615384,0.6153846153846154,0.0,192,207,98,23,399,0.36923076923076925,0.39807692307692305,0.18846153846153846,0.04423076923076923,-0.028846153846153848,0.48342681705914414,tested,0.6723522398178902
NQ,LOWER_k1,3,2,1277,526,0.4119028974158183,526,0.5342205323193916,0.46577946768060835,0.06844106463878327,-0.13464002812966636,1.6987038883033208,1.925979977120655,-0.017044019363329437,0.49615384615384617,0.5038461538461538,0.6788461538461539,0.08846153846153847,201,213,100,6,414,0.38653846153846155,0.4096153846153846,0.19230769230769232,0.011538461538461539,-0.023076923076923078,0.5888225418579744,tested,0.7644439119813407
NQ,LOWER_k1,3,3,1277,526,0.4119028974158183,526,0.5342205323193916,0.46577946768060835,0.06844106463878327,0.07338690988170454,1.993332228957055,2.2867742125832535,-0.010760309845744357,0.49423076923076925,0.5057692307692307,0.7384615384615385,0.16923076923076924,204,215,100,1,419,0.3923076923076923,0.41346153846153844,0.19230769230769232,0.0019230769230769232,-0.021153846153846155,0.6252257109162684,tested,0.7932090277417403
NQ,LOWER_k1,3,4,1277,526,0.4119028974158183,526,0.5342205323193916,0.46577946768060835,0.06844106463878327,0.20145642367399147,2.445378402361342,2.486732056069483,-0.006155580702144403,0.49615384615384617,0.5038461538461538,0.7673076923076924,0.225,204,216,100,0,420,0.3923076923076923,0.4153846153846154,0.19230769230769232,0.0,-0.023076923076923078,0.5914963740434134,tested,0.7644439119813407
NQ,LOWER_k1,3,5,1277,526,0.4119028974158183,526,0.5342205323193916,0.46577946768060835,0.06844106463878327,0.27605795999505756,2.6901393797925732,2.681573574929414,0.01955252369895869,0.5076923076923077,0.49230769230769234,0.7826923076923077,0.2692307692307692,204,216,100,0,420,0.3923076923076923,0.4153846153846154,0.19230769230769232,0.0,-0.023076923076923078,0.5914963740434134,tested,0.7644439119813407
NQ,LOWER_k1,3,10,1277,526,0.4119028974158183,526,0.5342205323193916,0.46577946768060835,0.06844106463878327,0.1319909558392773,3.667020829203513,3.6770961153176485,0.06551652429875135,0.525,0.475,0.8346153846153846,0.40384615384615385,204,216,100,0,420,0.3923076923076923,0.4153846153846154,0.19230769230769232,0.0,-0.023076923076923078,0.5914963740434134,tested,0.7644439119813407
NQ,LOWER_k1,3,15,1277,526,0.4119028974158183,526,0.5342205323193916,0.46577946768060835,0.06844106463878327,0.008595927661331285,4.151898530542789,4.266137779678761,0.05062786830859438,0.5211538461538462,0.47884615384615387,0.8596153846153847,0.4826923076923077,204,216,100,0,420,0.3923076923076923,0.4153846153846154,0.19230769230769232,0.0,-0.023076923076923078,0.5914963740434134,tested,0.7644439119813407
NQ,LOWER_k1,3,20,1277,526,0.4119028974158183,526,0.5342205323193916,0.46577946768060835,0.06844106463878327,0.38164028963615604,4.860563693891397,4.669350808918805,0.05924676660972987,0.5153846153846153,0.4846153846153846,0.8826923076923077,0.5346153846153846,204,216,100,0,420,0.3923076923076923,0.4153846153846154,0.19230769230769232,0.0,-0.023076923076923078,0.5914963740434134,tested,0.7644439119813407
NQ,LOWER_k1,3,30,1277,526,0.4119028974158183,526,0.5342205323193916,0.46577946768060835,0.06844106463878327,0.0016061347080496176,5.5521267737319135,5.03801781795703,0.04073252620982919,0.5134615384615384,0.48653846153846153,0.8980769230769231,0.6076923076923076,204,216,100,0,420,0.3923076923076923,0.4153846153846154,0.19230769230769232,0.0,-0.023076923076923078,0.5914963740434134,tested,0.7644439119813407
NQ,LOWER_k1,3,60,1277,526,0.4119028974158183,526,0.5342205323193916,0.46577946768060835,0.06844106463878327,0.26705790755823655,7.307931427491219,6.4434574872905115,0.06598759388528809,0.525,0.475,0.9115384615384615,0.6807692307692308,204,216,100,0,420,0.3923076923076923,0.4153846153846154,0.19230769230769232,0.0,-0.023076923076923078,0.5914963740434134,tested,0.7644439119813407
NQ,LOWER_k1,3,120,1277,526,0.4119028974158183,526,0.5342205323193916,0.46577946768060835,0.06844106463878327,0.13060544184295175,8.76912845950315,7.695369690808307,0.040941915338812744,0.5307692307692308,0.46923076923076923,0.9307692307692308,0.7519230769230769,204,216,100,0,420,0.3923076923076923,0.4153846153846154,0.19230769230769232,0.0,-0.023076923076923078,0.5914963740434134,tested,0.7644439119813407
NQ,LOWER_k1,4,1,1277,574,0.4494909945184025,574,0.5418118466898955,0.45818815331010454,0.08362369337979095,-0.1154533061023636,1.1926910375085236,1.3510034350409534,-0.05427729664937192,0.48586572438162545,0.5141342756183745,0.6130742049469965,0.0,211,228,103,24,439,0.37279151943462896,0.4028268551236749,0.18197879858657243,0.04240282685512368,-0.030035335689045935,0.44511910129827925,tested,0.6348495408735555
NQ,LOWER_k1,4,2,1277,574,0.4494909945184025,574,0.5418118466898955,0.45818815331010454,0.08362369337979095,-0.07273385924225786,1.6987038883033208,1.9181984146478195,-0.017044019363329437,0.49646643109540634,0.5035335689045937,0.6819787985865724,0.08833922261484099,221,234,105,6,455,0.39045936395759717,0.4134275618374558,0.1855123674911661,0.01060070671378092,-0.022968197879858657,0.5737768203185594,tested,0.7644439119813407
NQ,LOWER_k1,4,3,1277,574,0.4494909945184025,574,0.5418118466898955,0.45818815331010454,0.08362369337979095,0.015206624335211699,2.0153809898932664,2.2867742125832535,-0.013716332837173358,0.4929328621908127,0.5070671378091873,0.7385159010600707,0.17314487632508835,224,236,105,1,460,0.3957597173144876,0.4169611307420495,0.1855123674911661,0.0017667844522968198,-0.02120141342756184,0.6080850196953991,tested,0.776551845732383
NQ,LOWER_k1,4,4,1277,574,0.4494909945184025,574,0.5418118466898955,0.45818815331010454,0.08362369337979095,0.1977301592156859,2.4361440553073903,2.4781147449148313,-0.010760309845744357,0.4929328621908127,0.5070671378091873,0.7667844522968198,0.2314487632508834,224,237,105,0,461,0.3957597173144876,0.41872791519434627,0.1855123674911661,0.0,-0.022968197879858657,0.5762805259079883,tested,0.7644439119813407
NQ,LOWER_k1,4,5,1277,574,0.4494909945184025,574,0.5418118466898955,0.45818815331010454,0.08362369337979095,0.27605795999505756,2.6901393797925732,2.650039226399149,0.018331945627662,0.5053003533568905,0.49469964664310956,0.7826855123674912,0.27385159010600707,224,237,105,0,461,0.3957597173144876,0.41872791519434627,0.1855123674911661,0.0,-0.022968197879858657,0.5762805259079883,tested,0.7644439119813407
NQ,LOWER_k1,4,10,1277,574,0.4494909945184025,574,0.5418118466898955,0.45818815331010454,0.08362369337979095,0.05577982390555372,3.586325850605571,3.5524311408434457,0.050576517099549564,0.5212014134275619,0.4787985865724382,0.833922261484099,0.41519434628975266,224,237,105,0,461,0.3957597173144876,0.41872791519434627,0.1855123674911661,0.0,-0.022968197879858657,0.5762805259079883,tested,0.7644439119813407
NQ,LOWER_k1,4,15,1277,574,0.4494909945184025,574,0.5418118466898955,0.45818815331010454,0.08362369337979095,-0.041737682050395644,4.032659177223449,4.208925987577205,0.033611290627878695,0.5159010600706714,0.4840989399293286,0.8586572438162544,0.4911660777385159,224,237,105,0,461,0.3957597173144876,0.41872791519434627,0.1855123674911661,0.0,-0.022968197879858657,0.5762805259079883,tested,0.7644439119813407
NQ,LOWER_k1,4,20,1277,574,0.4494909945184025,574,0.5418118466898955,0.45818815331010454,0.08362369337979095,0.3761041076999452,4.73269906132291,4.620245854648154,0.04315709892938899,0.5106007067137809,0.48939929328621906,0.8798586572438163,0.5424028268551236,224,237,105,0,461,0.3957597173144876,0.41872791519434627,0.1855123674911661,0.0,-0.022968197879858657,0.5762805259079883,tested,0.7644439119813407
NQ,LOWER_k1,4,30,1277,574,0.4494909945184025,574,0.5418118466898955,0.45818815331010454,0.08362369337979095,0.006473489602700953,5.4736212430582345,5.037190006930547,0.04073252620982919,0.5123674911660777,0.4876325088339223,0.8939929328621908,0.6113074204946997,224,237,105,0,461,0.3957597173144876,0.41872791519434627,0.1855123674911661,0.0,-0.022968197879858657,0.5762805259079883,tested,0.7644439119813407
NQ,LOWER_k1,4,60,1277,574,0.4494909945184025,574,0.5418118466898955,0.45818815331010454,0.08362369337979095,0.26705790755823655,7.255534655830381,6.460280205770804,0.06236055728996823,0.5212014134275619,0.4787985865724382,0.911660777385159,0.6872791519434629,224,237,105,0,461,0.3957597173144876,0.41872791519434627,0.1855123674911661,0.0,-0.022968197879858657,0.5762805259079883,tested,0.7644439119813407
NQ,LOWER_k1,4,120,1277,574,0.4494909945184025,574,0.5418118466898955,0.45818815331010454,0.08362369337979095,0.13060544184295175,8.55170014246385,7.7293952415514475,0.040941915338812744,0.5300353356890459,0.46996466431095407,0.9293286219081273,0.7579505300353356,224,237,105,0,461,0.3957597173144876,0.41872791519434627,0.1855123674911661,0.0,-0.022968197879858657,0.5762805259079883,tested,0.7644439119813407
NQ,LOWER_k1,5,1,1277,625,0.4894283476898982,625,0.5392,0.4608,0.0784,-0.06304851768967246,1.207877148038617,1.2983543494697827,-0.027727097510135558,0.49512987012987014,0.5048701298701299,0.612012987012987,0.0,235,242,109,30,477,0.3814935064935065,0.39285714285714285,0.17694805194805194,0.048701298701298704,-0.011363636363636364,0.783564702181233,tested,0.8976220493626432
NQ,LOWER_k1,5,2,1277,625,0.4894283476898982,625,0.5392,0.4608,0.0784,-0.038596706846636485,1.685342008589373,1.8563085032751272,0.011814390927611353,0.5016233766233766,0.49837662337662336,0.6915584415584416,0.09577922077922078,246,249,111,10,495,0.39935064935064934,0.4042207792207792,0.18019480519480519,0.016233766233766232,-0.00487012987012987,0.9283839571071001,tested,0.9897309146251905
NQ,LOWER_k1,5,3,1277,625,0.4894283476898982,625,0.5392,0.4608,0.0784,0.04709374299907338,1.9897132796547106,2.2071495850552783,0.0006565443286260215,0.5016233766233766,0.49837662337662336,0.7451298701298701,0.17857142857142858,250,252,111,3,502,0.40584415584415584,0.4090909090909091,0.18019480519480519,0.00487012987012987,-0.003246753246753247,0.9644063995573143,tested,0.9972025905045103
NQ,LOWER_k1,5,4,1277,625,0.4894283476898982,625,0.5392,0.4608,0.0784,0.22100368379771207,2.3930329403023425,2.4263736392091815,-0.006155580702144403,0.4967532467532468,0.5032467532467533,0.7743506493506493,0.2353896103896104,251,253,111,1,504,0.4074675324675325,0.4107142857142857,0.18019480519480519,0.0016233766233766235,-0.003246753246753247,0.964477021780414,tested,0.9972025905045103
NQ,LOWER_k1,5,5,1277,625,0.4894283476898982,625,0.5392,0.4608,0.0784,0.3848713253015864,2.638273564052814,2.562929855968483,0.018331945627662,0.5048701298701299,0.49512987012987014,0.7905844155844156,0.27435064935064934,251,253,111,1,504,0.4074675324675325,0.4107142857142857,0.18019480519480519,0.0016233766233766235,-0.003246753246753247,0.964477021780414,tested,0.9972025905045103
NQ,LOWER_k1,5,10,1277,625,0.4894283476898982,625,0.5392,0.4608,0.0784,0.05577982390555372,3.5686111009825208,3.4457424744012912,0.050576517099549564,0.5194805194805194,0.4805194805194805,0.8425324675324676,0.42207792207792205,252,253,111,0,505,0.4090909090909091,0.4107142857142857,0.18019480519480519,0.0,-0.0016233766233766235,1.0,tested,1.0
NQ,LOWER_k1,5,15,1277,625,0.4894283476898982,625,0.5392,0.4608,0.0784,-0.041737682050395644,3.9632531369849415,4.115943597037477,0.026177128044329062,0.5146103896103896,0.48538961038961037,0.8652597402597403,0.4967532467532468,252,253,111,0,505,0.4090909090909091,0.4107142857142857,0.18019480519480519,0.0,-0.0016233766233766235,1.0,tested,1.0
NQ,LOWER_k1,5,20,1277,625,0.4894283476898982,625,0.5392,0.4608,0.0784,0.41826363939327255,4.6436524622860595,4.568362919179734,0.03733522249638643,0.5081168831168831,0.49188311688311687,0.8847402597402597,0.5454545454545454,252,253,111,0,505,0.4090909090909091,0.4107142857142857,0.18019480519480519,0.0,-0.0016233766233766235,1.0,tested,1.0
NQ,LOWER_k1,5,30,1277,625,0.4894283476898982,625,0.5392,0.4608,0.0784,0.020213403730495707,5.344958068101311,5.027167282705339,0.03867312629105291,0.5081168831168831,0.49188311688311687,0.8977272727272727,0.6136363636363636,252,253,111,0,505,0.4090909090909091,0.4107142857142857,0.18019480519480519,0.0,-0.0016233766233766235,1.0,tested,1.0
NQ,LOWER_k1,5,60,1277,625,0.4894283476898982,625,0.5392,0.4608,0.0784,0.13225608578853415,6.986714079839562,6.356902371116075,0.054194611901420775,0.5178571428571429,0.48214285714285715,0.913961038961039,0.6866883116883117,252,253,111,0,505,0.4090909090909091,0.4107142857142857,0.18019480519480519,0.0,-0.0016233766233766235,1.0,tested,1.0
NQ,LOWER_k1,5,120,1277,625,0.4894283476898982,625,0.5392,0.4608,0.0784,-0.2950176601657804,8.285985482337455,7.695369690808307,0.03320121856397419,0.5227272727272727,0.4772727272727273,0.9318181818181818,0.7564935064935064,252,253,111,0,505,0.4090909090909091,0.4107142857142857,0.18019480519480519,0.0,-0.0016233766233766235,1.0,tested,1.0
NQ,LOWER_k1,10,1,1277,760,0.5951448707909162,760,0.5328947368421053,0.46710526315789475,0.06578947368421052,-0.03116761260315814,1.1621142938605753,1.2874599900804138,-0.05104759641641674,0.4893048128342246,0.5106951871657754,0.6136363636363636,0.0,280,294,126,48,574,0.37433155080213903,0.393048128342246,0.16844919786096257,0.06417112299465241,-0.01871657754010695,0.5874371017955399,tested,0.7644439119813407
NQ,LOWER_k1,10,2,1277,760,0.5951448707909162,760,0.5328947368421053,0.46710526315789475,0.06578947368421052,-0.014189010056545511,1.6012417627547242,1.7349513230842464,-0.017044019363329437,0.49331550802139035,0.5066844919786097,0.6898395721925134,0.10026737967914438,296,307,128,17,603,0.39572192513368987,0.410427807486631,0.1711229946524064,0.022727272727272728,-0.014705882352941176,0.6838725582382188,tested,0.8268568301047408
NQ,LOWER_k1,10,3,1277,760,0.5951448707909162,760,0.5328947368421053,0.46710526315789475,0.06578947368421052,-0.01661958662893675,1.919651133121211,2.060917061632172,-0.00253593783119479,0.5,0.5,0.7459893048128342,0.18716577540106952,301,313,128,6,614,0.40240641711229946,0.4184491978609626,0.1711229946524064,0.008021390374331552,-0.016042780748663103,0.6571327057126479,tested,0.8255704532055905
NQ,LOWER_k1,10,4,1277,760,0.5951448707909162,760,0.5328947368421053,0.46710526315789475,0.06578947368421052,0.20145642367399147,2.21540478197391,2.285178403223196,-0.002034944571663138,0.49866310160427807,0.5013368983957219,0.7754010695187166,0.2393048128342246,302,314,128,4,616,0.4037433155080214,0.4197860962566845,0.1711229946524064,0.0053475935828877,-0.016042780748663103,0.6576541253443643,tested,0.8255704532055905
NQ,LOWER_k1,10,5,1277,760,0.5951448707909162,760,0.5328947368421053,0.46710526315789475,0.06578947368421052,0.2768128922637868,2.485485491324388,2.4081760944965924,-0.002034944571663138,0.49866310160427807,0.5013368983957219,0.7927807486631016,0.27941176470588236,302,314,128,4,616,0.4037433155080214,0.4197860962566845,0.1711229946524064,0.0053475935828877,-0.016042780748663103,0.6576541253443643,tested,0.8255704532055905
NQ,LOWER_k1,10,10,1277,760,0.5951448707909162,760,0.5328947368421053,0.46710526315789475,0.06578947368421052,0.03937877482878267,3.3783880648005074,3.29629002498758,0.038157829990634565,0.5093582887700535,0.49064171122994654,0.8462566844919787,0.4304812834224599,303,315,128,2,618,0.4050802139037433,0.42112299465240643,0.1711229946524064,0.00267379679144385,-0.016042780748663103,0.6581731774277767,tested,0.8255704532055905
NQ,LOWER_k1,10,15,1277,760,0.5951448707909162,760,0.5328947368421053,0.46710526315789475,0.06578947368421052,-0.017672810788272954,3.8595771357529927,3.868925516385645,0.022021980538155794,0.5106951871657754,0.4893048128342246,0.8703208556149733,0.5026737967914439,303,316,128,1,619,0.4050802139037433,0.42245989304812837,0.1711229946524064,0.001336898395721925,-0.017379679144385027,0.6296136285507784,tested,0.7966875718132727
NQ,LOWER_k1,10,20,1277,760,0.5951448707909162,760,0.5328947368421053,0.46710526315789475,0.06578947368421052,0.30891145049468083,4.455141049367544,4.3512089596035235,0.013621816112712713,0.5040106951871658,0.4959893048128342,0.8890374331550802,0.5548128342245989,303,316,128,1,619,0.4050802139037433,0.42245989304812837,0.1711229946524064,0.001336898395721925,-0.017379679144385027,0.6296136285507784,tested,0.7966875718132727
NQ,LOWER_k1,10,30,1277,760,0.5951448707909162,760,0.5328947368421053,0.46710526315789475,0.06578947368421052,0.020213403730495707,5.186723914958872,4.948586047650152,0.0499719392679992,0.5133689839572193,0.48663101604278075,0.9010695187165776,0.6243315508021391,303,317,128,0,620,0.4050802139037433,0.42379679144385024,0.1711229946524064,0.0,-0.01871657754010695,0.6016415387487811,tested,0.7703558326836245
NQ,LOWER_k1,10,60,1277,760,0.5951448707909162,760,0.5328947368421053,0.46710526315789475,0.06578947368421052,-0.26321537233030246,6.447114403634852,6.133548412101753,0.03928895396457838,0.5120320855614974,0.4879679144385027,0.9157754010695187,0.7018716577540107,303,317,128,0,620,0.4050802139037433,0.42379679144385024,0.1711229946524064,0.0,-0.01871657754010695,0.6016415387487811,tested,0.7703558326836245
NQ,LOWER_k1,10,120,1277,760,0.5951448707909162,760,0.5328947368421053,0.46710526315789475,0.06578947368421052,-0.4129040312514767,8.250307220591125,7.627698425805052,0.03320121856397419,0.5200534759358288,0.4799465240641711,0.9371657754010695,0.7687165775401069,303,317,128,0,620,0.4050802139037433,0.42379679144385024,0.1711229946524064,0.0,-0.01871657754010695,0.6016415387487811,tested,0.7703558326836245
NQ,LOWER_k1,15,1,1277,809,0.6335160532498042,809,0.5339925834363412,0.46600741656365885,0.06798516687268233,-0.04065354818652963,1.1238684687951612,1.2756959793129576,-0.054917029270166916,0.48419721871049304,0.515802781289507,0.6144121365360303,0.0,292,314,128,57,606,0.3691529709228824,0.3969658659924147,0.16182048040455121,0.07206068268015171,-0.02781289506953224,0.3936401866885744,tested,0.6226204260041504
NQ,LOWER_k1,15,2,1277,809,0.6335160532498042,809,0.5339925834363412,0.46600741656365885,0.06798516687268233,-0.02943466510349119,1.5358706397294861,1.726359366220659,-0.04361927434258497,0.48419721871049304,0.515802781289507,0.6890012642225032,0.10240202275600506,311,328,130,22,639,0.393173198482933,0.41466498103666244,0.16434892541087232,0.02781289506953224,-0.021491782553729456,0.5267985859893891,tested,0.7222960782404089
NQ,LOWER_k1,15,3,1277,809,0.6335160532498042,809,0.5339925834363412,0.46600741656365885,0.06798516687268233,-0.048120640648658314,1.8361951211606744,2.0429475440727454,-0.021132801551555218,0.4892541087231353,0.5107458912768648,0.7471554993678887,0.19216182048040456,316,335,130,10,651,0.3994943109987358,0.42351453855878635,0.16434892541087232,0.012642225031605562,-0.02402022756005057,0.48054264347761877,tested,0.6693025595486835
NQ,LOWER_k1,15,4,1277,809,0.6335160532498042,809,0.5339925834363412,0.46600741656365885,0.06798516687268233,0.17294285812076018,2.1170115415961868,2.256827507900609,-0.015074554994035587,0.4892541087231353,0.5107458912768648,0.7774968394437421,0.24399494310998734,317,338,130,6,655,0.40075853350189633,0.427307206068268,0.16434892541087232,0.007585335018963337,-0.02654867256637168,0.43455213654091474,tested,0.6330209342685676
NQ,LOWER_k1,15,5,1277,809,0.6335160532498042,809,0.5339925834363412,0.46600741656365885,0.06798516687268233,0.22874470346112274,2.3958741673938206,2.3780665737074806,-0.011532352119316563,0.4917825537294564,0.5082174462705437,0.7939317319848294,0.28445006321112515,317,338,130,6,655,0.40075853350189633,0.427307206068268,0.16434892541087232,0.007585335018963337,-0.02654867256637168,0.43455213654091474,tested,0.6330209342685676
NQ,LOWER_k1,15,10,1277,809,0.6335160532498042,809,0.5339925834363412,0.46600741656365885,0.06798516687268233,0.009587093010274769,3.258997189532183,3.2393284275354217,0.016637600978575563,0.5056890012642224,0.4943109987357775,0.8470290771175727,0.43489254108723135,318,340,130,3,658,0.4020227560050569,0.42983565107458915,0.16434892541087232,0.0037926675094816687,-0.02781289506953224,0.41299707868139485,tested,0.6318193397996504
NQ,LOWER_k1,15,15,1277,809,0.6335160532498042,809,0.5339925834363412,0.46600741656365885,0.06798516687268233,-0.2032001476351115,3.7521490048150756,3.8517122937476636,0.016798178551680334,0.5056890012642224,0.4943109987357775,0.8723135271807838,0.5107458912768648,318,341,130,2,659,0.4020227560050569,0.4310998735777497,0.16434892541087232,0.0025284450063211127,-0.029077117572692796,0.3914618422518348,tested,0.6216487949621947
NQ,LOWER_k1,15,20,1277,809,0.6335160532498042,809,0.5339925834363412,0.46600741656365885,0.06798516687268233,0.14051769711610052,4.187637021366887,4.316680379393773,-0.0021171785944413754,0.4993678887484197,0.5006321112515802,0.8900126422250316,0.5600505689001264,318,341,130,2,659,0.4020227560050569,0.4310998735777497,0.16434892541087232,0.0025284450063211127,-0.029077117572692796,0.3914618422518348,tested,0.6216487949621947
NQ,LOWER_k1,15,30,1277,809,0.6335160532498042,809,0.5339925834363412,0.46600741656365885,0.06798516687268233,-0.07644107772680402,5.0289842955891695,4.940271296626586,0.03743874646185112,0.5094816687737042,0.49051833122629585,0.9013906447534766,0.6270543615676359,318,343,130,0,661,0.4020227560050569,0.4336283185840708,0.16434892541087232,0.0,-0.0316055625790139,0.3505740321372839,tested,0.5713058301496478
NQ,LOWER_k1,15,60,1277,809,0.6335160532498042,809,0.5339925834363412,0.46600741656365885,0.06798516687268233,-0.30326239878012523,6.306982216224484,6.135871345266002,0.02204222370511059,0.5056890012642224,0.4943109987357775,0.9152970922882427,0.7029077117572693,318,343,130,0,661,0.4020227560050569,0.4336283185840708,0.16434892541087232,0.0,-0.0316055625790139,0.3505740321372839,tested,0.5713058301496478
NQ,LOWER_k1,15,120,1277,809,0.6335160532498042,809,0.5339925834363412,0.46600741656365885,0.06798516687268233,-0.5283966344211197,8.183958636774072,7.5768407199499475,0.0215958114775091,0.5145385587863464,0.4854614412136536,0.9355246523388117,0.7711757269279393,318,343,130,0,661,0.4020227560050569,0.4336283185840708,0.16434892541087232,0.0,-0.0316055625790139,0.3505740321372839,tested,0.5713058301496478
NQ,LOWER_k1,20,1,1277,855,0.6695379796397808,855,0.5263157894736842,0.47368421052631576,0.05263157894736842,-0.028384491042001407,1.1090013173813935,1.2093946289235507,-0.04347667044235601,0.48984468339307047,0.5101553166069295,0.6117084826762246,0.0,310,328,132,67,638,0.37037037037037035,0.3918757467144564,0.15770609318996415,0.08004778972520908,-0.021505376344086023,0.5009548261401389,tested,0.6937400167434254
NQ,LOWER_k1,20,2,1277,855,0.6695379796397808,855,0.5263157894736842,0.47368421052631576,0.05263157894736842,-0.004283622988159686,1.5115031679165851,1.6587810493829587,-0.01818772517162872,0.4922341696535245,0.5077658303464755,0.6869772998805257,0.1015531660692951,335,345,134,23,680,0.4002389486260454,0.4121863799283154,0.16009557945041816,0.027479091995221028,-0.011947431302270013,0.7300215259361834,tested,0.8622615592956815
NQ,LOWER_k1,20,3,1277,855,0.6695379796397808,855,0.5263157894736842,0.47368421052631576,0.05263157894736842,-0.048120640648658314,1.8267177842842834,1.9634747750843988,-0.011532352119316563,0.4946236559139785,0.5053763440860215,0.7479091995221028,0.1923536439665472,341,352,134,10,693,0.4074074074074074,0.42054958183990443,0.16009557945041816,0.011947431302270013,-0.013142174432497013,0.7040720533490067,tested,0.841409564989924
NQ,LOWER_k1,20,4,1277,855,0.6695379796397808,855,0.5263157894736842,0.47368421052631576,0.05263157894736842,0.1960929056552957,2.079343778740978,2.2314703370999447,-0.01426122343032699,0.4922341696535245,0.5077658303464755,0.7765830346475507,0.24492234169653523,342,355,134,6,697,0.40860215053763443,0.4241338112305854,0.16009557945041816,0.007168458781362007,-0.015531660692951015,0.6494767769251371,tested,0.8196786441506293
NQ,LOWER_k1,20,5,1277,855,0.6695379796397808,855,0.5263157894736842,0.47368421052631576,0.05263157894736842,0.20678594533882785,2.3471849328665004,2.351409232614934,-0.009962950777283453,0.4946236559139785,0.5053763440860215,0.7921146953405018,0.28793309438470727,342,355,134,6,697,0.40860215053763443,0.4241338112305854,0.16009557945041816,0.007168458781362007,-0.015531660692951015,0.6494767769251371,tested,0.8196786441506293
NQ,LOWER_k1,20,10,1277,855,0.6695379796397808,855,0.5263157894736842,0.47368421052631576,0.05263157894736842,0.03789110976119047,3.242397215043503,3.1767082441031023,0.006105935202504079,0.5029868578255675,0.4970131421744325,0.8494623655913979,0.43727598566308246,343,357,134,3,700,0.40979689366786143,0.4265232974910394,0.16009557945041816,0.0035842293906810036,-0.016726403823178016,0.6232076885585291,tested,0.7916864075126722
NQ,LOWER_k1,20,15,1277,855,0.6695379796397808,855,0.5263157894736842,0.47368421052631576,0.05263157894736842,-0.24548399957424355,3.702790281485469,3.848309775395016,0.008007079135910459,0.5017921146953405,0.4982078853046595,0.8757467144563919,0.5173237753882916,343,358,134,2,701,0.40979689366786143,0.42771804062126645,0.16009557945041816,0.0023894862604540022,-0.017921146953405017,0.5969946450502437,tested,0.7684718303306329
NQ,LOWER_k1,20,20,1277,855,0.6695379796397808,855,0.5263157894736842,0.47368421052631576,0.05263157894736842,0.0770615312201716,4.123201758830372,4.303423522131625,-0.003618695692135184,0.4982078853046595,0.5017921146953405,0.8924731182795699,0.5675029868578255,343,358,134,2,701,0.40979689366786143,0.42771804062126645,0.16009557945041816,0.0023894862604540022,-0.017921146953405017,0.5969946450502437,tested,0.7684718303306329
NQ,LOWER_k1,20,30,1277,855,0.6695379796397808,855,0.5263157894736842,0.47368421052631576,0.05263157894736842,-0.18247324599799422,4.892066314826679,4.9362636670688875,0.009575487802360196,0.5041816009557945,0.4958183990442055,0.9032258064516129,0.6344086021505376,343,360,134,0,703,0.40979689366786143,0.43010752688172044,0.16009557945041816,0.0,-0.02031063321385902,0.5462387671285309,tested,0.7426392227253061
NQ,LOWER_k1,20,60,1277,855,0.6695379796397808,855,0.5263157894736842,0.47368421052631576,0.05263157894736842,-0.32495006842473734,6.172010186164937,6.051410082041944,-0.00677311784730451,0.4970131421744325,0.5029868578255675,0.9163679808841099,0.7120669056152927,343,360,134,0,703,0.40979689366786143,0.43010752688172044,0.16009557945041816,0.0,-0.02031063321385902,0.5462387671285309,tested,0.7426392227253061
NQ,LOWER_k1,20,120,1277,855,0.6695379796397808,855,0.5263157894736842,0.47368421052631576,0.05263157894736842,-0.5644006385332463,7.804401608555177,7.5087417093488655,0.016687745469832947,0.5125448028673835,0.4874551971326165,0.9354838709677419,0.7777777777777778,343,360,134,0,703,0.40979689366786143,0.43010752688172044,0.16009557945041816,0.0,-0.02031063321385902,0.5462387671285309,tested,0.7426392227253061
NQ,LOWER_k1,30,1,1277,894,0.7000783085356304,894,0.5257270693512305,0.4742729306487696,0.05145413870246085,-0.028256331554056408,1.0985523314110326,1.1555455120464821,-0.027727097510135558,0.4931506849315068,0.5068493150684932,0.6118721461187214,0.0,327,338,133,78,665,0.3732876712328767,0.3858447488584475,0.15182648401826485,0.08904109589041095,-0.012557077625570776,0.698206990270399,tested,0.8361380465813157
NQ,LOWER_k1,30,2,1277,894,0.7000783085356304,894,0.5257270693512305,0.4742729306487696,0.05145413870246085,-0.0032431762434492646,1.475058296644002,1.5928040967653656,-0.01558161701243076,0.4931506849315068,0.5068493150684932,0.6883561643835616,0.10273972602739725,356,357,135,28,713,0.4063926940639269,0.4075342465753425,0.1541095890410959,0.0319634703196347,-0.001141552511415525,1.0,tested,1.0
NQ,LOWER_k1,30,3,1277,894,0.7000783085356304,894,0.5257270693512305,0.4742729306487696,0.05145413870246085,-0.02722864284484249,1.7898043758738604,1.9181984146478195,-0.009927607250893903,0.4954337899543379,0.5045662100456622,0.75,0.1917808219178082,362,365,135,14,727,0.4132420091324201,0.4166666666666667,0.1541095890410959,0.01598173515981735,-0.003424657534246575,0.9408771681034717,tested,0.9922395068858675
NQ,LOWER_k1,30,4,1277,894,0.7000783085356304,894,0.5257270693512305,0.4742729306487696,0.05145413870246085,0.18842295252054694,2.039266609159305,2.1745627168614727,-0.008408549734669108,0.4954337899543379,0.5045662100456622,0.7785388127853882,0.2465753424657534,364,369,135,8,733,0.4155251141552511,0.4212328767123288,0.1541095890410959,0.0091324200913242,-0.005707762557077625,0.882558294897425,tested,0.9636701685245614
NQ,LOWER_k1,30,5,1277,894,0.7000783085356304,894,0.5257270693512305,0.4742729306487696,0.05145413870246085,0.19158935528815108,2.298969484764495,2.314060841744297,-0.009975609174727802,0.4942922374429224,0.5057077625570776,0.79337899543379,0.2922374429223744,364,369,135,8,733,0.4155251141552511,0.4212328767123288,0.1541095890410959,0.0091324200913242,-0.005707762557077625,0.882558294897425,tested,0.9636701685245614
NQ,LOWER_k1,30,10,1277,894,0.7000783085356304,894,0.5257270693512305,0.4742729306487696,0.05145413870246085,0.05577982390555372,3.1365060834625744,3.0676187894247597,0.007056507169207269,0.5034246575342466,0.4965753424657534,0.8515981735159818,0.4394977168949772,367,371,135,3,738,0.4189497716894977,0.4235159817351598,0.1541095890410959,0.003424657534246575,-0.0045662100456621,0.9120769392469428,tested,0.9785374489092813
NQ,LOWER_k1,30,15,1277,894,0.7000783085356304,894,0.5257270693512305,0.4742729306487696,0.05145413870246085,-0.24484258650353818,3.685287802838028,3.7855080926652693,0.004840848100214306,0.5011415525114156,0.4988584474885845,0.8767123287671232,0.5228310502283106,367,372,135,2,739,0.4189497716894977,0.4246575342465753,0.1541095890410959,0.00228310502283105,-0.005707762557077625,0.8830324788029813,tested,0.9636701685245614
NQ,LOWER_k1,30,20,1277,894,0.7000783085356304,894,0.5257270693512305,0.4742729306487696,0.05145413870246085,0.08583205126106971,4.1159140074467935,4.213497115138985,0.006178149427195298,0.5011415525114156,0.4988584474885845,0.8926940639269406,0.5707762557077626,367,372,135,2,739,0.4189497716894977,0.4246575342465753,0.1541095890410959,0.00228310502283105,-0.005707762557077625,0.8830324788029813,tested,0.9636701685245614
NQ,LOWER_k1,30,30,1277,894,0.7000783085356304,894,0.5257270693512305,0.4742729306487696,0.05145413870246085,-0.11042995310242912,4.860563693891397,4.7969028323009875,0.02023916514239047,0.5079908675799086,0.4920091324200913,0.9041095890410958,0.636986301369863,367,374,135,0,741,0.4189497716894977,0.4269406392694064,0.1541095890410959,0.0,-0.007990867579908675,0.8255659721034878,tested,0.9173882957767273
NQ,LOWER_k1,30,60,1277,894,0.7000783085356304,894,0.5257270693512305,0.4742729306487696,0.05145413870246085,-0.28188214316119475,6.175456348236146,5.880433743036052,0.0007262675699394221,0.5,0.5,0.9166666666666666,0.7111872146118722,367,374,135,0,741,0.4189497716894977,0.4269406392694064,0.1541095890410959,0.0,-0.007990867579908675,0.8255659721034878,tested,0.9173882957767273
NQ,LOWER_k1,30,120,1277,894,0.7000783085356304,894,0.5257270693512305,0.4742729306487696,0.05145413870246085,-0.6031680368768352,7.799719269612734,7.455113178963172,0.018459039956917146,0.5125570776255708,0.4874429223744292,0.9360730593607306,0.7773972602739726,367,374,135,0,741,0.4189497716894977,0.4269406392694064,0.1541095890410959,0.0,-0.007990867579908675,0.8255659721034878,tested,0.9173882957767273
NQ,LOWER_k1,60,1,1277,962,0.7533281127642913,962,0.5103950103950103,0.4896049896049896,0.02079002079002079,-0.007979328774086086,1.058860684563669,1.0820106794093074,0.008029981442059034,0.5021231422505308,0.4978768577494692,0.6050955414012739,0.0,353,355,135,99,708,0.3747346072186836,0.37685774946921446,0.14331210191082802,0.10509554140127389,-0.0021231422505307855,0.9700242484768711,tested,0.9972025905045103
NQ,LOWER_k1,60,2,1277,962,0.7533281127642913,962,0.5103950103950103,0.4896049896049896,0.02079002079002079,0.008907833398429151,1.4621493865837603,1.5314338991407426,-0.0022691556379080347,0.4989384288747346,0.5010615711252654,0.6815286624203821,0.10721868365180467,384,381,139,38,765,0.40764331210191085,0.40445859872611467,0.1475583864118896,0.040339702760084924,0.0031847133757961785,0.9423613326080648,tested,0.9922395068858675
NQ,LOWER_k1,60,3,1277,962,0.7533281127642913,962,0.5103950103950103,0.4896049896049896,0.02079002079002079,-0.018722692924677407,1.7631558828398288,1.816091909715472,0.0006565443286260215,0.5010615711252654,0.4989384288747346,0.7441613588110403,0.1942675159235669,391,391,139,21,782,0.4150743099787686,0.4150743099787686,0.1475583864118896,0.022292993630573247,0.0,1.0,tested,1.0
NQ,LOWER_k1,60,4,1277,962,0.7533281127642913,962,0.5103950103950103,0.4896049896049896,0.02079002079002079,0.22316489751391042,2.0312716507323003,2.0997579016446988,0.006717189007434027,0.5042462845010616,0.49575371549893843,0.7717622080679406,0.24734607218683652,394,396,139,13,790,0.4182590233545648,0.42038216560509556,0.1475583864118896,0.013800424628450107,-0.0021231422505307855,0.9716215232197696,tested,0.9972025905045103
NQ,LOWER_k1,60,5,1277,962,0.7533281127642913,962,0.5103950103950103,0.4896049896049896,0.02079002079002079,0.19158935528815108,2.2569902682087033,2.2494663721516,0.015084662234405542,0.5031847133757962,0.4968152866242038,0.7887473460721869,0.2951167728237792,396,397,139,10,793,0.42038216560509556,0.42144373673036095,0.1475583864118896,0.010615711252653927,-0.0010615711252653928,1.0,tested,1.0
NQ,LOWER_k1,60,10,1277,962,0.7533281127642913,962,0.5103950103950103,0.4896049896049896,0.02079002079002079,0.07173900242183498,3.1130821524934733,2.9612682272073334,0.03672651753674831,0.5095541401273885,0.49044585987261147,0.8492569002123143,0.4447983014861996,399,400,139,4,799,0.42356687898089174,0.42462845010615713,0.1475583864118896,0.004246284501061571,-0.0010615711252653928,1.0,tested,1.0
NQ,LOWER_k1,60,15,1277,962,0.7533281127642913,962,0.5103950103950103,0.4896049896049896,0.02079002079002079,-0.24053000418740905,3.629451345473618,3.6453223897090563,0.014837981418300724,0.505307855626327,0.49469214437367304,0.8747346072186837,0.5276008492569002,399,402,139,2,801,0.42356687898089174,0.4267515923566879,0.1475583864118896,0.0021231422505307855,-0.0031847133757961785,0.9436689956586908,tested,0.9922395068858675
NQ,LOWER_k1,60,20,1277,962,0.7533281127642913,962,0.5103950103950103,0.4896049896049896,0.02079002079002079,0.06871740791509356,4.0338513457211285,4.040419709622235,0.009472056125047576,0.5021231422505308,0.4978768577494692,0.8895966029723992,0.5753715498938429,399,402,139,2,801,0.42356687898089174,0.4267515923566879,0.1475583864118896,0.0021231422505307855,-0.0031847133757961785,0.9436689956586908,tested,0.9922395068858675
NQ,LOWER_k1,60,30,1277,962,0.7533281127642913,962,0.5103950103950103,0.4896049896049896,0.02079002079002079,-0.08687418864946189,4.836919608842319,4.681903647106938,0.02023916514239047,0.5074309978768577,0.49256900212314225,0.9012738853503185,0.638004246284501,399,404,139,0,803,0.42356687898089174,0.4288747346072187,0.1475583864118896,0.0,-0.005307855626326964,0.8877573288186831,tested,0.9653591809981968
NQ,LOWER_k1,60,60,1277,962,0.7533281127642913,962,0.5103950103950103,0.4896049896049896,0.02079002079002079,-0.2699113022767262,6.148693366786158,5.821232087912859,0.012119447061869354,0.5021231422505308,0.4978768577494692,0.9150743099787686,0.7112526539278131,399,404,139,0,803,0.42356687898089174,0.4288747346072187,0.1475583864118896,0.0,-0.005307855626326964,0.8877573288186831,tested,0.9653591809981968
NQ,LOWER_k1,60,120,1277,962,0.7533281127642913,962,0.5103950103950103,0.4896049896049896,0.02079002079002079,-0.5515265799461933,7.7652443798463295,7.20250292063554,0.022105487584373227,0.5148619957537155,0.4851380042462845,0.9341825902335457,0.7738853503184714,399,404,139,0,803,0.42356687898089174,0.4288747346072187,0.1475583864118896,0.0,-0.005307855626326964,0.8877573288186831,tested,0.9653591809981968
NQ,LOWER_k1,120,1,1277,1008,0.7893500391542678,1008,0.5109126984126984,0.48908730158730157,0.021825396825396824,-0.013828421486550207,1.0390324794470882,1.0355395471352102,0.0076982114797416075,0.5015197568389058,0.49848024316109424,0.6068895643363729,0.0,366,367,138,116,733,0.3708206686930091,0.3718338399189463,0.1398176291793313,0.11752786220871327,-0.0010131712259371835,1.0,tested,1.0
NQ,LOWER_k1,120,2,1277,1008,0.7893500391542678,1008,0.5109126984126984,0.48908730158730157,0.021825396825396824,0.013183243229331404,1.4461792921484702,1.464196507472399,0.022726147042703825,0.502532928064843,0.49746707193515705,0.6828774062816616,0.10739614994934144,399,396,142,50,795,0.40425531914893614,0.4012158054711246,0.14387031408308004,0.05065856129685917,0.00303951367781155,0.9434572243018194,tested,0.9922395068858675
NQ,LOWER_k1,120,3,1277,1008,0.7893500391542678,1008,0.5109126984126984,0.48908730158730157,0.021825396825396824,-0.025835925520884755,1.7365277137918853,1.7358838703254706,0.005712337239457554,0.5045592705167173,0.49544072948328266,0.7436676798378926,0.19655521783181357,411,407,142,27,818,0.41641337386018235,0.41236068895643363,0.14387031408308004,0.02735562310030395,0.004052684903748734,0.9164694791987503,tested,0.9785374489092813
NQ,LOWER_k1,120,4,1277,1008,0.7893500391542678,1008,0.5109126984126984,0.48908730158730157,0.021825396825396824,0.20361842645869507,1.9795450000663122,2.015928192218021,0.01823167278709271,0.5065856129685917,0.49341438703140833,0.7710233029381965,0.24822695035460993,414,414,142,17,828,0.4194528875379939,0.4194528875379939,0.14387031408308004,0.017223910840932118,0.0,1.0,tested,1.0
NQ,LOWER_k1,120,5,1277,1008,0.7893500391542678,1008,0.5109126984126984,0.48908730158730157,0.021825396825396824,0.16837702218328807,2.232438940256924,2.2100962422777872,0.017554009239628895,0.5035460992907801,0.49645390070921985,0.7882472137791287,0.2948328267477204,416,416,142,13,832,0.4214792299898683,0.4214792299898683,0.14387031408308004,0.013171225937183385,0.0,1.0,tested,1.0
NQ,LOWER_k1,120,10,1277,1008,0.7893500391542678,1008,0.5109126984126984,0.48908730158730157,0.021825396825396824,0.040866439896374875,3.0267416302778356,2.8540183388289706,0.02963775038683356,0.5086119554204661,0.49138804457953394,0.8480243161094225,0.4457953394123607,419,421,142,5,840,0.42451874366767983,0.4265450861195542,0.14387031408308004,0.005065856129685917,-0.002026342451874367,0.9724785593349771,tested,0.9972025905045103
NQ,LOWER_k1,120,15,1277,1008,0.7893500391542678,1008,0.5109126984126984,0.48908730158730157,0.021825396825396824,-0.23685883494198523,3.5565378377424497,3.5120867125556523,0.014428944225732829,0.5055724417426545,0.49442755825734547,0.8723404255319149,0.5268490374873354,420,423,142,2,843,0.425531914893617,0.42857142857142855,0.14387031408308004,0.002026342451874367,-0.00303951367781155,0.9450876294925309,tested,0.9922395068858675
NQ,LOWER_k1,120,20,1277,1008,0.7893500391542678,1008,0.5109126984126984,0.48908730158730157,0.021825396825396824,0.021979105286133685,3.944792256131211,3.9457795790792334,0.010257185704103028,0.502532928064843,0.49746707193515705,0.8875379939209727,0.574468085106383,420,423,142,2,843,0.425531914893617,0.42857142857142855,0.14387031408308004,0.002026342451874367,-0.00303951367781155,0.9450876294925309,tested,0.9922395068858675
NQ,LOWER_k1,120,30,1277,1008,0.7893500391542678,1008,0.5109126984126984,0.48908730158730157,0.021825396825396824,-0.16580611716810265,4.764011314019031,4.640151676146495,0.01992791080112252,0.5065856129685917,0.49341438703140833,0.8996960486322189,0.6382978723404256,420,425,142,0,845,0.425531914893617,0.43059777102330293,0.14387031408308004,0.0,-0.005065856129685917,0.8905637899084605,tested,0.9653591809981968
NQ,LOWER_k1,120,60,1277,1008,0.7893500391542678,1008,0.5109126984126984,0.48908730158730157,0.021825396825396824,-0.2706539607541943,6.015122703098547,5.714805452528273,0.005057434825868956,0.5005065856129686,0.49949341438703143,0.9148936170212766,0.713272543059777,420,425,142,0,845,0.425531914893617,0.43059777102330293,0.14387031408308004,0.0,-0.005065856129685917,0.8905637899084605,tested,0.9653591809981968
NQ,LOWER_k1,120,120,1277,1008,0.7893500391542678,1008,0.5109126984126984,0.48908730158730157,0.021825396825396824,-0.5644006385332463,7.554622343449174,7.151658783521454,0.022615163691237353,0.5157041540020263,0.48429584599797365,0.9351570415400202,0.7760891590678825,420,425,142,0,845,0.425531914893617,0.43059777102330293,0.14387031408308004,0.0,-0.005065856129685917,0.8905637899084605,tested,0.9653591809981968
NQ,LOWER_k2,1,1,1277,104,0.08144087705559906,104,0.6634615384615384,0.33653846153846156,0.3269230769230769,-0.7356706762115309,1.1788361494129385,2.3057147992190137,-0.42644450354613195,0.34951456310679613,0.6504854368932039,0.5631067961165048,0.0,28,48,27,0,76,0.27184466019417475,0.46601941747572817,0.2621359223300971,0.0,-0.1941747572815534,0.028626655508737896,tested,0.10657924050945494
NQ,LOWER_k2,1,2,1277,104,0.08144087705559906,104,0.6634615384615384,0.33653846153846156,0.3269230769230769,0.08232069565510278,1.913648040656284,2.9649012813541473,-0.20871619354119356,0.44660194174757284,0.5533980582524272,0.7475728155339806,0.038834951456310676,28,48,27,0,76,0.27184466019417475,0.46601941747572817,0.2621359223300971,0.0,-0.1941747572815534,0.028626655508737896,tested,0.10657924050945494
NQ,LOWER_k2,1,3,1277,104,0.08144087705559906,104,0.6634615384615384,0.33653846153846156,0.3269230769230769,0.01937517717622581,2.762552022421747,3.251950567818448,-0.06435665066195384,0.47572815533980584,0.5242718446601942,0.7766990291262136,0.11650485436893204,28,48,27,0,76,0.27184466019417475,0.46601941747572817,0.2621359223300971,0.0,-0.1941747572815534,0.028626655508737896,tested,0.10657924050945494
NQ,LOWER_k2,1,4,1277,104,0.08144087705559906,104,0.6634615384615384,0.33653846153846156,0.3269230769230769,0.08248065146297645,3.4082495845487997,3.4472867105668055,0.013732359345526053,0.5242718446601942,0.47572815533980584,0.7864077669902912,0.1553398058252427,28,48,27,0,76,0.27184466019417475,0.46601941747572817,0.2621359223300971,0.0,-0.1941747572815534,0.028626655508737896,tested,0.10657924050945494
NQ,LOWER_k2,1,5,1277,104,0.08144087705559906,104,0.6634615384615384,0.33653846153846156,0.3269230769230769,0.46556683803426163,3.6733923233463934,3.4472867105668055,0.10261525152457171,0.5533980582524272,0.44660194174757284,0.7961165048543689,0.18446601941747573,28,48,27,0,76,0.27184466019417475,0.46601941747572817,0.2621359223300971,0.0,-0.1941747572815534,0.028626655508737896,tested,0.10657924050945494
NQ,LOWER_k2,1,10,1277,104,0.08144087705559906,104,0.6634615384615384,0.33653846153846156,0.3269230769230769,0.2185305514521961,4.649770634727712,4.96856959443262,0.1547892200778917,0.5339805825242718,0.46601941747572817,0.8252427184466019,0.2815533980582524,28,48,27,0,76,0.27184466019417475,0.46601941747572817,0.2621359223300971,0.0,-0.1941747572815534,0.028626655508737896,tested,0.10657924050945494
NQ,LOWER_k2,1,15,1277,104,0.08144087705559906,104,0.6634615384615384,0.33653846153846156,0.3269230769230769,0.3606972627308878,5.541579510035077,5.9865741610858345,0.12738633374355662,0.5242718446601942,0.47572815533980584,0.8543689320388349,0.3883495145631068,28,48,27,0,76,0.27184466019417475,0.46601941747572817,0.2621359223300971,0.0,-0.1941747572815534,0.028626655508737896,tested,0.10657924050945494
NQ,LOWER_k2,1,20,1277,104,0.08144087705559906,104,0.6634615384615384,0.33653846153846156,0.3269230769230769,1.137729277109384,6.791528224354965,6.827697850230687,0.019486456530228617,0.5145631067961165,0.4854368932038835,0.8543689320388349,0.4174757281553398,28,48,27,0,76,0.27184466019417475,0.46601941747572817,0.2621359223300971,0.0,-0.1941747572815534,0.028626655508737896,tested,0.10657924050945494
NQ,LOWER_k2,1,30,1277,104,0.08144087705559906,104,0.6634615384615384,0.33653846153846156,0.3269230769230769,1.391469664757745,7.488634921473218,7.361931078763912,0.013017489278663443,0.5048543689320388,0.49514563106796117,0.8640776699029126,0.5242718446601942,28,48,27,0,76,0.27184466019417475,0.46601941747572817,0.2621359223300971,0.0,-0.1941747572815534,0.028626655508737896,tested,0.10657924050945494
NQ,LOWER_k2,1,60,1277,104,0.08144087705559906,104,0.6634615384615384,0.33653846153846156,0.3269230769230769,1.04386776813013,10.20707923375237,8.046254204150364,0.13819750044521528,0.5728155339805825,0.42718446601941745,0.912621359223301,0.6019417475728155,28,48,27,0,76,0.27184466019417475,0.46601941747572817,0.2621359223300971,0.0,-0.1941747572815534,0.028626655508737896,tested,0.10657924050945494
NQ,LOWER_k2,1,120,1277,104,0.08144087705559906,104,0.6634615384615384,0.33653846153846156,0.3269230769230769,1.688105210605605,12.505051456598236,9.510276396381457,0.22880957488629725,0.5825242718446602,0.4174757281553398,0.9514563106796117,0.7378640776699029,28,48,27,0,76,0.27184466019417475,0.46601941747572817,0.2621359223300971,0.0,-0.1941747572815534,0.028626655508737896,tested,0.10657924050945494
NQ,LOWER_k2,2,1,1277,220,0.17227877838684416,220,0.5909090909090909,0.4090909090909091,0.18181818181818182,-0.36468669513897584,1.2677200279198477,1.8187934303189224,-0.1912068751919613,0.423963133640553,0.576036866359447,0.5898617511520737,0.0,75,93,47,2,168,0.3456221198156682,0.42857142857142855,0.21658986175115208,0.009216589861751152,-0.08294930875576037,0.18950527217144367,tested,0.37513518090379855
NQ,LOWER_k2,2,2,1277,220,0.17227877838684416,220,0.5909090909090909,0.4090909090909091,0.18181818181818182,0.08232069565510278,1.945744749995049,2.2677909055519967,-0.04396494190419053,0.4838709677419355,0.5161290322580645,0.7188940092165899,0.06451612903225806,77,93,47,0,170,0.3548387096774194,0.42857142857142855,0.21658986175115208,0.0,-0.07373271889400922,0.249886031845437,tested,0.46339018932257287
NQ,LOWER_k2,2,3,1277,220,0.17227877838684416,220,0.5909090909090909,0.4090909090909091,0.18181818181818182,0.22020496444812473,2.392278043432004,2.7201353869847344,-0.024556347811674168,0.48847926267281105,0.511520737327189,0.7649769585253456,0.1336405529953917,77,93,47,0,170,0.3548387096774194,0.42857142857142855,0.21658986175115208,0.0,-0.07373271889400922,0.249886031845437,tested,0.46339018932257287
NQ,LOWER_k2,2,4,1277,220,0.17227877838684416,220,0.5909090909090909,0.4090909090909091,0.18181818181818182,0.08248065146297645,2.9193050691375335,3.2461272319073253,0.028249384287619222,0.5253456221198156,0.47465437788018433,0.7880184331797235,0.20276497695852536,77,93,47,0,170,0.3548387096774194,0.42857142857142855,0.21658986175115208,0.0,-0.07373271889400922,0.249886031845437,tested,0.46339018932257287
NQ,LOWER_k2,2,5,1277,220,0.17227877838684416,220,0.5909090909090909,0.4090909090909091,0.18181818181818182,0.46556683803426163,3.4082495845487997,3.2643293237881728,0.0479953537930799,0.5299539170506913,0.4700460829493088,0.8018433179723502,0.2350230414746544,77,93,47,0,170,0.3548387096774194,0.42857142857142855,0.21658986175115208,0.0,-0.07373271889400922,0.249886031845437,tested,0.46339018932257287
NQ,LOWER_k2,2,10,1277,220,0.17227877838684416,220,0.5909090909090909,0.4090909090909091,0.18181818181818182,-0.3466228398100567,4.443432920085413,3.9728519176289545,0.11882315282374613,0.5299539170506913,0.4700460829493088,0.8433179723502304,0.37327188940092165,77,93,47,0,170,0.3548387096774194,0.42857142857142855,0.21658986175115208,0.0,-0.07373271889400922,0.249886031845437,tested,0.46339018932257287
NQ,LOWER_k2,2,15,1277,220,0.17227877838684416,220,0.5909090909090909,0.4090909090909091,0.18181818181818182,0.022685886499139146,5.0919338446625915,5.101249493421722,0.01730007029526974,0.511520737327189,0.48847926267281105,0.8663594470046083,0.46543778801843316,77,93,47,0,170,0.3548387096774194,0.42857142857142855,0.21658986175115208,0.0,-0.07373271889400922,0.249886031845437,tested,0.46339018932257287
NQ,LOWER_k2,2,20,1277,220,0.17227877838684416,220,0.5909090909090909,0.4090909090909091,0.18181818181818182,0.42545175773867727,5.58576008805082,5.730894679023549,0.0699412627239196,0.5207373271889401,0.4792626728110599,0.8755760368663594,0.5023041474654378,77,93,47,0,170,0.3548387096774194,0.42857142857142855,0.21658986175115208,0.0,-0.07373271889400922,0.249886031845437,tested,0.46339018932257287
NQ,LOWER_k2,2,30,1277,220,0.17227877838684416,220,0.5909090909090909,0.4090909090909091,0.18181818181818182,0.009360699518836498,6.791528224354965,6.132620902668856,0.013017489278663443,0.5069124423963134,0.4930875576036866,0.8986175115207373,0.5944700460829493,77,93,47,0,170,0.3548387096774194,0.42857142857142855,0.21658986175115208,0.0,-0.07373271889400922,0.249886031845437,tested,0.46339018932257287
NQ,LOWER_k2,2,60,1277,220,0.17227877838684416,220,0.5909090909090909,0.4090909090909091,0.18181818181818182,0.07599500162895897,8.506159748724011,7.786005258344987,0.03690918702514023,0.5161290322580645,0.4838709677419355,0.9262672811059908,0.6774193548387096,77,93,47,0,170,0.3548387096774194,0.42857142857142855,0.21658986175115208,0.0,-0.07373271889400922,0.249886031845437,tested,0.46339018932257287
NQ,LOWER_k2,2,120,1277,220,0.17227877838684416,220,0.5909090909090909,0.4090909090909091,0.18181818181818182,-0.31207746905963113,10.873357266912533,9.71363091784914,0.04934961363972188,0.511520737327189,0.48847926267281105,0.9493087557603687,0.7741935483870968,77,93,47,0,170,0.3548387096774194,0.42857142857142855,0.21658986175115208,0.0,-0.07373271889400922,0.249886031845437,tested,0.46339018932257287
NQ,LOWER_k2,3,1,1277,329,0.2576350822239624,329,0.574468085106383,0.425531914893617,0.14893617021276595,-0.3767285177170221,1.155817433478496,1.513234033446517,-0.18942621936169676,0.4294478527607362,0.5705521472392638,0.5920245398773006,0.0,114,141,61,10,255,0.3496932515337423,0.4325153374233129,0.18711656441717792,0.03067484662576687,-0.08282208588957055,0.10329976687155598,tested,0.2645348527292756
NQ,LOWER_k2,3,2,1277,329,0.2576350822239624,329,0.574468085106383,0.425531914893617,0.14893617021276595,-0.023623731528888622,1.7289042194869007,2.056312032541869,-0.12470429189869045,0.4570552147239264,0.5429447852760736,0.7147239263803681,0.07975460122699386,119,144,61,2,263,0.36503067484662577,0.44171779141104295,0.18711656441717792,0.006134969325153374,-0.07668711656441718,0.13875024355451,tested,0.3157051064686818
NQ,LOWER_k2,3,3,1277,329,0.2576350822239624,329,0.574468085106383,0.425531914893617,0.14893617021276595,0.023091631756089588,2.178765385446527,2.5188806597414723,-0.06575729844037295,0.4754601226993865,0.5245398773006135,0.7515337423312883,0.16257668711656442,119,146,61,0,265,0.36503067484662577,0.44785276073619634,0.18711656441717792,0.0,-0.08282208588957055,0.11005480539601042,tested,0.27316167082907206
NQ,LOWER_k2,3,4,1277,329,0.2576350822239624,329,0.574468085106383,0.425531914893617,0.14893617021276595,0.11803101466721344,2.549199380641147,2.8526543560581805,-0.02756957693755077,0.4938650306748466,0.5061349693251533,0.7822085889570553,0.21779141104294478,119,146,61,0,265,0.36503067484662577,0.44785276073619634,0.18711656441717792,0.0,-0.08282208588957055,0.11005480539601042,tested,0.27316167082907206
NQ,LOWER_k2,3,5,1277,329,0.2576350822239624,329,0.574468085106383,0.425531914893617,0.14893617021276595,0.22921657616704352,2.9185804818366314,3.163342181466374,-0.001057201039435396,0.5,0.5,0.7975460122699386,0.25153374233128833,119,146,61,0,265,0.36503067484662577,0.44785276073619634,0.18711656441717792,0.0,-0.08282208588957055,0.11005480539601042,tested,0.27316167082907206
NQ,LOWER_k2,3,10,1277,329,0.2576350822239624,329,0.574468085106383,0.425531914893617,0.14893617021276595,0.12080218235259095,4.126415063437757,3.728240366535924,0.06078040300427441,0.5153374233128835,0.48466257668711654,0.8374233128834356,0.3834355828220859,119,146,61,0,265,0.36503067484662577,0.44785276073619634,0.18711656441717792,0.0,-0.08282208588957055,0.11005480539601042,tested,0.27316167082907206
NQ,LOWER_k2,3,15,1277,329,0.2576350822239624,329,0.574468085106383,0.425531914893617,0.14893617021276595,0.12289758302868828,4.641719372740029,4.375685633663837,0.014798201493013004,0.50920245398773,0.49079754601226994,0.852760736196319,0.46932515337423314,119,146,61,0,265,0.36503067484662577,0.44785276073619634,0.18711656441717792,0.0,-0.08282208588957055,0.11005480539601042,tested,0.27316167082907206
NQ,LOWER_k2,3,20,1277,329,0.2576350822239624,329,0.574468085106383,0.425531914893617,0.14893617021276595,0.48455591114730817,5.177267717519098,5.170661618494471,0.038148903763254034,0.5306748466257669,0.46932515337423314,0.8619631901840491,0.5030674846625767,119,146,61,0,265,0.36503067484662577,0.44785276073619634,0.18711656441717792,0.0,-0.08282208588957055,0.11005480539601042,tested,0.27316167082907206
NQ,LOWER_k2,3,30,1277,329,0.2576350822239624,329,0.574468085106383,0.425531914893617,0.14893617021276595,-0.08840780370496329,6.287492629319282,5.807210574550947,0.015094648161334883,0.50920245398773,0.49079754601226994,0.8773006134969326,0.5828220858895705,119,146,61,0,265,0.36503067484662577,0.44785276073619634,0.18711656441717792,0.0,-0.08282208588957055,0.11005480539601042,tested,0.27316167082907206
NQ,LOWER_k2,3,60,1277,329,0.2576350822239624,329,0.574468085106383,0.425531914893617,0.14893617021276595,0.6161430316980792,7.978861759699747,6.86848261759578,0.04312940033243105,0.5153374233128835,0.48466257668711654,0.9049079754601227,0.6687116564417178,119,146,61,0,265,0.36503067484662577,0.44785276073619634,0.18711656441717792,0.0,-0.08282208588957055,0.11005480539601042,tested,0.27316167082907206
NQ,LOWER_k2,3,120,1277,329,0.2576350822239624,329,0.574468085106383,0.425531914893617,0.14893617021276595,-0.16882201646716893,10.057556766621218,8.650982070459731,0.03647224784193141,0.50920245398773,0.49079754601226994,0.9355828220858896,0.7638036809815951,119,146,61,0,265,0.36503067484662577,0.44785276073619634,0.18711656441717792,0.0,-0.08282208588957055,0.11005480539601042,tested,0.27316167082907206
NQ,LOWER_k2,4,1,1277,398,0.3116679718089272,398,0.5628140703517588,0.4371859296482412,0.12562814070351758,-0.19666799103261773,1.1631055614401307,1.429805517470491,-0.17368652806561663,0.44416243654822335,0.5558375634517766,0.6065989847715736,0.0,144,167,68,15,311,0.36548223350253806,0.42385786802030456,0.17258883248730963,0.03807106598984772,-0.0583756345177665,0.21214442105272632,tested,0.4137576892719632
NQ,LOWER_k2,4,2,1277,398,0.3116679718089272,398,0.5628140703517588,0.4371859296482412,0.12562814070351758,0.06901373317735299,1.7209658394874174,1.90571133893774,-0.08730608139051504,0.467005076142132,0.5329949238578681,0.7284263959390863,0.08629441624365482,153,171,68,2,324,0.3883248730964467,0.434010152284264,0.17258883248730963,0.005076142131979695,-0.04568527918781726,0.3449564997390219,tested,0.5659625283853783
NQ,LOWER_k2,4,3,1277,398,0.3116679718089272,398,0.5628140703517588,0.4371859296482412,0.12562814070351758,0.12328046231076965,2.108645391419115,2.2970788532998445,-0.052524591185601,0.4873096446700508,0.5126903553299492,0.766497461928934,0.1751269035532995,153,173,68,0,326,0.3883248730964467,0.43908629441624364,0.17258883248730963,0.0,-0.050761421319796954,0.2926433452701047,tested,0.5013783331353299
NQ,LOWER_k2,4,4,1277,398,0.3116679718089272,398,0.5628140703517588,0.4371859296482412,0.12562814070351758,0.15552900577190207,2.470071816436408,2.6356512127393854,0.012909617759867894,0.5076142131979695,0.49238578680203043,0.7918781725888325,0.233502538071066,153,173,68,0,326,0.3883248730964467,0.43908629441624364,0.17258883248730963,0.0,-0.050761421319796954,0.2926433452701047,tested,0.5013783331353299
NQ,LOWER_k2,4,5,1277,398,0.3116679718089272,398,0.5628140703517588,0.4371859296482412,0.12562814070351758,0.22921657616704352,2.7333160414914417,2.925191152184337,0.009911888947991018,0.5101522842639594,0.48984771573604063,0.8071065989847716,0.27411167512690354,153,173,68,0,326,0.3883248730964467,0.43908629441624364,0.17258883248730963,0.0,-0.050761421319796954,0.2926433452701047,tested,0.5013783331353299
NQ,LOWER_k2,4,10,1277,398,0.3116679718089272,398,0.5628140703517588,0.4371859296482412,0.12562814070351758,0.08728697192565782,3.7669342776842263,3.478481916773249,0.06492679057477493,0.5253807106598984,0.4746192893401015,0.8426395939086294,0.41116751269035534,153,173,68,0,326,0.3883248730964467,0.43908629441624364,0.17258883248730963,0.0,-0.050761421319796954,0.2926433452701047,tested,0.5013783331353299
NQ,LOWER_k2,4,15,1277,398,0.3116679718089272,398,0.5628140703517588,0.4371859296482412,0.12562814070351758,0.06643494310763377,4.500106478393524,4.135488779552509,0.019906593593267595,0.5101522842639594,0.48984771573604063,0.8578680203045685,0.5025380710659898,153,173,68,0,326,0.3883248730964467,0.43908629441624364,0.17258883248730963,0.0,-0.050761421319796954,0.2926433452701047,tested,0.5013783331353299
NQ,LOWER_k2,4,20,1277,398,0.3116679718089272,398,0.5628140703517588,0.4371859296482412,0.12562814070351758,0.4073408008684978,4.869812438983616,4.617900964857629,0.04279624110701839,0.5304568527918782,0.46954314720812185,0.868020304568528,0.5355329949238579,153,173,68,0,326,0.3883248730964467,0.43908629441624364,0.17258883248730963,0.0,-0.050761421319796954,0.2926433452701047,tested,0.5013783331353299
NQ,LOWER_k2,4,30,1277,398,0.3116679718089272,398,0.5628140703517588,0.4371859296482412,0.12562814070351758,0.1371645618535005,5.823715609013022,5.602224310836726,0.017235938669638032,0.5101522842639594,0.48984771573604063,0.8857868020304569,0.6116751269035533,153,173,68,0,326,0.3883248730964467,0.43908629441624364,0.17258883248730963,0.0,-0.050761421319796954,0.2926433452701047,tested,0.5013783331353299
NQ,LOWER_k2,4,60,1277,398,0.3116679718089272,398,0.5628140703517588,0.4371859296482412,0.12562814070351758,0.6471911843077961,7.453507895459108,6.696981054541956,0.041342698964786186,0.5152284263959391,0.4847715736040609,0.9137055837563451,0.6928934010152284,153,173,68,0,326,0.3883248730964467,0.43908629441624364,0.17258883248730963,0.0,-0.050761421319796954,0.2926433452701047,tested,0.5013783331353299
NQ,LOWER_k2,4,120,1277,398,0.3116679718089272,398,0.5628140703517588,0.4371859296482412,0.12562814070351758,0.006130361891468103,9.10995131279244,8.388755102225648,0.009779056749108806,0.5076142131979695,0.49238578680203043,0.9390862944162437,0.7791878172588832,153,173,68,0,326,0.3883248730964467,0.43908629441624364,0.17258883248730963,0.0,-0.050761421319796954,0.2926433452701047,tested,0.5013783331353299
NQ,LOWER_k2,5,1,1277,448,0.350822239624119,448,0.546875,0.453125,0.09375,-0.015081995695637248,1.1899886556874124,1.3540109082275222,-0.11914813459739237,0.47058823529411764,0.5294117647058824,0.6199095022624435,0.0,171,179,73,19,350,0.38687782805429866,0.40497737556561086,0.16515837104072398,0.042986425339366516,-0.01809954751131222,0.7083382846371692,tested,0.8433843290636898
NQ,LOWER_k2,5,2,1277,448,0.350822239624119,448,0.546875,0.453125,0.09375,0.12066922669006921,1.7515962028124572,1.8027102373783583,-0.022321491064698544,0.48642533936651583,0.5135746606334841,0.7375565610859729,0.09276018099547512,181,184,73,4,365,0.4095022624434389,0.416289592760181,0.16515837104072398,0.00904977375565611,-0.006787330316742082,0.9166447678112195,tested,0.9785374489092813
NQ,LOWER_k2,5,3,1277,448,0.350822239624119,448,0.546875,0.453125,0.09375,0.09418469955682904,2.0928128755607807,2.1178972247146177,-0.006651555408525998,0.497737556561086,0.502262443438914,0.7714932126696833,0.18778280542986425,181,187,73,1,368,0.4095022624434389,0.4230769230769231,0.16515837104072398,0.0022624434389140274,-0.013574660633484163,0.794410418757776,tested,0.9074429203999066
NQ,LOWER_k2,5,4,1277,448,0.350822239624119,448,0.546875,0.453125,0.09375,0.08624750344147866,2.4187127100779495,2.582355189364395,0.01615150921913216,0.5113122171945701,0.48868778280542985,0.7986425339366516,0.251131221719457,181,188,73,0,369,0.4095022624434389,0.4253393665158371,0.16515837104072398,0.0,-0.01583710407239819,0.7548250097032486,tested,0.8708577386366501
NQ,LOWER_k2,5,5,1277,448,0.350822239624119,448,0.546875,0.453125,0.09375,0.22921657616704352,2.693209879495736,2.785041453197693,0.012909617759867894,0.5135746606334841,0.48642533936651583,0.8122171945701357,0.2895927601809955,181,188,73,0,369,0.4095022624434389,0.4253393665158371,0.16515837104072398,0.0,-0.01583710407239819,0.7548250097032486,tested,0.8708577386366501
NQ,LOWER_k2,5,10,1277,448,0.350822239624119,448,0.546875,0.453125,0.09375,-0.1426716501057458,3.6576077348863754,3.4697055383818762,0.04866716799411258,0.5180995475113123,0.4819004524886878,0.8461538461538461,0.4298642533936652,181,188,73,0,369,0.4095022624434389,0.4253393665158371,0.16515837104072398,0.0,-0.01583710407239819,0.7548250097032486,tested,0.8708577386366501
NQ,LOWER_k2,5,15,1277,448,0.350822239624119,448,0.546875,0.453125,0.09375,-0.07209242401059368,4.239825644344066,4.135488779552509,0.009429426315229162,0.502262443438914,0.497737556561086,0.8619909502262444,0.5158371040723982,181,188,73,0,369,0.4095022624434389,0.4253393665158371,0.16515837104072398,0.0,-0.01583710407239819,0.7548250097032486,tested,0.8708577386366501
NQ,LOWER_k2,5,20,1277,448,0.350822239624119,448,0.546875,0.453125,0.09375,0.3002430604702791,4.628360018219542,4.617900964857629,0.034029911114598285,0.5203619909502263,0.4796380090497738,0.8710407239819005,0.5475113122171946,181,188,73,0,369,0.4095022624434389,0.4253393665158371,0.16515837104072398,0.0,-0.01583710407239819,0.7548250097032486,tested,0.8708577386366501
NQ,LOWER_k2,5,30,1277,448,0.350822239624119,448,0.546875,0.453125,0.09375,-0.08840780370496329,5.554176736389202,5.574137113424508,0.010302820215249501,0.502262443438914,0.497737556561086,0.8868778280542986,0.6176470588235294,181,188,73,0,369,0.4095022624434389,0.4253393665158371,0.16515837104072398,0.0,-0.01583710407239819,0.7548250097032486,tested,0.8708577386366501
NQ,LOWER_k2,5,60,1277,448,0.350822239624119,448,0.546875,0.453125,0.09375,0.6471911843077961,7.250307220591227,6.6190450081181655,0.013375586310936105,0.5067873303167421,0.49321266968325794,0.916289592760181,0.6968325791855203,181,188,73,0,369,0.4095022624434389,0.4253393665158371,0.16515837104072398,0.0,-0.01583710407239819,0.7548250097032486,tested,0.8708577386366501
NQ,LOWER_k2,5,120,1277,448,0.350822239624119,448,0.546875,0.453125,0.09375,-0.1073142654013236,9.024603155415889,8.301399580071067,-0.002540977284004552,0.497737556561086,0.502262443438914,0.9411764705882353,0.7782805429864253,181,188,73,0,369,0.4095022624434389,0.4253393665158371,0.16515837104072398,0.0,-0.01583710407239819,0.7548250097032486,tested,0.8708577386366501
NQ,LOWER_k2,10,1,1277,597,0.46750195771339076,597,0.5360134003350083,0.4639865996649916,0.07202680067001675,0.022673431045831343,1.1366064004406906,1.2673581667821037,-0.08665569419771113,0.47538200339558573,0.5246179966044142,0.6061120543293718,0.0,226,238,91,34,464,0.3837011884550085,0.40407470288624786,0.15449915110356535,0.057724957555178265,-0.02037351443123939,0.6096353121154879,tested,0.7775059053067093
NQ,LOWER_k2,10,2,1277,597,0.46750195771339076,597,0.5360134003350083,0.4639865996649916,0.07202680067001675,0.10017436154322265,1.602326970555739,1.6082476785286641,-0.02008663431772292,0.48896434634974534,0.5110356536502547,0.7130730050933786,0.0933786078098472,244,248,91,6,492,0.4142614601018676,0.42105263157894735,0.15449915110356535,0.010186757215619695,-0.006791171477079796,0.8924316969855343,tested,0.9663018821946278
NQ,LOWER_k2,10,3,1277,597,0.46750195771339076,597,0.5360134003350083,0.4639865996649916,0.07202680067001675,0.12092819634441768,1.9633371595855702,1.9561353814921467,0.012654564044826304,0.5059422750424448,0.4940577249575552,0.7521222410865874,0.1969439728353141,244,252,91,2,496,0.4142614601018676,0.42784380305602715,0.15449915110356535,0.003395585738539898,-0.013582342954159592,0.7533224104482866,tested,0.8708577386366501
NQ,LOWER_k2,10,4,1277,597,0.46750195771339076,597,0.5360134003350083,0.4639865996649916,0.07202680067001675,0.09148069509983672,2.2605884997047045,2.226455406828951,0.018580794353715138,0.5144312393887945,0.4855687606112054,0.7792869269949066,0.2614601018675722,244,254,91,0,498,0.4142614601018676,0.4312393887945671,0.15449915110356535,0.0,-0.01697792869269949,0.6867695159134417,tested,0.8268568301047408
NQ,LOWER_k2,10,5,1277,597,0.46750195771339076,597,0.5360134003350083,0.4639865996649916,0.07202680067001675,0.22687709964677652,2.4842145636199855,2.497869768954849,0.029251757977181124,0.5178268251273345,0.48217317487266553,0.7945670628183361,0.3073005093378608,244,254,91,0,498,0.4142614601018676,0.4312393887945671,0.15449915110356535,0.0,-0.01697792869269949,0.6867695159134417,tested,0.8268568301047408
NQ,LOWER_k2,10,10,1277,597,0.46750195771339076,597,0.5360134003350083,0.4639865996649916,0.07202680067001675,0.06744120276924041,3.376153550129425,3.2568275079004723,0.02956797880339783,0.5127334465195246,0.4872665534804754,0.8353140916808149,0.4465195246179966,244,254,91,0,498,0.4142614601018676,0.4312393887945671,0.15449915110356535,0.0,-0.01697792869269949,0.6867695159134417,tested,0.8268568301047408
NQ,LOWER_k2,10,15,1277,597,0.46750195771339076,597,0.5360134003350083,0.4639865996649916,0.07202680067001675,-0.06294353826185344,3.9488685399863095,3.917495095427033,0.01042397248654322,0.5025466893039049,0.49745331069609505,0.8607809847198642,0.5280135823429541,244,254,91,0,498,0.4142614601018676,0.4312393887945671,0.15449915110356535,0.0,-0.01697792869269949,0.6867695159134417,tested,0.8268568301047408
NQ,LOWER_k2,10,20,1277,597,0.46750195771339076,597,0.5360134003350083,0.4639865996649916,0.07202680067001675,0.0521668605137615,4.3826584998361175,4.282783560760842,0.019486456530228617,0.5127334465195246,0.4872665534804754,0.8709677419354839,0.5636672325976231,244,254,91,0,498,0.4142614601018676,0.4312393887945671,0.15449915110356535,0.0,-0.01697792869269949,0.6867695159134417,tested,0.8268568301047408
NQ,LOWER_k2,10,30,1277,597,0.46750195771339076,597,0.5360134003350083,0.4639865996649916,0.07202680067001675,0.12746577115453392,5.269965883675656,5.241142141604771,-0.0011179156225043028,0.49745331069609505,0.5025466893039049,0.8930390492359932,0.629881154499151,244,254,91,0,498,0.4142614601018676,0.4312393887945671,0.15449915110356535,0.0,-0.01697792869269949,0.6867695159134417,tested,0.8268568301047408
NQ,LOWER_k2,10,60,1277,597,0.46750195771339076,597,0.5360134003350083,0.4639865996649916,0.07202680067001675,-0.11808638584939887,6.8082441632896815,6.260177276233534,0.011535006636932939,0.5042444821731749,0.49575551782682514,0.9185059422750425,0.7062818336162988,244,254,91,0,498,0.4142614601018676,0.4312393887945671,0.15449915110356535,0.0,-0.01697792869269949,0.6867695159134417,tested,0.8268568301047408
NQ,LOWER_k2,10,120,1277,597,0.46750195771339076,597,0.5360134003350083,0.4639865996649916,0.07202680067001675,-0.4385453404559816,8.557742536733599,8.120451282716573,-0.0032186652709972068,0.49575551782682514,0.5042444821731749,0.9388794567062818,0.7792869269949066,244,254,91,0,498,0.4142614601018676,0.4312393887945671,0.15449915110356535,0.0,-0.01697792869269949,0.6867695159134417,tested,0.8268568301047408
NQ,LOWER_k2,15,1,1277,650,0.5090054815974941,650,0.536923076923077,0.46307692307692305,0.07384615384615385,0.015282326116126153,1.0912044038808606,1.227849026825023,-0.10579815395413229,0.4703125,0.5296875,0.6109375,0.0,240,262,93,45,502,0.375,0.409375,0.1453125,0.0703125,-0.034375,0.3486266107637415,tested,0.5710161746519489
NQ,LOWER_k2,15,2,1277,650,0.5090054815974941,650,0.536923076923077,0.46307692307692305,0.07384615384615385,0.05313186904217749,1.517048316379028,1.5754326677945816,-0.04256016081595941,0.484375,0.515625,0.7171875,0.0984375,260,276,94,10,536,0.40625,0.43125,0.146875,0.015625,-0.025,0.5170867602883512,tested,0.7109942953964828
NQ,LOWER_k2,15,3,1277,650,0.5090054815974941,650,0.536923076923077,0.46307692307692305,0.07384615384615385,0.03471661633463409,1.8734198502642545,1.8964810494783206,-0.006651555408525998,0.4984375,0.5015625,0.7546875,0.2,261,281,94,4,542,0.4078125,0.4390625,0.146875,0.00625,-0.03125,0.4144557269038694,tested,0.6318193397996504
NQ,LOWER_k2,15,4,1277,650,0.5090054815974941,650,0.536923076923077,0.46307692307692305,0.07384615384615385,0.06539679792503894,2.113756684731819,2.1178972247146177,0.01615150921913216,0.5109375,0.4890625,0.7828125,0.2609375,263,283,94,0,546,0.4109375,0.4421875,0.146875,0.0,-0.03125,0.4161707232887114,tested,0.6318193397996504
NQ,LOWER_k2,15,5,1277,650,0.5090054815974941,650,0.536923076923077,0.46307692307692305,0.07384615384615385,0.12141335239122372,2.3931433595461726,2.3884378985319805,0.01723697684652879,0.5140625,0.4859375,0.8,0.3046875,263,283,94,0,546,0.4109375,0.4421875,0.146875,0.0,-0.03125,0.4161707232887114,tested,0.6318193397996504
NQ,LOWER_k2,15,10,1277,650,0.5090054815974941,650,0.536923076923077,0.46307692307692305,0.07384615384615385,0.05511842039193185,3.245058707763336,3.2168043317362214,0.036929829118948355,0.5140625,0.4859375,0.840625,0.4453125,263,283,94,0,546,0.4109375,0.4421875,0.146875,0.0,-0.03125,0.4161707232887114,tested,0.6318193397996504
NQ,LOWER_k2,15,15,1277,650,0.5090054815974941,650,0.536923076923077,0.46307692307692305,0.07384615384615385,-0.18211284952318446,3.843401007403111,3.840078349825796,-0.0036278260513534274,0.4984375,0.5015625,0.8640625,0.5296875,263,283,94,0,546,0.4109375,0.4421875,0.146875,0.0,-0.03125,0.4161707232887114,tested,0.6318193397996504
NQ,LOWER_k2,15,20,1277,650,0.5090054815974941,650,0.536923076923077,0.46307692307692305,0.07384615384615385,-0.11390747823708278,4.244313931304141,4.252310052801059,0.013055276135546762,0.5078125,0.4921875,0.8734375,0.565625,263,283,94,0,546,0.4109375,0.4421875,0.146875,0.0,-0.03125,0.4161707232887114,tested,0.6318193397996504
NQ,LOWER_k2,15,30,1277,650,0.5090054815974941,650,0.536923076923077,0.46307692307692305,0.07384615384615385,-0.1246316396811729,5.01146538830759,5.121620732840926,-0.01151377179282665,0.490625,0.509375,0.8953125,0.6296875,263,283,94,0,546,0.4109375,0.4421875,0.146875,0.0,-0.03125,0.4161707232887114,tested,0.6318193397996504
NQ,LOWER_k2,15,60,1277,650,0.5090054815974941,650,0.536923076923077,0.46307692307692305,0.07384615384615385,-0.2818455852855186,6.543926340545134,6.19058191575881,-0.008905685324638245,0.4953125,0.5046875,0.9203125,0.70625,263,283,94,0,546,0.4109375,0.4421875,0.146875,0.0,-0.03125,0.4161707232887114,tested,0.6318193397996504
NQ,LOWER_k2,15,120,1277,650,0.5090054815974941,650,0.536923076923077,0.46307692307692305,0.07384615384615385,-0.7836086892125003,8.15597080075199,7.918872453319666,-0.005532307935631548,0.49375,0.50625,0.9390625,0.7796875,263,283,94,0,546,0.4109375,0.4421875,0.146875,0.0,-0.03125,0.4161707232887114,tested,0.6318193397996504
NQ,LOWER_k2,20,1,1277,712,0.557556773688332,712,0.5308988764044944,0.4691011235955056,0.06179775280898876,0.035597704270906666,1.065394675418983,1.1430554774625967,-0.0812816555748798,0.4757142857142857,0.5242857142857142,0.6071428571428571,0.0,267,280,96,57,547,0.38142857142857145,0.4,0.13714285714285715,0.08142857142857143,-0.018571428571428572,0.6079337264967694,tested,0.776551845732383
NQ,LOWER_k2,20,2,1277,712,0.557556773688332,712,0.5308988764044944,0.4691011235955056,0.06179775280898876,0.05576305241542946,1.517048316379028,1.5336454508496864,-0.01629183570811276,0.4928571428571429,0.5071428571428571,0.7085714285714285,0.10142857142857142,292,299,97,12,591,0.41714285714285715,0.42714285714285716,0.13857142857142857,0.017142857142857144,-0.01,0.8050829356122942,tested,0.9074429203999066
NQ,LOWER_k2,20,3,1277,712,0.557556773688332,712,0.5308988764044944,0.4691011235955056,0.06179775280898876,0.03471661633463409,1.8734198502642545,1.8163738567287968,0.010670100317226067,0.5057142857142857,0.4942857142857143,0.7457142857142857,0.19857142857142857,293,304,97,6,597,0.4185714285714286,0.4342857142857143,0.13857142857142857,0.008571428571428572,-0.015714285714285715,0.6823745084957636,tested,0.8268568301047408
NQ,LOWER_k2,20,4,1277,712,0.557556773688332,712,0.5308988764044944,0.4691011235955056,0.06179775280898876,0.07277899356056083,2.093978221422768,2.073205193855468,0.018144973927614515,0.5128571428571429,0.48714285714285716,0.7757142857142857,0.25857142857142856,295,306,97,2,601,0.42142857142857143,0.43714285714285717,0.13857142857142857,0.002857142857142857,-0.015714285714285715,0.683375563030616,tested,0.8268568301047408
NQ,LOWER_k2,20,5,1277,712,0.557556773688332,712,0.5308988764044944,0.4691011235955056,0.06179775280898876,0.13543848478497686,2.3629449163468883,2.24531426997798,0.0314991999609294,0.5185714285714286,0.48142857142857143,0.7928571428571428,0.2985714285714286,295,306,97,2,601,0.42142857142857143,0.43714285714285717,0.13857142857142857,0.002857142857142857,-0.015714285714285715,0.683375563030616,tested,0.8268568301047408
NQ,LOWER_k2,20,10,1277,712,0.557556773688332,712,0.5308988764044944,0.4691011235955056,0.06179775280898876,0.038542787149301996,3.1484751156397257,3.1320870753313894,0.03371519424649767,0.5142857142857142,0.4857142857142857,0.8342857142857143,0.44142857142857145,296,307,97,0,603,0.4228571428571429,0.43857142857142856,0.13857142857142857,0.0,-0.015714285714285715,0.6838725582382188,tested,0.8268568301047408
NQ,LOWER_k2,20,15,1277,712,0.557556773688332,712,0.5308988764044944,0.4691011235955056,0.06179775280898876,-0.18211284952318446,3.773915074074865,3.7714503405210023,-0.011766936449112673,0.4942857142857143,0.5057142857142857,0.8571428571428571,0.5228571428571429,296,307,97,0,603,0.4228571428571429,0.43857142857142856,0.13857142857142857,0.0,-0.015714285714285715,0.6838725582382188,tested,0.8268568301047408
NQ,LOWER_k2,20,20,1277,712,0.557556773688332,712,0.5308988764044944,0.4691011235955056,0.06179775280898876,-0.14935417094145803,4.213380219214024,4.197864962129743,-0.00039269383705076047,0.5,0.5,0.8671428571428571,0.56,296,307,97,0,603,0.4228571428571429,0.43857142857142856,0.13857142857142857,0.0,-0.015714285714285715,0.6838725582382188,tested,0.8268568301047408
NQ,LOWER_k2,20,30,1277,712,0.557556773688332,712,0.5308988764044944,0.4691011235955056,0.06179775280898876,-0.2098616650573295,4.931263111635916,5.03324977884073,-0.018409092776412415,0.48714285714285716,0.5128571428571429,0.8885714285714286,0.6285714285714286,296,307,97,0,603,0.4228571428571429,0.43857142857142856,0.13857142857142857,0.0,-0.015714285714285715,0.6838725582382188,tested,0.8268568301047408
NQ,LOWER_k2,20,60,1277,712,0.557556773688332,712,0.5308988764044944,0.4691011235955056,0.06179775280898876,-0.3171863302604233,6.501434854007313,6.104136718834008,-0.012028210501928538,0.4942857142857143,0.5057142857142857,0.9157142857142857,0.7042857142857143,296,307,97,0,603,0.4228571428571429,0.43857142857142856,0.13857142857142857,0.0,-0.015714285714285715,0.6838725582382188,tested,0.8268568301047408
NQ,LOWER_k2,20,120,1277,712,0.557556773688332,712,0.5308988764044944,0.4691011235955056,0.06179775280898876,-0.717052451644925,8.075942170353644,7.802761234018037,-0.005532307935631548,0.4942857142857143,0.5057142857142857,0.9328571428571428,0.7785714285714286,296,307,97,0,603,0.4228571428571429,0.43857142857142856,0.13857142857142857,0.0,-0.015714285714285715,0.6838725582382188,tested,0.8268568301047408
NQ,LOWER_k2,30,1,1277,779,0.6100234925606891,779,0.5365853658536586,0.4634146341463415,0.07317073170731707,0.0034640000360111564,1.0277618985234467,1.0812040234567004,-0.09842701707582983,0.4745762711864407,0.5254237288135594,0.6036505867014341,0.0,290,303,99,75,593,0.37809647979139505,0.39504563233376794,0.1290743155149935,0.09778357235984354,-0.01694915254237288,0.6222045550113089,tested,0.7914507348895493
NQ,LOWER_k2,30,2,1277,779,0.6100234925606891,779,0.5365853658536586,0.4634146341463415,0.07317073170731707,0.020288576777052637,1.4482349726549868,1.4912857677118776,-0.0411553797277283,0.4863102998696219,0.5136897001303781,0.7066492829204694,0.09908735332464146,315,330,100,22,645,0.4106910039113429,0.4302477183833116,0.1303780964797914,0.028683181225554105,-0.01955671447196871,0.5814967708797505,tested,0.7644439119813407
NQ,LOWER_k2,30,3,1277,779,0.6100234925606891,779,0.5365853658536586,0.4634146341463415,0.07317073170731707,0.0107022579723412,1.7950522817017833,1.7577499046932898,-0.00589170165259478,0.4980443285528031,0.5019556714471969,0.7457627118644068,0.19165580182529335,320,335,100,12,655,0.4172099087353325,0.4367666232073012,0.1303780964797914,0.01564537157757497,-0.01955671447196871,0.5843949871676656,tested,0.7644439119813407
NQ,LOWER_k2,30,4,1277,779,0.6100234925606891,779,0.5365853658536586,0.4634146341463415,0.07317073170731707,0.0722114684582124,2.0268581676002198,2.046346211931165,0.013732359345526053,0.5071707953063885,0.49282920469361147,0.7770534550195567,0.24771838331160365,323,339,100,5,662,0.4211212516297262,0.44198174706649285,0.1303780964797914,0.00651890482398957,-0.020860495436766623,0.5599317067930146,tested,0.7570026427034052
NQ,LOWER_k2,30,5,1277,779,0.6100234925606891,779,0.5365853658536586,0.4634146341463415,0.07317073170731707,0.052949728512871386,2.260882447875527,2.201346816564334,0.018580794353715138,0.5123859191655802,0.4876140808344198,0.7940026075619296,0.29335071707953064,324,339,100,4,663,0.42242503259452413,0.44198174706649285,0.1303780964797914,0.005215123859191656,-0.01955671447196871,0.5866708802033397,tested,0.7644439119813407
NQ,LOWER_k2,30,10,1277,779,0.6100234925606891,779,0.5365853658536586,0.4634146341463415,0.07317073170731707,0.021048670352236412,3.0680806054907324,3.078558959559919,0.01573766895569863,0.5084745762711864,0.4915254237288136,0.8357235984354628,0.4315514993481095,326,341,100,0,667,0.42503259452411996,0.4445893089960887,0.1303780964797914,0.0,-0.01955671447196871,0.5877949518504153,tested,0.7644439119813407
NQ,LOWER_k2,30,15,1277,779,0.6100234925606891,779,0.5365853658536586,0.4634146341463415,0.07317073170731707,-0.21622413468227344,3.7018485273870576,3.656623421865793,-0.028883126263433676,0.4876140808344198,0.5123859191655802,0.8604954367666232,0.5136897001303781,326,341,100,0,667,0.42503259452411996,0.4445893089960887,0.1303780964797914,0.0,-0.01955671447196871,0.5877949518504153,tested,0.7644439119813407
NQ,LOWER_k2,30,20,1277,779,0.6100234925606891,779,0.5365853658536586,0.4634146341463415,0.07317073170731707,-0.14109029986221633,4.090199645297983,4.083868128512741,-0.010126277636854435,0.49674054758800523,0.5032594524119948,0.8696219035202086,0.5501955671447197,326,341,100,0,667,0.42503259452411996,0.4445893089960887,0.1303780964797914,0.0,-0.01955671447196871,0.5877949518504153,tested,0.7644439119813407
NQ,LOWER_k2,30,30,1277,779,0.6100234925606891,779,0.5365853658536586,0.4634146341463415,0.07317073170731707,-0.14889842461337377,4.829636461884984,4.935328207440218,-0.013250243510822605,0.49022164276401564,0.5097783572359843,0.8904823989569752,0.621903520208605,326,341,100,0,667,0.42503259452411996,0.4445893089960887,0.1303780964797914,0.0,-0.01955671447196871,0.5877949518504153,tested,0.7644439119813407
NQ,LOWER_k2,30,60,1277,779,0.6100234925606891,779,0.5365853658536586,0.4634146341463415,0.07317073170731707,-0.3155085149023228,6.401925094321928,5.989421093223021,-0.007874338976668898,0.49674054758800523,0.5032594524119948,0.9178617992177314,0.7053455019556715,326,341,100,0,667,0.42503259452411996,0.4445893089960887,0.1303780964797914,0.0,-0.01955671447196871,0.5877949518504153,tested,0.7644439119813407
NQ,LOWER_k2,30,120,1277,779,0.6100234925606891,779,0.5365853658536586,0.4634146341463415,0.07317073170731707,-0.8896428435469866,7.964166555675607,7.623969291820279,-0.001333873009245041,0.4980443285528031,0.5019556714471969,0.9361147327249022,0.7796610169491526,326,341,100,0,667,0.42503259452411996,0.4445893089960887,0.1303780964797914,0.0,-0.01955671447196871,0.5877949518504153,tested,0.7644439119813407
NQ,LOWER_k2,60,1,1277,865,0.6773688332028192,865,0.5329479768786127,0.46705202312138727,0.06589595375722543,0.013863667893860317,1.007233043823668,1.0306642915483442,-0.07019346684922201,0.47995283018867924,0.5200471698113207,0.6049528301886793,0.0,321,327,104,96,648,0.3785377358490566,0.3856132075471698,0.12264150943396226,0.11320754716981132,-0.007075471698113208,0.8443016282198316,tested,0.9287317910418147
NQ,LOWER_k2,60,2,1277,865,0.6773688332028192,865,0.5329479768786127,0.46705202312138727,0.06589595375722543,0.06301098220585366,1.4258331472453127,1.3874210515659704,-0.0051452352343822096,0.4988207547169811,0.5011792452830188,0.7099056603773585,0.09905660377358491,354,356,105,33,710,0.41745283018867924,0.419811320754717,0.12382075471698113,0.03891509433962264,-0.0023584905660377358,0.9700664678452139,tested,0.9972025905045103
NQ,LOWER_k2,60,3,1277,865,0.6773688332028192,865,0.5329479768786127,0.46705202312138727,0.06589595375722543,0.06638631268048188,1.7530387849729758,1.6704810701656743,0.013727532872915229,0.5082547169811321,0.49174528301886794,0.7511792452830188,0.19339622641509435,361,362,106,19,723,0.4257075471698113,0.4268867924528302,0.125,0.02240566037735849,-0.0011792452830188679,1.0,tested,1.0
NQ,LOWER_k2,60,4,1277,865,0.6773688332028192,865,0.5329479768786127,0.46705202312138727,0.06589595375722543,0.01440464878680248,2.003002047909442,1.8964810494783206,0.029044612929842863,0.5176886792452831,0.482311320754717,0.7806603773584906,0.2606132075471698,364,367,106,11,731,0.42924528301886794,0.43278301886792453,0.125,0.012971698113207548,-0.003537735849056604,0.9410388165378605,tested,0.9922395068858675
NQ,LOWER_k2,60,5,1277,865,0.6773688332028192,865,0.5329479768786127,0.46705202312138727,0.06589595375722543,-0.017828249515230866,2.2124715521731324,2.1068627209867152,0.03948160575229473,0.5224056603773585,0.47759433962264153,0.7971698113207547,0.31014150943396224,365,368,106,9,733,0.43042452830188677,0.4339622641509434,0.125,0.01061320754716981,-0.003537735849056604,0.9411191451256854,tested,0.9922395068858675
NQ,LOWER_k2,60,10,1277,865,0.6773688332028192,865,0.5329479768786127,0.46705202312138727,0.06589595375722543,-0.08743592236458866,2.9559802848374375,2.9412775175990244,0.01566336392821478,0.5070754716981132,0.49292452830188677,0.8372641509433962,0.44339622641509435,369,370,106,3,739,0.43514150943396224,0.4363207547169811,0.125,0.003537735849056604,-0.0011792452830188679,1.0,tested,1.0
NQ,LOWER_k2,60,15,1277,865,0.6773688332028192,865,0.5329479768786127,0.46705202312138727,0.06589595375722543,-0.22045489852443506,3.4588992182578058,3.585822617393031,-0.04663664135347586,0.482311320754717,0.5176886792452831,0.8608490566037735,0.5235849056603774,370,372,106,0,742,0.4363207547169811,0.4386792452830189,0.125,0.0,-0.0023584905660377358,0.9707186036462874,tested,0.9972025905045103
NQ,LOWER_k2,60,20,1277,865,0.6773688332028192,865,0.5329479768786127,0.46705202312138727,0.06589595375722543,-0.14935417094145803,3.9182240564748314,3.9794211330568654,-0.019011164198256728,0.49174528301886794,0.5082547169811321,0.8691037735849056,0.5589622641509434,370,372,106,0,742,0.4363207547169811,0.4386792452830189,0.125,0.0,-0.0023584905660377358,0.9707186036462874,tested,0.9972025905045103
NQ,LOWER_k2,60,30,1277,865,0.6773688332028192,865,0.5329479768786127,0.46705202312138727,0.06589595375722543,-0.1331540594867123,4.644040415920596,4.610228730875306,-0.018409092776412415,0.4882075471698113,0.5117924528301887,0.8903301886792453,0.6273584905660378,370,372,106,0,742,0.4363207547169811,0.4386792452830189,0.125,0.0,-0.0023584905660377358,0.9707186036462874,tested,0.9972025905045103
NQ,LOWER_k2,60,60,1277,865,0.6773688332028192,865,0.5329479768786127,0.46705202312138727,0.06589595375722543,-0.2801677699274181,6.2327578786357964,5.8375537659862236,-0.004718378021645612,0.4988207547169811,0.5011792452830188,0.9186320754716981,0.7075471698113207,370,372,106,0,742,0.4363207547169811,0.4386792452830189,0.125,0.0,-0.0023584905660377358,0.9707186036462874,tested,0.9972025905045103
NQ,LOWER_k2,60,120,1277,865,0.6773688332028192,865,0.5329479768786127,0.46705202312138727,0.06589595375722543,-0.6315653377379746,7.803554745804025,7.443027907375871,0.0015376130874166828,0.5,0.5,0.9363207547169812,0.7830188679245284,370,372,106,0,742,0.4363207547169811,0.4386792452830189,0.125,0.0,-0.0023584905660377358,0.9707186036462874,tested,0.9972025905045103
NQ,LOWER_k2,120,1,1277,923,0.7227877838684417,923,0.5308775731310943,0.46912242686890576,0.06175514626218852,-0.003944478360578101,0.979012237652279,1.0177691754153315,-0.07514796375222406,0.48013245033112584,0.5198675496688742,0.5971302428256071,0.0,340,350,107,109,690,0.37527593818984545,0.38631346578366443,0.11810154525386314,0.12030905077262694,-0.011037527593818985,0.731908780410099,tested,0.8622615592956815
NQ,LOWER_k2,120,2,1277,923,0.7227877838684417,923,0.5308775731310943,0.46912242686890576,0.06175514626218852,0.038819187453789386,1.3493906278044074,1.3478643727736217,-0.01629183570811276,0.4922737306843267,0.5077262693156733,0.7008830022075055,0.09713024282560706,374,383,108,41,757,0.41280353200883,0.4227373068432671,0.11920529801324503,0.04525386313465784,-0.009933774834437087,0.7712535557083794,tested,0.8877210962255782
NQ,LOWER_k2,120,3,1277,923,0.7227877838684417,923,0.5308775731310943,0.46912242686890576,0.06175514626218852,0.020042607032246588,1.7076857306270536,1.6334618203600344,0.008211269155699065,0.5044150110375276,0.4955849889624724,0.7439293598233996,0.19205298013245034,385,389,109,23,774,0.4249448123620309,0.42935982339955847,0.12030905077262694,0.025386313465783666,-0.004415011037527594,0.9141374647564435,tested,0.9785374489092813
NQ,LOWER_k2,120,4,1277,923,0.7227877838684417,923,0.5308775731310943,0.46912242686890576,0.06175514626218852,-0.0602998777611193,1.9399992898716358,1.8885337652084697,0.019248564054424124,0.5110375275938189,0.488962472406181,0.7748344370860927,0.26048565121412803,388,397,109,12,785,0.4282560706401766,0.4381898454746137,0.12030905077262694,0.013245033112582781,-0.009933774834437087,0.7752577734258344,tested,0.8905322210040468
NQ,LOWER_k2,120,5,1277,923,0.7227877838684417,923,0.5308775731310943,0.46912242686890576,0.06175514626218852,-0.05288995951880515,2.122794640390884,2.0977806034165067,0.0314991999609294,0.5154525386313465,0.4845474613686534,0.7902869757174393,0.3068432671081678,389,398,109,10,787,0.42935982339955847,0.4392935982339956,0.12030905077262694,0.011037527593818985,-0.009933774834437087,0.7755358081677804,tested,0.8905322210040468
NQ,LOWER_k2,120,10,1277,923,0.7227877838684417,923,0.5308775731310943,0.46912242686890576,0.06175514626218852,-0.09609949075013062,2.8993565450955447,2.8558360536351346,0.00870448722495152,0.5022075055187638,0.4977924944812362,0.8344370860927153,0.4392935982339956,394,400,109,3,794,0.434878587196468,0.44150110375275936,0.12030905077262694,0.0033112582781456954,-0.006622516556291391,0.8591743441295512,tested,0.9429487132850404
NQ,LOWER_k2,120,15,1277,923,0.7227877838684417,923,0.5308775731310943,0.46912242686890576,0.06175514626218852,-0.28157905542528205,3.3585595430109247,3.4867969634651517,-0.04663664135347586,0.48233995584988965,0.5176600441501104,0.8587196467991169,0.5176600441501104,395,402,109,0,797,0.4359823399558499,0.44370860927152317,0.12030905077262694,0.0,-0.00772626931567329,0.8317094533012545,tested,0.9173882957767273
NQ,LOWER_k2,120,20,1277,923,0.7227877838684417,923,0.5308775731310943,0.46912242686890576,0.06175514626218852,-0.17759030661559444,3.863732817729429,3.8824501057088634,-0.019011164198256728,0.4922737306843267,0.5077262693156733,0.8664459161147903,0.5529801324503312,395,402,109,0,797,0.4359823399558499,0.44370860927152317,0.12030905077262694,0.0,-0.00772626931567329,0.8317094533012545,tested,0.9173882957767273
NQ,LOWER_k2,120,30,1277,923,0.7227877838684417,923,0.5308775731310943,0.46912242686890576,0.06175514626218852,-0.251603830065146,4.55212677373205,4.531843209716369,-0.03218746913478013,0.4867549668874172,0.5132450331125827,0.8863134657836644,0.6225165562913907,395,402,109,0,797,0.4359823399558499,0.44370860927152317,0.12030905077262694,0.0,-0.00772626931567329,0.8317094533012545,tested,0.9173882957767273
NQ,LOWER_k2,120,60,1277,923,0.7227877838684417,923,0.5308775731310943,0.46912242686890576,0.06175514626218852,-0.3661191407011675,5.836368647423347,5.792025600254949,-0.012028210501928538,0.49448123620309054,0.5055187637969095,0.9139072847682119,0.7019867549668874,395,402,109,0,797,0.4359823399558499,0.44370860927152317,0.12030905077262694,0.0,-0.00772626931567329,0.8317094533012545,tested,0.9173882957767273
NQ,LOWER_k2,120,120,1277,923,0.7227877838684417,923,0.5308775731310943,0.46912242686890576,0.06175514626218852,-0.8709600745884445,7.687855954053337,7.3988941130499875,-0.002540977284004552,0.4966887417218543,0.5033112582781457,0.9304635761589404,0.7770419426048565,395,402,109,0,797,0.4359823399558499,0.44370860927152317,0.12030905077262694,0.0,-0.00772626931567329,0.8317094533012545,tested,0.9173882957767273
NQ,LOWER_k3,1,1,1277,47,0.03680501174628034,47,0.7021276595744681,0.2978723404255319,0.40425531914893614,-0.14271031145701246,0.9527310266202007,2.8464738352233625,-0.3827358033085169,0.3617021276595745,0.6382978723404256,0.6595744680851063,0.0,11,22,12,2,33,0.23404255319148937,0.46808510638297873,0.2553191489361702,0.0425531914893617,-0.23404255319148937,0.08014331245794892,underpowered,0.21549646238692932
NQ,LOWER_k3,1,2,1277,47,0.03680501174628034,47,0.7021276595744681,0.2978723404255319,0.40425531914893614,-0.5877467966151277,1.9314950960968158,2.9230775534932034,-0.09008912125578963,0.46808510638297873,0.5319148936170213,0.723404255319149,0.10638297872340426,11,22,14,0,33,0.23404255319148937,0.46808510638297873,0.2978723404255319,0.0,-0.23404255319148937,0.08014331245794892,underpowered,0.21549646238692932
NQ,LOWER_k3,1,3,1277,47,0.03680501174628034,47,0.7021276595744681,0.2978723404255319,0.40425531914893614,-0.7797950355517644,2.60563400193406,3.591695752673318,-0.14156595343291492,0.46808510638297873,0.5319148936170213,0.7872340425531915,0.23404255319148937,11,22,14,0,33,0.23404255319148937,0.46808510638297873,0.2978723404255319,0.0,-0.23404255319148937,0.08014331245794892,underpowered,0.21549646238692932
NQ,LOWER_k3,1,4,1277,47,0.03680501174628034,47,0.7021276595744681,0.2978723404255319,0.40425531914893614,-0.7439768478286286,2.6816525550693324,4.256815666088195,-0.05481699763889787,0.46808510638297873,0.5319148936170213,0.8297872340425532,0.2553191489361702,11,22,14,0,33,0.23404255319148937,0.46808510638297873,0.2978723404255319,0.0,-0.23404255319148937,0.08014331245794892,underpowered,0.21549646238692932
NQ,LOWER_k3,1,5,1277,47,0.03680501174628034,47,0.7021276595744681,0.2978723404255319,0.40425531914893614,-0.5344331619657644,3.2244155246778776,4.256815666088195,0.03430176451684021,0.5106382978723404,0.48936170212765956,0.8297872340425532,0.2978723404255319,11,22,14,0,33,0.23404255319148937,0.46808510638297873,0.2978723404255319,0.0,-0.23404255319148937,0.08014331245794892,underpowered,0.21549646238692932
NQ,LOWER_k3,1,10,1277,47,0.03680501174628034,47,0.7021276595744681,0.2978723404255319,0.40425531914893614,1.0760134530256211,5.127861591037767,5.172696578509327,-0.00322971320418813,0.48936170212765956,0.5106382978723404,0.851063829787234,0.3829787234042553,11,22,14,0,33,0.23404255319148937,0.46808510638297873,0.2978723404255319,0.0,-0.23404255319148937,0.08014331245794892,underpowered,0.21549646238692932
NQ,LOWER_k3,1,15,1277,47,0.03680501174628034,47,0.7021276595744681,0.2978723404255319,0.40425531914893614,3.829214493180132,6.712537896072416,6.101249493421571,0.1482475342750969,0.574468085106383,0.425531914893617,0.8723404255319149,0.40425531914893614,11,22,14,0,33,0.23404255319148937,0.46808510638297873,0.2978723404255319,0.0,-0.23404255319148937,0.08014331245794892,underpowered,0.21549646238692932
NQ,LOWER_k3,1,20,1277,47,0.03680501174628034,47,0.7021276595744681,0.2978723404255319,0.40425531914893614,2.7496611516979046,7.323160497301055,7.02440117532943,0.20354540743567517,0.5531914893617021,0.44680851063829785,0.8723404255319149,0.46808510638297873,11,22,14,0,33,0.23404255319148937,0.46808510638297873,0.2978723404255319,0.0,-0.23404255319148937,0.08014331245794892,underpowered,0.21549646238692932
NQ,LOWER_k3,1,30,1277,47,0.03680501174628034,47,0.7021276595744681,0.2978723404255319,0.40425531914893614,1.543776817692561,9.479523014849537,7.416967849417707,0.28138638342679106,0.574468085106383,0.425531914893617,0.8723404255319149,0.574468085106383,11,22,14,0,33,0.23404255319148937,0.46808510638297873,0.2978723404255319,0.0,-0.23404255319148937,0.08014331245794892,underpowered,0.21549646238692932
NQ,LOWER_k3,1,60,1277,47,0.03680501174628034,47,0.7021276595744681,0.2978723404255319,0.40425531914893614,1.50695889062785,10.90259391455926,8.051410082041999,0.20354540743567517,0.6170212765957447,0.3829787234042553,0.9148936170212766,0.6382978723404256,11,22,14,0,33,0.23404255319148937,0.46808510638297873,0.2978723404255319,0.0,-0.23404255319148937,0.08014331245794892,underpowered,0.21549646238692932
NQ,LOWER_k3,1,120,1277,47,0.03680501174628034,47,0.7021276595744681,0.2978723404255319,0.40425531914893614,2.242537167198352,13.2267890531135,9.461218887008945,0.23958276564723677,0.6170212765957447,0.3829787234042553,0.9148936170212766,0.7021276595744681,11,22,14,0,33,0.23404255319148937,0.46808510638297873,0.2978723404255319,0.0,-0.23404255319148937,0.08014331245794892,underpowered,0.21549646238692932
NQ,LOWER_k3,2,1,1277,107,0.08379013312451057,107,0.5794392523364486,0.4205607476635514,0.1588785046728972,0.10214528935460518,1.2145403586102888,1.57186543164761,-0.11641885711403367,0.42990654205607476,0.5700934579439252,0.6355140186915887,0.0,35,41,25,6,76,0.32710280373831774,0.38317757009345793,0.2336448598130841,0.056074766355140186,-0.056074766355140186,0.566573442398685,tested,0.7644439119813407
NQ,LOWER_k3,2,2,1277,107,0.08379013312451057,107,0.5794392523364486,0.4205607476635514,0.1588785046728972,0.1138625274357673,1.9193050691371645,2.1421412184204955,0.017763712368682284,0.5233644859813084,0.4766355140186916,0.7570093457943925,0.11214953271028037,38,42,27,0,80,0.35514018691588783,0.3925233644859813,0.2523364485981308,0.0,-0.037383177570093455,0.7375543089843226,tested,0.8622615592956815
NQ,LOWER_k3,2,3,1277,107,0.08379013312451057,107,0.5794392523364486,0.4205607476635514,0.1588785046728972,0.22899323165964391,2.52771802926013,2.5683799453691982,0.0005704226228632189,0.5046728971962616,0.4953271028037383,0.794392523364486,0.2336448598130841,38,42,27,0,80,0.35514018691588783,0.3925233644859813,0.2523364485981308,0.0,-0.037383177570093455,0.7375543089843226,tested,0.8622615592956815
NQ,LOWER_k3,2,4,1277,107,0.08379013312451057,107,0.5794392523364486,0.4205607476635514,0.1588785046728972,0.18599540108408072,2.9447294480643205,3.1025393066835827,0.04393473564656836,0.514018691588785,0.48598130841121495,0.8317757009345794,0.308411214953271,38,42,27,0,80,0.35514018691588783,0.3925233644859813,0.2523364485981308,0.0,-0.037383177570093455,0.7375543089843226,tested,0.8622615592956815
NQ,LOWER_k3,2,5,1277,107,0.08379013312451057,107,0.5794392523364486,0.4205607476635514,0.1588785046728972,0.6825284024714567,3.4434329200855203,3.2919223811851053,0.03964422603025719,0.5233644859813084,0.4766355140186916,0.8504672897196262,0.35514018691588783,38,42,27,0,80,0.35514018691588783,0.3925233644859813,0.2523364485981308,0.0,-0.037383177570093455,0.7375543089843226,tested,0.8622615592956815
NQ,LOWER_k3,2,10,1277,107,0.08379013312451057,107,0.5794392523364486,0.4205607476635514,0.1588785046728972,0.5444858270971638,4.5113504084599505,4.381286682552665,0.10415034427500615,0.5327102803738317,0.4672897196261682,0.8785046728971962,0.4672897196261682,38,42,27,0,80,0.35514018691588783,0.3925233644859813,0.2523364485981308,0.0,-0.037383177570093455,0.7375543089843226,tested,0.8622615592956815
NQ,LOWER_k3,2,15,1277,107,0.08379013312451057,107,0.5794392523364486,0.4205607476635514,0.1588785046728972,0.6108852081582261,5.314541045490535,4.9141441192266155,0.12071953137665331,0.5327102803738317,0.4672897196261682,0.9065420560747663,0.5327102803738317,38,42,27,0,80,0.35514018691588783,0.3925233644859813,0.2523364485981308,0.0,-0.037383177570093455,0.7375543089843226,tested,0.8622615592956815
NQ,LOWER_k3,2,20,1277,107,0.08379013312451057,107,0.5794392523364486,0.4205607476635514,0.1588785046728972,1.1338369095715128,6.200808985049381,5.697674038215317,0.09039538432496826,0.514018691588785,0.48598130841121495,0.9065420560747663,0.5794392523364486,38,42,27,0,80,0.35514018691588783,0.3925233644859813,0.2523364485981308,0.0,-0.037383177570093455,0.7375543089843226,tested,0.8622615592956815
NQ,LOWER_k3,2,30,1277,107,0.08379013312451057,107,0.5794392523364486,0.4205607476635514,0.1588785046728972,1.1420745163509953,7.323160497301055,6.5782715759261094,0.17763259973395784,0.5327102803738317,0.4672897196261682,0.9158878504672897,0.6448598130841121,38,42,27,0,80,0.35514018691588783,0.3925233644859813,0.2523364485981308,0.0,-0.037383177570093455,0.7375543089843226,tested,0.8622615592956815
NQ,LOWER_k3,2,60,1277,107,0.08379013312451057,107,0.5794392523364486,0.4205607476635514,0.1588785046728972,0.6767282886569128,10.796142454248256,7.5557688060966575,0.20017466891006414,0.5887850467289719,0.411214953271028,0.9345794392523364,0.7009345794392523,38,42,27,0,80,0.35514018691588783,0.3925233644859813,0.2523364485981308,0.0,-0.037383177570093455,0.7375543089843226,tested,0.8622615592956815
NQ,LOWER_k3,2,120,1277,107,0.08379013312451057,107,0.5794392523364486,0.4205607476635514,0.1588785046728972,2.444656282010339,12.28528883691468,9.232156635231279,0.19140998269367346,0.5607476635514018,0.4392523364485981,0.9439252336448598,0.7757009345794392,38,42,27,0,80,0.35514018691588783,0.3925233644859813,0.2523364485981308,0.0,-0.037383177570093455,0.7375543089843226,tested,0.8622615592956815
NQ,LOWER_k3,3,1,1277,196,0.1534847298355521,196,0.5663265306122449,0.4336734693877551,0.1326530612244898,0.05553733331546364,1.1506636520844844,1.5395813075998959,-0.11641885711403367,0.441025641025641,0.558974358974359,0.5743589743589743,0.0,69,81,35,10,150,0.35384615384615387,0.4153846153846154,0.1794871794871795,0.05128205128205128,-0.06153846153846154,0.369161469661788,tested,0.5906583514588607
NQ,LOWER_k3,3,2,1277,196,0.1534847298355521,196,0.5663265306122449,0.4336734693877551,0.1326530612244898,0.1138625274357673,1.6924421531584062,1.8151262121006713,0.016020972990028248,0.5076923076923077,0.49230769230769234,0.7076923076923077,0.10256410256410256,73,84,38,0,157,0.37435897435897436,0.4307692307692308,0.19487179487179487,0.0,-0.05641025641025641,0.4249115601338558,tested,0.6318193397996504
NQ,LOWER_k3,3,3,1277,196,0.1534847298355521,196,0.5663265306122449,0.4336734693877551,0.1326530612244898,-0.14630213564423042,2.444782817757635,2.4388298368214234,-0.008264462809917352,0.49230769230769234,0.5076923076923077,0.7487179487179487,0.2358974358974359,73,84,38,0,157,0.37435897435897436,0.4307692307692308,0.19487179487179487,0.0,-0.05641025641025641,0.4249115601338558,tested,0.6318193397996504
NQ,LOWER_k3,3,4,1277,196,0.1534847298355521,196,0.5663265306122449,0.4336734693877551,0.1326530612244898,-0.213323749409732,2.8916299939454735,2.7695040808087628,-0.006344927900442121,0.49743589743589745,0.5025641025641026,0.7743589743589744,0.31794871794871793,73,84,38,0,157,0.37435897435897436,0.4307692307692308,0.19487179487179487,0.0,-0.05641025641025641,0.4249115601338558,tested,0.6318193397996504
NQ,LOWER_k3,3,5,1277,196,0.1534847298355521,196,0.5663265306122449,0.4336734693877551,0.1326530612244898,-0.27414383164065237,3.2340385836132755,3.046346211931289,0.0029362121209290442,0.5025641025641026,0.49743589743589745,0.8051282051282052,0.36923076923076925,73,84,38,0,157,0.37435897435897436,0.4307692307692308,0.19487179487179487,0.0,-0.05641025641025641,0.4249115601338558,tested,0.6318193397996504
NQ,LOWER_k3,3,10,1277,196,0.1534847298355521,196,0.5663265306122449,0.4336734693877551,0.1326530612244898,0.14936489508185471,3.9765955029236477,4.164271972482337,0.03867973630091729,0.5230769230769231,0.47692307692307695,0.8358974358974359,0.48205128205128206,73,84,38,0,157,0.37435897435897436,0.4307692307692308,0.19487179487179487,0.0,-0.05641025641025641,0.4249115601338558,tested,0.6318193397996504
NQ,LOWER_k3,3,15,1277,196,0.1534847298355521,196,0.5663265306122449,0.4336734693877551,0.1326530612244898,-0.11736194709115062,4.8760393925274395,4.614065221599151,0.02413007544026652,0.5076923076923077,0.49230769230769234,0.8666666666666667,0.5333333333333333,73,84,38,0,157,0.37435897435897436,0.4307692307692308,0.19487179487179487,0.0,-0.05641025641025641,0.4249115601338558,tested,0.6318193397996504
NQ,LOWER_k3,3,20,1277,196,0.1534847298355521,196,0.5663265306122449,0.4336734693877551,0.1326530612244898,0.08984759212689564,5.791528224354949,5.172696578509327,-0.00847457115736037,0.49743589743589745,0.5025641025641026,0.8769230769230769,0.5897435897435898,73,84,38,0,157,0.37435897435897436,0.4307692307692308,0.19487179487179487,0.0,-0.05641025641025641,0.4249115601338558,tested,0.6318193397996504
NQ,LOWER_k3,3,30,1277,196,0.1534847298355521,196,0.5663265306122449,0.4336734693877551,0.1326530612244898,0.5920120704032069,6.276505089264417,6.4546783596688275,0.058901593270341196,0.5076923076923077,0.49230769230769234,0.8923076923076924,0.6564102564102564,73,84,38,0,157,0.37435897435897436,0.4307692307692308,0.19487179487179487,0.0,-0.05641025641025641,0.4249115601338558,tested,0.6318193397996504
NQ,LOWER_k3,3,60,1277,196,0.1534847298355521,196,0.5663265306122449,0.4336734693877551,0.1326530612244898,-0.12303079968449855,9.416945141140202,7.384351213436905,0.061488797251671626,0.5282051282051282,0.4717948717948718,0.9128205128205128,0.7025641025641025,73,84,38,0,157,0.37435897435897436,0.4307692307692308,0.19487179487179487,0.0,-0.05641025641025641,0.4249115601338558,tested,0.6318193397996504
NQ,LOWER_k3,3,120,1277,196,0.1534847298355521,196,0.5663265306122449,0.4336734693877551,0.1326530612244898,0.4485887179447918,10.577065745241946,9.046254204150422,0.07906505553817746,0.5230769230769231,0.47692307692307695,0.9282051282051282,0.7846153846153846,73,84,38,0,157,0.37435897435897436,0.4307692307692308,0.19487179487179487,0.0,-0.05641025641025641,0.4249115601338558,tested,0.6318193397996504
NQ,LOWER_k3,4,1,1277,251,0.19655442443226312,251,0.5577689243027888,0.44223107569721115,0.11553784860557768,0.05310843587148998,1.094070584368006,1.4796845164636447,-0.12795071337556385,0.43373493975903615,0.5662650602409639,0.5943775100401606,0.0,85,107,44,13,192,0.3413654618473896,0.42971887550200805,0.17670682730923695,0.05220883534136546,-0.08835341365461848,0.12941893151575837,tested,0.3100928854139953
NQ,LOWER_k3,4,2,1277,251,0.19655442443226312,251,0.5577689243027888,0.44223107569721115,0.11553784860557768,0.23284862906899964,1.6678136952136977,1.7731526583089199,0.0014804041526268192,0.5020080321285141,0.4979919678714859,0.714859437751004,0.08835341365461848,91,111,47,0,202,0.3654618473895582,0.4457831325301205,0.18875502008032127,0.0,-0.08032128514056225,0.18113533179871258,tested,0.3678879426845644
NQ,LOWER_k3,4,3,1277,251,0.19655442443226312,251,0.5577689243027888,0.44223107569721115,0.11553784860557768,0.2787805411416808,2.329209760535796,2.2707139583526925,0.046219501333880184,0.5140562248995983,0.4859437751004016,0.7469879518072289,0.20080321285140562,91,111,47,0,202,0.3654618473895582,0.4457831325301205,0.18875502008032127,0.0,-0.08032128514056225,0.18113533179871258,tested,0.3678879426845644
NQ,LOWER_k3,4,4,1277,251,0.19655442443226312,251,0.5577689243027888,0.44223107569721115,0.11553784860557768,0.18599540108408072,2.701848527387029,2.6096464869991483,0.05998842595727189,0.5180722891566265,0.4819277108433735,0.7710843373493976,0.285140562248996,91,111,47,0,202,0.3654618473895582,0.4457831325301205,0.18875502008032127,0.0,-0.08032128514056225,0.18113533179871258,tested,0.3678879426845644
NQ,LOWER_k3,4,5,1277,251,0.19655442443226312,251,0.5577689243027888,0.44223107569721115,0.11553784860557768,0.3092820561212976,3.2285370607838004,2.702940877835797,0.05664006298301353,0.5261044176706827,0.4738955823293173,0.7991967871485943,0.3413654618473896,91,111,47,0,202,0.3654618473895582,0.4457831325301205,0.18875502008032127,0.0,-0.08032128514056225,0.18113533179871258,tested,0.3678879426845644
NQ,LOWER_k3,4,10,1277,251,0.19655442443226312,251,0.5577689243027888,0.44223107569721115,0.11553784860557768,0.592353259179099,3.9984880911915415,3.591695752673318,0.10333077858975649,0.5381526104417671,0.46184738955823296,0.8393574297188755,0.46184738955823296,91,111,47,0,202,0.3654618473895582,0.4457831325301205,0.18875502008032127,0.0,-0.08032128514056225,0.18113533179871258,tested,0.3678879426845644
NQ,LOWER_k3,4,15,1277,251,0.19655442443226312,251,0.5577689243027888,0.44223107569721115,0.11553784860557768,0.1635500955955553,4.8760393925274395,4.3665142496367,0.12969559142800274,0.5341365461847389,0.46586345381526106,0.8674698795180723,0.5301204819277109,91,111,47,0,202,0.3654618473895582,0.4457831325301205,0.18875502008032127,0.0,-0.08032128514056225,0.18113533179871258,tested,0.3678879426845644
NQ,LOWER_k3,4,20,1277,251,0.19655442443226312,251,0.5577689243027888,0.44223107569721115,0.11553784860557768,0.5012196658753956,5.623785384359544,4.9141441192266155,0.09039538432496826,0.5261044176706827,0.4738955823293173,0.8795180722891566,0.5823293172690763,91,111,47,0,202,0.3654618473895582,0.4457831325301205,0.18875502008032127,0.0,-0.08032128514056225,0.18113533179871258,tested,0.3678879426845644
NQ,LOWER_k3,4,30,1277,251,0.19655442443226312,251,0.5577689243027888,0.44223107569721115,0.11553784860557768,0.6313809681658271,6.331445707967802,5.821023689245795,0.1485739956406871,0.5341365461847389,0.46586345381526106,0.891566265060241,0.6546184738955824,91,111,47,0,202,0.3654618473895582,0.4457831325301205,0.18875502008032127,0.0,-0.08032128514056225,0.18113533179871258,tested,0.3678879426845644
NQ,LOWER_k3,4,60,1277,251,0.19655442443226312,251,0.5577689243027888,0.44223107569721115,0.11553784860557768,0.4231010023027972,9.037706557124281,7.073644709636586,0.09986286743408573,0.5461847389558233,0.4538152610441767,0.9236947791164659,0.7188755020080321,91,111,47,0,202,0.3654618473895582,0.4457831325301205,0.18875502008032127,0.0,-0.08032128514056225,0.18113533179871258,tested,0.3678879426845644
NQ,LOWER_k3,4,120,1277,251,0.19655442443226312,251,0.5577689243027888,0.44223107569721115,0.11553784860557768,0.4991693366443959,10.322057522262616,8.80536155712962,0.10488229898304817,0.5341365461847389,0.46586345381526106,0.9357429718875502,0.7991967871485943,91,111,47,0,202,0.3654618473895582,0.4457831325301205,0.18875502008032127,0.0,-0.08032128514056225,0.18113533179871258,tested,0.3678879426845644
NQ,LOWER_k3,5,1,1277,302,0.2364917776037588,302,0.5364238410596026,0.46357615894039733,0.0728476821192053,0.046090994709533664,1.2019348820694877,1.4127584131357258,-0.08063813382842436,0.4633333333333333,0.5366666666666666,0.6166666666666667,0.0,106,123,56,15,229,0.35333333333333333,0.41,0.18666666666666668,0.05,-0.056666666666666664,0.2903504959901081,tested,0.5013783331353299
NQ,LOWER_k3,5,2,1277,302,0.2364917776037588,302,0.5364238410596026,0.46357615894039733,0.0728476821192053,0.18641902362007595,1.6852471110755292,1.7144750223905212,0.008750688571327533,0.5033333333333333,0.49666666666666665,0.7266666666666667,0.09666666666666666,113,127,59,1,240,0.37666666666666665,0.42333333333333334,0.19666666666666666,0.0033333333333333335,-0.04666666666666667,0.4014364945979933,tested,0.6266648255167606
NQ,LOWER_k3,5,3,1277,302,0.2364917776037588,302,0.5364238410596026,0.46357615894039733,0.0728476821192053,0.2614138323610956,2.1912398574543674,2.143415974683867,0.046239134438842304,0.5166666666666667,0.48333333333333334,0.7533333333333333,0.19333333333333333,113,127,59,1,240,0.37666666666666665,0.42333333333333334,0.19666666666666666,0.0033333333333333335,-0.04666666666666667,0.4014364945979933,tested,0.6266648255167606
NQ,LOWER_k3,5,4,1277,302,0.2364917776037588,302,0.5364238410596026,0.46357615894039733,0.0728476821192053,0.00226329341199759,2.559510840201164,2.566678476038224,0.035322380825736355,0.5066666666666667,0.49333333333333335,0.7766666666666666,0.28,113,127,59,1,240,0.37666666666666665,0.42333333333333334,0.19666666666666666,0.0033333333333333335,-0.04666666666666667,0.4014364945979933,tested,0.6266648255167606
NQ,LOWER_k3,5,5,1277,302,0.2364917776037588,302,0.5364238410596026,0.46357615894039733,0.0728476821192053,0.0345816417905141,2.738037822308313,2.6771911033423472,0.03701676826251413,0.5133333333333333,0.4866666666666667,0.8,0.33666666666666667,113,128,59,0,241,0.37666666666666665,0.4266666666666667,0.19666666666666666,0.0,-0.05,0.3671847629664617,tested,0.588468295615124
NQ,LOWER_k3,5,10,1277,302,0.2364917776037588,302,0.5364238410596026,0.46357615894039733,0.0728476821192053,0.37739465312804565,3.7541411767255313,3.5261106618628,0.05797252589849966,0.5233333333333333,0.4766666666666667,0.84,0.47333333333333333,113,128,59,0,241,0.37666666666666665,0.4266666666666667,0.19666666666666666,0.0,-0.05,0.3671847629664617,tested,0.588468295615124
NQ,LOWER_k3,5,15,1277,302,0.2364917776037588,302,0.5364238410596026,0.46357615894039733,0.0728476821192053,-0.1911966782528172,4.447114403634782,4.368079284010422,0.04574929707345383,0.5133333333333333,0.4866666666666667,0.8633333333333333,0.5466666666666666,113,128,59,0,241,0.37666666666666665,0.4266666666666667,0.19666666666666666,0.0,-0.05,0.3671847629664617,tested,0.588468295615124
NQ,LOWER_k3,5,20,1277,302,0.2364917776037588,302,0.5364238410596026,0.46357615894039733,0.0728476821192053,0.3285479509979736,5.049601184324191,4.900322694808992,0.04054973896405037,0.51,0.49,0.8766666666666667,0.5933333333333334,113,128,59,0,241,0.37666666666666665,0.4266666666666667,0.19666666666666666,0.0,-0.05,0.3671847629664617,tested,0.588468295615124
NQ,LOWER_k3,5,30,1277,302,0.2364917776037588,302,0.5364238410596026,0.46357615894039733,0.0728476821192053,0.35831112444791086,6.114388053476059,5.626443074297803,0.06741513279814428,0.52,0.48,0.8866666666666667,0.6533333333333333,113,128,59,0,241,0.37666666666666665,0.4266666666666667,0.19666666666666666,0.0,-0.05,0.3671847629664617,tested,0.588468295615124
NQ,LOWER_k3,5,60,1277,302,0.2364917776037588,302,0.5364238410596026,0.46357615894039733,0.0728476821192053,0.5766239589126171,7.685597015247546,7.006911134276286,0.07564544512245208,0.54,0.46,0.92,0.72,113,128,59,0,241,0.37666666666666665,0.4266666666666667,0.19666666666666666,0.0,-0.05,0.3671847629664617,tested,0.588468295615124
NQ,LOWER_k3,5,120,1277,302,0.2364917776037588,302,0.5364238410596026,0.46357615894039733,0.0728476821192053,0.5500705145721215,10.079098078099245,8.705921728202469,0.08107410697176948,0.53,0.47,0.9366666666666666,0.7933333333333333,113,128,59,0,241,0.37666666666666665,0.4266666666666667,0.19666666666666666,0.0,-0.05,0.3671847629664617,tested,0.588468295615124
NQ,LOWER_k3,10,1,1277,461,0.3610023492560689,461,0.5227765726681128,0.4772234273318872,0.0455531453362256,0.0621401877831277,1.0774315301101498,1.229626865513237,-0.07731649304964175,0.474835886214442,0.5251641137855579,0.6301969365426696,0.0,169,177,70,41,346,0.36980306345733044,0.387308533916849,0.15317286652078774,0.08971553610503283,-0.0175054704595186,0.706735394873317,tested,0.8433843290636898
NQ,LOWER_k3,10,2,1277,461,0.3610023492560689,461,0.5227765726681128,0.4772234273318872,0.0455531453362256,0.2618804762929676,1.583786244288208,1.4940036784407527,0.016020972990028248,0.5076586433260394,0.4923413566739606,0.7286652078774617,0.08533916849015317,184,189,73,11,373,0.4026258205689278,0.4135667396061269,0.15973741794310722,0.024070021881838075,-0.010940919037199124,0.8359569990494913,tested,0.9205988339930689
NQ,LOWER_k3,10,3,1277,461,0.3610023492560689,461,0.5227765726681128,0.4772234273318872,0.0455531453362256,0.12420272012403223,2.012590782291396,1.8761598359237013,0.054169769233272665,0.5164113785557987,0.48358862144420134,0.7614879649890591,0.19912472647702406,188,189,74,6,377,0.4113785557986871,0.4135667396061269,0.16192560175054704,0.01312910284463895,-0.002188183807439825,1.0,tested,1.0
NQ,LOWER_k3,10,4,1277,461,0.3610023492560689,461,0.5227765726681128,0.4772234273318872,0.0455531453362256,0.12374467135543504,2.358596547793454,2.1682495497706524,0.04676719665293368,0.5185995623632386,0.4814004376367615,0.7899343544857768,0.27571115973741794,189,191,74,3,380,0.4135667396061269,0.4179431072210066,0.16192560175054704,0.006564551422319475,-0.00437636761487965,0.9590963048063914,tested,0.9972025905045103
NQ,LOWER_k3,10,5,1277,461,0.3610023492560689,461,0.5227765726681128,0.4772234273318872,0.0455531453362256,0.16690801925771873,2.582620624519705,2.4388298368214234,0.03964422603025719,0.5185995623632386,0.4814004376367615,0.8183807439824945,0.3479212253829322,191,192,74,0,383,0.4179431072210066,0.4201312910284464,0.16192560175054704,0.0,-0.002188183807439825,1.0,tested,1.0
NQ,LOWER_k3,10,10,1277,461,0.3610023492560689,461,0.5227765726681128,0.4772234273318872,0.0455531453362256,0.06039233990614466,3.5060781528813747,3.281923800377522,0.051987956288791035,0.5185995623632386,0.4814004376367615,0.8555798687089715,0.49015317286652077,191,192,74,0,383,0.4179431072210066,0.4201312910284464,0.16192560175054704,0.0,-0.002188183807439825,1.0,tested,1.0
NQ,LOWER_k3,10,15,1277,461,0.3610023492560689,461,0.5227765726681128,0.4772234273318872,0.0455531453362256,0.2815271245253791,4.119583954453627,3.9679369542239598,0.045536128575542824,0.5142231947483589,0.48577680525164113,0.87527352297593,0.5536105032822757,191,192,74,0,383,0.4179431072210066,0.4201312910284464,0.16192560175054704,0.0,-0.002188183807439825,1.0,tested,1.0
NQ,LOWER_k3,10,20,1277,461,0.3610023492560689,461,0.5227765726681128,0.4772234273318872,0.0455531453362256,-0.2864646056698737,4.602882187756129,4.2670253821679704,0.035563349352557914,0.5098468271334792,0.49015317286652077,0.8905908096280087,0.6061269146608315,191,192,74,0,383,0.4179431072210066,0.4201312910284464,0.16192560175054704,0.0,-0.002188183807439825,1.0,tested,1.0
NQ,LOWER_k3,10,30,1277,461,0.3610023492560689,461,0.5227765726681128,0.4772234273318872,0.0455531453362256,-0.2300100216323326,5.401925094321918,5.234224194548205,0.01003768891453529,0.5010940919037199,0.4989059080962801,0.9015317286652079,0.6608315098468271,191,192,74,0,383,0.4179431072210066,0.4201312910284464,0.16192560175054704,0.0,-0.002188183807439825,1.0,tested,1.0
NQ,LOWER_k3,10,60,1277,461,0.3610023492560689,461,0.5227765726681128,0.4772234273318872,0.0455531453362256,-0.15432911929961318,7.174083156978045,6.9300935775538965,0.03872848207841205,0.5142231947483589,0.48577680525164113,0.9321663019693655,0.7264770240700219,191,192,74,0,383,0.4179431072210066,0.4201312910284464,0.16192560175054704,0.0,-0.002188183807439825,1.0,tested,1.0
NQ,LOWER_k3,10,120,1277,461,0.3610023492560689,461,0.5227765726681128,0.4772234273318872,0.0455531453362256,0.00842505659087162,9.242462011629474,8.655774830529305,0.015422039138407886,0.5120350109409191,0.487964989059081,0.9431072210065645,0.7899343544857768,191,192,74,0,383,0.4179431072210066,0.4201312910284464,0.16192560175054704,0.0,-0.002188183807439825,1.0,tested,1.0
NQ,LOWER_k3,15,1,1277,520,0.4072043852779953,520,0.5269230769230769,0.47307692307692306,0.05384615384615385,0.03950073274645012,1.012378072990486,1.1342922720796915,-0.08059444056162915,0.4678362573099415,0.5321637426900585,0.6335282651072125,0.0,185,200,73,55,385,0.36062378167641324,0.3898635477582846,0.14230019493177387,0.10721247563352826,-0.029239766081871343,0.4755799184334671,tested,0.6633449006391876
NQ,LOWER_k3,15,2,1277,520,0.4072043852779953,520,0.5269230769230769,0.47307692307692306,0.05384615384615385,0.2035682362416328,1.493069847716021,1.4749609802979642,-0.011814092420224515,0.49707602339181284,0.5029239766081871,0.7270955165692008,0.08576998050682261,205,217,76,15,422,0.3996101364522417,0.42300194931773877,0.14814814814814814,0.029239766081871343,-0.023391812865497075,0.592376170432035,tested,0.7645601773042799
NQ,LOWER_k3,15,3,1277,520,0.4072043852779953,520,0.5269230769230769,0.47307692307692306,0.05384615384615385,0.061914696382810004,1.9171587434112793,1.8526763585154513,0.03997725833881297,0.5087719298245614,0.49122807017543857,0.7621832358674464,0.1949317738791423,209,219,77,8,428,0.4074074074074074,0.4269005847953216,0.15009746588693956,0.015594541910331383,-0.01949317738791423,0.6635896764465405,tested,0.8255704532055905
NQ,LOWER_k3,15,4,1277,520,0.4072043852779953,520,0.5269230769230769,0.47307692307692306,0.05384615384615385,0.1577430817128044,2.241989486118984,2.1526472895840634,0.03430176451684021,0.5146198830409356,0.4853801169590643,0.7894736842105263,0.2651072124756335,211,221,77,4,432,0.41130604288499023,0.43079922027290446,0.15009746588693956,0.007797270955165692,-0.01949317738791423,0.665055051454069,tested,0.8255704532055905
NQ,LOWER_k3,15,5,1277,520,0.4072043852779953,520,0.5269230769230769,0.47307692307692306,0.05384615384615385,0.08386698333444988,2.4082495845487855,2.3682852558984013,0.03227763801374174,0.5126705653021443,0.4873294346978557,0.8187134502923976,0.3313840155945419,213,223,77,0,436,0.4152046783625731,0.4346978557504873,0.15009746588693956,0.0,-0.01949317738791423,0.6665014716262782,tested,0.8255704532055905
NQ,LOWER_k3,15,10,1277,520,0.4072043852779953,520,0.5269230769230769,0.47307692307692306,0.05384615384615385,0.03480639149992798,3.3888272058395845,3.1111861352894605,0.031268307125217325,0.5126705653021443,0.4873294346978557,0.8596491228070176,0.48148148148148145,213,223,77,0,436,0.4152046783625731,0.4346978557504873,0.15009746588693956,0.0,-0.01949317738791423,0.6665014716262782,tested,0.8255704532055905
NQ,LOWER_k3,15,15,1277,520,0.4072043852779953,520,0.5269230769230769,0.47307692307692306,0.05384615384615385,0.2815271245253791,3.995597253955482,3.8897917302987555,0.03731376009811056,0.5146198830409356,0.4853801169590643,0.8791423001949318,0.543859649122807,213,223,77,0,436,0.4152046783625731,0.4346978557504873,0.15009746588693956,0.0,-0.01949317738791423,0.6665014716262782,tested,0.8255704532055905
NQ,LOWER_k3,15,20,1277,520,0.4072043852779953,520,0.5269230769230769,0.47307692307692306,0.05384615384615385,-0.27734905144007965,4.52259338472766,4.193616634598648,0.045536128575542824,0.5107212475633528,0.48927875243664715,0.8927875243664717,0.594541910331384,213,223,77,0,436,0.4152046783625731,0.4346978557504873,0.15009746588693956,0.0,-0.01949317738791423,0.6665014716262782,tested,0.8255704532055905
NQ,LOWER_k3,15,30,1277,520,0.4072043852779953,520,0.5269230769230769,0.47307692307692306,0.05384615384615385,-0.21595099343226432,5.227155532397739,5.079352079634069,0.01003768891453529,0.5009746588693957,0.49902534113060426,0.9064327485380117,0.6510721247563352,213,223,77,0,436,0.4152046783625731,0.4346978557504873,0.15009746588693956,0.0,-0.01949317738791423,0.6665014716262782,tested,0.8255704532055905
NQ,LOWER_k3,15,60,1277,520,0.4072043852779953,520,0.5269230769230769,0.47307692307692306,0.05384615384615385,-0.15432911929961318,6.993556963723726,6.730894679023481,0.032604898584894716,0.5146198830409356,0.4853801169590643,0.9337231968810916,0.7173489278752436,213,223,77,0,436,0.4152046783625731,0.4346978557504873,0.15009746588693956,0.0,-0.01949317738791423,0.6665014716262782,tested,0.8255704532055905
NQ,LOWER_k3,15,120,1277,520,0.4072043852779953,520,0.5269230769230769,0.47307692307692306,0.05384615384615385,0.11282831953093032,9.048432823460244,8.450602955197539,0.015422039138407886,0.5107212475633528,0.48927875243664715,0.9434697855750487,0.7855750487329435,213,223,77,0,436,0.4152046783625731,0.4346978557504873,0.15009746588693956,0.0,-0.01949317738791423,0.6665014716262782,tested,0.8255704532055905
NQ,LOWER_k3,20,1,1277,579,0.4534064212999217,579,0.5164075993091537,0.4835924006908463,0.03281519861830743,0.03928714314701373,1.0004931225815128,1.0650150754463685,-0.057410328983831846,0.47719298245614034,0.5228070175438596,0.6456140350877193,0.0,208,216,78,68,424,0.3649122807017544,0.37894736842105264,0.1368421052631579,0.11929824561403508,-0.014035087719298246,0.733938816891577,tested,0.8622615592956815
NQ,LOWER_k3,20,2,1277,579,0.4534064212999217,579,0.5164075993091537,0.4835924006908463,0.03281519861830743,0.21782132536634347,1.4659460950526637,1.4162479907583567,0.012491961754884724,0.5070175438596491,0.49298245614035086,0.7368421052631579,0.08421052631578947,233,235,81,21,468,0.4087719298245614,0.41228070175438597,0.14210526315789473,0.03684210526315789,-0.0035087719298245615,0.9631374698977204,tested,0.9972025905045103
NQ,LOWER_k3,20,3,1277,579,0.4534064212999217,579,0.5164075993091537,0.4835924006908463,0.03281519861830743,0.11951427342764935,1.9159900697826482,1.6930971578806862,0.0647649156891848,0.5245614035087719,0.47543859649122805,0.7719298245614035,0.19824561403508772,240,238,82,10,478,0.42105263157894735,0.41754385964912283,0.14385964912280702,0.017543859649122806,0.0035087719298245615,0.9635246916568454,tested,0.9972025905045103
NQ,LOWER_k3,20,4,1277,579,0.4534064212999217,579,0.5164075993091537,0.4835924006908463,0.03281519861830743,0.07176136765614148,2.174033830697669,1.9993815237831156,0.0522105368471867,0.5263157894736842,0.47368421052631576,0.7982456140350878,0.2789473684210526,242,241,82,5,483,0.4245614035087719,0.42280701754385963,0.14385964912280702,0.008771929824561403,0.0017543859649122807,1.0,tested,1.0
NQ,LOWER_k3,20,5,1277,579,0.4534064212999217,579,0.5164075993091537,0.4835924006908463,0.03281519861830743,0.1776088054120649,2.3236261753860115,2.187110443364476,0.045093358818876425,0.5245614035087719,0.47543859649122805,0.8280701754385965,0.34035087719298246,245,243,82,0,488,0.4298245614035088,0.4263157894736842,0.14385964912280702,0.0,0.0035087719298245615,0.9638999616130964,tested,0.9972025905045103
NQ,LOWER_k3,20,10,1277,579,0.4534064212999217,579,0.5164075993091537,0.4835924006908463,0.03281519861830743,0.04759936570303632,3.3294386310978914,2.895420137514181,0.04210793243823006,0.5175438596491229,0.4824561403508772,0.8666666666666667,0.48947368421052634,245,243,82,0,488,0.4298245614035088,0.4263157894736842,0.14385964912280702,0.0,0.0035087719298245615,0.9638999616130964,tested,0.9972025905045103
NQ,LOWER_k3,20,15,1277,579,0.4534064212999217,579,0.5164075993091537,0.4835924006908463,0.03281519861830743,0.16937139149341457,3.881501219889143,3.675768937602222,0.0414249443368267,0.5140350877192983,0.48596491228070177,0.8859649122807017,0.5526315789473685,245,243,82,0,488,0.4298245614035088,0.4263157894736842,0.14385964912280702,0.0,0.0035087719298245615,0.9638999616130964,tested,0.9972025905045103
NQ,LOWER_k3,20,20,1277,579,0.4534064212999217,579,0.5164075993091537,0.4835924006908463,0.03281519861830743,-0.4528378555989575,4.312780392581519,3.984367790487872,0.02905764679154832,0.5105263157894737,0.48947368421052634,0.9,0.6035087719298246,245,243,82,0,488,0.4298245614035088,0.4263157894736842,0.14385964912280702,0.0,0.0035087719298245615,0.9638999616130964,tested,0.9972025905045103
NQ,LOWER_k3,20,30,1277,579,0.4534064212999217,579,0.5164075993091537,0.4835924006908463,0.03281519861830743,-0.19741834650993045,5.05687267044269,4.997373918682192,-0.01918961841053351,0.49122807017543857,0.5087719298245614,0.9122807017543859,0.6578947368421053,245,243,82,0,488,0.4298245614035088,0.4263157894736842,0.14385964912280702,0.0,0.0035087719298245615,0.9638999616130964,tested,0.9972025905045103
NQ,LOWER_k3,20,60,1277,579,0.4534064212999217,579,0.5164075993091537,0.4835924006908463,0.03281519861830743,-0.24135086679874926,6.762898907407898,6.568362919179742,0.02410914689194137,0.5087719298245614,0.49122807017543857,0.9385964912280702,0.7280701754385965,245,243,82,0,488,0.4298245614035088,0.4263157894736842,0.14385964912280702,0.0,0.0035087719298245615,0.9638999616130964,tested,0.9972025905045103
NQ,LOWER_k3,20,120,1277,579,0.4534064212999217,579,0.5164075993091537,0.4835924006908463,0.03281519861830743,-0.09405377053681942,8.15582755471129,8.29616188142079,0.010850875359580611,0.5070175438596491,0.49298245614035086,0.9473684210526315,0.7947368421052632,245,243,82,0,488,0.4298245614035088,0.4263157894736842,0.14385964912280702,0.0,0.0035087719298245615,0.9638999616130964,tested,0.9972025905045103
NQ,LOWER_k3,30,1,1277,651,0.5097885669537979,651,0.511520737327189,0.48847926267281105,0.02304147465437788,0.02513842253757709,0.9709973720978992,1.0499779191631227,-0.06264347862145211,0.47581903276131043,0.5241809672386896,0.6427457098283932,0.0,234,249,80,78,483,0.36505460218408736,0.38845553822152884,0.12480499219968799,0.12168486739469579,-0.0234009360374415,0.5241532322152304,tested,0.7196884096231815
NQ,LOWER_k3,30,2,1277,651,0.5097885669537979,651,0.511520737327189,0.48847926267281105,0.02304147465437788,0.2035682362416328,1.4398771913025958,1.3873994448850888,0.008962950519741199,0.5054602184087363,0.49453978159126366,0.7285491419656787,0.0811232449297972,262,271,83,25,533,0.40873634945397813,0.42277691107644305,0.1294851794071763,0.0390015600624025,-0.014040561622464899,0.7289890405251473,tested,0.8622615592956815
NQ,LOWER_k3,30,3,1277,651,0.5097885669537979,651,0.511520737327189,0.48847926267281105,0.02304147465437788,0.06921150178558154,1.864315692234065,1.6569115852552123,0.06567476290049869,0.5241809672386896,0.47581903276131043,0.7613104524180967,0.1918876755070203,270,274,84,13,544,0.42121684867394693,0.42745709828393136,0.1310452418096724,0.0202808112324493,-0.0062402496099844,0.8976705977158589,tested,0.970888423004415
NQ,LOWER_k3,30,4,1277,651,0.5097885669537979,651,0.511520737327189,0.48847926267281105,0.02304147465437788,0.01868690818072263,2.0942514500183567,1.878846365156429,0.05318453127731726,0.5257410296411856,0.47425897035881437,0.7909516380655226,0.2745709828393136,272,278,84,7,550,0.4243369734789392,0.43369734789391573,0.1310452418096724,0.0109204368174727,-0.0093603744149766,0.8311945250773577,tested,0.9173882957767273
NQ,LOWER_k3,30,5,1277,651,0.5097885669537979,651,0.511520737327189,0.48847926267281105,0.02304147465437788,0.1031578868037251,2.2462957060087656,2.1235526066329,0.04341952098481917,0.5210608424336973,0.4789391575663027,0.8174726989079563,0.33073322932917315,275,281,84,1,556,0.4290171606864275,0.43837753510140404,0.1310452418096724,0.0015600624024961,-0.0093603744149766,0.8320939294338497,tested,0.9173882957767273
NQ,LOWER_k3,30,10,1277,651,0.5097885669537979,651,0.511520737327189,0.48847926267281105,0.02304147465437788,0.03480639149992798,3.2285370607838004,2.78958266080792,0.031268307125217325,0.516380655226209,0.4836193447737909,0.8642745709828393,0.4836193447737909,275,282,84,0,557,0.4290171606864275,0.43993759750390016,0.1310452418096724,0.0,-0.0109204368174727,0.7993468568793337,tested,0.9074429203999066
NQ,LOWER_k3,30,15,1277,651,0.5097885669537979,651,0.511520737327189,0.48847926267281105,0.02304147465437788,0.17755869024633555,3.7892792861234423,3.552552758848236,0.036970940598015097,0.5101404056162246,0.48985959438377535,0.8861154446177847,0.5460218408736349,275,282,84,0,557,0.4290171606864275,0.43993759750390016,0.1310452418096724,0.0,-0.0109204368174727,0.7993468568793337,tested,0.9074429203999066
NQ,LOWER_k3,30,20,1277,651,0.5097885669537979,651,0.511520737327189,0.48847926267281105,0.02304147465437788,-0.18185049413609222,4.27340644570281,3.9044788739970877,0.019335932789439618,0.5054602184087363,0.49453978159126366,0.9001560062402496,0.592823712948518,275,282,84,0,557,0.4290171606864275,0.43993759750390016,0.1310452418096724,0.0,-0.0109204368174727,0.7993468568793337,tested,0.9074429203999066
NQ,LOWER_k3,30,30,1277,651,0.5097885669537979,651,0.511520737327189,0.48847926267281105,0.02304147465437788,-0.19272072309756588,4.996286989756599,4.898330701437564,-0.04081235119264165,0.48673946957878317,0.5132605304212169,0.9110764430577223,0.6489859594383776,275,282,84,0,557,0.4290171606864275,0.43993759750390016,0.1310452418096724,0.0,-0.0109204368174727,0.7993468568793337,tested,0.9074429203999066
NQ,LOWER_k3,30,60,1277,651,0.5097885669537979,651,0.511520737327189,0.48847926267281105,0.02304147465437788,-0.15432911929961318,6.504638523893938,6.355129946554224,0.03032715655536732,0.5117004680187207,0.48829953198127923,0.9391575663026521,0.7285491419656787,275,282,84,0,557,0.4290171606864275,0.43993759750390016,0.1310452418096724,0.0,-0.0109204368174727,0.7993468568793337,tested,0.9074429203999066
NQ,LOWER_k3,30,120,1277,651,0.5097885669537979,651,0.511520737327189,0.48847926267281105,0.02304147465437788,-0.2662644469263732,8.143020776741453,7.854011778772186,0.025591612493868002,0.5117004680187207,0.48829953198127923,0.9485179407176287,0.7940717628705148,275,282,84,0,557,0.4290171606864275,0.43993759750390016,0.1310452418096724,0.0,-0.0109204368174727,0.7993468568793337,tested,0.9074429203999066
NQ,LOWER_k3,60,1,1277,765,0.5990602975724354,765,0.515032679738562,0.4849673202614379,0.030065359477124184,0.03740823191592943,0.9494675099845085,0.9680029068446692,-0.04133154574154733,0.48339973439575035,0.5166002656042497,0.6414342629482072,0.0,275,284,85,109,559,0.3652058432934927,0.37715803452855245,0.11288180610889774,0.14475431606905712,-0.01195219123505976,0.7351226938462947,tested,0.8622615592956815
NQ,LOWER_k3,60,2,1277,765,0.5990602975724354,765,0.515032679738562,0.4849673202614379,0.030065359477124184,0.11805600481120908,1.3191153161397575,1.2897082301368439,0.005510832019717793,0.5046480743691899,0.4953519256308101,0.7250996015936255,0.08632138114209828,309,317,88,39,626,0.4103585657370518,0.4209827357237716,0.11686586985391766,0.05179282868525897,-0.010624169986719787,0.7796755648228415,tested,0.8942250553892305
NQ,LOWER_k3,60,3,1277,765,0.5990602975724354,765,0.515032679738562,0.4849673202614379,0.030065359477124184,0.023955018851777046,1.7170929795851146,1.5907828114767861,0.046258767543804424,0.5179282868525896,0.4820717131474104,0.7596281540504648,0.1952191235059761,319,323,89,22,642,0.42363877822045154,0.42895086321381143,0.11819389110225764,0.029216467463479414,-0.005312084993359893,0.9057623186794761,tested,0.9785374489092813
NQ,LOWER_k3,60,4,1277,765,0.5990602975724354,765,0.515032679738562,0.4849673202614379,0.030065359477124184,-0.011472368340947729,1.9228055850427421,1.8036015362864837,0.03430176451684021,0.5152722443559097,0.4847277556440903,0.7888446215139442,0.2775564409030544,323,330,89,11,653,0.42895086321381143,0.43824701195219123,0.11819389110225764,0.014608233731739707,-0.009296148738379814,0.814387435128594,tested,0.9108943986200728
NQ,LOWER_k3,60,5,1277,765,0.5990602975724354,765,0.515032679738562,0.4849673202614379,0.030065359477124184,-0.09169926786627225,2.133577468201166,2.0515308447751663,0.021559112261456934,0.5059760956175299,0.4940239043824701,0.8140770252324038,0.33731739707835323,326,335,89,3,661,0.43293492695883135,0.4448871181938911,0.11819389110225764,0.00398406374501992,-0.01195219123505976,0.755702996337589,tested,0.8708577386366501
NQ,LOWER_k3,60,10,1277,765,0.5990602975724354,765,0.515032679738562,0.4849673202614379,0.030065359477124184,-0.11502159225606132,2.92969213561214,2.712830949877328,0.017312178275253567,0.5073041168658698,0.49269588313413015,0.8579017264276229,0.4820717131474104,326,337,89,1,663,0.43293492695883135,0.44754316069057104,0.11819389110225764,0.0013280212483399733,-0.014608233731739707,0.6977746063833742,tested,0.8361380465813157
NQ,LOWER_k3,60,15,1277,765,0.5990602975724354,765,0.515032679738562,0.4849673202614379,0.030065359477124184,0.0607914187674199,3.5243893451992876,3.425684543082204,0.0031508788807615216,0.5033200531208499,0.49667994687915007,0.8804780876494024,0.5418326693227091,326,337,89,1,663,0.43293492695883135,0.44754316069057104,0.11819389110225764,0.0013280212483399733,-0.014608233731739707,0.6977746063833742,tested,0.8361380465813157
NQ,LOWER_k3,60,20,1277,765,0.5990602975724354,765,0.515032679738562,0.4849673202614379,0.030065359477124184,-0.27734905144007965,3.853462384038352,3.7804762746052822,-0.016043935454403507,0.4940239043824701,0.5059760956175299,0.8950863213811421,0.5922974767596282,326,337,89,1,663,0.43293492695883135,0.44754316069057104,0.11819389110225764,0.0013280212483399733,-0.014608233731739707,0.6977746063833742,tested,0.8361380465813157
NQ,LOWER_k3,60,30,1277,765,0.5990602975724354,765,0.515032679738562,0.4849673202614379,0.030065359477124184,-0.19608554841297832,4.682469825025012,4.656623421865731,-0.04219235135049247,0.48339973439575035,0.5166002656042497,0.9070385126162018,0.649402390438247,326,338,89,0,664,0.43293492695883135,0.448871181938911,0.11819389110225764,0.0,-0.01593625498007968,0.669496700171889,tested,0.8255704532055905
NQ,LOWER_k3,60,60,1277,765,0.5990602975724354,765,0.515032679738562,0.4849673202614379,0.030065359477124184,-0.27723902248598087,6.226463733563352,6.057467809330949,0.03032715655536732,0.5126162018592297,0.48738379814077026,0.9349269588313412,0.7264276228419655,326,338,89,0,664,0.43293492695883135,0.448871181938911,0.11819389110225764,0.0,-0.01593625498007968,0.669496700171889,tested,0.8255704532055905
NQ,LOWER_k3,60,120,1277,765,0.5990602975724354,765,0.515032679738562,0.4849673202614379,0.030065359477124184,-0.3692276690671593,7.816371627760286,7.354799971686597,0.025591612493868002,0.5099601593625498,0.4900398406374502,0.9468791500664011,0.7915006640106241,326,338,89,0,664,0.43293492695883135,0.448871181938911,0.11819389110225764,0.0,-0.01593625498007968,0.669496700171889,tested,0.8255704532055905
NQ,LOWER_k3,120,1,1277,844,0.6609240407204385,844,0.5023696682464455,0.4976303317535545,0.004739336492890996,0.04285546577803912,0.9521289875737765,0.9144478296145124,-0.03788976226834557,0.4897466827503016,0.5102533172496985,0.6369119420989143,0.0,310,307,88,124,617,0.37394451145958985,0.3703256936067551,0.10615199034981906,0.14957780458383596,0.0036188178528347406,0.9358347140220997,tested,0.9922395068858675
NQ,LOWER_k3,120,2,1277,844,0.6609240407204385,844,0.5023696682464455,0.4976303317535545,0.004739336492890996,0.11600024281166342,1.292929359814792,1.2641166112782587,0.005510832019717793,0.5042219541616405,0.4957780458383595,0.7225572979493365,0.08805790108564536,348,344,91,46,692,0.41978287092882993,0.4149577804583836,0.1097708082026538,0.05548854041013269,0.0048250904704463205,0.9092145629229396,tested,0.9785374489092813
NQ,LOWER_k3,120,3,1277,844,0.6609240407204385,844,0.5023696682464455,0.4976303317535545,0.004739336492890996,0.040646389677459115,1.670732591850817,1.5495583655582934,0.054169769233272665,0.5199034981905911,0.48009650180940894,0.7539203860072377,0.19179734620024125,361,350,92,26,711,0.43546441495778043,0.4221954161640531,0.11097708082026538,0.031363088057901084,0.013268998793727383,0.7076668348529843,tested,0.8433843290636898
NQ,LOWER_k3,120,4,1277,844,0.6609240407204385,844,0.5023696682464455,0.4976303317535545,0.004739336492890996,-0.0505574946242833,1.8706569403516504,1.742757322533535,0.0375667407181111,0.517490952955368,0.4825090470446321,0.7840772014475271,0.27261761158021713,365,358,92,14,723,0.44028950542822676,0.43184559710494574,0.11097708082026538,0.016887816646562123,0.008443908323281062,0.8234437386712963,tested,0.9173882957767273
NQ,LOWER_k3,120,5,1277,844,0.6609240407204385,844,0.5023696682464455,0.4976303317535545,0.004739336492890996,-0.09169926786627225,2.0998406864520587,1.9611588456848432,0.028032351652615067,0.5102533172496985,0.4897466827503016,0.8082026537997588,0.33293124246079614,368,363,92,6,731,0.4439083232810615,0.4378769601930036,0.11097708082026538,0.007237635705669481,0.006031363088057901,0.8823989474270152,tested,0.9636701685245614
NQ,LOWER_k3,120,10,1277,844,0.6609240407204385,844,0.5023696682464455,0.4976303317535545,0.004739336492890996,-0.1656621966560164,2.8298023087462703,2.6417305983804646,0.011295683615026064,0.5042219541616405,0.4957780458383595,0.8540410132689988,0.4825090470446321,369,366,92,2,735,0.4451145958986731,0.44149577804583834,0.11097708082026538,0.0024125452352231603,0.0036188178528347406,0.9411991462871986,tested,0.9922395068858675
NQ,LOWER_k3,120,15,1277,844,0.6609240407204385,844,0.5023696682464455,0.4976303317535545,0.004739336492890996,0.07421337140643403,3.377159300007282,3.2383947889683924,0.003368444477071727,0.5042219541616405,0.4957780458383595,0.8745476477683957,0.5404101326899879,370,366,92,1,736,0.44632086851628466,0.44149577804583834,0.11097708082026538,0.0012062726176115801,0.0048250904704463205,0.911958071337878,tested,0.9785374489092813
NQ,LOWER_k3,120,20,1277,844,0.6609240407204385,844,0.5023696682464455,0.4976303317535545,0.004739336492890996,-0.3148936783503525,3.667929752786032,3.654212217002887,-0.01475185183248061,0.4945717732207479,0.5054282267792521,0.8902291917973462,0.5910735826296744,370,366,92,1,736,0.44632086851628466,0.44149577804583834,0.11097708082026538,0.0012062726176115801,0.0048250904704463205,0.911958071337878,tested,0.9785374489092813
NQ,LOWER_k3,120,30,1277,844,0.6609240407204385,844,0.5023696682464455,0.4976303317535545,0.004739336492890996,-0.2300100216323326,4.402637459680488,4.496509554059586,-0.04219235135049247,0.4825090470446321,0.517490952955368,0.902291917973462,0.646562123039807,370,367,92,0,737,0.44632086851628466,0.4427020506634499,0.11097708082026538,0.0,0.0036188178528347406,0.941278822240738,tested,0.9922395068858675
NQ,LOWER_k3,120,60,1277,844,0.6609240407204385,844,0.5023696682464455,0.4976303317535545,0.004739336492890996,-0.3724725512578079,6.060824213832063,5.8503764313935145,0.02348281072854377,0.5078407720144753,0.49215922798552475,0.9300361881785284,0.7201447527141134,370,367,92,0,737,0.44632086851628466,0.4427020506634499,0.11097708082026538,0.0,0.0036188178528347406,0.941278822240738,tested,0.9922395068858675
NQ,LOWER_k3,120,120,1277,844,0.6609240407204385,844,0.5023696682464455,0.4976303317535545,0.004739336492890996,-0.8404798522804408,7.728051004507861,7.32931176448948,0.011614011198144557,0.5054282267792521,0.4945717732207479,0.9408926417370326,0.781664656212304,370,367,92,0,737,0.44632086851628466,0.4427020506634499,0.11097708082026538,0.0,0.0036188178528347406,0.941278822240738,tested,0.9922395068858675
NQ,UPPER_k0,1,1,1277,560,0.4385277995301488,559,0.44821428571428573,0.55,-0.10178571428571428,0.35164526092880527,1.3275676565457757,1.0646890041262775,0.1669154228855504,0.5452898550724637,0.45108695652173914,0.5416666666666666,0.0,235,190,92,35,425,0.4257246376811594,0.3442028985507246,0.16666666666666666,0.06340579710144928,0.08152173913043478,0.03269520890045437,tested,0.11425261397534174
NQ,UPPER_k0,1,2,1277,560,0.4385277995301488,559,0.44821428571428573,0.55,-0.10178571428571428,0.32003319405550024,1.7883262825089,1.5143545155668514,0.09101405622491476,0.5271739130434783,0.47282608695652173,0.6539855072463768,0.09057971014492754,249,199,92,12,448,0.45108695652173914,0.3605072463768116,0.16666666666666666,0.021739130434782608,0.09057971014492754,0.020508253216927015,tested,0.0873663969559051
NQ,UPPER_k0,1,3,1277,560,0.4385277995301488,559,0.44821428571428573,0.55,-0.10178571428571428,0.20867096507576244,2.1436794659494334,1.9693909876192102,0.04329411764709365,0.5072463768115942,0.4927536231884058,0.6920289855072463,0.17572463768115942,252,201,92,7,453,0.45652173913043476,0.3641304347826087,0.16666666666666666,0.012681159420289856,0.09239130434782608,0.018714702381912543,tested,0.08272069363329379
NQ,UPPER_k0,1,4,1277,560,0.4385277995301488,559,0.44821428571428573,0.55,-0.10178571428571428,0.18546238690393002,2.4651906629534848,2.4037485014940474,-0.009442970822275,0.49818840579710144,0.5018115942028986,0.7192028985507246,0.22282608695652173,255,203,92,2,458,0.46195652173913043,0.3677536231884058,0.16666666666666666,0.0036231884057971015,0.09420289855072464,0.017073981788708087,tested,0.07723184285733378
NQ,UPPER_k0,1,5,1277,560,0.4385277995301488,559,0.44821428571428573,0.55,-0.10178571428571428,0.28228695647413116,2.6750873125123866,2.604539074905885,0.014547949905660936,0.5036231884057971,0.4963768115942029,0.7373188405797102,0.2717391304347826,255,204,92,1,459,0.46195652173913043,0.3695652173913043,0.16666666666666666,0.0018115942028985507,0.09239130434782608,0.019507321397825378,tested,0.08505895095988723
NQ,UPPER_k0,1,10,1277,560,0.4385277995301488,559,0.44821428571428573,0.55,-0.10178571428571428,-0.0007915832090404178,3.389220784164041,3.4720620007003298,-0.022729829825151544,0.4891304347826087,0.5108695652173914,0.7934782608695652,0.41304347826086957,255,205,92,0,460,0.46195652173913043,0.3713768115942029,0.16666666666666666,0.0,0.09057971014492754,0.022231474765105407,tested,0.09157475562817886
NQ,UPPER_k0,1,15,1277,560,0.4385277995301488,559,0.44821428571428573,0.55,-0.10178571428571428,0.3907508660275408,3.9163813959698883,3.950888434607241,-0.05235849056604312,0.48007246376811596,0.5181159420289855,0.8134057971014492,0.4782608695652174,255,205,92,0,460,0.46195652173913043,0.3713768115942029,0.16666666666666666,0.0,0.09057971014492754,0.022231474765105407,tested,0.09157475562817886
NQ,UPPER_k0,1,20,1277,560,0.4385277995301488,559,0.44821428571428573,0.55,-0.10178571428571428,0.521405159298373,4.351117253037967,4.464710244488735,-0.03497218268856314,0.483695652173913,0.5163043478260869,0.8351449275362319,0.5344202898550725,255,205,92,0,460,0.46195652173913043,0.3713768115942029,0.16666666666666666,0.0,0.09057971014492754,0.022231474765105407,tested,0.09157475562817886
NQ,UPPER_k0,1,30,1277,560,0.4385277995301488,559,0.44821428571428573,0.55,-0.10178571428571428,0.8850354917037948,4.9657736067808464,5.105738462316337,-0.009338257790991709,0.4927536231884058,0.5072463768115942,0.855072463768116,0.5996376811594203,255,205,92,0,460,0.46195652173913043,0.3713768115942029,0.16666666666666666,0.0,0.09057971014492754,0.022231474765105407,tested,0.09157475562817886
NQ,UPPER_k0,1,60,1277,560,0.4385277995301488,559,0.44821428571428573,0.55,-0.10178571428571428,1.137315708396597,6.394523869595275,6.5157759450795245,-0.05182926829267456,0.4891304347826087,0.5108695652173914,0.8840579710144928,0.677536231884058,255,205,92,0,460,0.46195652173913043,0.3713768115942029,0.16666666666666666,0.0,0.09057971014492754,0.022231474765105407,tested,0.09157475562817886
NQ,UPPER_k0,1,120,1277,560,0.4385277995301488,559,0.44821428571428573,0.55,-0.10178571428571428,0.9954884176992321,8.438638392777154,7.642542931735597,-0.019025760482323253,0.4891304347826087,0.5108695652173914,0.9003623188405797,0.7391304347826086,255,205,92,0,460,0.46195652173913043,0.3713768115942029,0.16666666666666666,0.0,0.09057971014492754,0.022231474765105407,tested,0.09157475562817886
NQ,UPPER_k0,2,1,1277,732,0.5732184808144087,731,0.4453551912568306,0.5532786885245902,-0.10792349726775956,0.30887018055540894,1.2939257716109631,0.9890160204507484,0.18809523809527276,0.5504840940525588,0.4467496542185339,0.5504840940525588,0.0,311,249,111,52,560,0.43015214384508993,0.34439834024896265,0.15352697095435686,0.07192254495159059,0.08575380359612725,0.009883048899191178,tested,0.057286175655191986
NQ,UPPER_k0,2,2,1277,732,0.5732184808144087,731,0.4453551912568306,0.5532786885245902,-0.10792349726775956,0.30471174767508075,1.7108456574233941,1.4533190772028026,0.10463576158942324,0.5297372060857538,0.4702627939142462,0.6556016597510373,0.08852005532503458,334,260,111,18,594,0.46196403872752423,0.359612724757953,0.15352697095435686,0.024896265560165973,0.10235131396957123,0.002712285213243473,tested,0.03750702980599545
NQ,UPPER_k0,2,3,1277,732,0.5732184808144087,731,0.4453551912568306,0.5532786885245902,-0.10792349726775956,0.2151245211045435,2.0494722519462116,1.8742002872715349,0.030588235294129094,0.5076071922544951,0.49239280774550487,0.6998616874135546,0.17704011065006917,339,262,111,11,601,0.46887966804979253,0.3623789764868603,0.15352697095435686,0.015214384508990318,0.10650069156293222,0.0019103487153390233,tested,0.03590937432127362
NQ,UPPER_k0,2,4,1277,732,0.5732184808144087,731,0.4453551912568306,0.5532786885245902,-0.10792349726775956,0.19621190560352308,2.3010226813345596,2.266882259278587,0.018947368421083268,0.5048409405255878,0.4951590594744122,0.7289073305670816,0.2351313969571231,343,265,111,4,608,0.47441217150760717,0.3665283540802213,0.15352697095435686,0.005532503457814661,0.1078838174273859,0.0017688263512321426,tested,0.03590937432127362
NQ,UPPER_k0,2,5,1277,732,0.5732184808144087,731,0.4453551912568306,0.5532786885245902,-0.10792349726775956,0.2902017305944019,2.5481085422048997,2.574111842679121,0.02199999999997089,0.5076071922544951,0.49239280774550487,0.7455048409405256,0.28492392807745504,344,266,111,2,610,0.47579529737206083,0.367911479944675,0.15352697095435686,0.0027662517289073307,0.1078838174273859,0.0018000934408436086,tested,0.03590937432127362
NQ,UPPER_k0,2,10,1277,732,0.5732184808144087,731,0.4453551912568306,0.5532786885245902,-0.10792349726775956,0.10682915884393293,3.198183606108055,3.3607696059109338,-0.02256809338522531,0.49239280774550487,0.5076071922544951,0.7966804979253111,0.41632088520055327,345,267,111,0,612,0.47717842323651455,0.36929460580912865,0.15352697095435686,0.0,0.1078838174273859,0.0018317092929028582,tested,0.03590937432127362
NQ,UPPER_k0,2,15,1277,732,0.5732184808144087,731,0.4453551912568306,0.5532786885245902,-0.10792349726775956,0.38698482171835885,3.6751617330316186,3.831818393628002,-0.033082706766928247,0.4827109266943292,0.5159059474412172,0.8160442600276625,0.47994467496542187,345,267,111,0,612,0.47717842323651455,0.36929460580912865,0.15352697095435686,0.0,0.1078838174273859,0.0018317092929028582,tested,0.03590937432127362
NQ,UPPER_k0,2,20,1277,732,0.5732184808144087,731,0.4453551912568306,0.5532786885245902,-0.10792349726775956,0.3320357242143107,4.099167075740878,4.402669616410141,-0.03435114503816796,0.48132780082987553,0.5186721991701245,0.8354080221300139,0.5338865836791148,345,267,111,0,612,0.47717842323651455,0.36929460580912865,0.15352697095435686,0.0,0.1078838174273859,0.0018317092929028582,tested,0.03590937432127362
NQ,UPPER_k0,2,30,1277,732,0.5732184808144087,731,0.4453551912568306,0.5532786885245902,-0.10792349726775956,0.5905018412316745,4.672523273632196,4.963779319141811,-0.019354838709630468,0.48824343015214383,0.5117565698478561,0.8589211618257261,0.5961272475795297,345,267,111,0,612,0.47717842323651455,0.36929460580912865,0.15352697095435686,0.0,0.1078838174273859,0.0018317092929028582,tested,0.03590937432127362
NQ,UPPER_k0,2,60,1277,732,0.5732184808144087,731,0.4453551912568306,0.5532786885245902,-0.10792349726775956,1.0292924169580167,6.045018615160387,6.116553652527328,-0.04999999999998325,0.4896265560165975,0.5103734439834025,0.8865836791147994,0.6763485477178424,345,267,111,0,612,0.47717842323651455,0.36929460580912865,0.15352697095435686,0.0,0.1078838174273859,0.0018317092929028582,tested,0.03590937432127362
NQ,UPPER_k0,2,120,1277,732,0.5732184808144087,731,0.4453551912568306,0.5532786885245902,-0.10792349726775956,0.8441835679086839,7.708569915748609,7.542361885302968,-0.021725239616622694,0.4854771784232365,0.5145228215767634,0.9017980636237898,0.7413554633471646,345,267,111,0,612,0.47717842323651455,0.36929460580912865,0.15352697095435686,0.0,0.1078838174273859,0.0018317092929028582,tested,0.03590937432127362
NQ,UPPER_k0,3,1,1277,816,0.6389976507439311,815,0.45098039215686275,0.5477941176470589,-0.09681372549019608,0.2936763656307135,1.2527084845458343,0.964113499464515,0.1754926108374384,0.5483870967741935,0.4491315136476427,0.5496277915632755,0.0,346,275,122,63,621,0.4292803970223325,0.3411910669975186,0.1513647642679901,0.07816377171215881,0.0880893300248139,0.004929389262636254,tested,0.044669333157212734
NQ,UPPER_k0,3,2,1277,816,0.6389976507439311,815,0.45098039215686275,0.5477941176470589,-0.09681372549019608,0.3148375839249502,1.6977918310481912,1.4319277523295366,0.09639513108615747,0.5285359801488834,0.47146401985111663,0.6538461538461539,0.08560794044665013,371,290,123,22,661,0.46029776674937967,0.3598014888337469,0.15260545905707196,0.02729528535980149,0.10049627791563276,0.0018390548979495254,tested,0.03590937432127362
NQ,UPPER_k0,3,3,1277,816,0.6389976507439311,815,0.45098039215686275,0.5477941176470589,-0.09681372549019608,0.28796533248420997,2.0342474953903906,1.8027272445264662,0.06012962962959536,0.5148883374689827,0.4851116625310174,0.6960297766749379,0.1662531017369727,379,292,123,12,671,0.47022332506203474,0.36228287841191065,0.15260545905707196,0.01488833746898263,0.10794044665012408,0.0008868845377327069,tested,0.03429944076021213
NQ,UPPER_k0,3,4,1277,816,0.6389976507439311,815,0.45098039215686275,0.5477941176470589,-0.09681372549019608,0.2814706454128003,2.24152433722542,2.2494924017613966,0.045500689309434655,0.5099255583126551,0.49007444168734493,0.7233250620347395,0.22332506203473945,383,295,123,5,678,0.47518610421836227,0.36600496277915634,0.15260545905707196,0.00620347394540943,0.10918114143920596,0.0008215994582388044,tested,0.03429944076021213
NQ,UPPER_k0,3,5,1277,816,0.6389976507439311,815,0.45098039215686275,0.5477941176470589,-0.09681372549019608,0.3529195301379551,2.527720271324166,2.524927466421788,0.036662531017389886,0.5099255583126551,0.49007444168734493,0.739454094292804,0.2729528535980149,384,296,123,3,680,0.47642679900744417,0.36724565756823824,0.15260545905707196,0.0037220843672456576,0.10918114143920596,0.0008363843621105437,tested,0.03429944076021213
NQ,UPPER_k0,3,10,1277,816,0.6389976507439311,815,0.45098039215686275,0.5477941176470589,-0.09681372549019608,0.14089823511999755,3.161995717772334,3.33158399753148,-0.008218800402520115,0.49627791563275436,0.5037220843672456,0.792803970223325,0.40694789081885857,385,298,123,0,683,0.47766749379652607,0.369727047146402,0.15260545905707196,0.0,0.10794044665012408,0.0009853825864498964,tested,0.03429944076021213
NQ,UPPER_k0,3,15,1277,816,0.6389976507439311,815,0.45098039215686275,0.5477941176470589,-0.09681372549019608,0.42629004339037346,3.6601428558523446,3.6918233809667464,-0.020526315789474517,0.49007444168734493,0.5086848635235732,0.8138957816377171,0.47270471464019853,385,298,123,0,683,0.47766749379652607,0.369727047146402,0.15260545905707196,0.0,0.10794044665012408,0.0009853825864498964,tested,0.03429944076021213
NQ,UPPER_k0,3,20,1277,816,0.6389976507439311,815,0.45098039215686275,0.5477941176470589,-0.09681372549019608,0.3370721053755624,4.093242747345711,4.2668151099099365,-0.02438274793391452,0.48759305210918114,0.5124069478908189,0.8312655086848635,0.5272952853598015,385,298,123,0,683,0.47766749379652607,0.369727047146402,0.15260545905707196,0.0,0.10794044665012408,0.0009853825864498964,tested,0.03429944076021213
NQ,UPPER_k0,3,30,1277,816,0.6389976507439311,815,0.45098039215686275,0.5477941176470589,-0.09681372549019608,0.4975810620409341,4.661702348675375,4.8830674998248895,-0.009338257790991709,0.49255583126550867,0.5074441687344913,0.8535980148883374,0.5893300248138957,385,298,123,0,683,0.47766749379652607,0.369727047146402,0.15260545905707196,0.0,0.10794044665012408,0.0009853825864498964,tested,0.03429944076021213
NQ,UPPER_k0,3,60,1277,816,0.6389976507439311,815,0.45098039215686275,0.5477941176470589,-0.09681372549019608,1.0520415113590245,6.020852416483887,6.074209272028206,-0.04921441774490572,0.4913151364764268,0.5086848635235732,0.8796526054590571,0.6625310173697271,385,298,123,0,683,0.47766749379652607,0.369727047146402,0.15260545905707196,0.0,0.10794044665012408,0.0009853825864498964,tested,0.03429944076021213
NQ,UPPER_k0,3,120,1277,816,0.6389976507439311,815,0.45098039215686275,0.5477941176470589,-0.09681372549019608,0.9324249121543525,7.610493033109086,7.432138666264441,-0.024661713903201855,0.4838709677419355,0.5161290322580645,0.8970223325062034,0.7307692307692307,385,298,123,0,683,0.47766749379652607,0.369727047146402,0.15260545905707196,0.0,0.10794044665012408,0.0009853825864498964,tested,0.03429944076021213
NQ,UPPER_k0,4,1,1277,849,0.6648394675019577,848,0.4464075382803298,0.552414605418139,-0.10600706713780919,0.2693690920005031,1.232463648580906,0.9526937384910228,0.16880936227948978,0.5465393794749404,0.4510739856801909,0.5548926014319809,0.0,357,286,123,72,643,0.42601431980906923,0.3412887828162291,0.1467780429594272,0.08591885441527446,0.08472553699284009,0.005728873930579859,tested,0.044669333157212734
NQ,UPPER_k0,4,2,1277,849,0.6648394675019577,848,0.4464075382803298,0.552414605418139,-0.10600706713780919,0.30867274561641866,1.687075981464718,1.4319277523295366,0.09639513108615747,0.5274463007159904,0.47255369928400953,0.6587112171837709,0.08353221957040573,384,306,124,24,690,0.45823389021479716,0.36515513126491644,0.14797136038186157,0.028639618138424822,0.09307875894988067,0.0033458127482243406,tested,0.04318328987041549
NQ,UPPER_k0,4,3,1277,849,0.6648394675019577,848,0.4464075382803298,0.552414605418139,-0.10600706713780919,0.28796533248420997,2.0119851404109195,1.7766370475979436,0.057629629629631765,0.513126491646778,0.48687350835322196,0.7004773269689738,0.16706443914081145,392,310,124,12,702,0.4677804295942721,0.36992840095465396,0.14797136038186157,0.014319809069212411,0.09785202863961814,0.002211956567433437,tested,0.03590937432127362
NQ,UPPER_k0,4,4,1277,849,0.6648394675019577,848,0.4464075382803298,0.552414605418139,-0.10600706713780919,0.2801116396923812,2.2251696796180047,2.199083738306088,0.027198879551826476,0.5071599045346062,0.4928400954653938,0.7279236276849642,0.22553699284009546,396,313,124,5,709,0.47255369928400953,0.373508353221957,0.14797136038186157,0.0059665871121718375,0.09904534606205251,0.0020515931035953484,tested,0.03590937432127362
NQ,UPPER_k0,4,5,1277,849,0.6648394675019577,848,0.4464075382803298,0.552414605418139,-0.10600706713780919,0.3054208138177126,2.5134497581969075,2.4709102735918154,0.02921245421248224,0.5095465393794749,0.4904534606205251,0.7446300715990454,0.2756563245823389,397,314,124,3,711,0.4737470167064439,0.3747016706443914,0.14797136038186157,0.003579952267303103,0.09904534606205251,0.002081831182606527,tested,0.03590937432127362
NQ,UPPER_k0,4,10,1277,849,0.6648394675019577,848,0.4464075382803298,0.552414605418139,-0.10600706713780919,0.17271012562649835,3.161995717772334,3.3069492817010158,-0.0028958333333154295,0.4988066825775656,0.5011933174224343,0.7959427207637232,0.40930787589498807,398,316,124,0,714,0.47494033412887826,0.37708830548926014,0.14797136038186157,0.0,0.09785202863961814,0.002411269969920233,tested,0.03590937432127362
NQ,UPPER_k0,4,15,1277,849,0.6648394675019577,848,0.4464075382803298,0.552414605418139,-0.10600706713780919,0.4117767835015463,3.6601428558523446,3.650984148366896,-0.018275580366270278,0.4916467780429594,0.5071599045346062,0.8174224343675418,0.4785202863961814,398,316,124,0,714,0.47494033412887826,0.37708830548926014,0.14797136038186157,0.0,0.09785202863961814,0.002411269969920233,tested,0.03590937432127362
NQ,UPPER_k0,4,20,1277,849,0.6648394675019577,848,0.4464075382803298,0.552414605418139,-0.10600706713780919,0.35982610757543315,4.097352686980278,4.219201189337852,-0.02310870947235782,0.4892601431980907,0.5107398568019093,0.834128878281623,0.5322195704057279,398,316,124,0,714,0.47494033412887826,0.37708830548926014,0.14797136038186157,0.0,0.09785202863961814,0.002411269969920233,tested,0.03590937432127362
NQ,UPPER_k0,4,30,1277,849,0.6648394675019577,848,0.4464075382803298,0.552414605418139,-0.10600706713780919,0.40176701424112315,4.661702348675375,4.837080212841557,-0.006668502961035619,0.49403341288782815,0.5059665871121718,0.8556085918854416,0.5930787589498807,398,316,124,0,714,0.47494033412887826,0.37708830548926014,0.14797136038186157,0.0,0.09785202863961814,0.002411269969920233,tested,0.03590937432127362
NQ,UPPER_k0,4,60,1277,849,0.6648394675019577,848,0.4464075382803298,0.552414605418139,-0.10600706713780919,0.9450850552220544,5.9578968034799935,5.982694665912247,-0.04921441774490572,0.4916467780429594,0.5083532219570406,0.8806682577565632,0.6634844868735084,398,316,124,0,714,0.47494033412887826,0.37708830548926014,0.14797136038186157,0.0,0.09785202863961814,0.002411269969920233,tested,0.03590937432127362
NQ,UPPER_k0,4,120,1277,849,0.6648394675019577,848,0.4464075382803298,0.552414605418139,-0.10600706713780919,0.7919134138652879,7.437532920571438,7.432138666264441,-0.03512105679876998,0.4797136038186158,0.5202863961813843,0.8973747016706444,0.7315035799522673,398,316,124,0,714,0.47494033412887826,0.37708830548926014,0.14797136038186157,0.0,0.09785202863961814,0.002411269969920233,tested,0.03590937432127362
NQ,UPPER_k0,5,1,1277,874,0.6844166014095536,873,0.45194508009153317,0.5469107551487414,-0.09496567505720824,0.26696275788525453,1.227347329910047,0.9259437052599181,0.1671641791044341,0.5457705677867902,0.4519119351100811,0.5585168018539977,0.0,369,297,123,74,666,0.4275782155272306,0.34414831981460026,0.1425260718424102,0.08574739281575898,0.08342989571263036,0.005896816746209687,tested,0.044669333157212734
NQ,UPPER_k0,5,2,1277,874,0.6844166014095536,873,0.45194508009153317,0.5469107551487414,-0.09496567505720824,0.30471174767508075,1.6827028196306242,1.4008554088408316,0.10463576158942324,0.52954808806489,0.4704519119351101,0.6593279258400927,0.08227114716106605,396,317,125,25,713,0.45886442641946695,0.36732329084588644,0.14484356894553882,0.028968713789107765,0.09154113557358054,0.003458915790097819,tested,0.043418410179523144
NQ,UPPER_k0,5,3,1277,874,0.6844166014095536,873,0.45194508009153317,0.5469107551487414,-0.09496567505720824,0.2785726568486372,1.9806887783248874,1.7725503468648212,0.060999999999985406,0.5144843568945539,0.4855156431054461,0.7010428736964078,0.16685979142526072,404,321,125,13,725,0.4681344148319815,0.3719582850521437,0.14484356894553882,0.015063731170336037,0.09617612977983778,0.002301299153064073,tested,0.03590937432127362
NQ,UPPER_k0,5,4,1277,874,0.6844166014095536,873,0.45194508009153317,0.5469107551487414,-0.09496567505720824,0.28144693779460866,2.2117666432824863,2.157194007894525,0.040506329113933266,0.5086906141367323,0.49130938586326767,0.727694090382387,0.22479721900347624,408,324,125,6,732,0.4727694090382387,0.37543453070683663,0.14484356894553882,0.006952491309385863,0.09733487833140209,0.0021354377151278445,tested,0.03590937432127362
NQ,UPPER_k0,5,5,1277,874,0.6844166014095536,873,0.45194508009153317,0.5469107551487414,-0.09496567505720824,0.2902017305944019,2.46697124982109,2.413127406904287,0.03461538461544062,0.5098493626882966,0.4901506373117034,0.7439165701042874,0.27578215527230593,409,325,125,4,734,0.473928157589803,0.3765932792584009,0.14484356894553882,0.004634994206257242,0.09733487833140209,0.002165693014385076,tested,0.03590937432127362
NQ,UPPER_k0,5,10,1277,874,0.6844166014095536,873,0.45194508009153317,0.5469107551487414,-0.09496567505720824,0.16288674784214954,3.1287841809444745,3.2687767363535998,-0.003124999999954507,0.4982618771726535,0.5017381228273464,0.7949015063731171,0.40903823870220163,411,327,125,0,738,0.4762456546929316,0.37891077636152953,0.14484356894553882,0.0,0.09733487833140209,0.0022270016227994628,tested,0.03590937432127362
NQ,UPPER_k0,5,15,1277,874,0.6844166014095536,873,0.45194508009153317,0.5469107551487414,-0.09496567505720824,0.3945169103367227,3.657918829422985,3.608063938130974,-0.02000000000002086,0.4901506373117034,0.5086906141367323,0.816917728852839,0.47740440324449596,411,327,125,0,738,0.4762456546929316,0.37891077636152953,0.14484356894553882,0.0,0.09733487833140209,0.0022270016227994628,tested,0.03590937432127362
NQ,UPPER_k0,5,20,1277,874,0.6844166014095536,873,0.45194508009153317,0.5469107551487414,-0.09496567505720824,0.2951628247873631,4.085854945877665,4.179815641513537,-0.025625000000036386,0.48783314020857477,0.5121668597914253,0.8331402085747392,0.5307068366164542,411,327,125,0,738,0.4762456546929316,0.37891077636152953,0.14484356894553882,0.0,0.09733487833140209,0.0022270016227994628,tested,0.03590937432127362
NQ,UPPER_k0,5,30,1277,874,0.6844166014095536,873,0.45194508009153317,0.5469107551487414,-0.09496567505720824,0.3658166851626071,4.6298991326083145,4.791097457018497,-0.01178637200735577,0.4901506373117034,0.5098493626882966,0.8551564310544612,0.5909617612977984,411,327,125,0,738,0.4762456546929316,0.37891077636152953,0.14484356894553882,0.0,0.09733487833140209,0.0022270016227994628,tested,0.03590937432127362
NQ,UPPER_k0,5,60,1277,874,0.6844166014095536,873,0.45194508009153317,0.5469107551487414,-0.09496567505720824,0.9245773527506284,5.908766221635249,5.96325015845993,-0.057055214723921936,0.48783314020857477,0.5121668597914253,0.880648899188876,0.6616454229432214,411,327,125,0,738,0.4762456546929316,0.37891077636152953,0.14484356894553882,0.0,0.09733487833140209,0.0022270016227994628,tested,0.03590937432127362
NQ,UPPER_k0,5,120,1277,874,0.6844166014095536,873,0.45194508009153317,0.5469107551487414,-0.09496567505720824,0.7636607951954897,7.387161041765595,7.424112288943902,-0.04077046548955724,0.47508690614136734,0.5249130938586327,0.8980301274623407,0.7311703360370799,411,327,125,0,738,0.4762456546929316,0.37891077636152953,0.14484356894553882,0.0,0.09733487833140209,0.0022270016227994628,tested,0.03590937432127362
NQ,UPPER_k0,10,1,1277,968,0.7580266249021144,967,0.45661157024793386,0.5423553719008265,-0.08574380165289257,0.2399230331530437,1.1893862682816527,0.9162878736590785,0.15764705882352617,0.5451680672268907,0.45168067226890757,0.5619747899159664,0.0,402,327,130,93,729,0.4222689075630252,0.3434873949579832,0.13655462184873948,0.0976890756302521,0.07878151260504201,0.006091996538044021,tested,0.044669333157212734
NQ,UPPER_k0,10,2,1277,968,0.7580266249021144,967,0.45661157024793386,0.5423553719008265,-0.08574380165289257,0.2840509096773983,1.6053561075167364,1.362085644991643,0.11681818181820952,0.532563025210084,0.46743697478991597,0.6586134453781513,0.08403361344537816,434,351,132,35,785,0.45588235294117646,0.36869747899159666,0.13865546218487396,0.03676470588235294,0.08718487394957983,0.00339983139551739,tested,0.043303115669221494
NQ,UPPER_k0,10,3,1277,968,0.7580266249021144,967,0.45661157024793386,0.5423553719008265,-0.08574380165289257,0.28138249303490337,1.9038073973673266,1.6595138977520651,0.06253883495144195,0.5147058823529411,0.4852941176470588,0.7006302521008403,0.17016806722689076,445,358,132,17,803,0.46743697478991597,0.3760504201680672,0.13865546218487396,0.017857142857142856,0.09138655462184873,0.002385726968614526,tested,0.03590937432127362
NQ,UPPER_k0,10,4,1277,968,0.7580266249021144,967,0.45661157024793386,0.5423553719008265,-0.08574380165289257,0.2512126804107755,2.1313584725020425,2.0634449229927956,0.027198879551826476,0.5063025210084033,0.49369747899159666,0.726890756302521,0.23004201680672268,450,363,132,7,813,0.4726890756302521,0.38130252100840334,0.13865546218487396,0.007352941176470588,0.09138655462184873,0.0025389112539627623,tested,0.036588302327143885
NQ,UPPER_k0,10,5,1277,968,0.7580266249021144,967,0.45661157024793386,0.5423553719008265,-0.08574380165289257,0.2443030055040723,2.364573926820105,2.3668546966120685,0.02921245421248224,0.5084033613445378,0.49159663865546216,0.7457983193277311,0.27941176470588236,451,364,132,5,815,0.4737394957983193,0.38235294117647056,0.13865546218487396,0.005252100840336135,0.09138655462184873,0.0025702526428158924,tested,0.036588302327143885
NQ,UPPER_k0,10,10,1277,968,0.7580266249021144,967,0.45661157024793386,0.5423553719008265,-0.08574380165289257,0.17660402659717794,3.0520785382790017,3.127027402292457,-0.00521698504980631,0.49789915966386555,0.5021008403361344,0.7972689075630253,0.41491596638655465,454,366,132,0,820,0.47689075630252103,0.38445378151260506,0.13865546218487396,0.0,0.09243697478991597,0.0023601068015779506,tested,0.03590937432127362
NQ,UPPER_k0,10,15,1277,968,0.7580266249021144,967,0.45661157024793386,0.5423553719008265,-0.08574380165289257,0.3202731591281484,3.5245621098374214,3.5620291914569986,-0.023434654713569668,0.48634453781512604,0.5126050420168067,0.8203781512605042,0.48739495798319327,454,366,132,0,820,0.47689075630252103,0.38445378151260506,0.13865546218487396,0.0,0.09243697478991597,0.0023601068015779506,tested,0.03590937432127362
NQ,UPPER_k0,10,20,1277,968,0.7580266249021144,967,0.45661157024793386,0.5423553719008265,-0.08574380165289257,0.12686502715035458,3.9284196278801327,4.077160803061284,-0.03844759891271039,0.48214285714285715,0.5178571428571429,0.8350840336134454,0.5388655462184874,454,366,132,0,820,0.47689075630252103,0.38445378151260506,0.13865546218487396,0.0,0.09243697478991597,0.0023601068015779506,tested,0.03590937432127362
NQ,UPPER_k0,10,30,1277,968,0.7580266249021144,967,0.45661157024793386,0.5423553719008265,-0.08574380165289257,0.23720894748941596,4.485696672727659,4.785705328669401,-0.042776886035302115,0.4831932773109244,0.5168067226890757,0.8550420168067226,0.5997899159663865,454,366,132,0,820,0.47689075630252103,0.38445378151260506,0.13865546218487396,0.0,0.09243697478991597,0.0023601068015779506,tested,0.03590937432127362
NQ,UPPER_k0,10,60,1277,968,0.7580266249021144,967,0.45661157024793386,0.5423553719008265,-0.08574380165289257,0.8396364626341856,5.708491604997434,5.915980038084616,-0.06330922745289662,0.4810924369747899,0.5189075630252101,0.8802521008403361,0.6722689075630253,454,366,132,0,820,0.47689075630252103,0.38445378151260506,0.13865546218487396,0.0,0.09243697478991597,0.0023601068015779506,tested,0.03590937432127362
NQ,UPPER_k0,10,120,1277,968,0.7580266249021144,967,0.45661157024793386,0.5423553719008265,-0.08574380165289257,0.7680835874854405,7.202960053750551,7.24827941246167,-0.047270718013006696,0.4737394957983193,0.5262605042016807,0.8960084033613446,0.7373949579831933,454,366,132,0,820,0.47689075630252103,0.38445378151260506,0.13865546218487396,0.0,0.09243697478991597,0.0023601068015779506,tested,0.03590937432127362
NQ,UPPER_k0,15,1,1277,1000,0.7830853563038371,999,0.456,0.543,-0.087,0.22070161843275193,1.165621527144455,0.9145236963360868,0.14666666666647266,0.54323499491353,0.4537131230925738,0.5656154628687691,0.0,412,340,132,99,752,0.41912512716174977,0.34587995930824006,0.1342828077314344,0.10071210579857579,0.07324516785350967,0.009576841993721932,tested,0.056353118459772845
NQ,UPPER_k0,15,2,1277,1000,0.7830853563038371,999,0.456,0.543,-0.087,0.28276670607451293,1.5803757442634656,1.3575370251870231,0.10463576158942324,0.5300101729399797,0.46998982706002035,0.6622583926754833,0.08240081383519837,446,366,134,37,812,0.4537131230925738,0.3723296032553408,0.1363173957273652,0.03763987792472025,0.08138351983723296,0.005532657172435904,tested,0.044669333157212734
NQ,UPPER_k0,15,3,1277,1000,0.7830853563038371,999,0.456,0.543,-0.087,0.26485912318304355,1.8722646344895175,1.6449222371986287,0.05600000000005821,0.5127161749745677,0.4872838250254323,0.7029501525940997,0.1698880976602238,457,374,134,18,831,0.4649033570701933,0.38046795523906407,0.1363173957273652,0.018311291963377416,0.0844354018311292,0.004419186049274496,tested,0.044669333157212734
NQ,UPPER_k0,15,4,1277,1000,0.7830853563038371,999,0.456,0.543,-0.087,0.22211564737785106,2.0859114505796756,2.0312847617319236,0.023584905660377353,0.5055951169888098,0.49440488301119023,0.7293997965412004,0.23092573753814852,462,379,134,8,841,0.46998982706002035,0.38555442522889116,0.1363173957273652,0.008138351983723296,0.0844354018311292,0.004661312162127275,tested,0.044669333157212734
NQ,UPPER_k0,15,5,1277,1000,0.7830853563038371,999,0.456,0.543,-0.087,0.24300121500917807,2.3010226813345596,2.3519297821051386,0.023809523809523853,0.5096642929806714,0.4903357070193286,0.7487283825025433,0.2797558494404883,463,380,134,6,843,0.47100712105798576,0.38657171922685657,0.1363173957273652,0.006103763987792472,0.0844354018311292,0.004710617026124941,tested,0.044669333157212734
NQ,UPPER_k0,15,10,1277,1000,0.7830853563038371,999,0.456,0.543,-0.087,0.16288674784214954,3.013640753345055,3.122966645677059,-0.012177985948471018,0.49440488301119023,0.5055951169888098,0.8006103763987793,0.4170905391658189,466,383,134,0,849,0.474059003051882,0.3896236012207528,0.1363173957273652,0.0,0.0844354018311292,0.0048602896196481525,tested,0.044669333157212734
NQ,UPPER_k0,15,15,1277,1000,0.7830853563038371,999,0.456,0.543,-0.087,0.2558313669877437,3.4719971234050933,3.5571056984310796,-0.03209876543208077,0.4842319430315361,0.5147507629704985,0.8229908443540183,0.4903357070193286,466,383,134,0,849,0.474059003051882,0.3896236012207528,0.1363173957273652,0.0,0.0844354018311292,0.0048602896196481525,tested,0.044669333157212734
NQ,UPPER_k0,15,20,1277,1000,0.7830853563038371,999,0.456,0.543,-0.087,0.09958591954639384,3.869077600771567,4.089075865082614,-0.04999999999998325,0.47812817904374366,0.5218718209562564,0.8372329603255341,0.5412004069175992,466,383,134,0,849,0.474059003051882,0.3896236012207528,0.1363173957273652,0.0,0.0844354018311292,0.0048602896196481525,tested,0.044669333157212734
NQ,UPPER_k0,15,30,1277,1000,0.7830853563038371,999,0.456,0.543,-0.087,0.20783790999255938,4.4491818487790615,4.783944896833724,-0.04999999999998325,0.4801627670396745,0.5198372329603256,0.8585961342828077,0.6032553407934893,466,383,134,0,849,0.474059003051882,0.3896236012207528,0.1363173957273652,0.0,0.0844354018311292,0.0048602896196481525,tested,0.044669333157212734
NQ,UPPER_k0,15,60,1277,1000,0.7830853563038371,999,0.456,0.543,-0.087,0.8374541284275284,5.634865275455932,5.919984407183468,-0.06727272727274043,0.4801627670396745,0.5198372329603256,0.8830111902339777,0.6754832146490336,466,383,134,0,849,0.474059003051882,0.3896236012207528,0.1363173957273652,0.0,0.0844354018311292,0.0048602896196481525,tested,0.044669333157212734
NQ,UPPER_k0,15,120,1277,1000,0.7830853563038371,999,0.456,0.543,-0.087,0.8434272536256197,7.177825104237922,7.232824596885998,-0.04173913043480795,0.474059003051882,0.525940996948118,0.8982706002034588,0.7395727365208545,466,383,134,0,849,0.474059003051882,0.3896236012207528,0.1363173957273652,0.0,0.0844354018311292,0.0048602896196481525,tested,0.044669333157212734
NQ,UPPER_k0,20,1,1277,1025,0.8026624902114331,1024,0.46146341463414636,0.5375609756097561,-0.07609756097560975,0.18663770378117328,1.1189592436053137,0.9098956037819266,0.13333333333333333,0.5382323733862959,0.45878848063555117,0.5729890764647467,0.0,416,347,133,111,763,0.4131082423038729,0.3445878848063555,0.1320754716981132,0.11022840119165839,0.06852035749751738,0.013773016232409613,tested,0.06927465145924261
NQ,UPPER_k0,20,2,1277,1025,0.8026624902114331,1024,0.46146341463414636,0.5375609756097561,-0.07609756097560975,0.2544571739363246,1.5370694194912438,1.3447303869540423,0.10112359550561799,0.5283018867924528,0.4716981132075472,0.6673286991062563,0.0814299900695134,455,374,135,43,829,0.45183714001986097,0.3714001986097319,0.13406156901688182,0.04270109235352532,0.0804369414101291,0.0054292321821873355,tested,0.044669333157212734
NQ,UPPER_k0,20,3,1277,1025,0.8026624902114331,1024,0.46146341463414636,0.5375609756097561,-0.07609756097560975,0.26485912318304355,1.8307933044752345,1.639573973218482,0.05600000000005821,0.5124131082423039,0.48758689175769615,0.7070506454816285,0.16782522343594836,467,383,135,22,850,0.4637537239324727,0.38033763654419067,0.13406156901688182,0.021847070506454815,0.08341608738828203,0.004387533535179748,tested,0.044669333157212734
NQ,UPPER_k0,20,4,1277,1025,0.8026624902114331,1024,0.46146341463414636,0.5375609756097561,-0.07609756097560975,0.19721217028359134,2.0686252588518093,2.0312847617319236,0.018947368421083268,0.5044687189672294,0.4955312810327706,0.7348560079443893,0.23038728897715988,472,388,135,12,860,0.46871896722939427,0.3853028798411122,0.13406156901688182,0.011916583912611719,0.08341608738828203,0.0046228135361539874,tested,0.044669333157212734
NQ,UPPER_k0,20,5,1277,1025,0.8026624902114331,1024,0.46146341463414636,0.5375609756097561,-0.07609756097560975,0.23655498098033234,2.268011340085116,2.3519297821051386,0.0199004975124378,0.5074478649453823,0.4925521350546177,0.7537239324726912,0.2800397219463754,473,389,135,10,862,0.46971201588877853,0.38629592850049654,0.13406156901688182,0.009930486593843098,0.08341608738828203,0.004670707630740265,tested,0.044669333157212734
NQ,UPPER_k0,20,10,1277,1025,0.8026624902114331,1024,0.46146341463414636,0.5375609756097561,-0.07609756097560975,0.14261592254972752,2.9594167602521724,3.0869745325651543,-0.012177985948471018,0.4945382323733863,0.5054617676266137,0.8043694141012909,0.41807348560079444,477,394,135,1,871,0.47368421052631576,0.3912611717974181,0.13406156901688182,0.0009930486593843098,0.08242303872889771,0.005431607624955472,tested,0.044669333157212734
NQ,UPPER_k0,20,15,1277,1025,0.8026624902114331,1024,0.46146341463414636,0.5375609756097561,-0.07609756097560975,0.24711417199917257,3.4273175474164486,3.5339379106182847,-0.033082706766928247,0.4826216484607746,0.5163853028798411,0.8262164846077458,0.4915590863952334,477,395,135,0,872,0.47368421052631576,0.39225422045680236,0.13406156901688182,0.0,0.0814299900695134,0.006056227121856757,tested,0.044669333157212734
NQ,UPPER_k0,20,20,1277,1025,0.8026624902114331,1024,0.46146341463414636,0.5375609756097561,-0.07609756097560975,0.10769372379266028,3.8478238757313896,4.024092090123371,-0.05007194244604729,0.4756703078450844,0.5243296921549155,0.8401191658391262,0.5412115193644489,477,395,135,0,872,0.47368421052631576,0.39225422045680236,0.13406156901688182,0.0,0.0814299900695134,0.006056227121856757,tested,0.044669333157212734
NQ,UPPER_k0,20,30,1277,1025,0.8026624902114331,1024,0.46146341463414636,0.5375609756097561,-0.07609756097560975,0.2514402771738959,4.41473881218771,4.752077804578188,-0.04999999999998325,0.48063555114200596,0.519364448857994,0.8609731876861966,0.602780536246276,477,395,135,0,872,0.47368421052631576,0.39225422045680236,0.13406156901688182,0.0,0.0814299900695134,0.006056227121856757,tested,0.044669333157212734
NQ,UPPER_k0,20,60,1277,1025,0.8026624902114331,1024,0.46146341463414636,0.5375609756097561,-0.07609756097560975,0.8291864297300499,5.4907916227889215,5.9119756689857645,-0.06727272727274043,0.48063555114200596,0.519364448857994,0.8848063555114201,0.6742800397219464,477,395,135,0,872,0.47368421052631576,0.39225422045680236,0.13406156901688182,0.0,0.0814299900695134,0.006056227121856757,tested,0.044669333157212734
NQ,UPPER_k0,20,120,1277,1025,0.8026624902114331,1024,0.46146341463414636,0.5375609756097561,-0.07609756097560975,0.7950288260163989,7.034808387087813,7.150236263953486,-0.04173913043480795,0.4746772591857001,0.5253227408142999,0.8997020854021847,0.7398212512413108,477,395,135,0,872,0.47368421052631576,0.39225422045680236,0.13406156901688182,0.0,0.0814299900695134,0.006056227121856757,tested,0.044669333157212734
NQ,UPPER_k0,30,1,1277,1056,0.826938136256852,1055,0.4630681818181818,0.5359848484848485,-0.07291666666666667,0.18663770378117328,1.104138013358641,0.8949346674612291,0.13714285714294025,0.5400966183574879,0.4570048309178744,0.5700483091787439,0.0,424,355,133,123,779,0.4096618357487923,0.34299516908212563,0.1285024154589372,0.11884057971014493,0.06666666666666667,0.014783384374198098,tested,0.07084314888229583
NQ,UPPER_k0,30,2,1277,1056,0.826938136256852,1055,0.4630681818181818,0.5359848484848485,-0.07291666666666667,0.24041671499794556,1.5057978963771377,1.2912175964488029,0.09166666666669696,0.5265700483091788,0.47342995169082125,0.6676328502415458,0.08309178743961353,465,386,135,49,851,0.4492753623188406,0.37294685990338167,0.13043478260869565,0.04734299516908213,0.07632850241545894,0.007463561256022331,tested,0.048815724971821725
NQ,UPPER_k0,30,3,1277,1056,0.826938136256852,1055,0.4630681818181818,0.5359848484848485,-0.07291666666666667,0.2757027275942569,1.8000129997098364,1.597127904950136,0.05600000000005821,0.5130434782608696,0.48695652173913045,0.706280193236715,0.1681159420289855,479,395,135,26,874,0.4628019323671498,0.38164251207729466,0.13043478260869565,0.025120772946859903,0.08115942028985507,0.00496393334430947,tested,0.044669333157212734
NQ,UPPER_k0,30,4,1277,1056,0.826938136256852,1055,0.4630681818181818,0.5359848484848485,-0.07291666666666667,0.21379048433252576,2.0286576458543206,1.9500424894723083,0.023584905660377353,0.5053140096618357,0.49468599033816424,0.7333333333333333,0.22995169082125605,487,400,135,13,887,0.47053140096618357,0.3864734299516908,0.13043478260869565,0.012560386473429951,0.08405797101449275,0.0038573869229254418,tested,0.04387061271250722
NQ,UPPER_k0,30,5,1277,1056,0.826938136256852,1055,0.4630681818181818,0.5359848484848485,-0.07291666666666667,0.23655498098033234,2.2523834605013002,2.2823239504652717,0.02199999999997089,0.5082125603864734,0.49178743961352656,0.7516908212560387,0.2792270531400966,488,401,135,11,889,0.4714975845410628,0.38743961352657,0.13043478260869565,0.010628019323671498,0.08405797101449275,0.0038975957575161377,tested,0.04387061271250722
NQ,UPPER_k0,30,10,1277,1056,0.826938136256852,1055,0.4630681818181818,0.5359848484848485,-0.07291666666666667,0.16713168523979824,2.948462837229599,3.0041846763210662,-0.007308970099658112,0.4966183574879227,0.5033816425120773,0.8048309178743961,0.41932367149758454,492,407,135,1,899,0.4753623188405797,0.3932367149758454,0.13043478260869565,0.000966183574879227,0.0821256038647343,0.005057618382151469,tested,0.044669333157212734
NQ,UPPER_k0,30,15,1277,1056,0.826938136256852,1055,0.4630681818181818,0.5359848484848485,-0.07291666666666667,0.24711417199917257,3.3985681810586965,3.4835919858520414,-0.028888888888872716,0.485024154589372,0.5140096618357488,0.8270531400966183,0.4956521739130435,492,408,135,0,900,0.4753623188405797,0.39420289855072466,0.13043478260869565,0.0,0.08115942028985507,0.005633634348179284,tested,0.044669333157212734
NQ,UPPER_k0,30,20,1277,1056,0.826938136256852,1055,0.4630681818181818,0.5359848484848485,-0.07291666666666667,0.14672264726175016,3.8219639683062363,3.967156469306888,-0.043749999999999976,0.4811594202898551,0.518840579710145,0.8415458937198068,0.5449275362318841,492,408,135,0,900,0.4753623188405797,0.39420289855072466,0.13043478260869565,0.0,0.08115942028985507,0.005633634348179284,tested,0.044669333157212734
NQ,UPPER_k0,30,30,1277,1056,0.826938136256852,1055,0.4630681818181818,0.5359848484848485,-0.07291666666666667,0.19313482598422682,4.3513766219132375,4.69486179729266,-0.04269662921346134,0.4830917874396135,0.5169082125603864,0.8618357487922705,0.6057971014492753,492,408,135,0,900,0.4753623188405797,0.39420289855072466,0.13043478260869565,0.0,0.08115942028985507,0.005633634348179284,tested,0.044669333157212734
NQ,UPPER_k0,30,60,1277,1056,0.826938136256852,1055,0.4630681818181818,0.5359848484848485,-0.07291666666666667,0.6593653609981767,5.4486621256489505,5.90078016575123,-0.075536480686689,0.4782608695652174,0.5217391304347826,0.885024154589372,0.6763285024154589,492,408,135,0,900,0.4753623188405797,0.39420289855072466,0.13043478260869565,0.0,0.08115942028985507,0.005633634348179284,tested,0.044669333157212734
NQ,UPPER_k0,30,120,1277,1056,0.826938136256852,1055,0.4630681818181818,0.5359848484848485,-0.07291666666666667,0.7405071584785531,6.822193948717025,7.150236263953486,-0.051925192519248764,0.47246376811594204,0.527536231884058,0.8995169082125604,0.7410628019323672,492,408,135,0,900,0.4753623188405797,0.39420289855072466,0.13043478260869565,0.0,0.08115942028985507,0.005633634348179284,tested,0.044669333157212734
NQ,UPPER_k0,60,1,1277,1094,0.8566953797963978,1093,0.463436928702011,0.5356489945155393,-0.07221206581352833,0.1580936962614854,1.0909736764975777,0.8557736399213152,0.13589743589751047,0.5387488328664799,0.4584500466853408,0.5770308123249299,0.0,432,360,134,145,792,0.40336134453781514,0.33613445378151263,0.12511671335200747,0.1353874883286648,0.06722689075630252,0.011592789997205831,tested,0.0634001170468658
NQ,UPPER_k0,60,2,1277,1094,0.8566953797963978,1093,0.463436928702011,0.5356489945155393,-0.07221206581352833,0.22756265712877957,1.4790947576518159,1.2452192539005678,0.0916666666665454,0.5256769374416433,0.47432306255835666,0.673202614379085,0.08496732026143791,477,398,136,60,875,0.44537815126050423,0.3716153127917834,0.12698412698412698,0.056022408963585436,0.07376283846872082,0.008330307656012536,tested,0.05221025187877167
NQ,UPPER_k0,60,3,1277,1094,0.8566953797963978,1093,0.463436928702011,0.5356489945155393,-0.07221206581352833,0.2757027275942569,1.777236516286735,1.514206291712103,0.060999999999985406,0.5144724556489262,0.48552754435107376,0.711484593837535,0.16900093370681607,494,407,136,34,901,0.4612511671335201,0.3800186741363212,0.12698412698412698,0.031746031746031744,0.08123249299719888,0.004143937884314263,tested,0.044669333157212734
NQ,UPPER_k0,60,4,1277,1094,0.8566953797963978,1093,0.463436928702011,0.5356489945155393,-0.07221206581352833,0.17981002436335047,1.9598062448214417,1.8907522579683502,0.018947368421083268,0.5051353874883286,0.49486461251167135,0.7376283846872083,0.2334267040149393,502,413,136,20,915,0.46872082166199813,0.38562091503267976,0.12698412698412698,0.018674136321195144,0.08309990662931839,0.0036007321740147754,tested,0.04360014526476367
NQ,UPPER_k0,60,5,1277,1094,0.8566953797963978,1093,0.463436928702011,0.5356489945155393,-0.07221206581352833,0.196188603952886,2.218697006799807,2.178860542780808,0.018947368421083268,0.5070028011204482,0.49299719887955185,0.7572362278244631,0.28291316526610644,503,416,136,16,919,0.4696545284780579,0.388422035480859,0.12698412698412698,0.014939309056956116,0.08123249299719888,0.004529816932529388,tested,0.044669333157212734
NQ,UPPER_k0,60,10,1277,1094,0.8566953797963978,1093,0.463436928702011,0.5356489945155393,-0.07221206581352833,0.16288674784214954,2.8719686550055346,2.931451646669251,-0.005405405405425044,0.4976657329598506,0.5023342670401494,0.8104575163398693,0.42203548085901027,509,424,136,2,933,0.4752567693744164,0.39589169000933705,0.12698412698412698,0.0018674136321195146,0.07936507936507936,0.005929529821758713,tested,0.044669333157212734
NQ,UPPER_k0,60,15,1277,1094,0.8566953797963978,1093,0.463436928702011,0.5356489945155393,-0.07221206581352833,0.23122913469975748,3.3288532785816853,3.4145081978513496,-0.028888888888872716,0.48552754435107376,0.5135387488328664,0.8319327731092437,0.49673202614379086,509,425,136,1,934,0.4752567693744164,0.3968253968253968,0.12698412698412698,0.0009337068160597573,0.0784313725490196,0.006579859401128432,tested,0.045495027859230874
NQ,UPPER_k0,60,20,1277,1094,0.8566953797963978,1093,0.463436928702011,0.5356489945155393,-0.07221206581352833,0.16545181073664478,3.7345782182309923,3.8869149967404755,-0.043749999999999976,0.48179271708683474,0.5182072829131653,0.84593837535014,0.5471521942110178,510,425,136,0,935,0.47619047619047616,0.3968253968253968,0.12698412698412698,0.0,0.07936507936507936,0.00598319159451614,tested,0.044669333157212734
NQ,UPPER_k0,60,30,1277,1094,0.8566953797963978,1093,0.463436928702011,0.5356489945155393,-0.07221206581352833,0.19313482598422682,4.29357816967534,4.631635936104532,-0.028888888888872716,0.48552754435107376,0.5144724556489262,0.865546218487395,0.6078431372549019,510,425,136,0,935,0.47619047619047616,0.3968253968253968,0.12698412698412698,0.0,0.07936507936507936,0.00598319159451614,tested,0.044669333157212734
NQ,UPPER_k0,60,60,1277,1094,0.8566953797963978,1093,0.463436928702011,0.5356489945155393,-0.07221206581352833,0.636733443609241,5.254880567525845,5.879209190472549,-0.0775969962453066,0.477124183006536,0.5228758169934641,0.8879551820728291,0.6797385620915033,510,425,136,0,935,0.47619047619047616,0.3968253968253968,0.12698412698412698,0.0,0.07936507936507936,0.00598319159451614,tested,0.044669333157212734
NQ,UPPER_k0,60,120,1277,1094,0.8566953797963978,1093,0.463436928702011,0.5356489945155393,-0.07221206581352833,0.709805420616586,6.66609249651315,7.059070765853494,-0.05396419437339778,0.4696545284780579,0.5303454715219421,0.9019607843137255,0.7441643323996265,510,425,136,0,935,0.47619047619047616,0.3968253968253968,0.12698412698412698,0.0,0.07936507936507936,0.00598319159451614,tested,0.044669333157212734
NQ,UPPER_k0,120,1,1277,1130,0.884886452623336,1129,0.46283185840707963,0.536283185840708,-0.07345132743362832,0.18309398298008991,1.0872619559015335,0.8208673323162683,0.15522388059703662,0.543970988213962,0.45330915684496825,0.5766092475067996,0.0,448,363,134,158,811,0.40616500453309157,0.329102447869447,0.1214868540344515,0.14324569356300998,0.0770625566636446,0.0031574162482708133,tested,0.04130241795035334
NQ,UPPER_k0,120,2,1277,1130,0.884886452623336,1129,0.46283185840707963,0.536283185840708,-0.07345132743362832,0.24041671499794556,1.4404152065826261,1.2089535614456492,0.10769230769241968,0.5330915684496826,0.4669084315503173,0.670897552130553,0.0843155031731641,497,404,136,66,901,0.45058930190389845,0.36627379873073435,0.12330009066183137,0.05983680870353581,0.0843155031731641,0.0021596383133942777,tested,0.03590937432127362
NQ,UPPER_k0,120,3,1277,1130,0.884886452623336,1129,0.46283185840707963,0.536283185840708,-0.07345132743362832,0.30194054243855944,1.7631081746565198,1.4626964566961589,0.08837209302332345,0.5213055303717135,0.4786944696282865,0.7089755213055303,0.16681776971894832,515,413,136,39,928,0.4669084315503173,0.3744333635539438,0.12330009066183137,0.03535811423390753,0.09247506799637353,0.0009051037895252108,tested,0.03429944076021213
NQ,UPPER_k0,120,4,1277,1130,0.884886452623336,1129,0.46283185840707963,0.536283185840708,-0.07345132743362832,0.21379048433252576,1.9408034185101122,1.8297203667428366,0.06947368421058762,0.5122393472348141,0.4877606527651859,0.7352674524025385,0.2302810516772439,526,419,136,22,945,0.4768812330009066,0.3798730734360834,0.12330009066183137,0.019945602901178604,0.09700815956482321,0.0005574660539343863,tested,0.03429944076021213
NQ,UPPER_k0,120,5,1277,1130,0.884886452623336,1129,0.46283185840707963,0.536283185840708,-0.07345132743362832,0.22256105275931964,2.195591290054387,2.101119135011195,0.040506329113933266,0.514052583862194,0.485947416137806,0.7543064369900272,0.27923844061650044,528,422,136,17,950,0.4786944696282865,0.3825929283771532,0.12330009066183137,0.015412511332728921,0.09610154125113328,0.0006500267646790433,tested,0.03429944076021213
NQ,UPPER_k0,120,10,1277,1130,0.884886452623336,1129,0.46283185840707963,0.536283185840708,-0.07345132743362832,0.17491948718115743,2.807281843874094,2.8346131741621745,0.014207650273255807,0.5040797824116047,0.4959202175883953,0.8068902991840435,0.42067089755213055,534,430,136,3,964,0.4841341795104261,0.3898458748866727,0.12330009066183137,0.0027198549410698096,0.0942883046237534,0.0008992474176802652,tested,0.03429944076021213
NQ,UPPER_k0,120,15,1277,1130,0.884886452623336,1129,0.46283185840707963,0.536283185840708,-0.07345132743362832,0.21511383537173592,3.279306607555971,3.3268716366669357,-0.01999999999999999,0.4904805077062557,0.5086128739800544,0.828649138712602,0.4959202175883953,534,431,136,2,965,0.4841341795104261,0.39075249320036265,0.12330009066183137,0.001813236627379873,0.09338168631006347,0.0010151974907049994,tested,0.03429944076021213
NQ,UPPER_k0,120,20,1277,1130,0.884886452623336,1129,0.46283185840707963,0.536283185840708,-0.07345132743362832,0.14572951429659367,3.664546593250525,3.8035009399277215,-0.029268292682855822,0.485040797824116,0.514959202175884,0.844061650045331,0.5485040797824116,535,432,136,0,967,0.485040797824116,0.3916591115140526,0.12330009066183137,0.0,0.09338168631006347,0.0010275658905435452,tested,0.03429944076021213
NQ,UPPER_k0,120,30,1277,1130,0.884886452623336,1129,0.46283185840707963,0.536283185840708,-0.07345132743362832,0.18273669070553122,4.22732118294993,4.492931655979212,-0.0267326732672979,0.48685403445149594,0.5131459655485041,0.8658204895738894,0.6101541251133273,535,432,136,0,967,0.485040797824116,0.3916591115140526,0.12330009066183137,0.0,0.09338168631006347,0.0010275658905435452,tested,0.03429944076021213
NQ,UPPER_k0,120,60,1277,1130,0.884886452623336,1129,0.46283185840707963,0.536283185840708,-0.07345132743362832,0.6050845706807613,5.193015565986345,5.8278924599253745,-0.0775969962453066,0.4759746146872167,0.5240253853127833,0.8875793291024479,0.6835902085222122,535,432,136,0,967,0.485040797824116,0.3916591115140526,0.12330009066183137,0.0,0.09338168631006347,0.0010275658905435452,tested,0.03429944076021213
NQ,UPPER_k0,120,120,1277,1130,0.884886452623336,1129,0.46283185840707963,0.536283185840708,-0.07345132743362832,0.5652638454130876,6.44710294425984,6.95776009444959,-0.07358916478556621,0.46509519492293744,0.5349048050770625,0.9011786038077969,0.7461468721668177,535,432,136,0,967,0.485040797824116,0.3916591115140526,0.12330009066183137,0.0,0.09338168631006347,0.0010275658905435452,tested,0.03429944076021213
NQ,UPPER_k1,1,1,1277,228,0.17854346123727485,228,0.4780701754385965,0.5219298245614035,-0.043859649122807015,0.30282286394584457,1.5546135820359908,1.1891448256321615,0.1082605470445902,0.5176991150442478,0.4823008849557522,0.6592920353982301,0.0,100,77,42,7,177,0.4424778761061947,0.3407079646017699,0.18584070796460178,0.030973451327433628,0.10176991150442478,0.09792971039700335,tested,0.2527892257714647
NQ,UPPER_k1,1,2,1277,228,0.17854346123727485,228,0.4780701754385965,0.5219298245614035,-0.043859649122807015,0.18042490132333155,2.148624434643963,1.8371641375623926,0.021882024195866913,0.5176991150442478,0.4823008849557522,0.7345132743362832,0.10619469026548672,102,81,43,0,183,0.45132743362831856,0.3584070796460177,0.1902654867256637,0.0,0.09292035398230089,0.1390761772764311,tested,0.3157051064686818
NQ,UPPER_k1,1,3,1277,228,0.17854346123727485,228,0.4780701754385965,0.5219298245614035,-0.043859649122807015,0.14520187340200302,2.571344367695505,2.0543092034579935,-0.0015840597283002865,0.5,0.5,0.7787610619469026,0.17256637168141592,102,81,43,0,183,0.45132743362831856,0.3584070796460177,0.1902654867256637,0.0,0.09292035398230089,0.1390761772764311,tested,0.3157051064686818
NQ,UPPER_k1,1,4,1277,228,0.17854346123727485,228,0.4780701754385965,0.5219298245614035,-0.043859649122807015,-0.14062843853921542,2.7699795507179585,2.574039693080186,0.026642927069991135,0.5088495575221239,0.4911504424778761,0.7876106194690266,0.24778761061946902,102,81,43,0,183,0.45132743362831856,0.3584070796460177,0.1902654867256637,0.0,0.09292035398230089,0.1390761772764311,tested,0.3157051064686818
NQ,UPPER_k1,1,5,1277,228,0.17854346123727485,228,0.4780701754385965,0.5219298245614035,-0.043859649122807015,0.24933835084815376,3.105823567209905,3.0106593229875975,-0.0005400155878039362,0.5,0.5,0.8097345132743363,0.2743362831858407,102,81,43,0,183,0.45132743362831856,0.3584070796460177,0.1902654867256637,0.0,0.09292035398230089,0.1390761772764311,tested,0.3157051064686818
NQ,UPPER_k1,1,10,1277,228,0.17854346123727485,228,0.4780701754385965,0.5219298245614035,-0.043859649122807015,-0.14887714295483134,3.6930743111759012,4.186558613027051,-0.006553347841963284,0.5,0.5,0.8584070796460177,0.41150442477876104,102,81,43,0,183,0.45132743362831856,0.3584070796460177,0.1902654867256637,0.0,0.09292035398230089,0.1390761772764311,tested,0.3157051064686818
NQ,UPPER_k1,1,15,1277,228,0.17854346123727485,228,0.4780701754385965,0.5219298245614035,-0.043859649122807015,0.7890813524080756,4.234447120228103,4.487955408868743,0.02172113928668043,0.504424778761062,0.49557522123893805,0.8805309734513275,0.47345132743362833,102,81,43,0,183,0.45132743362831856,0.3584070796460177,0.1902654867256637,0.0,0.09292035398230089,0.1390761772764311,tested,0.3157051064686818
NQ,UPPER_k1,1,20,1277,228,0.17854346123727485,228,0.4780701754385965,0.5219298245614035,-0.043859649122807015,0.553761559547949,5.126318010649165,5.275997754965788,-0.04484261605893761,0.4823008849557522,0.5176991150442478,0.8982300884955752,0.5575221238938053,102,81,43,0,183,0.45132743362831856,0.3584070796460177,0.1902654867256637,0.0,0.09292035398230089,0.1390761772764311,tested,0.3157051064686818
NQ,UPPER_k1,1,30,1277,228,0.17854346123727485,228,0.4780701754385965,0.5219298245614035,-0.043859649122807015,1.650201463900213,5.893851323697586,5.977159129599972,0.01717353666310336,0.5088495575221239,0.4911504424778761,0.911504424778761,0.5929203539823009,102,81,43,0,183,0.45132743362831856,0.3584070796460177,0.1902654867256637,0.0,0.09292035398230089,0.1390761772764311,tested,0.3157051064686818
NQ,UPPER_k1,1,60,1277,228,0.17854346123727485,228,0.4780701754385965,0.5219298245614035,-0.043859649122807015,1.8753876198822736,7.701134017003298,7.6859266065530125,0.030599256294347447,0.5132743362831859,0.48672566371681414,0.9247787610619469,0.668141592920354,102,81,43,0,183,0.45132743362831856,0.3584070796460177,0.1902654867256637,0.0,0.09292035398230089,0.1390761772764311,tested,0.3157051064686818
NQ,UPPER_k1,1,120,1277,228,0.17854346123727485,228,0.4780701754385965,0.5219298245614035,-0.043859649122807015,2.0975915826643856,10.25394869513844,8.666653190578772,0.032223677734014924,0.5132743362831859,0.48672566371681414,0.9336283185840708,0.7212389380530974,102,81,43,0,183,0.45132743362831856,0.3584070796460177,0.1902654867256637,0.0,0.09292035398230089,0.1390761772764311,tested,0.3157051064686818
NQ,UPPER_k1,2,1,1277,429,0.3359436178543461,429,0.44988344988344986,0.5501165501165501,-0.10023310023310024,0.35264629717053203,1.3937829121166647,0.9453671019034237,0.21932054390703742,0.5471698113207547,0.4528301886792453,0.6155660377358491,0.0,193,140,60,31,333,0.455188679245283,0.330188679245283,0.14150943396226415,0.07311320754716981,0.125,0.004307697404786585,tested,0.044669333157212734
NQ,UPPER_k1,2,2,1277,429,0.3359436178543461,429,0.44988344988344986,0.5501165501165501,-0.10023310023310024,0.39995584579447196,1.9062491685930532,1.3967260762569802,0.1378845600622404,0.5448113207547169,0.455188679245283,0.6863207547169812,0.09198113207547169,206,150,62,6,356,0.4858490566037736,0.35377358490566035,0.14622641509433962,0.014150943396226415,0.1320754716981132,0.00349859090289546,tested,0.043418410179523144
NQ,UPPER_k1,2,3,1277,429,0.3359436178543461,429,0.44988344988344986,0.5501165501165501,-0.10023310023310024,0.1920913274422409,2.349444421015244,1.697087428922149,0.1214859801639705,0.535377358490566,0.46462264150943394,0.7358490566037735,0.1721698113207547,208,150,62,4,358,0.49056603773584906,0.35377358490566035,0.14622641509433962,0.009433962264150943,0.13679245283018868,0.0025423239872508284,tested,0.036588302327143885
NQ,UPPER_k1,2,4,1277,429,0.3359436178543461,429,0.44988344988344986,0.5501165501165501,-0.10023310023310024,0.27972356686374267,2.5097179310927142,2.0211553884521445,0.0654556162883295,0.5235849056603774,0.47641509433962265,0.7665094339622641,0.25,208,151,62,3,359,0.49056603773584906,0.3561320754716981,0.14622641509433962,0.007075471698113208,0.13443396226415094,0.00306721489791506,tested,0.04130241795035334
NQ,UPPER_k1,2,5,1277,429,0.3359436178543461,429,0.44988344988344986,0.5501165501165501,-0.10023310023310024,0.6738352219924479,2.8047574126009995,2.3020516363384136,0.050672635146251026,0.5165094339622641,0.4834905660377358,0.785377358490566,0.2830188679245283,209,151,62,2,360,0.49292452830188677,0.3561320754716981,0.14622641509433962,0.0047169811320754715,0.13679245283018868,0.002614244136067824,tested,0.03667519309729932
NQ,UPPER_k1,2,10,1277,429,0.3359436178543461,429,0.44988344988344986,0.5501165501165501,-0.10023310023310024,0.42609209254494623,3.5206001082025162,3.4612675886411846,0.057097761126602004,0.5212264150943396,0.47877358490566035,0.8349056603773585,0.41745283018867924,209,152,62,1,361,0.49292452830188677,0.3584905660377358,0.14622641509433962,0.0023584905660377358,0.13443396226415094,0.003150656880360618,tested,0.04130241795035334
NQ,UPPER_k1,2,15,1277,429,0.3359436178543461,429,0.44988344988344986,0.5501165501165501,-0.10023310023310024,0.9336256386544233,4.0051526577217444,3.896028935099407,0.04796491376876383,0.5235849056603774,0.47641509433962265,0.8490566037735849,0.4858490566037736,209,152,62,1,361,0.49292452830188677,0.3584905660377358,0.14622641509433962,0.0023584905660377358,0.13443396226415094,0.003150656880360618,tested,0.04130241795035334
NQ,UPPER_k1,2,20,1277,429,0.3359436178543461,429,0.44988344988344986,0.5501165501165501,-0.10023310023310024,0.748535895561752,4.53264930932229,4.554780841541923,0.05111915888865043,0.5165094339622641,0.4834905660377358,0.8632075471698113,0.5471698113207547,209,153,62,0,362,0.49292452830188677,0.3608490566037736,0.14622641509433962,0.0,0.1320754716981132,0.003783483680000153,tested,0.04360014526476367
NQ,UPPER_k1,2,30,1277,429,0.3359436178543461,429,0.44988344988344986,0.5501165501165501,-0.10023310023310024,1.5078122413748987,5.527613734641389,5.219491270178078,0.08643579699562959,0.5283018867924528,0.4716981132075472,0.8820754716981132,0.6061320754716981,209,153,62,0,362,0.49292452830188677,0.3608490566037736,0.14622641509433962,0.0,0.1320754716981132,0.003783483680000153,tested,0.04360014526476367
NQ,UPPER_k1,2,60,1277,429,0.3359436178543461,429,0.44988344988344986,0.5501165501165501,-0.10023310023310024,1.8615382763762107,7.191743537196615,6.746328251836088,0.07097701590205541,0.5259433962264151,0.4740566037735849,0.9056603773584906,0.6768867924528302,209,153,62,0,362,0.49292452830188677,0.3608490566037736,0.14622641509433962,0.0,0.1320754716981132,0.003783483680000153,tested,0.04360014526476367
NQ,UPPER_k1,2,120,1277,429,0.3359436178543461,429,0.44988344988344986,0.5501165501165501,-0.10023310023310024,1.2091374923262057,9.0840836574402,8.268123669417669,0.0964174469737836,0.5259433962264151,0.4740566037735849,0.9221698113207547,0.7405660377358491,209,153,62,0,362,0.49292452830188677,0.3608490566037736,0.14622641509433962,0.0,0.1320754716981132,0.003783483680000153,tested,0.04360014526476367
NQ,UPPER_k1,3,1,1277,534,0.418167580266249,534,0.4419475655430712,0.5580524344569289,-0.11610486891385768,0.2609982296970317,1.2630190817906708,0.928050914322888,0.20663393397630392,0.5435606060606061,0.4564393939393939,0.625,0.0,231,176,71,50,407,0.4375,0.3333333333333333,0.13446969696969696,0.0946969696969697,0.10416666666666667,0.007360458463539689,tested,0.048800847895249445
NQ,UPPER_k1,3,2,1277,534,0.418167580266249,534,0.4419475655430712,0.5580524344569289,-0.11610486891385768,0.28185638551533887,1.7514817162556193,1.3804480780585946,0.0860433982987814,0.5284090909090909,0.4715909090909091,0.6988636363636364,0.09848484848484848,249,190,74,15,439,0.4715909090909091,0.35984848484848486,0.14015151515151514,0.028409090909090908,0.11174242424242424,0.005576240975184428,tested,0.044669333157212734
NQ,UPPER_k1,3,3,1277,534,0.418167580266249,534,0.4419475655430712,0.5580524344569289,-0.11610486891385768,0.1920913274422409,2.1525715293619134,1.7386492012489674,0.08112301817727191,0.5227272727272727,0.4772727272727273,0.75,0.17992424242424243,253,196,74,5,449,0.4791666666666667,0.3712121212121212,0.14015151515151514,0.00946969696969697,0.10795454545454546,0.008150892035308895,tested,0.05221025187877167
NQ,UPPER_k1,3,4,1277,534,0.418167580266249,534,0.4419475655430712,0.5580524344569289,-0.11610486891385768,0.27972356686374267,2.416675744844802,2.055218693295303,0.042473504421301676,0.5113636363636364,0.48863636363636365,0.7803030303030303,0.2518939393939394,253,198,74,3,451,0.4791666666666667,0.375,0.14015151515151514,0.005681818181818182,0.10416666666666667,0.010917098125705274,tested,0.06104305247834164
NQ,UPPER_k1,3,5,1277,534,0.418167580266249,534,0.4419475655430712,0.5580524344569289,-0.11610486891385768,0.48411251625083895,2.6402736840895242,2.328558065395602,0.018327501649582925,0.5037878787878788,0.4962121212121212,0.8011363636363636,0.2935606060606061,254,198,74,2,452,0.4810606060606061,0.375,0.14015151515151514,0.003787878787878788,0.10606060606060606,0.009605645192006735,tested,0.056353118459772845
NQ,UPPER_k1,3,10,1277,534,0.418167580266249,534,0.4419475655430712,0.5580524344569289,-0.11610486891385768,0.3545608335666915,3.266365987689466,3.3595281422206953,0.04045115684348689,0.5132575757575758,0.48674242424242425,0.8446969696969697,0.42424242424242425,254,199,74,1,453,0.4810606060606061,0.3768939393939394,0.14015151515151514,0.001893939393939394,0.10416666666666667,0.011095033950880474,tested,0.06104305247834164
NQ,UPPER_k1,3,15,1277,534,0.418167580266249,534,0.4419475655430712,0.5580524344569289,-0.11610486891385768,0.6653455447747684,3.8270180060312358,3.8498082002411502,0.029480660715461064,0.5113636363636364,0.48863636363636365,0.8560606060606061,0.4981060606060606,254,199,74,1,453,0.4810606060606061,0.3768939393939394,0.14015151515151514,0.001893939393939394,0.10416666666666667,0.011095033950880474,tested,0.06104305247834164
NQ,UPPER_k1,3,20,1277,534,0.418167580266249,534,0.4419475655430712,0.5580524344569289,-0.11610486891385768,0.5817617318199693,4.257353247560749,4.500128464090356,0.015434286190666939,0.5075757575757576,0.49242424242424243,0.8674242424242424,0.5568181818181818,254,200,74,0,454,0.4810606060606061,0.3787878787878788,0.14015151515151514,0.0,0.10227272727272728,0.01278176672030501,tested,0.06798214387502884
NQ,UPPER_k1,3,30,1277,534,0.418167580266249,534,0.4419475655430712,0.5580524344569289,-0.11610486891385768,1.3328742153611106,5.210375618435841,5.168166941698344,0.040842754007286486,0.5170454545454546,0.48295454545454547,0.8825757575757576,0.6079545454545454,254,200,74,0,454,0.4810606060606061,0.3787878787878788,0.14015151515151514,0.0,0.10227272727272728,0.01278176672030501,tested,0.06798214387502884
NQ,UPPER_k1,3,60,1277,534,0.418167580266249,534,0.4419475655430712,0.5580524344569289,-0.11610486891385768,1.797054446329626,6.662370687334075,6.4838911330317215,0.07488073957750653,0.5265151515151515,0.4734848484848485,0.9071969696969697,0.6742424242424242,254,200,74,0,454,0.4810606060606061,0.3787878787878788,0.14015151515151514,0.0,0.10227272727272728,0.01278176672030501,tested,0.06798214387502884
NQ,UPPER_k1,3,120,1277,534,0.418167580266249,534,0.4419475655430712,0.5580524344569289,-0.11610486891385768,1.2091374923262057,8.594119583283486,8.152069989822738,0.07382579450620821,0.5189393939393939,0.4810606060606061,0.9223484848484849,0.7348484848484849,254,200,74,0,454,0.4810606060606061,0.3787878787878788,0.14015151515151514,0.0,0.10227272727272728,0.01278176672030501,tested,0.06798214387502884
NQ,UPPER_k1,4,1,1277,596,0.4667188723570869,596,0.4513422818791946,0.5486577181208053,-0.09731543624161074,0.23466199581199632,1.2308835316029643,0.9344601852735158,0.17420721111314683,0.5382003395585738,0.4617996604414261,0.6281833616298812,0.0,251,200,77,61,451,0.42614601018675724,0.3395585738539898,0.1307300509337861,0.1035653650254669,0.0865874363327674,0.01845340524560627,tested,0.08193989118232509
NQ,UPPER_k1,4,2,1277,596,0.4667188723570869,596,0.4513422818791946,0.5486577181208053,-0.09731543624161074,0.3087972202352469,1.719081873255337,1.3431618539290175,0.0919040369558705,0.5314091680814941,0.4685908319185059,0.7045840407470289,0.0933786078098472,271,216,80,22,487,0.4601018675721562,0.366723259762309,0.13582342954159593,0.03735144312393888,0.0933786078098472,0.014322534779981161,tested,0.06927465145924261
NQ,UPPER_k1,4,3,1277,596,0.4667188723570869,596,0.4513422818791946,0.5486577181208053,-0.09731543624161074,0.20679192457778836,2.068973328822117,1.612064642262287,0.09487508577166877,0.5280135823429541,0.47198641765704585,0.7521222410865874,0.17487266553480477,277,224,80,8,501,0.4702886247877759,0.38030560271646857,0.13582342954159593,0.013582342954159592,0.0899830220713073,0.020077635960941167,tested,0.08599624606279226
NQ,UPPER_k1,4,4,1277,596,0.4667188723570869,596,0.4513422818791946,0.5486577181208053,-0.09731543624161074,0.2540314686073697,2.361763088788982,1.9567041789314061,0.05513338779402196,0.5178268251273345,0.48217317487266553,0.7792869269949066,0.2529711375212224,278,226,80,5,504,0.47198641765704585,0.3837011884550085,0.13582342954159593,0.008488964346349746,0.08828522920203735,0.023008796556734684,tested,0.09397685682244376
NQ,UPPER_k1,4,5,1277,596,0.4667188723570869,596,0.4513422818791946,0.5486577181208053,-0.09731543624161074,0.2679993730866643,2.5080529828686466,2.1062351936483745,0.034026767423880194,0.5076400679117148,0.4923599320882852,0.799660441426146,0.298811544991511,279,226,80,4,505,0.47368421052631576,0.3837011884550085,0.13582342954159593,0.006791171477079796,0.0899830220713073,0.020578035646638806,tested,0.0873663969559051
NQ,UPPER_k1,4,10,1277,596,0.4667188723570869,596,0.4513422818791946,0.5486577181208053,-0.09731543624161074,0.4325365167053656,3.2211701333555887,3.122991699491724,0.049164700475990426,0.5161290322580645,0.4838709677419355,0.8404074702886248,0.42614601018675724,279,228,80,2,507,0.47368421052631576,0.3870967741935484,0.13582342954159593,0.003395585738539898,0.0865874363327674,0.02628214704306445,tested,0.10430375363282712
NQ,UPPER_k1,4,15,1277,596,0.4667188723570869,596,0.4513422818791946,0.5486577181208053,-0.09731543624161074,0.6684301396611046,3.7674648260500234,3.6442574477293155,0.04676512706153724,0.5178268251273345,0.48217317487266553,0.8539898132427843,0.5008488964346349,279,228,80,2,507,0.47368421052631576,0.3870967741935484,0.13582342954159593,0.003395585738539898,0.0865874363327674,0.02628214704306445,tested,0.10430375363282712
NQ,UPPER_k1,4,20,1277,596,0.4667188723570869,596,0.4513422818791946,0.5486577181208053,-0.09731543624161074,0.5691175708801506,4.119588657230152,4.23067745220848,0.02740521352964887,0.5127334465195246,0.4872665534804754,0.865874363327674,0.5568760611205433,279,229,80,1,508,0.47368421052631576,0.38879456706281834,0.13582342954159593,0.001697792869269949,0.08488964346349745,0.029603430363525904,tested,0.10854591133292832
NQ,UPPER_k1,4,30,1277,596,0.4667188723570869,596,0.4513422818791946,0.5486577181208053,-0.09731543624161074,1.2979617647497903,5.12969679948346,4.748886898298785,0.03267895490355366,0.5178268251273345,0.48217317487266553,0.8828522920203735,0.6112054329371817,280,229,80,0,509,0.47538200339558573,0.38879456706281834,0.13582342954159593,0.0,0.0865874363327674,0.02657975307536397,tested,0.10430375363282712
NQ,UPPER_k1,4,60,1277,596,0.4667188723570869,596,0.4513422818791946,0.5486577181208053,-0.09731543624161074,1.6648338119069688,6.556335546192846,6.368355923978792,0.06631896853089035,0.5229202037351444,0.4770797962648557,0.9083191850594228,0.6808149405772496,280,229,80,0,509,0.47538200339558573,0.38879456706281834,0.13582342954159593,0.0,0.0865874363327674,0.02657975307536397,tested,0.10430375363282712
NQ,UPPER_k1,4,120,1277,596,0.4667188723570869,596,0.4513422818791946,0.5486577181208053,-0.09731543624161074,1.2611727640805668,8.361273378391456,7.824631420966972,0.07387520071933022,0.5178268251273345,0.48217317487266553,0.9252971137521222,0.7419354838709677,280,229,80,0,509,0.47538200339558573,0.38879456706281834,0.13582342954159593,0.0,0.0865874363327674,0.02657975307536397,tested,0.10430375363282712
NQ,UPPER_k1,5,1,1277,632,0.49490994518402504,632,0.4572784810126582,0.5427215189873418,-0.08544303797468354,0.25898031658711446,1.231642352436196,0.9128050649099037,0.18391625473604484,0.544,0.456,0.6272,0.0,270,211,80,64,481,0.432,0.3376,0.128,0.1024,0.0944,0.008112955880877053,tested,0.05221025187877167
NQ,UPPER_k1,5,2,1277,632,0.49490994518402504,632,0.4572784810126582,0.5427215189873418,-0.08544303797468354,0.3230066150496576,1.7136435172773687,1.2961577404298272,0.1094849493977381,0.536,0.464,0.704,0.0928,291,229,83,22,520,0.4656,0.3664,0.1328,0.0352,0.0992,0.007413433161370912,tested,0.048815724971821725
NQ,UPPER_k1,5,3,1277,632,0.49490994518402504,632,0.4572784810126582,0.5427215189873418,-0.08544303797468354,0.2835480585025812,2.066625787741466,1.4863867990458124,0.12957886661852486,0.536,0.464,0.752,0.1712,297,237,83,8,534,0.4752,0.3792,0.1328,0.0128,0.096,0.010606955772713794,tested,0.060044053730917854
NQ,UPPER_k1,5,4,1277,632,0.49490994518402504,632,0.4572784810126582,0.5427215189873418,-0.08544303797468354,0.28721337872936964,2.3142988370894235,1.8827951676851653,0.07002156276190208,0.528,0.472,0.7776,0.2464,298,239,83,5,537,0.4768,0.3824,0.1328,0.008,0.0944,0.012247299780451327,tested,0.06660329318807238
NQ,UPPER_k1,5,5,1277,632,0.49490994518402504,632,0.4572784810126582,0.5427215189873418,-0.08544303797468354,0.359100555892363,2.4981162822079965,2.065696084569278,0.06464585210299605,0.5184,0.4816,0.8,0.2912,299,239,83,4,538,0.4784,0.3824,0.1328,0.0064,0.096,0.010901676864394182,tested,0.06104305247834164
NQ,UPPER_k1,5,10,1277,632,0.49490994518402504,632,0.4572784810126582,0.5427215189873418,-0.08544303797468354,0.4356319030443678,3.1886192899631327,2.9830630264553424,0.054856148711179054,0.5216,0.4784,0.8432,0.4256,299,241,83,2,540,0.4784,0.3856,0.1328,0.0032,0.0928,0.014096472751947768,tested,0.06927465145924261
NQ,UPPER_k1,5,15,1277,632,0.49490994518402504,632,0.4572784810126582,0.5427215189873418,-0.08544303797468354,0.6298822760255557,3.713625348719602,3.569058946492997,0.049164700475990426,0.52,0.48,0.8576,0.504,299,241,83,2,540,0.4784,0.3856,0.1328,0.0032,0.0928,0.014096472751947768,tested,0.06927465145924261
NQ,UPPER_k1,5,20,1277,632,0.49490994518402504,632,0.4572784810126582,0.5427215189873418,-0.08544303797468354,0.594405892759788,4.119588657230152,4.213757787942089,0.02740521352964887,0.512,0.488,0.8688,0.5584,299,242,83,1,541,0.4784,0.3872,0.1328,0.0016,0.0912,0.015978190746442224,tested,0.07504674325325604
NQ,UPPER_k1,5,30,1277,632,0.49490994518402504,632,0.4572784810126582,0.5427215189873418,-0.08544303797468354,1.2979617647497903,5.122065591743346,4.726129577796591,0.02711763456980412,0.5152,0.4848,0.8848,0.6144,300,242,83,0,542,0.48,0.3872,0.1328,0.0,0.0928,0.014275833831690581,tested,0.06927465145924261
NQ,UPPER_k1,5,60,1277,632,0.49490994518402504,632,0.4572784810126582,0.5427215189873418,-0.08544303797468354,1.736023119570116,6.563756589096025,6.304161255820828,0.06631896853089035,0.5232,0.4768,0.9088,0.6832,300,242,83,0,542,0.48,0.3872,0.1328,0.0,0.0928,0.014275833831690581,tested,0.06927465145924261
NQ,UPPER_k1,5,120,1277,632,0.49490994518402504,632,0.4572784810126582,0.5427215189873418,-0.08544303797468354,1.257481101160239,8.280622903560982,7.709566995054102,0.07793419805824738,0.52,0.48,0.9248,0.7424,300,242,83,0,542,0.48,0.3872,0.1328,0.0,0.0928,0.014275833831690581,tested,0.06927465145924261
NQ,UPPER_k1,10,1,1277,753,0.5896632732967894,753,0.46879150066401065,0.5312084993359893,-0.06241699867197875,0.18211377912429974,1.1458450929158408,0.8985791712156936,0.14880170817438435,0.5342281879194631,0.4657718120805369,0.6241610738255033,0.0,314,257,90,84,571,0.4214765100671141,0.34496644295302015,0.12080536912751678,0.11275167785234899,0.07651006711409396,0.01902359269083232,tested,0.0837038078396622
NQ,UPPER_k1,10,2,1277,753,0.5896632732967894,753,0.46879150066401065,0.5312084993359893,-0.06241699867197875,0.20477513957397003,1.5611186218671393,1.2483183101168855,0.07573632298776509,0.5261744966442953,0.4738255033557047,0.7046979865771812,0.10201342281879194,338,279,93,35,617,0.45369127516778524,0.374496644295302,0.12483221476510067,0.04697986577181208,0.07919463087248323,0.01947039135997024,tested,0.08505895095988723
NQ,UPPER_k1,10,3,1277,753,0.5896632732967894,753,0.46879150066401065,0.5312084993359893,-0.06241699867197875,0.1449685839888066,1.871968655005591,1.4678438182167663,0.08128769408259272,0.5234899328859061,0.47651006711409394,0.7476510067114094,0.18389261744966443,347,289,93,16,636,0.4657718120805369,0.38791946308724834,0.12483221476510067,0.021476510067114093,0.07785234899328859,0.023733454193224746,tested,0.09612545464034124
NQ,UPPER_k1,10,4,1277,753,0.5896632732967894,753,0.46879150066401065,0.5312084993359893,-0.06241699867197875,0.2683269886632261,2.111668553766905,1.829662960924974,0.05515032442454704,0.5234899328859061,0.47651006711409394,0.774496644295302,0.2523489932885906,350,291,93,11,641,0.4697986577181208,0.3906040268456376,0.12483221476510067,0.01476510067114094,0.07919463087248323,0.021898096394801603,tested,0.09157475562817886
NQ,UPPER_k1,10,5,1277,753,0.5896632732967894,753,0.46879150066401065,0.5312084993359893,-0.06241699867197875,0.2413902055382853,2.3651185035821656,1.9773841437269803,0.04200589675047709,0.5154362416107383,0.48456375838926175,0.7959731543624161,0.2993288590604027,352,292,93,8,644,0.47248322147651006,0.3919463087248322,0.12483221476510067,0.010738255033557046,0.08053691275167785,0.02000496971819302,tested,0.08599624606279226
NQ,UPPER_k1,10,10,1277,753,0.5896632732967894,753,0.46879150066401065,0.5312084993359893,-0.06241699867197875,0.3562330792489422,3.09916707574087,2.895748814888637,0.03371299608323249,0.5140939597315436,0.48590604026845635,0.8469798657718121,0.43355704697986575,352,297,93,3,649,0.47248322147651006,0.39865771812080536,0.12483221476510067,0.004026845637583893,0.0738255033557047,0.03395226632972217,tested,0.11466830734829488
NQ,UPPER_k1,10,15,1277,753,0.5896632732967894,753,0.46879150066401065,0.5312084993359893,-0.06241699867197875,0.3388443164136999,3.517186746577754,3.5525887521076456,0.01731560071071262,0.5046979865771812,0.49530201342281877,0.8604026845637583,0.5167785234899329,352,297,93,3,649,0.47248322147651006,0.39865771812080536,0.12483221476510067,0.004026845637583893,0.0738255033557047,0.03395226632972217,tested,0.11466830734829488
NQ,UPPER_k1,10,20,1277,753,0.5896632732967894,753,0.46879150066401065,0.5312084993359893,-0.06241699867197875,0.36185213747832473,3.9825026284763463,4.131088158907921,-0.011937951499164216,0.4993288590604027,0.5006711409395973,0.8711409395973154,0.5664429530201343,352,298,93,2,650,0.47248322147651006,0.4,0.12483221476510067,0.0026845637583892616,0.07248322147651007,0.037551403477034895,tested,0.12157109888217316
NQ,UPPER_k1,10,30,1277,753,0.5896632732967894,753,0.46879150066401065,0.5312084993359893,-0.06241699867197875,0.913915715404333,4.762105426056089,4.648138530628643,-0.009106906356598572,0.4993288590604027,0.5006711409395973,0.8859060402684564,0.6187919463087248,354,298,93,0,652,0.47516778523489933,0.4,0.12483221476510067,0.0,0.07516778523489932,0.031164148694997902,tested,0.11131695917622868
NQ,UPPER_k1,10,60,1277,753,0.5896632732967894,753,0.46879150066401065,0.5312084993359893,-0.06241699867197875,1.3330748574903315,6.1778251042377805,6.157168118910445,0.0274104264942425,0.508724832214765,0.4912751677852349,0.9073825503355705,0.6818791946308724,354,298,93,0,652,0.47516778523489933,0.4,0.12483221476510067,0.0,0.07516778523489932,0.031164148694997902,tested,0.11131695917622868
NQ,UPPER_k1,10,120,1277,753,0.5896632732967894,753,0.46879150066401065,0.5312084993359893,-0.06241699867197875,1.2263003146769995,7.917621820903352,7.388856168009373,0.00973725541779976,0.5020134228187919,0.49798657718120803,0.9248322147651007,0.738255033557047,354,298,93,0,652,0.47516778523489933,0.4,0.12483221476510067,0.0,0.07516778523489932,0.031164148694997902,tested,0.11131695917622868
NQ,UPPER_k1,15,1,1277,809,0.6335160532498042,809,0.4721878862793572,0.5278121137206427,-0.05562422744128554,0.14649877483137935,1.1273861010755308,0.8836379835567286,0.14275204766272506,0.5368289637952559,0.4631710362047441,0.6192259675405742,0.0,331,277,93,100,608,0.4132334581772784,0.34581772784019976,0.11610486891385768,0.12484394506866417,0.06741573033707865,0.03151546333498538,tested,0.11211561623776654
NQ,UPPER_k1,15,2,1277,809,0.6335160532498042,809,0.4721878862793572,0.5278121137206427,-0.05562422744128554,0.1837181789289817,1.5011822267538366,1.2079305858741596,0.07545543635869598,0.5243445692883895,0.4756554307116105,0.6941323345817728,0.09987515605493133,359,301,96,45,660,0.44818976279650435,0.3757802746566791,0.1198501872659176,0.056179775280898875,0.07240948813982521,0.026430750274661578,tested,0.10430375363282712
NQ,UPPER_k1,15,3,1277,809,0.6335160532498042,809,0.4721878862793572,0.5278121137206427,-0.05562422744128554,0.13362814514038607,1.8136084789139304,1.4148010093755152,0.08095834227195109,0.5243445692883895,0.4756554307116105,0.7428214731585518,0.1797752808988764,372,313,96,20,685,0.46441947565543074,0.39076154806491886,0.1198501872659176,0.024968789013732832,0.07365792759051186,0.026614697466227584,tested,0.10430375363282712
NQ,UPPER_k1,15,4,1277,809,0.6335160532498042,809,0.4721878862793572,0.5278121137206427,-0.05562422744128554,0.23585670311935175,2.01941113758715,1.8063179078884952,0.05513338779402196,0.5218476903870163,0.4781523096129838,0.7677902621722846,0.24469413233458176,375,318,96,12,693,0.4681647940074906,0.3970037453183521,0.1198501872659176,0.0149812734082397,0.07116104868913857,0.03332318480887437,tested,0.11425261397534174
NQ,UPPER_k1,15,5,1277,809,0.6335160532498042,809,0.4721878862793572,0.5278121137206427,-0.05562422744128554,0.218813059456925,2.2546450778965754,1.9104612032353345,0.04097965838956825,0.5156054931335831,0.484394506866417,0.787765293383271,0.29463171036204744,378,319,96,8,697,0.47191011235955055,0.3982521847690387,0.1198501872659176,0.009987515605493134,0.07365792759051186,0.027955242463756677,tested,0.10657924050945494
NQ,UPPER_k1,15,10,1277,809,0.6335160532498042,809,0.4721878862793572,0.5278121137206427,-0.05562422744128554,0.28832216193280547,2.9767179575985554,2.8707814393357185,0.023673445070289734,0.5081148564294632,0.4918851435705368,0.8389513108614233,0.4307116104868914,378,324,96,3,702,0.47191011235955055,0.4044943820224719,0.1198501872659176,0.003745318352059925,0.06741573033707865,0.0453848517015144,tested,0.13815263033668532
NQ,UPPER_k1,15,15,1277,809,0.6335160532498042,809,0.4721878862793572,0.5278121137206427,-0.05562422744128554,0.19421478726031663,3.3730371975464686,3.450531857164509,-0.0012785353061209135,0.49812734082397003,0.50187265917603,0.8526841448189763,0.5156054931335831,378,324,96,3,702,0.47191011235955055,0.4044943820224719,0.1198501872659176,0.003745318352059925,0.06741573033707865,0.0453848517015144,tested,0.13815263033668532
NQ,UPPER_k1,15,20,1277,809,0.6335160532498042,809,0.4721878862793572,0.5278121137206427,-0.05562422744128554,0.2642922257531887,3.8548230586391274,4.047569106127715,-0.034292488997394205,0.49563046192259674,0.5043695380774033,0.8639200998751561,0.5617977528089888,378,325,96,2,703,0.47191011235955055,0.40574282147315854,0.1198501872659176,0.0024968789013732834,0.066167290886392,0.04977647295907071,tested,0.1482573102288629
NQ,UPPER_k1,15,30,1277,809,0.6335160532498042,809,0.4721878862793572,0.5278121137206427,-0.05562422744128554,0.843640860848446,4.569344195364181,4.648138530628643,-0.032929729093749985,0.49563046192259674,0.5043695380774033,0.8813982521847691,0.6154806491885143,380,325,96,0,705,0.47440699126092384,0.40574282147315854,0.1198501872659176,0.0,0.0686641697877653,0.041899913149388755,tested,0.130415163757583
NQ,UPPER_k1,15,60,1277,809,0.6335160532498042,809,0.4721878862793572,0.5278121137206427,-0.05562422744128554,1.1711558341061574,5.82219394871689,6.029972584100753,0.006978073107651102,0.50187265917603,0.49812734082397003,0.9026217228464419,0.6791510611735331,380,325,96,0,705,0.47440699126092384,0.40574282147315854,0.1198501872659176,0.0,0.0686641697877653,0.041899913149388755,tested,0.130415163757583
NQ,UPPER_k1,15,120,1277,809,0.6335160532498042,809,0.4721878862793572,0.5278121137206427,-0.05562422744128554,1.191974669975412,7.537499501129854,7.364381862302245,-0.026209363180847163,0.49313358302122345,0.5068664169787765,0.9213483146067416,0.735330836454432,380,325,96,0,705,0.47440699126092384,0.40574282147315854,0.1198501872659176,0.0,0.0686641697877653,0.041899913149388755,tested,0.130415163757583
NQ,UPPER_k1,20,1,1277,850,0.6656225528582616,850,0.4764705882352941,0.5235294117647059,-0.047058823529411764,0.1321438212518538,1.0849155679156226,0.8778426350099073,0.13853909255189242,0.5357142857142857,0.4642857142857143,0.625,0.0,342,291,94,113,633,0.40714285714285714,0.3464285714285714,0.11190476190476191,0.13452380952380952,0.060714285714285714,0.046801230393160045,tested,0.14201752671027876
NQ,UPPER_k1,20,2,1277,850,0.6656225528582616,850,0.4764705882352941,0.5235294117647059,-0.047058823529411764,0.17847053902066717,1.47331569477134,1.1929246691994633,0.06242479711402661,0.5202380952380953,0.4797619047619048,0.6988095238095238,0.09761904761904762,374,316,97,53,690,0.4452380952380952,0.3761904761904762,0.11547619047619048,0.0630952380952381,0.06904761904761905,0.02993669680560674,tested,0.10935366984085783
NQ,UPPER_k1,20,3,1277,850,0.6656225528582616,850,0.4764705882352941,0.5235294117647059,-0.047058823529411764,0.07188279265586547,1.7514686223436509,1.4123708621250575,0.05371851085116643,0.5190476190476191,0.48095238095238096,0.7464285714285714,0.17857142857142858,388,330,97,25,718,0.46190476190476193,0.39285714285714285,0.11547619047619048,0.02976190476190476,0.06904761904761905,0.0333293659436947,tested,0.11425261397534174
NQ,UPPER_k1,20,4,1277,850,0.6656225528582616,850,0.4764705882352941,0.5235294117647059,-0.047058823529411764,0.2237725793525653,1.9680791088860872,1.8054382255465478,0.03928026781779731,0.5166666666666667,0.48333333333333334,0.7726190476190476,0.24285714285714285,391,336,97,16,727,0.4654761904761905,0.4,0.11547619047619048,0.01904761904761905,0.06547619047619048,0.04512992633036,tested,0.13815263033668532
NQ,UPPER_k1,20,5,1277,850,0.6656225528582616,850,0.4764705882352941,0.5235294117647059,-0.047058823529411764,0.18624093863908675,2.225154773081619,1.9093413380160376,0.0298900280464785,0.5107142857142857,0.48928571428571427,0.7916666666666666,0.2916666666666667,394,337,97,12,731,0.46904761904761905,0.4011904761904762,0.11547619047619048,0.014285714285714285,0.06785714285714285,0.03826422850137564,tested,0.1234659106311054
NQ,UPPER_k1,20,10,1277,850,0.6656225528582616,850,0.4764705882352941,0.5235294117647059,-0.047058823529411764,0.19256617631918466,2.9100526765956634,2.8732629616409917,0.0006843115859497713,0.5,0.5,0.8416666666666667,0.4297619047619048,395,344,97,4,739,0.47023809523809523,0.4095238095238095,0.11547619047619048,0.004761904761904762,0.060714285714285714,0.0658013505348916,tested,0.18957055749337817
NQ,UPPER_k1,20,15,1277,850,0.6656225528582616,850,0.4764705882352941,0.5235294117647059,-0.047058823529411764,0.12144592299831933,3.2811199420464456,3.4728304877225757,-0.035424323199018455,0.4880952380952381,0.5119047619047619,0.8547619047619047,0.5154761904761904,395,345,97,3,740,0.47023809523809523,0.4107142857142857,0.11547619047619048,0.0035714285714285713,0.05952380952380952,0.07158764885449387,tested,0.20086041765550744
NQ,UPPER_k1,20,20,1277,850,0.6656225528582616,850,0.4764705882352941,0.5235294117647059,-0.047058823529411764,0.20693588796974252,3.730231951437494,4.092507426043994,-0.050079294000756884,0.4880952380952381,0.5119047619047619,0.8654761904761905,0.5595238095238095,395,346,97,2,741,0.47023809523809523,0.4119047619047619,0.11547619047619048,0.002380952380952381,0.058333333333333334,0.07777530890724703,tested,0.21549646238692932
NQ,UPPER_k1,20,30,1277,850,0.6656225528582616,850,0.4764705882352941,0.5235294117647059,-0.047058823529411764,0.7475537008414997,4.428317218556488,4.625265076481267,-0.03760219924062809,0.48928571428571427,0.5107142857142857,0.8821428571428571,0.6166666666666667,397,346,97,0,743,0.4726190476190476,0.4119047619047619,0.11547619047619048,0.0,0.060714285714285714,0.06653397778589921,tested,0.18998492771902784
NQ,UPPER_k1,20,60,1277,850,0.6656225528582616,850,0.4764705882352941,0.5235294117647059,-0.047058823529411764,0.9940653646426216,5.697423753893467,6.04287168919479,-0.011796495375543283,0.4976190476190476,0.5023809523809524,0.9047619047619048,0.6821428571428572,397,346,97,0,743,0.4726190476190476,0.4119047619047619,0.11547619047619048,0.0,0.060714285714285714,0.06653397778589921,tested,0.18998492771902784
NQ,UPPER_k1,20,120,1277,850,0.6656225528582616,850,0.4764705882352941,0.5235294117647059,-0.047058823529411764,1.1524410826455385,7.280058334886466,7.33023838125014,-0.03202546362034718,0.49047619047619045,0.5095238095238095,0.9226190476190477,0.736904761904762,397,346,97,0,743,0.4726190476190476,0.4119047619047619,0.11547619047619048,0.0,0.060714285714285714,0.06653397778589921,tested,0.18998492771902784
NQ,UPPER_k1,30,1,1277,892,0.6985121378230227,892,0.4786995515695067,0.5213004484304933,-0.042600896860986545,0.1363957680158504,1.056897036521641,0.8278422528963633,0.14314645145116495,0.5363636363636364,0.4636363636363636,0.6238636363636364,0.0,358,301,94,127,659,0.4068181818181818,0.34204545454545454,0.10681818181818181,0.14431818181818182,0.06477272727272727,0.029073426537276712,tested,0.10717785062682506
NQ,UPPER_k1,30,2,1277,892,0.6985121378230227,892,0.4786995515695067,0.5213004484304933,-0.042600896860986545,0.18096161672397632,1.4422625459381209,1.1715661719997796,0.07734295280275234,0.525,0.475,0.6977272727272728,0.10113636363636364,393,327,98,62,720,0.4465909090909091,0.3715909090909091,0.11136363636363636,0.07045454545454545,0.075,0.01536009478059994,tested,0.07288515562559188
NQ,UPPER_k1,30,3,1277,892,0.6985121378230227,892,0.4786995515695067,0.5213004484304933,-0.042600896860986545,0.07303171121157323,1.7146715927095513,1.3786614237605548,0.08112301817727191,0.5238636363636363,0.47613636363636364,0.7431818181818182,0.1806818181818182,409,343,98,30,752,0.4647727272727273,0.38977272727272727,0.11136363636363636,0.03409090909090909,0.075,0.017714982212611915,tested,0.07914144828142974
NQ,UPPER_k1,30,4,1277,892,0.6985121378230227,892,0.4786995515695067,0.5213004484304933,-0.042600896860986545,0.23003863570244198,1.9451858276151233,1.7463130660902801,0.04327200101978091,0.5193181818181818,0.48068181818181815,0.7704545454545455,0.24545454545454545,412,349,98,21,761,0.4681818181818182,0.3965909090909091,0.11136363636363636,0.023863636363636365,0.0715909090909091,0.024544488968880285,tested,0.09899610550781715
NQ,UPPER_k1,30,5,1277,892,0.6985121378230227,892,0.4786995515695067,0.5213004484304933,-0.042600896860986545,0.19174846327481712,2.1683041773558926,1.888447517929876,0.03801222887421964,0.5136363636363637,0.4863636363636364,0.7897727272727273,0.29545454545454547,415,351,98,16,766,0.4715909090909091,0.39886363636363636,0.11136363636363636,0.01818181818181818,0.07272727272727272,0.022767106893881776,tested,0.09338372658168458
NQ,UPPER_k1,30,10,1277,892,0.6985121378230227,892,0.4786995515695067,0.5213004484304933,-0.042600896860986545,0.19625818898740438,2.887923017737591,2.7779865645646447,0.008039677201959201,0.5034090909090909,0.4965909090909091,0.8431818181818181,0.43636363636363634,417,361,98,4,778,0.4738636363636364,0.4102272727272727,0.11136363636363636,0.004545454545454545,0.06363636363636363,0.04855753112294177,tested,0.14642894120563124
NQ,UPPER_k1,30,15,1277,892,0.6985121378230227,892,0.4786995515695067,0.5213004484304933,-0.042600896860986545,0.12144592299831933,3.272111463324466,3.305776231941164,-0.006491459253447988,0.4954545454545455,0.5045454545454545,0.8556818181818182,0.5204545454545455,417,362,98,3,779,0.4738636363636364,0.4113636363636364,0.11136363636363636,0.003409090909090909,0.0625,0.05295112809145547,tested,0.15722911654149968
NQ,UPPER_k1,30,20,1277,892,0.6985121378230227,892,0.4786995515695067,0.5213004484304933,-0.042600896860986545,0.21188172411947762,3.7107292531385694,3.84575026288808,-0.045539011200144745,0.4909090909090909,0.509090909090909,0.8670454545454546,0.5636363636363636,417,363,98,2,780,0.4738636363636364,0.4125,0.11136363636363636,0.0022727272727272726,0.06136363636363636,0.05766546974224376,tested,0.16915204457724836
NQ,UPPER_k1,30,30,1277,892,0.6985121378230227,892,0.4786995515695067,0.5213004484304933,-0.042600896860986545,0.6576744101298451,4.3634771499219305,4.480931656626607,-0.0366518352569542,0.48977272727272725,0.5102272727272728,0.884090909090909,0.6227272727272727,419,363,98,0,782,0.47613636363636364,0.4125,0.11136363636363636,0.0,0.06363636363636363,0.04913734886506068,tested,0.14680541265857636
NQ,UPPER_k1,30,60,1277,892,0.6985121378230227,892,0.4786995515695067,0.5213004484304933,-0.042600896860986545,0.9940653646426216,5.610533527396958,5.902135370891202,-0.01580104069890936,0.4954545454545455,0.5045454545454545,0.9056818181818181,0.6875,419,363,98,0,782,0.47613636363636364,0.4125,0.11136363636363636,0.0,0.06363636363636363,0.04913734886506068,tested,0.14680541265857636
NQ,UPPER_k1,30,120,1277,892,0.6985121378230227,892,0.4786995515695067,0.5213004484304933,-0.042600896860986545,1.074934231435607,7.029887499044741,7.297049894285819,-0.03202546362034718,0.4909090909090909,0.509090909090909,0.925,0.7431818181818182,419,363,98,0,782,0.47613636363636364,0.4125,0.11136363636363636,0.0,0.06363636363636363,0.04913734886506068,tested,0.14680541265857636
NQ,UPPER_k1,60,1,1277,967,0.7572435395458105,967,0.483971044467425,0.516028955532575,-0.03205791106514995,0.09305177894340386,0.9850794796532091,0.8303973739970915,0.10700622460367237,0.5257082896117523,0.47429171038824763,0.6190975865687304,0.0,375,331,98,149,706,0.3934942287513116,0.3473242392444911,0.10283315844700944,0.15634837355718784,0.046169989506820566,0.10552566468578338,tested,0.26881274583115344
NQ,UPPER_k1,60,2,1277,967,0.7572435395458105,967,0.483971044467425,0.516028955532575,-0.03205791106514995,0.10104439881772594,1.376061981208025,1.1573984713814636,0.03655463888511753,0.5141657922350472,0.4858342077649528,0.695697796432319,0.09863588667366212,413,359,102,79,772,0.4333683105981112,0.37670514165792235,0.10703043022035677,0.08289611752360965,0.05666316894018888,0.05638401723557365,tested,0.1658958318663687
NQ,UPPER_k1,60,3,1277,967,0.7572435395458105,967,0.483971044467425,0.516028955532575,-0.03205791106514995,0.037178799752038166,1.6372999270180948,1.3722699043023385,0.035472690609847785,0.5131164742917104,0.48688352570828963,0.7387198321091291,0.17733473242392445,431,378,102,42,809,0.4522560335781742,0.39664218258132217,0.10703043022035677,0.04407135362014691,0.055613850996852045,0.06744993130028719,tested,0.19203392205493527
NQ,UPPER_k1,60,4,1277,967,0.7572435395458105,967,0.483971044467425,0.516028955532575,-0.03205791106514995,0.1751207472826645,1.8626923077766289,1.7292807295853572,0.026878583131803364,0.5120671563483735,0.4879328436516264,0.7639034627492131,0.23924449108079748,436,387,102,28,823,0.45750262329485836,0.4060860440713536,0.10703043022035677,0.02938090241343127,0.05141657922350472,0.0942328721809566,tested,0.24653356830044862
NQ,UPPER_k1,60,5,1277,967,0.7572435395458105,967,0.483971044467425,0.516028955532575,-0.03205791106514995,0.15627080791140924,2.0518563054308214,1.8515283927278952,0.026878583131803364,0.5078698845750262,0.49213011542497376,0.7848898216159497,0.28751311647429173,441,389,102,21,830,0.4627492130115425,0.40818467995802726,0.10703043022035677,0.022035676810073453,0.05456453305351522,0.07662468375020612,tested,0.21313992491436645
NQ,UPPER_k1,60,10,1277,967,0.7572435395458105,967,0.483971044467425,0.516028955532575,-0.03205791106514995,0.08945145544221193,2.6708337538256246,2.7066335072353676,-0.021298122839770277,0.49737670514165794,0.5026232948583421,0.8405036726128017,0.4302203567681007,445,401,102,5,846,0.4669464847848898,0.42077649527806926,0.10703043022035677,0.005246589716684155,0.046169989506820566,0.139262479816247,tested,0.3157051064686818
NQ,UPPER_k1,60,15,1277,967,0.7572435395458105,967,0.483971044467425,0.516028955532575,-0.03205791106514995,0.08662431261578893,3.1721161483759235,3.236215005015967,-0.034292488997394205,0.4900314795383001,0.5099685204616999,0.8562434417628542,0.5152151101783841,445,402,102,4,847,0.4669464847848898,0.4218258132214061,0.10703043022035677,0.004197271773347324,0.04512067156348373,0.148938587742907,tested,0.3302215771478532
NQ,UPPER_k1,60,20,1277,967,0.7572435395458105,967,0.483971044467425,0.516028955532575,-0.03205791106514995,0.20650803926499048,3.5465812633041542,3.7317036304129716,-0.054731911423812625,0.48478488982161594,0.5152151101783841,0.8667366211962224,0.559286463798531,446,403,102,2,849,0.46799580272822666,0.4228751311647429,0.10703043022035677,0.002098635886673662,0.04512067156348373,0.14941844089954515,tested,0.3302215771478532
NQ,UPPER_k1,60,30,1277,967,0.7572435395458105,967,0.483971044467425,0.516028955532575,-0.03205791106514995,0.517529077137197,4.162405628694068,4.428209547247287,-0.048126646769487996,0.48688352570828963,0.5131164742917104,0.8845750262329486,0.6201469045120671,448,403,102,0,851,0.4700944386149003,0.4228751311647429,0.10703043022035677,0.0,0.0472193074501574,0.13142945358177818,tested,0.31258897068098596
NQ,UPPER_k1,60,60,1277,967,0.7572435395458105,967,0.483971044467425,0.516028955532575,-0.03205791106514995,0.6781702662931368,5.29381352203118,5.827097648859369,-0.024919570331420993,0.49213011542497376,0.5078698845750262,0.906610703043022,0.6904512067156349,448,403,102,0,851,0.4700944386149003,0.4228751311647429,0.10703043022035677,0.0,0.0472193074501574,0.13142945358177818,tested,0.31258897068098596
NQ,UPPER_k1,60,120,1277,967,0.7572435395458105,967,0.483971044467425,0.516028955532575,-0.03205791106514995,0.8286707459923233,6.8010477981632125,7.296295805587676,-0.049548941107131914,0.4858342077649528,0.5141657922350472,0.925498426023085,0.7460650577124869,448,403,102,0,851,0.4700944386149003,0.4228751311647429,0.10703043022035677,0.0,0.0472193074501574,0.13142945358177818,tested,0.31258897068098596
NQ,UPPER_k1,120,1,1277,1031,0.8073610023492561,1031,0.48884578079534435,0.5111542192046556,-0.02230843840931135,0.08043982217520756,0.9491356087621416,0.799696310479556,0.07573632298776509,0.5202369200394866,0.4797630799605133,0.6150049358341559,0.0,391,346,98,178,737,0.3859822309970385,0.3415597235932873,0.09674234945705824,0.175715695952616,0.044422507403751234,0.10500496875087224,tested,0.2681921101605391
NQ,UPPER_k1,120,2,1277,1031,0.8073610023492561,1031,0.48884578079534435,0.5111542192046556,-0.02230843840931135,0.10104439881772594,1.2833623163686394,1.1244891256204101,0.03655463888511753,0.5133267522211253,0.4866732477788746,0.6939782823297137,0.09772951628825272,433,379,102,99,812,0.42744323790720634,0.3741362290227048,0.10069101678183613,0.09772951628825272,0.05330700888450148,0.06282820494507842,tested,0.18154538025921166
NQ,UPPER_k1,120,3,1277,1031,0.8073610023492561,1031,0.48884578079534435,0.5111542192046556,-0.02230843840931135,0.05458454356601272,1.548108542204842,1.2985496799951592,0.04770723648471172,0.5162882527147088,0.4837117472852912,0.736426456071076,0.175715695952616,453,399,102,59,852,0.4471865745310958,0.39387956564659427,0.10069101678183613,0.05824284304047384,0.05330700888450148,0.06934608251434454,tested,0.19685339552459097
NQ,UPPER_k1,120,4,1277,1031,0.8073610023492561,1031,0.48884578079534435,0.5111542192046556,-0.02230843840931135,0.16058227606352862,1.8007375534720975,1.5787427288312452,0.03655463888511753,0.5153010858835143,0.4846989141164857,0.7630799605133267,0.2418558736426456,460,410,102,41,870,0.45409674234945707,0.40473840078973344,0.10069101678183613,0.040473840078973346,0.049358341559723594,0.09660589985453591,tested,0.25125377755044076
NQ,UPPER_k1,120,5,1277,1031,0.8073610023492561,1031,0.48884578079534435,0.5111542192046556,-0.02230843840931135,0.1533342194099648,1.9764425442796416,1.7838269301107141,0.03946981886332176,0.5133267522211253,0.4866732477788746,0.7838104639684107,0.29022704837117475,469,412,102,30,881,0.4629812438302073,0.4067127344521224,0.10069101678183613,0.029615004935834157,0.0562685093780849,0.059140800303517455,tested,0.17295557309306614
NQ,UPPER_k1,120,10,1277,1031,0.8073610023492561,1031,0.48884578079534435,0.5111542192046556,-0.02230843840931135,0.17180647602521082,2.5643886250563286,2.5375212071853617,-0.004222628987456194,0.49950641658440276,0.5004935834155972,0.8420533070088845,0.43336623889437315,478,425,102,8,903,0.47186574531095754,0.41954590325765057,0.10069101678183613,0.007897334649555774,0.05231984205330701,0.08349273313576971,tested,0.2232623361199588
NQ,UPPER_k1,120,15,1277,1031,0.8073610023492561,1031,0.48884578079534435,0.5111542192046556,-0.02230843840931135,0.08662431261578893,3.0383715273349496,3.055336640037112,-0.027690097845085696,0.49259624876604147,0.5074037512339585,0.8588351431391905,0.5212240868706811,479,428,102,4,907,0.472852912142152,0.42250740375123397,0.10069101678183613,0.003948667324777887,0.050345508390918066,0.09681576345693636,tested,0.25125377755044076
NQ,UPPER_k1,120,20,1277,1031,0.8073610023492561,1031,0.48884578079534435,0.5111542192046556,-0.02230843840931135,0.20650803926499048,3.44259979704601,3.4706754720393174,-0.05371446718739016,0.4876604146100691,0.5123395853899309,0.8696939782823297,0.5676209279368213,480,429,102,2,909,0.4738400789733465,0.42349457058242845,0.10069101678183613,0.0019743336623889436,0.050345508390918066,0.09718401604282526,tested,0.25153510034613596
NQ,UPPER_k1,120,30,1277,1031,0.8073610023492561,1031,0.48884578079534435,0.5111542192046556,-0.02230843840931135,0.4421936443923349,4.008547196912162,4.239656453987258,-0.0362125740308159,0.48963474827245806,0.510365251727542,0.8874629812438302,0.6288252714708786,482,429,102,0,911,0.47581441263573543,0.42349457058242845,0.10069101678183613,0.0,0.05231984205330701,0.08486190631362883,tested,0.22505842551121288
NQ,UPPER_k1,120,60,1277,1031,0.8073610023492561,1031,0.48884578079534435,0.5111542192046556,-0.02230843840931135,0.5895227313435674,5.083311054189166,5.688929937793393,-0.02577816990220358,0.4886475814412636,0.5113524185587365,0.9081934846989141,0.6999012833168805,482,429,102,0,911,0.47581441263573543,0.42349457058242845,0.10069101678183613,0.0,0.05231984205330701,0.08486190631362883,tested,0.22505842551121288
NQ,UPPER_k1,120,120,1277,1031,0.8073610023492561,1031,0.48884578079534435,0.5111542192046556,-0.02230843840931135,0.5835580346599001,6.469879401634338,7.017390846623259,-0.07538505823570932,0.47877591312931883,0.5212240868706811,0.9279368213228035,0.7532082922013821,482,429,102,0,911,0.47581441263573543,0.42349457058242845,0.10069101678183613,0.0,0.05231984205330701,0.08486190631362883,tested,0.22505842551121288
NQ,UPPER_k2,1,1,1277,94,0.07361002349256068,94,0.44680851063829785,0.5531914893617021,-0.10638297872340426,-0.11094429184003397,1.506209895117394,1.5262423703432453,-0.06913571944108472,0.4946236559139785,0.5053763440860215,0.6559139784946236,0.0,33,36,24,0,69,0.3548387096774194,0.3870967741935484,0.25806451612903225,0.0,-0.03225806451612903,0.8099490529189248,tested,0.9074429203999066
NQ,UPPER_k2,1,2,1277,94,0.07361002349256068,94,0.44680851063829785,0.5531914893617021,-0.10638297872340426,-0.07963863197806864,2.116108836200329,1.9737286458461827,-0.0017139501241520579,0.4946236559139785,0.5053763440860215,0.7419354838709677,0.12903225806451613,33,36,24,0,69,0.3548387096774194,0.3870967741935484,0.25806451612903225,0.0,-0.03225806451612903,0.8099490529189248,tested,0.9074429203999066
NQ,UPPER_k2,1,3,1277,94,0.07361002349256068,94,0.44680851063829785,0.5531914893617021,-0.10638297872340426,-0.025741166386947196,2.6256051663297786,2.3390755504751435,-0.0017139501241520579,0.4946236559139785,0.5053763440860215,0.7956989247311828,0.1935483870967742,33,36,24,0,69,0.3548387096774194,0.3870967741935484,0.25806451612903225,0.0,-0.03225806451612903,0.8099490529189248,tested,0.9074429203999066
NQ,UPPER_k2,1,4,1277,94,0.07361002349256068,94,0.44680851063829785,0.5531914893617021,-0.10638297872340426,-0.3506338957867335,2.748775803544399,2.6345418064158737,0.0032956558814099144,0.5053763440860215,0.4946236559139785,0.8172043010752689,0.24731182795698925,33,36,24,0,69,0.3548387096774194,0.3870967741935484,0.25806451612903225,0.0,-0.03225806451612903,0.8099490529189248,tested,0.9074429203999066
NQ,UPPER_k2,1,5,1277,94,0.07361002349256068,94,0.44680851063829785,0.5531914893617021,-0.10638297872340426,0.1318441968334499,2.996541616488357,2.7881641387697766,-0.024116841380430673,0.4946236559139785,0.5053763440860215,0.8494623655913979,0.26881720430107525,33,36,24,0,69,0.3548387096774194,0.3870967741935484,0.25806451612903225,0.0,-0.03225806451612903,0.8099490529189248,tested,0.9074429203999066
NQ,UPPER_k2,1,10,1277,94,0.07361002349256068,94,0.44680851063829785,0.5531914893617021,-0.10638297872340426,-0.0821873316828145,4.293901723103991,4.806094793003651,-0.09790138893064194,0.45161290322580644,0.5483870967741935,0.8709677419354839,0.4731182795698925,33,36,24,0,69,0.3548387096774194,0.3870967741935484,0.25806451612903225,0.0,-0.03225806451612903,0.8099490529189248,tested,0.9074429203999066
NQ,UPPER_k2,1,15,1277,94,0.07361002349256068,94,0.44680851063829785,0.5531914893617021,-0.10638297872340426,0.536946943933511,4.7723795341930995,4.916470059440666,-0.04104797724323123,0.46236559139784944,0.5376344086021505,0.8924731182795699,0.5268817204301075,33,36,24,0,69,0.3548387096774194,0.3870967741935484,0.25806451612903225,0.0,-0.03225806451612903,0.8099490529189248,tested,0.9074429203999066
NQ,UPPER_k2,1,20,1277,94,0.07361002349256068,94,0.44680851063829785,0.5531914893617021,-0.10638297872340426,0.17337651746593405,5.350393461341948,5.437213749510326,-0.04104797724323123,0.4838709677419355,0.5161290322580645,0.8924731182795699,0.5806451612903226,33,36,24,0,69,0.3548387096774194,0.3870967741935484,0.25806451612903225,0.0,-0.03225806451612903,0.8099490529189248,tested,0.9074429203999066
NQ,UPPER_k2,1,30,1277,94,0.07361002349256068,94,0.44680851063829785,0.5531914893617021,-0.10638297872340426,1.6561694560153413,6.57174312947659,6.216449281673468,0.02319835051730029,0.5161290322580645,0.4838709677419355,0.8924731182795699,0.6344086021505376,33,36,24,0,69,0.3548387096774194,0.3870967741935484,0.25806451612903225,0.0,-0.03225806451612903,0.8099490529189248,tested,0.9074429203999066
NQ,UPPER_k2,1,60,1277,94,0.07361002349256068,94,0.44680851063829785,0.5531914893617021,-0.10638297872340426,0.5802064478894725,8.203929700290898,9.177942875507439,0.003572303334047236,0.5053763440860215,0.4946236559139785,0.9032258064516129,0.7204301075268817,33,36,24,0,69,0.3548387096774194,0.3870967741935484,0.25806451612903225,0.0,-0.03225806451612903,0.8099490529189248,tested,0.9074429203999066
NQ,UPPER_k2,1,120,1277,94,0.07361002349256068,94,0.44680851063829785,0.5531914893617021,-0.10638297872340426,1.8095819087458875,11.568713576935838,10.574958959744572,0.0848200726332568,0.5053763440860215,0.4946236559139785,0.9139784946236559,0.7741935483870968,33,36,24,0,69,0.3548387096774194,0.3870967741935484,0.25806451612903225,0.0,-0.03225806451612903,0.8099490529189248,tested,0.9074429203999066
NQ,UPPER_k2,2,1,1277,236,0.18480814408770557,236,0.4364406779661017,0.5635593220338984,-0.1271186440677966,0.2619872171298417,1.5890309315295714,1.1140125334950013,0.19523446331159822,0.5732758620689655,0.4267241379310345,0.6293103448275862,0.0,105,78,42,7,183,0.4525862068965517,0.33620689655172414,0.1810344827586207,0.03017241379310345,0.11637931034482758,0.0543112730870315,tested,0.16028448886660515
NQ,UPPER_k2,2,2,1277,236,0.18480814408770557,236,0.4364406779661017,0.5635593220338984,-0.1271186440677966,0.3976402829924411,2.0995701774279336,1.408891457492734,0.22099223752183622,0.5646551724137931,0.4353448275862069,0.6982758620689655,0.09913793103448276,110,78,42,2,188,0.47413793103448276,0.33620689655172414,0.1810344827586207,0.008620689655172414,0.13793103448275862,0.023508729054224364,tested,0.09561533497684531
NQ,UPPER_k2,2,3,1277,236,0.18480814408770557,236,0.4364406779661017,0.5635593220338984,-0.1271186440677966,0.3843789169517434,2.3761633070802275,1.6829384718109406,0.19425411032586173,0.5560344827586207,0.44396551724137934,0.7543103448275862,0.19827586206896552,111,78,42,1,189,0.47844827586206895,0.33620689655172414,0.1810344827586207,0.004310344827586207,0.14224137931034483,0.019688345605356015,tested,0.08508177922314564
NQ,UPPER_k2,2,4,1277,236,0.18480814408770557,236,0.4364406779661017,0.5635593220338984,-0.1271186440677966,0.6972317500707779,2.879250191100059,2.15519732395398,0.12372462800758262,0.5560344827586207,0.44396551724137934,0.7758620689655172,0.24568965517241378,111,78,42,1,189,0.47844827586206895,0.33620689655172414,0.1810344827586207,0.004310344827586207,0.14224137931034483,0.019688345605356015,tested,0.08508177922314564
NQ,UPPER_k2,2,5,1277,236,0.18480814408770557,236,0.4364406779661017,0.5635593220338984,-0.1271186440677966,0.7605053586283923,3.177137467274145,2.3577831767540425,0.11293376759471466,0.5560344827586207,0.44396551724137934,0.7974137931034483,0.27586206896551724,112,78,42,0,190,0.4827586206896552,0.33620689655172414,0.1810344827586207,0.0,0.14655172413793102,0.016435856993481695,tested,0.07504674325325604
NQ,UPPER_k2,2,10,1277,236,0.18480814408770557,236,0.4364406779661017,0.5635593220338984,-0.1271186440677966,0.5538648749947985,4.239976217326789,3.7587390730077557,0.03724864606408437,0.5129310344827587,0.4870689655172414,0.8146551724137931,0.4396551724137931,112,78,42,0,190,0.4827586206896552,0.33620689655172414,0.1810344827586207,0.0,0.14655172413793102,0.016435856993481695,tested,0.07504674325325604
NQ,UPPER_k2,2,15,1277,236,0.18480814408770557,236,0.4364406779661017,0.5635593220338984,-0.1271186440677966,1.302310280962266,4.865533682861585,4.098467730764543,0.11514410175333738,0.5344827586206896,0.46551724137931033,0.8362068965517241,0.5,112,78,42,0,190,0.4827586206896552,0.33620689655172414,0.1810344827586207,0.0,0.14655172413793102,0.016435856993481695,tested,0.07504674325325604
NQ,UPPER_k2,2,20,1277,236,0.18480814408770557,236,0.4364406779661017,0.5635593220338984,-0.1271186440677966,1.3177166627909536,5.819808162651722,4.912657422089335,0.1149369470697354,0.5387931034482759,0.46120689655172414,0.853448275862069,0.5646551724137931,112,78,42,0,190,0.4827586206896552,0.33620689655172414,0.1810344827586207,0.0,0.14655172413793102,0.016435856993481695,tested,0.07504674325325604
NQ,UPPER_k2,2,30,1277,236,0.18480814408770557,236,0.4364406779661017,0.5635593220338984,-0.1271186440677966,2.3439999091496464,6.6944126237491,5.395743419523081,0.13678910134807426,0.5689655172413793,0.43103448275862066,0.8663793103448276,0.6293103448275862,112,78,42,0,190,0.4827586206896552,0.33620689655172414,0.1810344827586207,0.0,0.14655172413793102,0.016435856993481695,tested,0.07504674325325604
NQ,UPPER_k2,2,60,1277,236,0.18480814408770557,236,0.4364406779661017,0.5635593220338984,-0.1271186440677966,1.9714398196028637,8.323328265227964,7.455987043956354,0.0953459126319259,0.5689655172413793,0.43103448275862066,0.8836206896551724,0.6982758620689655,112,78,42,0,190,0.4827586206896552,0.33620689655172414,0.1810344827586207,0.0,0.14655172413793102,0.016435856993481695,tested,0.07504674325325604
NQ,UPPER_k2,2,120,1277,236,0.18480814408770557,236,0.4364406779661017,0.5635593220338984,-0.1271186440677966,2.3735907146784623,10.740448173521226,9.152069989822664,0.1633650502179817,0.5603448275862069,0.4396551724137931,0.9051724137931034,0.7887931034482759,112,78,42,0,190,0.4827586206896552,0.33620689655172414,0.1810344827586207,0.0,0.14655172413793102,0.016435856993481695,tested,0.07504674325325604
NQ,UPPER_k2,3,1,1277,336,0.2631166797180893,336,0.45535714285714285,0.5446428571428571,-0.08928571428571429,0.22979414579925772,1.5071314389931718,1.0936598116559744,0.12932906732108893,0.5512048192771084,0.44879518072289154,0.5993975903614458,0.0,144,118,52,18,262,0.43373493975903615,0.35542168674698793,0.1566265060240964,0.05421686746987952,0.0783132530120482,0.12230130671769322,tested,0.29523108454545394
NQ,UPPER_k2,3,2,1277,336,0.2631166797180893,336,0.45535714285714285,0.5446428571428571,-0.08928571428571429,0.11724007100598947,1.833398462752883,1.506851137764046,0.03139551814376253,0.5180722891566265,0.4819277108433735,0.6957831325301205,0.1144578313253012,154,121,52,5,275,0.463855421686747,0.3644578313253012,0.1566265060240964,0.015060240963855422,0.09939759036144578,0.053449552955683786,tested,0.15822375309205475
NQ,UPPER_k2,3,3,1277,336,0.2631166797180893,336,0.45535714285714285,0.5446428571428571,-0.08928571428571429,0.15933481760930768,2.1058235672100416,1.8418722128095393,0.048080158723304366,0.5150602409638554,0.48493975903614456,0.7439759036144579,0.20481927710843373,157,122,52,1,279,0.47289156626506024,0.3674698795180723,0.1566265060240964,0.0030120481927710845,0.10542168674698796,0.041605357556113304,tested,0.130415163757583
NQ,UPPER_k2,3,4,1277,336,0.2631166797180893,336,0.45535714285714285,0.5446428571428571,-0.08928571428571429,0.3890169795792783,2.322962655319969,2.307017871558015,0.04467326439227648,0.5210843373493976,0.4789156626506024,0.7590361445783133,0.2560240963855422,157,122,52,1,279,0.47289156626506024,0.3674698795180723,0.1566265060240964,0.0030120481927710845,0.10542168674698796,0.041605357556113304,tested,0.130415163757583
NQ,UPPER_k2,3,5,1277,336,0.2631166797180893,336,0.45535714285714285,0.5446428571428571,-0.08928571428571429,0.5689216517362067,2.572945897955904,2.5840046615961487,0.05604025262482301,0.5210843373493976,0.4789156626506024,0.7771084337349398,0.28012048192771083,158,122,52,0,280,0.4759036144578313,0.3674698795180723,0.1566265060240964,0.0,0.10843373493975904,0.03628128297625713,tested,0.1190518031220912
NQ,UPPER_k2,3,10,1277,336,0.2631166797180893,336,0.45535714285714285,0.5446428571428571,-0.08928571428571429,0.27430393617773385,3.3659903651831193,3.6792631863667915,-0.023551580042813602,0.49096385542168675,0.5090361445783133,0.8072289156626506,0.44879518072289154,158,122,52,0,280,0.4759036144578313,0.3674698795180723,0.1566265060240964,0.0,0.10843373493975904,0.03628128297625713,tested,0.1190518031220912
NQ,UPPER_k2,3,15,1277,336,0.2631166797180893,336,0.45535714285714285,0.5446428571428571,-0.08928571428571429,1.0960810166400665,4.397194495686344,4.116485078531879,0.020653986227274622,0.5060240963855421,0.4939759036144578,0.8283132530120482,0.5090361445783133,158,122,52,0,280,0.4759036144578313,0.3674698795180723,0.1566265060240964,0.0,0.10843373493975904,0.03628128297625713,tested,0.1190518031220912
NQ,UPPER_k2,3,20,1277,336,0.2631166797180893,336,0.45535714285714285,0.5446428571428571,-0.08928571428571429,1.3503248378468546,4.8837408911463935,4.792871658998532,0.03585338173339217,0.5210843373493976,0.4789156626506024,0.8433734939759037,0.5632530120481928,158,122,52,0,280,0.4759036144578313,0.3674698795180723,0.1566265060240964,0.0,0.10843373493975904,0.03628128297625713,tested,0.1190518031220912
NQ,UPPER_k2,3,30,1277,336,0.2631166797180893,336,0.45535714285714285,0.5446428571428571,-0.08928571428571429,2.100995926538789,5.970098594822778,5.353403418246034,0.12075262239856815,0.5512048192771084,0.44879518072289154,0.8674698795180723,0.6295180722891566,158,122,52,0,280,0.4759036144578313,0.3674698795180723,0.1566265060240964,0.0,0.10843373493975904,0.03628128297625713,tested,0.1190518031220912
NQ,UPPER_k2,3,60,1277,336,0.2631166797180893,336,0.45535714285714285,0.5446428571428571,-0.08928571428571429,1.768605490317701,7.957874312108084,7.062070717211165,0.09798270563562864,0.5662650602409639,0.43373493975903615,0.891566265060241,0.7048192771084337,158,122,52,0,280,0.4759036144578313,0.3674698795180723,0.1566265060240964,0.0,0.10843373493975904,0.03628128297625713,tested,0.1190518031220912
NQ,UPPER_k2,3,120,1277,336,0.2631166797180893,336,0.45535714285714285,0.5446428571428571,-0.08928571428571429,1.534759042890221,9.776829852691925,8.717478679243438,0.1445136909728081,0.5512048192771084,0.44879518072289154,0.9096385542168675,0.786144578313253,158,122,52,0,280,0.4759036144578313,0.3674698795180723,0.1566265060240964,0.0,0.10843373493975904,0.03628128297625713,tested,0.1190518031220912
NQ,UPPER_k2,4,1,1277,397,0.31088488645262335,397,0.45843828715365237,0.5415617128463476,-0.08312342569269521,0.185460751976944,1.4387429187403589,0.9939506918512033,0.11589847579652689,0.548469387755102,0.45153061224489793,0.6045918367346939,0.0,169,138,57,28,307,0.43112244897959184,0.3520408163265306,0.14540816326530612,0.07142857142857142,0.07908163265306123,0.08669604958322129,tested,0.2292944699359514
NQ,UPPER_k2,4,2,1277,397,0.31088488645262335,397,0.45843828715365237,0.5415617128463476,-0.08312342569269521,0.14456067383625934,1.819194200253886,1.455339445955726,0.08917808811999445,0.5408163265306123,0.45918367346938777,0.7040816326530612,0.11734693877551021,188,141,57,6,329,0.47959183673469385,0.3596938775510204,0.14540816326530612,0.015306122448979591,0.11989795918367346,0.011098736814243934,tested,0.06104305247834164
NQ,UPPER_k2,4,3,1277,397,0.31088488645262335,397,0.45843828715365237,0.5415617128463476,-0.08312342569269521,0.25488894218669345,2.1190251773912703,1.7044051356022054,0.07900667382341006,0.5255102040816326,0.4744897959183674,0.7525510204081632,0.20918367346938777,191,143,57,1,334,0.4872448979591837,0.3647959183673469,0.14540816326530612,0.002551020408163265,0.12244897959183673,0.010013803761455145,tested,0.05735717184076083
NQ,UPPER_k2,4,4,1277,397,0.31088488645262335,397,0.45843828715365237,0.5415617128463476,-0.08312342569269521,0.3890169795792783,2.322962655319969,2.0135194553014166,0.07294196940680393,0.5306122448979592,0.46938775510204084,0.7704081632653061,0.2627551020408163,191,143,57,1,334,0.4872448979591837,0.3647959183673469,0.14540816326530612,0.002551020408163265,0.12244897959183673,0.010013803761455145,tested,0.05735717184076083
NQ,UPPER_k2,4,5,1277,397,0.31088488645262335,397,0.45843828715365237,0.5415617128463476,-0.08312342569269521,0.5573798344811495,2.572945897955904,2.193768402222791,0.0689271563507473,0.5331632653061225,0.46683673469387754,0.7857142857142857,0.2857142857142857,192,143,57,0,335,0.4897959183673469,0.3647959183673469,0.14540816326530612,0.0,0.125,0.008629793698970524,tested,0.05221025187877167
NQ,UPPER_k2,4,10,1277,397,0.31088488645262335,397,0.45843828715365237,0.5415617128463476,-0.08312342569269521,0.27430393617773385,3.3383813478088236,3.335142115026926,0.00036555444099136184,0.5,0.5,0.8137755102040817,0.44387755102040816,192,143,57,0,335,0.4897959183673469,0.3647959183673469,0.14540816326530612,0.0,0.125,0.008629793698970524,tested,0.05221025187877167
NQ,UPPER_k2,4,15,1277,397,0.31088488645262335,397,0.45843828715365237,0.5415617128463476,-0.08312342569269521,1.017172362613782,4.231583497482001,3.895236652171437,0.035394537113779365,0.5153061224489796,0.4846938775510204,0.8367346938775511,0.5051020408163265,192,143,57,0,335,0.4897959183673469,0.3647959183673469,0.14540816326530612,0.0,0.125,0.008629793698970524,tested,0.05221025187877167
NQ,UPPER_k2,4,20,1277,397,0.31088488645262335,397,0.45843828715365237,0.5415617128463476,-0.08312342569269521,1.2557905847674689,4.776817604577796,4.269715530863731,0.04212370444270945,0.5280612244897959,0.4719387755102041,0.8520408163265306,0.5612244897959183,192,143,57,0,335,0.4897959183673469,0.3647959183673469,0.14540816326530612,0.0,0.125,0.008629793698970524,tested,0.05221025187877167
NQ,UPPER_k2,4,30,1277,397,0.31088488645262335,397,0.45843828715365237,0.5415617128463476,-0.08312342569269521,1.991083069770686,5.831531696144465,5.137696228758095,0.12972508657704507,0.5535714285714286,0.44642857142857145,0.8724489795918368,0.6224489795918368,192,143,57,0,335,0.4897959183673469,0.3647959183673469,0.14540816326530612,0.0,0.125,0.008629793698970524,tested,0.05221025187877167
NQ,UPPER_k2,4,60,1277,397,0.31088488645262335,397,0.45843828715365237,0.5415617128463476,-0.08312342569269521,1.9362235565210957,7.771391665535125,6.810096681817341,0.10309530176603887,0.5739795918367347,0.4260204081632653,0.8954081632653061,0.6913265306122449,192,143,57,0,335,0.4897959183673469,0.3647959183673469,0.14540816326530612,0.0,0.125,0.008629793698970524,tested,0.05221025187877167
NQ,UPPER_k2,4,120,1277,397,0.31088488645262335,397,0.45843828715365237,0.5415617128463476,-0.08312342569269521,1.809229046862749,9.575724917232499,8.355921035306658,0.14595847687001146,0.5586734693877551,0.4413265306122449,0.9183673469387755,0.7729591836734694,192,143,57,0,335,0.4897959183673469,0.3647959183673469,0.14540816326530612,0.0,0.125,0.008629793698970524,tested,0.05221025187877167
NQ,UPPER_k2,5,1,1277,430,0.33672670321064996,430,0.4720930232558139,0.5279069767441861,-0.05581395348837209,0.22979414579925772,1.4192907551929923,0.953162822302795,0.11951422539485829,0.5495283018867925,0.45047169811320753,0.6084905660377359,0.0,184,146,59,35,330,0.4339622641509434,0.3443396226415094,0.1391509433962264,0.08254716981132075,0.08962264150943396,0.041509120768540554,tested,0.130415163757583
NQ,UPPER_k2,5,2,1277,430,0.33672670321064996,430,0.4720930232558139,0.5279069767441861,-0.05581395348837209,0.14368916495552603,1.8010390233297704,1.3889818641204403,0.09304042255674913,0.5424528301886793,0.45754716981132076,0.7004716981132075,0.12028301886792453,205,151,59,9,356,0.4834905660377358,0.3561320754716981,0.1391509433962264,0.02122641509433962,0.12735849056603774,0.0048996142171401184,tested,0.044669333157212734
NQ,UPPER_k2,5,3,1277,430,0.33672670321064996,430,0.4720930232558139,0.5279069767441861,-0.05581395348837209,0.21134745881855943,2.048190514721087,1.686268763252862,0.07208790318909677,0.5188679245283019,0.4811320754716981,0.7452830188679245,0.21226415094339623,208,155,59,2,363,0.49056603773584906,0.36556603773584906,0.1391509433962264,0.0047169811320754715,0.125,0.006269138270725061,tested,0.044669333157212734
NQ,UPPER_k2,5,4,1277,430,0.33672670321064996,430,0.4720930232558139,0.5279069767441861,-0.05581395348837209,0.3170142617048243,2.2777785964710078,1.967385189421162,0.0514129301168605,0.5235849056603774,0.47641509433962265,0.7617924528301887,0.2641509433962264,208,155,59,2,363,0.49056603773584906,0.36556603773584906,0.1391509433962264,0.0047169811320754715,0.125,0.006269138270725061,tested,0.044669333157212734
NQ,UPPER_k2,5,5,1277,430,0.33672670321064996,430,0.4720930232558139,0.5279069767441861,-0.05581395348837209,0.5507644589682057,2.4811566365640143,2.12910279700096,0.0644077495091167,0.5259433962264151,0.4740566037735849,0.7759433962264151,0.28773584905660377,209,155,59,1,364,0.49292452830188677,0.36556603773584906,0.1391509433962264,0.0023584905660377358,0.12735849056603774,0.005398199451774122,tested,0.044669333157212734
NQ,UPPER_k2,5,10,1277,430,0.33672670321064996,430,0.4720930232558139,0.5279069767441861,-0.05581395348837209,0.2261298714811277,3.2785595564772905,3.2885190965206434,-0.0025650102752194726,0.49764150943396224,0.5023584905660378,0.8113207547169812,0.4528301886792453,209,156,59,0,365,0.49292452830188677,0.36792452830188677,0.1391509433962264,0.0,0.125,0.006414294740550175,tested,0.044669333157212734
NQ,UPPER_k2,5,15,1277,430,0.33672670321064996,430,0.4720930232558139,0.5279069767441861,-0.05581395348837209,0.8853578212840324,4.167000342963934,3.8461131700452147,0.031505377184587256,0.5117924528301887,0.4882075471698113,0.8325471698113207,0.5094339622641509,209,156,59,0,365,0.49292452830188677,0.36792452830188677,0.1391509433962264,0.0,0.125,0.006414294740550175,tested,0.044669333157212734
NQ,UPPER_k2,5,20,1277,430,0.33672670321064996,430,0.4720930232558139,0.5279069767441861,-0.05581395348837209,1.2557905847674689,4.699024278969961,4.200551465776206,0.03585338173339217,0.5259433962264151,0.4740566037735849,0.8466981132075472,0.5636792452830188,209,156,59,0,365,0.49292452830188677,0.36792452830188677,0.1391509433962264,0.0,0.125,0.006414294740550175,tested,0.044669333157212734
NQ,UPPER_k2,5,30,1277,430,0.33672670321064996,430,0.4720930232558139,0.5279069767441861,-0.05581395348837209,2.0612617587684907,5.700639790789445,5.06727181934645,0.10497071616841995,0.5518867924528302,0.4481132075471698,0.8679245283018868,0.6202830188679245,209,156,59,0,365,0.49292452830188677,0.36792452830188677,0.1391509433962264,0.0,0.125,0.006414294740550175,tested,0.044669333157212734
NQ,UPPER_k2,5,60,1277,430,0.33672670321064996,430,0.4720930232558139,0.5279069767441861,-0.05581395348837209,1.8350430207328783,7.678446313843496,6.73069068689291,0.10826988088867723,0.5707547169811321,0.42924528301886794,0.8915094339622641,0.6910377358490566,209,156,59,0,365,0.49292452830188677,0.36792452830188677,0.1391509433962264,0.0,0.125,0.006414294740550175,tested,0.044669333157212734
NQ,UPPER_k2,5,120,1277,430,0.33672670321064996,430,0.4720930232558139,0.5279069767441861,-0.05581395348837209,1.7767758690727478,9.504366567545578,8.322174607048428,0.1445136909728081,0.5566037735849056,0.44339622641509435,0.9127358490566038,0.7712264150943396,209,156,59,0,365,0.49292452830188677,0.36792452830188677,0.1391509433962264,0.0,0.125,0.006414294740550175,tested,0.044669333157212734
NQ,UPPER_k2,10,1,1277,590,0.4620203602192639,590,0.47796610169491527,0.5220338983050847,-0.04406779661016949,0.10447658458065177,1.1964658802290875,0.8867011044609879,0.12136774621496438,0.5471698113207547,0.4528301886792453,0.614065180102916,0.0,237,197,71,78,434,0.4065180102915952,0.3379073756432247,0.12178387650085763,0.13379073756432247,0.0686106346483705,0.06107363250493124,tested,0.1775353641584788
NQ,UPPER_k2,10,2,1277,590,0.4620203602192639,590,0.47796610169491527,0.5220338983050847,-0.04406779661016949,0.1697726569138792,1.6272896648305746,1.2792720604288546,0.09555895455357173,0.5403087478559176,0.45969125214408235,0.6998284734133791,0.11149228130360206,276,211,71,25,487,0.4734133790737564,0.36192109777015435,0.12178387650085763,0.04288164665523156,0.11149228130360206,0.0036864358427196138,tested,0.04360014526476367
NQ,UPPER_k2,10,3,1277,590,0.4620203602192639,590,0.47796610169491527,0.5220338983050847,-0.04406779661016949,0.10786038474137015,1.8656221819130543,1.588171817843542,0.04817690678456534,0.5145797598627787,0.4854202401372213,0.7392795883361921,0.20411663807890223,281,219,71,12,500,0.48198970840480276,0.37564322469982847,0.12178387650085763,0.02058319039451115,0.10634648370497427,0.006315259273768825,tested,0.044669333157212734
NQ,UPPER_k2,10,4,1277,590,0.4620203602192639,590,0.47796610169491527,0.5220338983050847,-0.04406779661016949,0.1415571477212369,2.121941518582211,1.87424595793869,0.007661608750284499,0.5042881646655232,0.4957118353344768,0.7615780445969125,0.2641509433962264,281,221,71,10,502,0.48198970840480276,0.379073756432247,0.12178387650085763,0.017152658662092625,0.10291595197255575,0.008391312755952647,tested,0.05221025187877167
NQ,UPPER_k2,10,5,1277,590,0.4620203602192639,590,0.47796610169491527,0.5220338983050847,-0.04406779661016949,0.2619081548735036,2.232639549942908,2.048983672279216,0.033896618156356535,0.5145797598627787,0.4854202401372213,0.7770154373927959,0.2950257289879931,284,223,71,5,507,0.48713550600343053,0.38250428816466553,0.12178387650085763,0.008576329331046312,0.10463121783876501,0.007644551506808728,tested,0.049663931936851334
NQ,UPPER_k2,10,10,1277,590,0.4620203602192639,590,0.47796610169491527,0.5220338983050847,-0.04406779661016949,0.1847901713343519,3.0269500095957547,2.995037802593928,-0.035910605009288686,0.48198970840480276,0.5180102915951973,0.8216123499142367,0.4631217838765009,285,225,71,2,510,0.4888507718696398,0.38593481989708406,0.12178387650085763,0.003430531732418525,0.10291595197255575,0.008921118889085948,tested,0.05363753468717514
NQ,UPPER_k2,10,15,1277,590,0.4620203602192639,590,0.47796610169491527,0.5220338983050847,-0.04406779661016949,0.45116073299940396,3.6774101134912374,3.7269266512767723,-0.03452921948774019,0.483704974271012,0.516295025728988,0.8490566037735849,0.5283018867924528,287,225,71,0,512,0.4922813036020583,0.38593481989708406,0.12178387650085763,0.0,0.10634648370497427,0.00696300763597798,tested,0.04648407856294265
NQ,UPPER_k2,10,20,1277,590,0.4620203602192639,590,0.47796610169491527,0.5220338983050847,-0.04406779661016949,0.7201684770240941,4.198702244628671,4.177372430631391,0.007832588468683664,0.5008576329331046,0.49914236706689535,0.8593481989708405,0.5797598627787307,287,225,71,0,512,0.4922813036020583,0.38593481989708406,0.12178387650085763,0.0,0.10634648370497427,0.00696300763597798,tested,0.04648407856294265
NQ,UPPER_k2,10,30,1277,590,0.4620203602192639,590,0.47796610169491527,0.5220338983050847,-0.04406779661016949,0.9971684750651877,4.934189458956483,5.105804392415035,0.02319835051730029,0.5094339622641509,0.49056603773584906,0.8799313893653516,0.6500857632933105,287,225,71,0,512,0.4922813036020583,0.38593481989708406,0.12178387650085763,0.0,0.10634648370497427,0.00696300763597798,tested,0.04648407856294265
NQ,UPPER_k2,10,60,1277,590,0.4620203602192639,590,0.47796610169491527,0.5220338983050847,-0.04406779661016949,1.2100471204832133,6.79286571053984,6.715773611224498,0.05351686839535798,0.5231560891938251,0.47684391080617494,0.8987993138936535,0.7101200686106347,287,225,71,0,512,0.4922813036020583,0.38593481989708406,0.12178387650085763,0.0,0.10634648370497427,0.00696300763597798,tested,0.04648407856294265
NQ,UPPER_k2,10,120,1277,590,0.4620203602192639,590,0.47796610169491527,0.5220338983050847,-0.04406779661016949,1.3230223572142308,8.111042811903717,8.306587507955378,0.08069729999918214,0.5180102915951973,0.48198970840480276,0.9159519725557461,0.7735849056603774,287,225,71,0,512,0.4922813036020583,0.38593481989708406,0.12178387650085763,0.0,0.10634648370497427,0.00696300763597798,tested,0.04648407856294265
NQ,UPPER_k2,15,1,1277,658,0.5152701644479248,658,0.47416413373860183,0.5258358662613982,-0.05167173252279635,0.12493507344139121,1.0670005536384417,0.8092412479276041,0.1190310962119839,0.5499231950844854,0.4500768049155146,0.6144393241167435,0.0,258,216,75,102,474,0.39631336405529954,0.3317972350230415,0.1152073732718894,0.15668202764976957,0.06451612903225806,0.05955996841140278,tested,0.1736567753681864
NQ,UPPER_k2,15,2,1277,658,0.5152701644479248,658,0.47416413373860183,0.5258358662613982,-0.05167173252279635,0.14462567361011547,1.5293497721827367,1.1998165706347057,0.0941952677086582,0.5422427035330261,0.4577572964669739,0.7035330261136713,0.11674347158218126,300,234,75,42,534,0.4608294930875576,0.35944700460829493,0.1152073732718894,0.06451612903225806,0.10138248847926268,0.004864458770672231,tested,0.044669333157212734
NQ,UPPER_k2,15,3,1277,658,0.5152701644479248,658,0.47416413373860183,0.5258358662613982,-0.05167173252279635,0.06899463176671046,1.7518207415681386,1.5047021025743221,0.04967040349655174,0.5176651305683564,0.4823348694316436,0.7450076804915514,0.20890937019969277,308,246,75,22,554,0.4731182795698925,0.3778801843317972,0.1152073732718894,0.03379416282642089,0.09523809523809523,0.009489973229839495,tested,0.056353118459772845
NQ,UPPER_k2,15,4,1277,658,0.5152701644479248,658,0.47416413373860183,0.5258358662613982,-0.05167173252279635,0.019394698111389927,1.992874748163781,1.7680158952990117,0.022629392519602807,0.5084485407066052,0.4915514592933948,0.7680491551459293,0.27956989247311825,309,250,75,17,559,0.47465437788018433,0.38402457757296465,0.1152073732718894,0.026113671274961597,0.09062980030721966,0.014089228966449163,tested,0.06927465145924261
NQ,UPPER_k2,15,5,1277,658,0.5152701644479248,658,0.47416413373860183,0.5258358662613982,-0.05167173252279635,0.23301446331625958,2.1854409968133846,1.951831005026456,0.033896618156356535,0.5161290322580645,0.4838709677419355,0.7849462365591398,0.31336405529953915,314,252,75,10,566,0.4823348694316436,0.3870967741935484,0.1152073732718894,0.015360983102918587,0.09523809523809523,0.010283910821288558,tested,0.05855779808827838
NQ,UPPER_k2,15,10,1277,658,0.5152701644479248,658,0.47416413373860183,0.5258358662613982,-0.05167173252279635,0.15551507231651035,2.863597868013861,2.8461144741122024,-0.046894910778685656,0.4792626728110599,0.5207373271889401,0.8279569892473119,0.4731182795698925,316,258,75,2,574,0.48540706605222733,0.39631336405529954,0.1152073732718894,0.0030721966205837174,0.0890937019969278,0.017277480628001097,tested,0.07778884301351192
NQ,UPPER_k2,15,15,1277,658,0.5152701644479248,658,0.47416413373860183,0.5258358662613982,-0.05167173252279635,0.43853310654756167,3.397895894639061,3.4061287853889914,-0.035910605009288686,0.4823348694316436,0.5176651305683564,0.8525345622119815,0.533026113671275,318,258,75,0,576,0.48847926267281105,0.39631336405529954,0.1152073732718894,0.0,0.09216589861751152,0.013888536678958271,tested,0.06927465145924261
NQ,UPPER_k2,15,20,1277,658,0.5152701644479248,658,0.47416413373860183,0.5258358662613982,-0.05167173252279635,0.6084839431509179,3.9741947383440843,3.938559819325398,-0.010636135793623163,0.4976958525345622,0.5023041474654378,0.8632872503840245,0.5837173579109063,318,258,75,0,576,0.48847926267281105,0.39631336405529954,0.1152073732718894,0.0,0.09216589861751152,0.013888536678958271,tested,0.06927465145924261
NQ,UPPER_k2,15,30,1277,658,0.5152701644479248,658,0.47416413373860183,0.5258358662613982,-0.05167173252279635,0.7780165834257766,4.824906743255761,4.9082304856911705,0.02130060529912723,0.5069124423963134,0.4930875576036866,0.8817204301075269,0.6513056835637481,318,258,75,0,576,0.48847926267281105,0.39631336405529954,0.1152073732718894,0.0,0.09216589861751152,0.013888536678958271,tested,0.06927465145924261
NQ,UPPER_k2,15,60,1277,658,0.5152701644479248,658,0.47416413373860183,0.5258358662613982,-0.05167173252279635,1.294421643274339,6.365661810081762,6.216449281673468,0.05772509460865047,0.5268817204301075,0.4731182795698925,0.8986175115207373,0.706605222734255,318,258,75,0,576,0.48847926267281105,0.39631336405529954,0.1152073732718894,0.0,0.09216589861751152,0.013888536678958271,tested,0.06927465145924261
NQ,UPPER_k2,15,120,1277,658,0.5152701644479248,658,0.47416413373860183,0.5258358662613982,-0.05167173252279635,1.2072874776585725,7.866503865045369,7.748837535181558,0.0716041827225546,0.522273425499232,0.47772657450076805,0.9155145929339478,0.7711213517665131,318,258,75,0,576,0.48847926267281105,0.39631336405529954,0.1152073732718894,0.0,0.09216589861751152,0.013888536678958271,tested,0.06927465145924261
NQ,UPPER_k2,20,1,1277,709,0.5552075176194206,709,0.4809590973201692,0.5190409026798307,-0.0380818053596615,0.11199548243767132,1.0113754151112087,0.8030107855526846,0.10416037251591771,0.5471428571428572,0.45285714285714285,0.6114285714285714,0.0,275,232,78,115,507,0.39285714285714285,0.3314285714285714,0.11142857142857143,0.16428571428571428,0.06142857142857143,0.06203480694938919,tested,0.17978950038026567
NQ,UPPER_k2,20,2,1277,709,0.5552075176194206,709,0.4809590973201692,0.5190409026798307,-0.0380818053596615,0.1310497744468192,1.5130494623695405,1.176667181299304,0.10089313879561769,0.5414285714285715,0.4585714285714286,0.7042857142857143,0.11714285714285715,321,253,78,48,574,0.4585714285714286,0.36142857142857143,0.11142857142857143,0.06857142857142857,0.09714285714285714,0.005121219887488879,tested,0.044669333157212734
NQ,UPPER_k2,20,3,1277,709,0.5552075176194206,709,0.4809590973201692,0.5190409026798307,-0.0380818053596615,0.029522447493757945,1.712669723171527,1.46954421413052,0.05366235705059884,0.5185714285714286,0.48142857142857143,0.7442857142857143,0.21,330,266,78,26,596,0.4714285714285714,0.38,0.11142857142857143,0.037142857142857144,0.09142857142857143,0.009805029293499122,tested,0.057176315398235845
NQ,UPPER_k2,20,4,1277,709,0.5552075176194206,709,0.4809590973201692,0.5190409026798307,-0.0380818053596615,-0.0014261745886697736,1.9389270575900779,1.741996471525268,0.02200717287154067,0.5071428571428571,0.4928571428571429,0.7671428571428571,0.2785714285714286,333,271,78,18,604,0.4757142857142857,0.3871428571428571,0.11142857142857143,0.025714285714285714,0.08857142857142856,0.012997851864115798,tested,0.06875366450526826
NQ,UPPER_k2,20,5,1277,709,0.5552075176194206,709,0.4809590973201692,0.5190409026798307,-0.0380818053596615,0.17748673129247633,2.0973526869803076,1.9396703002915872,0.031446170977144514,0.5128571428571429,0.48714285714285716,0.7842857142857143,0.3142857142857143,338,273,78,11,611,0.4828571428571429,0.39,0.11142857142857143,0.015714285714285715,0.09285714285714286,0.009564615352146014,tested,0.056353118459772845
NQ,UPPER_k2,20,10,1277,709,0.5552075176194206,709,0.4809590973201692,0.5190409026798307,-0.0380818053596615,0.06825771680662436,2.7175358715509548,2.84315524710393,-0.0690962053124705,0.4742857142857143,0.5257142857142857,0.8285714285714286,0.4742857142857143,340,280,78,2,620,0.4857142857142857,0.4,0.11142857142857143,0.002857142857142857,0.08571428571428572,0.017741419707717206,tested,0.07914144828142974
NQ,UPPER_k2,20,15,1277,709,0.5552075176194206,709,0.4809590973201692,0.5190409026798307,-0.0380818053596615,0.418795813979131,3.278368367495088,3.4149676064223646,-0.05962160563173745,0.4785714285714286,0.5214285714285715,0.8528571428571429,0.5328571428571428,342,280,78,0,622,0.48857142857142855,0.4,0.11142857142857143,0.0,0.08857142857142856,0.014384509238954301,tested,0.06927465145924261
NQ,UPPER_k2,20,20,1277,709,0.5552075176194206,709,0.4809590973201692,0.5190409026798307,-0.0380818053596615,0.5478221395021079,3.808857626116223,3.902413152029911,-0.023551580042813602,0.4942857142857143,0.5057142857142857,0.8642857142857143,0.5842857142857143,342,280,78,0,622,0.48857142857142855,0.4,0.11142857142857143,0.0,0.08857142857142856,0.014384509238954301,tested,0.06927465145924261
NQ,UPPER_k2,20,30,1277,709,0.5552075176194206,709,0.4809590973201692,0.5190409026798307,-0.0380818053596615,0.7729398886072825,4.683131417079871,4.840930195922212,0.01007335051120685,0.5028571428571429,0.49714285714285716,0.8828571428571429,0.6485714285714286,342,280,78,0,622,0.48857142857142855,0.4,0.11142857142857143,0.0,0.08857142857142856,0.014384509238954301,tested,0.06927465145924261
NQ,UPPER_k2,20,60,1277,709,0.5552075176194206,709,0.4809590973201692,0.5190409026798307,-0.0380818053596615,1.3699060200676292,6.262230637037321,6.036408009892531,0.05529160444489019,0.5228571428571429,0.47714285714285715,0.9,0.7057142857142857,342,280,78,0,622,0.48857142857142855,0.4,0.11142857142857143,0.0,0.08857142857142856,0.014384509238954301,tested,0.06927465145924261
NQ,UPPER_k2,20,120,1277,709,0.5552075176194206,709,0.4809590973201692,0.5190409026798307,-0.0380818053596615,1.3247427207163014,7.712291816387548,7.673125774504358,0.06349287572946562,0.52,0.48,0.9157142857142857,0.7714285714285715,342,280,78,0,622,0.48857142857142855,0.4,0.11142857142857143,0.0,0.08857142857142856,0.014384509238954301,tested,0.06927465145924261
NQ,UPPER_k2,30,1,1277,751,0.5880971025841817,751,0.48868175765645805,0.511318242343542,-0.022636484687083888,0.09360690605203534,0.9510641791079669,0.8075034355035784,0.08356911334797923,0.5336927223719676,0.46630727762803237,0.6226415094339622,0.0,282,250,78,132,532,0.38005390835579517,0.33692722371967654,0.10512129380053908,0.1778975741239892,0.0431266846361186,0.17888696979930552,tested,0.3678879426845644
NQ,UPPER_k2,30,2,1277,751,0.5880971025841817,751,0.48868175765645805,0.511318242343542,-0.022636484687083888,0.12956908931997957,1.4520935663882648,1.1250414137869122,0.08400690264379143,0.532345013477089,0.46765498652291104,0.7142857142857143,0.11185983827493262,335,274,78,55,609,0.45148247978436656,0.3692722371967655,0.10512129380053908,0.07412398921832884,0.08221024258760108,0.01497587276523054,tested,0.07141204353075449
NQ,UPPER_k2,30,3,1277,751,0.5880971025841817,751,0.48868175765645805,0.511318242343542,-0.022636484687083888,0.043996356756244324,1.6822649504028064,1.451239641501338,0.04610712226642234,0.5134770889487871,0.4865229110512129,0.7533692722371967,0.20215633423180593,344,289,78,31,633,0.4636118598382749,0.3894878706199461,0.10512129380053908,0.04177897574123989,0.07412398921832884,0.03176712432554011,tested,0.11222838082891542
NQ,UPPER_k2,30,4,1277,751,0.5880971025841817,751,0.48868175765645805,0.511318242343542,-0.022636484687083888,0.057340730332753914,1.8636772312228382,1.7029046003369523,0.01018651165324378,0.5053908355795148,0.4946091644204852,0.7762803234501348,0.2695417789757412,349,295,78,20,644,0.47035040431266845,0.3975741239892183,0.10512129380053908,0.026954177897574125,0.07277628032345014,0.036671466458214876,tested,0.11952181660455218
NQ,UPPER_k2,30,5,1277,751,0.5880971025841817,751,0.48868175765645805,0.511318242343542,-0.022636484687083888,0.19502998058517346,2.0687867792749346,1.9248361142806245,0.014890912017174204,0.5080862533692723,0.4919137466307278,0.7924528301886793,0.3059299191374663,354,297,78,13,651,0.477088948787062,0.4002695417789757,0.10512129380053908,0.01752021563342318,0.07681940700808626,0.028099960881360218,tested,0.10657924050945494
NQ,UPPER_k2,30,10,1277,751,0.5880971025841817,751,0.48868175765645805,0.511318242343542,-0.022636484687083888,0.06825771680662436,2.6709129582618694,2.7682166351863664,-0.0690962053124705,0.4743935309973046,0.5256064690026954,0.8355795148247979,0.46495956873315364,357,305,78,2,662,0.4811320754716981,0.4110512129380054,0.10512129380053908,0.0026954177897574125,0.07008086253369272,0.04737822829111878,tested,0.14331914058063433
NQ,UPPER_k2,30,15,1277,751,0.5880971025841817,751,0.48868175765645805,0.511318242343542,-0.022636484687083888,0.37556318392864735,3.233332920805268,3.3055797879731985,-0.05520445237562956,0.4797843665768194,0.5202156334231806,0.8584905660377359,0.532345013477089,359,305,78,0,664,0.4838274932614555,0.4110512129380054,0.10512129380053908,0.0,0.07277628032345014,0.03962524876101183,tested,0.1257614452480638
NQ,UPPER_k2,30,20,1277,751,0.5880971025841817,751,0.48868175765645805,0.511318242343542,-0.022636484687083888,0.5088862607109615,3.716657906797173,3.850988548917041,-0.023551580042813602,0.4946091644204852,0.5053908355795148,0.8692722371967655,0.5835579514824798,359,305,78,0,664,0.4838274932614555,0.4110512129380054,0.10512129380053908,0.0,0.07277628032345014,0.03962524876101183,tested,0.1257614452480638
NQ,UPPER_k2,30,30,1277,751,0.5880971025841817,751,0.48868175765645805,0.511318242343542,-0.022636484687083888,0.6304639884546749,4.483002291020171,4.652704323604702,0.00597900506593064,0.5013477088948787,0.49865229110512127,0.8881401617250674,0.6509433962264151,359,305,78,0,664,0.4838274932614555,0.4110512129380054,0.10512129380053908,0.0,0.07277628032345014,0.03962524876101183,tested,0.1257614452480638
NQ,UPPER_k2,30,60,1277,751,0.5880971025841817,751,0.48868175765645805,0.511318242343542,-0.022636484687083888,1.3291197032055138,5.954277604190947,5.846195030873755,0.05272477888258931,0.5188679245283019,0.4811320754716981,0.9056603773584906,0.7088948787061995,359,305,78,0,664,0.4838274932614555,0.4110512129380054,0.10512129380053908,0.0,0.07277628032345014,0.03962524876101183,tested,0.1257614452480638
NQ,UPPER_k2,30,120,1277,751,0.5880971025841817,751,0.48868175765645805,0.511318242343542,-0.022636484687083888,1.3247427207163014,7.519089258738241,7.3252357586412415,0.06349287572946562,0.5215633423180593,0.4784366576819407,0.9204851752021563,0.7749326145552561,359,305,78,0,664,0.4838274932614555,0.4110512129380054,0.10512129380053908,0.0,0.07277628032345014,0.03962524876101183,tested,0.1257614452480638
NQ,UPPER_k2,60,1,1277,843,0.6601409553641346,843,0.4887307236061684,0.5112692763938316,-0.022538552787663108,0.06094958297252255,0.9038490959224863,0.7701755474204977,0.08505996265590893,0.5348557692307693,0.4651442307692308,0.6225961538461539,0.0,307,275,82,168,582,0.36899038461538464,0.33052884615384615,0.0985576923076923,0.20192307692307693,0.038461538461538464,0.19875353554606578,tested,0.39263963756855447
NQ,UPPER_k2,60,2,1277,843,0.6601409553641346,843,0.4887307236061684,0.5112692763938316,-0.022538552787663108,0.11524416281527369,1.3704335154954688,1.0803720095199671,0.07320798363394748,0.5300480769230769,0.4699519230769231,0.7103365384615384,0.10817307692307693,367,304,82,79,671,0.4411057692307692,0.36538461538461536,0.0985576923076923,0.09495192307692307,0.07572115384615384,0.01662521182693257,tested,0.07555495327920528
NQ,UPPER_k2,60,3,1277,843,0.6601409553641346,843,0.4887307236061684,0.5112692763938316,-0.022538552787663108,0.05231215760566792,1.5837400885450583,1.3487203320101342,0.048080158723304366,0.5144230769230769,0.4855769230769231,0.75,0.19831730769230768,381,323,82,46,704,0.4579326923076923,0.38822115384615385,0.0985576923076923,0.055288461538461536,0.06971153846153846,0.03161938350507259,tested,0.11211561623776654
NQ,UPPER_k2,60,4,1277,843,0.6601409553641346,843,0.4887307236061684,0.5112692763938316,-0.022538552787663108,0.07009813581532368,1.737679022447201,1.5765583412960673,0.02200717287154067,0.5072115384615384,0.49278846153846156,0.7716346153846154,0.2644230769230769,386,331,82,33,717,0.4639423076923077,0.39783653846153844,0.0985576923076923,0.039663461538461536,0.06610576923076923,0.04365514586452671,tested,0.13467525765137509
NQ,UPPER_k2,60,5,1277,843,0.6601409553641346,843,0.4887307236061684,0.5112692763938316,-0.022538552787663108,0.1476779290839081,1.9459484001332774,1.832360731015715,0.014890912017174204,0.5084134615384616,0.49158653846153844,0.7896634615384616,0.30528846153846156,392,334,82,24,726,0.47115384615384615,0.4014423076923077,0.0985576923076923,0.028846153846153848,0.06971153846153846,0.034318123569436594,tested,0.11534702644171745
NQ,UPPER_k2,60,10,1277,843,0.6601409553641346,843,0.4887307236061684,0.5112692763938316,-0.022538552787663108,0.12674086091354925,2.4698345907314834,2.47913968868819,-0.05785424190894159,0.47596153846153844,0.5240384615384616,0.8365384615384616,0.46634615384615385,400,344,82,6,744,0.4807692307692308,0.41346153846153844,0.0985576923076923,0.007211538461538462,0.0673076923076923,0.04368598233732622,tested,0.13467525765137509
NQ,UPPER_k2,60,15,1277,843,0.6601409553641346,843,0.4887307236061684,0.5112692763938316,-0.022538552787663108,0.19840342518606002,2.9862290550664845,3.102754821468617,-0.045268461635864315,0.4795673076923077,0.5204326923076923,0.859375,0.5420673076923077,403,345,82,2,748,0.484375,0.41466346153846156,0.0985576923076923,0.002403846153846154,0.06971153846153846,0.03707800684335743,tested,0.12044131082003354
NQ,UPPER_k2,60,20,1277,843,0.6601409553641346,843,0.4887307236061684,0.5112692763938316,-0.022538552787663108,0.32205181608410033,3.349695227566155,3.6818639164484663,-0.02460072128263703,0.49399038461538464,0.5060096153846154,0.8701923076923077,0.5901442307692307,404,345,82,1,749,0.4855769230769231,0.41466346153846156,0.0985576923076923,0.001201923076923077,0.07091346153846154,0.033997731620827094,tested,0.11466830734829488
NQ,UPPER_k2,60,30,1277,843,0.6601409553641346,843,0.4887307236061684,0.5112692763938316,-0.022538552787663108,0.5364795352200211,4.059276578791444,4.402408686945408,-0.009083753687250644,0.49759615384615385,0.5024038461538461,0.890625,0.6610576923076923,405,345,82,0,750,0.48677884615384615,0.41466346153846156,0.0985576923076923,0.0,0.07211538461538461,0.031142377485090217,tested,0.11131695917622868
NQ,UPPER_k2,60,60,1277,843,0.6601409553641346,843,0.4887307236061684,0.5112692763938316,-0.022538552787663108,1.0625940665821105,5.640326556459959,5.666473739538365,0.03974135487078338,0.5084134615384616,0.49158653846153844,0.9074519230769231,0.7199519230769231,405,345,82,0,750,0.48677884615384615,0.41466346153846156,0.0985576923076923,0.0,0.07211538461538461,0.031142377485090217,tested,0.11131695917622868
NQ,UPPER_k2,60,120,1277,843,0.6601409553641346,843,0.4887307236061684,0.5112692763938316,-0.022538552787663108,1.158492344436345,7.159522411422931,7.1373552596619945,0.05389239329799918,0.5180288461538461,0.48197115384615385,0.921875,0.78125,405,345,82,0,750,0.48677884615384615,0.41466346153846156,0.0985576923076923,0.0,0.07211538461538461,0.031142377485090217,tested,0.11131695917622868
NQ,UPPER_k2,120,1,1277,923,0.7227877838684417,923,0.49512459371614304,0.504875406283857,-0.009750812567713976,0.035614133368271295,0.8412053229160172,0.7565856959353292,0.04382054165122102,0.5257958287596048,0.47420417124039516,0.6190998902305159,0.0,319,300,82,210,619,0.35016465422612514,0.32930845225027444,0.09001097694840834,0.2305159165751921,0.020856201975850714,0.4694130199603495,tested,0.6575858224625446
NQ,UPPER_k2,120,2,1277,923,0.7227877838684417,923,0.49512459371614304,0.504875406283857,-0.009750812567713976,0.057714454857524744,1.252076046927875,1.0513167019494787,0.04938016562377206,0.5214050493962679,0.47859495060373214,0.7069154774972558,0.10647639956092206,389,334,82,106,723,0.4270032930845225,0.36663007683863885,0.09001097694840834,0.1163556531284303,0.06037321624588365,0.04453874256200357,tested,0.1368682628572046
NQ,UPPER_k2,120,3,1277,923,0.7227877838684417,923,0.49512459371614304,0.504875406283857,-0.009750812567713976,0.019878434249947136,1.4778699935221773,1.2984375530104304,0.026819948677762648,0.5060373216245884,0.49396267837541163,0.7453347969264544,0.1964873765093304,407,357,82,65,764,0.446761800219539,0.3918770581778266,0.09001097694840834,0.07135016465422613,0.054884742041712405,0.07620013618596347,tested,0.21276291160659555
NQ,UPPER_k2,120,4,1277,923,0.7227877838684417,923,0.49512459371614304,0.504875406283857,-0.009750812567713976,0.00043929115863406267,1.6201648417733387,1.5077926634769752,-0.0017139501241520579,0.4994511525795829,0.5005488474204172,0.7694840834248079,0.26344676180021953,416,368,82,45,784,0.4566410537870472,0.4039517014270033,0.09001097694840834,0.04939626783754116,0.052689352360043906,0.09317233419853124,tested,0.24441956505197354
NQ,UPPER_k2,120,5,1277,923,0.7227877838684417,923,0.49512459371614304,0.504875406283857,-0.009750812567713976,0.08417009669314214,1.7902815873289186,1.7680158952990117,0.006820650882139461,0.5027442371020856,0.4972557628979144,0.7881448957189902,0.3029637760702525,423,371,82,35,794,0.4643249176728869,0.407244785949506,0.09001097694840834,0.038419319429198684,0.0570801317233809,0.07024075582511238,tested,0.19881009251084442
NQ,UPPER_k2,120,10,1277,923,0.7227877838684417,923,0.49512459371614304,0.504875406283857,-0.009750812567713976,0.05507989647491663,2.298846334521126,2.298549679994902,-0.05834032615500604,0.47530186608122943,0.5246981339187706,0.8364434687156971,0.4676180021953897,433,386,82,10,819,0.47530186608122943,0.42371020856201974,0.09001097694840834,0.010976948408342482,0.05159165751920966,0.1079164219285752,tested,0.27316167082907206
NQ,UPPER_k2,120,15,1277,923,0.7227877838684417,923,0.49512459371614304,0.504875406283857,-0.009750812567713976,0.032556051701849685,2.8271756715212693,2.8922221335854967,-0.05693273176350179,0.47639956092206365,0.5236004390779363,0.8605927552140505,0.5466520307354555,437,387,82,5,824,0.4796926454445664,0.424807903402854,0.09001097694840834,0.005488474204171241,0.054884742041712405,0.08776138833864393,tested,0.23147962918748588
NQ,UPPER_k2,120,20,1277,923,0.7227877838684417,923,0.49512459371614304,0.504875406283857,-0.009750812567713976,0.2385107995962254,3.126388776337703,3.378511245921287,-0.02550475568172208,0.49396267837541163,0.5060373216245884,0.8737650933040615,0.5960482985729967,439,388,82,2,827,0.4818880351262349,0.42590559824368823,0.09001097694840834,0.0021953896816684962,0.05598243688254665,0.08203036194285328,tested,0.21995953008499164
NQ,UPPER_k2,120,30,1277,923,0.7227877838684417,923,0.49512459371614304,0.504875406283857,-0.009750812567713976,0.46935047248576844,3.781689938430858,4.1569580997140685,-0.010636135793623163,0.4972557628979144,0.5027442371020856,0.8957189901207464,0.6684961580680571,440,388,82,1,828,0.4829857299670692,0.42590559824368823,0.09001097694840834,0.0010976948408342481,0.0570801317233809,0.07626934951186845,tested,0.21276291160659555
NQ,UPPER_k2,120,60,1277,923,0.7227877838684417,923,0.49512459371614304,0.504875406283857,-0.009750812567713976,0.9388283379078898,5.230454329725274,5.38700618621413,0.013685833997074948,0.5049396267837541,0.4950603732162459,0.9132821075740944,0.7244785949506037,441,388,82,0,829,0.4840834248079034,0.42590559824368823,0.09001097694840834,0.0,0.05817782656421515,0.07084876054271384,tested,0.19936511687600872
NQ,UPPER_k2,120,120,1277,923,0.7227877838684417,923,0.49512459371614304,0.504875406283857,-0.009750812567713976,0.8228690768148714,6.79286571053984,6.791097457018457,0.022234079002250995,0.5093304061470911,0.49066959385290887,0.9264544456641054,0.7837541163556532,441,388,82,0,829,0.4840834248079034,0.42590559824368823,0.09001097694840834,0.0,0.05817782656421515,0.07084876054271384,tested,0.19936511687600872
NQ,UPPER_k3,1,1,1277,40,0.031323414252153486,40,0.55,0.45,0.1,-0.04386957454621714,1.8716160714627685,1.6028293816288819,0.20157772179044078,0.6153846153846154,0.38461538461538464,0.6666666666666666,0.0,16,11,12,0,27,0.41025641025641024,0.28205128205128205,0.3076923076923077,0.0,0.1282051282051282,0.44206833839416504,underpowered,0.6330209342685676
NQ,UPPER_k3,1,2,1277,40,0.031323414252153486,40,0.55,0.45,0.1,0.1819966519208507,2.7731854881874387,2.204326558164629,0.014789591993984035,0.5384615384615384,0.46153846153846156,0.8205128205128205,0.07692307692307693,16,11,12,0,27,0.41025641025641024,0.28205128205128205,0.3076923076923077,0.0,0.1282051282051282,0.44206833839416504,underpowered,0.6330209342685676
NQ,UPPER_k3,1,3,1277,40,0.031323414252153486,40,0.55,0.45,0.1,0.3328228119824338,3.1012312621926332,2.4920869344752257,-0.13247235834678583,0.46153846153846156,0.5384615384615384,0.8717948717948718,0.1794871794871795,16,11,12,0,27,0.41025641025641024,0.28205128205128205,0.3076923076923077,0.0,0.1282051282051282,0.44206833839416504,underpowered,0.6330209342685676
NQ,UPPER_k3,1,4,1277,40,0.031323414252153486,40,0.55,0.45,0.1,-0.5944102085146568,3.3658094074341065,3.3390755504750596,-0.22309426529731216,0.46153846153846156,0.5384615384615384,0.8974358974358975,0.3076923076923077,16,11,12,0,27,0.41025641025641024,0.28205128205128205,0.3076923076923077,0.0,0.1282051282051282,0.44206833839416504,underpowered,0.6330209342685676
NQ,UPPER_k3,1,5,1277,40,0.031323414252153486,40,0.55,0.45,0.1,-0.42500247671992214,3.4754645241317554,3.3660357443737894,-0.15676956645678344,0.4358974358974359,0.5641025641025641,0.8974358974358975,0.3333333333333333,16,11,12,0,27,0.41025641025641024,0.28205128205128205,0.3076923076923077,0.0,0.1282051282051282,0.44206833839416504,underpowered,0.6330209342685676
NQ,UPPER_k3,1,10,1277,40,0.031323414252153486,40,0.55,0.45,0.1,-0.1613041404525588,3.9724604412777604,5.1142370203917205,-0.2232082002313815,0.41025641025641024,0.5897435897435898,0.8974358974358975,0.46153846153846156,16,11,12,0,27,0.41025641025641024,0.28205128205128205,0.3076923076923077,0.0,0.1282051282051282,0.44206833839416504,underpowered,0.6330209342685676
NQ,UPPER_k3,1,15,1277,40,0.031323414252153486,40,0.55,0.45,0.1,1.4421536816979459,4.944918899645508,5.1142370203917205,-0.0104713585703331,0.48717948717948717,0.5128205128205128,0.8974358974358975,0.5641025641025641,16,11,12,0,27,0.41025641025641024,0.28205128205128205,0.3076923076923077,0.0,0.1282051282051282,0.44206833839416504,underpowered,0.6330209342685676
NQ,UPPER_k3,1,20,1277,40,0.031323414252153486,40,0.55,0.45,0.1,0.4220361822537509,5.8523936677975925,6.437213749510403,0.05062690962229166,0.5384615384615384,0.46153846153846156,0.9230769230769231,0.6153846153846154,16,11,12,0,27,0.41025641025641024,0.28205128205128205,0.3076923076923077,0.0,0.1282051282051282,0.44206833839416504,underpowered,0.6330209342685676
NQ,UPPER_k3,1,30,1277,40,0.031323414252153486,40,0.55,0.45,0.1,4.097891467974272,8.98174739307836,6.866752927686353,-0.024543977948917415,0.48717948717948717,0.5128205128205128,0.9230769230769231,0.6666666666666666,16,11,12,0,27,0.41025641025641024,0.28205128205128205,0.3076923076923077,0.0,0.1282051282051282,0.44206833839416504,underpowered,0.6330209342685676
NQ,UPPER_k3,1,60,1277,40,0.031323414252153486,40,0.55,0.45,0.1,1.6501779119352304,10.944668038427977,7.21766588070896,0.2134472920523962,0.6153846153846154,0.38461538461538464,0.9230769230769231,0.7435897435897436,16,11,12,0,27,0.41025641025641024,0.28205128205128205,0.3076923076923077,0.0,0.1282051282051282,0.44206833839416504,underpowered,0.6330209342685676
NQ,UPPER_k3,1,120,1277,40,0.031323414252153486,40,0.55,0.45,0.1,9.52091309844068,13.442436096923785,9.308006118842767,0.23364768262568938,0.6410256410256411,0.358974358974359,0.9230769230769231,0.7692307692307693,16,11,12,0,27,0.41025641025641024,0.28205128205128205,0.3076923076923077,0.0,0.1282051282051282,0.44206833839416504,underpowered,0.6330209342685676
NQ,UPPER_k3,2,1,1277,123,0.09631949882537197,123,0.5447154471544715,0.45528455284552843,0.08943089430894309,0.3608499476978054,1.6239842850577948,1.2855031365864014,0.12456936955250392,0.5619834710743802,0.4380165289256198,0.6363636363636364,0.0,49,38,32,2,87,0.4049586776859504,0.3140495867768595,0.2644628099173554,0.01652892561983471,0.09090909090909091,0.2836071084054854,tested,0.5013783331353299
NQ,UPPER_k3,2,2,1277,123,0.09631949882537197,123,0.5447154471544715,0.45528455284552843,0.08943089430894309,0.5485226385347891,2.364518054044541,1.7694612265578231,0.0899347929895659,0.5454545454545454,0.45454545454545453,0.7355371900826446,0.0743801652892562,50,39,32,0,89,0.4132231404958678,0.32231404958677684,0.2644628099173554,0.0,0.09090909090909091,0.2890960806960612,tested,0.5013783331353299
NQ,UPPER_k3,2,3,1277,123,0.09631949882537197,123,0.5447154471544715,0.45528455284552843,0.08943089430894309,0.340522080124107,2.6269912755635887,2.1403521383333652,0.11352620778837408,0.5454545454545454,0.45454545454545453,0.7603305785123967,0.19008264462809918,50,39,32,0,89,0.4132231404958678,0.32231404958677684,0.2644628099173554,0.0,0.09090909090909091,0.2890960806960612,tested,0.5013783331353299
NQ,UPPER_k3,2,4,1277,123,0.09631949882537197,123,0.5447154471544715,0.45528455284552843,0.08943089430894309,0.7461984147942426,3.3658094074341065,2.3168548912394153,0.16867400872927518,0.5619834710743802,0.4380165289256198,0.7851239669421488,0.2644628099173554,50,39,32,0,89,0.4132231404958678,0.32231404958677684,0.2644628099173554,0.0,0.09090909090909091,0.2890960806960612,tested,0.5013783331353299
NQ,UPPER_k3,2,5,1277,123,0.09631949882537197,123,0.5447154471544715,0.45528455284552843,0.08943089430894309,1.1004977163760468,3.688163200381398,2.4920869344752257,0.19162383327630397,0.5454545454545454,0.45454545454545453,0.7933884297520661,0.32231404958677684,50,39,32,0,89,0.4132231404958678,0.32231404958677684,0.2644628099173554,0.0,0.09090909090909091,0.2890960806960612,tested,0.5013783331353299
NQ,UPPER_k3,2,10,1277,123,0.09631949882537197,123,0.5447154471544715,0.45528455284552843,0.08943089430894309,0.8058187549906517,4.6890866684373185,3.612064642262345,0.08793413854010544,0.5206611570247934,0.4793388429752066,0.8181818181818182,0.4462809917355372,50,39,32,0,89,0.4132231404958678,0.32231404958677684,0.2644628099173554,0.0,0.09090909090909091,0.2890960806960612,tested,0.5013783331353299
NQ,UPPER_k3,2,15,1277,123,0.09631949882537197,123,0.5447154471544715,0.45528455284552843,0.08943089430894309,1.4421536816979459,5.69094946259166,3.9950967438277396,0.08793413854010544,0.5454545454545454,0.45454545454545453,0.8429752066115702,0.5289256198347108,50,39,32,0,89,0.4132231404958678,0.32231404958677684,0.2644628099173554,0.0,0.09090909090909091,0.2890960806960612,tested,0.5013783331353299
NQ,UPPER_k3,2,20,1277,123,0.09631949882537197,123,0.5447154471544715,0.45528455284552843,0.08943089430894309,1.8183949459517545,6.402908409790045,4.857089812462175,0.08793413854010544,0.5702479338842975,0.4297520661157025,0.8760330578512396,0.5867768595041323,50,39,32,0,89,0.4132231404958678,0.32231404958677684,0.2644628099173554,0.0,0.09090909090909091,0.2890960806960612,tested,0.5013783331353299
NQ,UPPER_k3,2,30,1277,123,0.09631949882537197,123,0.5447154471544715,0.45528455284552843,0.08943089430894309,3.6135107613252355,7.71396516639734,5.916470059440613,0.08999266555788127,0.5619834710743802,0.4380165289256198,0.8842975206611571,0.6363636363636364,50,39,32,0,89,0.4132231404958678,0.32231404958677684,0.2644628099173554,0.0,0.09090909090909091,0.2890960806960612,tested,0.5013783331353299
NQ,UPPER_k3,2,60,1277,123,0.09631949882537197,123,0.5447154471544715,0.45528455284552843,0.08943089430894309,3.424559474245634,10.261385800999085,7.216449281673554,0.1353197331039385,0.5950413223140496,0.4049586776859504,0.9008264462809917,0.7024793388429752,50,39,32,0,89,0.4132231404958678,0.32231404958677684,0.2644628099173554,0.0,0.09090909090909091,0.2890960806960612,tested,0.5013783331353299
NQ,UPPER_k3,2,120,1277,123,0.09631949882537197,123,0.5447154471544715,0.45528455284552843,0.08943089430894309,5.799070500365791,13.034698735222054,9.11589106299135,0.18773957095280314,0.6033057851239669,0.39669421487603307,0.9173553719008265,0.7851239669421488,50,39,32,0,89,0.4132231404958678,0.32231404958677684,0.2644628099173554,0.0,0.09090909090909091,0.2890960806960612,tested,0.5013783331353299
NQ,UPPER_k3,3,1,1277,206,0.16131558339859045,206,0.5242718446601942,0.47572815533980584,0.04854368932038835,0.22247884851696922,1.3631529334488643,1.0440072648415755,0.1305821286560609,0.5693069306930693,0.4306930693069307,0.6386138613861386,0.0,87,65,40,10,152,0.4306930693069307,0.3217821782178218,0.19801980198019803,0.04950495049504951,0.10891089108910891,0.08817464794467401,tested,0.23193766089794685
NQ,UPPER_k3,3,2,1277,206,0.16131558339859045,206,0.5242718446601942,0.47572815533980584,0.04854368932038835,0.2695890403015966,1.8206792806773369,1.590261249706991,0.0352463567258992,0.5148514851485149,0.48514851485148514,0.7227722772277227,0.08415841584158416,90,71,40,1,161,0.44554455445544555,0.35148514851485146,0.19801980198019803,0.0049504950495049506,0.09405940594059406,0.1557999005983506,tested,0.3336599641132818
NQ,UPPER_k3,3,3,1277,206,0.16131558339859045,206,0.5242718446601942,0.47572815533980584,0.04854368932038835,0.08186670703495616,2.071919322271003,2.0601559936745,0.04489022278242123,0.5198019801980198,0.4801980198019802,0.7425742574257426,0.19306930693069307,90,71,41,0,161,0.44554455445544555,0.35148514851485146,0.20297029702970298,0.0,0.09405940594059406,0.1557999005983506,tested,0.3336599641132818
NQ,UPPER_k3,3,4,1277,206,0.16131558339859045,206,0.5242718446601942,0.47572815533980584,0.04854368932038835,0.45707115320459113,2.504530198600768,2.1758627578463337,0.12373762268198923,0.5346534653465347,0.46534653465346537,0.7673267326732673,0.24752475247524752,90,71,41,0,161,0.44554455445544555,0.35148514851485146,0.20297029702970298,0.0,0.09405940594059406,0.1557999005983506,tested,0.3336599641132818
NQ,UPPER_k3,3,5,1277,206,0.16131558339859045,206,0.5242718446601942,0.47572815533980584,0.04854368932038835,0.666769786068732,2.893867672477045,2.3958360536564287,0.12358943925741928,0.5297029702970297,0.47029702970297027,0.7821782178217822,0.30198019801980197,90,71,41,0,161,0.44554455445544555,0.35148514851485146,0.20297029702970298,0.0,0.09405940594059406,0.1557999005983506,tested,0.3336599641132818
NQ,UPPER_k3,3,10,1277,206,0.16131558339859045,206,0.5242718446601942,0.47572815533980584,0.04854368932038835,0.610031695120202,4.14820014550022,3.572299276794354,0.01577191475940124,0.5099009900990099,0.4900990099009901,0.8118811881188119,0.43564356435643564,90,71,41,0,161,0.44554455445544555,0.35148514851485146,0.20297029702970298,0.0,0.09405940594059406,0.1557999005983506,tested,0.3336599641132818
NQ,UPPER_k3,3,15,1277,206,0.16131558339859045,206,0.5242718446601942,0.47572815533980584,0.04854368932038835,1.435241468665255,4.834528074347041,4.030396414198583,0.01220261731057317,0.5099009900990099,0.4900990099009901,0.8366336633663366,0.4900990099009901,90,71,41,0,161,0.44554455445544555,0.35148514851485146,0.20297029702970298,0.0,0.09405940594059406,0.1557999005983506,tested,0.3336599641132818
NQ,UPPER_k3,3,20,1277,206,0.16131558339859045,206,0.5242718446601942,0.47572815533980584,0.04854368932038835,1.8597110041725307,5.690093224484393,4.445833476697709,0.05884573471363015,0.5396039603960396,0.4603960396039604,0.8613861386138614,0.5495049504950495,90,71,41,0,161,0.44554455445544555,0.35148514851485146,0.20297029702970298,0.0,0.09405940594059406,0.1557999005983506,tested,0.3336599641132818
NQ,UPPER_k3,3,30,1277,206,0.16131558339859045,206,0.5242718446601942,0.47572815533980584,0.04854368932038835,2.0447295839203123,6.662089645756907,5.133521313750149,0.062238634818369123,0.5643564356435643,0.43564356435643564,0.8811881188118812,0.6138613861386139,90,71,41,0,161,0.44554455445544555,0.35148514851485146,0.20297029702970298,0.0,0.09405940594059406,0.1557999005983506,tested,0.3336599641132818
NQ,UPPER_k3,3,60,1277,206,0.16131558339859045,206,0.5242718446601942,0.47572815533980584,0.04854368932038835,1.6768705268435435,8.309898900924116,7.808280833560833,0.07735467649188132,0.5594059405940595,0.4405940594059406,0.905940594059406,0.7128712871287128,90,71,41,0,161,0.44554455445544555,0.35148514851485146,0.20297029702970298,0.0,0.09405940594059406,0.1557999005983506,tested,0.3336599641132818
NQ,UPPER_k3,3,120,1277,206,0.16131558339859045,206,0.5242718446601942,0.47572815533980584,0.04854368932038835,1.3528378391993519,11.284385434299196,9.684092674911888,0.08941472653438892,0.5544554455445545,0.44554455445544555,0.9158415841584159,0.7623762376237624,90,71,41,0,161,0.44554455445544555,0.35148514851485146,0.20297029702970298,0.0,0.09405940594059406,0.1557999005983506,tested,0.3336599641132818
NQ,UPPER_k3,4,1,1277,266,0.20830070477682067,266,0.5375939849624061,0.462406015037594,0.07518796992481203,0.09650778338069807,1.2798030262417828,1.0802435821363598,0.0889552689424547,0.5305343511450382,0.46946564885496184,0.5954198473282443,0.0,109,96,43,14,205,0.41603053435114506,0.366412213740458,0.16412213740458015,0.05343511450381679,0.04961832061068702,0.40202361223750865,tested,0.6266648255167606
NQ,UPPER_k3,4,2,1277,266,0.20830070477682067,266,0.5375939849624061,0.462406015037594,0.07518796992481203,0.12812919239233223,1.5777866070124413,1.6620669432548407,-0.0441381707436433,0.48854961832061067,0.5114503816793893,0.7061068702290076,0.08396946564885496,114,102,43,3,216,0.4351145038167939,0.3893129770992366,0.16412213740458015,0.011450381679389313,0.04580152671755725,0.45426338312793496,tested,0.6429957634075474
NQ,UPPER_k3,4,3,1277,266,0.20830070477682067,266,0.5375939849624061,0.462406015037594,0.07518796992481203,-0.11766429227077642,1.958293565544543,1.9649243863229362,-0.009727996010545758,0.49236641221374045,0.5076335877862596,0.732824427480916,0.17938931297709923,115,102,44,1,217,0.4389312977099237,0.3893129770992366,0.16793893129770993,0.003816793893129771,0.04961832061068702,0.4153552570772472,tested,0.6318193397996504
NQ,UPPER_k3,4,4,1277,266,0.20830070477682067,266,0.5375939849624061,0.462406015037594,0.07518796992481203,0.37471428486584885,2.336938880735686,2.1846331819475813,0.008751481451071238,0.5038167938931297,0.4961832061068702,0.7633587786259542,0.2366412213740458,115,102,44,1,217,0.4389312977099237,0.3893129770992366,0.16793893129770993,0.003816793893129771,0.04961832061068702,0.4153552570772472,tested,0.6318193397996504
NQ,UPPER_k3,4,5,1277,266,0.20830070477682067,266,0.5375939849624061,0.462406015037594,0.07518796992481203,0.23865932783464067,2.6834561810447752,2.4420415838594827,0.015657766108268863,0.5076335877862596,0.49236641221374045,0.7786259541984732,0.2824427480916031,115,102,44,1,217,0.4389312977099237,0.3893129770992366,0.16793893129770993,0.003816793893129771,0.04961832061068702,0.4153552570772472,tested,0.6318193397996504
NQ,UPPER_k3,4,10,1277,266,0.20830070477682067,266,0.5375939849624061,0.462406015037594,0.07518796992481203,0.5074845399675585,3.804485514847318,3.378644069873372,-0.02147672364108373,0.49236641221374045,0.5076335877862596,0.8053435114503816,0.4198473282442748,115,103,44,0,218,0.4389312977099237,0.3931297709923664,0.16793893129770993,0.0,0.04580152671755725,0.4563410015092821,tested,0.6429957634075474
NQ,UPPER_k3,4,15,1277,266,0.20830070477682067,266,0.5375939849624061,0.462406015037594,0.07518796992481203,1.1618130824446133,4.484413886627676,3.832586118200885,0.0015980818318909913,0.5,0.5,0.8358778625954199,0.48091603053435117,115,103,44,0,218,0.4389312977099237,0.3931297709923664,0.16793893129770993,0.0,0.04580152671755725,0.4563410015092821,tested,0.6429957634075474
NQ,UPPER_k3,4,20,1277,266,0.20830070477682067,266,0.5375939849624061,0.462406015037594,0.07518796992481203,1.6510167805372347,5.234386884259132,4.279666837651568,0.047231242040569,0.5229007633587787,0.4770992366412214,0.8549618320610687,0.5419847328244275,115,103,44,0,218,0.4389312977099237,0.3931297709923664,0.16793893129770993,0.0,0.04580152671755725,0.4563410015092821,tested,0.6429957634075474
NQ,UPPER_k3,4,30,1277,266,0.20830070477682067,266,0.5375939849624061,0.462406015037594,0.07518796992481203,2.0447295839203123,6.3985828801243105,5.133521313750149,0.07310616973785203,0.5534351145038168,0.44656488549618323,0.8778625954198473,0.5992366412213741,115,103,44,0,218,0.4389312977099237,0.3931297709923664,0.16793893129770993,0.0,0.04580152671755725,0.4563410015092821,tested,0.6429957634075474
NQ,UPPER_k3,4,60,1277,266,0.20830070477682067,266,0.5375939849624061,0.462406015037594,0.07518796992481203,1.902207340013929,7.941944083776981,6.890459042129402,0.08414366423874117,0.5610687022900763,0.4389312977099237,0.9045801526717557,0.7022900763358778,115,103,44,0,218,0.4389312977099237,0.3931297709923664,0.16793893129770993,0.0,0.04580152671755725,0.4563410015092821,tested,0.6429957634075474
NQ,UPPER_k3,4,120,1277,266,0.20830070477682067,266,0.5375939849624061,0.462406015037594,0.07518796992481203,1.874891763031881,10.433810265512987,9.318049978771953,0.10492777986543247,0.5610687022900763,0.4389312977099237,0.9122137404580153,0.7633587786259542,115,103,44,0,218,0.4389312977099237,0.3931297709923664,0.16793893129770993,0.0,0.04580152671755725,0.4563410015092821,tested,0.6429957634075474
NQ,UPPER_k3,5,1,1277,300,0.23492560689115113,300,0.54,0.46,0.08,0.17859339074933603,1.2303852940619873,1.0440072648415755,0.0889552689424547,0.5337837837837838,0.46621621621621623,0.597972972972973,0.0,125,107,46,18,232,0.4222972972972973,0.3614864864864865,0.1554054054054054,0.060810810810810814,0.060810810810810814,0.2643360364060418,tested,0.48314496680505964
NQ,UPPER_k3,5,2,1277,300,0.23492560689115113,300,0.54,0.46,0.08,0.15160777463294842,1.6258287261318243,1.6030727904436173,0.00477197014149142,0.5033783783783784,0.4966216216216216,0.706081081081081,0.09121621621621621,131,114,47,4,245,0.44256756756756754,0.38513513513513514,0.15878378378378377,0.013513513513513514,0.057432432432432436,0.30667853950579005,tested,0.5161862241960796
NQ,UPPER_k3,5,3,1277,300,0.23492560689115113,300,0.54,0.46,0.08,0.019541469388603835,1.958293565544543,1.8959817907995409,0.00578600651126894,0.5033783783783784,0.4966216216216216,0.7331081081081081,0.1858108108108108,132,114,48,2,246,0.44594594594594594,0.38513513513513514,0.16216216216216217,0.006756756756756757,0.060810810810810814,0.27839016663203703,tested,0.5013783331353299
NQ,UPPER_k3,5,4,1277,300,0.23492560689115113,300,0.54,0.46,0.08,0.44150311513470614,2.345748100562653,2.1325472374478274,0.04974342201218611,0.5135135135135135,0.4864864864864865,0.7601351351351351,0.23986486486486486,132,114,48,2,246,0.44594594594594594,0.38513513513513514,0.16216216216216217,0.006756756756756757,0.060810810810810814,0.27839016663203703,tested,0.5013783331353299
NQ,UPPER_k3,5,5,1277,300,0.23492560689115113,300,0.54,0.46,0.08,0.4079272400643968,2.7533197999641263,2.2733798397157345,0.08647981545474037,0.5236486486486487,0.47635135135135137,0.7736486486486487,0.28040540540540543,132,114,48,2,246,0.44594594594594594,0.38513513513513514,0.16216216216216217,0.006756756756756757,0.060810810810810814,0.27839016663203703,tested,0.5013783331353299
NQ,UPPER_k3,5,10,1277,300,0.23492560689115113,300,0.54,0.46,0.08,0.5608017424259186,3.777506142511503,3.210983380221328,0.01223724523726068,0.5033783783783784,0.4966216216216216,0.7972972972972973,0.40878378378378377,132,116,48,0,248,0.44594594594594594,0.3918918918918919,0.16216216216216217,0.0,0.05405405405405406,0.3408589096831208,tested,0.560189175845944
NQ,UPPER_k3,5,15,1277,300,0.23492560689115113,300,0.54,0.46,0.08,1.1618130824446133,4.443217018475275,3.641051071631531,0.015425774646470762,0.5135135135135135,0.4864864864864865,0.8277027027027027,0.46959459459459457,132,116,48,0,248,0.44594594594594594,0.3918918918918919,0.16216216216216217,0.0,0.05405405405405406,0.3408589096831208,tested,0.560189175845944
NQ,UPPER_k3,5,20,1277,300,0.23492560689115113,300,0.54,0.46,0.08,1.6510167805372347,5.159954740664182,4.1949294248078886,0.05884573471363015,0.5337837837837838,0.46621621621621623,0.847972972972973,0.5304054054054054,132,116,48,0,248,0.44594594594594594,0.3918918918918919,0.16216216216216217,0.0,0.05405405405405406,0.3408589096831208,tested,0.560189175845944
NQ,UPPER_k3,5,30,1277,300,0.23492560689115113,300,0.54,0.46,0.08,2.13330815267387,6.271109972209972,4.865645049866905,0.10560887305859712,0.5709459459459459,0.42905405405405406,0.8716216216216216,0.5912162162162162,132,116,48,0,248,0.44594594594594594,0.3918918918918919,0.16216216216216217,0.0,0.05405405405405406,0.3408589096831208,tested,0.560189175845944
NQ,UPPER_k3,5,60,1277,300,0.23492560689115113,300,0.54,0.46,0.08,2.219005514431152,7.5749848107619835,6.6168898278741395,0.10577079739155675,0.5675675675675675,0.43243243243243246,0.8986486486486487,0.6959459459459459,132,116,48,0,248,0.44594594594594594,0.3918918918918919,0.16216216216216217,0.0,0.05405405405405406,0.3408589096831208,tested,0.560189175845944
NQ,UPPER_k3,5,120,1277,300,0.23492560689115113,300,0.54,0.46,0.08,1.3433319293020185,9.54376372448207,8.870003128446509,0.10046539460557524,0.5641891891891891,0.4358108108108108,0.9121621621621622,0.7668918918918919,132,116,48,0,248,0.44594594594594594,0.3918918918918919,0.16216216216216217,0.0,0.05405405405405406,0.3408589096831208,tested,0.560189175845944
NQ,UPPER_k3,10,1,1277,448,0.350822239624119,448,0.5178571428571429,0.48214285714285715,0.03571428571428571,0.15888940547158606,1.121941518582229,0.9226926308876371,0.09932953098015994,0.5327313769751693,0.4672686230248307,0.600451467268623,0.0,188,156,51,48,344,0.42437923250564336,0.35214446952595935,0.11512415349887133,0.10835214446952596,0.07223476297968397,0.09449769413342618,tested,0.24656002135082625
NQ,UPPER_k3,10,2,1277,448,0.350822239624119,448,0.5178571428571429,0.48214285714285715,0.03571428571428571,0.05062772338268623,1.3686303174301133,1.3733319745048564,-0.002801767656384716,0.49887133182844245,0.5011286681715575,0.7042889390519187,0.1038374717832957,200,175,53,15,375,0.45146726862302483,0.39503386004514673,0.11963882618510158,0.033860045146726865,0.056433408577878104,0.21515979655963358,tested,0.418222255160091
NQ,UPPER_k3,10,3,1277,448,0.350822239624119,448,0.5178571428571429,0.48214285714285715,0.03571428571428571,-0.12135446517206594,1.7028745884979102,1.7490701057138796,0.004899980017977524,0.5011286681715575,0.49887133182844245,0.7291196388261851,0.1986455981941309,204,178,54,7,382,0.4604966139954853,0.4018058690744921,0.12189616252821671,0.01580135440180587,0.05869074492099323,0.2007956015816654,tested,0.395381826955633
NQ,UPPER_k3,10,4,1277,448,0.350822239624119,448,0.5178571428571429,0.48214285714285715,0.03571428571428571,0.26409599476603657,2.0372874948960287,2.0060532619876557,0.004899980017977524,0.5033860045146726,0.4966139954853273,0.7562076749435666,0.2505643340857788,206,178,54,5,384,0.4650112866817156,0.4018058690744921,0.12189616252821671,0.011286681715575621,0.06320541760722348,0.16817051084362683,tested,0.35606560521068503
NQ,UPPER_k3,10,5,1277,448,0.350822239624119,448,0.5178571428571429,0.48214285714285715,0.03571428571428571,0.006786748428186884,2.247907965662642,2.1403521383333652,0.01644525954813406,0.5056433408577878,0.49435665914221216,0.7697516930022573,0.30248306997742663,207,178,54,4,385,0.4672686230248307,0.4018058690744921,0.12189616252821671,0.009029345372460496,0.0654627539503386,0.15348424710072947,tested,0.3336599641132818
NQ,UPPER_k3,10,10,1277,448,0.350822239624119,448,0.5178571428571429,0.48214285714285715,0.03571428571428571,0.1462270207526409,3.1290563673545657,3.0673025881712914,-0.046825583066170254,0.48081264108352145,0.5191873589164786,0.8081264108352144,0.4221218961625282,207,182,54,0,389,0.4672686230248307,0.4108352144469526,0.12189616252821671,0.0,0.056433408577878104,0.22361450600383037,tested,0.4263140999563964
NQ,UPPER_k3,10,15,1277,448,0.350822239624119,448,0.5178571428571429,0.48214285714285715,0.03571428571428571,0.7470375083041613,3.7723795341932127,3.7205760048969267,-0.03348331112568182,0.48081264108352145,0.5191873589164786,0.8397291196388262,0.48081264108352145,207,182,54,0,389,0.4672686230248307,0.4108352144469526,0.12189616252821671,0.0,0.056433408577878104,0.22361450600383037,tested,0.4263140999563964
NQ,UPPER_k3,10,20,1277,448,0.350822239624119,448,0.5178571428571429,0.48214285714285715,0.03571428571428571,0.8273832142320567,4.282166409529922,4.145682650821636,0.0072839438858090435,0.5011286681715575,0.49887133182844245,0.8623024830699775,0.5417607223476298,207,182,54,0,389,0.4672686230248307,0.4108352144469526,0.12189616252821671,0.0,0.056433408577878104,0.22361450600383037,tested,0.4263140999563964
NQ,UPPER_k3,10,30,1277,448,0.350822239624119,448,0.5178571428571429,0.48214285714285715,0.03571428571428571,1.3214859895128672,5.313547326480632,4.8970277642118205,0.04586128354508718,0.5282167042889391,0.4717832957110609,0.8848758465011287,0.5981941309255079,207,182,54,0,389,0.4672686230248307,0.4108352144469526,0.12189616252821671,0.0,0.056433408577878104,0.22361450600383037,tested,0.4263140999563964
NQ,UPPER_k3,10,60,1277,448,0.350822239624119,448,0.5178571428571429,0.48214285714285715,0.03571428571428571,1.141455575959153,6.788322787401243,6.437213749510403,0.046954356009355616,0.5259593679458239,0.47404063205417607,0.9051918735891648,0.6862302483069977,207,182,54,0,389,0.4672686230248307,0.4108352144469526,0.12189616252821671,0.0,0.056433408577878104,0.22361450600383037,tested,0.4263140999563964
NQ,UPPER_k3,10,120,1277,448,0.350822239624119,448,0.5178571428571429,0.48214285714285715,0.03571428571428571,1.2764147545555242,8.480287004737724,8.29112333468911,0.05005627849115526,0.5327313769751693,0.4672686230248307,0.9187358916478555,0.7471783295711061,207,182,54,0,389,0.4672686230248307,0.4108352144469526,0.12189616252821671,0.0,0.056433408577878104,0.22361450600383037,tested,0.4263140999563964
NQ,UPPER_k3,15,1,1277,518,0.4056382145653876,518,0.5135135135135135,0.4864864864864865,0.02702702702702703,0.11794339492404486,1.0705037395416246,0.8775157858035165,0.09113360715820731,0.5341130604288499,0.46588693957115007,0.6179337231968811,0.0,212,180,53,68,392,0.41325536062378165,0.3508771929824561,0.10331384015594541,0.13255360623781676,0.06237816764132553,0.11729718775386726,tested,0.28965223914730487
NQ,UPPER_k3,15,2,1277,518,0.4056382145653876,518,0.5135135135135135,0.4864864864864865,0.02702702702702703,0.04293417452288597,1.3383712592571362,1.3501073454634667,0.0046439602650053145,0.5009746588693957,0.49902534113060426,0.7153996101364523,0.1111111111111111,228,205,55,25,433,0.4444444444444444,0.3996101364522417,0.10721247563352826,0.04873294346978557,0.04483430799220273,0.29038568343032234,tested,0.5013783331353299
NQ,UPPER_k3,15,3,1277,518,0.4056382145653876,518,0.5135135135135135,0.4864864864864865,0.02702702702702703,-0.08312137014226945,1.6239842850577948,1.6788470924048493,-0.008169560212013838,0.4951267056530214,0.5048732943469786,0.7407407407407407,0.20272904483430798,236,209,56,12,445,0.4600389863547758,0.4074074074074074,0.10916179337231968,0.023391812865497075,0.05263157894736842,0.21771103144830548,tested,0.42233322333058054
NQ,UPPER_k3,15,4,1277,518,0.4056382145653876,518,0.5135135135135135,0.4864864864864865,0.02702702702702703,0.12696324754031318,1.9631872670797872,1.9045697459562139,-0.035950893715132444,0.49902534113060426,0.5009746588693957,0.7641325536062378,0.26120857699805067,239,210,56,8,449,0.46588693957115007,0.4093567251461988,0.10916179337231968,0.015594541910331383,0.056530214424951264,0.18630662292096486,tested,0.37075752859183336
NQ,UPPER_k3,15,5,1277,518,0.4056382145653876,518,0.5135135135135135,0.4864864864864865,0.02702702702702703,-0.05130069586499682,2.114570088224806,1.9885755884194818,0.007674923500696704,0.5009746588693957,0.49902534113060426,0.7777777777777778,0.31773879142300193,240,211,56,6,451,0.4678362573099415,0.41130604288499023,0.10916179337231968,0.011695906432748537,0.056530214424951264,0.18728682561768734,tested,0.3715033754055765
NQ,UPPER_k3,15,10,1277,518,0.4056382145653876,518,0.5135135135135135,0.4864864864864865,0.02702702702702703,0.023696704790670927,2.960859877187295,3.008144179432792,-0.05933865993009769,0.47173489278752434,0.5282651072124757,0.8187134502923976,0.43859649122807015,240,215,56,2,455,0.4678362573099415,0.4191033138401559,0.10916179337231968,0.003898635477582846,0.04873294346978557,0.2605078371405614,tested,0.48032683114678754
NQ,UPPER_k3,15,15,1277,518,0.4056382145653876,518,0.5135135135135135,0.4864864864864865,0.02702702702702703,0.549475666364464,3.47962534431698,3.6345418064158683,-0.04861593831093957,0.47368421052631576,0.5263157894736842,0.8499025341130604,0.5009746588693957,240,217,56,0,457,0.4678362573099415,0.42300194931773877,0.10916179337231968,0.0,0.04483430799220273,0.3034199258224643,tested,0.5125837490334126
NQ,UPPER_k3,15,20,1277,518,0.4056382145653876,518,0.5135135135135135,0.4864864864864865,0.02702702702702703,0.6480619965566622,4.065089810470262,4.065696084569425,-0.017113169537250488,0.4951267056530214,0.5048732943469786,0.8713450292397661,0.5594541910331384,240,217,56,0,457,0.4678362573099415,0.42300194931773877,0.10916179337231968,0.0,0.04483430799220273,0.3034199258224643,tested,0.5125837490334126
NQ,UPPER_k3,15,30,1277,518,0.4056382145653876,518,0.5135135135135135,0.4864864864864865,0.02702702702702703,1.1452952263275182,4.926867955211557,4.854674777635538,0.03064916783839879,0.52046783625731,0.47953216374269003,0.8908382066276803,0.6081871345029239,240,217,56,0,457,0.4678362573099415,0.42300194931773877,0.10916179337231968,0.0,0.04483430799220273,0.3034199258224643,tested,0.5125837490334126
NQ,UPPER_k3,15,60,1277,518,0.4056382145653876,518,0.5135135135135135,0.4864864864864865,0.02702702702702703,1.0608805616413874,6.660599236645289,6.151284417515937,0.032419663103361536,0.5185185185185185,0.48148148148148145,0.9103313840155945,0.6939571150097466,240,217,56,0,457,0.4678362573099415,0.42300194931773877,0.10916179337231968,0.0,0.04483430799220273,0.3034199258224643,tested,0.5125837490334126
NQ,UPPER_k3,15,120,1277,518,0.4056382145653876,518,0.5135135135135135,0.4864864864864865,0.02702702702702703,1.1302572534716315,8.09523701099226,8.02997258410085,0.04595273031757221,0.5243664717348928,0.4756335282651072,0.9220272904483431,0.7524366471734892,240,217,56,0,457,0.4678362573099415,0.42300194931773877,0.10916179337231968,0.0,0.04483430799220273,0.3034199258224643,tested,0.5125837490334126
NQ,UPPER_k3,20,1,1277,586,0.45888801879404856,586,0.5187713310580204,0.4812286689419795,0.03754266211604096,0.10467919061553267,1.0107545559606514,0.8603441547709665,0.05294607027848115,0.5215889464594128,0.4784110535405872,0.6303972366148531,0.0,229,198,61,91,427,0.3955094991364421,0.34196891191709844,0.10535405872193437,0.15716753022452504,0.0535405872193437,0.1464695221774028,tested,0.3282002256197359
NQ,UPPER_k3,20,2,1277,586,0.45888801879404856,586,0.5187713310580204,0.4812286689419795,0.03754266211604096,0.0375289299612821,1.2557975422029914,1.2968011325890136,-0.002801767656384716,0.4991364421416235,0.5008635578583766,0.7202072538860104,0.11053540587219343,251,229,64,35,480,0.43350604490500866,0.3955094991364421,0.11053540587219343,0.06044905008635579,0.037996545768566495,0.33781044406512173,tested,0.560189175845944
NQ,UPPER_k3,20,3,1277,586,0.45888801879404856,586,0.5187713310580204,0.4812286689419795,0.03754266211604096,-0.14696558102734025,1.5262392894392984,1.6033161992583527,-0.008169560212013838,0.49222797927461137,0.5077720207253886,0.7478411053540587,0.2003454231433506,262,236,65,16,498,0.4525043177892919,0.4075993091537133,0.11226252158894647,0.027633851468048358,0.044905008635578586,0.2625756505733556,tested,0.48314496680505964
NQ,UPPER_k3,20,4,1277,586,0.45888801879404856,586,0.5187713310580204,0.4812286689419795,0.03754266211604096,0.0634831021084525,1.837885147011737,1.8291343691703945,-0.05408400402023239,0.4939550949913644,0.5060449050086355,0.772020725388601,0.25906735751295334,265,239,65,10,504,0.45768566493955093,0.41278065630397237,0.11226252158894647,0.017271157167530225,0.044905008635578586,0.2654369693487745,tested,0.48388509666593915
NQ,UPPER_k3,20,5,1277,586,0.45888801879404856,586,0.5187713310580204,0.4812286689419795,0.03754266211604096,-0.06671591428400253,1.9935821075678235,1.966733959179269,-0.007018675947299075,0.49740932642487046,0.5025906735751295,0.7858376511226253,0.3126079447322971,267,240,65,7,507,0.46113989637305697,0.41450777202072536,0.11226252158894647,0.012089810017271158,0.046632124352331605,0.24818733275554838,tested,0.46339018932257287
NQ,UPPER_k3,20,10,1277,586,0.45888801879404856,586,0.5187713310580204,0.4812286689419795,0.03754266211604096,0.17270903207943492,2.8109031522333283,2.9487710558295652,-0.05124527768248873,0.48013816925734026,0.5198618307426598,0.8255613126079447,0.4283246977547496,267,245,65,2,512,0.46113989637305697,0.4231433506044905,0.11226252158894647,0.0034542314335060447,0.037996545768566495,0.3533783653580156,tested,0.5739433853465756
NQ,UPPER_k3,20,15,1277,586,0.45888801879404856,586,0.5187713310580204,0.4812286689419795,0.03754266211604096,0.549475666364464,3.418398517116101,3.60136813944978,-0.04418102775106172,0.4784110535405872,0.5215889464594128,0.8601036269430051,0.4991364421416235,267,247,65,0,514,0.46113989637305697,0.4265975820379965,0.11226252158894647,0.0,0.03454231433506045,0.4020232586028288,tested,0.6266648255167606
NQ,UPPER_k3,20,20,1277,586,0.45888801879404856,586,0.5187713310580204,0.4812286689419795,0.03754266211604096,0.7194775539498411,3.8558578879941288,3.9530588360675187,-0.012936920959197592,0.49740932642487046,0.5025906735751295,0.8808290155440415,0.5578583765112263,267,247,65,0,514,0.46113989637305697,0.4265975820379965,0.11226252158894647,0.0,0.03454231433506045,0.4020232586028288,tested,0.6266648255167606
NQ,UPPER_k3,20,30,1277,586,0.45888801879404856,586,0.5187713310580204,0.4812286689419795,0.03754266211604096,1.1869678081421262,4.764268313811385,4.770631237786588,0.04839662366581391,0.5250431778929189,0.4749568221070812,0.8981001727115717,0.6062176165803109,267,247,65,0,514,0.46113989637305697,0.4265975820379965,0.11226252158894647,0.0,0.03454231433506045,0.4020232586028288,tested,0.6266648255167606
NQ,UPPER_k3,20,60,1277,586,0.45888801879404856,586,0.5187713310580204,0.4812286689419795,0.03754266211604096,1.3435846140650465,6.541371084801948,5.904368311003392,0.06008254922264663,0.531951640759931,0.4680483592400691,0.918825561312608,0.6925734024179621,267,247,65,0,514,0.46113989637305697,0.4265975820379965,0.11226252158894647,0.0,0.03454231433506045,0.4020232586028288,tested,0.6266648255167606
NQ,UPPER_k3,20,120,1277,586,0.45888801879404856,586,0.5187713310580204,0.4812286689419795,0.03754266211604096,1.6052116976728452,8.008685081100953,7.694861797292647,0.05804831525580786,0.5302245250431779,0.4697754749568221,0.9291882556131261,0.7512953367875648,267,247,65,0,514,0.46113989637305697,0.4265975820379965,0.11226252158894647,0.0,0.03454231433506045,0.4020232586028288,tested,0.6266648255167606
NQ,UPPER_k3,30,1,1277,637,0.4988253719655442,637,0.521193092621664,0.478806907378336,0.0423861852433281,0.05683650228529776,0.9482567084429723,0.828659926152018,0.05489132699004402,0.5222222222222223,0.4777777777777778,0.638095238095238,0.0,243,209,61,117,452,0.38571428571428573,0.33174603174603173,0.09682539682539683,0.18571428571428572,0.05396825396825397,0.12052044976188758,tested,0.291659488423768
NQ,UPPER_k3,30,2,1277,637,0.4988253719655442,637,0.521193092621664,0.478806907378336,0.0423861852433281,0.038937985171865946,1.230253145512551,1.1648567356115453,-0.008035016313302704,0.49682539682539684,0.5031746031746032,0.7285714285714285,0.10634920634920635,271,247,64,48,518,0.4301587301587302,0.39206349206349206,0.10158730158730159,0.0761904761904762,0.0380952380952381,0.312224660189614,tested,0.5238015096421947
NQ,UPPER_k3,30,3,1277,637,0.4988253719655442,637,0.521193092621664,0.478806907378336,0.0423861852433281,-0.05884187707182319,1.46691857200365,1.4674870015645287,-0.004711870582099006,0.49523809523809526,0.5047619047619047,0.753968253968254,0.19365079365079366,284,257,66,23,541,0.4507936507936508,0.40793650793650793,0.10476190476190476,0.03650793650793651,0.04285714285714286,0.2636225592861483,tested,0.48314496680505964
NQ,UPPER_k3,30,4,1277,637,0.4988253719655442,637,0.521193092621664,0.478806907378336,0.0423861852433281,0.07803231685756279,1.7598938325201399,1.7342315747977208,-0.029279832273790475,0.4984126984126984,0.5015873015873016,0.7793650793650794,0.25555555555555554,288,261,66,15,549,0.45714285714285713,0.4142857142857143,0.10476190476190476,0.023809523809523808,0.04285714285714286,0.2671319592318237,tested,0.4860596551436191
NQ,UPPER_k3,30,5,1277,637,0.4988253719655442,637,0.521193092621664,0.478806907378336,0.0423861852433281,-0.08182458496361071,1.9444406132300958,1.8184026792557453,0.010138953192430829,0.5015873015873016,0.4984126984126984,0.792063492063492,0.3126984126984127,291,262,66,11,553,0.46190476190476193,0.4158730158730159,0.10476190476190476,0.01746031746031746,0.046031746031746035,0.23374949290020158,tested,0.44366570417136303
NQ,UPPER_k3,30,10,1277,637,0.4988253719655442,637,0.521193092621664,0.478806907378336,0.0423861852433281,0.1383214094488749,2.7155828804982454,2.796736360894127,-0.04550330540861598,0.4857142857142857,0.5142857142857142,0.8317460317460318,0.4301587301587302,292,269,66,3,561,0.4634920634920635,0.42698412698412697,0.10476190476190476,0.004761904761904762,0.03650793650793651,0.35298162323683363,tested,0.5739433853465756
NQ,UPPER_k3,30,15,1277,637,0.4988253719655442,637,0.521193092621664,0.478806907378336,0.0423861852433281,0.4738355421931181,3.3090172723973073,3.3254715990975834,-0.042317606474916836,0.48095238095238096,0.5190476190476191,0.8650793650793651,0.5031746031746032,292,272,66,0,564,0.4634920634920635,0.43174603174603177,0.10476190476190476,0.0,0.031746031746031744,0.4237099405374088,tested,0.6318193397996504
NQ,UPPER_k3,30,20,1277,637,0.4988253719655442,637,0.521193092621664,0.478806907378336,0.0423861852433281,0.5394723004009996,3.7226148551482323,3.8326357990312108,-0.0121065054105177,0.4984126984126984,0.5015873015873016,0.8841269841269841,0.5619047619047619,292,272,66,0,564,0.4634920634920635,0.43174603174603177,0.10476190476190476,0.0,0.031746031746031744,0.4237099405374088,tested,0.6318193397996504
NQ,UPPER_k3,30,30,1277,637,0.4988253719655442,637,0.521193092621664,0.478806907378336,0.0423861852433281,1.0622872738197693,4.633110883618525,4.4591804079142285,0.047128953605450545,0.5238095238095238,0.47619047619047616,0.9,0.6126984126984127,292,272,66,0,564,0.4634920634920635,0.43174603174603177,0.10476190476190476,0.0,0.031746031746031744,0.4237099405374088,tested,0.6318193397996504
NQ,UPPER_k3,30,60,1277,637,0.4988253719655442,637,0.521193092621664,0.478806907378336,0.0423861852433281,1.2140459150671308,6.291848539053578,5.73131185703374,0.05656978793693135,0.5285714285714286,0.4714285714285714,0.9238095238095239,0.6968253968253968,292,272,66,0,564,0.4634920634920635,0.43174603174603177,0.10476190476190476,0.0,0.031746031746031744,0.4237099405374088,tested,0.6318193397996504
NQ,UPPER_k3,30,120,1277,637,0.4988253719655442,637,0.521193092621664,0.478806907378336,0.0423861852433281,1.5619976832445235,7.574103189893517,7.214726995604268,0.049813961938015926,0.526984126984127,0.473015873015873,0.9333333333333333,0.7555555555555555,292,272,66,0,564,0.4634920634920635,0.43174603174603177,0.10476190476190476,0.0,0.031746031746031744,0.4237099405374088,tested,0.6318193397996504
NQ,UPPER_k3,60,1,1277,741,0.5802662490211433,741,0.5155195681511471,0.4844804318488529,0.0310391363022942,0.03872735314432805,0.8801387255045141,0.7996757124256435,0.054079532522273675,0.5198358413132695,0.4801641586867305,0.6347469220246238,0.0,271,237,67,156,508,0.3707250341997264,0.32421340629274964,0.09165526675786594,0.213406292749658,0.046511627906976744,0.1430811923796345,tested,0.323604192110949
NQ,UPPER_k3,60,2,1277,741,0.5802662490211433,741,0.5155195681511471,0.4844804318488529,0.0310391363022942,0.026708674746606712,1.1513379237755976,1.1347080911649627,-0.00985293799603823,0.49658002735978113,0.5034199726402189,0.7236662106703147,0.10259917920656635,303,286,70,72,589,0.41450068399452805,0.3912448700410397,0.09575923392612859,0.09849521203830369,0.023255813953488372,0.509757363334245,tested,0.7029132873326912
NQ,UPPER_k3,60,3,1277,741,0.5802662490211433,741,0.5155195681511471,0.4844804318488529,0.0310391363022942,0.02414289126800337,1.365068304773423,1.3733319745048564,-0.0032066465336308353,0.49658002735978113,0.5034199726402189,0.7510259917920656,0.18467852257181944,324,297,72,38,621,0.4432284541723666,0.4062927496580027,0.09849521203830369,0.05198358413132695,0.036935704514363885,0.29678336191083743,tested,0.5075729581796654
NQ,UPPER_k3,60,4,1277,741,0.5802662490211433,741,0.5155195681511471,0.4844804318488529,0.0310391363022942,0.11678275238057295,1.6007372590018865,1.6229789876693603,0.004899980017977524,0.5020519835841313,0.49794801641586867,0.7783857729138167,0.2476060191518468,330,303,72,26,633,0.45143638850889195,0.41450068399452805,0.09849521203830369,0.03556771545827633,0.036935704514363885,0.3014091717414201,tested,0.5125837490334126
NQ,UPPER_k3,60,5,1277,741,0.5802662490211433,741,0.5155195681511471,0.4844804318488529,0.0310391363022942,-0.05195292092966765,1.7989806321295896,1.7402495742406086,0.001288439303753003,0.5006839945280438,0.4993160054719562,0.7934336525307798,0.307797537619699,333,305,72,21,638,0.45554035567715456,0.4172366621067031,0.09849521203830369,0.028727770177838577,0.038303693570451436,0.2850877466697647,tested,0.5013783331353299
NQ,UPPER_k3,60,10,1277,741,0.5802662490211433,741,0.5155195681511471,0.4844804318488529,0.0310391363022942,0.13041579814510887,2.45557323467193,2.5325215535164394,-0.022298129564984965,0.49247606019151846,0.5075239398084815,0.8303693570451436,0.4322845417236662,338,315,72,6,653,0.46238030095759236,0.43091655266757867,0.09849521203830369,0.008207934336525308,0.03146374829001368,0.38929430157350675,tested,0.6208185896592331
NQ,UPPER_k3,60,15,1277,741,0.5802662490211433,741,0.5155195681511471,0.4844804318488529,0.0310391363022942,0.32725003742969977,3.01493891867495,3.125107260828143,-0.054113520478724815,0.4774281805745554,0.5225718194254446,0.8645690834473324,0.5075239398084815,338,318,72,3,656,0.46238030095759236,0.43502051983584133,0.09849521203830369,0.004103967168262654,0.027359781121751026,0.45821895307304034,tested,0.6447034107190451
NQ,UPPER_k3,60,20,1277,741,0.5802662490211433,741,0.5155195681511471,0.4844804318488529,0.0310391363022942,0.5406207327815958,3.380853134715126,3.57814997136449,-0.011276089861837809,0.4993160054719562,0.5006839945280438,0.8823529411764706,0.5704514363885089,340,318,72,1,658,0.46511627906976744,0.43502051983584133,0.09849521203830369,0.0013679890560875513,0.030095759233926128,0.41299707868139485,tested,0.6318193397996504
NQ,UPPER_k3,60,30,1277,741,0.5802662490211433,741,0.5155195681511471,0.4844804318488529,0.0310391363022942,0.7589297876222054,4.177825104237796,4.181144873638962,0.0444885331546278,0.5225718194254446,0.4774281805745554,0.9015047879616963,0.6210670314637483,340,319,72,0,659,0.46511627906976744,0.4363885088919289,0.09849521203830369,0.0,0.028727770177838577,0.4359499952520844,tested,0.6330209342685676
NQ,UPPER_k3,60,60,1277,741,0.5802662490211433,741,0.5155195681511471,0.4844804318488529,0.0310391363022942,1.1977896897591778,5.908796314640178,5.269862532765251,0.046954356009355616,0.5239398084815321,0.47606019151846785,0.9247606019151847,0.7058823529411765,340,319,72,0,659,0.46511627906976744,0.4363885088919289,0.09849521203830369,0.0,0.028727770177838577,0.4359499952520844,tested,0.6330209342685676
NQ,UPPER_k3,60,120,1277,741,0.5802662490211433,741,0.5155195681511471,0.4844804318488529,0.0310391363022942,1.2848650622498514,7.2039297002909075,6.742461067953843,0.05005627849115526,0.5266757865937073,0.47332421340629277,0.9343365253077975,0.759233926128591,340,319,72,0,659,0.46511627906976744,0.4363885088919289,0.09849521203830369,0.0,0.028727770177838577,0.4359499952520844,tested,0.6330209342685676
NQ,UPPER_k3,120,1,1277,838,0.6562255285826155,838,0.5178997613365155,0.4821002386634845,0.03579952267303103,0.021528228708170914,0.8119151629349499,0.7402395443174474,0.04661682874473806,0.5157384987893463,0.48426150121065376,0.6416464891041163,0.0,289,254,69,214,543,0.3498789346246973,0.3075060532687651,0.08353510895883777,0.25907990314769974,0.0423728813559322,0.14447366344151893,tested,0.3259918559706068
NQ,UPPER_k3,120,2,1277,838,0.6562255285826155,838,0.5178997613365155,0.4821002386634845,0.03579952267303103,0.014936349514999555,1.063900294416921,1.0317779248073191,-0.011892237953159367,0.4963680387409201,0.5036319612590799,0.7276029055690073,0.09806295399515738,328,312,72,114,640,0.39709443099273606,0.37772397094430993,0.08716707021791767,0.13801452784503632,0.01937046004842615,0.5532635900657854,tested,0.7500828503973113
NQ,UPPER_k3,120,3,1277,838,0.6562255285826155,838,0.5178997613365155,0.4821002386634845,0.03579952267303103,-0.0323474854617512,1.2833288791986623,1.2832652198220567,-0.006479208819906297,0.49515738498789347,0.5048426150121066,0.7542372881355932,0.1864406779661017,351,331,74,70,682,0.42493946731234866,0.400726392251816,0.08958837772397095,0.0847457627118644,0.024213075060532687,0.4669163039297019,tested,0.6550362060926833
NQ,UPPER_k3,120,4,1277,838,0.6562255285826155,838,0.5178997613365155,0.4821002386634845,0.03579952267303103,0.08613446087211946,1.4677050779885268,1.454172810620062,-0.019454782125467324,0.49878934624697335,0.5012106537530266,0.7832929782082324,0.2457627118644068,357,340,74,55,697,0.4322033898305085,0.4116222760290557,0.08958837772397095,0.06658595641646489,0.020581113801452784,0.5445166006526477,tested,0.7426392227253061
NQ,UPPER_k3,120,5,1277,838,0.6562255285826155,838,0.5178997613365155,0.4821002386634845,0.03579952267303103,-0.08182458496361071,1.6630628079374712,1.623739618840296,-0.008289457421385074,0.4963680387409201,0.5036319612590799,0.7966101694915254,0.3062953995157385,362,345,74,45,707,0.43825665859564167,0.41767554479418884,0.08958837772397095,0.05447941888619855,0.020581113801452784,0.5473761534056203,tested,0.7431418183683597
NQ,UPPER_k3,120,10,1277,838,0.6562255285826155,838,0.5178997613365155,0.4821002386634845,0.03579952267303103,-0.003976875315911638,2.271526002853303,2.29491435564191,-0.030705422518560843,0.49031476997578693,0.5096852300242131,0.8353510895883777,0.44188861985472155,374,364,74,14,738,0.45278450363196127,0.4406779661016949,0.08958837772397095,0.01694915254237288,0.012106537530266344,0.7404471948935304,tested,0.8635576923577559
NQ,UPPER_k3,120,15,1277,838,0.6562255285826155,838,0.5178997613365155,0.4821002386634845,0.03579952267303103,0.19793093128840722,2.7576439113913906,2.8645017514755065,-0.054316118935355456,0.47336561743341404,0.5266343825665859,0.8680387409200968,0.5193704600484261,376,370,74,6,746,0.4552058111380145,0.44794188861985473,0.08958837772397095,0.007263922518159807,0.007263922518159807,0.8547641200238819,tested,0.939173289651666
NQ,UPPER_k3,120,20,1277,838,0.6562255285826155,838,0.5178997613365155,0.4821002386634845,0.03579952267303103,0.34178230974496365,3.036651225020386,3.1916448496560403,-0.0121065054105177,0.4963680387409201,0.5036319612590799,0.8837772397094431,0.5823244552058111,378,371,74,3,749,0.4576271186440678,0.4491525423728814,0.08958837772397095,0.0036319612590799033,0.00847457627118644,0.8264849375748887,tested,0.9173882957767273
NQ,UPPER_k3,120,30,1277,838,0.6562255285826155,838,0.5178997613365155,0.4821002386634845,0.03579952267303103,0.46632272065072206,3.826269160198244,3.8385220589470475,0.019816016616940536,0.5145278450363197,0.4854721549636804,0.9031476997578692,0.6331719128329297,378,374,74,0,752,0.4576271186440678,0.45278450363196127,0.08958837772397095,0.0,0.004842615012106538,0.9128957485021142,tested,0.9785374489092813
NQ,UPPER_k3,120,60,1277,838,0.6562255285826155,838,0.5178997613365155,0.4821002386634845,0.03579952267303103,0.8224865294980032,5.161187147872303,4.907460149215454,0.041094235538763804,0.5181598062953995,0.48184019370460046,0.9249394673123487,0.7191283292978208,378,374,74,0,752,0.4576271186440678,0.45278450363196127,0.08958837772397095,0.0,0.004842615012106538,0.9128957485021142,tested,0.9785374489092813
NQ,UPPER_k3,120,120,1277,838,0.6562255285826155,838,0.5178997613365155,0.4821002386634845,0.03579952267303103,0.9884524694180056,6.712291816387575,6.463197639461283,0.03894104448503214,0.5157384987893463,0.48426150121065376,0.9358353510895884,0.7699757869249395,378,374,74,0,752,0.4576271186440678,0.45278450363196127,0.08958837772397095,0.0,0.004842615012106538,0.9128957485021142,tested,0.9785374489092813
ES,LOWER_k0,1,1,1279,540,0.4222048475371384,537,0.5814814814814815,0.412962962962963,0.1685185185185185,-0.07196423731802852,1.1228982402187953,1.539464596865392,-0.1530769230768363,0.4528301886792453,0.5415094339622641,0.5867924528301887,0.0,180,221,98,31,401,0.33962264150943394,0.4169811320754717,0.18490566037735848,0.05849056603773585,-0.07735849056603773,0.045635481404892916,tested,0.40518636888637416
ES,LOWER_k0,1,2,1279,540,0.4222048475371384,537,0.5814814814814815,0.412962962962963,0.1685185185185185,-0.0612762801393137,1.6622692309018547,2.0346904201215583,-0.08452380952383554,0.46037735849056605,0.530188679245283,0.6660377358490566,0.09245283018867924,196,229,99,6,425,0.36981132075471695,0.4320754716981132,0.18679245283018867,0.011320754716981131,-0.062264150943396226,0.12050509288506214,tested,0.4518446774297618
ES,LOWER_k0,1,3,1279,540,0.4222048475371384,537,0.5814814814814815,0.412962962962963,0.1685185185185185,-0.08214726464405986,1.898707834122977,2.31963597570926,-0.08421985815602837,0.4660377358490566,0.5226415094339623,0.7018867924528301,0.17358490566037735,196,230,99,5,426,0.36981132075471695,0.4339622641509434,0.18679245283018867,0.009433962264150943,-0.06415094339622641,0.10974458194702504,tested,0.4266375715852218
ES,LOWER_k0,1,4,1279,540,0.4222048475371384,537,0.5814814814814815,0.412962962962963,0.1685185185185185,0.12310805059977317,2.2401899382597485,2.522481927230513,-0.08421985815602834,0.4660377358490566,0.5245283018867924,0.7188679245283018,0.22452830188679246,197,232,99,2,429,0.37169811320754714,0.4377358490566038,0.18679245283018867,0.0037735849056603774,-0.0660377358490566,0.10057420469784666,tested,0.41351184686127473
ES,LOWER_k0,1,5,1279,540,0.4222048475371384,537,0.5814814814814815,0.412962962962963,0.1685185185185185,0.14279559246270446,2.4862733974740885,2.764220492117159,-0.07120794263653883,0.4679245283018868,0.5226415094339623,0.7584905660377359,0.2830188679245283,197,233,99,1,430,0.37169811320754714,0.439622641509434,0.18679245283018867,0.0018867924528301887,-0.06792452830188679,0.0913238705915413,tested,0.40518636888637416
ES,LOWER_k0,1,10,1279,540,0.4222048475371384,537,0.5814814814814815,0.412962962962963,0.1685185185185185,0.2956248642094853,3.541288121157465,3.5653390591483185,-0.028073286052009427,0.48867924528301887,0.5094339622641509,0.7962264150943397,0.4169811320754717,198,233,99,0,431,0.37358490566037733,0.439622641509434,0.18679245283018867,0.0,-0.0660377358490566,0.10136842530293341,tested,0.41351184686127473
ES,LOWER_k0,1,15,1279,540,0.4222048475371384,537,0.5814814814814815,0.412962962962963,0.1685185185185185,-0.494251195858129,3.864627243183932,3.9967437299681157,0.0031645569620253103,0.5,0.4981132075471698,0.8188679245283019,0.5094339622641509,198,233,99,0,431,0.37358490566037733,0.439622641509434,0.18679245283018867,0.0,-0.0660377358490566,0.10136842530293341,tested,0.41351184686127473
ES,LOWER_k0,1,20,1279,540,0.4222048475371384,537,0.5814814814814815,0.412962962962963,0.1685185185185185,-0.01710519734861405,4.475115155584258,4.5255747744796695,-0.00493827160493376,0.4981132075471698,0.5,0.8452830188679246,0.5547169811320755,198,233,99,0,431,0.37358490566037733,0.439622641509434,0.18679245283018867,0.0,-0.0660377358490566,0.10136842530293341,tested,0.41351184686127473
ES,LOWER_k0,1,30,1279,540,0.4222048475371384,537,0.5814814814814815,0.412962962962963,0.1685185185185185,-0.16789541132684835,5.585821904151233,5.367164146379002,-0.002941176470598922,0.4962264150943396,0.5,0.8716981132075472,0.6245283018867924,198,233,99,0,431,0.37358490566037733,0.439622641509434,0.18679245283018867,0.0,-0.0660377358490566,0.10136842530293341,tested,0.41351184686127473
ES,LOWER_k0,1,60,1279,540,0.4222048475371384,537,0.5814814814814815,0.412962962962963,0.1685185185185185,-0.2824221411567345,7.323720444343687,6.690011605991402,0.027346637102734647,0.5132075471698113,0.4849056603773585,0.8943396226415095,0.6811320754716981,198,233,99,0,431,0.37358490566037733,0.439622641509434,0.18679245283018867,0.0,-0.0660377358490566,0.10136842530293341,tested,0.41351184686127473
ES,LOWER_k0,1,120,1279,540,0.4222048475371384,537,0.5814814814814815,0.412962962962963,0.1685185185185185,-0.44162484880244457,9.408493319692914,8.27986481525042,0.07291666666665908,0.5283018867924528,0.4660377358490566,0.9188679245283019,0.7471698113207547,198,233,99,0,431,0.37358490566037733,0.439622641509434,0.18679245283018867,0.0,-0.0660377358490566,0.10136842530293341,tested,0.41351184686127473
ES,LOWER_k0,2,1,1279,706,0.5519937451133698,702,0.5594900849858357,0.4348441926345609,0.12464589235127478,0.039439558083103815,1.0579647159056944,1.323269309954301,-0.07272727272753732,0.47763347763347763,0.5180375180375181,0.5901875901875901,0.0,247,269,114,63,516,0.3564213564213564,0.38816738816738816,0.1645021645021645,0.09090909090909091,-0.031746031746031744,0.35525136667766677,tested,0.7259962478345895
ES,LOWER_k0,2,2,1279,706,0.5519937451133698,702,0.5594900849858357,0.4348441926345609,0.12464589235127478,-0.013195261113207315,1.5856368392690443,1.8066401129870358,-0.05217391304350994,0.47619047619047616,0.5137085137085137,0.6652236652236653,0.09379509379509379,273,285,115,20,558,0.3939393939393939,0.41125541125541126,0.16594516594516595,0.02886002886002886,-0.017316017316017316,0.641492903362693,tested,1.0
ES,LOWER_k0,2,3,1279,706,0.5519937451133698,702,0.5594900849858357,0.4348441926345609,0.12464589235127478,0.0,1.9185616179776805,2.1464399854060976,-0.014285714285766192,0.4862914862914863,0.5050505050505051,0.7041847041847041,0.17027417027417027,277,288,115,13,565,0.3997113997113997,0.4155844155844156,0.16594516594516595,0.01875901875901876,-0.015873015873015872,0.6740092646275344,tested,1.0
ES,LOWER_k0,2,4,1279,706,0.5519937451133698,702,0.5594900849858357,0.4348441926345609,0.12464589235127478,0.20582301229944927,2.2218863849725308,2.411713193911583,-0.03888888888887873,0.47763347763347763,0.5151515151515151,0.7258297258297258,0.22366522366522368,280,294,116,3,574,0.40404040404040403,0.42424242424242425,0.1673881673881674,0.004329004329004329,-0.020202020202020204,0.5874371017955399,tested,0.9923893796476136
ES,LOWER_k0,2,5,1279,706,0.5519937451133698,702,0.5594900849858357,0.4348441926345609,0.12464589235127478,0.17206180040291866,2.488310781315652,2.6194100387136405,-0.04545454545454549,0.4790764790764791,0.5137085137085137,0.7662337662337663,0.27994227994227994,280,295,116,2,575,0.40404040404040403,0.42568542568542567,0.1673881673881674,0.002886002886002886,-0.021645021645021644,0.5593653938565853,tested,0.9874779767724203
ES,LOWER_k0,2,10,1279,706,0.5519937451133698,702,0.5594900849858357,0.4348441926345609,0.12464589235127478,0.3595209578716671,3.44946771580344,3.421135289149958,0.013333333333381839,0.5036075036075036,0.4935064935064935,0.8023088023088023,0.417027417027417,281,296,116,0,577,0.4054834054834055,0.42712842712842713,0.1673881673881674,0.0,-0.021645021645021644,0.560046910380226,tested,0.9874779767724203
ES,LOWER_k0,2,15,1279,706,0.5519937451133698,702,0.5594900849858357,0.4348441926345609,0.12464589235127478,-0.093026050941822,3.866758201448018,3.7842328977637845,0.03283582089553325,0.5108225108225108,0.48484848484848486,0.823953823953824,0.5093795093795094,281,296,116,0,577,0.4054834054834055,0.42712842712842713,0.1673881673881674,0.0,-0.021645021645021644,0.560046910380226,tested,0.9874779767724203
ES,LOWER_k0,2,20,1279,706,0.5519937451133698,702,0.5594900849858357,0.4348441926345609,0.12464589235127478,0.24823470563804573,4.449803624733438,4.1624199850062436,0.01647058823531127,0.5093795093795094,0.48773448773448774,0.8484848484848485,0.5555555555555556,281,296,116,0,577,0.4054834054834055,0.42712842712842713,0.1673881673881674,0.0,-0.021645021645021644,0.560046910380226,tested,0.9874779767724203
ES,LOWER_k0,2,30,1279,706,0.5519937451133698,702,0.5594900849858357,0.4348441926345609,0.12464589235127478,0.11875735001838579,5.487257057035674,4.915162614747304,0.02089552238808147,0.5108225108225108,0.48484848484848486,0.8701298701298701,0.6190476190476191,281,296,116,0,577,0.4054834054834055,0.42712842712842713,0.1673881673881674,0.0,-0.021645021645021644,0.560046910380226,tested,0.9874779767724203
ES,LOWER_k0,2,60,1279,706,0.5519937451133698,702,0.5594900849858357,0.4348441926345609,0.12464589235127478,0.240363490786932,7.146821559936288,6.0922930810511104,0.05599999999998549,0.5281385281385281,0.4704184704184704,0.8961038961038961,0.6753246753246753,281,296,116,0,577,0.4054834054834055,0.42712842712842713,0.1673881673881674,0.0,-0.021645021645021644,0.560046910380226,tested,0.9874779767724203
ES,LOWER_k0,2,120,1279,706,0.5519937451133698,702,0.5594900849858357,0.4348441926345609,0.12464589235127478,-0.10749382094147843,9.206067857302239,7.7555265953435715,0.09152542372883818,0.5382395382395382,0.4574314574314574,0.9206349206349206,0.746031746031746,281,296,116,0,577,0.4054834054834055,0.42712842712842713,0.1673881673881674,0.0,-0.021645021645021644,0.560046910380226,tested,0.9874779767724203
ES,LOWER_k0,3,1,1279,786,0.6145426114151681,782,0.5508905852417303,0.4440203562340967,0.10687022900763359,0.05140630987758055,1.0582705619325083,1.233022185991861,-0.044242424242474994,0.483160621761658,0.5116580310880829,0.5958549222797928,0.0,281,299,120,72,580,0.3639896373056995,0.3873056994818653,0.15544041450777202,0.09326424870466321,-0.023316062176165803,0.48029048005322883,tested,0.9031805776684148
ES,LOWER_k0,3,2,1279,786,0.6145426114151681,782,0.5508905852417303,0.4440203562340967,0.10687022900763359,-0.03146408339718617,1.5604663918902375,1.731561226776471,-0.05022488755626284,0.47797927461139894,0.5129533678756477,0.6683937823834197,0.09844559585492228,312,317,121,22,629,0.40414507772020725,0.4106217616580311,0.1567357512953368,0.02849740932642487,-0.006476683937823834,0.8732987468743011,tested,1.0
ES,LOWER_k0,3,3,1279,786,0.6145426114151681,782,0.5508905852417303,0.4440203562340967,0.10687022900763359,-0.03018490063946354,1.9010938775290085,2.0733790781232635,-0.01920289855075497,0.483160621761658,0.5077720207253886,0.7137305699481865,0.17487046632124353,317,320,121,14,637,0.4106217616580311,0.41450777202072536,0.1567357512953368,0.018134715025906734,-0.0038860103626943004,0.9368476465413632,tested,1.0
ES,LOWER_k0,3,4,1279,786,0.6145426114151681,782,0.5508905852417303,0.4440203562340967,0.10687022900763359,0.159644936195862,2.1984688001666175,2.3918088089832246,-0.04653679653679654,0.47538860103626945,0.5155440414507773,0.7357512953367875,0.2266839378238342,320,326,122,4,646,0.41450777202072536,0.422279792746114,0.15803108808290156,0.0051813471502590676,-0.007772020725388601,0.8440639397234103,tested,1.0
ES,LOWER_k0,3,5,1279,786,0.6145426114151681,782,0.5508905852417303,0.4440203562340967,0.10687022900763359,0.1481130422414882,2.4205379571034698,2.560398606595526,-0.04800307219662058,0.47668393782383417,0.5168393782383419,0.772020725388601,0.2823834196891192,320,327,122,3,647,0.41450777202072536,0.42357512953367876,0.15803108808290156,0.0038860103626943004,-0.009067357512953367,0.8135447367828232,tested,1.0
ES,LOWER_k0,3,10,1279,786,0.6145426114151681,782,0.5508905852417303,0.4440203562340967,0.10687022900763359,0.17522671103264736,3.3049782765288986,3.361593714367909,-0.001351351351356292,0.4961139896373057,0.5,0.8095854922279793,0.42357512953367876,322,328,122,0,650,0.4170984455958549,0.42487046632124353,0.15803108808290156,0.0,-0.007772020725388601,0.8445382331741877,tested,1.0
ES,LOWER_k0,3,15,1279,786,0.6145426114151681,782,0.5508905852417303,0.4440203562340967,0.10687022900763359,-0.12006312470319477,3.7666971987834206,3.7792829951875904,0.007488372093029319,0.5038860103626943,0.49093264248704666,0.8290155440414507,0.5142487046632125,322,328,122,0,650,0.4170984455958549,0.42487046632124353,0.15803108808290156,0.0,-0.007772020725388601,0.8445382331741877,tested,1.0
ES,LOWER_k0,3,20,1279,786,0.6145426114151681,782,0.5508905852417303,0.4440203562340967,0.10687022900763359,0.2316099763409005,4.225222103433904,4.136508709509961,0.01203619909506641,0.5064766839378239,0.49093264248704666,0.8523316062176166,0.560880829015544,322,328,122,0,650,0.4170984455958549,0.42487046632124353,0.15803108808290156,0.0,-0.007772020725388601,0.8445382331741877,tested,1.0
ES,LOWER_k0,3,30,1279,786,0.6145426114151681,782,0.5508905852417303,0.4440203562340967,0.10687022900763359,0.12404826704307723,5.214745088738271,4.902056361048457,0.01648014044325065,0.5090673575129534,0.48704663212435234,0.8730569948186528,0.6217616580310881,322,328,122,0,650,0.4170984455958549,0.42487046632124353,0.15803108808290156,0.0,-0.007772020725388601,0.8445382331741877,tested,1.0
ES,LOWER_k0,3,60,1279,786,0.6145426114151681,782,0.5508905852417303,0.4440203562340967,0.10687022900763359,0.19363207575177416,6.997993993764438,6.031431335962569,0.07505549800208292,0.533678756476684,0.4650259067357513,0.8989637305699482,0.6787564766839378,322,328,122,0,650,0.4170984455958549,0.42487046632124353,0.15803108808290156,0.0,-0.007772020725388601,0.8445382331741877,tested,1.0
ES,LOWER_k0,3,120,1279,786,0.6145426114151681,782,0.5508905852417303,0.4440203562340967,0.10687022900763359,0.3162030356464565,9.072177482295,7.670599462033701,0.11065782763895973,0.5427461139896373,0.4533678756476684,0.9222797927461139,0.7448186528497409,322,328,122,0,650,0.4170984455958549,0.42487046632124353,0.15803108808290156,0.0,-0.007772020725388601,0.8445382331741877,tested,1.0
ES,LOWER_k0,4,1,1279,840,0.656763096168882,836,0.5416666666666666,0.45357142857142857,0.0880952380952381,0.055844349133830296,1.058576407959322,1.1969461386357703,-0.04000000000014554,0.48477466504263095,0.510353227771011,0.5992691839220463,0.0,299,314,128,80,613,0.364190012180268,0.38246041412911086,0.1559074299634592,0.09744214372716199,-0.018270401948842874,0.5718002290572525,tested,0.9902956569849932
ES,LOWER_k0,4,2,1279,840,0.656763096168882,836,0.5416666666666666,0.45357142857142857,0.0880952380952381,-0.01634446649579879,1.5856368392690443,1.7162326606420701,-0.04651162790697677,0.47868453105968334,0.5115712545676004,0.6711327649208283,0.09744214372716199,331,335,129,26,666,0.40316686967113274,0.40803897685749085,0.15712545676004872,0.031668696711327646,-0.0048721071863581,0.9074676788024112,tested,1.0
ES,LOWER_k0,4,3,1279,840,0.656763096168882,836,0.5416666666666666,0.45357142857142857,0.0880952380952381,-0.02957423825763673,1.8864844365676046,2.0352015758999076,-0.016666666666727267,0.48599269183922045,0.5054811205846529,0.7174177831912302,0.17295980511571254,336,341,129,15,677,0.4092570036540804,0.415347137637028,0.15712545676004872,0.018270401948842874,-0.0060901339829476245,0.8778352673178771,tested,1.0
ES,LOWER_k0,4,4,1279,840,0.656763096168882,836,0.5416666666666666,0.45357142857142857,0.0880952380952381,0.16514456476895506,2.19704523668063,2.3407704313433544,-0.03888888888887873,0.47868453105968334,0.51278928136419,0.7393422655298416,0.22655298416565164,339,347,130,5,686,0.41291108404384896,0.4226552984165652,0.15834348355663824,0.0060901339829476245,-0.0097442143727162,0.7892912886783195,tested,1.0
ES,LOWER_k0,4,5,1279,840,0.656763096168882,836,0.5416666666666666,0.45357142857142857,0.0880952380952381,0.1507965901801314,2.4205379571034698,2.526153180903631,-0.046153846153874155,0.47990255785627284,0.5140073081607796,0.7746650426309378,0.28136419001218027,340,348,130,3,688,0.41412911084043846,0.4238733252131547,0.15834348355663824,0.0036540803897685747,-0.0097442143727162,0.7895905008603746,tested,1.0
ES,LOWER_k0,4,10,1279,840,0.656763096168882,836,0.5416666666666666,0.45357142857142857,0.0880952380952381,0.18067231953650073,3.259943579704553,3.3539554957167446,-0.002702702702712584,0.49573690621193667,0.5006090133982948,0.8124238733252132,0.42143727161997563,342,349,130,0,691,0.4165651644336175,0.42509135200974424,0.15834348355663824,0.0,-0.008526187576126675,0.8194716322754257,tested,1.0
ES,LOWER_k0,4,15,1279,840,0.656763096168882,836,0.5416666666666666,0.45357142857142857,0.0880952380952381,-0.14710019846456757,3.7406303573289317,3.774333092611396,0.0227272727272727,0.5054811205846529,0.4884287454323995,0.8319123020706456,0.5152253349573691,342,349,130,0,691,0.4165651644336175,0.42509135200974424,0.15834348355663824,0.0,-0.008526187576126675,0.8194716322754257,tested,1.0
ES,LOWER_k0,4,20,1279,840,0.656763096168882,836,0.5416666666666666,0.45357142857142857,0.0880952380952381,0.24823470563804573,4.220505856323055,4.101219330881986,0.019047619047630568,0.510353227771011,0.48599269183922045,0.8550548112058465,0.5627283800243605,342,349,130,0,691,0.4165651644336175,0.42509135200974424,0.15834348355663824,0.0,-0.008526187576126675,0.8194716322754257,tested,1.0
ES,LOWER_k0,4,30,1279,840,0.656763096168882,836,0.5416666666666666,0.45357142857142857,0.0880952380952381,0.1737377475627977,5.2068772069191755,4.875185478915503,0.03283582089553325,0.5115712545676004,0.48477466504263095,0.8757612667478685,0.6272838002436053,342,349,130,0,691,0.4165651644336175,0.42509135200974424,0.15834348355663824,0.0,-0.008526187576126675,0.8194716322754257,tested,1.0
ES,LOWER_k0,4,60,1279,840,0.656763096168882,836,0.5416666666666666,0.45357142857142857,0.0880952380952381,-0.06122307320182974,6.883054194564817,6.134173936858924,0.05263157894736841,0.5261875761266748,0.4725943970767357,0.9013398294762485,0.6894031668696712,342,349,130,0,691,0.4165651644336175,0.42509135200974424,0.15834348355663824,0.0,-0.008526187576126675,0.8194716322754257,tested,1.0
ES,LOWER_k0,4,120,1279,840,0.656763096168882,836,0.5416666666666666,0.45357142857142857,0.0880952380952381,0.1222708718908837,8.879400317589065,7.74018059579659,0.08679245283016125,0.5334957369062119,0.4628501827040195,0.9232643118148599,0.7527405602923264,342,349,130,0,691,0.4165651644336175,0.42509135200974424,0.15834348355663824,0.0,-0.008526187576126675,0.8194716322754257,tested,1.0
ES,LOWER_k0,5,1,1279,883,0.6903831118060985,879,0.5390713476783692,0.4563986409966025,0.08267270668176671,0.055844349133830296,1.058576407959322,1.1824320303588698,-0.04000000000014554,0.4843205574912892,0.5098722415795587,0.6039488966318235,0.0,315,328,133,85,643,0.36585365853658536,0.38095238095238093,0.15447154471544716,0.09872241579558652,-0.015098722415795587,0.6360804360938371,tested,1.0
ES,LOWER_k0,5,2,1279,883,0.6903831118060985,879,0.5390713476783692,0.4563986409966025,0.08267270668176671,-0.01634446649579879,1.5856368392690443,1.7006718867755186,-0.048275862069015726,0.47851335656213706,0.5121951219512195,0.6794425087108014,0.09872241579558652,348,350,134,29,698,0.40418118466898956,0.4065040650406504,0.15563298490127758,0.03368176538908246,-0.0023228803716608595,0.9698104388033014,tested,1.0
ES,LOWER_k0,5,3,1279,883,0.6903831118060985,879,0.5390713476783692,0.4563986409966025,0.08267270668176671,-0.03079556302129035,1.881712349755542,2.0372854279393535,-0.021739130434782605,0.4843205574912892,0.5075493612078978,0.7259001161440186,0.1765389082462253,354,357,134,16,711,0.41114982578397213,0.4146341463414634,0.15563298490127758,0.018583042973286876,-0.003484320557491289,0.9402170186459178,tested,1.0
ES,LOWER_k0,5,4,1279,883,0.6903831118060985,879,0.5390713476783692,0.4563986409966025,0.08267270668176671,0.12763068894333945,2.1773896392299856,2.3278208693969358,-0.04545454545454549,0.47735191637630664,0.5145180023228804,0.7468060394889663,0.23228803716608595,357,364,135,5,721,0.4146341463414634,0.42276422764227645,0.156794425087108,0.005807200929152149,-0.008130081300813009,0.8232031236653424,tested,1.0
ES,LOWER_k0,5,5,1279,883,0.6903831118060985,879,0.5390713476783692,0.4563986409966025,0.08267270668176671,0.08711218562085621,2.371355810583088,2.526153180903631,-0.05263157894736842,0.47735191637630664,0.5168408826945412,0.7828106852497096,0.2880371660859466,358,365,135,3,723,0.41579558652729387,0.42392566782810687,0.156794425087108,0.003484320557491289,-0.008130081300813009,0.8234437386712963,tested,1.0
ES,LOWER_k0,5,10,1279,883,0.6903831118060985,879,0.5390713476783692,0.4563986409966025,0.08267270668176671,0.10936239248637297,3.2088048509420144,3.335805040673713,-0.02777777777777779,0.48664343786295006,0.5098722415795587,0.818815331010453,0.42392566782810687,360,366,135,0,726,0.4181184668989547,0.4250871080139373,0.156794425087108,0.0,-0.006968641114982578,0.8528001795088671,tested,1.0
ES,LOWER_k0,5,15,1279,883,0.6903831118060985,879,0.5390713476783692,0.4563986409966025,0.08267270668176671,-0.17370257569929107,3.688931471994477,3.7892163091314854,0.0,0.4959349593495935,0.49825783972125437,0.8385598141695703,0.521486643437863,360,366,135,0,726,0.4181184668989547,0.4250871080139373,0.156794425087108,0.0,-0.006968641114982578,0.8528001795088671,tested,1.0
ES,LOWER_k0,5,20,1279,883,0.6903831118060985,879,0.5390713476783692,0.4563986409966025,0.08267270668176671,0.23176492773866914,4.161465918981804,4.113036976582014,0.008000000000029086,0.502903600464576,0.49361207897793263,0.8606271777003485,0.5691056910569106,360,366,135,0,726,0.4181184668989547,0.4250871080139373,0.156794425087108,0.0,-0.006968641114982578,0.8528001795088671,tested,1.0
ES,LOWER_k0,5,30,1279,883,0.6903831118060985,879,0.5390713476783692,0.4563986409966025,0.08267270668176671,0.17616606585505654,5.079415542128253,4.904817328756306,0.011764705882324438,0.5052264808362369,0.4912891986062718,0.8803716608594657,0.6329849012775842,360,366,135,0,726,0.4181184668989547,0.4250871080139373,0.156794425087108,0.0,-0.006968641114982578,0.8528001795088671,tested,1.0
ES,LOWER_k0,5,60,1279,883,0.6903831118060985,879,0.5390713476783692,0.4563986409966025,0.08267270668176671,-0.10200306013761007,6.80780893228281,6.0811183182043225,0.049523809523816416,0.5226480836236934,0.47502903600464574,0.9059233449477352,0.6933797909407665,360,366,135,0,726,0.4181184668989547,0.4250871080139373,0.156794425087108,0.0,-0.006968641114982578,0.8528001795088671,tested,1.0
ES,LOWER_k0,5,120,1279,883,0.6903831118060985,879,0.5390713476783692,0.4563986409966025,0.08267270668176671,-0.033353928536738,8.77757273581567,7.70658609205886,0.0791666666666515,0.5296167247386759,0.46689895470383275,0.926829268292683,0.7560975609756098,360,366,135,0,726,0.4181184668989547,0.4250871080139373,0.156794425087108,0.0,-0.006968641114982578,0.8528001795088671,tested,1.0
ES,LOWER_k0,10,1,1279,972,0.7599687255668491,966,0.5288065843621399,0.46502057613168724,0.06378600823045268,0.08940368269291396,1.0555285133580967,1.1059609664383774,-0.027619047619148088,0.49050632911392406,0.5031645569620253,0.6065400843881856,0.0,351,356,140,101,707,0.370253164556962,0.3755274261603376,0.14767932489451477,0.10654008438818566,-0.005274261603375527,0.880434748854221,tested,1.0
ES,LOWER_k0,10,2,1279,972,0.7599687255668491,966,0.5288065843621399,0.46502057613168724,0.06378600823045268,0.0,1.5401126879470786,1.575347153499696,-0.027619047619061497,0.4831223628691983,0.5073839662447257,0.6867088607594937,0.10548523206751055,386,385,141,36,771,0.40717299578059074,0.4061181434599156,0.14873417721518986,0.0379746835443038,0.0010548523206751054,1.0,tested,1.0
ES,LOWER_k0,10,3,1279,972,0.7599687255668491,966,0.5288065843621399,0.46502057613168724,0.06378600823045268,-0.020087439395642566,1.8445321468384135,1.9551031860048436,-0.01920289855075497,0.48628691983122363,0.5063291139240507,0.7320675105485233,0.18248945147679324,393,394,141,20,787,0.41455696202531644,0.41561181434599154,0.14873417721518986,0.02109704641350211,-0.0010548523206751054,1.0,tested,1.0
ES,LOWER_k0,10,4,1279,972,0.7599687255668491,966,0.5288065843621399,0.46502057613168724,0.06378600823045268,0.1142116080734695,2.1213203435596952,2.21871609590153,-0.031456043956093416,0.479957805907173,0.5116033755274262,0.7510548523206751,0.23839662447257384,397,402,142,7,799,0.41877637130801687,0.4240506329113924,0.14978902953586498,0.007383966244725738,-0.005274261603375527,0.887478643013617,tested,1.0
ES,LOWER_k0,10,5,1279,972,0.7599687255668491,966,0.5288065843621399,0.46502057613168724,0.06378600823045268,0.08006552157377077,2.249165191033204,2.417169452315088,-0.04580419580420982,0.4810126582278481,0.5137130801687764,0.7848101265822784,0.29641350210970463,399,403,142,4,802,0.4208860759493671,0.42510548523206754,0.14978902953586498,0.004219409282700422,-0.004219409282700422,0.9156436203645071,tested,1.0
ES,LOWER_k0,10,10,1279,972,0.7599687255668491,966,0.5288065843621399,0.46502057613168724,0.06378600823045268,0.10584586620725192,3.148588331105479,3.2485728118781534,-0.01833333333336366,0.4873417721518987,0.509493670886076,0.8238396624472574,0.4345991561181435,401,405,142,0,806,0.4229957805907173,0.4272151898734177,0.14978902953586498,0.0,-0.004219409282700422,0.9158523796055593,tested,1.0
ES,LOWER_k0,10,15,1279,972,0.7599687255668491,966,0.5288065843621399,0.46502057613168724,0.06378600823045268,-0.1801192416823349,3.673220677180616,3.7119243201776166,0.0,0.4957805907172996,0.4989451476793249,0.8449367088607594,0.5316455696202531,401,405,142,0,806,0.4229957805907173,0.4272151898734177,0.14978902953586498,0.0,-0.004219409282700422,0.9158523796055593,tested,1.0
ES,LOWER_k0,10,20,1279,972,0.7599687255668491,966,0.5288065843621399,0.46502057613168724,0.06378600823045268,0.15877694071323642,4.072403591961897,4.07087480287104,0.0046859768834383,0.5010548523206751,0.4957805907172996,0.8649789029535865,0.580168776371308,401,405,142,0,806,0.4229957805907173,0.4272151898734177,0.14978902953586498,0.0,-0.004219409282700422,0.9158523796055593,tested,1.0
ES,LOWER_k0,10,30,1279,972,0.7599687255668491,966,0.5288065843621399,0.46502057613168724,0.06378600823045268,-0.034089460996183846,4.873599981142418,4.86229773242149,0.0,0.4989451476793249,0.4978902953586498,0.8850210970464135,0.6455696202531646,401,405,142,0,806,0.4229957805907173,0.4272151898734177,0.14978902953586498,0.0,-0.004219409282700422,0.9158523796055593,tested,1.0
ES,LOWER_k0,10,60,1279,972,0.7599687255668491,966,0.5288065843621399,0.46502057613168724,0.06378600823045268,-0.25418324609443005,6.572360730871741,6.031431335962569,0.01801948051945844,0.5116033755274262,0.48628691983122363,0.9082278481012658,0.7046413502109705,401,405,142,0,806,0.4229957805907173,0.4272151898734177,0.14978902953586498,0.0,-0.004219409282700422,0.9158523796055593,tested,1.0
ES,LOWER_k0,10,120,1279,972,0.7599687255668491,966,0.5288065843621399,0.46502057613168724,0.06378600823045268,-0.043326764140470625,8.711454494466935,7.597553445040939,0.07085524455753606,0.5232067510548524,0.47362869198312235,0.9282700421940928,0.7626582278481012,401,405,142,0,806,0.4229957805907173,0.4272151898734177,0.14978902953586498,0.0,-0.004219409282700422,0.9158523796055593,tested,1.0
ES,LOWER_k0,15,1,1279,994,0.7771696637998436,988,0.5271629778672032,0.46680080482897385,0.060362173038229376,0.09476629229147662,1.0509870703136481,1.1029166881515056,-0.025833333333427314,0.49072164948453606,0.5030927835051546,0.6082474226804123,0.0,358,364,142,106,722,0.36907216494845363,0.3752577319587629,0.1463917525773196,0.10927835051546392,-0.006185567010309278,0.8523977443875692,tested,1.0
ES,LOWER_k0,15,2,1279,994,0.7771696637998436,988,0.5271629778672032,0.46680080482897385,0.060362173038229376,-0.03146408339718617,1.5289288643942918,1.5914158762966761,-0.02666666666676367,0.4845360824742268,0.5061855670103093,0.6907216494845361,0.11134020618556702,393,393,144,40,786,0.40515463917525774,0.40515463917525774,0.14845360824742268,0.041237113402061855,0.0,1.0,tested,1.0
ES,LOWER_k0,15,3,1279,994,0.7771696637998436,988,0.5271629778672032,0.46680080482897385,0.060362173038229376,-0.03512629374214394,1.8323840004995744,1.9589103268055725,-0.016666666666727302,0.4865979381443299,0.5061855670103093,0.7371134020618557,0.18762886597938144,402,402,144,22,804,0.4144329896907217,0.4144329896907217,0.14845360824742268,0.02268041237113402,0.0,1.0,tested,1.0
ES,LOWER_k0,15,4,1279,994,0.7771696637998436,988,0.5271629778672032,0.46680080482897385,0.060362173038229376,0.1142116080734695,2.1174669162805713,2.21871609590153,-0.03611111111116666,0.47835051546391755,0.51340206185567,0.7556701030927835,0.2422680412371134,406,410,145,9,816,0.41855670103092785,0.422680412371134,0.14948453608247422,0.009278350515463918,-0.004123711340206186,0.9163675716902872,tested,1.0
ES,LOWER_k0,15,5,1279,994,0.7771696637998436,988,0.5271629778672032,0.46680080482897385,0.060362173038229376,0.02582793573551204,2.243795209062336,2.417169452315088,-0.04800307219662058,0.4793814432989691,0.5154639175257731,0.788659793814433,0.3,409,412,145,4,821,0.4216494845360825,0.4247422680412371,0.14948453608247422,0.004123711340206186,-0.003092783505154639,0.9443580856096597,tested,1.0
ES,LOWER_k0,15,10,1279,994,0.7771696637998436,988,0.5271629778672032,0.46680080482897385,0.060362173038229376,0.10877214549957265,3.1299410998207553,3.217322899491668,-0.015833333333345467,0.48762886597938143,0.5082474226804123,0.8268041237113402,0.43711340206185567,411,414,145,0,825,0.42371134020618556,0.4268041237113402,0.14948453608247422,0.0,-0.003092783505154639,0.9444928935459499,tested,1.0
ES,LOWER_k0,15,15,1279,994,0.7771696637998436,988,0.5271629778672032,0.46680080482897385,0.060362173038229376,-0.17641416266111826,3.646934304613908,3.688064688960975,0.0,0.49587628865979383,0.49896907216494846,0.8474226804123711,0.5329896907216495,411,414,145,0,825,0.42371134020618556,0.4268041237113402,0.14948453608247422,0.0,-0.003092783505154639,0.9444928935459499,tested,1.0
ES,LOWER_k0,15,20,1279,994,0.7771696637998436,988,0.5271629778672032,0.46680080482897385,0.060362173038229376,0.15877694071323642,4.039777027684365,4.008981760268956,0.0,0.49896907216494846,0.4979381443298969,0.8670103092783505,0.5814432989690722,411,414,145,0,825,0.42371134020618556,0.4268041237113402,0.14948453608247422,0.0,-0.003092783505154639,0.9444928935459499,tested,1.0
ES,LOWER_k0,15,30,1279,994,0.7771696637998436,988,0.5271629778672032,0.46680080482897385,0.060362173038229376,-0.04327853400640384,4.854167838137375,4.8056909857044765,0.0,0.49896907216494846,0.4979381443298969,0.8865979381443299,0.6484536082474227,411,414,145,0,825,0.42371134020618556,0.4268041237113402,0.14948453608247422,0.0,-0.003092783505154639,0.9444928935459499,tested,1.0
ES,LOWER_k0,15,60,1279,994,0.7771696637998436,988,0.5271629778672032,0.46680080482897385,0.060362173038229376,-0.2824221411567345,6.5237452942478384,6.014895967385957,0.01801948051945844,0.511340206185567,0.4865979381443299,0.9103092783505154,0.7082474226804124,411,414,145,0,825,0.42371134020618556,0.4268041237113402,0.14948453608247422,0.0,-0.003092783505154639,0.9444928935459499,tested,1.0
ES,LOWER_k0,15,120,1279,994,0.7771696637998436,988,0.5271629778672032,0.46680080482897385,0.060362173038229376,-0.05142697177748244,8.631640126618489,7.537156496337486,0.06920541290770575,0.522680412371134,0.4742268041237113,0.9298969072164949,0.765979381443299,411,414,145,0,825,0.42371134020618556,0.4268041237113402,0.14948453608247422,0.0,-0.003092783505154639,0.9444928935459499,tested,1.0
ES,LOWER_k0,20,1,1279,1019,0.7967161845191556,1013,0.5230618253189402,0.47105004906771347,0.052011776251226695,0.10154492724048209,1.0492967758511849,1.0925615808501234,0.0,0.4949698189134809,0.49899396378269617,0.6066398390342053,0.0,370,371,142,111,741,0.3722334004024145,0.3732394366197183,0.14285714285714285,0.11167002012072434,-0.001006036217303823,1.0,tested,1.0
ES,LOWER_k0,20,2,1279,1019,0.7967161845191556,1013,0.5230618253189402,0.47105004906771347,0.052011776251226695,-0.02295935237671776,1.5289288643942918,1.5551484998861085,-0.021666666666745438,0.4859154929577465,0.5050301810865191,0.6891348088531187,0.11267605633802817,406,400,144,44,806,0.4084507042253521,0.4024144869215292,0.1448692152917505,0.04426559356136821,0.006036217303822937,0.860215528714338,tested,1.0
ES,LOWER_k0,20,3,1279,1019,0.7967161845191556,1013,0.5230618253189402,0.47105004906771347,0.052011776251226695,-0.03512629374214394,1.8323840004995744,1.8973665961011021,-0.01547619047624673,0.4879275653923541,0.5050301810865191,0.7354124748490946,0.1881287726358149,415,411,144,24,826,0.41750503018108653,0.4134808853118712,0.1448692152917505,0.02414486921529175,0.004024144869215292,0.9168734154552873,tested,1.0
ES,LOWER_k0,20,4,1279,1019,0.7967161845191556,1013,0.5230618253189402,0.47105004906771347,0.052011776251226695,0.1142116080734695,2.1174669162805713,2.182195338804216,-0.03273809523814936,0.4798792756539235,0.5120724346076458,0.7545271629778671,0.2414486921529175,419,419,145,11,838,0.4215291750503018,0.4215291750503018,0.14587525150905434,0.011066398390342052,0.0,1.0,tested,1.0
ES,LOWER_k0,20,5,1279,1019,0.7967161845191556,1013,0.5230618253189402,0.47105004906771347,0.052011776251226695,0.07287788934235676,2.244688977216489,2.402618428117081,-0.046886446886460875,0.48088531187122735,0.5140845070422535,0.7867203219315896,0.2977867203219316,422,421,145,6,843,0.4245472837022133,0.42354124748490946,0.14587525150905434,0.006036217303822937,0.001006036217303823,1.0,tested,1.0
ES,LOWER_k0,20,10,1279,1019,0.7967161845191556,1013,0.5230618253189402,0.47105004906771347,0.052011776251226695,0.11939653874647782,3.148588331105479,3.1394014349450137,-0.013333333333381808,0.4909456740442656,0.5050301810865191,0.8279678068410463,0.4396378269617706,424,423,145,2,847,0.42655935613682094,0.4255533199195171,0.14587525150905434,0.002012072434607646,0.001006036217303823,1.0,tested,1.0
ES,LOWER_k0,20,15,1279,1019,0.7967161845191556,1013,0.5230618253189402,0.47105004906771347,0.052011776251226695,-0.1665420518590402,3.6767740384988716,3.630903621375261,0.0,0.4969818913480885,0.49798792756539234,0.8490945674044266,0.53420523138833,424,423,145,2,847,0.42655935613682094,0.4255533199195171,0.14587525150905434,0.002012072434607646,0.001006036217303823,1.0,tested,1.0
ES,LOWER_k0,20,20,1279,1019,0.7967161845191556,1013,0.5230618253189402,0.47105004906771347,0.052011776251226695,0.16678143296737108,4.055984929325977,3.9668599535599345,0.0011976047904235232,0.5,0.4969818913480885,0.8682092555331992,0.5824949698189135,424,423,145,2,847,0.42655935613682094,0.4255533199195171,0.14587525150905434,0.002012072434607646,0.001006036217303823,1.0,tested,1.0
ES,LOWER_k0,20,30,1279,1019,0.7967161845191556,1013,0.5230618253189402,0.47105004906771347,0.052011776251226695,-0.04327853400640384,4.873599981142418,4.753146705679633,0.004634257155829476,0.5010060362173038,0.4959758551307847,0.8873239436619719,0.6488933601609658,425,424,145,0,849,0.4275653923541248,0.42655935613682094,0.14587525150905434,0.0,0.001006036217303823,1.0,tested,1.0
ES,LOWER_k0,20,60,1279,1019,0.7967161845191556,1013,0.5230618253189402,0.47105004906771347,0.052011776251226695,-0.3006372014764086,6.631747849033275,5.933836134490222,0.02540322580640957,0.5150905432595574,0.482897384305835,0.9114688128772636,0.7122736418511066,425,424,145,0,849,0.4275653923541248,0.42655935613682094,0.14587525150905434,0.0,0.001006036217303823,1.0,tested,1.0
ES,LOWER_k0,20,120,1279,1019,0.7967161845191556,1013,0.5230618253189402,0.47105004906771347,0.052011776251226695,-0.05142697177748244,8.711454494466935,7.497099437092694,0.06920541290770575,0.5231388329979879,0.4738430583501006,0.9305835010060363,0.7686116700201208,425,424,145,0,849,0.4275653923541248,0.42655935613682094,0.14587525150905434,0.0,0.001006036217303823,1.0,tested,1.0
ES,LOWER_k0,30,1,1279,1048,0.8193901485535575,1040,0.5248091603053435,0.4675572519083969,0.05725190839694656,0.10154492724048209,1.0454730126395992,1.0925615808501234,-0.008333333333212066,0.49412915851272016,0.5,0.6076320939334638,0.0,379,384,146,113,763,0.37084148727984345,0.37573385518590996,0.14285714285714285,0.11056751467710371,-0.004892367906066536,0.8848733545426452,tested,1.0
ES,LOWER_k0,30,2,1279,1048,0.8193901485535575,1040,0.5248091603053435,0.4675572519083969,0.05725190839694656,-0.05086307785971447,1.467400506718062,1.5480301808863528,-0.01547619047624673,0.487279843444227,0.5039138943248532,0.6917808219178082,0.11839530332681017,415,413,148,46,828,0.4060665362035225,0.4041095890410959,0.14481409001956946,0.04500978473581213,0.0019569471624266144,0.9722799655570655,tested,1.0
ES,LOWER_k0,30,3,1279,1048,0.8193901485535575,1040,0.5248091603053435,0.4675572519083969,0.05725190839694656,-0.0567543994727545,1.7991496508426557,1.8904936490485085,-0.01920289855075497,0.4863013698630137,0.5068493150684932,0.7367906066536204,0.19275929549902152,425,424,148,25,849,0.4158512720156556,0.41487279843444225,0.14481409001956946,0.02446183953033268,0.0009784735812133072,1.0,tested,1.0
ES,LOWER_k0,30,4,1279,1048,0.8193901485535575,1040,0.5248091603053435,0.4675572519083969,0.05725190839694656,0.04932896968333293,2.0845208850921284,2.1691458639434584,-0.04653679653679654,0.4774951076320939,0.5146771037181996,0.7553816046966731,0.2465753424657534,429,432,149,12,861,0.4197651663405088,0.4227005870841487,0.14579256360078277,0.011741682974559686,-0.0029354207436399216,0.9456636491111161,tested,1.0
ES,LOWER_k0,30,5,1279,1048,0.8193901485535575,1040,0.5248091603053435,0.4675572519083969,0.05725190839694656,0.007962294915517644,2.225889712769413,2.3918088089832246,-0.05548245614038117,0.47847358121330724,0.5166340508806262,0.786692759295499,0.30234833659491195,433,434,149,6,867,0.42367906066536204,0.4246575342465753,0.14579256360078277,0.005870841487279843,-0.0009784735812133072,1.0,tested,1.0
ES,LOWER_k0,30,10,1279,1048,0.8193901485535575,1040,0.5248091603053435,0.4675572519083969,0.05725190839694656,0.10877214549957265,3.107496382332355,3.1381186979043747,-0.015833333333345467,0.487279843444227,0.5078277886497065,0.8307240704500979,0.4432485322896282,435,436,149,2,871,0.42563600782778865,0.42661448140900193,0.14579256360078277,0.0019569471624266144,-0.0009784735812133072,1.0,tested,1.0
ES,LOWER_k0,30,15,1279,1048,0.8193901485535575,1040,0.5248091603053435,0.4675572519083969,0.05725190839694656,-0.17641416266111826,3.673220677180616,3.636671674415243,0.0,0.49510763209393344,0.49902152641878667,0.8512720156555773,0.5371819960861057,435,436,149,2,871,0.42563600782778865,0.42661448140900193,0.14579256360078277,0.0019569471624266144,-0.0009784735812133072,1.0,tested,1.0
ES,LOWER_k0,30,20,1279,1048,0.8193901485535575,1040,0.5248091603053435,0.4675572519083969,0.05725190839694656,0.12287092276596691,4.039777027684365,3.978376210518694,-0.00256410256409635,0.49706457925636005,0.5,0.8698630136986302,0.586105675146771,435,436,149,2,871,0.42563600782778865,0.42661448140900193,0.14579256360078277,0.0019569471624266144,-0.0009784735812133072,1.0,tested,1.0
ES,LOWER_k0,30,30,1279,1048,0.8193901485535575,1040,0.5248091603053435,0.4675572519083969,0.05725190839694656,-0.13361110295714046,4.826342264140997,4.768012401433331,-0.00256410256409635,0.49706457925636005,0.5,0.8894324853228963,0.6516634050880626,436,437,149,0,873,0.42661448140900193,0.42759295499021527,0.14579256360078277,0.0,-0.0009784735812133072,1.0,tested,1.0
ES,LOWER_k0,30,60,1279,1048,0.8193901485535575,1040,0.5248091603053435,0.4675572519083969,0.05725190839694656,-0.4408105080283269,6.456895762143903,5.967788232048894,0.017439209726436013,0.5117416829745597,0.4863013698630137,0.9129158512720157,0.7172211350293543,436,437,149,0,873,0.42661448140900193,0.42759295499021527,0.14579256360078277,0.0,-0.0009784735812133072,1.0,tested,1.0
ES,LOWER_k0,30,120,1279,1048,0.8193901485535575,1040,0.5248091603053435,0.4675572519083969,0.05725190839694656,-0.35025081066344455,8.565060194641699,7.537156496337486,0.05721754944305085,0.5166340508806262,0.48043052837573386,0.9315068493150684,0.7729941291585127,436,437,149,0,873,0.42661448140900193,0.42759295499021527,0.14579256360078277,0.0,-0.0009784735812133072,1.0,tested,1.0
ES,LOWER_k0,60,1,1279,1090,0.8522283033620016,1081,0.5211009174311927,0.4706422018348624,0.05045871559633028,0.09837387536759089,1.0391545812083758,1.0746542451008163,-0.02222222222230306,0.49200376293508935,0.5014111006585137,0.6067732831608654,0.0,393,400,150,120,793,0.36970837253057387,0.37629350893697083,0.14111006585136407,0.11288805268109126,-0.00658513640639699,0.8312919936788656,tested,1.0
ES,LOWER_k0,60,2,1279,1090,0.8522283033620016,1081,0.5211009174311927,0.4706422018348624,0.05045871559633028,-0.050944303039329175,1.43953202406675,1.5047809915778343,-0.014285714285766192,0.48824082784571965,0.5032925682031985,0.6895578551269991,0.1147695202257761,430,431,152,50,861,0.4045155221072437,0.40545625587958606,0.14299153339604892,0.047036688617121354,-0.0009407337723424271,1.0,tested,1.0
ES,LOWER_k0,60,3,1279,1090,0.8522283033620016,1081,0.5211009174311927,0.4706422018348624,0.05045871559633028,-0.05894831189210415,1.7941704542903825,1.8624855594116208,-0.021739130434782605,0.4863593603010348,0.5070555032925682,0.7328316086547507,0.18814675446848542,441,443,152,27,884,0.41486359360301034,0.4167450611476952,0.14299153339604892,0.02539981185324553,-0.0018814675446848542,0.973171826384409,tested,1.0
ES,LOWER_k0,60,4,1279,1090,0.8522283033620016,1081,0.5211009174311927,0.4706422018348624,0.05045871559633028,0.04290094168616018,2.0641873861685602,2.1487585281819808,-0.047619047619047596,0.47695202257761055,0.51552210724365,0.7525870178739417,0.24176857949200375,446,451,153,13,897,0.4195672624647225,0.4242709313264346,0.14393226716839136,0.012229539040451553,-0.004703668861712135,0.8937632428014666,tested,1.0
ES,LOWER_k0,60,5,1279,1090,0.8522283033620016,1081,0.5211009174311927,0.4706422018348624,0.05045871559633028,0.01592458983103529,2.2135943621178717,2.3401598131567853,-0.05263157894736842,0.47883349012229537,0.5164628410159925,0.7836312323612418,0.29633113828786456,450,454,153,6,904,0.4233301975540922,0.4270931326434619,0.14393226716839136,0.005644402634054563,-0.0037629350893697085,0.9205274060628363,tested,1.0
ES,LOWER_k0,60,10,1279,1090,0.8522283033620016,1081,0.5211009174311927,0.4706422018348624,0.05045871559633028,0.1035098339017315,3.0651574298593522,3.098221442895004,-0.01666666666672734,0.4873000940733772,0.5079962370649106,0.8269049858889934,0.4374412041392286,452,456,153,2,908,0.42521166509877706,0.42897460018814676,0.14393226716839136,0.0018814675446848542,-0.0037629350893697085,0.9207020387132958,tested,1.0
ES,LOWER_k0,60,15,1279,1090,0.8522283033620016,1081,0.5211009174311927,0.4706422018348624,0.05045871559633028,-0.17912574962294542,3.6335851684624094,3.6035046692962434,0.0,0.49576669802445905,0.49858889934148637,0.8494825964252116,0.5333960489181562,452,456,153,2,908,0.42521166509877706,0.42897460018814676,0.14393226716839136,0.0018814675446848542,-0.0037629350893697085,0.9207020387132958,tested,1.0
ES,LOWER_k0,60,20,1279,1090,0.8522283033620016,1081,0.5211009174311927,0.4706422018348624,0.05045871559633028,0.11831867424931143,4.0373076485735115,3.9636773651542914,-0.00799999999988358,0.49576669802445905,0.5014111006585137,0.8673565380997178,0.5841956726246472,452,456,153,2,908,0.42521166509877706,0.42897460018814676,0.14393226716839136,0.0018814675446848542,-0.0037629350893697085,0.9207020387132958,tested,1.0
ES,LOWER_k0,60,30,1279,1090,0.8522283033620016,1081,0.5211009174311927,0.4706422018348624,0.05045871559633028,-0.11624763874381643,4.817877156850986,4.758783651404678,0.0,0.49764816556914393,0.4995296331138288,0.8871119473189087,0.6481655691439323,453,457,153,0,910,0.4261523988711195,0.4299153339604892,0.14393226716839136,0.0,-0.0037629350893697085,0.9207889244395,tested,1.0
ES,LOWER_k0,60,60,1279,1090,0.8522283033620016,1081,0.5211009174311927,0.4706422018348624,0.05045871559633028,-0.5722886237246015,6.4500267161421885,5.932095804881871,0.01785714285714285,0.5117591721542804,0.4863593603010348,0.9125117591721543,0.715898400752587,453,457,153,0,910,0.4261523988711195,0.4299153339604892,0.14393226716839136,0.0,-0.0037629350893697085,0.9207889244395,tested,1.0
ES,LOWER_k0,60,120,1279,1090,0.8522283033620016,1081,0.5211009174311927,0.4706422018348624,0.05045871559633028,-0.375185000493961,8.48581704428553,7.499442039331038,0.05660377358490565,0.51552210724365,0.4816556914393227,0.9313264346190028,0.7732831608654751,453,457,153,0,910,0.4261523988711195,0.4299153339604892,0.14393226716839136,0.0,-0.0037629350893697085,0.9207889244395,tested,1.0
ES,LOWER_k0,120,1,1279,1114,0.870992963252541,1104,0.5197486535008977,0.47127468581687615,0.04847396768402154,0.09476629229147662,1.0381848420529876,1.0654060736932585,-0.027619047619061494,0.48987108655616945,0.503683241252302,0.6077348066298343,0.0,401,407,151,127,808,0.3692449355432781,0.3747697974217311,0.13904235727440148,0.11694290976058933,-0.0055248618784530384,0.860386824437527,tested,1.0
ES,LOWER_k0,120,2,1279,1114,0.870992963252541,1104,0.5197486535008977,0.47127468581687615,0.04847396768402154,-0.06021207867528332,1.4299537557181465,1.4896533821133588,-0.01547619047624673,0.4880294659300184,0.503683241252302,0.6906077348066298,0.11602209944751381,438,440,153,55,878,0.40331491712707185,0.40515653775322286,0.1408839779005525,0.05064456721915286,-0.001841620626151013,0.9730803664658214,tested,1.0
ES,LOWER_k0,120,3,1279,1114,0.870992963252541,1104,0.5197486535008977,0.47127468581687615,0.04847396768402154,-0.06263774204717018,1.7788546502867029,1.8217936492152464,-0.02878787878792837,0.4852670349907919,0.5082872928176796,0.7338858195211786,0.18968692449355432,449,454,153,30,903,0.4134438305709024,0.4180478821362799,0.1408839779005525,0.027624309392265192,-0.004604051565377533,0.8941146279746547,tested,1.0
ES,LOWER_k0,120,4,1279,1114,0.870992963252541,1104,0.5197486535008977,0.47127468581687615,0.04847396768402154,0.030024095676721818,2.045183863628796,2.0875975956856774,-0.04625668449195727,0.47697974217311234,0.5156537753222836,0.7532228360957642,0.2430939226519337,454,462,154,16,916,0.4180478821362799,0.425414364640884,0.141804788213628,0.014732965009208104,-0.007366482504604052,0.8171077226967772,tested,1.0
ES,LOWER_k0,120,5,1279,1114,0.870992963252541,1104,0.5197486535008977,0.47127468581687615,0.04847396768402154,0.007962294915517644,2.2058135480065726,2.30655469069701,-0.04733893557420832,0.48158379373848986,0.5138121546961326,0.785451197053407,0.2974217311233886,458,465,154,9,923,0.42173112338858193,0.4281767955801105,0.141804788213628,0.008287292817679558,-0.006445672191528545,0.8434556534204094,tested,1.0
ES,LOWER_k0,120,10,1279,1114,0.870992963252541,1104,0.5197486535008977,0.47127468581687615,0.04847396768402154,0.10296407260078363,3.062212356979985,3.0605928689919786,-0.013333333333381808,0.49079189686924496,0.5046040515653776,0.8287292817679558,0.43830570902394106,462,467,154,3,929,0.425414364640884,0.4300184162062615,0.141804788213628,0.0027624309392265192,-0.004604051565377533,0.8955979878539023,tested,1.0
ES,LOWER_k0,120,15,1279,1114,0.870992963252541,1104,0.5197486535008977,0.47127468581687615,0.04847396768402154,-0.17589911442889333,3.630800577598223,3.5899724734444494,0.0,0.4990791896869245,0.4953959484346225,0.850828729281768,0.5322283609576427,462,467,154,3,929,0.425414364640884,0.4300184162062615,0.141804788213628,0.0027624309392265192,-0.004604051565377533,0.8955979878539023,tested,1.0
ES,LOWER_k0,120,20,1279,1114,0.870992963252541,1104,0.5197486535008977,0.47127468581687615,0.04847396768402154,0.09811091142426609,4.029925254491379,3.9285287704329708,0.0,0.498158379373849,0.4990791896869245,0.8683241252302025,0.5828729281767956,462,467,154,3,929,0.425414364640884,0.4300184162062615,0.141804788213628,0.0027624309392265192,-0.004604051565377533,0.8955979878539023,tested,1.0
ES,LOWER_k0,120,30,1279,1114,0.870992963252541,1104,0.5197486535008977,0.47127468581687615,0.04847396768402154,-0.16366042042775453,4.786060214099205,4.692190000631534,0.0,0.498158379373849,0.4990791896869245,0.8876611418047882,0.6482504604051565,464,468,154,0,932,0.427255985267035,0.430939226519337,0.141804788213628,0.0,-0.003683241252302026,0.9217261953685646,tested,1.0
ES,LOWER_k0,120,60,1279,1114,0.870992963252541,1104,0.5197486535008977,0.47127468581687615,0.04847396768402154,-0.6746025686153063,6.364252812774382,5.900033212508351,0.015535444947202532,0.509208103130755,0.4889502762430939,0.9134438305709024,0.7173112338858195,464,468,154,0,932,0.427255985267035,0.430939226519337,0.141804788213628,0.0,-0.003683241252302026,0.9217261953685646,tested,1.0
ES,LOWER_k0,120,120,1279,1114,0.870992963252541,1104,0.5197486535008977,0.47127468581687615,0.04847396768402154,-0.40392073976147935,8.3433042473956,7.497099437092694,0.04783882783882197,0.5138121546961326,0.48342541436464087,0.9318600368324125,0.7744014732965009,464,468,154,0,932,0.427255985267035,0.430939226519337,0.141804788213628,0.0,-0.003683241252302026,0.9217261953685646,tested,1.0
ES,LOWER_k1,1,1,1279,234,0.18295543393275998,234,0.5811965811965812,0.4188034188034188,0.1623931623931624,-0.07748534911434504,1.2815443223584275,1.7986753046099078,-0.08305096591710116,0.4652173913043478,0.5347826086956522,0.5956521739130435,0.0,72,95,58,5,167,0.3130434782608696,0.41304347826086957,0.25217391304347825,0.021739130434782608,-0.1,0.08837580839996563,tested,0.40518636888637416
ES,LOWER_k1,1,2,1279,234,0.18295543393275998,234,0.5811965811965812,0.4188034188034188,0.1623931623931624,-0.20494124234674782,2.1586870608376882,2.3386754787875415,-0.0500444227588393,0.47391304347826085,0.5260869565217391,0.6826086956521739,0.09130434782608696,77,95,58,0,172,0.3347826086956522,0.41304347826086957,0.25217391304347825,0.0,-0.0782608695652174,0.19474748306428263,tested,0.515384659061093
ES,LOWER_k1,1,3,1279,234,0.18295543393275998,234,0.5811965811965812,0.4188034188034188,0.1623931623931624,-0.2919116315220225,2.5560507870311397,2.5948445157311175,-0.0500444227588393,0.46956521739130436,0.5304347826086957,0.7,0.18695652173913044,77,95,58,0,172,0.3347826086956522,0.41304347826086957,0.25217391304347825,0.0,-0.0782608695652174,0.19474748306428263,tested,0.515384659061093
ES,LOWER_k1,1,4,1279,234,0.18295543393275998,234,0.5811965811965812,0.4188034188034188,0.1623931623931624,-0.31244215696681876,2.869222079448541,3.188624978605392,-0.04995212281542799,0.4782608695652174,0.5217391304347826,0.7304347826086957,0.23043478260869565,77,95,58,0,172,0.3347826086956522,0.41304347826086957,0.25217391304347825,0.0,-0.0782608695652174,0.19474748306428263,tested,0.515384659061093
ES,LOWER_k1,1,5,1279,234,0.18295543393275998,234,0.5811965811965812,0.4188034188034188,0.1623931623931624,-0.4516239887665833,3.048109902237589,3.443105384779672,-0.04995212281542799,0.48695652173913045,0.5130434782608696,0.7521739130434782,0.2826086956521739,77,95,58,0,172,0.3347826086956522,0.41304347826086957,0.25217391304347825,0.0,-0.0782608695652174,0.19474748306428263,tested,0.515384659061093
ES,LOWER_k1,1,10,1279,234,0.18295543393275998,234,0.5811965811965812,0.4188034188034188,0.1623931623931624,0.03405975347865091,3.6737659716618043,4.66085911370253,-0.152694142913872,0.46956521739130436,0.5304347826086957,0.7913043478260869,0.41739130434782606,77,95,58,0,172,0.3347826086956522,0.41304347826086957,0.25217391304347825,0.0,-0.0782608695652174,0.19474748306428263,tested,0.515384659061093
ES,LOWER_k1,1,15,1279,234,0.18295543393275998,234,0.5811965811965812,0.4188034188034188,0.1623931623931624,-1.1999669881060209,4.382224450193024,5.399099895400335,-0.0920544396296499,0.4608695652173913,0.5391304347826087,0.8217391304347826,0.5130434782608696,77,95,58,0,172,0.3347826086956522,0.41304347826086957,0.25217391304347825,0.0,-0.0782608695652174,0.19474748306428263,tested,0.515384659061093
ES,LOWER_k1,1,20,1279,234,0.18295543393275998,234,0.5811965811965812,0.4188034188034188,0.1623931623931624,-0.4575304568976628,5.377909211523495,5.830666765963625,-0.09264147490014417,0.4652173913043478,0.5347826086956522,0.8478260869565217,0.5434782608695652,77,95,58,0,172,0.3347826086956522,0.41304347826086957,0.25217391304347825,0.0,-0.0782608695652174,0.19474748306428263,tested,0.515384659061093
ES,LOWER_k1,1,30,1279,234,0.18295543393275998,234,0.5811965811965812,0.4188034188034188,0.1623931623931624,-0.7978213837987234,6.232901503913498,7.001562093310325,-0.08759984586813722,0.4652173913043478,0.5347826086956522,0.8652173913043478,0.6086956521739131,77,95,58,0,172,0.3347826086956522,0.41304347826086957,0.25217391304347825,0.0,-0.0782608695652174,0.19474748306428263,tested,0.515384659061093
ES,LOWER_k1,1,60,1279,234,0.18295543393275998,234,0.5811965811965812,0.4188034188034188,0.1623931623931624,-1.0037849796706055,8.199174921385747,8.653633816201868,-0.03786214150259236,0.49130434782608695,0.508695652173913,0.8782608695652174,0.6869565217391305,77,95,58,0,172,0.3347826086956522,0.41304347826086957,0.25217391304347825,0.0,-0.0782608695652174,0.19474748306428263,tested,0.515384659061093
ES,LOWER_k1,1,120,1279,234,0.18295543393275998,234,0.5811965811965812,0.4188034188034188,0.1623931623931624,-1.4969966915710868,11.052323785690273,11.357047755460322,0.013223802868861625,0.508695652173913,0.49130434782608695,0.908695652173913,0.7565217391304347,77,95,58,0,172,0.3347826086956522,0.41304347826086957,0.25217391304347825,0.0,-0.0782608695652174,0.19474748306428263,tested,0.515384659061093
ES,LOWER_k1,2,1,1279,404,0.3158717748240813,404,0.5420792079207921,0.45792079207920794,0.08415841584158416,0.03721402723301649,1.1956770692643555,1.444165832552029,-0.07795339086027263,0.4798994974874372,0.5201005025125628,0.6155778894472361,0.0,142,163,79,14,305,0.35678391959798994,0.40954773869346733,0.1984924623115578,0.035175879396984924,-0.052763819095477386,0.25208781288411747,tested,0.6040123833461033
ES,LOWER_k1,2,2,1279,404,0.3158717748240813,404,0.5420792079207921,0.45792079207920794,0.08415841584158416,0.10897052213664966,1.903469245084878,1.804283233880565,-0.006058338902686122,0.4949748743718593,0.5050251256281407,0.7085427135678392,0.09296482412060302,149,165,80,4,314,0.3743718592964824,0.41457286432160806,0.20100502512562815,0.010050251256281407,-0.04020100502512563,0.3973105177157907,tested,0.7769627901997684
ES,LOWER_k1,2,3,1279,404,0.3158717748240813,404,0.5420792079207921,0.45792079207920794,0.08415841584158416,0.11078438197756088,2.2558037612132056,2.1381954176015006,0.0005743257494384821,0.5,0.5,0.7311557788944724,0.17839195979899497,149,165,80,4,314,0.3743718592964824,0.41457286432160806,0.20100502512562815,0.010050251256281407,-0.04020100502512563,0.3973105177157907,tested,0.7769627901997684
ES,LOWER_k1,2,4,1279,404,0.3158717748240813,404,0.5420792079207921,0.45792079207920794,0.08415841584158416,0.12275084684395486,2.596153565253562,2.4716403083282747,0.004404983858280316,0.5025125628140703,0.49748743718592964,0.7688442211055276,0.23366834170854273,149,168,80,1,317,0.3743718592964824,0.4221105527638191,0.20100502512562815,0.002512562814070352,-0.04773869346733668,0.31202336649967266,tested,0.6772166340172269
ES,LOWER_k1,2,5,1279,404,0.3158717748240813,404,0.5420792079207921,0.45792079207920794,0.08415841584158416,0.04622874869433631,2.9056611238425196,2.7379634348675816,0.013255411974248156,0.5100502512562815,0.4899497487437186,0.7839195979899497,0.2889447236180904,150,168,80,0,318,0.3768844221105528,0.4221105527638191,0.20100502512562815,0.0,-0.04522613065326633,0.3404437523125402,tested,0.7056735593972996
ES,LOWER_k1,2,10,1279,404,0.3158717748240813,404,0.5420792079207921,0.45792079207920794,0.08415841584158416,0.3452921457212262,3.5913242964496908,3.7257258911575635,0.038263163019386946,0.507537688442211,0.49246231155778897,0.8266331658291457,0.4221105527638191,150,168,80,0,318,0.3768844221105528,0.4221105527638191,0.20100502512562815,0.0,-0.04522613065326633,0.3404437523125402,tested,0.7056735593972996
ES,LOWER_k1,2,15,1279,404,0.3158717748240813,404,0.5420792079207921,0.45792079207920794,0.08415841584158416,-0.08967323480736637,4.037160961227439,4.325405379466591,-0.005800529660213518,0.5,0.5,0.8542713567839196,0.5125628140703518,150,168,80,0,318,0.3768844221105528,0.4221105527638191,0.20100502512562815,0.0,-0.04522613065326633,0.3404437523125402,tested,0.7056735593972996
ES,LOWER_k1,2,20,1279,404,0.3158717748240813,404,0.5420792079207921,0.45792079207920794,0.08415841584158416,0.17625282867852354,5.129995697769084,4.721185105267471,0.007577276801466727,0.5025125628140703,0.49748743718592964,0.8793969849246231,0.5653266331658291,150,168,80,0,318,0.3768844221105528,0.4221105527638191,0.20100502512562815,0.0,-0.04522613065326633,0.3404437523125402,tested,0.7056735593972996
ES,LOWER_k1,2,30,1279,404,0.3158717748240813,404,0.5420792079207921,0.45792079207920794,0.08415841584158416,-0.08329252594904217,6.088472764852691,5.67164161023188,-0.006594844806918106,0.49748743718592964,0.5025125628140703,0.8994974874371859,0.6306532663316583,150,168,80,0,318,0.3768844221105528,0.4221105527638191,0.20100502512562815,0.0,-0.04522613065326633,0.3404437523125402,tested,0.7056735593972996
ES,LOWER_k1,2,60,1279,404,0.3158717748240813,404,0.5420792079207921,0.45792079207920794,0.08415841584158416,0.3106230723584109,7.966087505573508,7.001562093310325,0.0335978254724192,0.5226130653266332,0.47738693467336685,0.914572864321608,0.7185929648241206,150,168,80,0,318,0.3768844221105528,0.4221105527638191,0.20100502512562815,0.0,-0.04522613065326633,0.3404437523125402,tested,0.7056735593972996
ES,LOWER_k1,2,120,1279,404,0.3158717748240813,404,0.5420792079207921,0.45792079207920794,0.08415841584158416,-0.22452496656332968,10.547109205709015,9.333317558160221,0.08373121214712531,0.542713567839196,0.457286432160804,0.9346733668341709,0.7839195979899497,150,168,80,0,318,0.3768844221105528,0.4221105527638191,0.20100502512562815,0.0,-0.04522613065326633,0.3404437523125402,tested,0.7056735593972996
ES,LOWER_k1,3,1,1279,513,0.40109460516028145,513,0.5458089668615984,0.45419103313840153,0.09161793372319688,-0.032736072438324396,1.125946441394966,1.381385035697528,-0.0854996671103436,0.4693069306930693,0.5306930693069307,0.601980198019802,0.0,176,211,91,27,387,0.3485148514851485,0.4178217821782178,0.1801980198019802,0.053465346534653464,-0.06930693069306931,0.08379877263788546,tested,0.40518636888637416
ES,LOWER_k1,3,2,1279,513,0.40109460516028145,513,0.5458089668615984,0.45419103313840153,0.09161793372319688,0.0630215702614582,1.6575119747454166,1.7592050130339196,-0.04433105395188855,0.48316831683168315,0.5168316831683168,0.697029702970297,0.09306930693069307,190,217,92,6,407,0.37623762376237624,0.4297029702970297,0.18217821782178217,0.011881188118811881,-0.053465346534653464,0.19741685328290343,tested,0.515384659061093
ES,LOWER_k1,3,3,1279,513,0.40109460516028145,513,0.5458089668615984,0.45419103313840153,0.09161793372319688,0.10468954147798196,2.058849987466138,2.1057932335127685,-0.011143787316759742,0.4871287128712871,0.5128712871287129,0.7247524752475247,0.17425742574257425,191,217,92,5,408,0.3782178217821782,0.4297029702970297,0.18217821782178217,0.009900990099009901,-0.05148514851485148,0.21578344302809743,tested,0.5468020231706763
ES,LOWER_k1,3,4,1279,513,0.40109460516028145,513,0.5458089668615984,0.45419103313840153,0.09161793372319688,0.16593920336424597,2.3853008741810826,2.3257571249483,-0.009861050777180934,0.49306930693069306,0.5069306930693069,0.7663366336633664,0.22772277227722773,191,220,92,2,411,0.3782178217821782,0.43564356435643564,0.18217821782178217,0.0039603960396039604,-0.05742574257425743,0.16715849423814116,tested,0.5032995771567862
ES,LOWER_k1,3,5,1279,513,0.40109460516028145,513,0.5458089668615984,0.45419103313840153,0.09161793372319688,0.06119993549761102,2.740630357329061,2.5508856898214436,0.0039550871364413985,0.500990099009901,0.499009900990099,0.7782178217821782,0.27524752475247527,192,220,92,1,412,0.3801980198019802,0.43564356435643564,0.18217821782178217,0.0019801980198019802,-0.055445544554455446,0.1833861625130354,tested,0.513057240787914
ES,LOWER_k1,3,10,1279,513,0.40109460516028145,513,0.5458089668615984,0.45419103313840153,0.09161793372319688,0.3582976763937778,3.36101398791397,3.491642079990508,0.006673613886194197,0.502970297029703,0.497029702970297,0.8237623762376237,0.4178217821782178,193,220,92,0,413,0.3821782178217822,0.43564356435643564,0.18217821782178217,0.0,-0.053465346534653464,0.20070688616396065,tested,0.515384659061093
ES,LOWER_k1,3,15,1279,513,0.40109460516028145,513,0.5458089668615984,0.45419103313840153,0.09161793372319688,0.06167629224767836,3.952569797413238,4.042426041871648,-0.020951070900438303,0.49504950495049505,0.504950495049505,0.8594059405940594,0.5069306930693069,193,220,92,0,413,0.3821782178217822,0.43564356435643564,0.18217821782178217,0.0,-0.053465346534653464,0.20070688616396065,tested,0.515384659061093
ES,LOWER_k1,3,20,1279,513,0.40109460516028145,513,0.5458089668615984,0.45419103313840153,0.09161793372319688,0.1783299785974112,4.788556428365407,4.567535885730106,-0.007983434810739754,0.497029702970297,0.502970297029703,0.8811881188118812,0.5623762376237624,193,220,92,0,413,0.3821782178217822,0.43564356435643564,0.18217821782178217,0.0,-0.053465346534653464,0.20070688616396065,tested,0.515384659061093
ES,LOWER_k1,3,30,1279,513,0.40109460516028145,513,0.5458089668615984,0.45419103313840153,0.09161793372319688,0.1471200793875716,5.998911227063142,5.338263024365654,-0.004889354556116086,0.497029702970297,0.502970297029703,0.899009900990099,0.6336633663366337,193,220,92,0,413,0.3821782178217822,0.43564356435643564,0.18217821782178217,0.0,-0.053465346534653464,0.20070688616396065,tested,0.515384659061093
ES,LOWER_k1,3,60,1279,513,0.40109460516028145,513,0.5458089668615984,0.45419103313840153,0.09161793372319688,0.37731350142324743,7.87940031758893,6.392267293723658,0.03926023649146373,0.5247524752475248,0.4752475247524752,0.9148514851485149,0.7207920792079208,193,220,92,0,413,0.3821782178217822,0.43564356435643564,0.18217821782178217,0.0,-0.053465346534653464,0.20070688616396065,tested,0.515384659061093
ES,LOWER_k1,3,120,1279,513,0.40109460516028145,513,0.5458089668615984,0.45419103313840153,0.09161793372319688,0.2911036870491301,10.125899674379394,8.6672756937788,0.08135796407931102,0.5425742574257426,0.45742574257425744,0.9346534653465347,0.7841584158415842,193,220,92,0,413,0.3821782178217822,0.43564356435643564,0.18217821782178217,0.0,-0.053465346534653464,0.20070688616396065,tested,0.515384659061093
ES,LOWER_k1,4,1,1279,576,0.4503518373729476,576,0.5364583333333334,0.4635416666666667,0.07291666666666667,0.03581195394766617,1.1401712148905772,1.3528394496562193,-0.07409709974418323,0.48148148148148145,0.5185185185185185,0.6031746031746031,0.0,203,232,100,32,435,0.35802469135802467,0.4091710758377425,0.1763668430335097,0.0564373897707231,-0.05114638447971781,0.17936810554770447,tested,0.5047335063086568
ES,LOWER_k1,4,2,1279,576,0.4503518373729476,576,0.5364583333333334,0.4635416666666667,0.07291666666666667,0.10616251320419824,1.6522388224504025,1.7050239879106108,-0.034603699182753196,0.49029982363315694,0.5097001763668431,0.6966490299823633,0.09347442680776014,218,240,101,8,458,0.3844797178130511,0.42328042328042326,0.1781305114638448,0.014109347442680775,-0.03880070546737213,0.32646532316448906,tested,0.6988505778006731
ES,LOWER_k1,4,3,1279,576,0.4503518373729476,576,0.5364583333333334,0.4635416666666667,0.07291666666666667,0.1679183464758418,1.9955929283221268,2.0355675320068665,-0.0037146544885391652,0.49382716049382713,0.5061728395061729,0.7231040564373897,0.1728395061728395,219,241,101,6,460,0.3862433862433862,0.42504409171075835,0.1781305114638448,0.010582010582010581,-0.03880070546737213,0.32751959747782433,tested,0.6988505778006731
ES,LOWER_k1,4,4,1279,576,0.4503518373729476,576,0.5364583333333334,0.4635416666666667,0.07291666666666667,0.11059429546502896,2.364156946851594,2.1679905752050916,-0.0006818957155255147,0.4991181657848324,0.5008818342151675,0.7601410934744268,0.2310405643738977,219,244,101,3,463,0.3862433862433862,0.43033509700176364,0.1781305114638448,0.005291005291005291,-0.04409171075837742,0.2646691633766848,tested,0.6294834155986017
ES,LOWER_k1,4,5,1279,576,0.4503518373729476,576,0.5364583333333334,0.4635416666666667,0.07291666666666667,0.10357036711988582,2.68032739981702,2.4352567256229016,0.006583780424307411,0.5044091710758377,0.49559082892416223,0.7707231040564374,0.2768959435626102,220,244,101,2,464,0.3880070546737213,0.43033509700176364,0.1781305114638448,0.003527336860670194,-0.042328042328042326,0.2856222203644532,tested,0.6599102089976455
ES,LOWER_k1,4,10,1279,576,0.4503518373729476,576,0.5364583333333334,0.4635416666666667,0.07291666666666667,0.20049009599770426,3.3417822332970126,3.4260232381816795,0.006673613886194197,0.5026455026455027,0.4973544973544973,0.8165784832451499,0.42504409171075835,222,244,101,0,466,0.3915343915343915,0.43033509700176364,0.1781305114638448,0.0,-0.03880070546737213,0.33065450891808706,tested,0.6988505778006731
ES,LOWER_k1,4,15,1279,576,0.4503518373729476,576,0.5364583333333334,0.4635416666666667,0.07291666666666667,0.11157240895039697,3.9294020910369456,3.986428364064232,-0.020540784616648114,0.4973544973544973,0.5026455026455027,0.8536155202821869,0.5114638447971781,222,244,101,0,466,0.3915343915343915,0.43033509700176364,0.1781305114638448,0.0,-0.03880070546737213,0.33065450891808706,tested,0.6988505778006731
ES,LOWER_k1,4,20,1279,576,0.4503518373729476,576,0.5364583333333334,0.4635416666666667,0.07291666666666667,0.17260393995579115,4.692099788302972,4.517811819867615,-0.006019463333905143,0.4991181657848324,0.5008818342151675,0.873015873015873,0.5661375661375662,222,244,101,0,466,0.3915343915343915,0.43033509700176364,0.1781305114638448,0.0,-0.03880070546737213,0.33065450891808706,tested,0.6988505778006731
ES,LOWER_k1,4,30,1279,576,0.4503518373729476,576,0.5364583333333334,0.4635416666666667,0.07291666666666667,0.005259865173431564,5.929023281557244,5.166190448976413,-0.004889354556116086,0.4973544973544973,0.5026455026455027,0.892416225749559,0.63668430335097,222,244,101,0,466,0.3915343915343915,0.43033509700176364,0.1781305114638448,0.0,-0.03880070546737213,0.33065450891808706,tested,0.6988505778006731
ES,LOWER_k1,4,60,1279,576,0.4503518373729476,576,0.5364583333333334,0.4635416666666667,0.07291666666666667,0.4216373066219478,7.8419006961621465,6.345224838248224,0.045483113738713825,0.527336860670194,0.47266313932980597,0.9065255731922398,0.7213403880070547,222,244,101,0,466,0.3915343915343915,0.43033509700176364,0.1781305114638448,0.0,-0.03880070546737213,0.33065450891808706,tested,0.6988505778006731
ES,LOWER_k1,4,120,1279,576,0.4503518373729476,576,0.5364583333333334,0.4635416666666667,0.07291666666666667,0.2323757543865204,9.94117795303611,8.37030722367977,0.08135796407931102,0.544973544973545,0.455026455026455,0.9294532627865961,0.783068783068783,222,244,101,0,466,0.3915343915343915,0.43033509700176364,0.1781305114638448,0.0,-0.03880070546737213,0.33065450891808706,tested,0.6988505778006731
ES,LOWER_k1,5,1,1279,633,0.4949179046129789,633,0.5244865718799369,0.4755134281200632,0.04897314375987362,0.03721402723301649,1.143525278443541,1.2910807241683808,-0.05476141444134035,0.4855305466237942,0.5144694533762058,0.6028938906752411,0.0,226,248,111,37,474,0.3633440514469453,0.3987138263665595,0.17845659163987138,0.0594855305466238,-0.03536977491961415,0.334770422479987,tested,0.7044734107839726
ES,LOWER_k1,5,2,1279,633,0.4949179046129789,633,0.5244865718799369,0.4755134281200632,0.04897314375987362,0.0649758544999619,1.6437842112026657,1.6810723505880825,-0.04770868195588959,0.48231511254019294,0.5176848874598071,0.6993569131832797,0.09646302250803858,242,259,112,9,501,0.3890675241157556,0.41639871382636656,0.18006430868167203,0.014469453376205787,-0.027331189710610933,0.47475192113906645,tested,0.8974878169102593
ES,LOWER_k1,5,3,1279,633,0.4949179046129789,633,0.5244865718799369,0.4755134281200632,0.04897314375987362,0.004437163301517206,1.9472246086587912,2.0177345959756874,-0.027433414969776845,0.48392282958199356,0.5160771704180064,0.729903536977492,0.18006430868167203,243,260,112,7,503,0.39067524115755625,0.4180064308681672,0.18006430868167203,0.011254019292604502,-0.027331189710610933,0.47563145668901136,tested,0.8974878169102593
ES,LOWER_k1,5,4,1279,633,0.4949179046129789,633,0.5244865718799369,0.4755134281200632,0.04897314375987362,0.035935730992391855,2.2893927750191967,2.1620012642938438,-0.019772681445297036,0.4871382636655949,0.5128617363344051,0.7668810289389068,0.2395498392282958,243,263,112,4,506,0.39067524115755625,0.4228295819935691,0.18006430868167203,0.006430868167202572,-0.03215434083601286,0.39832707321863664,tested,0.7773802557976619
ES,LOWER_k1,5,5,1279,633,0.4949179046129789,633,0.5244865718799369,0.4755134281200632,0.04897314375987362,0.0022254585059046255,2.53374383111065,2.4595333682325276,-0.019999820357325275,0.49356913183279744,0.5064308681672026,0.7765273311897106,0.28938906752411575,245,263,112,2,508,0.39389067524115756,0.4228295819935691,0.18006430868167203,0.003215434083601286,-0.028938906752411574,0.45072953278011985,tested,0.8588704482896772
ES,LOWER_k1,5,10,1279,633,0.4949179046129789,633,0.5244865718799369,0.4755134281200632,0.04897314375987362,0.12328520799041637,3.2564450402601244,3.4265037832898884,-0.03809778306787306,0.49517684887459806,0.5048231511254019,0.8231511254019293,0.4405144694533762,247,263,112,0,510,0.3971061093247588,0.4228295819935691,0.18006430868167203,0.0,-0.02572347266881029,0.5065941807150826,tested,0.9376351184172083
ES,LOWER_k1,5,15,1279,633,0.4949179046129789,633,0.5244865718799369,0.4755134281200632,0.04897314375987362,-0.032800057878692654,3.8485430885002088,4.03138215991344,-0.04580948262854073,0.48392282958199356,0.5160771704180064,0.8585209003215434,0.5257234726688103,247,263,112,0,510,0.3971061093247588,0.4228295819935691,0.18006430868167203,0.0,-0.02572347266881029,0.5065941807150826,tested,0.9376351184172083
ES,LOWER_k1,5,20,1279,633,0.4949179046129789,633,0.5244865718799369,0.4755134281200632,0.04897314375987362,0.17338980935771353,4.553814339969671,4.518573086257016,-0.027753256223510898,0.4887459807073955,0.5112540192926045,0.8794212218649518,0.5771704180064309,247,263,112,0,510,0.3971061093247588,0.4228295819935691,0.18006430868167203,0.0,-0.02572347266881029,0.5065941807150826,tested,0.9376351184172083
ES,LOWER_k1,5,30,1279,633,0.4949179046129789,633,0.5244865718799369,0.4755134281200632,0.04897314375987362,-0.0013193443051944518,5.822553619808419,5.172411443039989,-0.00880703615000401,0.4919614147909968,0.5080385852090032,0.8971061093247589,0.6463022508038585,247,263,112,0,510,0.3971061093247588,0.4228295819935691,0.18006430868167203,0.0,-0.02572347266881029,0.5065941807150826,tested,0.9376351184172083
ES,LOWER_k1,5,60,1279,633,0.4949179046129789,633,0.5244865718799369,0.4755134281200632,0.04897314375987362,0.21284526951536709,7.460933460930859,6.390572363923345,0.0335978254724192,0.5160771704180064,0.48392282958199356,0.9115755627009646,0.72508038585209,247,263,112,0,510,0.3971061093247588,0.4228295819935691,0.18006430868167203,0.0,-0.02572347266881029,0.5065941807150826,tested,0.9376351184172083
ES,LOWER_k1,5,120,1279,633,0.4949179046129789,633,0.5244865718799369,0.4755134281200632,0.04897314375987362,0.25934029938254144,9.407718836557132,8.405882065344537,0.06909250352699364,0.5337620578778135,0.4662379421221865,0.9340836012861736,0.7861736334405145,247,263,112,0,510,0.3971061093247588,0.4228295819935691,0.18006430868167203,0.0,-0.02572347266881029,0.5065941807150826,tested,0.9376351184172083
ES,LOWER_k1,10,1,1279,778,0.6082877247849883,778,0.5167095115681234,0.4832904884318766,0.033419023136246784,0.03249571694460441,1.0766755511888157,1.1860521018839711,-0.05742292881404866,0.4849279161205767,0.5150720838794234,0.6304062909567497,0.0,276,302,122,63,578,0.3617300131061599,0.39580602883355176,0.1598951507208388,0.08256880733944955,-0.03407601572739188,0.29839808201247153,tested,0.6626135392095774
ES,LOWER_k1,10,2,1279,778,0.6082877247849883,778,0.5167095115681234,0.4832904884318766,0.033419023136246784,0.052772378040021904,1.5416863479834995,1.6210590034080006,-0.053303604285412705,0.47706422018348627,0.5229357798165137,0.7142857142857143,0.10091743119266056,297,326,123,17,623,0.3892529488859764,0.4272608125819135,0.16120576671035386,0.022280471821756225,-0.03800786369593709,0.26193268155630806,tested,0.6260514462876696
ES,LOWER_k1,10,3,1279,778,0.6082877247849883,778,0.5167095115681234,0.4832904884318766,0.033419023136246784,-0.0802909907728644,1.7654711171647741,1.9128173643474884,-0.03936471902416087,0.48099606815203144,0.5190039318479686,0.744429882044561,0.1926605504587156,299,328,123,13,627,0.3918741808650065,0.42988204456094364,0.16120576671035386,0.01703800786369594,-0.03800786369593709,0.263460564258728,tested,0.6281522812868194
ES,LOWER_k1,10,4,1279,778,0.6082877247849883,778,0.5167095115681234,0.4832904884318766,0.033419023136246784,-0.167683634037504,2.1002756791414203,2.09847539774249,-0.04992858553502987,0.48099606815203144,0.5190039318479686,0.7798165137614679,0.25557011795543905,300,332,123,8,632,0.3931847968545216,0.4351245085190039,0.16120576671035386,0.010484927916120577,-0.04193971166448231,0.21750183173494309,tested,0.5497174232883156
ES,LOWER_k1,10,5,1279,778,0.6082877247849883,778,0.5167095115681234,0.4832904884318766,0.033419023136246784,-0.12773254419552385,2.333974297349081,2.3257571249483,-0.03179073101855467,0.49017038007863695,0.509829619921363,0.7942332896461337,0.3040629095674967,302,332,123,6,634,0.39580602883355176,0.4351245085190039,0.16120576671035386,0.007863695937090432,-0.039318479685452164,0.24940890074803487,tested,0.5990764663128977
ES,LOWER_k1,10,10,1279,778,0.6082877247849883,778,0.5167095115681234,0.4832904884318766,0.033419023136246784,-0.18085319095517335,3.07651525263725,3.3568596127137256,-0.052775174224256004,0.4849279161205767,0.5150720838794234,0.8374836173001311,0.4613368283093054,306,333,123,1,639,0.40104849279161203,0.436435124508519,0.16120576671035386,0.001310615989515072,-0.035386631716906945,0.30369042994725176,tested,0.6650957832328953
ES,LOWER_k1,10,15,1279,778,0.6082877247849883,778,0.5167095115681234,0.4832904884318766,0.033419023136246784,-0.20843049674650482,3.6536433373416832,3.9355525130028552,-0.06309277508858414,0.4744429882044561,0.5255570117955439,0.8702490170380078,0.5412844036697247,306,334,123,0,640,0.40104849279161203,0.43774574049803405,0.16120576671035386,0.0,-0.03669724770642202,0.28584190950533717,tested,0.6599102089976455
ES,LOWER_k1,10,20,1279,778,0.6082877247849883,778,0.5167095115681234,0.4832904884318766,0.033419023136246784,-0.022624351697372987,4.23349925255184,4.444915363323909,-0.04196841156064886,0.4796854521625164,0.5203145478374837,0.8872870249017037,0.5871559633027523,306,334,123,0,640,0.40104849279161203,0.43774574049803405,0.16120576671035386,0.0,-0.03669724770642202,0.28584190950533717,tested,0.6599102089976455
ES,LOWER_k1,10,30,1279,778,0.6082877247849883,778,0.5167095115681234,0.4832904884318766,0.033419023136246784,0.0436612384760528,5.228958960045366,5.15457858111832,-0.04329931618558478,0.4783748361730013,0.5216251638269986,0.9056356487549148,0.6513761467889908,306,334,123,0,640,0.40104849279161203,0.43774574049803405,0.16120576671035386,0.0,-0.03669724770642202,0.28584190950533717,tested,0.6599102089976455
ES,LOWER_k1,10,60,1279,778,0.6082877247849883,778,0.5167095115681234,0.4832904884318766,0.033419023136246784,0.08299230857187383,7.062129080534881,6.333493587336049,0.012420126351571562,0.5045871559633027,0.4954128440366973,0.9174311926605505,0.7313237221494102,306,334,123,0,640,0.40104849279161203,0.43774574049803405,0.16120576671035386,0.0,-0.03669724770642202,0.28584190950533717,tested,0.6599102089976455
ES,LOWER_k1,10,120,1279,778,0.6082877247849883,778,0.5167095115681234,0.4832904884318766,0.033419023136246784,-0.19719770464683645,9.148612215317897,8.271700102288344,0.0635937833753165,0.5307994757536042,0.4692005242463958,0.9397116644823067,0.7942332896461337,306,334,123,0,640,0.40104849279161203,0.43774574049803405,0.16120576671035386,0.0,-0.03669724770642202,0.28584190950533717,tested,0.6599102089976455
ES,LOWER_k1,15,1,1279,829,0.6481626270523847,829,0.5162846803377563,0.4837153196622437,0.032569360675512665,0.03882509442967337,1.0673259187233664,1.1738323254985474,-0.055371326585892736,0.48645320197044334,0.5135467980295566,0.6342364532019704,0.0,292,316,130,74,608,0.35960591133004927,0.3891625615763547,0.16009852216748768,0.09113300492610837,-0.029556650246305417,0.35094582221812964,tested,0.7243402044928561
ES,LOWER_k1,15,2,1279,829,0.6481626270523847,829,0.5162846803377563,0.4837153196622437,0.032569360675512665,0.0597884140522112,1.5267724487735943,1.6048473661491016,-0.053698078837524865,0.47783251231527096,0.5221674876847291,0.7142857142857143,0.09975369458128079,318,342,131,21,660,0.3916256157635468,0.4211822660098522,0.16133004926108374,0.02586206896551724,-0.029556650246305417,0.37065286746139325,tested,0.7459292634150284
ES,LOWER_k1,15,3,1279,829,0.6481626270523847,829,0.5162846803377563,0.4837153196622437,0.032569360675512665,-0.08490898698248905,1.714283732348209,1.886448957363059,-0.03852651290199578,0.4827586206896552,0.5172413793103449,0.7487684729064039,0.1958128078817734,321,344,131,16,665,0.39532019704433496,0.4236453201970443,0.16133004926108374,0.019704433497536946,-0.02832512315270936,0.3936071321142898,tested,0.7740425972905941
ES,LOWER_k1,15,4,1279,829,0.6481626270523847,829,0.5162846803377563,0.4837153196622437,0.032569360675512665,-0.19018511858031634,2.07420806454715,2.0534415974850617,-0.04634590549342947,0.4815270935960591,0.5184729064039408,0.7832512315270936,0.26108374384236455,322,349,131,10,671,0.39655172413793105,0.42980295566502463,0.16133004926108374,0.012315270935960592,-0.0332512315270936,0.31551380859573136,tested,0.6817351935729195
ES,LOWER_k1,15,5,1279,829,0.6481626270523847,829,0.5162846803377563,0.4837153196622437,0.032569360675512665,-0.13805125064697987,2.2922940307825614,2.2756142113155553,-0.037052112967319875,0.48645320197044334,0.5135467980295566,0.7967980295566502,0.3066502463054187,324,349,131,8,673,0.39901477832512317,0.42980295566502463,0.16133004926108374,0.009852216748768473,-0.03078817733990148,0.3549059505324399,tested,0.7259962478345895
ES,LOWER_k1,15,10,1279,829,0.6481626270523847,829,0.5162846803377563,0.4837153196622437,0.032569360675512665,-0.03903851227977088,3.0247580460236234,3.2504806607519536,-0.05793397465642007,0.4815270935960591,0.5184729064039408,0.8411330049261084,0.4605911330049261,328,352,131,1,680,0.4039408866995074,0.43349753694581283,0.16133004926108374,0.0012315270935960591,-0.029556650246305417,0.3777846410065542,tested,0.7587044242621254
ES,LOWER_k1,15,15,1279,829,0.6481626270523847,829,0.5162846803377563,0.4837153196622437,0.032569360675512665,-0.18053718003600178,3.5860699653962858,3.8631794780297524,-0.06106365228813694,0.47044334975369456,0.5295566502463054,0.8731527093596059,0.541871921182266,328,353,131,0,681,0.4039408866995074,0.43472906403940886,0.16133004926108374,0.0,-0.03078817733990148,0.3577481510507223,tested,0.7259962478345895
ES,LOWER_k1,15,20,1279,829,0.6481626270523847,829,0.5162846803377563,0.4837153196622437,0.032569360675512665,-0.18283923308214312,4.161678742668734,4.3909068880007,-0.05046261163909786,0.47413793103448276,0.5258620689655172,0.8903940886699507,0.5886699507389163,328,353,131,0,681,0.4039408866995074,0.43472906403940886,0.16133004926108374,0.0,-0.03078817733990148,0.3577481510507223,tested,0.7259962478345895
ES,LOWER_k1,15,30,1279,829,0.6481626270523847,829,0.5162846803377563,0.4837153196622437,0.032569360675512665,-0.019671173356467574,5.045910371034145,5.113183521827484,-0.05099707945193277,0.47167487684729065,0.5283251231527094,0.9076354679802956,0.6514778325123153,328,353,131,0,681,0.4039408866995074,0.43472906403940886,0.16133004926108374,0.0,-0.03078817733990148,0.3577481510507223,tested,0.7259962478345895
ES,LOWER_k1,15,60,1279,829,0.6481626270523847,829,0.5162846803377563,0.4837153196622437,0.032569360675512665,0.05029695978510847,6.786352647128613,6.2213860934069665,0.009412106819586347,0.5036945812807881,0.4963054187192118,0.9199507389162561,0.7327586206896551,328,353,131,0,681,0.4039408866995074,0.43472906403940886,0.16133004926108374,0.0,-0.03078817733990148,0.3577481510507223,tested,0.7259962478345895
ES,LOWER_k1,15,120,1279,829,0.6481626270523847,829,0.5162846803377563,0.4837153196622437,0.032569360675512665,-0.16352593943764815,9.04076036204594,8.202624693720825,0.05140712456207025,0.5270935960591133,0.4729064039408867,0.9408866995073891,0.7943349753694581,328,353,131,0,681,0.4039408866995074,0.43472906403940886,0.16133004926108374,0.0,-0.03078817733990148,0.3577481510507223,tested,0.7259962478345895
ES,LOWER_k1,20,1,1279,873,0.6825645035183737,873,0.5097365406643757,0.49026345933562426,0.019473081328751432,0.11108335220771286,1.0761363898773397,1.0842473095638514,-0.008587273347046214,0.49765807962529274,0.5023419203747073,0.6334894613583139,0.0,315,324,130,85,639,0.36885245901639346,0.3793911007025761,0.1522248243559719,0.09953161592505855,-0.01053864168618267,0.7516701710821693,tested,1.0
ES,LOWER_k1,20,2,1279,873,0.6825645035183737,873,0.5097365406643757,0.49026345933562426,0.019473081328751432,0.09550191495279176,1.531159560714943,1.5221533248059123,-0.0351837350245508,0.4882903981264637,0.5117096018735363,0.7107728337236534,0.09953161592505855,343,352,131,28,695,0.4016393442622951,0.41217798594847777,0.15339578454332553,0.03278688524590164,-0.01053864168618267,0.761566616117755,tested,1.0
ES,LOWER_k1,20,3,1279,873,0.6825645035183737,873,0.5097365406643757,0.49026345933562426,0.019473081328751432,-0.04884687524782928,1.7498678864577841,1.806090313926628,-0.005034607474354258,0.49414519906323184,0.5058548009367682,0.7435597189695551,0.19672131147540983,349,357,131,17,706,0.40866510538641687,0.4180327868852459,0.15339578454332553,0.01990632318501171,-0.00936768149882904,0.7922272825373325,tested,1.0
ES,LOWER_k1,20,4,1279,873,0.6825645035183737,873,0.5097365406643757,0.49026345933562426,0.019473081328751432,-0.13301762347411328,2.0904448019517092,1.960325315647276,-0.01036601747123821,0.4918032786885246,0.5081967213114754,0.7775175644028103,0.25995316159250587,350,362,131,11,712,0.4098360655737705,0.4238875878220141,0.15339578454332553,0.01288056206088993,-0.01405152224824356,0.680191165580854,tested,1.0
ES,LOWER_k1,20,5,1279,873,0.6825645035183737,873,0.5097365406643757,0.49026345933562426,0.019473081328751432,-0.10577935861130211,2.31682568531222,2.1626328499604606,-0.013288254487179081,0.49414519906323184,0.5058548009367682,0.7903981264637002,0.3044496487119438,352,362,131,9,714,0.41217798594847777,0.4238875878220141,0.15339578454332553,0.01053864168618267,-0.0117096018735363,0.7362815417611819,tested,1.0
ES,LOWER_k1,20,10,1279,873,0.6825645035183737,873,0.5097365406643757,0.49026345933562426,0.019473081328751432,-0.021663218956363122,3.0247580460236234,3.141194854801805,-0.03809778306787306,0.4859484777517564,0.5140515222482436,0.8395784543325527,0.4637002341920375,356,366,131,1,722,0.4168618266978923,0.42857142857142855,0.15339578454332553,0.00117096018735363,-0.0117096018735363,0.737692286125293,tested,1.0
ES,LOWER_k1,20,15,1279,873,0.6825645035183737,873,0.5097365406643757,0.49026345933562426,0.019473081328751432,-0.10560424602561264,3.5711954445646157,3.678974154822078,-0.049155491639116936,0.47540983606557374,0.5245901639344263,0.870023419203747,0.544496487119438,356,367,131,0,723,0.4168618266978923,0.4297423887587822,0.15339578454332553,0.0,-0.01288056206088993,0.7099918919747287,tested,1.0
ES,LOWER_k1,20,20,1279,873,0.6825645035183737,873,0.5097365406643757,0.49026345933562426,0.019473081328751432,-0.05497169021398756,4.113422528670343,4.2389887493990495,-0.040949627680695405,0.47892271662763464,0.5210772833723654,0.8899297423887588,0.5925058548009368,356,367,131,0,723,0.4168618266978923,0.4297423887587822,0.15339578454332553,0.0,-0.01288056206088993,0.7099918919747287,tested,1.0
ES,LOWER_k1,20,30,1279,873,0.6825645035183737,873,0.5097365406643757,0.49026345933562426,0.019473081328751432,-0.08329252594904217,5.0268703785505195,5.012888388575412,-0.04253906521221365,0.477751756440281,0.522248243559719,0.9098360655737705,0.6557377049180327,356,367,131,0,723,0.4168618266978923,0.4297423887587822,0.15339578454332553,0.0,-0.01288056206088993,0.7099918919747287,tested,1.0
ES,LOWER_k1,20,60,1279,873,0.6825645035183737,873,0.5097365406643757,0.49026345933562426,0.019473081328751432,0.012742257141683365,6.725543141818108,6.124081278044022,0.011860101646270244,0.5046838407494145,0.4953161592505855,0.9227166276346604,0.7365339578454333,356,367,131,0,723,0.4168618266978923,0.4297423887587822,0.15339578454332553,0.0,-0.01288056206088993,0.7099918919747287,tested,1.0
ES,LOWER_k1,20,120,1279,873,0.6825645035183737,873,0.5097365406643757,0.49026345933562426,0.019473081328751432,-0.24609219395909432,8.87884946270356,8.000688795436407,0.05430515214311733,0.5269320843091335,0.47306791569086654,0.9426229508196722,0.797423887587822,356,367,131,0,723,0.4168618266978923,0.4297423887587822,0.15339578454332553,0.0,-0.01288056206088993,0.7099918919747287,tested,1.0
ES,LOWER_k1,30,1,1279,923,0.7216575449569976,923,0.5037919826652221,0.4962080173347779,0.007583965330444204,0.055907811468471874,1.0369897230356164,1.079095391428188,-0.04544830403206826,0.4889380530973451,0.5110619469026548,0.6305309734513275,0.0,331,345,134,94,676,0.3661504424778761,0.38163716814159293,0.14823008849557523,0.10398230088495575,-0.015486725663716814,0.6171077220168164,tested,1.0
ES,LOWER_k1,30,2,1279,923,0.7216575449569976,923,0.5037919826652221,0.4962080173347779,0.007583965330444204,0.053034544724187616,1.4823928340939112,1.5310258594533948,-0.05125164571024928,0.48008849557522126,0.5199115044247787,0.7079646017699115,0.10176991150442478,359,376,136,33,735,0.3971238938053097,0.415929203539823,0.1504424778761062,0.03650442477876106,-0.018805309734513276,0.5551067482532726,tested,0.9874779767724203
ES,LOWER_k1,30,3,1279,923,0.7216575449569976,923,0.5037919826652221,0.4962080173347779,0.007583965330444204,-0.07588396910712462,1.6916042820551738,1.8166918436762542,-0.02010934918678128,0.48672566371681414,0.5132743362831859,0.7411504424778761,0.19579646017699115,365,381,136,22,746,0.40376106194690264,0.42146017699115046,0.1504424778761062,0.024336283185840708,-0.017699115044247787,0.5829052220489881,tested,0.9902956569849932
ES,LOWER_k1,30,4,1279,923,0.7216575449569976,923,0.5037919826652221,0.4962080173347779,0.007583965330444204,-0.1670017324436534,2.0272785516918814,1.9721018507184553,-0.04143178857246674,0.48451327433628316,0.5154867256637168,0.7754424778761062,0.26216814159292035,366,388,136,14,754,0.40486725663716816,0.42920353982300885,0.1504424778761062,0.015486725663716814,-0.024336283185840708,0.4444265944354353,tested,0.8565146674087866
ES,LOWER_k1,30,5,1279,923,0.7216575449569976,923,0.5037919826652221,0.4962080173347779,0.007583965330444204,-0.136354478604015,2.2501569644543977,2.170052364623702,-0.033782151998699814,0.48783185840707965,0.5121681415929203,0.7876106194690266,0.3064159292035398,368,389,136,11,757,0.40707964601769914,0.4303097345132743,0.1504424778761062,0.012168141592920354,-0.023230088495575223,0.46730285598344873,tested,0.8887016986089948
ES,LOWER_k1,30,10,1279,923,0.7216575449569976,923,0.5037919826652221,0.4962080173347779,0.007583965330444204,-0.0550756461147759,2.9662973268105652,3.1218500201245964,-0.054715121198936234,0.48008849557522126,0.5199115044247787,0.838495575221239,0.4657079646017699,373,394,136,1,767,0.41261061946902655,0.4358407079646018,0.1504424778761062,0.0011061946902654867,-0.023230088495575223,0.47022042400952735,tested,0.8907502356971085
ES,LOWER_k1,30,15,1279,923,0.7216575449569976,923,0.5037919826652221,0.4962080173347779,0.007583965330444204,-0.23984804695334386,3.5307894661482635,3.6556632257970856,-0.0575153751360631,0.47123893805309736,0.5287610619469026,0.8672566371681416,0.5464601769911505,373,395,136,0,768,0.41261061946902655,0.43694690265486724,0.1504424778761062,0.0,-0.024336283185840708,0.4486084053473707,tested,0.8565146674087866
ES,LOWER_k1,30,20,1279,923,0.7216575449569976,923,0.5037919826652221,0.4962080173347779,0.007583965330444204,-0.12227753052087487,4.072365852198093,4.239837670976668,-0.04930828974691974,0.4745575221238938,0.5254424778761062,0.8860619469026548,0.5951327433628318,373,395,136,0,768,0.41261061946902655,0.43694690265486724,0.1504424778761062,0.0,-0.024336283185840708,0.4486084053473707,tested,0.8565146674087866
ES,LOWER_k1,30,30,1279,923,0.7216575449569976,923,0.5037919826652221,0.4962080173347779,0.007583965330444204,-0.16996870796050034,4.864151408563442,5.0194772757442445,-0.05046261163909786,0.47345132743362833,0.5265486725663717,0.9059734513274337,0.6548672566371682,373,395,136,0,768,0.41261061946902655,0.43694690265486724,0.1504424778761062,0.0,-0.024336283185840708,0.4486084053473707,tested,0.8565146674087866
ES,LOWER_k1,30,60,1279,923,0.7216575449569976,923,0.5037919826652221,0.4962080173347779,0.007583965330444204,-0.07645291407199659,6.466905885501738,6.128492932848745,-0.005780126833555459,0.49889380530973454,0.5011061946902655,0.9192477876106194,0.7345132743362832,373,395,136,0,768,0.41261061946902655,0.43694690265486724,0.1504424778761062,0.0,-0.024336283185840708,0.4486084053473707,tested,0.8565146674087866
ES,LOWER_k1,30,120,1279,923,0.7216575449569976,923,0.5037919826652221,0.4962080173347779,0.007583965330444204,-0.5384373386034706,8.725267222252473,8.005928753645646,0.04057053995703889,0.5199115044247787,0.48008849557522126,0.9402654867256637,0.7953539823008849,373,395,136,0,768,0.41261061946902655,0.43694690265486724,0.1504424778761062,0.0,-0.024336283185840708,0.4486084053473707,tested,0.8565146674087866
ES,LOWER_k1,60,1,1279,991,0.7748240813135262,991,0.49747729566094856,0.5025227043390514,-0.005045408678102927,0.0952878693959085,1.042236810494459,1.0321499527547882,0.000714062960051101,0.5,0.5,0.6278350515463917,0.0,366,362,135,107,728,0.37731958762886597,0.3731958762886598,0.13917525773195877,0.11030927835051546,0.004123711340206186,0.9114777325165666,tested,1.0
ES,LOWER_k1,60,2,1279,991,0.7748240813135262,991,0.49747729566094856,0.5025227043390514,-0.005045408678102927,0.053193914058335234,1.4652565583011503,1.4408782577116008,-0.0351837350245508,0.4896907216494845,0.5103092783505154,0.7072164948453609,0.10206185567010309,397,395,137,41,792,0.4092783505154639,0.4072164948453608,0.14123711340206185,0.042268041237113405,0.002061855670103093,0.9716573546298459,tested,1.0
ES,LOWER_k1,60,3,1279,991,0.7748240813135262,991,0.49747729566094856,0.5025227043390514,-0.005045408678102927,-0.06156744066887401,1.6899000557699244,1.735680365132064,-0.003899046044738718,0.49587628865979383,0.5041237113402062,0.7391752577319588,0.1958762886597938,405,401,137,27,806,0.4175257731958763,0.4134020618556701,0.14123711340206185,0.027835051546391754,0.004123711340206186,0.9158523796055593,tested,1.0
ES,LOWER_k1,60,4,1279,991,0.7748240813135262,991,0.49747729566094856,0.5025227043390514,-0.005045408678102927,-0.13486184690341313,2.0006439243510625,1.8757571853096322,-0.011563094609156247,0.4917525773195876,0.5082474226804123,0.7731958762886598,0.25876288659793817,407,408,137,18,815,0.4195876288659794,0.42061855670103093,0.14123711340206185,0.018556701030927835,-0.0010309278350515464,1.0,tested,1.0
ES,LOWER_k1,60,5,1279,991,0.7748240813135262,991,0.49747729566094856,0.5025227043390514,-0.005045408678102927,-0.10942008261635276,2.2144800305731427,2.1052138666231626,-0.019999820357325275,0.49381443298969074,0.5061855670103093,0.7855670103092783,0.3061855670103093,409,412,137,12,821,0.4216494845360825,0.4247422680412371,0.14123711340206185,0.012371134020618556,-0.003092783505154639,0.9443580856096597,tested,1.0
ES,LOWER_k1,60,10,1279,991,0.7748240813135262,991,0.49747729566094856,0.5025227043390514,-0.005045408678102927,-0.03903851227977088,2.9538396046033135,3.030423413352496,-0.04043058734968645,0.48556701030927835,0.5144329896907216,0.8371134020618557,0.46288659793814435,415,417,137,1,832,0.42783505154639173,0.4298969072164949,0.14123711340206185,0.0010309278350515464,-0.002061855670103093,0.9723466403966304,tested,1.0
ES,LOWER_k1,60,15,1279,991,0.7748240813135262,991,0.49747729566094856,0.5025227043390514,-0.005045408678102927,-0.22107056964085026,3.498183961843582,3.5301571939048877,-0.048695075906446866,0.47525773195876286,0.5247422680412371,0.8680412371134021,0.545360824742268,415,418,137,0,833,0.42783505154639173,0.4309278350515464,0.14123711340206185,0.0,-0.003092783505154639,0.944759595804301,tested,1.0
ES,LOWER_k1,60,20,1279,991,0.7748240813135262,991,0.49747729566094856,0.5025227043390514,-0.005045408678102927,-0.0919912084106922,3.9988516176212405,4.110031711545532,-0.041699167708889054,0.47835051546391755,0.5216494845360825,0.8855670103092783,0.5948453608247423,415,418,137,0,833,0.42783505154639173,0.4309278350515464,0.14123711340206185,0.0,-0.003092783505154639,0.944759595804301,tested,1.0
ES,LOWER_k1,60,30,1279,991,0.7748240813135262,991,0.49747729566094856,0.5025227043390514,-0.005045408678102927,-0.19583415367866427,4.803552401215798,4.823135625736988,-0.04353513000988801,0.477319587628866,0.522680412371134,0.9051546391752577,0.6536082474226804,415,418,137,0,833,0.42783505154639173,0.4309278350515464,0.14123711340206185,0.0,-0.003092783505154639,0.944759595804301,tested,1.0
ES,LOWER_k1,60,60,1279,991,0.7748240813135262,991,0.49747729566094856,0.5025227043390514,-0.005045408678102927,-0.17026294836132957,6.466905885501738,6.04642700182397,-0.005780126833555459,0.49896907216494846,0.5010309278350515,0.9185567010309278,0.734020618556701,415,418,137,0,833,0.42783505154639173,0.4309278350515464,0.14123711340206185,0.0,-0.003092783505154639,0.944759595804301,tested,1.0
ES,LOWER_k1,60,120,1279,991,0.7748240813135262,991,0.49747729566094856,0.5025227043390514,-0.005045408678102927,-0.46432717103475607,8.615992679946949,7.892405178088534,0.0475385935435637,0.522680412371134,0.477319587628866,0.9412371134020618,0.797938144329897,415,418,137,0,833,0.42783505154639173,0.4309278350515464,0.14123711340206185,0.0,-0.003092783505154639,0.944759595804301,tested,1.0
ES,LOWER_k1,120,1,1279,1029,0.8045347928068803,1028,0.4936831875607386,0.5053449951409135,-0.011661807580174927,0.055907811468471874,1.042236810494459,1.007259858927914,0.0019782466996051615,0.5009940357852882,0.4990059642147117,0.6252485089463221,0.0,383,371,137,115,754,0.38071570576540753,0.3687872763419483,0.13618290258449303,0.1143141153081511,0.011928429423459244,0.6887447502160322,tested,1.0
ES,LOWER_k1,120,2,1279,1029,0.8045347928068803,1028,0.4936831875607386,0.5053449951409135,-0.011661807580174927,0.054925984625658765,1.473563114743204,1.4187408259465208,-0.009919923121612665,0.49304174950298213,0.5069582504970179,0.7017892644135189,0.09940357852882704,416,407,139,44,823,0.4135188866799205,0.40457256461232605,0.13817097415506957,0.0437375745526839,0.008946322067594433,0.7803703942445733,tested,1.0
ES,LOWER_k1,120,3,1279,1029,0.8045347928068803,1028,0.4936831875607386,0.5053449951409135,-0.011661807580174927,-0.05483247889517785,1.7106075252614557,1.6808352523233323,0.0005743257494384821,0.5,0.5,0.7345924453280318,0.1918489065606362,424,413,139,30,837,0.42147117296222664,0.4105367793240557,0.13817097415506957,0.02982107355864811,0.010934393638170975,0.7296281606007012,tested,1.0
ES,LOWER_k1,120,4,1279,1029,0.8045347928068803,1028,0.4936831875607386,0.5053449951409135,-0.011661807580174927,-0.12040134820241372,2.0272785516918814,1.842909218056068,-0.005756013690281292,0.4960238568588469,0.5039761431411531,0.7703777335984096,0.2544731610337972,426,421,139,20,847,0.4234592445328032,0.41848906560636184,0.13817097415506957,0.019880715705765408,0.004970178926441352,0.8906922340209869,tested,1.0
ES,LOWER_k1,120,5,1279,1029,0.8045347928068803,1028,0.4936831875607386,0.5053449951409135,-0.011661807580174927,-0.09784477439300121,2.2501569644543977,2.0866963436572394,-0.003745198467569262,0.49801192842942343,0.5019880715705766,0.7833001988071571,0.30119284294234594,428,425,139,14,853,0.4254473161033797,0.4224652087475149,0.13817097415506957,0.013916500994035786,0.002982107355864811,0.9454098878594986,tested,1.0
ES,LOWER_k1,120,10,1279,1029,0.8045347928068803,1028,0.4936831875607386,0.5053449951409135,-0.011661807580174927,-0.02784580679354784,2.947923234166839,2.9266681602125955,-0.020625078466289998,0.4900596421471173,0.5099403578528827,0.8349900596421471,0.46222664015904574,434,431,139,2,865,0.43141153081510936,0.4284294234592445,0.13817097415506957,0.0019880715705765406,0.002982107355864811,0.9457892098398384,tested,1.0
ES,LOWER_k1,120,15,1279,1029,0.8045347928068803,1028,0.4936831875607386,0.5053449951409135,-0.011661807580174927,-0.10803843296374907,3.485017509013243,3.4801784933850684,-0.03801613169931517,0.4801192842942346,0.5198807157057654,0.8648111332007953,0.5427435387673957,434,432,139,1,866,0.43141153081510936,0.4294234592445328,0.13817097415506957,0.0009940357852882703,0.0019880715705765406,0.9728946049199194,tested,1.0
ES,LOWER_k1,120,20,1279,1029,0.8045347928068803,1028,0.4936831875607386,0.5053449951409135,-0.011661807580174927,-0.07910986024983446,3.9129483057020935,3.9830315012077446,-0.037858967543332546,0.4821073558648111,0.5178926441351889,0.8817097415506958,0.5914512922465208,434,433,139,0,867,0.43141153081510936,0.4304174950298211,0.13817097415506957,0.0,0.0009940357852882703,1.0,tested,1.0
ES,LOWER_k1,120,30,1279,1029,0.8045347928068803,1028,0.4936831875607386,0.5053449951409135,-0.011661807580174927,-0.2411763278072983,4.730309451648572,4.707463183409262,-0.04112407287155204,0.4801192842942346,0.5198807157057654,0.9005964214711729,0.6481113320079522,434,433,139,0,867,0.43141153081510936,0.4304174950298211,0.13817097415506957,0.0,0.0009940357852882703,1.0,tested,1.0
ES,LOWER_k1,120,60,1279,1029,0.8045347928068803,1028,0.4936831875607386,0.5053449951409135,-0.011661807580174927,-0.3383992451447648,6.369147166481407,5.993550474850954,-0.007446226175799422,0.49801192842942343,0.5019880715705766,0.915506958250497,0.731610337972167,434,433,139,0,867,0.43141153081510936,0.4304174950298211,0.13817097415506957,0.0,0.0009940357852882703,1.0,tested,1.0
ES,LOWER_k1,120,120,1279,1029,0.8045347928068803,1028,0.4936831875607386,0.5053449951409135,-0.011661807580174927,-0.5318236776017217,8.555804528850034,7.80346746813415,0.04497459794698218,0.5218687872763419,0.47813121272365805,0.9383697813121272,0.7962226640159046,434,433,139,0,867,0.43141153081510936,0.4304174950298211,0.13817097415506957,0.0,0.0009940357852882703,1.0,tested,1.0
ES,LOWER_k2,1,1,1279,110,0.08600469116497264,110,0.6,0.4,0.2,-0.8741393131154465,1.4412360080584012,2.7431213221022226,-0.2699521014356934,0.42201834862385323,0.5779816513761468,0.5779816513761468,0.0,26,47,35,1,73,0.23853211009174313,0.43119266055045874,0.3211009174311927,0.009174311926605505,-0.1926605504587156,0.01861775143319464,tested,0.40518636888637416
ES,LOWER_k2,1,2,1279,110,0.08600469116497264,110,0.6,0.4,0.2,-1.0784510559851326,2.1399025475783704,3.575771205664228,-0.3,0.3853211009174312,0.6146788990825688,0.6605504587155964,0.10091743119266056,26,48,35,0,74,0.23853211009174313,0.44036697247706424,0.3211009174311927,0.0,-0.2018348623853211,0.014079981429530049,tested,0.40518636888637416
ES,LOWER_k2,1,3,1279,110,0.08600469116497264,110,0.6,0.4,0.2,-1.295335736582348,2.394488487517666,4.615682976248896,-0.26765872172493094,0.3944954128440367,0.6055045871559633,0.6788990825688074,0.1651376146788991,26,48,35,0,74,0.23853211009174313,0.44036697247706424,0.3211009174311927,0.0,-0.2018348623853211,0.014079981429530049,tested,0.40518636888637416
ES,LOWER_k2,1,4,1279,110,0.08600469116497264,110,0.6,0.4,0.2,-0.9794356752690235,2.476023079552996,4.935552513002805,-0.2788946459025586,0.41284403669724773,0.5871559633027523,0.7247706422018348,0.22935779816513763,26,48,35,0,74,0.23853211009174313,0.44036697247706424,0.3211009174311927,0.0,-0.2018348623853211,0.014079981429530049,tested,0.40518636888637416
ES,LOWER_k2,1,5,1279,110,0.08600469116497264,110,0.6,0.4,0.2,-1.5808374883708578,2.645668610878832,5.515650743991566,-0.26197520138149333,0.42201834862385323,0.5779816513761468,0.7522935779816514,0.27522935779816515,26,48,35,0,74,0.23853211009174313,0.44036697247706424,0.3211009174311927,0.0,-0.2018348623853211,0.014079981429530049,tested,0.40518636888637416
ES,LOWER_k2,1,10,1279,110,0.08600469116497264,110,0.6,0.4,0.2,-1.4838145987912161,3.3033008588988992,6.69969290508031,-0.2635128118756158,0.43119266055045874,0.5688073394495413,0.8073394495412844,0.4036697247706422,26,48,35,0,74,0.23853211009174313,0.44036697247706424,0.3211009174311927,0.0,-0.2018348623853211,0.014079981429530049,tested,0.40518636888637416
ES,LOWER_k2,1,15,1279,110,0.08600469116497264,110,0.6,0.4,0.2,-2.8187895319364724,4.803776246238964,8.310804780948228,-0.2194326214870671,0.3944954128440367,0.6055045871559633,0.8256880733944955,0.47706422018348627,26,48,35,0,74,0.23853211009174313,0.44036697247706424,0.3211009174311927,0.0,-0.2018348623853211,0.014079981429530049,tested,0.40518636888637416
ES,LOWER_k2,1,20,1279,110,0.08600469116497264,110,0.6,0.4,0.2,-1.7283927618725206,5.83013592679115,9.013189353120174,-0.1784702897655083,0.4036697247706422,0.5963302752293578,0.8440366972477065,0.5229357798165137,26,48,35,0,74,0.23853211009174313,0.44036697247706424,0.3211009174311927,0.0,-0.2018348623853211,0.014079981429530049,tested,0.40518636888637416
ES,LOWER_k2,1,30,1279,110,0.08600469116497264,110,0.6,0.4,0.2,-1.334851812775137,7.306516750067757,10.236877675803603,-0.1784702897655083,0.43119266055045874,0.5688073394495413,0.8623853211009175,0.5779816513761468,26,48,35,0,74,0.23853211009174313,0.44036697247706424,0.3211009174311927,0.0,-0.2018348623853211,0.014079981429530049,tested,0.40518636888637416
ES,LOWER_k2,1,60,1279,110,0.08600469116497264,110,0.6,0.4,0.2,1.7903970286174442,10.230667048319878,12.049467810719243,-0.008655726700453708,0.4954128440366973,0.5045871559633027,0.8899082568807339,0.6605504587155964,26,48,35,0,74,0.23853211009174313,0.44036697247706424,0.3211009174311927,0.0,-0.2018348623853211,0.014079981429530049,tested,0.40518636888637416
ES,LOWER_k2,1,120,1279,110,0.08600469116497264,110,0.6,0.4,0.2,2.435248422741424,13.294362636239287,12.71501324280931,0.1713434159873896,0.5688073394495413,0.43119266055045874,0.9174311926605505,0.7614678899082569,26,48,35,0,74,0.23853211009174313,0.44036697247706424,0.3211009174311927,0.0,-0.2018348623853211,0.014079981429530049,tested,0.40518636888637416
ES,LOWER_k2,2,1,1279,223,0.1743549648162627,223,0.5560538116591929,0.4439461883408072,0.11210762331838565,-0.04571876240495856,1.5532401753550513,1.50120031240021,0.015401205015627466,0.502262443438914,0.497737556561086,0.5746606334841629,0.0,77,84,56,4,161,0.34841628959276016,0.38009049773755654,0.25339366515837103,0.01809954751131222,-0.03167420814479638,0.6364457777116764,tested,1.0
ES,LOWER_k2,2,2,1279,223,0.1743549648162627,223,0.5560538116591929,0.4439461883408072,0.11210762331838565,-0.2350722224747479,2.055636745943056,2.386108475173743,-0.08765346245592007,0.45701357466063347,0.5429864253393665,0.6425339366515838,0.1085972850678733,78,86,56,1,164,0.35294117647058826,0.3891402714932127,0.25339366515837103,0.004524886877828055,-0.03619909502262444,0.5847834991169736,tested,0.9902956569849932
ES,LOWER_k2,2,3,1279,223,0.1743549648162627,223,0.5560538116591929,0.4439461883408072,0.11210762331838565,-0.26202763393483675,2.387271917824368,2.721839754778576,-0.07123443479703497,0.46153846153846156,0.5384615384615384,0.6606334841628959,0.19004524886877827,79,86,56,0,165,0.3574660633484163,0.3891402714932127,0.25339366515837103,0.0,-0.03167420814479638,0.6405622342031339,tested,1.0
ES,LOWER_k2,2,4,1279,223,0.1743549648162627,223,0.5560538116591929,0.4439461883408072,0.11210762331838565,-0.16835421015492938,2.5495718005828047,2.815117892033784,-0.07619219873467277,0.4796380090497738,0.5203619909502263,0.7013574660633484,0.2579185520361991,79,86,56,0,165,0.3574660633484163,0.3891402714932127,0.25339366515837103,0.0,-0.03167420814479638,0.6405622342031339,tested,1.0
ES,LOWER_k2,2,5,1279,223,0.1743549648162627,223,0.5560538116591929,0.4439461883408072,0.11210762331838565,-0.15639410893628028,2.796108795103075,3.104104894948291,-0.03308700045168476,0.48868778280542985,0.5113122171945701,0.7239819004524887,0.2986425339366516,79,86,56,0,165,0.3574660633484163,0.3891402714932127,0.25339366515837103,0.0,-0.03167420814479638,0.6405622342031339,tested,1.0
ES,LOWER_k2,2,10,1279,223,0.1743549648162627,223,0.5560538116591929,0.4439461883408072,0.11210762331838565,-0.08459909909032085,3.653554285255981,4.4412004136199394,-0.009430429865980324,0.49321266968325794,0.5067873303167421,0.7963800904977375,0.4434389140271493,79,86,56,0,165,0.3574660633484163,0.3891402714932127,0.25339366515837103,0.0,-0.03167420814479638,0.6405622342031339,tested,1.0
ES,LOWER_k2,2,15,1279,223,0.1743549648162627,223,0.5560538116591929,0.4439461883408072,0.11210762331838565,-0.8359473433899652,4.803776246238964,5.259072218306624,-0.05201514931161783,0.4796380090497738,0.5203619909502263,0.8190045248868778,0.5203619909502263,79,86,56,0,165,0.3574660633484163,0.3891402714932127,0.25339366515837103,0.0,-0.03167420814479638,0.6405622342031339,tested,1.0
ES,LOWER_k2,2,20,1279,223,0.1743549648162627,223,0.5560538116591929,0.4439461883408072,0.11210762331838565,0.19814548549901306,5.50197578765528,6.016858148464648,-0.05623301627308205,0.4841628959276018,0.5158371040723982,0.8416289592760181,0.5610859728506787,79,86,56,0,165,0.3574660633484163,0.3891402714932127,0.25339366515837103,0.0,-0.03167420814479638,0.6405622342031339,tested,1.0
ES,LOWER_k2,2,30,1279,223,0.1743549648162627,223,0.5560538116591929,0.4439461883408072,0.11210762331838565,-0.6700708077335786,6.773497107596825,7.384522985190328,-0.04094055522577175,0.48868778280542985,0.5113122171945701,0.8733031674208145,0.6334841628959276,79,86,56,0,165,0.3574660633484163,0.3891402714932127,0.25339366515837103,0.0,-0.03167420814479638,0.6405622342031339,tested,1.0
ES,LOWER_k2,2,60,1279,223,0.1743549648162627,223,0.5560538116591929,0.4439461883408072,0.11210762331838565,1.118206902326038,9.135896763229292,9.242994307794856,-0.03941469512277827,0.48868778280542985,0.5113122171945701,0.9095022624434389,0.7149321266968326,79,86,56,0,165,0.3574660633484163,0.3891402714932127,0.25339366515837103,0.0,-0.03167420814479638,0.6405622342031339,tested,1.0
ES,LOWER_k2,2,120,1279,223,0.1743549648162627,223,0.5560538116591929,0.4439461883408072,0.11210762331838565,0.16598461714318474,11.880034592218925,11.43621807997215,0.08738114308908197,0.5384615384615384,0.46153846153846156,0.9366515837104072,0.8054298642533937,79,86,56,0,165,0.3574660633484163,0.3891402714932127,0.25339366515837103,0.0,-0.03167420814479638,0.6405622342031339,tested,1.0
ES,LOWER_k2,3,1,1279,326,0.254886630179828,326,0.5306748466257669,0.46932515337423314,0.06134969325153374,-0.11161155866951504,1.3955841088970948,1.3528469073173501,-0.0071594528852680535,0.49691358024691357,0.5030864197530864,0.5925925925925926,0.0,114,125,72,13,239,0.35185185185185186,0.38580246913580246,0.2222222222222222,0.040123456790123455,-0.033950617283950615,0.5178172686986396,tested,0.9565784658402351
ES,LOWER_k2,3,2,1279,326,0.254886630179828,326,0.5306748466257669,0.46932515337423314,0.06134969325153374,0.06237466446646091,1.8138294113478204,2.0188706842310538,-0.08412706227243741,0.4722222222222222,0.5277777777777778,0.6728395061728395,0.09567901234567901,118,129,72,5,247,0.36419753086419754,0.39814814814814814,0.2222222222222222,0.015432098765432098,-0.033950617283950615,0.5246749219064041,tested,0.959867673384988
ES,LOWER_k2,3,3,1279,326,0.254886630179828,326,0.5306748466257669,0.46932515337423314,0.06134969325153374,-0.052014728005455854,2.195215098469216,2.439680300159883,-0.05984270740535304,0.4722222222222222,0.5277777777777778,0.6944444444444444,0.2037037037037037,121,129,72,2,250,0.3734567901234568,0.39814814814814814,0.2222222222222222,0.006172839506172839,-0.024691358024691357,0.6580555444328551,tested,1.0
ES,LOWER_k2,3,4,1279,326,0.254886630179828,326,0.5306748466257669,0.46932515337423314,0.06134969325153374,-0.036317263126725556,2.4535722057135962,2.5233670255931653,-0.041984425604931305,0.49074074074074076,0.5092592592592593,0.7345679012345679,0.26851851851851855,122,129,72,1,251,0.3765432098765432,0.39814814814814814,0.2222222222222222,0.0030864197530864196,-0.021604938271604937,0.704978821779703,tested,1.0
ES,LOWER_k2,3,5,1279,326,0.254886630179828,326,0.5306748466257669,0.46932515337423314,0.06134969325153374,0.0017307797544668618,2.686265659585768,2.8298010934415965,0.00659443801691852,0.5030864197530864,0.49691358024691357,0.75,0.31790123456790126,122,129,72,1,251,0.3765432098765432,0.39814814814814814,0.2222222222222222,0.0030864197530864196,-0.021604938271604937,0.704978821779703,tested,1.0
ES,LOWER_k2,3,10,1279,326,0.254886630179828,326,0.5306748466257669,0.46932515337423314,0.06134969325153374,0.12061697231519207,3.7035527516556686,3.842492190436971,0.03949325916008501,0.5092592592592593,0.49074074074074076,0.8209876543209876,0.4567901234567901,123,129,72,0,252,0.37962962962962965,0.39814814814814814,0.2222222222222222,0.0,-0.018518518518518517,0.7528558242758778,tested,1.0
ES,LOWER_k2,3,15,1279,326,0.254886630179828,326,0.5306748466257669,0.46932515337423314,0.06134969325153374,0.056218337485780076,4.80248899567327,4.5536625281194105,-0.0020903896297217927,0.5,0.5,0.845679012345679,0.5432098765432098,123,129,72,0,252,0.37962962962962965,0.39814814814814814,0.2222222222222222,0.0,-0.018518518518518517,0.7528558242758778,tested,1.0
ES,LOWER_k2,3,20,1279,326,0.254886630179828,326,0.5306748466257669,0.46932515337423314,0.06134969325153374,0.6862079045893132,5.664345919531385,5.461092163137269,0.033325063330171205,0.5123456790123457,0.4876543209876543,0.8611111111111112,0.5802469135802469,123,129,72,0,252,0.37962962962962965,0.39814814814814814,0.2222222222222222,0.0,-0.018518518518518517,0.7528558242758778,tested,1.0
ES,LOWER_k2,3,30,1279,326,0.254886630179828,326,0.5306748466257669,0.46932515337423314,0.06134969325153374,0.005843757995378118,6.82625134054509,6.436340741830916,0.0477393099198569,0.5185185185185185,0.48148148148148145,0.8827160493827161,0.6574074074074074,123,129,72,0,252,0.37962962962962965,0.39814814814814814,0.2222222222222222,0.0,-0.018518518518518517,0.7528558242758778,tested,1.0
ES,LOWER_k2,3,60,1279,326,0.254886630179828,326,0.5306748466257669,0.46932515337423314,0.06134969325153374,0.7763570905641857,8.617176204487599,7.780330952490254,0.08007404670422982,0.5185185185185185,0.48148148148148145,0.9166666666666666,0.7314814814814815,123,129,72,0,252,0.37962962962962965,0.39814814814814814,0.2222222222222222,0.0,-0.018518518518518517,0.7528558242758778,tested,1.0
ES,LOWER_k2,3,120,1279,326,0.254886630179828,326,0.5306748466257669,0.46932515337423314,0.06134969325153374,0.9712289495478168,11.424107311321105,9.660731576995598,0.12579761519686897,0.558641975308642,0.44135802469135804,0.941358024691358,0.808641975308642,123,129,72,0,252,0.37962962962962965,0.39814814814814814,0.2222222222222222,0.0,-0.018518518518518517,0.7528558242758778,tested,1.0
ES,LOWER_k2,4,1,1279,384,0.30023455824863177,384,0.5286458333333334,0.4713541666666667,0.057291666666666664,-0.1037732588505768,1.3955841088970948,1.324453855898399,0.006058501961848003,0.5,0.5,0.5868421052631579,0.0,138,148,77,17,286,0.3631578947368421,0.3894736842105263,0.2026315789473684,0.04473684210526316,-0.02631578947368421,0.5946780571488709,tested,1.0
ES,LOWER_k2,4,2,1279,384,0.30023455824863177,384,0.5286458333333334,0.4713541666666667,0.057291666666666664,0.12226038963422917,1.7988045033282751,1.973416181892241,-0.07703850536597653,0.4763157894736842,0.5236842105263158,0.6631578947368421,0.08947368421052632,145,152,77,6,297,0.3815789473684211,0.4,0.2026315789473684,0.015789473684210527,-0.018421052631578946,0.7277883720544657,tested,1.0
ES,LOWER_k2,4,3,1279,384,0.30023455824863177,384,0.5286458333333334,0.4713541666666667,0.057291666666666664,-0.01812534965908089,2.168077059078396,2.356362061068768,-0.05984270740535304,0.47368421052631576,0.5263157894736842,0.6868421052631579,0.19473684210526315,148,153,77,2,301,0.3894736842105263,0.4026315789473684,0.2026315789473684,0.005263157894736842,-0.013157894736842105,0.8177068178930339,tested,1.0
ES,LOWER_k2,4,4,1279,384,0.30023455824863177,384,0.5286458333333334,0.4713541666666667,0.057291666666666664,-0.07522398546884979,2.4038847434962696,2.4833613226703477,-0.034882540068981234,0.4921052631578947,0.5078947368421053,0.7210526315789474,0.2631578947368421,149,153,77,1,302,0.39210526315789473,0.4026315789473684,0.2026315789473684,0.002631578947368421,-0.010526315789473684,0.8629783035156254,tested,1.0
ES,LOWER_k2,4,5,1279,384,0.30023455824863177,384,0.5286458333333334,0.4713541666666667,0.057291666666666664,0.04153218006142838,2.58430907750512,2.7514094700318426,0.008428170935265399,0.5052631578947369,0.49473684210526314,0.7421052631578947,0.30526315789473685,149,153,77,1,302,0.39210526315789473,0.4026315789473684,0.2026315789473684,0.002631578947368421,-0.010526315789473684,0.8629783035156254,tested,1.0
ES,LOWER_k2,4,10,1279,384,0.30023455824863177,384,0.5286458333333334,0.4713541666666667,0.057291666666666664,0.12747843985324525,3.6568813208823405,3.6877065961198747,0.05499782103314683,0.5131578947368421,0.4868421052631579,0.8078947368421052,0.4473684210526316,150,153,77,0,303,0.39473684210526316,0.4026315789473684,0.2026315789473684,0.0,-0.007894736842105263,0.9085515990423663,tested,1.0
ES,LOWER_k2,4,15,1279,384,0.30023455824863177,384,0.5286458333333334,0.4713541666666667,0.057291666666666664,0.21810696084123665,4.752575644284125,4.480178493385111,0.006991688395375527,0.5078947368421053,0.4921052631578947,0.8368421052631579,0.5342105263157895,150,153,77,0,303,0.39473684210526316,0.4026315789473684,0.2026315789473684,0.0,-0.007894736842105263,0.9085515990423663,tested,1.0
ES,LOWER_k2,4,20,1279,384,0.30023455824863177,384,0.5286458333333334,0.4713541666666667,0.057291666666666664,0.7848325717722339,5.575012501742498,5.403816956216506,0.041875269404308996,0.5236842105263158,0.4763157894736842,0.8526315789473684,0.5763157894736842,150,153,77,0,303,0.39473684210526316,0.4026315789473684,0.2026315789473684,0.0,-0.007894736842105263,0.9085515990423663,tested,1.0
ES,LOWER_k2,4,30,1279,384,0.30023455824863177,384,0.5286458333333334,0.4713541666666667,0.057291666666666664,0.28992237520440045,6.82625134054509,6.110491758274376,0.08180137321588589,0.5289473684210526,0.4710526315789474,0.8763157894736842,0.6526315789473685,150,153,77,0,303,0.39473684210526316,0.4026315789473684,0.2026315789473684,0.0,-0.007894736842105263,0.9085515990423663,tested,1.0
ES,LOWER_k2,4,60,1279,384,0.30023455824863177,384,0.5286458333333334,0.4713541666666667,0.057291666666666664,1.0838985193606745,8.959883139726465,7.406552239380004,0.09675091216795895,0.5236842105263158,0.4763157894736842,0.9052631578947369,0.7263157894736842,150,153,77,0,303,0.39473684210526316,0.4026315789473684,0.2026315789473684,0.0,-0.007894736842105263,0.9085515990423663,tested,1.0
ES,LOWER_k2,4,120,1279,384,0.30023455824863177,384,0.5286458333333334,0.4713541666666667,0.057291666666666664,0.7862206821846249,11.605952867747718,9.455912709131908,0.1276538124144784,0.5552631578947368,0.44473684210526315,0.9289473684210526,0.7947368421052632,150,153,77,0,303,0.39473684210526316,0.4026315789473684,0.2026315789473684,0.0,-0.007894736842105263,0.9085515990423663,tested,1.0
ES,LOWER_k2,5,1,1279,453,0.35418295543393274,453,0.5364238410596026,0.46357615894039733,0.0728476821192053,-0.027893744030306287,1.3471552512338323,1.2866427930740887,-0.011034704678604648,0.4966442953020134,0.5033557046979866,0.6017897091722595,0.0,163,172,86,26,335,0.36465324384787473,0.38478747203579416,0.19239373601789708,0.058165548098434,-0.020134228187919462,0.6621126075296973,tested,1.0
ES,LOWER_k2,5,2,1279,453,0.35418295543393274,453,0.5364238410596026,0.46357615894039733,0.0728476821192053,0.12064086873615437,1.752724667585466,1.8122127413415903,-0.04634169825469139,0.4809843400447427,0.5190156599552572,0.6778523489932886,0.087248322147651,173,178,86,10,351,0.3870246085011186,0.3982102908277405,0.19239373601789708,0.02237136465324385,-0.011185682326621925,0.8309716020852688,tested,1.0
ES,LOWER_k2,5,3,1279,453,0.35418295543393274,453,0.5364238410596026,0.46357615894039733,0.0728476821192053,0.002271437415977954,2.129483209670076,2.1860521018837944,-0.020123431397951263,0.48769574944071586,0.5123042505592841,0.7002237136465325,0.19463087248322147,176,180,86,5,356,0.39373601789709173,0.40268456375838924,0.19239373601789708,0.011185682326621925,-0.008948545861297539,0.8736978242941796,tested,1.0
ES,LOWER_k2,5,4,1279,453,0.35418295543393274,453,0.5364238410596026,0.46357615894039733,0.0728476821192053,-0.10263340389892676,2.3610139879140166,2.4453769815985926,-0.032046124813566515,0.49440715883668906,0.5055928411633109,0.7360178970917226,0.2684563758389262,177,181,86,3,358,0.3959731543624161,0.40492170022371365,0.19239373601789708,0.006711409395973154,-0.008948545861297539,0.8740480078966042,tested,1.0
ES,LOWER_k2,5,5,1279,453,0.35418295543393274,453,0.5364238410596026,0.46357615894039733,0.0728476821192053,-0.01069481279029836,2.534453089638599,2.619644288579159,0.00785852103111515,0.5033557046979866,0.4966442953020134,0.756152125279642,0.3131991051454139,177,182,86,2,359,0.3959731543624161,0.407158836689038,0.19239373601789708,0.0044742729306487695,-0.011185682326621925,0.8328366216245667,tested,1.0
ES,LOWER_k2,5,10,1279,453,0.35418295543393274,453,0.5364238410596026,0.46357615894039733,0.0728476821192053,0.06083934927709346,3.4845463836054478,3.7166650155200798,0.01636603528613711,0.5033557046979866,0.4966442953020134,0.825503355704698,0.45861297539149887,178,182,86,1,360,0.3982102908277405,0.407158836689038,0.19239373601789708,0.0022371364653243847,-0.008948545861297539,0.8743952948595697,tested,1.0
ES,LOWER_k2,5,15,1279,453,0.35418295543393274,453,0.5364238410596026,0.46357615894039733,0.0728476821192053,-0.14025425789977464,4.3950881952403185,4.489093573626456,-0.004816943286381812,0.4966442953020134,0.5033557046979866,0.8501118568232662,0.5480984340044742,178,183,86,0,361,0.3982102908277405,0.40939597315436244,0.19239373601789708,0.0,-0.011185682326621925,0.833293310341434,tested,1.0
ES,LOWER_k2,5,20,1279,453,0.35418295543393274,453,0.5364238410596026,0.46357615894039733,0.0728476821192053,0.5973250467095564,5.262612005416239,5.3282392746742095,0.01514333509403517,0.5055928411633109,0.49440715883668906,0.8657718120805369,0.5883668903803132,178,183,86,0,361,0.3982102908277405,0.40939597315436244,0.19239373601789708,0.0,-0.011185682326621925,0.833293310341434,tested,1.0
ES,LOWER_k2,5,30,1279,453,0.35418295543393274,453,0.5364238410596026,0.46357615894039733,0.0728476821192053,-0.21325183136708128,6.474807730121956,5.970042541965069,0.020396574038445144,0.5078299776286354,0.49217002237136465,0.8881431767337807,0.6666666666666666,178,183,86,0,361,0.3982102908277405,0.40939597315436244,0.19239373601789708,0.0,-0.011185682326621925,0.833293310341434,tested,1.0
ES,LOWER_k2,5,60,1279,453,0.35418295543393274,453,0.5364238410596026,0.46357615894039733,0.0728476821192053,0.4448636957025706,8.162265583571282,7.295135648731025,-0.0028901659718290396,0.4988814317673378,0.5011185682326622,0.912751677852349,0.7360178970917226,178,183,86,0,361,0.3982102908277405,0.40939597315436244,0.19239373601789708,0.0,-0.011185682326621925,0.833293310341434,tested,1.0
ES,LOWER_k2,5,120,1279,453,0.35418295543393274,453,0.5364238410596026,0.46357615894039733,0.0728476821192053,0.08717572834835093,10.541194257248954,9.370307223680081,0.08738114308908197,0.5279642058165548,0.4720357941834452,0.9351230425055929,0.796420581655481,178,183,86,0,361,0.3982102908277405,0.40939597315436244,0.19239373601789708,0.0,-0.011185682326621925,0.833293310341434,tested,1.0
ES,LOWER_k2,10,1,1279,606,0.473807662236122,606,0.5363036303630363,0.4636963696369637,0.07260726072607261,-0.09961781488000601,1.11441441135814,1.2321831549289275,-0.07093282622060675,0.4848993288590604,0.5151006711409396,0.6006711409395973,0.0,206,238,106,46,444,0.34563758389261745,0.39932885906040266,0.17785234899328858,0.07718120805369127,-0.053691275167785234,0.14115155369618942,tested,0.47442605547885885
ES,LOWER_k2,10,2,1279,606,0.473807662236122,606,0.5363036303630363,0.4636963696369637,0.07260726072607261,0.023392722803555265,1.5720469429426882,1.696494029404092,-0.05983662201547303,0.4748322147651007,0.5251677852348994,0.6778523489932886,0.08557046979865772,220,252,107,17,472,0.3691275167785235,0.4228187919463087,0.17953020134228187,0.028523489932885907,-0.053691275167785234,0.1535362506088804,tested,0.4844881141887521
ES,LOWER_k2,10,3,1279,606,0.473807662236122,606,0.5363036303630363,0.4636963696369637,0.07260726072607261,-0.14797634488111577,1.8281792229770235,2.0239034298384335,-0.06623866080152094,0.47651006711409394,0.5234899328859061,0.7046979865771812,0.18959731543624161,225,254,107,10,479,0.3775167785234899,0.4261744966442953,0.17953020134228187,0.016778523489932886,-0.04865771812080537,0.20072315750623146,tested,0.515384659061093
ES,LOWER_k2,10,4,1279,606,0.473807662236122,606,0.5363036303630363,0.4636963696369637,0.07260726072607261,-0.16949915605842647,2.1154079027024117,2.355106937374046,-0.06387236031145652,0.4798657718120805,0.5201342281879194,0.7365771812080537,0.26174496644295303,228,258,107,3,486,0.3825503355704698,0.43288590604026844,0.17953020134228187,0.0050335570469798654,-0.050335570469798654,0.1882978823487519,tested,0.515384659061093
ES,LOWER_k2,10,5,1279,606,0.473807662236122,606,0.5363036303630363,0.4636963696369637,0.07260726072607261,-0.15895823892554017,2.3017449242670773,2.514627210942993,-0.02983071455465896,0.48825503355704697,0.511744966442953,0.7583892617449665,0.3053691275167785,228,259,107,2,487,0.3825503355704698,0.43456375838926176,0.17953020134228187,0.003355704697986577,-0.05201342281879195,0.17394807414462313,tested,0.5032995771567862
ES,LOWER_k2,10,10,1279,606,0.473807662236122,606,0.5363036303630363,0.4636963696369637,0.07260726072607261,-0.09837048878312113,3.1159287095816817,3.607859736424822,-0.01786936480956797,0.49161073825503354,0.5083892617449665,0.8305369127516778,0.46812080536912754,229,259,107,1,488,0.38422818791946306,0.43456375838926176,0.17953020134228187,0.0016778523489932886,-0.050335570469798654,0.18920649465862116,tested,0.515384659061093
ES,LOWER_k2,10,15,1279,606,0.473807662236122,606,0.5363036303630363,0.4636963696369637,0.07260726072607261,-0.28042576969845523,3.747315476976025,4.399559283677225,-0.05754409185954016,0.47818791946308725,0.5218120805369127,0.8573825503355704,0.5469798657718121,229,260,107,0,489,0.38422818791946306,0.436241610738255,0.17953020134228187,0.0,-0.05201342281879195,0.17483176645238457,tested,0.5032995771567862
ES,LOWER_k2,10,20,1279,606,0.473807662236122,606,0.5363036303630363,0.4636963696369637,0.07260726072607261,0.36571469879648,4.6891655222363,4.90738210106108,-0.04564937163075327,0.48825503355704697,0.511744966442953,0.87248322147651,0.587248322147651,229,260,107,0,489,0.38422818791946306,0.436241610738255,0.17953020134228187,0.0,-0.05201342281879195,0.17483176645238457,tested,0.5032995771567862
ES,LOWER_k2,10,30,1279,606,0.473807662236122,606,0.5363036303630363,0.4636963696369637,0.07260726072607261,-0.3158552772974547,5.507400097286051,5.656775014855103,-0.030524821893318253,0.4899328859060403,0.5100671140939598,0.8959731543624161,0.6711409395973155,229,260,107,0,489,0.38422818791946306,0.436241610738255,0.17953020134228187,0.0,-0.05201342281879195,0.17483176645238457,tested,0.5032995771567862
ES,LOWER_k2,10,60,1279,606,0.473807662236122,606,0.5363036303630363,0.4636963696369637,0.07260726072607261,0.2522271358566695,7.399040483059283,7.046427001824175,-0.030847415255117982,0.48322147651006714,0.5167785234899329,0.9194630872483222,0.7432885906040269,229,260,107,0,489,0.38422818791946306,0.436241610738255,0.17953020134228187,0.0,-0.05201342281879195,0.17483176645238457,tested,0.5032995771567862
ES,LOWER_k2,10,120,1279,606,0.473807662236122,606,0.5363036303630363,0.4636963696369637,0.07260726072607261,-0.30136813244412397,9.802773474897567,9.061961518932488,0.02972529576977766,0.5100671140939598,0.4899328859060403,0.9429530201342282,0.8070469798657718,229,260,107,0,489,0.38422818791946306,0.436241610738255,0.17953020134228187,0.0,-0.05201342281879195,0.17483176645238457,tested,0.5032995771567862
ES,LOWER_k2,15,1,1279,677,0.5293197810789679,677,0.5406203840472673,0.45937961595273263,0.08124076809453472,-0.11843267595069183,1.0046536017230494,1.2475920679900283,-0.08777698706832586,0.48042168674698793,0.5195783132530121,0.5978915662650602,0.0,220,270,114,60,490,0.3313253012048193,0.4066265060240964,0.1716867469879518,0.09036144578313253,-0.07530120481927711,0.026755451134306562,tested,0.40518636888637416
ES,LOWER_k2,15,2,1279,677,0.5293197810789679,677,0.5406203840472673,0.45937961595273263,0.08124076809453472,-0.09649431543010933,1.4818860262276143,1.7082147818931945,-0.10111721840929831,0.463855421686747,0.536144578313253,0.6746987951807228,0.0963855421686747,239,287,115,23,526,0.35993975903614456,0.4322289156626506,0.17319277108433734,0.03463855421686747,-0.07228915662650602,0.04033139850651426,tested,0.40518636888637416
ES,LOWER_k2,15,3,1279,677,0.5293197810789679,677,0.5406203840472673,0.45937961595273263,0.08124076809453472,-0.23983683718846188,1.7514141450592575,2.0239034298384335,-0.0850483573289138,0.46536144578313254,0.5346385542168675,0.7018072289156626,0.19427710843373494,244,293,115,12,537,0.3674698795180723,0.44126506024096385,0.17319277108433734,0.018072289156626505,-0.07379518072289157,0.0382269337600973,tested,0.40518636888637416
ES,LOWER_k2,15,4,1279,677,0.5293197810789679,677,0.5406203840472673,0.45937961595273263,0.08124076809453472,-0.25297979316533203,2.008953770243143,2.355106937374046,-0.08979314506420152,0.463855421686747,0.536144578313253,0.7349397590361446,0.2620481927710843,247,298,115,4,545,0.37198795180722893,0.44879518072289154,0.17319277108433734,0.006024096385542169,-0.07680722891566265,0.03211771799315342,tested,0.40518636888637416
ES,LOWER_k2,15,5,1279,677,0.5293197810789679,677,0.5406203840472673,0.45937961595273263,0.08124076809453472,-0.16332869368881658,2.1933938422679544,2.5451361351456008,-0.0674341224920299,0.47740963855421686,0.5225903614457831,0.7560240963855421,0.30120481927710846,248,299,115,2,547,0.37349397590361444,0.4503012048192771,0.17319277108433734,0.0030120481927710845,-0.07680722891566265,0.03243474074107273,tested,0.40518636888637416
ES,LOWER_k2,15,10,1279,677,0.5293197810789679,677,0.5406203840472673,0.45937961595273263,0.08124076809453472,-0.08259146686570959,3.0590040182286886,3.5615388712403733,-0.030357208666438457,0.4879518072289157,0.5120481927710844,0.8268072289156626,0.4608433734939759,249,299,115,1,548,0.375,0.4503012048192771,0.17319277108433734,0.0015060240963855422,-0.07530120481927711,0.036237256722563914,tested,0.40518636888637416
ES,LOWER_k2,15,15,1279,677,0.5293197810789679,677,0.5406203840472673,0.45937961595273263,0.08124076809453472,-0.3128838681027145,3.7224839888760215,4.173834737654363,-0.0568265854966376,0.4789156626506024,0.5210843373493976,0.8539156626506024,0.5421686746987951,249,300,115,0,549,0.375,0.45180722891566266,0.17319277108433734,0.0,-0.07680722891566265,0.03275267685992675,tested,0.40518636888637416
ES,LOWER_k2,15,20,1279,677,0.5293197810789679,677,0.5406203840472673,0.45937961595273263,0.08124076809453472,0.1524757011792935,4.485269343994155,4.774026664631359,-0.03581974409315168,0.4894578313253012,0.5105421686746988,0.8674698795180723,0.5828313253012049,249,300,115,0,549,0.375,0.45180722891566266,0.17319277108433734,0.0,-0.07680722891566265,0.03275267685992675,tested,0.40518636888637416
ES,LOWER_k2,15,30,1279,677,0.5293197810789679,677,0.5406203840472673,0.45937961595273263,0.08124076809453472,-0.28591207251880113,5.359752715337965,5.594885192778799,-0.03943796394966012,0.4864457831325301,0.5135542168674698,0.891566265060241,0.6656626506024096,249,300,115,0,549,0.375,0.45180722891566266,0.17319277108433734,0.0,-0.07680722891566265,0.03275267685992675,tested,0.40518636888637416
ES,LOWER_k2,15,60,1279,677,0.5293197810789679,677,0.5406203840472673,0.45937961595273263,0.08124076809453472,0.2522271358566695,7.22332779209896,6.949604936088373,-0.030847415255117982,0.48493975903614456,0.5150602409638554,0.9171686746987951,0.7409638554216867,249,300,115,0,549,0.375,0.45180722891566266,0.17319277108433734,0.0,-0.07680722891566265,0.03275267685992675,tested,0.40518636888637416
ES,LOWER_k2,15,120,1279,677,0.5293197810789679,677,0.5406203840472673,0.45937961595273263,0.08124076809453472,-0.2333201361185258,9.59398890205269,8.986720415453522,0.031535298658882126,0.5120481927710844,0.4879518072289157,0.9397590361445783,0.802710843373494,249,300,115,0,549,0.375,0.45180722891566266,0.17319277108433734,0.0,-0.07680722891566265,0.03275267685992675,tested,0.40518636888637416
ES,LOWER_k2,20,1,1279,740,0.5785770132916341,740,0.5391891891891892,0.4608108108108108,0.07837837837837838,-0.09463442124928563,0.996905620630887,1.15442460818339,-0.042201938058860876,0.4924137931034483,0.5075862068965518,0.5986206896551725,0.0,245,290,117,73,535,0.33793103448275863,0.4,0.16137931034482758,0.1006896551724138,-0.06206896551724138,0.057032303774769005,tested,0.40518636888637416
ES,LOWER_k2,20,2,1279,740,0.5785770132916341,740,0.5391891891891892,0.4608108108108108,0.07837837837837838,-0.02997973942124146,1.4766430118900693,1.639965660126017,-0.08060066208895476,0.4703448275862069,0.5296551724137931,0.6758620689655173,0.09379310344827586,271,311,118,25,582,0.3737931034482759,0.4289655172413793,0.16275862068965516,0.034482758620689655,-0.05517241379310345,0.10588354100275185,tested,0.41834803139046445
ES,LOWER_k2,20,3,1279,740,0.5785770132916341,740,0.5391891891891892,0.4608108108108108,0.07837837837837838,-0.17132626774263304,1.7458239816969132,1.8803672329642138,-0.06812067094106175,0.47172413793103446,0.5282758620689655,0.7034482758620689,0.19448275862068964,276,318,118,13,594,0.38068965517241377,0.4386206896551724,0.16275862068965516,0.01793103448275862,-0.057931034482758624,0.0924365575111343,tested,0.40518636888637416
ES,LOWER_k2,20,4,1279,740,0.5785770132916341,740,0.5391891891891892,0.4608108108108108,0.07837837837837838,-0.23507222247521053,1.9902634206359198,2.241834146705474,-0.0699964009767619,0.4703448275862069,0.5296551724137931,0.7351724137931035,0.26068965517241377,279,323,118,5,602,0.38482758620689655,0.44551724137931037,0.16275862068965516,0.006896551724137931,-0.060689655172413794,0.0795930484578338,tested,0.40518636888637416
ES,LOWER_k2,20,5,1279,740,0.5785770132916341,740,0.5391891891891892,0.4608108108108108,0.07837837837837838,-0.15639410893628028,2.1612201845921977,2.4453769815985926,-0.05925310691054621,0.48137931034482756,0.5186206896551724,0.7544827586206897,0.2993103448275862,280,324,118,3,604,0.38620689655172413,0.44689655172413795,0.16275862068965516,0.004137931034482759,-0.060689655172413794,0.08009359752014342,tested,0.40518636888637416
ES,LOWER_k2,20,10,1279,740,0.5785770132916341,740,0.5391891891891892,0.4608108108108108,0.07837837837837838,-0.08058383464109832,2.9535578980216113,3.365991252695915,-0.023350125393081657,0.4896551724137931,0.5103448275862069,0.8248275862068966,0.4593103448275862,282,324,118,1,606,0.3889655172413793,0.44689655172413795,0.16275862068965516,0.001379310344827586,-0.057931034482758624,0.09572980911855053,tested,0.4082222697213961
ES,LOWER_k2,20,15,1279,740,0.5785770132916341,740,0.5391891891891892,0.4608108108108108,0.07837837837837838,-0.3370815590431593,3.658714750858168,4.036340262527498,-0.05623301627308205,0.48137931034482756,0.5186206896551724,0.8537931034482759,0.543448275862069,282,325,118,0,607,0.3889655172413793,0.4482758620689655,0.16275862068965516,0.0,-0.05931034482758621,0.0881620025909653,tested,0.40518636888637416
ES,LOWER_k2,20,20,1279,740,0.5785770132916341,740,0.5391891891891892,0.4608108108108108,0.07837837837837838,0.19814548549901306,4.379215419573921,4.489093573626456,-0.03155875621389466,0.4924137931034483,0.5075862068965518,0.8689655172413793,0.5875862068965517,282,325,118,0,607,0.3889655172413793,0.4482758620689655,0.16275862068965516,0.0,-0.05931034482758621,0.0881620025909653,tested,0.40518636888637416
ES,LOWER_k2,20,30,1279,740,0.5785770132916341,740,0.5391891891891892,0.4608108108108108,0.07837837837837838,-0.23495478375634754,5.26287049491114,5.336131141362152,-0.028428131776602597,0.4896551724137931,0.5103448275862069,0.8937931034482759,0.6717241379310345,282,325,118,0,607,0.3889655172413793,0.4482758620689655,0.16275862068965516,0.0,-0.05931034482758621,0.0881620025909653,tested,0.40518636888637416
ES,LOWER_k2,20,60,1279,740,0.5785770132916341,740,0.5391891891891892,0.4608108108108108,0.07837837837837838,0.04209102309528414,7.149421868609755,6.827191383169944,-0.008655726700453708,0.49379310344827587,0.5062068965517241,0.92,0.7462068965517241,282,325,118,0,607,0.3889655172413793,0.4482758620689655,0.16275862068965516,0.0,-0.05931034482758621,0.0881620025909653,tested,0.40518636888637416
ES,LOWER_k2,20,120,1279,740,0.5785770132916341,740,0.5391891891891892,0.4608108108108108,0.07837837837837838,-0.22476848120076726,9.256123431840056,8.740793879572758,0.03258551185151121,0.5158620689655172,0.48413793103448277,0.9406896551724138,0.8055172413793104,282,325,118,0,607,0.3889655172413793,0.4482758620689655,0.16275862068965516,0.0,-0.05931034482758621,0.0881620025909653,tested,0.40518636888637416
ES,LOWER_k2,30,1,1279,802,0.6270523846755277,802,0.5374064837905237,0.4625935162094763,0.07481296758104738,-0.1111586698028104,0.9803207530537668,1.1405892378122724,-0.054532253163704955,0.48854961832061067,0.5114503816793893,0.5966921119592875,0.0,264,316,121,85,580,0.33587786259541985,0.4020356234096692,0.15394402035623408,0.10814249363867684,-0.06615776081424936,0.03411393235972322,tested,0.40518636888637416
ES,LOWER_k2,30,2,1279,802,0.6270523846755277,802,0.5374064837905237,0.4625935162094763,0.07481296758104738,-0.07623075122675738,1.3881995308837725,1.6382633063583734,-0.10111721840929831,0.4631043256997455,0.5368956743002544,0.6743002544529262,0.09414758269720101,294,342,122,28,636,0.37404580152671757,0.4351145038167939,0.15521628498727735,0.035623409669211195,-0.061068702290076333,0.06228295803676646,tested,0.40518636888637416
ES,LOWER_k2,30,3,1279,802,0.6270523846755277,802,0.5374064837905237,0.4625935162094763,0.07481296758104738,-0.22127882279911504,1.6842418912074892,1.8715576312895894,-0.08203123076676394,0.4631043256997455,0.5368956743002544,0.7022900763358778,0.1895674300254453,299,350,122,15,649,0.38040712468193383,0.44529262086513993,0.15521628498727735,0.019083969465648856,-0.0648854961832061,0.049600688709343234,tested,0.40518636888637416
ES,LOWER_k2,30,4,1279,802,0.6270523846755277,802,0.5374064837905237,0.4625935162094763,0.07481296758104738,-0.2932567235830529,1.8887988455011495,2.2358046237720157,-0.07989545164523529,0.4618320610687023,0.5381679389312977,0.732824427480916,0.2582697201017812,303,355,122,6,658,0.38549618320610685,0.45165394402035625,0.15521628498727735,0.007633587786259542,-0.06615776081424936,0.046708734308743,tested,0.40518636888637416
ES,LOWER_k2,30,5,1279,802,0.6270523846755277,802,0.5374064837905237,0.4625935162094763,0.07481296758104738,-0.16332869368881658,2.120231858803699,2.4288087693317153,-0.0717787153373285,0.4732824427480916,0.5267175572519084,0.7506361323155216,0.2951653944020356,304,356,122,4,660,0.38676844783715014,0.4529262086513995,0.15521628498727735,0.005089058524173028,-0.06615776081424936,0.0470432425415223,tested,0.40518636888637416
ES,LOWER_k2,30,10,1279,802,0.6270523846755277,802,0.5374064837905237,0.4625935162094763,0.07481296758104738,-0.08489503600032636,2.902064256566926,3.302223346574748,-0.036239666932314805,0.4872773536895674,0.5127226463104325,0.8244274809160306,0.455470737913486,307,356,122,1,663,0.3905852417302799,0.4529262086513995,0.15521628498727735,0.001272264631043257,-0.062340966921119595,0.062216985940468233,tested,0.40518636888637416
ES,LOWER_k2,30,15,1279,802,0.6270523846755277,802,0.5374064837905237,0.4625935162094763,0.07481296758104738,-0.393854332670803,3.532225700990248,3.9678614376644226,-0.05809010675274738,0.4770992366412214,0.5229007633587787,0.8536895674300254,0.539440203562341,307,357,122,0,664,0.3905852417302799,0.4541984732824427,0.15521628498727735,0.0,-0.06361323155216285,0.05714580226958263,tested,0.40518636888637416
ES,LOWER_k2,30,20,1279,802,0.6270523846755277,802,0.5374064837905237,0.4625935162094763,0.07481296758104738,0.05719701581175287,4.2403821650938545,4.431191853293826,-0.05412408279234994,0.4860050890585242,0.5139949109414759,0.8689567430025446,0.5826972010178118,307,357,122,0,664,0.3905852417302799,0.4541984732824427,0.15521628498727735,0.0,-0.06361323155216285,0.05714580226958263,tested,0.40518636888637416
ES,LOWER_k2,30,30,1279,802,0.6270523846755277,802,0.5374064837905237,0.4625935162094763,0.07481296758104738,-0.33601440926504095,5.124453879423225,5.275240819925145,-0.051757299032577336,0.48091603053435117,0.5190839694656488,0.8931297709923665,0.6692111959287532,307,357,122,0,664,0.3905852417302799,0.4541984732824427,0.15521628498727735,0.0,-0.06361323155216285,0.05714580226958263,tested,0.40518636888637416
ES,LOWER_k2,30,60,1279,802,0.6270523846755277,802,0.5374064837905237,0.4625935162094763,0.07481296758104738,0.08170568332764591,6.9276373869122505,6.776645075696105,-0.016389197232669288,0.49236641221374045,0.5076335877862596,0.9198473282442748,0.7480916030534351,307,357,122,0,664,0.3905852417302799,0.4541984732824427,0.15521628498727735,0.0,-0.06361323155216285,0.05714580226958263,tested,0.40518636888637416
ES,LOWER_k2,30,120,1279,802,0.6270523846755277,802,0.5374064837905237,0.4625935162094763,0.07481296758104738,-0.3635242848753909,8.92749234168841,8.665167824510412,0.024451324153394825,0.5114503816793893,0.48854961832061067,0.9389312977099237,0.806615776081425,307,357,122,0,664,0.3905852417302799,0.4541984732824427,0.15521628498727735,0.0,-0.06361323155216285,0.05714580226958263,tested,0.40518636888637416
ES,LOWER_k2,60,1,1279,893,0.6982017200938233,893,0.5296752519596865,0.47032474804031354,0.0593505039193729,-0.10630184157247323,0.9290229790581411,1.0946257115255404,-0.042201938058860876,0.49028571428571427,0.5097142857142857,0.6057142857142858,0.0,290,345,127,113,635,0.3314285714285714,0.3942857142857143,0.14514285714285713,0.12914285714285714,-0.06285714285714286,0.03203792931823448,tested,0.40518636888637416
ES,LOWER_k2,60,2,1279,893,0.6982017200938233,893,0.5296752519596865,0.47032474804031354,0.0593505039193729,-0.08546597118895742,1.3339742973490991,1.50120031240021,-0.09935449854244573,0.4605714285714286,0.5394285714285715,0.6834285714285714,0.096,324,378,129,44,702,0.3702857142857143,0.432,0.14742857142857144,0.05028571428571429,-0.061714285714285715,0.0453848517015144,tested,0.40518636888637416
ES,LOWER_k2,60,3,1279,893,0.6982017200938233,893,0.5296752519596865,0.47032474804031354,0.0593505039193729,-0.14835980045528688,1.6210744967734212,1.7889207365805275,-0.06812067094106175,0.4685714285714286,0.5314285714285715,0.7108571428571429,0.18857142857142858,333,388,129,25,721,0.38057142857142856,0.44342857142857145,0.14742857142857144,0.02857142857142857,-0.06285714285714286,0.044243781319465346,tested,0.40518636888637416
ES,LOWER_k2,60,4,1279,893,0.6982017200938233,893,0.5296752519596865,0.47032474804031354,0.0593505039193729,-0.22658298081639222,1.8555361243989759,2.118490989586446,-0.06700332063863038,0.4697142857142857,0.5302857142857142,0.7394285714285714,0.2571428571428571,338,394,129,14,732,0.3862857142857143,0.4502857142857143,0.14742857142857144,0.016,-0.064,0.04199349318563351,tested,0.40518636888637416
ES,LOWER_k2,60,5,1279,893,0.6982017200938233,893,0.5296752519596865,0.47032474804031354,0.0593505039193729,-0.1184919242195375,2.039049235843331,2.288533388061888,-0.050021786259640065,0.48114285714285715,0.5188571428571429,0.76,0.2948571428571429,340,395,129,11,735,0.38857142857142857,0.4514285714285714,0.14742857142857144,0.012571428571428572,-0.06285714285714286,0.04631719691742521,tested,0.40518636888637416
ES,LOWER_k2,60,10,1279,893,0.6982017200938233,893,0.5296752519596865,0.47032474804031354,0.0593505039193729,-0.05751615106612004,2.8690513507556243,3.0323708024174842,-0.00538554037063332,0.49714285714285716,0.5028571428571429,0.8308571428571428,0.456,347,397,129,2,744,0.3965714285714286,0.45371428571428574,0.14742857142857144,0.002285714285714286,-0.05714285714285714,0.07235535349573283,tested,0.40518636888637416
ES,LOWER_k2,60,15,1279,893,0.6982017200938233,893,0.5296752519596865,0.47032474804031354,0.0593505039193729,-0.3794913500308942,3.391464542056589,3.7230143007367196,-0.04438950911314945,0.48228571428571426,0.5177142857142857,0.8582857142857143,0.5394285714285715,347,398,129,1,745,0.3965714285714286,0.45485714285714285,0.14742857142857144,0.001142857142857143,-0.05828571428571429,0.06690056315805527,tested,0.40518636888637416
ES,LOWER_k2,60,20,1279,893,0.6982017200938233,893,0.5296752519596865,0.47032474804031354,0.0593505039193729,0.032826944452898535,4.041151505522588,4.184578530140466,-0.041901776377199,0.488,0.512,0.872,0.5828571428571429,347,399,129,0,746,0.3965714285714286,0.456,0.14742857142857144,0.0,-0.05942857142857143,0.06179526315608288,tested,0.40518636888637416
ES,LOWER_k2,60,30,1279,893,0.6982017200938233,893,0.5296752519596865,0.47032474804031354,0.0593505039193729,-0.2423419837386674,5.08088523816069,4.794277149975237,-0.04506138816386885,0.48342857142857143,0.5165714285714286,0.8971428571428571,0.6674285714285715,347,399,129,0,746,0.3965714285714286,0.456,0.14742857142857144,0.0,-0.05942857142857143,0.06179526315608288,tested,0.40518636888637416
ES,LOWER_k2,60,60,1279,893,0.6982017200938233,893,0.5296752519596865,0.47032474804031354,0.0593505039193729,0.01679046639695508,6.777572735815882,6.5340429705112255,-0.007115553271829775,0.496,0.504,0.9211428571428572,0.7462857142857143,347,399,129,0,746,0.3965714285714286,0.456,0.14742857142857144,0.0,-0.05942857142857143,0.06179526315608288,tested,0.40518636888637416
ES,LOWER_k2,60,120,1279,893,0.6982017200938233,893,0.5296752519596865,0.47032474804031354,0.0593505039193729,-0.3522869033860937,8.671998722274203,8.003124186621488,0.026865079688044108,0.5154285714285715,0.4845714285714286,0.9428571428571428,0.8102857142857143,347,399,129,0,746,0.3965714285714286,0.456,0.14742857142857144,0.0,-0.05942857142857143,0.06179526315608288,tested,0.40518636888637416
ES,LOWER_k2,120,1,1279,942,0.7365129007036747,942,0.5212314225053079,0.47876857749469215,0.04246284501061571,-0.09499809499718909,0.9548036982887502,1.0554474180783024,-0.0032842010919314586,0.49837486457204766,0.5005417118093174,0.6023835319609967,0.0,313,354,132,124,667,0.3391115926327194,0.38353196099674974,0.14301191765980498,0.13434452871072589,-0.044420368364030335,0.12136323980551454,tested,0.4518446774297618
ES,LOWER_k2,120,2,1279,942,0.7365129007036747,942,0.5212314225053079,0.47876857749469215,0.04246284501061571,-0.02997973942124146,1.3471552512338323,1.4397126616388114,-0.07832234769466594,0.47020585048754066,0.5297941495124594,0.6793066088840737,0.09425785482123511,350,389,134,50,739,0.37919826652221017,0.42145178764897073,0.14517876489707476,0.05417118093174431,-0.04225352112676056,0.16211220741580712,tested,0.5032995771567862
ES,LOWER_k2,120,3,1279,942,0.7365129007036747,942,0.5212314225053079,0.47876857749469215,0.04246284501061571,-0.11828765024455433,1.635578210490922,1.7239737762635714,-0.03853957796700005,0.4799566630552546,0.5200433369447454,0.7063921993499458,0.18743228602383533,361,400,134,28,761,0.39111592632719394,0.4333694474539545,0.14517876489707476,0.030335861321776816,-0.04225352112676056,0.1683162589823063,tested,0.5032995771567862
ES,LOWER_k2,120,4,1279,942,0.7365129007036747,942,0.5212314225053079,0.47876857749469215,0.04246284501061571,-0.18404021970085044,1.8547855966521323,2.050944303039244,-0.04786987468880558,0.4799566630552546,0.5200433369447454,0.7345612134344529,0.25785482123510295,366,407,134,16,773,0.39653304442036835,0.4409534127843987,0.14517876489707476,0.01733477789815818,-0.044420368364030335,0.15018853157080045,tested,0.4813990018560756
ES,LOWER_k2,120,5,1279,942,0.7365129007036747,942,0.5212314225053079,0.47876857749469215,0.04246284501061571,-0.06445318749075302,2.037307648573561,2.2117072865278593,-0.01900361745683769,0.48970747562296857,0.5102925243770314,0.7540628385698809,0.29685807150595883,368,408,134,13,776,0.39869989165763814,0.4420368364030336,0.14517876489707476,0.014084507042253521,-0.04333694474539545,0.1614646175195759,tested,0.5032995771567862
ES,LOWER_k2,120,10,1279,942,0.7365129007036747,942,0.5212314225053079,0.47876857749469215,0.04246284501061571,-0.0426081182544281,2.807457798612169,2.915960179728188,-0.0019737694836460128,0.49945828819068255,0.5005417118093174,0.8255687973997833,0.46045503791982667,375,412,134,2,787,0.40628385698808234,0.4463705308775731,0.14517876489707476,0.0021668472372697724,-0.04008667388949079,0.19936978109603432,tested,0.515384659061093
ES,LOWER_k2,120,15,1279,942,0.7365129007036747,942,0.5212314225053079,0.47876857749469215,0.04246284501061571,-0.3578667422376513,3.3589492334780156,3.6164477182408397,-0.04438950911314945,0.4810400866738895,0.5189599133261105,0.8537378114842904,0.542795232936078,375,413,134,1,788,0.40628385698808234,0.447453954496208,0.14517876489707476,0.0010834236186348862,-0.041170097508125676,0.1874457198154716,tested,0.515384659061093
ES,LOWER_k2,120,20,1279,942,0.7365129007036747,942,0.5212314225053079,0.47876857749469215,0.04246284501061571,-0.003649669116040707,3.9138851003353388,4.135383428174311,-0.03948359448637539,0.48970747562296857,0.5102925243770314,0.866738894907909,0.5839653304442037,375,414,134,0,789,0.40628385698808234,0.4485373781148429,0.14517876489707476,0.0,-0.04225352112676056,0.17607022309745338,tested,0.5032995771567862
ES,LOWER_k2,120,30,1279,942,0.7365129007036747,942,0.5212314225053079,0.47876857749469215,0.04246284501061571,-0.32257499516688254,4.9970767604658946,4.711199085346928,-0.06361817418798203,0.4810400866738895,0.5189599133261105,0.8916576381365113,0.6663055254604551,375,414,134,0,789,0.40628385698808234,0.4485373781148429,0.14517876489707476,0.0,-0.04225352112676056,0.17607022309745338,tested,0.5032995771567862
ES,LOWER_k2,120,60,1279,942,0.7365129007036747,942,0.5212314225053079,0.47876857749469215,0.04246284501061571,-0.11004137184012933,6.589750969544296,6.418758165911972,-0.007115553271829775,0.4962080173347779,0.5037919826652221,0.9154929577464789,0.7464788732394366,375,414,134,0,789,0.40628385698808234,0.4485373781148429,0.14517876489707476,0.0,-0.04225352112676056,0.17607022309745338,tested,0.5032995771567862
ES,LOWER_k2,120,120,1279,942,0.7365129007036747,942,0.5212314225053079,0.47876857749469215,0.04246284501061571,-0.4180638230018203,8.469397824914147,7.786385238073514,0.02434252640991736,0.5124593716143012,0.4875406283856988,0.9371614301191766,0.8104008667388949,375,414,134,0,789,0.40628385698808234,0.4485373781148429,0.14517876489707476,0.0,-0.04225352112676056,0.17607022309745338,tested,0.5032995771567862
ES,LOWER_k3,1,1,1279,63,0.04925723221266615,63,0.6666666666666666,0.3333333333333333,0.3333333333333333,-0.7423880089282574,1.1905925086755578,3.5233670255934046,-0.4370959714199541,0.30158730158730157,0.6984126984126984,0.6825396825396826,0.0,13,28,22,0,41,0.20634920634920634,0.4444444444444444,0.3492063492063492,0.0,-0.23809523809523808,0.027533155829587486,tested,0.40518636888637416
ES,LOWER_k3,1,2,1279,63,0.04925723221266615,63,0.6666666666666666,0.3333333333333333,0.3333333333333333,-1.648944074927227,1.8005256012201294,4.463643918830233,-0.3060478562977853,0.3333333333333333,0.6666666666666666,0.7301587301587301,0.1111111111111111,13,28,22,0,41,0.20634920634920634,0.4444444444444444,0.3492063492063492,0.0,-0.23809523809523808,0.027533155829587486,tested,0.40518636888637416
ES,LOWER_k3,1,3,1279,63,0.04925723221266615,63,0.6666666666666666,0.3333333333333333,0.3333333333333333,-1.1776322383339453,2.002925189342899,5.2029219778733715,-0.32730243580855056,0.3492063492063492,0.6507936507936508,0.7301587301587301,0.1746031746031746,13,28,22,0,41,0.20634920634920634,0.4444444444444444,0.3492063492063492,0.0,-0.23809523809523808,0.027533155829587486,tested,0.40518636888637416
ES,LOWER_k3,1,4,1279,63,0.04925723221266615,63,0.6666666666666666,0.3333333333333333,0.3333333333333333,-2.212806273834746,2.362622317560536,5.491642079990139,-0.32730243580855056,0.3492063492063492,0.6507936507936508,0.7777777777777778,0.2222222222222222,13,28,22,0,41,0.20634920634920634,0.4444444444444444,0.3492063492063492,0.0,-0.23809523809523808,0.027533155829587486,tested,0.40518636888637416
ES,LOWER_k3,1,5,1279,63,0.04925723221266615,63,0.6666666666666666,0.3333333333333333,0.3333333333333333,-1.9955490829883298,3.0125892515780133,5.935552513002999,-0.3882745483332655,0.38095238095238093,0.6190476190476191,0.7936507936507936,0.2857142857142857,13,28,22,0,41,0.20634920634920634,0.4444444444444444,0.3492063492063492,0.0,-0.23809523809523808,0.027533155829587486,tested,0.40518636888637416
ES,LOWER_k3,1,10,1279,63,0.04925723221266615,63,0.6666666666666666,0.3333333333333333,0.3333333333333333,-1.3699853963226833,3.619921499212165,7.580545995539155,-0.25717214079754497,0.36507936507936506,0.6349206349206349,0.8571428571428571,0.3968253968253968,13,28,22,0,41,0.20634920634920634,0.4444444444444444,0.3492063492063492,0.0,-0.23809523809523808,0.027533155829587486,tested,0.40518636888637416
ES,LOWER_k3,1,15,1279,63,0.04925723221266615,63,0.6666666666666666,0.3333333333333333,0.3333333333333333,-0.4078750590903829,5.630773632062902,7.855412090387323,-0.1558942398567716,0.3492063492063492,0.6507936507936508,0.873015873015873,0.42857142857142855,13,28,22,0,41,0.20634920634920634,0.4444444444444444,0.3492063492063492,0.0,-0.23809523809523808,0.027533155829587486,tested,0.40518636888637416
ES,LOWER_k3,1,20,1279,63,0.04925723221266615,63,0.6666666666666666,0.3333333333333333,0.3333333333333333,-0.6466063783417997,5.630773632062902,10.013189353120344,-0.12646356410449347,0.42857142857142855,0.5714285714285714,0.8888888888888888,0.47619047619047616,13,28,22,0,41,0.20634920634920634,0.4444444444444444,0.3492063492063492,0.0,-0.23809523809523808,0.027533155829587486,tested,0.40518636888637416
ES,LOWER_k3,1,30,1279,63,0.04925723221266615,63,0.6666666666666666,0.3333333333333333,0.3333333333333333,-1.322574995166854,7.454534570056895,11.316841848277601,-0.08829437157796098,0.4444444444444444,0.5555555555555556,0.9047619047619048,0.5396825396825397,13,28,22,0,41,0.20634920634920634,0.4444444444444444,0.3492063492063492,0.0,-0.23809523809523808,0.027533155829587486,tested,0.40518636888637416
ES,LOWER_k3,1,60,1279,63,0.04925723221266615,63,0.6666666666666666,0.3333333333333333,0.3333333333333333,1.1968348572210006,10.860750259500344,12.40401884673871,0.06944867702813574,0.5238095238095238,0.47619047619047616,0.9365079365079365,0.6349206349206349,13,28,22,0,41,0.20634920634920634,0.4444444444444444,0.3492063492063492,0.0,-0.23809523809523808,0.027533155829587486,tested,0.40518636888637416
ES,LOWER_k3,1,120,1279,63,0.04925723221266615,63,0.6666666666666666,0.3333333333333333,0.3333333333333333,3.2090434631093583,14.141295944172429,13.715013242809352,0.17455005497191453,0.5873015873015873,0.4126984126984127,0.9523809523809523,0.7142857142857143,13,28,22,0,41,0.20634920634920634,0.4444444444444444,0.3492063492063492,0.0,-0.23809523809523808,0.027533155829587486,tested,0.40518636888637416
ES,LOWER_k3,2,1,1279,128,0.10007818608287725,128,0.5546875,0.4453125,0.109375,-0.1276742747873763,1.4226869064337504,1.802221507761748,-0.2553510650419247,0.4375,0.5625,0.6015625,0.0,49,51,28,0,100,0.3828125,0.3984375,0.21875,0.0,-0.015625,0.9204107626128221,tested,1.0
ES,LOWER_k3,2,2,1279,128,0.10007818608287725,128,0.5546875,0.4453125,0.109375,-0.13598473786601928,1.8302432161189532,2.407362092114207,-0.22044769839436176,0.4453125,0.5546875,0.640625,0.109375,49,51,28,0,100,0.3828125,0.3984375,0.21875,0.0,-0.015625,0.9204107626128221,tested,1.0
ES,LOWER_k3,2,3,1279,128,0.10007818608287725,128,0.5546875,0.4453125,0.109375,-0.7889962803785984,2.0293393720854356,3.2130894012885287,-0.2255618530395027,0.453125,0.546875,0.671875,0.203125,49,51,28,0,100,0.3828125,0.3984375,0.21875,0.0,-0.015625,0.9204107626128221,tested,1.0
ES,LOWER_k3,2,4,1279,128,0.10007818608287725,128,0.5546875,0.4453125,0.109375,-0.6750675330657891,2.8298968278113623,3.5844528798510424,-0.21874093147456425,0.4375,0.5625,0.7421875,0.265625,49,51,28,0,100,0.3828125,0.3984375,0.21875,0.0,-0.015625,0.9204107626128221,tested,1.0
ES,LOWER_k3,2,5,1279,128,0.10007818608287725,128,0.5546875,0.4453125,0.109375,-0.7723587867541333,3.2915677359505144,4.075166821820998,-0.096322676754282,0.4609375,0.5390625,0.7734375,0.328125,49,51,28,0,100,0.3828125,0.3984375,0.21875,0.0,-0.015625,0.9204107626128221,tested,1.0
ES,LOWER_k3,2,10,1279,128,0.10007818608287725,128,0.5546875,0.4453125,0.109375,-0.5186487487546015,4.361414809342955,5.046867952228473,-0.07693829794412575,0.46875,0.53125,0.8125,0.4375,49,51,28,0,100,0.3828125,0.3984375,0.21875,0.0,-0.015625,0.9204107626128221,tested,1.0
ES,LOWER_k3,2,15,1279,128,0.10007818608287725,128,0.5546875,0.4453125,0.109375,-0.09311950191902145,5.442258351022664,5.856281935900174,-0.10340093672246195,0.4375,0.5625,0.84375,0.515625,49,51,28,0,100,0.3828125,0.3984375,0.21875,0.0,-0.015625,0.9204107626128221,tested,1.0
ES,LOWER_k3,2,20,1279,128,0.10007818608287725,128,0.5546875,0.4453125,0.109375,0.3324475057028461,5.565183482247437,6.5033817574802395,-0.06345734826585003,0.4921875,0.5078125,0.8828125,0.546875,49,51,28,0,100,0.3828125,0.3984375,0.21875,0.0,-0.015625,0.9204107626128221,tested,1.0
ES,LOWER_k3,2,30,1279,128,0.10007818608287725,128,0.5546875,0.4453125,0.109375,-1.1837502667863578,7.542334145628757,8.180013241796336,-0.0013529913441953645,0.5,0.5,0.8984375,0.6328125,49,51,28,0,100,0.3828125,0.3984375,0.21875,0.0,-0.015625,0.9204107626128221,tested,1.0
ES,LOWER_k3,2,60,1279,128,0.10007818608287725,128,0.5546875,0.4453125,0.109375,0.48431848909523495,9.566369859816621,11.517462321085914,0.022575203459950607,0.5078125,0.4921875,0.9453125,0.734375,49,51,28,0,100,0.3828125,0.3984375,0.21875,0.0,-0.015625,0.9204107626128221,tested,1.0
ES,LOWER_k3,2,120,1279,128,0.10007818608287725,128,0.5546875,0.4453125,0.109375,-0.8830141003868518,13.234474809794722,13.210699472939426,0.0494323549847623,0.53125,0.46875,0.9609375,0.7890625,49,51,28,0,100,0.3828125,0.3984375,0.21875,0.0,-0.015625,0.9204107626128221,tested,1.0
ES,LOWER_k3,3,1,1279,205,0.1602814698983581,204,0.5317073170731708,0.4634146341463415,0.06829268292682927,-0.18134294632939904,1.1905925086755578,1.6005915128732136,-0.2598481886892511,0.43414634146341463,0.5658536585365853,0.6146341463414634,0.0,75,83,41,6,158,0.36585365853658536,0.40487804878048783,0.2,0.02926829268292683,-0.03902439024390244,0.577742835865374,tested,0.9902956569849932
ES,LOWER_k3,3,2,1279,205,0.1602814698983581,204,0.5317073170731708,0.4634146341463415,0.06829268292682927,0.0028648741206242015,1.774225581313402,2.1251751583665905,-0.21948270094871988,0.45365853658536587,0.5463414634146342,0.6634146341463415,0.09268292682926829,76,84,43,2,160,0.37073170731707317,0.4097560975609756,0.2097560975609756,0.00975609756097561,-0.03902439024390244,0.5801292063047089,tested,0.9902956569849932
ES,LOWER_k3,3,3,1279,205,0.1602814698983581,204,0.5317073170731708,0.4634146341463415,0.06829268292682927,-0.7423880089282574,2.002925189342899,2.6392778327747166,-0.224332667553972,0.4585365853658537,0.5414634146341464,0.6926829268292682,0.2048780487804878,76,85,43,1,161,0.37073170731707317,0.4146341463414634,0.2097560975609756,0.004878048780487805,-0.04390243902439024,0.5285056825149881,tested,0.9616419185611061
ES,LOWER_k3,3,4,1279,205,0.1602814698983581,204,0.5317073170731708,0.4634146341463415,0.06829268292682927,-0.3635129756075982,2.6535542852552987,3.0366782153307517,-0.1327378625415544,0.45365853658536587,0.5463414634146342,0.7463414634146341,0.2634146341463415,77,85,43,0,162,0.375609756097561,0.4146341463414634,0.2097560975609756,0.0,-0.03902439024390244,0.5824757301133331,tested,0.9902956569849932
ES,LOWER_k3,3,5,1279,205,0.1602814698983581,204,0.5317073170731708,0.4634146341463415,0.06829268292682927,-0.15395010584882773,3.0125892515780133,3.476824696784072,-0.06481741865094856,0.47317073170731705,0.5219512195121951,0.7707317073170732,0.3121951219512195,77,85,43,0,162,0.375609756097561,0.4146341463414634,0.2097560975609756,0.0,-0.03902439024390244,0.5824757301133331,tested,0.9902956569849932
ES,LOWER_k3,3,10,1279,205,0.1602814698983581,204,0.5317073170731708,0.4634146341463415,0.06829268292682927,-0.28217066474766733,4.096060291544782,4.528970948508798,0.00993834123896111,0.5024390243902439,0.4975609756097561,0.8,0.4585365853658537,77,85,43,0,162,0.375609756097561,0.4146341463414634,0.2097560975609756,0.0,-0.03902439024390244,0.5824757301133331,tested,0.9902956569849932
ES,LOWER_k3,3,15,1279,205,0.1602814698983581,204,0.5317073170731708,0.4634146341463415,0.06829268292682927,-0.03228889798988016,5.350731955146571,5.466324921961765,-0.04421286240631156,0.47317073170731705,0.526829268292683,0.8292682926829268,0.526829268292683,77,85,43,0,162,0.375609756097561,0.4146341463414634,0.2097560975609756,0.0,-0.03902439024390244,0.5824757301133331,tested,0.9902956569849932
ES,LOWER_k3,3,20,1279,205,0.1602814698983581,204,0.5317073170731708,0.4634146341463415,0.06829268292682927,0.2795941372243301,5.630773632062902,6.079162611381932,0.014671060807064781,0.5073170731707317,0.4926829268292683,0.8634146341463415,0.5707317073170731,77,85,43,0,162,0.375609756097561,0.4146341463414634,0.2097560975609756,0.0,-0.03902439024390244,0.5824757301133331,tested,0.9902956569849932
ES,LOWER_k3,3,30,1279,205,0.1602814698983581,204,0.5317073170731708,0.4634146341463415,0.06829268292682927,-0.4999999999999346,6.770690074010337,7.016858148464632,0.027027027027027105,0.5121951219512195,0.4878048780487805,0.8829268292682927,0.6439024390243903,77,85,43,0,162,0.375609756097561,0.4146341463414634,0.2097560975609756,0.0,-0.03902439024390244,0.5824757301133331,tested,0.9902956569849932
ES,LOWER_k3,3,60,1279,205,0.1602814698983581,204,0.5317073170731708,0.4634146341463415,0.06829268292682927,1.16875265545164,9.506045427201796,8.999999999998822,0.049265340851889064,0.5121951219512195,0.4878048780487805,0.9414634146341463,0.7365853658536585,77,85,43,0,162,0.375609756097561,0.4146341463414634,0.2097560975609756,0.0,-0.03902439024390244,0.5824757301133331,tested,0.9902956569849932
ES,LOWER_k3,3,120,1279,205,0.1602814698983581,204,0.5317073170731708,0.4634146341463415,0.06829268292682927,0.4502657527434532,12.462031607692326,10.74018059579669,0.10840328170395215,0.551219512195122,0.44878048780487806,0.9512195121951219,0.7951219512195122,77,85,43,0,162,0.375609756097561,0.4146341463414634,0.2097560975609756,0.0,-0.03902439024390244,0.5824757301133331,tested,0.9902956569849932
ES,LOWER_k3,4,1,1279,251,0.1962470680218921,250,0.5258964143426295,0.4701195219123506,0.055776892430278883,-0.04627144741226873,1.314218802803343,1.489042841185258,-0.17566060333979291,0.456,0.544,0.632,0.0,91,98,53,8,189,0.364,0.392,0.212,0.032,-0.028,0.66263466348948,tested,1.0
ES,LOWER_k3,4,2,1279,251,0.1962470680218921,250,0.5258964143426295,0.4701195219123506,0.055776892430278883,0.014466493787064515,1.8015633154927058,1.9621892320234142,-0.11564166440583235,0.472,0.528,0.68,0.096,93,100,55,2,193,0.372,0.4,0.22,0.008,-0.028,0.6659330459055764,tested,1.0
ES,LOWER_k3,4,3,1279,251,0.1962470680218921,250,0.5258964143426295,0.4701195219123506,0.055776892430278883,-0.3767682067521121,2.1383954894975608,2.372506480065975,-0.09383041528961705,0.48,0.52,0.712,0.2,93,101,55,1,194,0.372,0.404,0.22,0.004,-0.032,0.6153807408843832,tested,1.0
ES,LOWER_k3,4,4,1279,251,0.1962470680218921,250,0.5258964143426295,0.4701195219123506,0.055776892430278883,0.10334163434009094,2.859225287781676,2.810064021635787,-0.033757662965504025,0.484,0.516,0.764,0.252,94,101,55,0,195,0.376,0.404,0.22,0.0,-0.028,0.6675464173424223,tested,1.0
ES,LOWER_k3,4,5,1279,251,0.1962470680218921,250,0.5258964143426295,0.4701195219123506,0.055776892430278883,0.40588300072279426,3.2421052347153365,3.067833197620294,0.02054687187398016,0.504,0.492,0.784,0.292,94,101,55,0,195,0.376,0.404,0.22,0.0,-0.028,0.6675464173424223,tested,1.0
ES,LOWER_k3,4,10,1279,251,0.1962470680218921,250,0.5258964143426295,0.4701195219123506,0.055776892430278883,-0.12004625938834726,4.387294767428976,4.022040356279563,0.057340635760375666,0.536,0.464,0.808,0.444,94,101,55,0,195,0.376,0.404,0.22,0.0,-0.028,0.6675464173424223,tested,1.0
ES,LOWER_k3,4,15,1279,251,0.1962470680218921,250,0.5258964143426295,0.4701195219123506,0.055776892430278883,0.25888027118286183,5.460933460931056,4.980918282028144,0.01698992290174134,0.504,0.496,0.832,0.508,94,101,55,0,195,0.376,0.404,0.22,0.0,-0.028,0.6675464173424223,tested,1.0
ES,LOWER_k3,4,20,1279,251,0.1962470680218921,250,0.5258964143426295,0.4701195219123506,0.055776892430278883,0.448178693880285,5.957130146191471,5.553662528119396,0.03269496407589442,0.524,0.476,0.86,0.556,94,101,55,0,195,0.376,0.404,0.22,0.0,-0.028,0.6675464173424223,tested,1.0
ES,LOWER_k3,4,30,1279,251,0.1962470680218921,250,0.5258964143426295,0.4701195219123506,0.055776892430278883,0.09216710011647736,7.272282643370602,6.64002949730321,0.08824592733611093,0.528,0.472,0.88,0.636,94,101,55,0,195,0.376,0.404,0.22,0.0,-0.028,0.6675464173424223,tested,1.0
ES,LOWER_k3,4,60,1279,251,0.1962470680218921,250,0.5258964143426295,0.4701195219123506,0.055776892430278883,1.261248542670828,9.515367664632848,8.07753560574941,0.147943239387255,0.54,0.46,0.936,0.724,94,101,55,0,195,0.376,0.404,0.22,0.0,-0.028,0.6675464173424223,tested,1.0
ES,LOWER_k3,4,120,1279,251,0.1962470680218921,250,0.5258964143426295,0.4701195219123506,0.055776892430278883,0.46669147225420926,12.371844401778041,10.182145564718356,0.13720344561972309,0.564,0.436,0.948,0.784,94,101,55,0,195,0.376,0.404,0.22,0.0,-0.028,0.6675464173424223,tested,1.0
ES,LOWER_k3,5,1,1279,304,0.23768569194683348,303,0.5098684210526315,0.4868421052631579,0.023026315789473683,-0.018470916033328864,1.3325592054683553,1.489042841185258,-0.12673104645113845,0.4602649006622517,0.5397350993377483,0.6225165562913907,0.0,111,117,65,9,228,0.3675496688741722,0.38741721854304634,0.2152317880794702,0.029801324503311258,-0.019867549668874173,0.7406259302520624,tested,1.0
ES,LOWER_k3,5,2,1279,304,0.23768569194683348,303,0.5098684210526315,0.4868421052631579,0.023026315789473683,0.014466493787064515,1.8015633154927058,1.8619187491923614,-0.06693693180500168,0.48344370860927155,0.5165562913907285,0.6788079470198676,0.10264900662251655,113,119,67,3,232,0.3741721854304636,0.39403973509933776,0.22185430463576158,0.009933774834437087,-0.019867549668874173,0.74279058210124,tested,1.0
ES,LOWER_k3,5,3,1279,304,0.23768569194683348,303,0.5098684210526315,0.4868421052631579,0.023026315789473683,-0.1592687546061513,2.0693369004037674,2.178920079494782,-0.08135423926063393,0.4867549668874172,0.5132450331125827,0.7086092715231788,0.1986754966887417,113,120,67,2,233,0.3741721854304636,0.3973509933774834,0.22185430463576158,0.006622516556291391,-0.023178807947019868,0.6943539507711092,tested,1.0
ES,LOWER_k3,5,4,1279,304,0.23768569194683348,303,0.5098684210526315,0.4868421052631579,0.023026315789473683,-0.09043525484554323,2.835755715205662,2.722794653872845,-0.01248423731249815,0.4966887417218543,0.5033112582781457,0.7582781456953642,0.26490066225165565,115,120,67,0,235,0.38079470198675497,0.3973509933774834,0.22185430463576158,0.0,-0.016556291390728478,0.7942124764454636,tested,1.0
ES,LOWER_k3,5,5,1279,304,0.23768569194683348,303,0.5098684210526315,0.4868421052631579,0.023026315789473683,0.2648502977446347,3.233082517780423,2.913627225796237,0.02054687187398016,0.5066225165562914,0.4900662251655629,0.7814569536423841,0.2980132450331126,115,120,67,0,235,0.38079470198675497,0.3973509933774834,0.22185430463576158,0.0,-0.016556291390728478,0.7942124764454636,tested,1.0
ES,LOWER_k3,5,10,1279,304,0.23768569194683348,303,0.5098684210526315,0.4868421052631579,0.023026315789473683,-0.5369443885823213,4.257561055796221,4.024149497317684,0.026745691233001696,0.5198675496688742,0.48013245033112584,0.8178807947019867,0.4602649006622517,115,120,67,0,235,0.38079470198675497,0.3973509933774834,0.22185430463576158,0.0,-0.016556291390728478,0.7942124764454636,tested,1.0
ES,LOWER_k3,5,15,1279,304,0.23768569194683348,303,0.5098684210526315,0.4868421052631579,0.023026315789473683,-0.01458043575983518,5.300302937508928,5.135185425556455,-0.016064397030625382,0.4900662251655629,0.5099337748344371,0.8410596026490066,0.5198675496688742,115,120,67,0,235,0.38079470198675497,0.3973509933774834,0.22185430463576158,0.0,-0.016556291390728478,0.7942124764454636,tested,1.0
ES,LOWER_k3,5,20,1279,304,0.23768569194683348,303,0.5098684210526315,0.4868421052631579,0.023026315789473683,0.3324475057028461,5.7113306922016704,5.520624326270207,0.013085924696087433,0.5066225165562914,0.49337748344370863,0.8675496688741722,0.5662251655629139,115,120,67,0,235,0.38079470198675497,0.3973509933774834,0.22185430463576158,0.0,-0.016556291390728478,0.7942124764454636,tested,1.0
ES,LOWER_k3,5,30,1279,304,0.23768569194683348,303,0.5098684210526315,0.4868421052631579,0.023026315789473683,-0.09091371352512423,6.744573286083549,6.364728460304175,0.020796359527380924,0.5132450331125827,0.4867549668874172,0.890728476821192,0.6423841059602649,115,120,67,0,235,0.38079470198675497,0.3973509933774834,0.22185430463576158,0.0,-0.016556291390728478,0.7942124764454636,tested,1.0
ES,LOWER_k3,5,60,1279,304,0.23768569194683348,303,0.5098684210526315,0.4868421052631579,0.023026315789473683,0.6465457046543233,9.170684858590693,8.024612738331651,0.06781262379420691,0.5198675496688742,0.48013245033112584,0.9403973509933775,0.7284768211920529,115,120,67,0,235,0.38079470198675497,0.3973509933774834,0.22185430463576158,0.0,-0.016556291390728478,0.7942124764454636,tested,1.0
ES,LOWER_k3,5,120,1279,304,0.23768569194683348,303,0.5098684210526315,0.4868421052631579,0.023026315789473683,0.13633127016625735,11.498981361184104,10.366652055193388,0.08785891926374394,0.5397350993377483,0.4602649006622517,0.9503311258278145,0.7781456953642384,115,120,67,0,235,0.38079470198675497,0.3973509933774834,0.22185430463576158,0.0,-0.016556291390728478,0.7942124764454636,tested,1.0
ES,LOWER_k3,10,1,1279,460,0.3596559812353401,459,0.5152173913043478,0.4826086956521739,0.03260869565217391,-0.06534138314508314,1.1429617810504609,1.3125728220028505,-0.12934911843411623,0.45154185022026433,0.5484581497797357,0.6167400881057269,0.0,164,183,85,22,347,0.36123348017621143,0.40308370044052866,0.18722466960352424,0.048458149779735685,-0.04185022026431718,0.3339069144010993,tested,0.7041871310245406
ES,LOWER_k3,10,2,1279,460,0.3596559812353401,459,0.5152173913043478,0.4826086956521739,0.03260869565217391,0.00490991672672317,1.5870667368551827,1.7955084320960668,-0.11172886467654412,0.46255506607929514,0.5374449339207048,0.6872246696035242,0.0881057268722467,167,190,88,9,357,0.36784140969163,0.4185022026431718,0.19383259911894274,0.019823788546255508,-0.05066079295154185,0.24423791409042153,tested,0.5895817976048081
ES,LOWER_k3,10,3,1279,460,0.3596559812353401,459,0.5152173913043478,0.4826086956521739,0.03260869565217391,-0.2857716391522431,1.822955991547829,2.118065890605621,-0.09383041528961705,0.47577092511013214,0.5242290748898678,0.7158590308370044,0.19383259911894274,168,193,88,5,361,0.3700440528634361,0.4251101321585903,0.19383259911894274,0.011013215859030838,-0.05506607929515418,0.2064703084750197,tested,0.5287387793751828
ES,LOWER_k3,10,4,1279,460,0.3596559812353401,459,0.5152173913043478,0.4826086956521739,0.03260869565217391,-0.30912534355832333,2.294347554933529,2.416190742224954,-0.047889629934757975,0.486784140969163,0.513215859030837,0.762114537444934,0.2665198237885463,171,195,88,0,366,0.3766519823788546,0.42951541850220265,0.19383259911894274,0.0,-0.05286343612334802,0.22922779524840636,tested,0.556121568422199
ES,LOWER_k3,10,5,1279,460,0.3596559812353401,459,0.5152173913043478,0.4826086956521739,0.03260869565217391,-0.15141034843412882,2.625259984849322,2.648067213868956,-0.03708757136736753,0.4889867841409692,0.5088105726872246,0.7863436123348018,0.30616740088105726,171,195,88,0,366,0.3766519823788546,0.42951541850220265,0.19383259911894274,0.0,-0.05286343612334802,0.22922779524840636,tested,0.556121568422199
ES,LOWER_k3,10,10,1279,460,0.3596559812353401,459,0.5152173913043478,0.4826086956521739,0.03260869565217391,-0.5778985751088965,3.664338204353389,3.6399899203784143,-0.0316948283826011,0.48237885462555063,0.5176211453744494,0.8237885462555066,0.4779735682819383,171,195,88,0,366,0.3766519823788546,0.42951541850220265,0.19383259911894274,0.0,-0.05286343612334802,0.22922779524840636,tested,0.556121568422199
ES,LOWER_k3,10,15,1279,460,0.3596559812353401,459,0.5152173913043478,0.4826086956521739,0.03260869565217391,-0.04112931590065576,4.482150991947473,4.627200734488416,-0.03323229186480277,0.47577092511013214,0.5242290748898678,0.8458149779735683,0.5418502202643172,171,195,88,0,366,0.3766519823788546,0.42951541850220265,0.19383259911894274,0.0,-0.05286343612334802,0.22922779524840636,tested,0.556121568422199
ES,LOWER_k3,10,20,1279,460,0.3596559812353401,459,0.5152173913043478,0.4826086956521739,0.03260869565217391,0.1844446815486644,5.065007625677287,5.014363837952781,-0.016140509283407753,0.4955947136563877,0.5044052863436124,0.8634361233480177,0.579295154185022,171,195,88,0,366,0.3766519823788546,0.42951541850220265,0.19383259911894274,0.0,-0.05286343612334802,0.22922779524840636,tested,0.556121568422199
ES,LOWER_k3,10,30,1279,460,0.3596559812353401,459,0.5152173913043478,0.4826086956521739,0.03260869565217391,-0.15313526431013355,6.2920658169049215,6.094698726305101,0.004446004435752599,0.5022026431718062,0.4977973568281938,0.8898678414096917,0.6629955947136564,171,195,88,0,366,0.3766519823788546,0.42951541850220265,0.19383259911894274,0.0,-0.05286343612334802,0.22922779524840636,tested,0.556121568422199
ES,LOWER_k3,10,60,1279,460,0.3596559812353401,459,0.5152173913043478,0.4826086956521739,0.03260869565217391,0.2393253751769513,7.959883139725771,7.693425942722779,0.0185705972541354,0.5066079295154186,0.4933920704845815,0.9361233480176211,0.7466960352422908,171,195,88,0,366,0.3766519823788546,0.42951541850220265,0.19383259911894274,0.0,-0.05286343612334802,0.22922779524840636,tested,0.556121568422199
ES,LOWER_k3,10,120,1279,460,0.3596559812353401,459,0.5152173913043478,0.4826086956521739,0.03260869565217391,-0.04819583120626893,10.424107311321077,9.986720415453611,0.03322833442236865,0.5220264317180616,0.4779735682819383,0.9427312775330396,0.788546255506608,171,195,88,0,366,0.3766519823788546,0.42951541850220265,0.19383259911894274,0.0,-0.05286343612334802,0.22922779524840636,tested,0.556121568422199
ES,LOWER_k3,15,1,1279,535,0.418295543393276,534,0.525233644859813,0.47289719626168225,0.052336448598130844,-0.1233978229014926,1.0862248498083573,1.339958523133474,-0.16168455131946755,0.44212523719165087,0.5578747628083491,0.6015180265654649,0.0,184,215,95,33,399,0.349146110056926,0.4079696394686907,0.18026565464895636,0.06261859582542695,-0.058823529411764705,0.13302680380804788,tested,0.46996330688390636
ES,LOWER_k3,15,2,1279,535,0.418295543393276,534,0.525233644859813,0.47289719626168225,0.052336448598130844,-0.06503433454164122,1.4912575715512193,1.8192279002119176,-0.1372515154568342,0.45540796963946867,0.5445920303605313,0.6698292220113852,0.09108159392789374,190,226,98,13,416,0.3605313092979127,0.428842504743833,0.1859582542694497,0.024667931688804556,-0.0683111954459203,0.08603664998258834,tested,0.40518636888637416
ES,LOWER_k3,15,3,1279,535,0.418295543393276,534,0.525233644859813,0.47289719626168225,0.052336448598130844,-0.2826316206501028,1.6684007451418281,2.139294805946241,-0.11955676141029216,0.4648956356736243,0.5351043643263758,0.698292220113852,0.18975332068311196,191,229,98,9,420,0.36242884250474383,0.43453510436432635,0.1859582542694497,0.017077798861480076,-0.07210626185958255,0.07088305778641342,tested,0.40518636888637416
ES,LOWER_k3,15,4,1279,535,0.418295543393276,534,0.525233644859813,0.47289719626168225,0.052336448598130844,-0.3095063685518321,2.0796409610898308,2.417497181852133,-0.05397122322536359,0.48007590132827327,0.5199240986717267,0.7438330170777988,0.2713472485768501,196,231,98,2,427,0.3719165085388994,0.43833017077798864,0.1859582542694497,0.003795066413662239,-0.06641366223908918,0.09977941312179968,tested,0.41351184686127473
ES,LOWER_k3,15,5,1279,535,0.418295543393276,534,0.525233644859813,0.47289719626168225,0.052336448598130844,-0.21480052982346626,2.3462982497464493,2.637715581345268,-0.04636243217525286,0.4838709677419355,0.5142314990512334,0.7741935483870968,0.31309297912713474,196,232,98,1,428,0.3719165085388994,0.44022770398481975,0.1859582542694497,0.0018975332068311196,-0.0683111954459203,0.09056918132878881,tested,0.40518636888637416
ES,LOWER_k3,15,10,1279,535,0.418295543393276,534,0.525233644859813,0.47289719626168225,0.052336448598130844,-0.48386249275007764,3.393620130909747,3.633237790257077,-0.03346251483566849,0.4819734345351044,0.5180265654648957,0.8140417457305503,0.4876660341555977,196,233,98,0,429,0.3719165085388994,0.44212523719165087,0.1859582542694497,0.0,-0.07020872865275142,0.08207353648523566,tested,0.40518636888637416
ES,LOWER_k3,15,15,1279,535,0.418295543393276,534,0.525233644859813,0.47289719626168225,0.052336448598130844,-0.04996973381143136,4.200171230840297,4.442529625256873,-0.04443858105126612,0.47058823529411764,0.5294117647058824,0.8368121442125237,0.5502846299810247,196,233,98,0,429,0.3719165085388994,0.44212523719165087,0.1859582542694497,0.0,-0.07020872865275142,0.08207353648523566,tested,0.40518636888637416
ES,LOWER_k3,15,20,1279,535,0.418295543393276,534,0.525233644859813,0.47289719626168225,0.052336448598130844,0.07836562149709947,4.734536436801719,4.961161351381855,-0.035198481337581355,0.48956356736242884,0.5104364326375711,0.8519924098671727,0.5844402277039848,196,233,98,0,429,0.3719165085388994,0.44212523719165087,0.1859582542694497,0.0,-0.07020872865275142,0.08207353648523566,tested,0.40518636888637416
ES,LOWER_k3,15,30,1279,535,0.418295543393276,534,0.525233644859813,0.47289719626168225,0.052336448598130844,-0.1212151183902286,5.893449159116753,6.049529429913073,-0.003907668463248929,0.4990512333965844,0.5009487666034156,0.8785578747628083,0.6584440227703985,196,233,98,0,429,0.3719165085388994,0.44212523719165087,0.1859582542694497,0.0,-0.07020872865275142,0.08207353648523566,tested,0.40518636888637416
ES,LOWER_k3,15,60,1279,535,0.418295543393276,534,0.525233644859813,0.47289719626168225,0.052336448598130844,0.26911763447452974,7.6042186877749565,7.338263024365443,0.01513585489639712,0.5104364326375711,0.48956356736242884,0.9240986717267552,0.7419354838709677,196,233,98,0,429,0.3719165085388994,0.44212523719165087,0.1859582542694497,0.0,-0.07020872865275142,0.08207353648523566,tested,0.40518636888637416
ES,LOWER_k3,15,120,1279,535,0.418295543393276,534,0.525233644859813,0.47289719626168225,0.052336448598130844,-0.2689005676123555,9.95699567894576,9.785976020842623,0.03234381098750421,0.5199240986717267,0.48007590132827327,0.9335863377609108,0.7874762808349146,196,233,98,0,429,0.3719165085388994,0.44212523719165087,0.1859582542694497,0.0,-0.07020872865275142,0.08207353648523566,tested,0.40518636888637416
ES,LOWER_k3,20,1,1279,600,0.4691164972634871,599,0.5166666666666667,0.4816666666666667,0.035,-0.06221185805837461,1.0422940958233233,1.2522742049892353,-0.15609938571618506,0.4433164128595601,0.55668358714044,0.6040609137055838,0.0,206,239,100,46,445,0.34856175972927245,0.40439932318104904,0.1692047377326565,0.077834179357022,-0.05583756345177665,0.1291871597247283,tested,0.46539841547641075
ES,LOWER_k3,20,2,1279,600,0.4691164972634871,599,0.5166666666666667,0.4816666666666667,0.035,-0.006224073094798072,1.4132809994745088,1.7278108172470372,-0.10390096794279609,0.4619289340101523,0.5380710659898477,0.676818950930626,0.09475465313028765,215,254,105,17,469,0.3637901861252115,0.42978003384094754,0.17766497461928935,0.028764805414551606,-0.06598984771573604,0.0792035703427445,tested,0.40518636888637416
ES,LOWER_k3,20,3,1279,600,0.4691164972634871,599,0.5166666666666667,0.4816666666666667,0.035,-0.21139395462093605,1.6456686108785328,2.0059484645932426,-0.09522553082414169,0.47377326565143824,0.5262267343485617,0.7038917089678511,0.1895093062605753,218,258,105,10,476,0.3688663282571912,0.4365482233502538,0.17766497461928935,0.01692047377326565,-0.0676818950930626,0.07373566844322901,tested,0.40518636888637416
ES,LOWER_k3,20,4,1279,600,0.4691164972634871,599,0.5166666666666667,0.4816666666666667,0.035,-0.23827614630504873,2.0375398737925674,2.259138341456859,-0.03092969266989438,0.4890016920473773,0.5109983079526227,0.7495769881556683,0.2673434856175973,224,260,105,2,484,0.3790186125211506,0.43993231810490696,0.17766497461928935,0.00338409475465313,-0.06091370558375635,0.11153564080456961,tested,0.42858878891888863
ES,LOWER_k3,20,5,1279,600,0.4691164972634871,599,0.5166666666666667,0.4816666666666667,0.035,-0.15395010584865024,2.284619074272982,2.50064977285396,-0.03418718918920997,0.4890016920473773,0.5093062605752962,0.7800338409475466,0.3096446700507614,224,261,105,1,485,0.3790186125211506,0.4416243654822335,0.17766497461928935,0.001692047377326565,-0.06260575296108291,0.10201849704977317,tested,0.41351184686127473
ES,LOWER_k3,20,10,1279,600,0.4691164972634871,599,0.5166666666666667,0.4816666666666667,0.035,-0.2543741080654291,3.308326373939982,3.445376981598244,-0.014671695397191816,0.4906937394247039,0.5093062605752962,0.8189509306260575,0.4856175972927242,224,262,105,0,486,0.3790186125211506,0.4433164128595601,0.17766497461928935,0.0,-0.06429780033840947,0.09317594011284666,tested,0.40518636888637416
ES,LOWER_k3,20,15,1279,600,0.4691164972634871,599,0.5166666666666667,0.4816666666666667,0.035,-0.04996973381143136,4.17516904661167,4.05021006302133,-0.021498754572570118,0.4856175972927242,0.5143824027072758,0.8426395939086294,0.5499153976311336,224,262,105,0,486,0.3790186125211506,0.4433164128595601,0.17766497461928935,0.0,-0.06429780033840947,0.09317594011284666,tested,0.40518636888637416
ES,LOWER_k3,20,20,1279,600,0.4691164972634871,599,0.5166666666666667,0.4816666666666667,0.035,0.09125902391564238,4.708028644455633,4.504010275335719,0.011606157364440123,0.5076142131979695,0.49238578680203043,0.856175972927242,0.5888324873096447,224,262,105,0,486,0.3790186125211506,0.4433164128595601,0.17766497461928935,0.0,-0.06429780033840947,0.09317594011284666,tested,0.40518636888637416
ES,LOWER_k3,20,30,1279,600,0.4691164972634871,599,0.5166666666666667,0.4816666666666667,0.035,-0.07143881944834758,5.850810251342258,5.491642079990139,0.014565692027734741,0.5093062605752962,0.4906937394247039,0.883248730964467,0.6582064297800339,224,262,105,0,486,0.3790186125211506,0.4433164128595601,0.17766497461928935,0.0,-0.06429780033840947,0.09317594011284666,tested,0.40518636888637416
ES,LOWER_k3,20,60,1279,600,0.4691164972634871,599,0.5166666666666667,0.4816666666666667,0.035,0.21803197543666816,7.351640754120589,7.204680881751502,0.038656622558300956,0.5177664974619289,0.48223350253807107,0.9272419627749577,0.7428087986463621,224,262,105,0,486,0.3790186125211506,0.4433164128595601,0.17766497461928935,0.0,-0.06429780033840947,0.09317594011284666,tested,0.40518636888637416
ES,LOWER_k3,20,120,1279,600,0.4691164972634871,599,0.5166666666666667,0.4816666666666667,0.035,-0.11980896676953535,9.579316799289357,9.46832812096309,0.03496502308490323,0.5228426395939086,0.47715736040609136,0.937394247038917,0.7901861252115059,224,262,105,0,486,0.3790186125211506,0.4433164128595601,0.17766497461928935,0.0,-0.06429780033840947,0.09317594011284666,tested,0.40518636888637416
ES,LOWER_k3,30,1,1279,676,0.5285379202501954,675,0.5177514792899408,0.4807692307692308,0.03698224852071006,-0.06221185805837461,0.9902634206356721,1.232505032104497,-0.14318045071608634,0.44377811094452774,0.5562218890554723,0.6041979010494752,0.0,225,272,106,64,497,0.3373313343328336,0.4077961019490255,0.15892053973013492,0.095952023988006,-0.0704647676161919,0.03896920989146355,tested,0.40518636888637416
ES,LOWER_k3,30,2,1279,676,0.5285379202501954,675,0.5177514792899408,0.4807692307692308,0.03698224852071006,-0.10361002799393683,1.3274590047509416,1.6846657902773103,-0.1372515154568342,0.45577211394302847,0.5442278860569715,0.6731634182908546,0.10194902548725637,238,293,111,25,531,0.3568215892053973,0.43928035982008995,0.1664167916041979,0.037481259370314844,-0.08245877061469266,0.01902412710778843,tested,0.40518636888637416
ES,LOWER_k3,30,3,1279,676,0.5285379202501954,675,0.5177514792899408,0.4807692307692308,0.03698224852071006,-0.28938058239100317,1.5869457581613673,1.9472276219597642,-0.11586333718878446,0.4617691154422789,0.5382308845577212,0.7031484257871065,0.19790104947526238,242,299,111,15,541,0.36281859070464767,0.4482758620689655,0.1664167916041979,0.022488755622188907,-0.08545727136431784,0.015978190746442224,tested,0.40518636888637416
ES,LOWER_k3,30,4,1279,676,0.5285379202501954,675,0.5177514792899408,0.4807692307692308,0.03698224852071006,-0.3585867002331356,1.8283742574020194,2.2352251072343776,-0.07396010744727954,0.4707646176911544,0.5292353823088456,0.7466266866566716,0.27136431784107945,248,304,111,4,552,0.37181409295352325,0.45577211394302847,0.1664167916041979,0.005997001499250375,-0.08395802098950525,0.019152779561311464,tested,0.40518636888637416
ES,LOWER_k3,30,5,1279,676,0.5285379202501954,675,0.5177514792899408,0.4807692307692308,0.03698224852071006,-0.2838771345769622,2.0920105487488043,2.50064977285396,-0.09100831569185176,0.4707646176911544,0.527736131934033,0.775112443778111,0.3118440779610195,248,306,111,2,554,0.37181409295352325,0.4587706146926537,0.1664167916041979,0.0029985007496251873,-0.08695652173913043,0.015372756304995119,tested,0.40518636888637416
ES,LOWER_k3,30,10,1279,676,0.5285379202501954,675,0.5177514792899408,0.4807692307692308,0.03698224852071006,-0.5188282974067114,3.086957281848699,3.4378538298695096,-0.05240575336271526,0.47226386806596704,0.527736131934033,0.8200899550224887,0.47976011994003,248,308,111,0,556,0.37181409295352325,0.4617691154422789,0.1664167916041979,0.0,-0.08995502248875563,0.012275020532537055,tested,0.40518636888637416
ES,LOWER_k3,30,15,1279,676,0.5285379202501954,675,0.5177514792899408,0.4807692307692308,0.03698224852071006,-0.23413666281233755,3.964952609569794,4.0117099101413425,-0.0691353855386159,0.46776611694152925,0.5322338830584707,0.8440779610194903,0.5442278860569715,248,308,111,0,556,0.37181409295352325,0.4617691154422789,0.1664167916041979,0.0,-0.08995502248875563,0.012275020532537055,tested,0.40518636888637416
ES,LOWER_k3,30,20,1279,676,0.5285379202501954,675,0.5177514792899408,0.4807692307692308,0.03698224852071006,-0.09432380338203633,4.370307223680075,4.480529018074877,-0.03685184126849586,0.48875562218890556,0.5112443778110944,0.856071964017991,0.5832083958020989,248,308,111,0,556,0.37181409295352325,0.4617691154422789,0.1664167916041979,0.0,-0.08995502248875563,0.012275020532537055,tested,0.40518636888637416
ES,LOWER_k3,30,30,1279,676,0.5285379202501954,675,0.5177514792899408,0.4807692307692308,0.03698224852071006,-0.4729069872633686,5.447059191740147,5.424370749166065,-0.029140427652299822,0.48575712143928035,0.5142428785607196,0.8875562218890555,0.6521739130434783,248,308,111,0,556,0.37181409295352325,0.4617691154422789,0.1664167916041979,0.0,-0.08995502248875563,0.012275020532537055,tested,0.40518636888637416
ES,LOWER_k3,30,60,1279,676,0.5285379202501954,675,0.5177514792899408,0.4807692307692308,0.03698224852071006,-0.06527977799274717,7.173707458874193,7.082706596203794,-0.010270976935564885,0.4962518740629685,0.5037481259370314,0.9295352323838081,0.7436281859070465,248,308,111,0,556,0.37181409295352325,0.4617691154422789,0.1664167916041979,0.0,-0.08995502248875563,0.012275020532537055,tested,0.40518636888637416
ES,LOWER_k3,30,120,1279,676,0.5285379202501954,675,0.5177514792899408,0.4807692307692308,0.03698224852071006,-0.49224804341073497,9.319807733177807,8.784566363932937,0.010470593806768824,0.5052473763118441,0.4947526236881559,0.9415292353823088,0.7931034482758621,248,308,111,0,556,0.37181409295352325,0.4617691154422789,0.1664167916041979,0.0,-0.08995502248875563,0.012275020532537055,tested,0.40518636888637416
ES,LOWER_k3,60,1,1279,800,0.6254886630179828,799,0.50875,0.49,0.01875,-0.012797307888520463,0.9781193453704361,1.102633403898623,-0.11957137608060292,0.458808618504436,0.541191381495564,0.5956907477820025,0.0,272,309,117,91,581,0.34474017743979724,0.3916349809885932,0.1482889733840304,0.11533586818757921,-0.046894803548795945,0.13522914894316568,tested,0.4725697334909183
ES,LOWER_k3,60,2,1279,800,0.6254886630179828,799,0.50875,0.49,0.01875,-0.006224073094798072,1.303707499885281,1.543071206463966,-0.06388943050076606,0.47275031685678076,0.5272496831432193,0.6742712294043093,0.09885931558935361,292,333,122,42,625,0.3700887198986058,0.4220532319391635,0.15462610899873258,0.053231939163498096,-0.051964512040557666,0.10952474959955975,tested,0.4266375715852218
ES,LOWER_k3,60,3,1279,800,0.6254886630179828,799,0.50875,0.49,0.01875,-0.19513968631081,1.5854306773342601,1.8326103329169325,-0.08029567945189997,0.4803548795944233,0.5196451204055766,0.7046894803548795,0.19391634980988592,300,345,122,22,645,0.38022813688212925,0.4372623574144487,0.15462610899873258,0.02788339670468948,-0.057034220532319393,0.083105140650487,tested,0.40518636888637416
ES,LOWER_k3,60,4,1279,800,0.6254886630179828,799,0.50875,0.49,0.01875,-0.2336314361493562,1.8049963987826936,2.046893912015433,-0.03418718918920997,0.48542458808618505,0.514575411913815,0.752851711026616,0.2623574144486692,310,352,122,5,662,0.3929024081115336,0.4461343472750317,0.15462610899873258,0.0063371356147021544,-0.053231939163498096,0.11097655642141002,tested,0.42858878891888863
ES,LOWER_k3,60,5,1279,800,0.6254886630179828,799,0.50875,0.49,0.01875,-0.17151693381469432,2.060979501392994,2.293720356196069,-0.045088830484473943,0.4866920152091255,0.5120405576679341,0.779467680608365,0.30798479087452474,311,354,122,2,665,0.394169835234474,0.44866920152091255,0.15462610899873258,0.0025348542458808617,-0.05449936628643853,0.10330717959093216,tested,0.4152884683545676
ES,LOWER_k3,60,10,1279,800,0.6254886630179828,799,0.50875,0.49,0.01875,-0.2512617573502021,2.897870938136591,2.952874090710693,-0.017488119350471395,0.49049429657794674,0.5095057034220533,0.8326996197718631,0.47782002534854245,311,356,122,0,667,0.394169835234474,0.4512040557667934,0.15462610899873258,0.0,-0.057034220532319393,0.08836388937232606,tested,0.40518636888637416
ES,LOWER_k3,60,15,1279,800,0.6254886630179828,799,0.50875,0.49,0.01875,-0.23035138748476866,3.6542949076945646,3.671505953360677,-0.03300206889393704,0.4828897338403042,0.5171102661596958,0.8567807351077313,0.5513307984790875,311,356,122,0,667,0.394169835234474,0.4512040557667934,0.15462610899873258,0.0,-0.057034220532319393,0.08836388937232606,tested,0.40518636888637416
ES,LOWER_k3,60,20,1279,800,0.6254886630179828,799,0.50875,0.49,0.01875,-0.09432380338203633,4.222808700030988,4.061119232684867,-0.017488119350471395,0.4917617237008872,0.5082382762991128,0.8669201520912547,0.5918884664131813,311,356,122,0,667,0.394169835234474,0.4512040557667934,0.15462610899873258,0.0,-0.057034220532319393,0.08836388937232606,tested,0.40518636888637416
ES,LOWER_k3,60,30,1279,800,0.6254886630179828,799,0.50875,0.49,0.01875,-0.3935373060756031,5.221426681392209,5.04238259789359,-0.02654478879003363,0.4892268694550063,0.5107731305449936,0.8973384030418251,0.6590621039290241,311,356,122,0,667,0.394169835234474,0.4512040557667934,0.15462610899873258,0.0,-0.057034220532319393,0.08836388937232606,tested,0.40518636888637416
ES,LOWER_k3,60,60,1279,800,0.6254886630179828,799,0.50875,0.49,0.01875,-0.1797300745029839,6.821892140386039,6.706437110803102,-0.00385563963573075,0.49936628643852976,0.5006337135614702,0.9328263624841572,0.7503168567807351,311,356,122,0,667,0.394169835234474,0.4512040557667934,0.15462610899873258,0.0,-0.057034220532319393,0.08836388937232606,tested,0.40518636888637416
ES,LOWER_k3,60,120,1279,800,0.6254886630179828,799,0.50875,0.49,0.01875,-0.7479629571949908,8.706491168743485,8.259734783693117,0.006493784361600261,0.5031685678073511,0.4968314321926489,0.9467680608365019,0.8010139416983524,311,356,122,0,667,0.394169835234474,0.4512040557667934,0.15462610899873258,0.0,-0.057034220532319393,0.08836388937232606,tested,0.40518636888637416
ES,LOWER_k3,120,1,1279,867,0.6778733385457388,866,0.5074971164936563,0.4913494809688581,0.016147635524798153,-0.020449198283500482,0.9377803068856679,1.0621419066348672,-0.11066260750403675,0.4601873536299766,0.5398126463700235,0.6018735362997658,0.0,294,331,121,108,625,0.3442622950819672,0.3875878220140515,0.14168618266978922,0.12646370023419204,-0.04332552693208431,0.14980912128602555,tested,0.4813990018560756
ES,LOWER_k3,120,2,1279,867,0.6778733385457388,866,0.5074971164936563,0.4913494809688581,0.016147635524798153,-0.005061355109654128,1.2588252044406585,1.4978449775723999,-0.06886431526696118,0.47423887587822017,0.5257611241217799,0.6791569086651054,0.09718969555035128,322,359,126,47,681,0.3770491803278688,0.4203747072599532,0.14754098360655737,0.05503512880562061,-0.04332552693208431,0.1676866394978863,tested,0.5032995771567862
ES,LOWER_k3,120,3,1279,867,0.6778733385457388,866,0.5074971164936563,0.4913494809688581,0.016147635524798153,-0.21951140157320306,1.5358245487987257,1.7671801405651193,-0.06561462490748562,0.48243559718969553,0.5175644028103045,0.7084309133489461,0.19320843091334894,332,371,126,25,703,0.38875878220140514,0.4344262295081967,0.14754098360655737,0.02927400468384075,-0.04566744730679157,0.15175037824855364,tested,0.4836473213110407
ES,LOWER_k3,120,4,1279,867,0.6778733385457388,866,0.5074971164936563,0.4913494809688581,0.016147635524798153,-0.24410384514999903,1.776903984971982,2.006576541142334,-0.034015647241899954,0.48711943793911006,0.5128805620608899,0.7552693208430913,0.26229508196721313,342,379,126,7,721,0.40046838407494145,0.44379391100702575,0.14754098360655737,0.00819672131147541,-0.04332552693208431,0.1799745190111774,tested,0.504971983776289
ES,LOWER_k3,120,5,1279,867,0.6778733385457388,866,0.5074971164936563,0.4913494809688581,0.016147635524798153,-0.15904705687518267,2.013856785630783,2.208040888207247,-0.04617325128250133,0.4847775175644028,0.5140515222482436,0.7810304449648712,0.30679156908665106,344,382,126,2,726,0.4028103044496487,0.44730679156908665,0.14754098360655737,0.00234192037470726,-0.04449648711943794,0.16964721118570744,tested,0.5032995771567862
ES,LOWER_k3,120,10,1279,867,0.6778733385457388,866,0.5074971164936563,0.4913494809688581,0.016147635524798153,-0.2511179779405593,2.8195590386925264,2.9050899179439815,-0.021873141925260218,0.4894613583138173,0.5105386416861827,0.8372365339578455,0.4765807962529274,344,384,126,0,728,0.4028103044496487,0.4496487119437939,0.14754098360655737,0.0,-0.0468384074941452,0.1482848470968136,tested,0.4784657732990519
ES,LOWER_k3,120,15,1279,867,0.6778733385457388,866,0.5074971164936563,0.4913494809688581,0.016147635524798153,-0.2567704109894596,3.4788987626041417,3.5990653010566147,-0.0327685665697977,0.48360655737704916,0.5163934426229508,0.8618266978922716,0.5538641686182669,344,384,126,0,728,0.4028103044496487,0.4496487119437939,0.14754098360655737,0.0,-0.0468384074941452,0.1482848470968136,tested,0.4784657732990519
ES,LOWER_k3,120,20,1279,867,0.6778733385457388,866,0.5074971164936563,0.4913494809688581,0.016147635524798153,-0.08903858883096617,4.091258974040624,3.9352270692144087,-0.018275333093417848,0.4894613583138173,0.5105386416861827,0.8723653395784543,0.5936768149882904,344,384,126,0,728,0.4028103044496487,0.4496487119437939,0.14754098360655737,0.0,-0.0468384074941452,0.1482848470968136,tested,0.4784657732990519
ES,LOWER_k3,120,30,1279,867,0.6778733385457388,866,0.5074971164936563,0.4913494809688581,0.016147635524798153,-0.4300483342923631,4.918841958865887,4.94572605323051,-0.02201645407025251,0.4894613583138173,0.5105386416861827,0.9016393442622951,0.6592505854800936,344,384,126,0,728,0.4028103044496487,0.4496487119437939,0.14754098360655737,0.0,-0.0468384074941452,0.1482848470968136,tested,0.4784657732990519
ES,LOWER_k3,120,60,1279,867,0.6778733385457388,866,0.5074971164936563,0.4913494809688581,0.016147635524798153,-0.3593146273951746,6.590475737663503,6.592434071896575,-0.010749441313182739,0.4964871194379391,0.5035128805620609,0.9355971896955504,0.7494145199063232,344,384,126,0,728,0.4028103044496487,0.4496487119437939,0.14754098360655737,0.0,-0.0468384074941452,0.1482848470968136,tested,0.4784657732990519
ES,LOWER_k3,120,120,1279,867,0.6778733385457388,866,0.5074971164936563,0.4913494809688581,0.016147635524798153,-0.8195109298257115,8.42898723408274,8.11018485472499,0.0053225225113778885,0.5023419203747073,0.49765807962529274,0.949648711943794,0.8032786885245902,344,384,126,0,728,0.4028103044496487,0.4496487119437939,0.14754098360655737,0.0,-0.0468384074941452,0.1482848470968136,tested,0.4784657732990519
ES,UPPER_k0,1,1,1279,539,0.4214229867083659,533,0.5027829313543599,0.48608534322820035,0.016697588126159554,0.09139754593869401,1.1802125118092834,1.2438153314724696,-0.07749999999993329,0.47368421052631576,0.5225563909774437,0.5582706766917294,0.0,210,211,80,31,421,0.39473684210526316,0.3966165413533835,0.15037593984962405,0.05827067669172932,-0.0018796992481203006,1.0,tested,1.0
ES,UPPER_k0,1,2,1279,539,0.4214229867083659,533,0.5027829313543599,0.48608534322820035,0.016697588126159554,0.0591160036522073,1.757221115039133,1.8670907212668553,-0.04733009708731095,0.4699248120300752,0.518796992481203,0.6691729323308271,0.09774436090225563,219,221,80,12,440,0.4116541353383459,0.41541353383458646,0.15037593984962405,0.022556390977443608,-0.0037593984962406013,0.9619839521829879,tested,1.0
ES,UPPER_k0,1,3,1279,539,0.4214229867083659,533,0.5027829313543599,0.48608534322820035,0.016697588126159554,0.10222100533548681,2.0503722862720757,2.4026834142596725,-0.05080459770115029,0.4755639097744361,0.5169172932330827,0.7180451127819549,0.18796992481203006,222,225,80,5,447,0.41729323308270677,0.42293233082706766,0.15037593984962405,0.009398496240601503,-0.005639097744360902,0.9246490558309711,tested,1.0
ES,UPPER_k0,1,4,1279,539,0.4214229867083659,533,0.5027829313543599,0.48608534322820035,0.016697588126159554,-0.4021768491872167,2.319206622134491,2.614223321307473,-0.08410526315782735,0.4680451127819549,0.5300751879699248,0.7387218045112782,0.2631578947368421,225,225,80,2,450,0.42293233082706766,0.42293233082706766,0.15037593984962405,0.0037593984962406013,0.0,1.0,tested,1.0
ES,UPPER_k0,1,5,1279,539,0.4214229867083659,533,0.5027829313543599,0.48608534322820035,0.016697588126159554,-0.18598685887055819,2.6382273763046147,2.9417420270727757,-0.09693877551018923,0.4605263157894737,0.5375939849624061,0.7575187969924813,0.30451127819548873,225,226,80,1,451,0.42293233082706766,0.424812030075188,0.15037593984962405,0.0018796992481203006,-0.0018796992481203006,1.0,tested,1.0
ES,UPPER_k0,1,10,1279,539,0.4214229867083659,533,0.5027829313543599,0.48608534322820035,0.016697588126159554,-0.05756812288699863,3.321521466865134,3.9149549501643603,-0.06503378378378377,0.47368421052631576,0.5263157894736842,0.8045112781954887,0.43609022556390975,226,226,80,0,452,0.424812030075188,0.424812030075188,0.15037593984962405,0.0,0.0,1.0,tested,1.0
ES,UPPER_k0,1,15,1279,539,0.4214229867083659,533,0.5027829313543599,0.48608534322820035,0.016697588126159554,0.20466281171713693,4.078577904713985,4.499942606067192,-0.0513444767441818,0.4774436090225564,0.518796992481203,0.8270676691729323,0.5037593984962406,226,226,80,0,452,0.424812030075188,0.424812030075188,0.15037593984962405,0.0,0.0,1.0,tested,1.0
ES,UPPER_k0,1,20,1279,539,0.4214229867083659,533,0.5027829313543599,0.48608534322820035,0.016697588126159554,0.13913425056446063,4.359982037468141,5.054740256345692,-0.05892857142858446,0.4774436090225564,0.5206766917293233,0.8421052631578947,0.5451127819548872,226,226,80,0,452,0.424812030075188,0.424812030075188,0.15037593984962405,0.0,0.0,1.0,tested,1.0
ES,UPPER_k0,1,30,1279,539,0.4214229867083659,533,0.5027829313543599,0.48608534322820035,0.016697588126159554,0.7360531546883674,5.271272037113212,5.988885882782807,0.0,0.4924812030075188,0.4981203007518797,0.8571428571428571,0.5958646616541353,226,226,80,0,452,0.424812030075188,0.424812030075188,0.15037593984962405,0.0,0.0,1.0,tested,1.0
ES,UPPER_k0,1,60,1279,539,0.4214229867083659,533,0.5027829313543599,0.48608534322820035,0.016697588126159554,0.8356367214678193,6.94417246403408,7.874038413043051,-0.06052166224579085,0.48120300751879697,0.518796992481203,0.8890977443609023,0.6691729323308271,226,226,80,0,452,0.424812030075188,0.424812030075188,0.15037593984962405,0.0,0.0,1.0,tested,1.0
ES,UPPER_k0,1,120,1279,539,0.4214229867083659,533,0.5027829313543599,0.48608534322820035,0.016697588126159554,0.35130837591783803,8.691184633029156,9.115630097332986,-0.014826954593667018,0.48872180451127817,0.5093984962406015,0.9078947368421053,0.7218045112781954,226,226,80,0,452,0.424812030075188,0.424812030075188,0.15037593984962405,0.0,0.0,1.0,tested,1.0
ES,UPPER_k0,2,1,1279,707,0.5527756059421423,701,0.4893917963224894,0.5021216407355021,-0.01272984441301273,0.15990053726670672,1.1560119533826825,1.0840787149151516,-0.022222222222303026,0.4907010014306152,0.5035765379113019,0.5579399141630901,0.0,277,268,100,54,545,0.39628040057224606,0.3834048640915594,0.1430615164520744,0.07725321888412018,0.012875536480686695,0.7318723414408037,tested,1.0
ES,UPPER_k0,2,2,1279,707,0.5527756059421423,701,0.4893917963224894,0.5021216407355021,-0.01272984441301273,0.16657029969305245,1.7437534228469618,1.6501054426875312,0.0,0.49642346208869814,0.49356223175965663,0.6494992846924177,0.09012875536480687,296,280,101,22,576,0.4234620886981402,0.4005722460658083,0.14449213161659513,0.031473533619456366,0.022889842632331903,0.5320073734076075,tested,0.9661972560198201
ES,UPPER_k0,2,3,1279,707,0.5527756059421423,701,0.4893917963224894,0.5021216407355021,-0.01272984441301273,0.11707084930229991,1.9864928507686297,2.006606734822429,0.0,0.49928469241773965,0.4949928469241774,0.703862660944206,0.1759656652360515,301,288,101,9,589,0.43061516452074394,0.41201716738197425,0.14449213161659513,0.012875536480686695,0.01859799713876967,0.6210248724332533,tested,1.0
ES,UPPER_k0,2,4,1279,707,0.5527756059421423,701,0.4893917963224894,0.5021216407355021,-0.01272984441301273,-0.11963918491334109,2.282612600660951,2.366866265983865,-0.05555555555555557,0.48783977110157367,0.5107296137339056,0.7296137339055794,0.24606580829756797,306,290,101,2,596,0.43776824034334766,0.41487839771101576,0.14449213161659513,0.002861230329041488,0.022889842632331903,0.5389706885592175,tested,0.9673728953944941
ES,UPPER_k0,2,5,1279,707,0.5527756059421423,701,0.4893917963224894,0.5021216407355021,-0.01272984441301273,0.13407683808471205,2.5339714482441575,2.649583402686573,-0.056000000000058156,0.4821173104434907,0.5150214592274678,0.7510729613733905,0.2861230329041488,306,291,101,1,597,0.43776824034334766,0.41630901287553645,0.14449213161659513,0.001430615164520744,0.02145922746781116,0.5666934872145278,tested,0.9902956569849932
ES,UPPER_k0,2,10,1279,707,0.5527756059421423,701,0.4893917963224894,0.5021216407355021,-0.01272984441301273,0.3068974527618995,3.2571422616730086,3.519334352645648,-0.04210526315785642,0.48783977110157367,0.5121602288984263,0.8111587982832618,0.4206008583690987,307,291,101,0,598,0.43919885550786836,0.41630901287553645,0.14449213161659513,0.0,0.022889842632331903,0.5396501689184161,tested,0.9673728953944941
ES,UPPER_k0,2,15,1279,707,0.5527756059421423,701,0.4893917963224894,0.5021216407355021,-0.01272984441301273,0.5270462766947305,4.069634595324126,4.035237817818611,-0.016666666666727267,0.4907010014306152,0.5050071530758226,0.8369098712446352,0.49928469241773965,307,291,101,0,598,0.43919885550786836,0.41630901287553645,0.14449213161659513,0.0,0.022889842632331903,0.5396501689184161,tested,0.9673728953944941
ES,UPPER_k0,2,20,1279,707,0.5527756059421423,701,0.4893917963224894,0.5021216407355021,-0.01272984441301273,0.25873180855860717,4.354729652193792,4.6963492419674475,-0.01875000000003033,0.49213161659513593,0.5064377682403434,0.8512160228898427,0.5464949928469242,307,291,101,0,598,0.43919885550786836,0.41630901287553645,0.14449213161659513,0.0,0.022889842632331903,0.5396501689184161,tested,0.9673728953944941
ES,UPPER_k0,2,30,1279,707,0.5527756059421423,701,0.4893917963224894,0.5021216407355021,-0.01272984441301273,0.7842897566060264,5.0981171805532455,5.535940347191279,0.02000000000000004,0.5078683834048641,0.48497854077253216,0.8683834048640916,0.5951359084406295,307,291,101,0,598,0.43919885550786836,0.41630901287553645,0.14449213161659513,0.0,0.022889842632331903,0.5396501689184161,tested,0.9673728953944941
ES,UPPER_k0,2,60,1279,707,0.5527756059421423,701,0.4893917963224894,0.5021216407355021,-0.01272984441301273,0.9587225543242108,6.940220937885689,7.206691131082468,0.005882352941197852,0.5021459227467812,0.49642346208869814,0.894134477825465,0.6666666666666666,307,291,101,0,598,0.43919885550786836,0.41630901287553645,0.14449213161659513,0.0,0.022889842632331903,0.5396501689184161,tested,0.9673728953944941
ES,UPPER_k0,2,120,1279,707,0.5527756059421423,701,0.4893917963224894,0.5021216407355021,-0.01272984441301273,0.5742387911405062,8.68091878497736,8.717813346348816,0.0,0.49928469241773965,0.49642346208869814,0.9113018597997139,0.7195994277539342,307,291,101,0,598,0.43919885550786836,0.41630901287553645,0.14449213161659513,0.0,0.022889842632331903,0.5396501689184161,tested,0.9673728953944941
ES,UPPER_k0,3,1,1279,781,0.6106333072713057,775,0.4967989756722151,0.49551856594110116,0.0012804097311139564,0.11161431016527691,1.103102280086437,1.0792339691423534,-0.0291005291005676,0.48575129533678757,0.5064766839378239,0.5569948186528497,0.0,304,299,106,63,603,0.39378238341968913,0.3873056994818653,0.13730569948186527,0.08160621761658031,0.006476683937823834,0.870620299819187,tested,1.0
ES,UPPER_k0,3,2,1279,781,0.6106333072713057,775,0.4967989756722151,0.49551856594110116,0.0012804097311139564,0.1254765994448519,1.6216516189552812,1.658297903592931,-0.007936507936536793,0.4896373056994819,0.5012953367875648,0.6476683937823834,0.09067357512953368,326,314,107,25,640,0.422279792746114,0.4067357512953368,0.13860103626943004,0.03238341968911917,0.015544041450777202,0.6637314608081475,tested,1.0
ES,UPPER_k0,3,3,1279,781,0.6106333072713057,775,0.4967989756722151,0.49551856594110116,0.0012804097311139564,0.10564086179264062,1.966112120909107,2.022720638868695,-0.0029411764705454396,0.49352331606217614,0.5,0.7033678756476683,0.17357512953367876,331,323,107,11,654,0.42875647668393785,0.4183937823834197,0.13860103626943004,0.014248704663212436,0.010362694300518135,0.7843233866963993,tested,1.0
ES,UPPER_k0,3,4,1279,781,0.6106333072713057,775,0.4967989756722151,0.49551856594110116,0.0012804097311139564,-0.14600783204791204,2.2146788546834624,2.380905485497824,-0.0571428571429351,0.48186528497409326,0.5168393782383419,0.727979274611399,0.24352331606217617,336,325,107,4,661,0.43523316062176165,0.4209844559585492,0.13860103626943004,0.0051813471502590676,0.014248704663212436,0.6973403605816155,tested,1.0
ES,UPPER_k0,3,5,1279,781,0.6106333072713057,775,0.4967989756722151,0.49551856594110116,0.0012804097311139564,0.08129192423119411,2.4331556242754555,2.614223321307473,-0.0682170542635861,0.47538860103626945,0.522020725388601,0.7487046632124352,0.2823834196891192,336,327,107,2,663,0.43523316062176165,0.42357512953367876,0.13860103626943004,0.0025906735751295338,0.011658031088082901,0.7560599543544452,tested,1.0
ES,UPPER_k0,3,10,1279,781,0.6106333072713057,775,0.4967989756722151,0.49551856594110116,0.0012804097311139564,0.1300057725923898,3.1999370546749777,3.5386023605299943,-0.05021645021646283,0.4805699481865285,0.5194300518134715,0.8095854922279793,0.4209844559585492,337,328,107,0,665,0.4365284974093264,0.42487046632124353,0.13860103626943004,0.0,0.011658031088082901,0.756415352817682,tested,1.0
ES,UPPER_k0,3,15,1279,781,0.6106333072713057,775,0.4967989756722151,0.49551856594110116,0.0012804097311139564,0.36629166836007554,3.868530323804192,4.015461267692249,-0.04160839160835532,0.483160621761658,0.5129533678756477,0.8354922279792746,0.49740932642487046,337,328,107,0,665,0.4365284974093264,0.42487046632124353,0.13860103626943004,0.0,0.011658031088082901,0.756415352817682,tested,1.0
ES,UPPER_k0,3,20,1279,781,0.6106333072713057,775,0.4967989756722151,0.49551856594110116,0.0012804097311139564,0.16348132801723766,4.245003736891713,4.639540493193833,-0.047638326585679236,0.48186528497409326,0.5168393782383419,0.8497409326424871,0.5479274611398963,337,328,107,0,665,0.4365284974093264,0.42487046632124353,0.13860103626943004,0.0,0.011658031088082901,0.756415352817682,tested,1.0
ES,UPPER_k0,3,30,1279,781,0.6106333072713057,775,0.4967989756722151,0.49551856594110116,0.0012804097311139564,0.7560532559948994,5.009833034147256,5.48379798565622,0.006380952380975599,0.5025906735751295,0.49093264248704666,0.8652849740932642,0.5984455958549223,337,328,107,0,665,0.4365284974093264,0.42487046632124353,0.13860103626943004,0.0,0.011658031088082901,0.756415352817682,tested,1.0
ES,UPPER_k0,3,60,1279,781,0.6106333072713057,775,0.4967989756722151,0.49551856594110116,0.0012804097311139564,0.9583697870471355,6.593394707829953,7.116492262244492,-0.005711206896537905,0.4961139896373057,0.5025906735751295,0.8937823834196891,0.667098445595855,337,328,107,0,665,0.4365284974093264,0.42487046632124353,0.13860103626943004,0.0,0.011658031088082901,0.756415352817682,tested,1.0
ES,UPPER_k0,3,120,1279,781,0.6106333072713057,775,0.4967989756722151,0.49551856594110116,0.0012804097311139564,0.798684538832301,8.48395597341197,8.585709781622164,-0.007201591511932873,0.4948186528497409,0.5012953367875648,0.9119170984455959,0.7240932642487047,337,328,107,0,665,0.4365284974093264,0.42487046632124353,0.13860103626943004,0.0,0.011658031088082901,0.756415352817682,tested,1.0
ES,UPPER_k0,4,1,1279,822,0.6426896012509773,816,0.49635036496350365,0.49635036496350365,0.0,0.10316922806181565,1.0875075662644043,1.0762872110102057,-0.03333333333345461,0.48462484624846247,0.5079950799507995,0.5621156211562116,0.0,317,313,112,71,630,0.3899138991389914,0.3849938499384994,0.13776137761377613,0.08733087330873308,0.004920049200492005,0.9048735036056258,tested,1.0
ES,UPPER_k0,4,2,1279,822,0.6426896012509773,816,0.49635036496350365,0.49635036496350365,0.0,0.08711218562085538,1.6183093204869676,1.6549269681655383,-0.011111111111151508,0.48954489544895446,0.5018450184501845,0.6519065190651907,0.09225092250922509,342,330,114,27,672,0.42066420664206644,0.4059040590405904,0.14022140221402213,0.033210332103321034,0.014760147601476014,0.6713536366495828,tested,1.0
ES,UPPER_k0,4,3,1279,822,0.6426896012509773,816,0.49635036496350365,0.49635036496350365,0.0,0.06900655593417242,1.9448389823858248,2.006606734822429,0.0,0.4932349323493235,0.4993849938499385,0.7047970479704797,0.17466174661746617,347,341,114,11,688,0.4268142681426814,0.4194341943419434,0.14022140221402213,0.013530135301353014,0.007380073800738007,0.8488382734290878,tested,1.0
ES,UPPER_k0,4,4,1279,822,0.6426896012509773,816,0.49635036496350365,0.49635036496350365,0.0,-0.1959069445345012,2.1684189669731104,2.3631653691177292,-0.06315789473688045,0.4797047970479705,0.5178351783517835,0.7306273062730627,0.24354243542435425,352,343,114,4,695,0.43296432964329645,0.4218942189421894,0.14022140221402213,0.004920049200492005,0.01107011070110701,0.761566616117755,tested,1.0
ES,UPPER_k0,4,5,1279,822,0.6426896012509773,816,0.49635036496350365,0.49635036496350365,0.0,0.04433443745083142,2.3707096445032105,2.614182883925115,-0.0839999999999418,0.47232472324723246,0.5252152521525215,0.7503075030750308,0.28044280442804426,352,345,114,2,697,0.43296432964329645,0.42435424354243545,0.14022140221402213,0.0024600246002460025,0.008610086100861008,0.8202368292073725,tested,1.0
ES,UPPER_k0,4,10,1279,822,0.6426896012509773,816,0.49635036496350365,0.49635036496350365,0.0,0.047037328188282865,3.173182065893342,3.492708104177748,-0.05581395348836364,0.4784747847478475,0.5215252152521526,0.8118081180811808,0.41697416974169743,353,346,114,0,699,0.43419434194341944,0.42558425584255843,0.14022140221402213,0.0,0.008610086100861008,0.820489740924258,tested,1.0
ES,UPPER_k0,4,15,1279,822,0.6426896012509773,816,0.49635036496350365,0.49635036496350365,0.0,0.27160723812755594,3.864676916665136,3.9953492819121537,-0.0437500000000454,0.4821648216482165,0.5141451414514145,0.8364083640836408,0.4920049200492005,353,346,114,0,699,0.43419434194341944,0.42558425584255843,0.14022140221402213,0.0,0.008610086100861008,0.820489740924258,tested,1.0
ES,UPPER_k0,4,20,1279,822,0.6426896012509773,816,0.49635036496350365,0.49635036496350365,0.0,0.11887599199167805,4.2321165875728814,4.610990778027629,-0.051948051948051924,0.4797047970479705,0.5190651906519065,0.8523985239852399,0.5424354243542435,353,346,114,0,699,0.43419434194341944,0.42558425584255843,0.14022140221402213,0.0,0.008610086100861008,0.820489740924258,tested,1.0
ES,UPPER_k0,4,30,1279,822,0.6426896012509773,816,0.49635036496350365,0.49635036496350365,0.0,0.7507334965078217,4.95020565098448,5.4620449111161635,0.0,0.4956949569495695,0.4981549815498155,0.8683886838868389,0.5928659286592866,353,346,114,0,699,0.43419434194341944,0.42558425584255843,0.14022140221402213,0.0,0.008610086100861008,0.820489740924258,tested,1.0
ES,UPPER_k0,4,60,1279,822,0.6426896012509773,816,0.49635036496350365,0.49635036496350365,0.0,0.9587225543242108,6.53497378364606,7.001720057930832,-0.013333333333381847,0.4907749077490775,0.5067650676506765,0.8966789667896679,0.6678966789667896,353,346,114,0,699,0.43419434194341944,0.42558425584255843,0.14022140221402213,0.0,0.008610086100861008,0.820489740924258,tested,1.0
ES,UPPER_k0,4,120,1279,822,0.6426896012509773,816,0.49635036496350365,0.49635036496350365,0.0,0.7692338911025535,8.351587671901346,8.547877313596436,-0.014678899082555463,0.4883148831488315,0.5079950799507995,0.9163591635916359,0.7306273062730627,353,346,114,0,699,0.43419434194341944,0.42558425584255843,0.14022140221402213,0.0,0.008610086100861008,0.820489740924258,tested,1.0
ES,UPPER_k0,5,1,1279,851,0.6653635652853792,844,0.4935370152761457,0.4982373678025852,-0.004700352526439483,0.09139754593869401,1.0760644790030154,1.0737666784017796,-0.03636363636376864,0.4821852731591449,0.5106888361045131,0.5653206650831354,0.0,326,324,115,77,650,0.38717339667458434,0.3847980997624703,0.13657957244655583,0.09144893111638955,0.0023752969121140144,0.9687164271825957,tested,1.0
ES,UPPER_k0,5,2,1279,851,0.6653635652853792,844,0.4935370152761457,0.4982373678025852,-0.004700352526439483,0.07617835825405897,1.5644123508365961,1.6525162054265348,-0.012452107279707435,0.48931116389548696,0.502375296912114,0.6555819477434679,0.09026128266033254,353,343,117,29,696,0.4192399049881235,0.40736342042755347,0.13895486935866982,0.0344418052256532,0.011876484560570071,0.7330223221657503,tested,1.0
ES,UPPER_k0,5,3,1279,851,0.6653635652853792,844,0.4935370152761457,0.4982373678025852,-0.004700352526439483,0.057773042033137566,1.8990186717071782,2.0001048214059693,-0.0029411764705454396,0.49287410926365793,0.5,0.7078384798099763,0.171021377672209,358,354,117,13,712,0.4251781472684085,0.42042755344418054,0.13895486935866982,0.015439429928741092,0.004750593824228029,0.9104929873003986,tested,1.0
ES,UPPER_k0,5,4,1279,851,0.6653635652853792,844,0.4935370152761457,0.4982373678025852,-0.004700352526439483,-0.2266721660320163,2.163361119827704,2.3501846912068967,-0.07380952380948916,0.47862232779097386,0.5190023752969121,0.7339667458432304,0.23990498812351543,363,357,117,5,720,0.4311163895486936,0.42399049881235157,0.13895486935866982,0.0059382422802850355,0.007125890736342043,0.852195285159259,tested,1.0
ES,UPPER_k0,5,5,1279,851,0.6653635652853792,844,0.4935370152761457,0.4982373678025852,-0.004700352526439483,0.021560222424776922,2.3549846095797835,2.5883595865396822,-0.08452950558208783,0.47030878859857483,0.5273159144893111,0.7529691211401425,0.2755344418052256,363,359,117,3,722,0.4311163895486936,0.42636579572446553,0.13895486935866982,0.0035629453681710215,0.004750593824228029,0.9111122740851909,tested,1.0
ES,UPPER_k0,5,10,1279,851,0.6653635652853792,844,0.4935370152761457,0.4982373678025852,-0.004700352526439483,0.0,3.144167285420302,3.4765646798783605,-0.06948275862072606,0.47387173396674587,0.5261282660332541,0.8147268408551069,0.4168646080760095,364,361,117,0,725,0.4323040380047506,0.42874109263657956,0.13895486935866982,0.0,0.0035629453681710215,0.9407958437129664,tested,1.0
ES,UPPER_k0,5,15,1279,851,0.6653635652853792,844,0.4935370152761457,0.4982373678025852,-0.004700352526439483,0.20466281171713693,3.8470893186973276,3.9934958919375596,-0.0457779255318994,0.47980997624703087,0.5166270783847982,0.838479809976247,0.4916864608076009,364,361,117,0,725,0.4323040380047506,0.42874109263657956,0.13895486935866982,0.0,0.0035629453681710215,0.9407958437129664,tested,1.0
ES,UPPER_k0,5,20,1279,851,0.6653635652853792,844,0.4935370152761457,0.4982373678025852,-0.004700352526439483,0.06422653547140068,4.215802451688992,4.609440541421974,-0.06594202898550726,0.47624703087885983,0.5225653206650831,0.8539192399049881,0.5403800475059383,364,361,117,0,725,0.4323040380047506,0.42874109263657956,0.13895486935866982,0.0,0.0035629453681710215,0.9407958437129664,tested,1.0
ES,UPPER_k0,5,30,1279,851,0.6653635652853792,844,0.4935370152761457,0.4982373678025852,-0.004700352526439483,0.7334554299330547,4.945651134603917,5.45250326950051,-0.008290598290628443,0.4916864608076009,0.502375296912114,0.8693586698337292,0.5914489311163895,364,361,117,0,725,0.4323040380047506,0.42874109263657956,0.13895486935866982,0.0,0.0035629453681710215,0.9407958437129664,tested,1.0
ES,UPPER_k0,5,60,1279,851,0.6653635652853792,844,0.4935370152761457,0.4982373678025852,-0.004700352526439483,0.9432615643033853,6.530694043614724,6.932499560311454,-0.015850340136074968,0.49049881235154397,0.5071258907363421,0.8966745843230404,0.666270783847981,364,361,117,0,725,0.4323040380047506,0.42874109263657956,0.13895486935866982,0.0,0.0035629453681710215,0.9407958437129664,tested,1.0
ES,UPPER_k0,5,120,1279,851,0.6653635652853792,844,0.4935370152761457,0.4982373678025852,-0.004700352526439483,0.6368556336721056,8.311475361620925,8.592606208706169,-0.018730158730161633,0.4845605700712589,0.5118764845605701,0.9168646080760094,0.7315914489311164,364,361,117,0,725,0.4323040380047506,0.42874109263657956,0.13895486935866982,0.0,0.0035629453681710215,0.9407958437129664,tested,1.0
ES,UPPER_k0,10,1,1279,942,0.7365129007036747,934,0.49256900212314225,0.4989384288747346,-0.006369426751592357,0.09556615739791453,1.0595254108415593,1.0491099898958172,-0.03557312252977367,0.4838362068965517,0.5086206896551724,0.5646551724137931,0.0,358,356,122,92,714,0.3857758620689655,0.38362068965517243,0.1314655172413793,0.09913793103448276,0.0021551724137931034,0.9701503741558404,tested,1.0
ES,UPPER_k0,10,2,1279,942,0.7365129007036747,934,0.49256900212314225,0.4989384288747346,-0.006369426751592357,0.04540244195218812,1.476369957342242,1.5856924304170779,-0.012452107279707435,0.49030172413793105,0.5021551724137931,0.6519396551724138,0.08836206896551724,391,378,124,35,769,0.4213362068965517,0.4073275862068966,0.1336206896551724,0.03771551724137931,0.014008620689655173,0.6652379128162467,tested,1.0
ES,UPPER_k0,10,3,1279,942,0.7365129007036747,934,0.49256900212314225,0.4989384288747346,-0.006369426751592357,0.03173516347051235,1.8402014090345582,1.9371026190749627,-0.01766917293239508,0.48814655172413796,0.5053879310344828,0.7068965517241379,0.17780172413793102,396,389,124,19,785,0.4267241379310345,0.4191810344827586,0.1336206896551724,0.020474137931034482,0.007543103448275862,0.8304476697021425,tested,1.0
ES,UPPER_k0,10,4,1279,942,0.7365129007036747,934,0.49256900212314225,0.4989384288747346,-0.006369426751592357,-0.14600783204791204,2.082549227122218,2.270002883163823,-0.07272727272720655,0.47629310344827586,0.521551724137931,0.7338362068965517,0.24568965517241378,403,393,124,8,796,0.43426724137931033,0.4234913793103448,0.1336206896551724,0.008620689655172414,0.010775862068965518,0.7497519280704046,tested,1.0
ES,UPPER_k0,10,5,1279,942,0.7365129007036747,934,0.49256900212314225,0.4989384288747346,-0.006369426751592357,0.008076899180689392,2.304852744744661,2.5159001762174835,-0.08366666666663755,0.46875,0.5290948275862069,0.7532327586206896,0.28448275862068967,403,396,124,5,799,0.43426724137931033,0.4267241379310345,0.1336206896551724,0.005387931034482759,0.007543103448275862,0.8319170244434926,tested,1.0
ES,UPPER_k0,10,10,1279,942,0.7365129007036747,934,0.49256900212314225,0.4989384288747346,-0.006369426751592357,0.010092375511212361,3.0358767901461183,3.399162106797043,-0.07055555555555965,0.4709051724137931,0.5280172413793104,0.8146551724137931,0.4234913793103448,406,398,124,0,804,0.4375,0.42887931034482757,0.1336206896551724,0.0,0.008620689655172414,0.8050267189832149,tested,1.0
ES,UPPER_k0,10,15,1279,942,0.7365129007036747,934,0.49256900212314225,0.4989384288747346,-0.006369426751592357,0.16342210384273131,3.666270012278581,3.9285481222195022,-0.05834175935290911,0.47844827586206895,0.5183189655172413,0.8405172413793104,0.5010775862068966,406,398,124,0,804,0.4375,0.42887931034482757,0.1336206896551724,0.0,0.008620689655172414,0.8050267189832149,tested,1.0
ES,UPPER_k0,10,20,1279,942,0.7365129007036747,934,0.49256900212314225,0.4989384288747346,-0.006369426751592357,0.07546100564922387,4.083390179130536,4.491588881741864,-0.06833333333336973,0.47521551724137934,0.5237068965517241,0.8556034482758621,0.5517241379310345,406,398,124,0,804,0.4375,0.42887931034482757,0.1336206896551724,0.0,0.008620689655172414,0.8050267189832149,tested,1.0
ES,UPPER_k0,10,30,1279,942,0.7365129007036747,934,0.49256900212314225,0.4989384288747346,-0.006369426751592357,0.6437674757345553,4.767618295647678,5.276408384249967,-0.009801587301590472,0.49137931034482757,0.5032327586206896,0.8717672413793104,0.6023706896551724,406,398,124,0,804,0.4375,0.42887931034482757,0.1336206896551724,0.0,0.008620689655172414,0.8050267189832149,tested,1.0
ES,UPPER_k0,10,60,1279,942,0.7365129007036747,934,0.49256900212314225,0.4989384288747346,-0.006369426751592357,0.7776058240999342,6.338760080475861,6.746285423465905,-0.0405701754385965,0.4838362068965517,0.5140086206896551,0.8976293103448276,0.6799568965517241,406,398,124,0,804,0.4375,0.42887931034482757,0.1336206896551724,0.0,0.008620689655172414,0.8050267189832149,tested,1.0
ES,UPPER_k0,10,120,1279,942,0.7365129007036747,934,0.49256900212314225,0.4989384288747346,-0.006369426751592357,0.7435646766221973,7.933726577624696,8.29519518083524,-0.04978835978837007,0.47844827586206895,0.5183189655172413,0.9181034482758621,0.7413793103448276,406,398,124,0,804,0.4375,0.42887931034482757,0.1336206896551724,0.0,0.008620689655172414,0.8050267189832149,tested,1.0
ES,UPPER_k0,15,1,1279,985,0.7701329163408913,977,0.4862944162436548,0.5055837563451777,-0.019289340101522844,0.09556615739791453,1.0459148912506806,1.0343906431693268,-0.0291005291005676,0.4855371900826446,0.5051652892561983,0.5630165289256198,0.0,375,366,125,102,741,0.38739669421487605,0.378099173553719,0.12913223140495866,0.10537190082644628,0.009297520661157025,0.7688671138046403,tested,1.0
ES,UPPER_k0,15,2,1279,985,0.7701329163408913,977,0.4862944162436548,0.5055837563451777,-0.019289340101522844,0.03443527122183983,1.4408653928458715,1.544857193055168,-0.012452107279707435,0.490702479338843,0.5020661157024794,0.6518595041322314,0.08884297520661157,410,392,127,39,802,0.42355371900826444,0.4049586776859504,0.13119834710743802,0.040289256198347105,0.01859504132231405,0.5483390644605094,tested,0.9811316347463459
ES,UPPER_k0,15,3,1279,985,0.7701329163408913,977,0.4862944162436548,0.5055837563451777,-0.019289340101522844,0.0036630063935035252,1.7978072750819152,1.8973665961008135,-0.026285714285737165,0.4855371900826446,0.5082644628099173,0.7045454545454546,0.17768595041322313,416,404,127,21,820,0.4297520661157025,0.41735537190082644,0.13119834710743802,0.02169421487603306,0.012396694214876033,0.7009018739649202,tested,1.0
ES,UPPER_k0,15,4,1279,985,0.7701329163408913,977,0.4862944162436548,0.5055837563451777,-0.019289340101522844,-0.13422041579563865,2.045732677892063,2.233328560245363,-0.07883597883595767,0.47417355371900827,0.5237603305785123,0.7324380165289256,0.24483471074380164,423,408,127,10,831,0.4369834710743802,0.4214876033057851,0.13119834710743802,0.010330578512396695,0.015495867768595042,0.6272385150652418,tested,1.0
ES,UPPER_k0,15,5,1279,985,0.7701329163408913,977,0.4862944162436548,0.5055837563451777,-0.019289340101522844,0.008076899180689392,2.286866003091579,2.4662326026394865,-0.08410526315782732,0.46797520661157027,0.5299586776859504,0.753099173553719,0.2840909090909091,423,411,127,7,834,0.4369834710743802,0.42458677685950413,0.13119834710743802,0.007231404958677686,0.012396694214876033,0.7033025008497814,tested,1.0
ES,UPPER_k0,15,10,1279,985,0.7701329163408913,977,0.4862944162436548,0.5055837563451777,-0.019289340101522844,-0.02614919062526478,2.9749678548342557,3.331658470211303,-0.07305555555550809,0.4700413223140496,0.5289256198347108,0.8181818181818182,0.43078512396694213,426,415,127,0,841,0.44008264462809915,0.4287190082644628,0.13119834710743802,0.0,0.011363636363636364,0.7302466714370573,tested,1.0
ES,UPPER_k0,15,15,1279,985,0.7701329163408913,977,0.4862944162436548,0.5055837563451777,-0.019289340101522844,0.13071681613501707,3.547612049208499,3.870503427211424,-0.05834175935290911,0.47830578512396693,0.518595041322314,0.8429752066115702,0.506198347107438,426,415,127,0,841,0.44008264462809915,0.4287190082644628,0.13119834710743802,0.0,0.011363636363636364,0.7302466714370573,tested,1.0
ES,UPPER_k0,15,20,1279,985,0.7701329163408913,977,0.4862944162436548,0.5055837563451777,-0.019289340101522844,-0.11963410652997607,4.04501311286374,4.474969796404925,-0.07970588235294149,0.47210743801652894,0.5268595041322314,0.8584710743801653,0.5568181818181818,426,415,127,0,841,0.44008264462809915,0.4287190082644628,0.13119834710743802,0.0,0.011363636363636364,0.7302466714370573,tested,1.0
ES,UPPER_k0,15,30,1279,985,0.7701329163408913,977,0.4862944162436548,0.5055837563451777,-0.019289340101522844,0.5361396449619351,4.713810048532338,5.252475253846751,-0.028589500316229553,0.4865702479338843,0.5082644628099173,0.8739669421487604,0.6074380165289256,426,415,127,0,841,0.44008264462809915,0.4287190082644628,0.13119834710743802,0.0,0.011363636363636364,0.7302466714370573,tested,1.0
ES,UPPER_k0,15,60,1279,985,0.7701329163408913,977,0.4862944162436548,0.5055837563451777,-0.019289340101522844,0.5859236835788454,6.2120399169673615,6.740377072707441,-0.0652857142857044,0.4772727272727273,0.5206611570247934,0.8987603305785123,0.6818181818181818,426,415,127,0,841,0.44008264462809915,0.4287190082644628,0.13119834710743802,0.0,0.011363636363636364,0.7302466714370573,tested,1.0
ES,UPPER_k0,15,120,1279,985,0.7701329163408913,977,0.4862944162436548,0.5055837563451777,-0.019289340101522844,0.7405031187306043,7.859636611253306,8.390677305979603,-0.059607661414881,0.47210743801652894,0.5247933884297521,0.9183884297520661,0.7427685950413223,426,415,127,0,841,0.44008264462809915,0.4287190082644628,0.13119834710743802,0.0,0.011363636363636364,0.7302466714370573,tested,1.0
ES,UPPER_k0,20,1,1279,1025,0.8014073494917905,1017,0.4917073170731707,0.5004878048780488,-0.00878048780487805,0.07321672135455008,1.027872433295887,1.0036357746773517,-0.02857142857153249,0.48656716417910445,0.5044776119402985,0.5651741293532339,0.0,386,380,125,114,766,0.38407960199004976,0.3781094527363184,0.12437810945273632,0.11343283582089553,0.005970149253731343,0.8566514957701994,tested,1.0
ES,UPPER_k0,20,2,1279,1025,0.8014073494917905,1017,0.4917073170731707,0.5004878048780488,-0.00878048780487805,0.03335392853673778,1.41518452957458,1.501834731052314,-0.013793103448263363,0.490547263681592,0.5024875621890548,0.6577114427860696,0.08855721393034825,423,410,128,44,833,0.4208955223880597,0.4079601990049751,0.12736318407960198,0.04378109452736319,0.012935323383084577,0.6775996233598299,tested,1.0
ES,UPPER_k0,20,3,1279,1025,0.8014073494917905,1017,0.4917073170731707,0.5004878048780488,-0.00878048780487805,0.0,1.7477257950107226,1.884887453967974,-0.03478260869562054,0.48258706467661694,0.5114427860696518,0.7104477611940299,0.1761194029850746,431,423,128,23,854,0.42885572139303485,0.4208955223880597,0.12736318407960198,0.022885572139303482,0.007960199004975124,0.8107078197494417,tested,1.0
ES,UPPER_k0,20,4,1279,1025,0.8014073494917905,1017,0.4917073170731707,0.5004878048780488,-0.00878048780487805,-0.14456782097714907,1.9919565746423942,2.2340318978848863,-0.09090909090909088,0.46766169154228854,0.5303482587064676,0.7373134328358208,0.24477611940298508,438,428,128,11,866,0.43582089552238806,0.42587064676616915,0.12736318407960198,0.010945273631840797,0.009950248756218905,0.7597525702202025,tested,1.0
ES,UPPER_k0,20,5,1279,1025,0.8014073494917905,1017,0.4917073170731707,0.5004878048780488,-0.00878048780487805,-0.05288345247369658,2.2239191809544905,2.466179108955772,-0.09677419354838705,0.46368159203980097,0.5343283582089552,0.7572139303482587,0.2835820895522388,438,431,128,8,869,0.43582089552238806,0.42885572139303485,0.12736318407960198,0.007960199004975124,0.006965174129353234,0.8387307114021252,tested,1.0
ES,UPPER_k0,20,10,1279,1025,0.8014073494917905,1017,0.4917073170731707,0.5004878048780488,-0.00878048780487805,-0.10673521004511183,2.8885518629909024,3.3013207925283425,-0.08493150684927522,0.46368159203980097,0.5353233830845772,0.8199004975124378,0.4318407960199005,442,435,128,0,877,0.43980099502487563,0.43283582089552236,0.12736318407960198,0.0,0.006965174129353234,0.839457764982379,tested,1.0
ES,UPPER_k0,20,15,1279,1025,0.8014073494917905,1017,0.4917073170731707,0.5004878048780488,-0.00878048780487805,0.057713655447965966,3.5122831779380155,3.862777838755137,-0.06666666666666667,0.4736318407960199,0.5233830845771145,0.8467661691542289,0.5044776119402985,442,435,128,0,877,0.43980099502487563,0.43283582089552236,0.12736318407960198,0.0,0.006965174129353234,0.839457764982379,tested,1.0
ES,UPPER_k0,20,20,1279,1025,0.8014073494917905,1017,0.4917073170731707,0.5004878048780488,-0.00878048780487805,-0.18645092785463332,3.96911749585719,4.4752443857304165,-0.08750000000009091,0.46766169154228854,0.5313432835820896,0.8626865671641791,0.5572139303482587,442,435,128,0,877,0.43980099502487563,0.43283582089552236,0.12736318407960198,0.0,0.006965174129353234,0.839457764982379,tested,1.0
ES,UPPER_k0,20,30,1279,1025,0.8014073494917905,1017,0.4917073170731707,0.5004878048780488,-0.00878048780487805,0.47992890468725996,4.5877067198166674,5.165053511608359,-0.051948051948051924,0.48059701492537316,0.5144278606965174,0.8776119402985074,0.609950248756219,442,435,128,0,877,0.43980099502487563,0.43283582089552236,0.12736318407960198,0.0,0.006965174129353234,0.839457764982379,tested,1.0
ES,UPPER_k0,20,60,1279,1025,0.8014073494917905,1017,0.4917073170731707,0.5004878048780488,-0.00878048780487805,0.6256357713105337,6.029914657976801,6.70853275796624,-0.06628571428570598,0.47562189054726367,0.5223880597014925,0.9024875621890547,0.6835820895522388,442,435,128,0,877,0.43980099502487563,0.43283582089552236,0.12736318407960198,0.0,0.006965174129353234,0.839457764982379,tested,1.0
ES,UPPER_k0,20,120,1279,1025,0.8014073494917905,1017,0.4917073170731707,0.5004878048780488,-0.00878048780487805,0.7385489458759981,7.717473973526584,8.302329271275156,-0.058974358974340314,0.472636815920398,0.5233830845771145,0.9213930348258706,0.745273631840796,442,435,128,0,877,0.43980099502487563,0.43283582089552236,0.12736318407960198,0.0,0.006965174129353234,0.839457764982379,tested,1.0
ES,UPPER_k0,30,1,1279,1050,0.8209538702111024,1042,0.4866666666666667,0.5057142857142857,-0.01904761904761905,0.09086737992208718,1.0294921148791607,0.9911792272959616,-0.00909090909094218,0.4897959183673469,0.500485908649174,0.5626822157434402,0.0,400,383,126,120,783,0.38872691933916426,0.3722060252672498,0.12244897959183673,0.11661807580174927,0.01652089407191448,0.5674898107706615,tested,0.9902956569849932
ES,UPPER_k0,30,2,1279,1050,0.8209538702111024,1042,0.4866666666666667,0.5057142857142857,-0.01904761904761905,0.07090791888731525,1.4146786877147284,1.447012526570203,0.0,0.4946550048590865,0.4975704567541302,0.6559766763848397,0.08649173955296405,439,413,129,48,852,0.42662779397473277,0.4013605442176871,0.12536443148688048,0.04664723032069971,0.025267249757045675,0.3917414926931186,tested,0.7740425972905941
ES,UPPER_k0,30,3,1279,1050,0.8209538702111024,1042,0.4866666666666667,0.5057142857142857,-0.01904761904761905,0.021212614204445104,1.7477257950107226,1.8407515684179212,-0.023999999999941787,0.4868804664723032,0.5072886297376094,0.7084548104956269,0.17589893100097181,447,427,129,26,874,0.43440233236151604,0.41496598639455784,0.12536443148688048,0.025267249757045675,0.019436345966958212,0.5204521940552441,tested,0.9596147120866215
ES,UPPER_k0,30,4,1279,1050,0.8209538702111024,1042,0.4866666666666667,0.5057142857142857,-0.01904761904761905,-0.11420804814375544,1.9668302043215573,2.2017749332298195,-0.0839999999999418,0.4713313896987366,0.5267249757045676,0.7376093294460642,0.24489795918367346,454,432,129,14,886,0.4412050534499514,0.4198250728862974,0.12536443148688048,0.013605442176870748,0.021379980563654033,0.48051446022648103,tested,0.9031805776684148
ES,UPPER_k0,30,5,1279,1050,0.8209538702111024,1042,0.4866666666666667,0.5057142857142857,-0.01904761904761905,0.016153798361378785,2.2239191809544905,2.394944705011783,-0.08421052631571288,0.4684159378036929,0.5296404275996113,0.7570456754130224,0.2857142857142857,456,435,129,9,891,0.44314868804664725,0.4227405247813411,0.12536443148688048,0.008746355685131196,0.02040816326530612,0.5028637987072714,tested,0.9376351184172083
ES,UPPER_k0,30,10,1279,1050,0.8209538702111024,1042,0.4866666666666667,0.5057142857142857,-0.01904761904761905,-0.09932782617367161,2.8863071961885938,3.262644709180024,-0.07999999999997923,0.46647230320699706,0.532555879494655,0.8192419825072886,0.43537414965986393,460,439,129,1,899,0.44703595724003886,0.42662779397473277,0.12536443148688048,0.0009718172983479105,0.02040816326530612,0.5047702647664152,tested,0.9376351184172083
ES,UPPER_k0,30,15,1279,1050,0.8209538702111024,1042,0.4866666666666667,0.5057142857142857,-0.01904761904761905,0.06941585107669855,3.4785054261855577,3.8141527491742844,-0.06363636363634713,0.47327502429543244,0.5238095238095238,0.8464528668610302,0.5092322643343051,460,440,129,0,900,0.44703595724003886,0.42759961127308066,0.12536443148688048,0.0,0.019436345966958212,0.5265389819911452,tested,0.959867673384988
ES,UPPER_k0,30,20,1279,1050,0.8209538702111024,1042,0.4866666666666667,0.5057142857142857,-0.01904761904761905,-0.19004719444919804,3.9479037190768955,4.422052176822983,-0.08750000000009091,0.467444120505345,0.531584062196307,0.8620019436345967,0.5607385811467445,460,440,129,0,900,0.44703595724003886,0.42759961127308066,0.12536443148688048,0.0,0.019436345966958212,0.5265389819911452,tested,0.959867673384988
ES,UPPER_k0,30,30,1279,1050,0.8209538702111024,1042,0.4866666666666667,0.5057142857142857,-0.01904761904761905,0.47992890468725996,4.58430542577456,5.098616173969275,-0.0556701030927985,0.4800777453838678,0.5150631681243926,0.8765792031098154,0.6122448979591837,460,440,129,0,900,0.44703595724003886,0.42759961127308066,0.12536443148688048,0.0,0.019436345966958212,0.5265389819911452,tested,0.959867673384988
ES,UPPER_k0,30,60,1279,1050,0.8209538702111024,1042,0.4866666666666667,0.5057142857142857,-0.01904761904761905,0.6256357713105337,6.025710403222181,6.696886573156376,-0.0672897196261751,0.4742468415937804,0.5238095238095238,0.9008746355685131,0.6870748299319728,460,440,129,0,900,0.44703595724003886,0.42759961127308066,0.12536443148688048,0.0,0.019436345966958212,0.5265389819911452,tested,0.959867673384988
ES,UPPER_k0,30,120,1279,1050,0.8209538702111024,1042,0.4866666666666667,0.5057142857142857,-0.01904761904761905,0.7424572915852105,7.681180116564398,8.272305270162434,-0.05816326530612986,0.4742468415937804,0.521865889212828,0.9212827988338192,0.749271137026239,460,440,129,0,900,0.44703595724003886,0.42759961127308066,0.12536443148688048,0.0,0.019436345966958212,0.5265389819911452,tested,0.959867673384988
ES,UPPER_k0,60,1,1279,1103,0.8623924941360438,1095,0.4841341795104261,0.5086128739800544,-0.024478694469628286,0.0824682214958181,1.0232865603608863,0.9539980920057164,0.0,0.49212233549582945,0.4986098239110287,0.5597775718257646,0.0,419,395,127,138,814,0.38832252085264135,0.366079703429101,0.11770157553290084,0.1278962001853568,0.022242817423540315,0.42017334772515974,tested,0.8134556011959092
ES,UPPER_k0,60,2,1279,1103,0.8623924941360438,1095,0.4841341795104261,0.5086128739800544,-0.024478694469628286,0.09247198972442905,1.3902441160325516,1.3638546259210298,0.0,0.4995366079703429,0.49304911955514363,0.6533827618164968,0.08433734939759036,461,428,130,60,889,0.4272474513438369,0.39666357738646896,0.12048192771084337,0.05560704355885079,0.030583873957367932,0.28315416607573357,tested,0.6599102089976455
ES,UPPER_k0,60,3,1279,1103,0.8623924941360438,1095,0.4841341795104261,0.5086128739800544,-0.024478694469628286,0.021212614204445104,1.6974412258052634,1.7269490268034315,-0.013793103448263363,0.4911955514365153,0.5032437442075997,0.7071362372567191,0.17608897126969417,474,442,130,33,916,0.4392956441149212,0.40963855421686746,0.12048192771084337,0.030583873957367932,0.029657089898053754,0.3057062155252132,tested,0.6679991346013687
ES,UPPER_k0,60,4,1279,1103,0.8623924941360438,1095,0.4841341795104261,0.5086128739800544,-0.024478694469628286,-0.08547043234472816,1.927721650416769,2.0766093149807148,-0.07142857142857138,0.47544022242817424,0.5217794253938832,0.7358665430954587,0.24559777571825764,481,448,130,20,929,0.4457831325301205,0.4151992585727525,0.12048192771084337,0.018535681186283594,0.030583873957367932,0.29376618467919047,tested,0.6626135392095774
ES,UPPER_k0,60,5,1279,1103,0.8623924941360438,1095,0.4841341795104261,0.5086128739800544,-0.024478694469628286,0.024261492391951665,2.1678303649152366,2.2457507044225915,-0.07407407407407403,0.4717330861909175,0.5254865616311399,0.7553290083410565,0.28544949026876737,484,452,130,13,936,0.448563484708063,0.41890639481000924,0.12048192771084337,0.012048192771084338,0.029657089898053754,0.3109316982562488,tested,0.6763637840720198
ES,UPPER_k0,60,10,1279,1103,0.8623924941360438,1095,0.4841341795104261,0.5086128739800544,-0.024478694469628286,-0.05580489988552768,2.835494411532191,3.0978116557715345,-0.0692307692308811,0.46987951807228917,0.5291936978683967,0.8174235403151066,0.43744207599629287,491,457,130,1,948,0.45505097312326226,0.4235403151065802,0.12048192771084337,0.0009267840593141798,0.03151065801668211,0.28380804660228615,tested,0.6599102089976455
ES,UPPER_k0,60,15,1279,1103,0.8623924941360438,1095,0.4841341795104261,0.5086128739800544,-0.024478694469628286,0.07590680990538796,3.44140720957134,3.7204532186144714,-0.05599999999998538,0.4772937905468026,0.5199258572752549,0.8443002780352178,0.5097312326227988,491,458,130,0,949,0.45505097312326226,0.42446709916589437,0.12048192771084337,0.0,0.030583873957367932,0.29891123081364673,tested,0.6626135392095774
ES,UPPER_k0,60,20,1279,1103,0.8623924941360438,1095,0.4841341795104261,0.5086128739800544,-0.024478694469628286,-0.18333018983806645,3.859365490175228,4.269074841227099,-0.07789473684212063,0.4726598702502317,0.5264133456904542,0.8600556070435589,0.5607043558850788,491,458,130,0,949,0.45505097312326226,0.42446709916589437,0.12048192771084337,0.0,0.030583873957367932,0.29891123081364673,tested,0.6626135392095774
ES,UPPER_k0,60,30,1279,1103,0.8623924941360438,1095,0.4841341795104261,0.5086128739800544,-0.024478694469628286,0.40638230744544296,4.481805125304582,5.033593407537864,-0.0556701030927985,0.48007414272474513,0.5152919369786839,0.8758109360518999,0.6126042632066728,491,458,130,0,949,0.45505097312326226,0.42446709916589437,0.12048192771084337,0.0,0.030583873957367932,0.29891123081364673,tested,0.6626135392095774
ES,UPPER_k0,60,60,1279,1103,0.8623924941360438,1095,0.4841341795104261,0.5086128739800544,-0.024478694469628286,0.46933966408105554,5.783755812493697,6.580874030744883,-0.06628571428570598,0.47544022242817424,0.5227062094531975,0.8999073215940686,0.6904541241890639,491,458,130,0,949,0.45505097312326226,0.42446709916589437,0.12048192771084337,0.0,0.030583873957367932,0.29891123081364673,tested,0.6626135392095774
ES,UPPER_k0,60,120,1279,1103,0.8623924941360438,1095,0.4841341795104261,0.5086128739800544,-0.024478694469628286,0.699472476203705,7.540984933206312,8.25426962444104,-0.058974358974340314,0.47451343836886006,0.5217794253938832,0.9212233549582948,0.7516218721037998,491,458,130,0,949,0.45505097312326226,0.42446709916589437,0.12048192771084337,0.0,0.030583873957367932,0.29891123081364673,tested,0.6626135392095774
ES,UPPER_k0,120,1,1279,1141,0.8921032056293979,1133,0.4829097283085013,0.5100788781770377,-0.02716914986853637,0.09139754593869401,1.0117587047094034,0.9260918943276468,0.0,0.4972972972972973,0.4936936936936937,0.5603603603603604,0.0,431,401,128,150,832,0.38828828828828826,0.36126126126126124,0.11531531531531532,0.13513513513513514,0.02702702702702703,0.31470666816176684,tested,0.6815124268022155
ES,UPPER_k0,120,2,1279,1141,0.8921032056293979,1133,0.4829097283085013,0.5100788781770377,-0.02716914986853637,0.09714564676224952,1.3722848182298648,1.3076354966644077,0.017424242424154236,0.5045045045045045,0.4882882882882883,0.6549549549549549,0.08648648648648649,477,435,131,67,912,0.4297297297297297,0.3918918918918919,0.11801801801801802,0.06036036036036036,0.03783783783783784,0.17454296773420763,tested,0.5032995771567862
ES,UPPER_k0,120,3,1279,1141,0.8921032056293979,1133,0.4829097283085013,0.5100788781770377,-0.02716914986853637,0.047280158009175316,1.6859948821847663,1.674999137603594,0.0,0.4954954954954955,0.4981981981981982,0.7072072072072072,0.17657657657657658,491,450,131,38,941,0.4423423423423423,0.40540540540540543,0.11801801801801802,0.03423423423423423,0.036936936936936934,0.19221874873134634,tested,0.515384659061093
ES,UPPER_k0,120,4,1279,1141,0.8921032056293979,1133,0.4829097283085013,0.5100788781770377,-0.02716914986853637,-0.08791061131758561,1.91880142129948,2.0102532689646324,-0.0571428571429351,0.4774774774774775,0.5198198198198198,0.7351351351351352,0.24774774774774774,498,458,131,23,956,0.4486486486486487,0.4126126126126126,0.11801801801801802,0.02072072072072072,0.036036036036036036,0.20715935886733164,tested,0.5291035867640554
ES,UPPER_k0,120,5,1279,1141,0.8921032056293979,1133,0.4829097283085013,0.5100788781770377,-0.02716914986853637,0.04513567152820355,2.164806451494648,2.205404797938094,-0.07272727272720655,0.47297297297297297,0.5243243243243243,0.754054054054054,0.2873873873873874,501,463,131,15,964,0.45135135135135135,0.41711711711711713,0.11801801801801802,0.013513513513513514,0.03423423423423423,0.23336598252051277,tested,0.5647456776996409
ES,UPPER_k0,120,10,1279,1141,0.8921032056293979,1133,0.4829097283085013,0.5100788781770377,-0.02716914986853637,-0.031070872242143156,2.827941065653165,2.9899337171370437,-0.06549110085693677,0.4720720720720721,0.5261261261261261,0.8153153153153153,0.43513513513513513,509,468,131,2,977,0.45855855855855854,0.42162162162162165,0.11801801801801802,0.0018018018018018018,0.036936936936936934,0.2006215047497279,tested,0.515384659061093
ES,UPPER_k0,120,15,1279,1141,0.8921032056293979,1133,0.4829097283085013,0.5100788781770377,-0.02716914986853637,0.1619264033522057,3.4173053474777686,3.610213120443137,-0.043826219512253295,0.4810810810810811,0.5162162162162162,0.8423423423423423,0.5081081081081081,509,470,131,0,979,0.45855855855855854,0.42342342342342343,0.11801801801801802,0.0,0.03513513513513514,0.22454377373152154,tested,0.5559037671921044
ES,UPPER_k0,120,20,1279,1141,0.8921032056293979,1133,0.4829097283085013,0.5100788781770377,-0.02716914986853637,-0.08380437595662454,3.850751940515674,4.107890159992756,-0.05892857142858446,0.4765765765765766,0.5225225225225225,0.8576576576576577,0.5585585585585585,509,470,131,0,979,0.45855855855855854,0.42342342342342343,0.11801801801801802,0.0,0.03513513513513514,0.22454377373152154,tested,0.5559037671921044
ES,UPPER_k0,120,30,1279,1141,0.8921032056293979,1133,0.4829097283085013,0.5100788781770377,-0.02716914986853637,0.4267549790888556,4.425720075607845,4.920597535015032,-0.0397317298797097,0.4837837837837838,0.5117117117117117,0.8738738738738738,0.6117117117117117,509,470,131,0,979,0.45855855855855854,0.42342342342342343,0.11801801801801802,0.0,0.03513513513513514,0.22454377373152154,tested,0.5559037671921044
ES,UPPER_k0,120,60,1279,1141,0.8921032056293979,1133,0.4829097283085013,0.5100788781770377,-0.02716914986853637,0.6330043623292463,5.731414699369341,6.500360636315077,-0.04305555555555557,0.48018018018018016,0.5180180180180181,0.8981981981981982,0.69009009009009,509,470,131,0,979,0.45855855855855854,0.42342342342342343,0.11801801801801802,0.0,0.03513513513513514,0.22454377373152154,tested,0.5559037671921044
ES,UPPER_k0,120,120,1279,1141,0.8921032056293979,1133,0.4829097283085013,0.5100788781770377,-0.02716914986853637,0.7190107110398516,7.416601930601127,8.075688127557736,-0.056916684199464176,0.4765765765765766,0.5198198198198198,0.9198198198198199,0.7504504504504504,509,470,131,0,979,0.45855855855855854,0.42342342342342343,0.11801801801801802,0.0,0.03513513513513514,0.22454377373152154,tested,0.5559037671921044
ES,UPPER_k1,1,1,1279,236,0.18451915559030493,236,0.5,0.5,0.0,0.05060629395876917,1.4449395202417874,1.4144472964251316,-0.013863057142001568,0.49356223175965663,0.5064377682403434,0.6137339055793991,0.0,87,85,53,8,172,0.37339055793991416,0.3648068669527897,0.22746781115879827,0.034334763948497854,0.008583690987124463,0.9392502353738341,tested,1.0
ES,UPPER_k1,1,2,1279,236,0.18451915559030493,236,0.5,0.5,0.0,-0.06951855232578176,1.880506959035263,2.3638546259209074,-0.10156397857057388,0.4678111587982833,0.5321888412017167,0.7081545064377682,0.11158798283261803,87,90,54,2,177,0.37339055793991416,0.38626609442060084,0.2317596566523605,0.008583690987124463,-0.012875536480686695,0.8805599174040932,tested,1.0
ES,UPPER_k1,1,3,1279,236,0.18451915559030493,236,0.5,0.5,0.0,-0.01428877090877607,2.204991653099599,2.6633299933163332,-0.07282418382717881,0.47639484978540775,0.5236051502145923,0.7381974248927039,0.20600858369098712,88,90,54,1,178,0.3776824034334764,0.38626609442060084,0.2317596566523605,0.004291845493562232,-0.008583690987124463,0.9402799587020467,tested,1.0
ES,UPPER_k1,1,4,1279,236,0.18451915559030493,236,0.5,0.5,0.0,-0.6224562713859313,2.545273687212194,2.9349491215644976,-0.038784965010791,0.4721030042918455,0.5278969957081545,0.759656652360515,0.30042918454935624,88,90,54,1,178,0.3776824034334764,0.38626609442060084,0.2317596566523605,0.004291845493562232,-0.008583690987124463,0.9402799587020467,tested,1.0
ES,UPPER_k1,1,5,1279,236,0.18451915559030493,236,0.5,0.5,0.0,-0.3463585149245646,2.892381924569636,3.2041060764432325,-0.10873979311222784,0.47639484978540775,0.5236051502145923,0.7682403433476395,0.33905579399141633,89,90,54,0,179,0.38197424892703863,0.38626609442060084,0.2317596566523605,0.0,-0.004291845493562232,1.0,tested,1.0
ES,UPPER_k1,1,10,1279,236,0.18451915559030493,236,0.5,0.5,0.0,0.3198240351920263,4.057028535064421,4.410255365293287,0.02116751188511078,0.5021459227467812,0.4978540772532189,0.8369098712446352,0.4291845493562232,89,90,54,0,179,0.38197424892703863,0.38626609442060084,0.2317596566523605,0.0,-0.004291845493562232,1.0,tested,1.0
ES,UPPER_k1,1,15,1279,236,0.18451915559030493,236,0.5,0.5,0.0,0.762146417399346,4.669027425997956,5.0843367004595805,-0.009401255041787697,0.4978540772532189,0.5021459227467812,0.8626609442060086,0.5150214592274678,89,90,54,0,179,0.38197424892703863,0.38626609442060084,0.2317596566523605,0.0,-0.004291845493562232,1.0,tested,1.0
ES,UPPER_k1,1,20,1279,236,0.18451915559030493,236,0.5,0.5,0.0,-0.3959595503072505,5.308768271466605,5.938661238277992,-0.012594394060821865,0.49356223175965663,0.5064377682403434,0.8798283261802575,0.5708154506437768,89,90,54,0,179,0.38197424892703863,0.38626609442060084,0.2317596566523605,0.0,-0.004291845493562232,1.0,tested,1.0
ES,UPPER_k1,1,30,1279,236,0.18451915559030493,236,0.5,0.5,0.0,0.557250786483938,6.282742344213655,7.192562158505726,-0.04625288122176191,0.4721030042918455,0.5278969957081545,0.8884120171673819,0.648068669527897,89,90,54,0,179,0.38197424892703863,0.38626609442060084,0.2317596566523605,0.0,-0.004291845493562232,1.0,tested,1.0
ES,UPPER_k1,1,60,1279,236,0.18451915559030493,236,0.5,0.5,0.0,0.19787547782615317,8.316735778035545,9.044045253344404,-0.06278150437593571,0.47639484978540775,0.5236051502145923,0.9098712446351931,0.7167381974248928,89,90,54,0,179,0.38197424892703863,0.38626609442060084,0.2317596566523605,0.0,-0.004291845493562232,1.0,tested,1.0
ES,UPPER_k1,1,120,1279,236,0.18451915559030493,236,0.5,0.5,0.0,1.9644439099580047,10.159304600003516,11.152118854769856,-0.06278150437593571,0.48068669527896996,0.51931330472103,0.927038626609442,0.7467811158798283,89,90,54,0,179,0.38197424892703863,0.38626609442060084,0.2317596566523605,0.0,-0.004291845493562232,1.0,tested,1.0
ES,UPPER_k1,2,1,1279,399,0.31196247068021893,399,0.46115288220551376,0.5388471177944862,-0.07769423558897243,0.32060941106361956,1.441283612026569,1.0447711329205156,0.1528302417625582,0.5392405063291139,0.4607594936708861,0.5822784810126582,0.0,172,135,68,20,307,0.43544303797468353,0.34177215189873417,0.17215189873417722,0.05063291139240506,0.09367088607594937,0.03974084970936668,tested,0.40518636888637416
ES,UPPER_k1,2,2,1279,399,0.31196247068021893,399,0.46115288220551376,0.5388471177944862,-0.07769423558897243,0.22504318947452195,1.8805069590347152,1.6334938508379837,0.10465369280373123,0.5316455696202531,0.46835443037974683,0.6708860759493671,0.10886075949367088,178,141,70,6,319,0.4506329113924051,0.3569620253164557,0.17721518987341772,0.015189873417721518,0.09367088607594937,0.043671354449072344,tested,0.40518636888637416
ES,UPPER_k1,2,3,1279,399,0.31196247068021893,399,0.46115288220551376,0.5388471177944862,-0.07769423558897243,0.24766578552337562,2.204991653099599,1.9634384642745686,0.09936865062982819,0.529113924050633,0.4708860759493671,0.7113924050632912,0.22025316455696203,180,141,71,3,321,0.45569620253164556,0.3569620253164557,0.17974683544303796,0.007594936708860759,0.09873417721518987,0.033763264144646185,tested,0.40518636888637416
ES,UPPER_k1,2,4,1279,399,0.31196247068021893,399,0.46115288220551376,0.5388471177944862,-0.07769423558897243,0.15450972174439825,2.4615139940654025,2.2439326432939772,0.05508737266176229,0.5164556962025316,0.4835443037974684,0.7468354430379747,0.3037974683544304,181,142,71,1,323,0.4582278481012658,0.3594936708860759,0.17974683544303796,0.002531645569620253,0.09873417721518987,0.03432119197959023,tested,0.40518636888637416
ES,UPPER_k1,2,5,1279,399,0.31196247068021893,399,0.46115288220551376,0.5388471177944862,-0.07769423558897243,0.08160762656494891,2.814068088618236,2.5608962357644565,0.04228052497068673,0.5164556962025316,0.4835443037974684,0.759493670886076,0.3493670886075949,182,142,71,0,324,0.4607594936708861,0.3594936708860759,0.17974683544303796,0.0,0.10126582278481013,0.03010282600102252,tested,0.40518636888637416
ES,UPPER_k1,2,10,1279,399,0.31196247068021893,399,0.46115288220551376,0.5388471177944862,-0.07769423558897243,0.5483006888332099,3.5369725777961194,3.3335334047877,0.07484571301877921,0.5189873417721519,0.4810126582278481,0.8202531645569621,0.44050632911392407,182,142,71,0,324,0.4607594936708861,0.3594936708860759,0.17974683544303796,0.0,0.10126582278481013,0.03010282600102252,tested,0.40518636888637416
ES,UPPER_k1,2,15,1279,399,0.31196247068021893,399,0.46115288220551376,0.5388471177944862,-0.07769423558897243,0.8973665961001273,4.344367516455359,4.145634093535925,0.053046609334556544,0.5215189873417722,0.47848101265822784,0.8556962025316456,0.5392405063291139,182,142,71,0,324,0.4607594936708861,0.3594936708860759,0.17974683544303796,0.0,0.10126582278481013,0.03010282600102252,tested,0.40518636888637416
ES,UPPER_k1,2,20,1279,399,0.31196247068021893,399,0.46115288220551376,0.5388471177944862,-0.07769423558897243,0.766904417197548,4.829581200491476,4.9554975670307,0.038108564766503115,0.5240506329113924,0.4759493670886076,0.8683544303797468,0.5873417721518988,182,142,71,0,324,0.4607594936708861,0.3594936708860759,0.17974683544303796,0.0,0.10126582278481013,0.03010282600102252,tested,0.40518636888637416
ES,UPPER_k1,2,30,1279,399,0.31196247068021893,399,0.46115288220551376,0.5388471177944862,-0.07769423558897243,1.4496387970483147,5.997076760465768,5.852814204096839,0.022649830400181495,0.5164556962025316,0.4835443037974684,0.8835443037974684,0.6556962025316456,182,142,71,0,324,0.4607594936708861,0.3594936708860759,0.17974683544303796,0.0,0.10126582278481013,0.03010282600102252,tested,0.40518636888637416
ES,UPPER_k1,2,60,1279,399,0.31196247068021893,399,0.46115288220551376,0.5388471177944862,-0.07769423558897243,1.7523423844127315,8.025101606984661,7.862822616004515,0.008995563475666055,0.5037974683544304,0.4962025316455696,0.9012658227848102,0.7113924050632912,182,142,71,0,324,0.4607594936708861,0.3594936708860759,0.17974683544303796,0.0,0.10126582278481013,0.03010282600102252,tested,0.40518636888637416
ES,UPPER_k1,2,120,1279,399,0.31196247068021893,399,0.46115288220551376,0.5388471177944862,-0.07769423558897243,1.829268793303338,9.76520875906173,9.26919953906936,0.018378168181370697,0.5113924050632911,0.48860759493670886,0.9164556962025316,0.7493670886075949,182,142,71,0,324,0.4607594936708861,0.3594936708860759,0.17974683544303796,0.0,0.10126582278481013,0.03010282600102252,tested,0.40518636888637416
ES,UPPER_k1,3,1,1279,493,0.3854573885848319,493,0.4726166328600406,0.5273833671399595,-0.05476673427991886,0.29836285469426044,1.3060690906007928,1.0186446926889963,0.14281739870994686,0.5316973415132924,0.46830265848670755,0.5644171779141104,0.0,211,173,74,31,384,0.43149284253578735,0.3537832310838446,0.15132924335378323,0.06339468302658487,0.07770961145194274,0.05886478519100829,tested,0.40518636888637416
ES,UPPER_k1,3,2,1279,493,0.3854573885848319,493,0.4726166328600406,0.5273833671399595,-0.05476673427991886,0.21973566892118318,1.8062701904252896,1.6046693311223181,0.09728112757657073,0.5276073619631901,0.4723926380368098,0.6523517382413088,0.10429447852760736,221,179,77,12,400,0.45194274028629855,0.3660531697341513,0.1574642126789366,0.024539877300613498,0.08588957055214724,0.040230739680637874,tested,0.40518636888637416
ES,UPPER_k1,3,3,1279,493,0.3854573885848319,493,0.4726166328600406,0.5273833671399595,-0.05476673427991886,0.24754122266352324,2.150953064450289,1.9258963837178622,0.07998288734072252,0.523517382413088,0.47648261758691207,0.7014314928425358,0.21267893660531698,226,180,79,4,406,0.4621676891615542,0.36809815950920244,0.16155419222903886,0.0081799591002045,0.09406952965235174,0.025407658712196232,tested,0.40518636888637416
ES,UPPER_k1,3,4,1279,493,0.3854573885848319,493,0.4726166328600406,0.5273833671399595,-0.05476673427991886,0.1719028975922539,2.408451454300424,2.138959237633194,0.03009167004626458,0.5132924335378323,0.4867075664621677,0.7361963190184049,0.2965235173824131,227,182,79,1,409,0.46421267893660534,0.3721881390593047,0.16155419222903886,0.002044989775051125,0.09202453987730061,0.029456626909082868,tested,0.40518636888637416
ES,UPPER_k1,3,5,1279,493,0.3854573885848319,493,0.4726166328600406,0.5273833671399595,-0.05476673427991886,0.08160762656494891,2.6525604984040054,2.487793964844322,0.014375865811744073,0.5051124744376279,0.4948875255623722,0.7505112474437627,0.33537832310838445,228,182,79,0,410,0.4662576687116564,0.3721881390593047,0.16155419222903886,0.0,0.09406952965235174,0.026136491079094486,tested,0.40518636888637416
ES,UPPER_k1,3,10,1279,493,0.3854573885848319,493,0.4726166328600406,0.5273833671399595,-0.05476673427991886,0.3715648067786472,3.3704243516388823,3.298573526475931,0.048256226599985096,0.50920245398773,0.49079754601226994,0.8139059304703476,0.4437627811860941,228,182,79,0,410,0.4662576687116564,0.3721881390593047,0.16155419222903886,0.0,0.09406952965235174,0.026136491079094486,tested,0.40518636888637416
ES,UPPER_k1,3,15,1279,493,0.3854573885848319,493,0.4726166328600406,0.5273833671399595,-0.05476673427991886,0.6464786274229689,4.171990384376518,4.157705158987713,0.02320284100706515,0.5071574642126789,0.49284253578732107,0.8466257668711656,0.5337423312883436,228,182,79,0,410,0.4662576687116564,0.3721881390593047,0.16155419222903886,0.0,0.09406952965235174,0.026136491079094486,tested,0.40518636888637416
ES,UPPER_k1,3,20,1279,493,0.3854573885848319,493,0.4726166328600406,0.5273833671399595,-0.05476673427991886,0.7674949678964526,4.727541984450986,4.897222840005612,0.0344175326316007,0.5194274028629857,0.48057259713701433,0.8609406952965235,0.5848670756646217,228,182,79,0,410,0.4662576687116564,0.3721881390593047,0.16155419222903886,0.0,0.09406952965235174,0.026136491079094486,tested,0.40518636888637416
ES,UPPER_k1,3,30,1279,493,0.3854573885848319,493,0.4726166328600406,0.5273833671399595,-0.05476673427991886,1.5435723852566565,5.9122653135357845,5.800568148194211,0.02320284100706515,0.5194274028629857,0.48057259713701433,0.8732106339468303,0.65439672801636,228,182,79,0,410,0.4662576687116564,0.3721881390593047,0.16155419222903886,0.0,0.09406952965235174,0.026136491079094486,tested,0.40518636888637416
ES,UPPER_k1,3,60,1279,493,0.3854573885848319,493,0.4726166328600406,0.5273833671399595,-0.05476673427991886,2.1054410988633707,7.855407460873209,7.673314978995396,0.028907855273205586,0.5112474437627812,0.4887525562372188,0.8957055214723927,0.7157464212678937,228,182,79,0,410,0.4662576687116564,0.3721881390593047,0.16155419222903886,0.0,0.09406952965235174,0.026136491079094486,tested,0.40518636888637416
ES,UPPER_k1,3,120,1279,493,0.3854573885848319,493,0.4726166328600406,0.5273833671399595,-0.05476673427991886,1.6283491354997983,9.670893410642806,8.946518567148235,0.01950133360508269,0.5132924335378323,0.4867075664621677,0.9141104294478528,0.7607361963190185,228,182,79,0,410,0.4662576687116564,0.3721881390593047,0.16155419222903886,0.0,0.09406952965235174,0.026136491079094486,tested,0.40518636888637416
ES,UPPER_k1,4,1,1279,563,0.4401876465989054,563,0.477797513321492,0.522202486678508,-0.04440497335701599,0.2360957476246247,1.192660906073256,1.0201788078016523,0.0940345072220225,0.514336917562724,0.48566308243727596,0.5627240143369175,0.0,235,199,83,41,434,0.4211469534050179,0.35663082437275984,0.14874551971326164,0.07347670250896057,0.06451612903225806,0.09283241766270973,tested,0.40518636888637416
ES,UPPER_k1,4,2,1279,563,0.4401876465989054,563,0.477797513321492,0.522202486678508,-0.04440497335701599,0.21775504807403528,1.7466988066021094,1.609261614930429,0.033081093659040856,0.514336917562724,0.48566308243727596,0.6559139784946236,0.10215053763440861,247,207,86,18,454,0.44265232974910396,0.3709677419354839,0.15412186379928317,0.03225806451612903,0.07168458781362007,0.06707791270348146,tested,0.40518636888637416
ES,UPPER_k1,4,3,1279,563,0.4401876465989054,563,0.477797513321492,0.522202486678508,-0.04440497335701599,0.219735668921799,2.046918956322145,1.9281889156958414,0.06291857590618206,0.517921146953405,0.482078853046595,0.7078853046594982,0.2060931899641577,255,209,88,6,464,0.45698924731182794,0.37455197132616486,0.15770609318996415,0.010752688172043012,0.08243727598566308,0.03658741736666283,tested,0.40518636888637416
ES,UPPER_k1,4,4,1279,563,0.4401876465989054,563,0.477797513321492,0.522202486678508,-0.04440497335701599,0.15719917175616765,2.3125258856664708,2.1219507409768577,0.01984497597758101,0.507168458781362,0.492831541218638,0.7455197132616488,0.2885304659498208,256,211,88,3,467,0.45878136200716846,0.3781362007168459,0.15770609318996415,0.005376344086021506,0.08064516129032258,0.041627700125796384,tested,0.40518636888637416
ES,UPPER_k1,4,5,1279,563,0.4401876465989054,563,0.477797513321492,0.522202486678508,-0.04440497335701599,0.159268432905596,2.5470874379198705,2.453615922222081,-0.004480813066359227,0.5,0.5,0.7598566308243727,0.32616487455197135,257,212,88,1,469,0.460573476702509,0.37992831541218636,0.15770609318996415,0.0017921146953405018,0.08064516129032258,0.04206633663894268,tested,0.40518636888637416
ES,UPPER_k1,4,10,1279,563,0.4401876465989054,563,0.477797513321492,0.522202486678508,-0.04440497335701599,0.4573348926477305,3.3090475795834884,3.090660006782372,0.046769046629999166,0.5125448028673835,0.4874551971326165,0.8189964157706093,0.44802867383512546,257,213,88,0,470,0.460573476702509,0.3817204301075269,0.15770609318996415,0.0,0.07885304659498207,0.04720276459154288,tested,0.40518636888637416
ES,UPPER_k1,4,15,1279,563,0.4401876465989054,563,0.477797513321492,0.522202486678508,-0.04440497335701599,0.6456732110722083,4.097884255693753,3.9168647567775476,0.049485614016114454,0.5125448028673835,0.4874551971326165,0.8530465949820788,0.546594982078853,257,213,88,0,470,0.460573476702509,0.3817204301075269,0.15770609318996415,0.0,0.07885304659498207,0.04720276459154288,tested,0.40518636888637416
ES,UPPER_k1,4,20,1279,563,0.4401876465989054,563,0.477797513321492,0.522202486678508,-0.04440497335701599,0.5913632047790155,4.6370221888182375,4.666193566358109,0.036263048699051906,0.521505376344086,0.478494623655914,0.8691756272401434,0.600358422939068,257,213,88,0,470,0.460573476702509,0.3817204301075269,0.15770609318996415,0.0,0.07885304659498207,0.04720276459154288,tested,0.40518636888637416
ES,UPPER_k1,4,30,1279,563,0.4401876465989054,563,0.477797513321492,0.522202486678508,-0.04440497335701599,1.34119140075989,5.690518039515959,5.756101714321975,0.021584850067419004,0.514336917562724,0.48566308243727596,0.8799283154121864,0.6684587813620072,257,213,88,0,470,0.460573476702509,0.3817204301075269,0.15770609318996415,0.0,0.07885304659498207,0.04720276459154288,tested,0.40518636888637416
ES,UPPER_k1,4,60,1279,563,0.4401876465989054,563,0.477797513321492,0.522202486678508,-0.04440497335701599,1.7187331190731094,7.575290091521913,7.412556320588333,0.028446337548302253,0.5125448028673835,0.4874551971326165,0.9014336917562724,0.7258064516129032,257,213,88,0,470,0.460573476702509,0.3817204301075269,0.15770609318996415,0.0,0.07885304659498207,0.04720276459154288,tested,0.40518636888637416
ES,UPPER_k1,4,120,1279,563,0.4401876465989054,563,0.477797513321492,0.522202486678508,-0.04440497335701599,1.6883046314002719,9.659201619821339,8.943067213436462,0.022468099203151508,0.5161290322580645,0.4838709677419355,0.9193548387096774,0.7706093189964157,257,213,88,0,470,0.460573476702509,0.3817204301075269,0.15770609318996415,0.0,0.07885304659498207,0.04720276459154288,tested,0.40518636888637416
ES,UPPER_k1,5,1,1279,606,0.473807662236122,606,0.47194719471947194,0.528052805280528,-0.056105610561056105,0.2326850449036817,1.1691859408546488,1.0000000000001013,0.06626768692517328,0.51,0.49,0.5733333333333334,0.0,251,213,88,48,464,0.41833333333333333,0.355,0.14666666666666667,0.08,0.06333333333333334,0.08574478287512406,tested,0.40518636888637416
ES,UPPER_k1,5,2,1279,606,0.473807662236122,606,0.47194719471947194,0.528052805280528,-0.056105610561056105,0.219735668921799,1.6503235360796547,1.5433870367322093,0.025632162662926325,0.5116666666666667,0.48833333333333334,0.6616666666666666,0.09833333333333333,265,224,91,20,489,0.44166666666666665,0.37333333333333335,0.15166666666666667,0.03333333333333333,0.06833333333333333,0.07036343850995117,tested,0.40518636888637416
ES,UPPER_k1,5,3,1279,606,0.473807662236122,606,0.47194719471947194,0.528052805280528,-0.056105610561056105,0.24760350409344944,2.0368803856040585,1.8587336443198406,0.06578273721800848,0.5216666666666666,0.47833333333333333,0.7116666666666667,0.19833333333333333,274,226,93,7,500,0.45666666666666667,0.37666666666666665,0.155,0.011666666666666667,0.08,0.035456638012682916,tested,0.40518636888637416
ES,UPPER_k1,5,4,1279,606,0.473807662236122,606,0.47194719471947194,0.528052805280528,-0.056105610561056105,0.09656291113114031,2.27940449427133,2.039113789200145,0.027248317137673433,0.5116666666666667,0.48833333333333334,0.75,0.285,275,228,93,4,503,0.4583333333333333,0.38,0.155,0.006666666666666667,0.07833333333333334,0.0401569376803369,tested,0.40518636888637416
ES,UPPER_k1,5,5,1279,606,0.473807662236122,606,0.47194719471947194,0.528052805280528,-0.056105610561056105,0.19041669655788518,2.511941843395207,2.358502517812833,0.014047297619387552,0.505,0.495,0.7666666666666667,0.32166666666666666,276,229,93,2,505,0.46,0.38166666666666665,0.155,0.0033333333333333335,0.07833333333333334,0.04055477635499941,tested,0.40518636888637416
ES,UPPER_k1,5,10,1279,606,0.473807662236122,606,0.47194719471947194,0.528052805280528,-0.056105610561056105,0.3748758201622493,3.2331790959945215,3.0386611557075045,0.047473118912395806,0.5166666666666667,0.48333333333333334,0.8233333333333334,0.45,276,231,93,0,507,0.46,0.385,0.155,0.0,0.075,0.05058121342608333,tested,0.40518636888637416
ES,UPPER_k1,5,15,1279,606,0.473807662236122,606,0.47194719471947194,0.528052805280528,-0.056105610561056105,0.6399163137659789,4.088298426166469,3.6725371962222524,0.04658336756595975,0.515,0.485,0.855,0.545,276,231,93,0,507,0.46,0.385,0.155,0.0,0.075,0.05058121342608333,tested,0.40518636888637416
ES,UPPER_k1,5,20,1279,606,0.473807662236122,606,0.47194719471947194,0.528052805280528,-0.056105610561056105,0.5667676774663211,4.577834361880189,4.5386023605303025,0.036263048699051906,0.525,0.475,0.8716666666666667,0.6033333333333334,276,231,93,0,507,0.46,0.385,0.155,0.0,0.075,0.05058121342608333,tested,0.40518636888637416
ES,UPPER_k1,5,30,1279,606,0.473807662236122,606,0.47194719471947194,0.528052805280528,-0.056105610561056105,1.34119140075989,5.616404437310852,5.6870130808066754,0.022505488125445415,0.5166666666666667,0.48333333333333334,0.8833333333333333,0.67,276,231,93,0,507,0.46,0.385,0.155,0.0,0.075,0.05058121342608333,tested,0.40518636888637416
ES,UPPER_k1,5,60,1279,606,0.473807662236122,606,0.47194719471947194,0.528052805280528,-0.056105610561056105,1.5502927214303104,7.367216938546038,7.2186543783313795,0.026456908443792636,0.5116666666666667,0.48833333333333334,0.9033333333333333,0.725,276,231,93,0,507,0.46,0.385,0.155,0.0,0.075,0.05058121342608333,tested,0.40518636888637416
ES,UPPER_k1,5,120,1279,606,0.473807662236122,606,0.47194719471947194,0.528052805280528,-0.056105610561056105,1.5886314675620272,9.188057643480562,8.814214446740518,0.022468099203151508,0.515,0.485,0.9216666666666666,0.7716666666666666,276,231,93,0,507,0.46,0.385,0.155,0.0,0.075,0.05058121342608333,tested,0.40518636888637416
ES,UPPER_k1,10,1,1279,726,0.5676309616888194,726,0.47520661157024796,0.5247933884297521,-0.049586776859504134,0.20136787649190718,1.142928772985186,0.9393282827968563,0.0825303218695418,0.5139275766016713,0.4860724233983287,0.584958217270195,0.0,297,251,96,74,548,0.4136490250696379,0.34958217270194986,0.13370473537604458,0.10306406685236769,0.06406685236768803,0.05446824537696531,tested,0.40518636888637416
ES,UPPER_k1,10,2,1279,726,0.5676309616888194,726,0.47520661157024796,0.5247933884297521,-0.049586776859504134,0.19572562325254278,1.520309021891677,1.4559275484819305,0.0385219838832048,0.5167130919220055,0.4832869080779944,0.6643454038997214,0.10027855153203342,316,266,99,37,582,0.4401114206128134,0.37047353760445684,0.13788300835654596,0.05153203342618384,0.06963788300835655,0.0421510080914025,tested,0.40518636888637416
ES,UPPER_k1,10,3,1279,726,0.5676309616888194,726,0.47520661157024796,0.5247933884297521,-0.049586776859504134,0.21910729341851498,1.9042029805697758,1.7597525870105626,0.05485808559203742,0.5153203342618384,0.48467966573816157,0.7116991643454039,0.19637883008356546,330,274,101,13,604,0.4596100278551532,0.3816155988857939,0.14066852367688024,0.018105849582172703,0.07799442896935933,0.02514556262180412,tested,0.40518636888637416
ES,UPPER_k1,10,4,1279,726,0.5676309616888194,726,0.47520661157024796,0.5247933884297521,-0.049586776859504134,-0.0064669207710918875,2.064282002517198,2.003622738016902,0.022169510848062204,0.5069637883008357,0.49303621169916434,0.7506963788300836,0.28133704735376047,332,277,101,8,609,0.4623955431754875,0.38579387186629527,0.14066852367688024,0.011142061281337047,0.0766016713091922,0.028573045329513286,tested,0.40518636888637416
ES,UPPER_k1,10,5,1279,726,0.5676309616888194,726,0.47520661157024796,0.5247933884297521,-0.049586776859504134,0.09406571610623199,2.288228206601495,2.213710161246549,-0.0046762948587946475,0.4986072423398329,0.5013927576601671,0.7688022284122563,0.3231197771587744,333,278,101,6,611,0.4637883008356546,0.3871866295264624,0.14066852367688024,0.008356545961002786,0.0766016713091922,0.028835148666949195,tested,0.40518636888637416
ES,UPPER_k1,10,10,1279,726,0.5676309616888194,726,0.47520661157024796,0.5247933884297521,-0.049586776859504134,0.3223246655779882,3.0706176374261984,2.99174048238807,0.023661504713402465,0.5083565459610028,0.49164345403899723,0.8189415041782729,0.44986072423398327,335,282,101,0,617,0.46657381615598886,0.39275766016713093,0.14066852367688024,0.0,0.07381615598885793,0.03622439892934192,tested,0.40518636888637416
ES,UPPER_k1,10,15,1279,726,0.5676309616888194,726,0.47520661157024796,0.5247933884297521,-0.049586776859504134,0.30846454729037465,3.793005407226196,3.702318739837696,0.007101956054266366,0.5055710306406686,0.49442896935933145,0.850974930362117,0.5431754874651811,335,282,101,0,617,0.46657381615598886,0.39275766016713093,0.14066852367688024,0.0,0.07381615598885793,0.03622439892934192,tested,0.40518636888637416
ES,UPPER_k1,10,20,1279,726,0.5676309616888194,726,0.47520661157024796,0.5247933884297521,-0.049586776859504134,0.3105568287898053,4.348617555716519,4.391135675160034,0.021887796574540735,0.5111420612813371,0.48885793871866295,0.8662952646239555,0.5988857938718662,335,282,101,0,617,0.46657381615598886,0.39275766016713093,0.14066852367688024,0.0,0.07381615598885793,0.03622439892934192,tested,0.40518636888637416
ES,UPPER_k1,10,30,1279,726,0.5676309616888194,726,0.47520661157024796,0.5247933884297521,-0.049586776859504134,0.6237452129329221,5.155210016436136,5.604580333335971,0.003596143773381034,0.5013927576601671,0.4986072423398329,0.8788300835654597,0.6671309192200557,335,282,101,0,617,0.46657381615598886,0.39275766016713093,0.14066852367688024,0.0,0.07381615598885793,0.03622439892934192,tested,0.40518636888637416
ES,UPPER_k1,10,60,1279,726,0.5676309616888194,726,0.47520661157024796,0.5247933884297521,-0.049586776859504134,1.250686699398904,6.715940036052845,7.148359361456087,-0.014781668754808536,0.49164345403899723,0.5083565459610028,0.8983286908077994,0.7186629526462396,335,282,101,0,617,0.46657381615598886,0.39275766016713093,0.14066852367688024,0.0,0.07381615598885793,0.03622439892934192,tested,0.40518636888637416
ES,UPPER_k1,10,120,1279,726,0.5676309616888194,726,0.47520661157024796,0.5247933884297521,-0.049586776859504134,1.4645836835928252,8.598336711587287,8.682288606449497,-0.005078364496456846,0.4986072423398329,0.5013927576601671,0.915041782729805,0.7646239554317549,335,282,101,0,617,0.46657381615598886,0.39275766016713093,0.14066852367688024,0.0,0.07381615598885793,0.03622439892934192,tested,0.40518636888637416
ES,UPPER_k1,15,1,1279,782,0.6114151681000782,782,0.47698209718670076,0.5230179028132992,-0.04603580562659847,0.1471200793875713,1.08370768189804,0.9297632838175877,0.0323537878030038,0.5045278137128072,0.49547218628719275,0.5886157826649417,0.0,312,274,97,90,586,0.4036222509702458,0.35446313065976714,0.12548512289780078,0.11642949547218628,0.04915912031047866,0.12632734118500857,tested,0.46320025101169815
ES,UPPER_k1,15,2,1279,782,0.6114151681000782,782,0.47698209718670076,0.5230179028132992,-0.04603580562659847,0.16743276590086412,1.479746446734662,1.3722528571607508,0.02421038936129966,0.5109961190168176,0.4890038809831824,0.666235446313066,0.09831824062095731,337,292,100,44,629,0.4359637774902975,0.3777490297542044,0.129366106080207,0.056921086675291076,0.05821474773609314,0.07928012273877356,tested,0.40518636888637416
ES,UPPER_k1,15,3,1279,782,0.6114151681000782,782,0.47698209718670076,0.5230179028132992,-0.04603580562659847,0.21306880776080947,1.851129408980568,1.7046642634166933,0.0499632530279217,0.5135834411384217,0.48641655886157825,0.7166882276843467,0.19016817593790428,353,302,102,16,655,0.45666235446313064,0.3906856403622251,0.13195342820181113,0.02069857697283312,0.06597671410090557,0.05065831472319033,tested,0.40518636888637416
ES,UPPER_k1,15,4,1279,782,0.6114151681000782,782,0.47698209718670076,0.5230179028132992,-0.04603580562659847,0.06303987716778119,2.032015403804344,1.953560879291601,0.020365711980481274,0.5058214747736093,0.49417852522639066,0.7529107373868047,0.2729624838292367,355,305,102,11,660,0.4592496765847348,0.3945666235446313,0.13195342820181113,0.014230271668822769,0.0646830530401035,0.05639657013811027,tested,0.40518636888637416
ES,UPPER_k1,15,5,1279,782,0.6114151681000782,782,0.47698209718670076,0.5230179028132992,-0.04603580562659847,0.12063105145609705,2.228247530040996,2.137472458572091,0.009750993489069567,0.5019404915912031,0.49805950840879687,0.7710219922380336,0.31565329883570503,357,307,102,7,664,0.46183699870633893,0.39715394566623546,0.13195342820181113,0.009055627425614488,0.0646830530401035,0.05714580226958263,tested,0.40518636888637416
ES,UPPER_k1,15,10,1279,782,0.6114151681000782,782,0.47698209718670076,0.5230179028132992,-0.04603580562659847,0.3058572501980351,3.0399128112357268,2.966686844125785,0.024120168419739782,0.5097024579560155,0.49029754204398446,0.8188874514877102,0.4463130659767141,359,311,102,1,670,0.4644243208279431,0.4023285899094437,0.13195342820181113,0.00129366106080207,0.062095730918499355,0.06932624374671154,tested,0.40518636888637416
ES,UPPER_k1,15,15,1279,782,0.6114151681000782,782,0.47698209718670076,0.5230179028132992,-0.04603580562659847,0.26920285936994515,3.715961719334297,3.622471828364257,0.002422113857244613,0.5032341526520052,0.49676584734799484,0.8499353169469599,0.536869340232859,359,312,102,0,671,0.4644243208279431,0.4036222509702458,0.13195342820181113,0.0,0.06080206985769728,0.07568583825786224,tested,0.40518636888637416
ES,UPPER_k1,15,20,1279,782,0.6114151681000782,782,0.47698209718670076,0.5230179028132992,-0.04603580562659847,0.2721433189116702,4.139362166481307,4.242512451473035,0.021125762748899976,0.5109961190168176,0.4890038809831824,0.8641655886157826,0.5912031047865459,359,312,102,0,671,0.4644243208279431,0.4036222509702458,0.13195342820181113,0.0,0.06080206985769728,0.07568583825786224,tested,0.40518636888637416
ES,UPPER_k1,15,30,1279,782,0.6114151681000782,782,0.47698209718670076,0.5230179028132992,-0.04603580562659847,0.5894920281325718,4.973557213019638,5.330780573679427,-0.006060203558381967,0.49935316946959896,0.500646830530401,0.8783958602846055,0.6597671410090556,359,312,102,0,671,0.4644243208279431,0.4036222509702458,0.13195342820181113,0.0,0.06080206985769728,0.07568583825786224,tested,0.40518636888637416
ES,UPPER_k1,15,60,1279,782,0.6114151681000782,782,0.47698209718670076,0.5230179028132992,-0.04603580562659847,1.067299884767471,6.653716277498363,7.00832755431962,-0.011724303026039072,0.49288486416558863,0.5071151358344114,0.8978007761966365,0.7153945666235446,359,312,102,0,671,0.4644243208279431,0.4036222509702458,0.13195342820181113,0.0,0.06080206985769728,0.07568583825786224,tested,0.40518636888637416
ES,UPPER_k1,15,120,1279,782,0.6114151681000782,782,0.47698209718670076,0.5230179028132992,-0.04603580562659847,1.1665537893029003,8.347544904662495,8.543395581660056,-0.00877382454569131,0.49547218628719275,0.5045278137128072,0.9159120310478654,0.7684346701164295,359,312,102,0,671,0.4644243208279431,0.4036222509702458,0.13195342820181113,0.0,0.06080206985769728,0.07568583825786224,tested,0.40518636888637416
ES,UPPER_k1,20,1,1279,829,0.6481626270523847,829,0.4752714113389626,0.5247285886610374,-0.04945717732207479,0.12702572632561257,1.0522401298617887,0.8939798114907676,0.019751886357122786,0.5024449877750611,0.49755501222493886,0.5941320293398533,0.0,327,289,99,103,616,0.39975550122249387,0.3533007334963325,0.12102689486552567,0.12591687041564792,0.04645476772616137,0.13595651912800208,tested,0.47310419362081046
ES,UPPER_k1,20,2,1279,829,0.6481626270523847,829,0.4752714113389626,0.5247285886610374,-0.04945717732207479,0.13860817291482389,1.457106785923753,1.3550309064826682,0.01077038753112098,0.5061124694376528,0.4938875305623472,0.6723716381418093,0.09902200488997555,353,313,102,50,666,0.4315403422982885,0.38264058679706603,0.12469437652811736,0.061124694376528114,0.0488997555012225,0.13067077548888253,tested,0.4667502238864882
ES,UPPER_k1,20,3,1279,829,0.6481626270523847,829,0.4752714113389626,0.5247285886610374,-0.04945717732207479,0.16368670035598454,1.8116926572332601,1.702160094283431,0.04201931826605689,0.5097799511002445,0.4902200488997555,0.7224938875305623,0.19070904645476772,370,327,104,17,697,0.45232273838630804,0.39975550122249387,0.1271393643031785,0.02078239608801956,0.05256723716381418,0.11157476736318175,tested,0.42858878891888863
ES,UPPER_k1,20,4,1279,829,0.6481626270523847,829,0.4752714113389626,0.5247285886610374,-0.04945717732207479,-0.0495549520515354,2.016887587709085,1.9597381487454686,0.006754229935662477,0.5024449877750611,0.49755501222493886,0.7579462102689487,0.2726161369193154,372,331,104,11,703,0.4547677261613692,0.40464547677261614,0.1271393643031785,0.013447432762836185,0.05012224938875306,0.1313353996662907,tested,0.4673995105770934
ES,UPPER_k1,20,5,1279,829,0.6481626270523847,829,0.4752714113389626,0.5247285886610374,-0.04945717732207479,0.08792992678786109,2.2105991813758745,2.1639173171839907,-0.0025511900153968414,0.49877750611246946,0.5012224938875306,0.7750611246943765,0.3141809290953545,374,333,104,7,707,0.4572127139364303,0.4070904645476773,0.1271393643031785,0.008557457212713936,0.05012224938875306,0.13243240920224938,tested,0.46957718720797587
ES,UPPER_k1,20,10,1279,829,0.6481626270523847,829,0.4752714113389626,0.5247285886610374,-0.04945717732207479,0.260623586403406,2.962175697718722,2.9681416685110023,0.01800185163761262,0.5036674816625917,0.4963325183374083,0.8215158924205379,0.4449877750611247,376,337,104,1,713,0.45965770171149145,0.4119804400977995,0.1271393643031785,0.0012224938875305623,0.04767726161369193,0.1546545353597633,tested,0.4844881141887521
ES,UPPER_k1,20,15,1279,829,0.6481626270523847,829,0.4752714113389626,0.5247285886610374,-0.04945717732207479,0.13954563270041734,3.594103991531632,3.6115185081904935,-0.010299490729891309,0.4963325183374083,0.5036674816625917,0.8520782396088019,0.5354523227383863,376,338,104,0,714,0.45965770171149145,0.4132029339853301,0.1271393643031785,0.0,0.04645476772616137,0.16610190760995902,tested,0.5032995771567862
ES,UPPER_k1,20,20,1279,829,0.6481626270523847,829,0.4752714113389626,0.5247285886610374,-0.04945717732207479,0.0748350756094803,4.005896885451463,4.267360855937792,0.003596143773381034,0.5036674816625917,0.4963325183374083,0.8667481662591687,0.5904645476772616,376,338,104,0,714,0.45965770171149145,0.4132029339853301,0.1271393643031785,0.0,0.04645476772616137,0.16610190760995902,tested,0.5032995771567862
ES,UPPER_k1,20,30,1279,829,0.6481626270523847,829,0.4752714113389626,0.5247285886610374,-0.04945717732207479,0.3982036448064289,4.70959363955398,5.363464412716308,-0.01646412968839352,0.49144254278728605,0.508557457212714,0.8801955990220048,0.6601466992665037,376,338,104,0,714,0.45965770171149145,0.4132029339853301,0.1271393643031785,0.0,0.04645476772616137,0.16610190760995902,tested,0.5032995771567862
ES,UPPER_k1,20,60,1279,829,0.6481626270523847,829,0.4752714113389626,0.5247285886610374,-0.04945717732207479,0.7531609757504427,6.368233485409711,7.040165189313669,-0.02686628842516791,0.48533007334963324,0.5146699266503667,0.8997555012224939,0.7163814180929096,376,338,104,0,714,0.45965770171149145,0.4132029339853301,0.1271393643031785,0.0,0.04645476772616137,0.16610190760995902,tested,0.5032995771567862
ES,UPPER_k1,20,120,1279,829,0.6481626270523847,829,0.4752714113389626,0.5247285886610374,-0.04945717732207479,0.9017793124783239,8.03154836869102,8.569771131229082,-0.030250709648906266,0.4877750611246944,0.5122249388753056,0.9168704156479217,0.7689486552567237,376,338,104,0,714,0.45965770171149145,0.4132029339853301,0.1271393643031785,0.0,0.04645476772616137,0.16610190760995902,tested,0.5032995771567862
ES,UPPER_k1,30,1,1279,891,0.6966379984362784,891,0.47586980920314254,0.5241301907968574,-0.04826038159371493,0.13786087975016986,1.0409737309659748,0.8814145877437473,0.012561415302116042,0.5017064846416383,0.49829351535836175,0.6006825938566553,0.0,347,305,104,123,652,0.39476678043230945,0.34698521046643915,0.11831626848691695,0.13993174061433447,0.04778156996587031,0.10827216872073825,tested,0.4260465826084334
ES,UPPER_k1,30,2,1279,891,0.6966379984362784,891,0.47586980920314254,0.5241301907968574,-0.04826038159371493,0.1386081729148239,1.433578894998895,1.2913857587068098,0.012561415302116042,0.5073947667804323,0.4926052332195677,0.6780432309442548,0.10011376564277588,378,332,107,62,710,0.4300341296928328,0.37770193401592717,0.1217292377701934,0.07053469852104664,0.05233219567690557,0.09118354987617659,tested,0.40518636888637416
ES,UPPER_k1,30,3,1279,891,0.6966379984362784,891,0.47586980920314254,0.5241301907968574,-0.04826038159371493,0.18175789573715992,1.7594724366757692,1.604227403874745,0.0444527055224171,0.5108077360637088,0.4891922639362912,0.726962457337884,0.18771331058020477,398,348,109,24,746,0.4527872582480091,0.39590443686006827,0.12400455062571103,0.027303754266211604,0.05688282138794084,0.07273938327525316,tested,0.40518636888637416
ES,UPPER_k1,30,4,1279,891,0.6966379984362784,891,0.47586980920314254,0.5241301907968574,-0.04826038159371493,-0.0346718655919665,1.9319436226102136,1.8290086974287543,0.020365711980481274,0.5051194539249146,0.4948805460750853,0.7610921501706485,0.2707622298065984,400,353,109,17,753,0.4550625711035267,0.40159271899886234,0.12400455062571103,0.019340159271899887,0.053469852104664393,0.09360719116705676,tested,0.40518636888637416
ES,UPPER_k1,30,5,1279,891,0.6966379984362784,891,0.47586980920314254,0.5241301907968574,-0.04826038159371493,0.12063105145609705,2.105145675546585,2.0524259756916727,-0.0023611213409122454,0.49943117178612056,0.5005688282138794,0.7781569965870307,0.310580204778157,402,356,109,12,758,0.45733788395904434,0.4050056882821388,0.12400455062571103,0.013651877133105802,0.05233219567690557,0.10209641673537671,tested,0.41351184686127473
ES,UPPER_k1,30,10,1279,891,0.6966379984362784,891,0.47586980920314254,0.5241301907968574,-0.04826038159371493,0.25506006469507675,2.8779605351593407,2.9291315713158794,0.01869147289471587,0.5062571103526735,0.4937428896473265,0.8282138794084186,0.44141069397042093,405,362,109,3,767,0.46075085324232085,0.4118316268486917,0.12400455062571103,0.0034129692832764505,0.048919226393629126,0.1293307580197877,tested,0.46539841547641075
ES,UPPER_k1,30,15,1279,891,0.6966379984362784,891,0.47586980920314254,0.5241301907968574,-0.04826038159371493,0.11230908635127677,3.4818051253044398,3.4878952231775675,-0.007121858134794604,0.49829351535836175,0.5017064846416383,0.8577929465301479,0.5381114903299203,406,363,109,1,769,0.46188850967007966,0.4129692832764505,0.12400455062571103,0.0011376564277588168,0.048919226393629126,0.1298303862959129,tested,0.4654659775349766
ES,UPPER_k1,30,20,1279,891,0.6966379984362784,891,0.47586980920314254,0.5241301907968574,-0.04826038159371493,0.20407059344103132,3.7821290240392815,4.097951284037829,0.002016793081869133,0.5017064846416383,0.49829351535836175,0.8714448236632537,0.5915813424345847,407,363,109,0,770,0.4630261660978385,0.4129692832764505,0.12400455062571103,0.0,0.05005688282138794,0.1211781325176638,tested,0.4518446774297618
ES,UPPER_k1,30,30,1279,891,0.6966379984362784,891,0.47586980920314254,0.5241301907968574,-0.04826038159371493,0.44437076145708126,4.5596895589181665,5.088310863215367,-0.020505809425892356,0.49032992036405004,0.5096700796359499,0.8839590443686007,0.6598407281001137,407,363,109,0,770,0.4630261660978385,0.4129692832764505,0.12400455062571103,0.0,0.05005688282138794,0.1211781325176638,tested,0.4518446774297618
ES,UPPER_k1,30,60,1279,891,0.6966379984362784,891,0.47586980920314254,0.5241301907968574,-0.04826038159371493,0.763371393945509,6.259779308243277,6.839057680361809,-0.020769836794552902,0.4891922639362912,0.5108077360637088,0.9032992036405005,0.7212741751990899,407,363,109,0,770,0.4630261660978385,0.4129692832764505,0.12400455062571103,0.0,0.05005688282138794,0.1211781325176638,tested,0.4518446774297618
ES,UPPER_k1,30,120,1279,891,0.6966379984362784,891,0.47586980920314254,0.5241301907968574,-0.04826038159371493,1.1665537893029003,7.8622931030194705,8.316156539863272,-0.00877382454569131,0.4948805460750853,0.5051194539249146,0.9215017064846417,0.7747440273037542,407,363,109,0,770,0.4630261660978385,0.4129692832764505,0.12400455062571103,0.0,0.05005688282138794,0.1211781325176638,tested,0.4518446774297618
ES,UPPER_k1,60,1,1279,970,0.7584050039093041,970,0.4824742268041237,0.5175257731958763,-0.03505154639175258,0.09589111176157322,0.9973893531986994,0.8623312107924475,-0.01943432753158219,0.49372384937238495,0.5062761506276151,0.604602510460251,0.0,368,332,109,147,700,0.38493723849372385,0.3472803347280335,0.11401673640167365,0.15376569037656904,0.03765690376569038,0.18583750505476712,tested,0.515384659061093
ES,UPPER_k1,60,2,1279,970,0.7584050039093041,970,0.4824742268041237,0.5175257731958763,-0.03505154639175258,0.12404249620694546,1.3497173964531768,1.1921295664880114,0.009009686057637661,0.50418410041841,0.49581589958158995,0.6830543933054394,0.09832635983263599,404,361,113,78,765,0.4225941422594142,0.3776150627615063,0.11820083682008369,0.08158995815899582,0.04497907949790795,0.1288306722288586,tested,0.46539841547641075
ES,UPPER_k1,60,3,1279,970,0.7584050039093041,970,0.4824742268041237,0.5175257731958763,-0.03505154639175258,0.16368670035598454,1.6698031816730419,1.5481460126048066,0.04201931826605689,0.5115062761506276,0.4884937238493724,0.7301255230125523,0.18410041841004185,426,379,115,36,805,0.4456066945606695,0.39644351464435146,0.1202928870292887,0.03765690376569038,0.049163179916317995,0.10489750978930187,tested,0.416259107745836
ES,UPPER_k1,60,4,1279,970,0.7584050039093041,970,0.4824742268041237,0.5175257731958763,-0.03505154639175258,-0.017823173747102863,1.8707452894143934,1.7140017195537927,0.006754229935662477,0.5031380753138075,0.49686192468619245,0.7635983263598326,0.26778242677824265,431,385,115,25,816,0.45083682008368203,0.4027196652719665,0.1202928870292887,0.02615062761506276,0.04811715481171548,0.1151287411558069,tested,0.44049257485700033
ES,UPPER_k1,60,5,1279,970,0.7584050039093041,970,0.4824742268041237,0.5175257731958763,-0.03505154639175258,0.11838422935342506,2.037557557419995,1.9597381487454686,-0.004415483569213291,0.497907949790795,0.502092050209205,0.7813807531380753,0.3064853556485356,434,388,115,19,822,0.45397489539748953,0.40585774058577406,0.1202928870292887,0.0198744769874477,0.04811715481171548,0.11646440648280845,tested,0.4438486042336952
ES,UPPER_k1,60,10,1279,970,0.7584050039093041,970,0.4824742268041237,0.5175257731958763,-0.03505154639175258,0.224032322112681,2.761843672174788,2.7407283282317203,0.01800185163761262,0.5031380753138075,0.49686192468619245,0.8294979079497908,0.4393305439330544,439,396,115,6,835,0.4592050209205021,0.41422594142259417,0.1202928870292887,0.006276150627615063,0.04497907949790795,0.14604856386902956,tested,0.4784657732990519
ES,UPPER_k1,60,15,1279,970,0.7584050039093041,970,0.4824742268041237,0.5175257731958763,-0.03505154639175258,0.12129499996951162,3.3663741406654686,3.3086192612394534,-0.008604128434637082,0.49686192468619245,0.5031380753138075,0.8598326359832636,0.5324267782426778,441,398,115,2,839,0.46129707112970714,0.41631799163179917,0.1202928870292887,0.0020920502092050207,0.04497907949790795,0.147013975309804,tested,0.4784657732990519
ES,UPPER_k1,60,20,1279,970,0.7584050039093041,970,0.4824742268041237,0.5175257731958763,-0.03505154639175258,0.20856970060092178,3.6757338719146047,3.941814660123568,-0.00030237898385231316,0.5,0.5,0.8723849372384938,0.5857740585774058,442,398,115,1,840,0.46234309623430964,0.41631799163179917,0.1202928870292887,0.0010460251046025104,0.04602510460251046,0.13785728586051407,tested,0.47310419362081046
ES,UPPER_k1,60,30,1279,970,0.7584050039093041,970,0.4824742268041237,0.5175257731958763,-0.03505154639175258,0.40602356069985,4.472818804751883,4.980842521964222,-0.021036154580359352,0.4884937238493724,0.5115062761506276,0.8859832635983264,0.6558577405857741,442,398,115,1,840,0.46234309623430964,0.41631799163179917,0.1202928870292887,0.0010460251046025104,0.04602510460251046,0.13785728586051407,tested,0.47310419362081046
ES,UPPER_k1,60,60,1279,970,0.7584050039093041,970,0.4824742268041237,0.5175257731958763,-0.03505154639175258,0.4942688004708886,6.123085149984719,6.5534002462513,-0.033399070602556605,0.48430962343096234,0.5156903765690377,0.9048117154811716,0.7238493723849372,443,398,115,0,841,0.46338912133891214,0.41631799163179917,0.1202928870292887,0.0,0.04707112970711297,0.12915635923449242,tested,0.46539841547641075
ES,UPPER_k1,60,120,1279,970,0.7584050039093041,970,0.4824742268041237,0.5175257731958763,-0.03505154639175258,0.9516545875798261,7.6735716768593525,7.998506524866262,-0.030250709648906266,0.4884937238493724,0.5115062761506276,0.9246861924686193,0.7751046025104602,443,398,115,0,841,0.46338912133891214,0.41631799163179917,0.1202928870292887,0.0,0.04707112970711297,0.12915635923449242,tested,0.46539841547641075
ES,UPPER_k1,120,1,1279,1040,0.8131352619233776,1040,0.4913461538461538,0.5086538461538461,-0.01730769230769231,0.06393322279479698,0.9521996406897548,0.8511215538430006,-0.03103273111082674,0.4896957801766438,0.5103042198233563,0.6015701668302257,0.0,381,351,112,175,732,0.37389597644749756,0.34445534838076547,0.1099116781157998,0.1717369970559372,0.029440628066732092,0.28376997698733136,tested,0.6599102089976455
ES,UPPER_k1,120,2,1279,1040,0.8131352619233776,1040,0.4913461538461538,0.5086538461538461,-0.01730769230769231,0.09284978689944036,1.2833277789448794,1.1665207932692663,-0.011785750160831762,0.4975466143277723,0.5024533856722276,0.6820412168792934,0.09519136408243375,424,388,116,91,812,0.41609421000981356,0.380765456329735,0.11383709519136408,0.08930323846908735,0.03532875368007851,0.2193256747233313,tested,0.5523352622992546
ES,UPPER_k1,120,3,1279,1040,0.8131352619233776,1040,0.4913461538461538,0.5086538461538461,-0.01730769230769231,0.11613740725075307,1.6031654938240674,1.4934517184112408,0.02421038936129966,0.507360157016683,0.492639842983317,0.7271835132482827,0.18351324828263002,446,407,118,48,853,0.43768400392541706,0.3994111874386654,0.11579980372914622,0.047105004906771344,0.038272816486751716,0.19319576515326645,tested,0.515384659061093
ES,UPPER_k1,120,4,1279,1040,0.8131352619233776,1040,0.4913461538461538,0.5086538461538461,-0.01730769230769231,-0.05050896804542219,1.8274550065601696,1.6599120175961473,-0.001388051199228335,0.49950932286555444,0.5004906771344455,0.7595682041216879,0.26594700686947986,453,413,118,35,866,0.4445534838076546,0.4052993130520118,0.11579980372914622,0.03434739941118744,0.03925417075564279,0.18504836361344332,tested,0.5147322298213021
ES,UPPER_k1,120,5,1279,1040,0.8131352619233776,1040,0.4913461538461538,0.5086538461538461,-0.01730769230769231,0.072922546457958,1.9560612091675615,1.8208861003898962,-0.019297487662417876,0.49362119725220804,0.5063788027477919,0.7782139352306182,0.3042198233562316,456,417,118,28,873,0.4474975466143278,0.40922473012757604,0.11579980372914622,0.02747791952894995,0.038272816486751716,0.1983783920041885,tested,0.515384659061093
ES,UPPER_k1,120,10,1279,1040,0.8131352619233776,1040,0.4913461538461538,0.5086538461538461,-0.01730769230769231,0.21768362226572394,2.664552819706847,2.636982023397806,-0.006060203558381967,0.49950932286555444,0.5004906771344455,0.8263002944062807,0.43572129538763493,463,430,118,8,893,0.45436702649656524,0.42198233562315995,0.11579980372914622,0.007850834151128557,0.0323846908734053,0.2842352201655922,tested,0.6599102089976455
ES,UPPER_k1,120,15,1279,1040,0.8131352619233776,1040,0.4913461538461538,0.5086538461538461,-0.01730769230769231,0.11230908635127677,3.2598722548811447,3.094431892218081,-0.011197726417994922,0.4955839057899902,0.5044160942100098,0.8567222767419038,0.5279685966633955,465,434,118,2,899,0.4563297350343474,0.4259077526987242,0.11579980372914622,0.001962708537782139,0.03042198233562316,0.31704151704470557,tested,0.6835104420919266
ES,UPPER_k1,120,20,1279,1040,0.8131352619233776,1040,0.4913461538461538,0.5086538461538461,-0.01730769230769231,0.22520899502517883,3.5564138450571043,3.6632699812457705,-0.006060203558381967,0.4985279685966634,0.5014720314033366,0.8694798822374877,0.5799803729146222,466,434,118,1,900,0.4573110893032385,0.4259077526987242,0.11579980372914622,0.0009813542688910696,0.03140333660451423,0.30144496239685953,tested,0.6626135392095774
ES,UPPER_k1,120,30,1279,1040,0.8131352619233776,1040,0.4913461538461538,0.5086538461538461,-0.01730769230769231,0.35929267633039885,4.347124043557425,4.679702467547499,-0.02156649973482635,0.48773307163886165,0.5122669283611384,0.8842001962708538,0.6526005888125613,466,434,118,1,900,0.4573110893032385,0.4259077526987242,0.11579980372914622,0.0009813542688910696,0.03140333660451423,0.30144496239685953,tested,0.6626135392095774
ES,UPPER_k1,120,60,1279,1040,0.8131352619233776,1040,0.4913461538461538,0.5086538461538461,-0.01730769230769231,0.47560813051368545,5.994424291717996,6.108815909778058,-0.040246828962845045,0.48282630029440626,0.5171736997055937,0.9038272816486752,0.7242394504416094,467,434,118,0,901,0.45829244357212956,0.4259077526987242,0.11579980372914622,0.0,0.0323846908734053,0.28638391177125694,tested,0.6599102089976455
ES,UPPER_k1,120,120,1279,1040,0.8131352619233776,1040,0.4913461538461538,0.5086538461538461,-0.01730769230769231,0.5990053726671057,7.350645453079497,7.707425830436129,-0.03891620854028591,0.4847890088321884,0.5152109911678115,0.9224730127576055,0.7752698724239451,467,434,118,0,901,0.45829244357212956,0.4259077526987242,0.11579980372914622,0.0,0.0323846908734053,0.28638391177125694,tested,0.6599102089976455
ES,UPPER_k2,1,1,1279,105,0.08209538702111024,105,0.5523809523809524,0.44761904761904764,0.10476190476190476,0.10268303276362775,1.570806606179995,1.53002346562509,0.1152053895114111,0.5686274509803921,0.43137254901960786,0.6862745098039216,0.0,38,37,26,1,75,0.37254901960784315,0.3627450980392157,0.2549019607843137,0.00980392156862745,0.00980392156862745,1.0,tested,1.0
ES,UPPER_k2,1,2,1279,105,0.08209538702111024,105,0.5523809523809524,0.44761904761904764,0.10476190476190476,-0.038210207753298225,2.336205103182401,2.5427874615365575,0.08029279395609394,0.5294117647058824,0.47058823529411764,0.7647058823529411,0.14705882352941177,38,38,26,0,76,0.37254901960784315,0.37254901960784315,0.2549019607843137,0.0,0.0,1.0,tested,1.0
ES,UPPER_k2,1,3,1279,105,0.08209538702111024,105,0.5523809523809524,0.44761904761904764,0.10476190476190476,0.5894933473665898,2.9165905806749213,2.8092088777778983,-0.028986465252944897,0.5,0.5,0.7745098039215687,0.21568627450980393,38,38,26,0,76,0.37254901960784315,0.37254901960784315,0.2549019607843137,0.0,0.0,1.0,tested,1.0
ES,UPPER_k2,1,4,1279,105,0.08209538702111024,105,0.5523809523809524,0.44761904761904764,0.10476190476190476,0.6963369785163038,3.3364062619537744,2.9097280020504233,0.05989456759229855,0.5196078431372549,0.4803921568627451,0.7843137254901961,0.29411764705882354,38,38,26,0,76,0.37254901960784315,0.37254901960784315,0.2549019607843137,0.0,0.0,1.0,tested,1.0
ES,UPPER_k2,1,5,1279,105,0.08209538702111024,105,0.5523809523809524,0.44761904761904764,0.10476190476190476,1.4850335490676354,3.533579441029606,3.1415630666769614,0.11232786506018327,0.5588235294117647,0.4411764705882353,0.7941176470588235,0.29411764705882354,38,38,26,0,76,0.37254901960784315,0.37254901960784315,0.2549019607843137,0.0,0.0,1.0,tested,1.0
ES,UPPER_k2,1,10,1279,105,0.08209538702111024,105,0.5523809523809524,0.44761904761904764,0.10476190476190476,1.280504202515365,4.756572680443151,3.612782434078938,0.18158928557859322,0.5784313725490197,0.4215686274509804,0.8627450980392157,0.4117647058823529,38,38,26,0,76,0.37254901960784315,0.37254901960784315,0.2549019607843137,0.0,0.0,1.0,tested,1.0
ES,UPPER_k2,1,15,1279,105,0.08209538702111024,105,0.5523809523809524,0.44761904761904764,0.10476190476190476,0.9940041893614103,5.214758307898272,3.8845360154209905,0.14667274570320887,0.5490196078431373,0.45098039215686275,0.8725490196078431,0.5588235294117647,38,38,26,0,76,0.37254901960784315,0.37254901960784315,0.2549019607843137,0.0,0.0,1.0,tested,1.0
ES,UPPER_k2,1,20,1279,105,0.08209538702111024,105,0.5523809523809524,0.44761904761904764,0.10476190476190476,-0.041966009734033353,6.813234240231052,5.179847802214985,0.10818830840673278,0.5490196078431373,0.45098039215686275,0.8823529411764706,0.6176470588235294,38,38,26,0,76,0.37254901960784315,0.37254901960784315,0.2549019607843137,0.0,0.0,1.0,tested,1.0
ES,UPPER_k2,1,30,1279,105,0.08209538702111024,105,0.5523809523809524,0.44761904761904764,0.10476190476190476,1.3750005494053283,7.252750382542473,7.222035467770736,0.02797819756621888,0.5098039215686274,0.49019607843137253,0.8921568627450981,0.6666666666666666,38,38,26,0,76,0.37254901960784315,0.37254901960784315,0.2549019607843137,0.0,0.0,1.0,tested,1.0
ES,UPPER_k2,1,60,1279,105,0.08209538702111024,105,0.5523809523809524,0.44761904761904764,0.10476190476190476,-0.49166531961856313,8.650238855552569,10.81186353849845,-0.0800251263217889,0.47058823529411764,0.5294117647058824,0.8921568627450981,0.7156862745098039,38,38,26,0,76,0.37254901960784315,0.37254901960784315,0.2549019607843137,0.0,0.0,1.0,tested,1.0
ES,UPPER_k2,1,120,1279,105,0.08209538702111024,105,0.5523809523809524,0.44761904761904764,0.10476190476190476,4.674079635470956,13.576739864922807,12.95077886327347,-0.003311476718945331,0.5,0.5,0.9019607843137255,0.7647058823529411,38,38,26,0,76,0.37254901960784315,0.37254901960784315,0.2549019607843137,0.0,0.0,1.0,tested,1.0
ES,UPPER_k2,2,1,1279,229,0.17904612978889758,229,0.5021834061135371,0.4978165938864629,0.004366812227074236,0.15712574723072445,1.53009043248696,1.1167431362975409,0.15899135237341397,0.56,0.44,0.6355555555555555,0.0,92,75,45,13,167,0.4088888888888889,0.3333333333333333,0.2,0.057777777777777775,0.07555555555555556,0.2155518743837542,tested,0.5468020231706763
ES,UPPER_k2,2,2,1279,229,0.17904612978889758,229,0.5021834061135371,0.4978165938864629,0.004366812227074236,0.17309175852673447,2.044321521204928,1.6619930405106706,0.11530564320209019,0.5511111111111111,0.4488888888888889,0.72,0.1288888888888889,98,78,46,3,176,0.43555555555555553,0.3466666666666667,0.20444444444444446,0.013333333333333334,0.08888888888888889,0.15188924140346732,tested,0.4836473213110407
ES,UPPER_k2,2,3,1279,229,0.17904612978889758,229,0.5021834061135371,0.4978165938864629,0.004366812227074236,0.31308513563637363,2.3893811257014543,2.481867369768186,0.08822247867069295,0.5288888888888889,0.4711111111111111,0.7644444444444445,0.21333333333333335,99,80,46,0,179,0.44,0.35555555555555557,0.20444444444444446,0.0,0.08444444444444445,0.17833858983964634,tested,0.5032995771567862
ES,UPPER_k2,2,4,1279,229,0.17904612978889758,229,0.5021834061135371,0.4978165938864629,0.004366812227074236,-0.07903513643108737,2.6767896128028164,2.639148369549378,0.036060631206488544,0.52,0.48,0.8044444444444444,0.29333333333333333,99,80,46,0,179,0.44,0.35555555555555557,0.20444444444444446,0.0,0.08444444444444445,0.17833858983964634,tested,0.5032995771567862
ES,UPPER_k2,2,5,1279,229,0.17904612978889758,229,0.5021834061135371,0.4978165938864629,0.004366812227074236,0.2613350843329004,3.0570285350646813,2.8208861003898056,0.07331702178334644,0.5333333333333333,0.4666666666666667,0.8088888888888889,0.3288888888888889,99,80,46,0,179,0.44,0.35555555555555557,0.20444444444444446,0.0,0.08444444444444445,0.17833858983964634,tested,0.5032995771567862
ES,UPPER_k2,2,10,1279,229,0.17904612978889758,229,0.5021834061135371,0.4978165938864629,0.004366812227074236,0.5565934781984758,3.9886746562098967,3.767766952966073,0.03699731062494852,0.5244444444444445,0.47555555555555556,0.8577777777777778,0.4444444444444444,99,80,46,0,179,0.44,0.35555555555555557,0.20444444444444446,0.0,0.08444444444444445,0.17833858983964634,tested,0.5032995771567862
ES,UPPER_k2,2,15,1279,229,0.17904612978889758,229,0.5021834061135371,0.4978165938864629,0.004366812227074236,0.757435090053962,4.693780885570545,4.487895223176953,0.02410149896703923,0.5111111111111111,0.4888888888888889,0.8711111111111111,0.56,99,80,46,0,179,0.44,0.35555555555555557,0.20444444444444446,0.0,0.08444444444444445,0.17833858983964634,tested,0.5032995771567862
ES,UPPER_k2,2,20,1279,229,0.17904612978889758,229,0.5021834061135371,0.4978165938864629,0.004366812227074236,0.049683715187270536,5.4559483687681,5.372015985026809,0.011025664096905606,0.5111111111111111,0.4888888888888889,0.8888888888888888,0.5955555555555555,99,80,46,0,179,0.44,0.35555555555555557,0.20444444444444446,0.0,0.08444444444444445,0.17833858983964634,tested,0.5032995771567862
ES,UPPER_k2,2,30,1279,229,0.17904612978889758,229,0.5021834061135371,0.4978165938864629,0.004366812227074236,0.68793601114293,6.75696639596553,6.9059035296393825,-0.00473816291698509,0.49333333333333335,0.5066666666666667,0.8977777777777778,0.6622222222222223,99,80,46,0,179,0.44,0.35555555555555557,0.20444444444444446,0.0,0.08444444444444445,0.17833858983964634,tested,0.5032995771567862
ES,UPPER_k2,2,60,1279,229,0.17904612978889758,229,0.5021834061135371,0.4978165938864629,0.004366812227074236,0.3979554028527129,8.198501554751019,9.253205084109856,-0.1034594502915896,0.4533333333333333,0.5466666666666666,0.9111111111111111,0.7288888888888889,99,80,46,0,179,0.44,0.35555555555555557,0.20444444444444446,0.0,0.08444444444444445,0.17833858983964634,tested,0.5032995771567862
ES,UPPER_k2,2,120,1279,229,0.17904612978889758,229,0.5021834061135371,0.4978165938864629,0.004366812227074236,1.8669790143507758,11.007876026072559,10.989516638617086,-0.060857345441686785,0.47555555555555556,0.5244444444444445,0.9244444444444444,0.7733333333333333,99,80,46,0,179,0.44,0.35555555555555557,0.20444444444444446,0.0,0.08444444444444445,0.17833858983964634,tested,0.5032995771567862
ES,UPPER_k2,3,1,1279,320,0.2501954652071931,320,0.4875,0.5125,-0.025,0.13391022262584493,1.3482800111544284,1.0525857990098406,0.1907215495962949,0.5569620253164557,0.4430379746835443,0.6170886075949367,0.0,132,106,54,24,238,0.4177215189873418,0.33544303797468356,0.17088607594936708,0.0759493670886076,0.08227848101265822,0.10492481641527271,tested,0.416259107745836
ES,UPPER_k2,3,2,1279,320,0.2501954652071931,320,0.4875,0.5125,-0.025,0.02282193022865553,1.7747865427239207,1.5444485005769173,0.09801977774036459,0.5411392405063291,0.4588607594936709,0.7120253164556962,0.12974683544303797,142,112,55,7,254,0.44936708860759494,0.35443037974683544,0.17405063291139242,0.022151898734177215,0.0949367088607595,0.06860601081202006,tested,0.40518636888637416
ES,UPPER_k2,3,3,1279,320,0.2501954652071931,320,0.4875,0.5125,-0.025,0.28824832562264846,2.2210143892752177,2.0922586565482666,0.0807697502270197,0.5221518987341772,0.4778481012658228,0.7689873417721519,0.2088607594936709,146,115,55,0,261,0.4620253164556962,0.3639240506329114,0.17405063291139242,0.0,0.0981012658227848,0.06311087240238789,tested,0.40518636888637416
ES,UPPER_k2,3,4,1279,320,0.2501954652071931,320,0.4875,0.5125,-0.025,0.17696486243581794,2.4984231723816124,2.51361038619169,0.041783647554482356,0.5221518987341772,0.4778481012658228,0.8006329113924051,0.27531645569620256,146,115,55,0,261,0.4620253164556962,0.3639240506329114,0.17405063291139242,0.0,0.0981012658227848,0.06311087240238789,tested,0.40518636888637416
ES,UPPER_k2,3,5,1279,320,0.2501954652071931,320,0.4875,0.5125,-0.025,0.3489576949515587,2.8220528511889356,2.603707553305087,0.08682013878803452,0.5284810126582279,0.47151898734177217,0.8132911392405063,0.310126582278481,146,115,55,0,261,0.4620253164556962,0.3639240506329114,0.17405063291139242,0.0,0.0981012658227848,0.06311087240238789,tested,0.40518636888637416
ES,UPPER_k2,3,10,1279,320,0.2501954652071931,320,0.4875,0.5125,-0.025,0.57361829827613,3.642905921101204,3.436171700171375,0.03744301256864615,0.5221518987341772,0.4778481012658228,0.8639240506329114,0.439873417721519,146,115,55,0,261,0.4620253164556962,0.3639240506329114,0.17405063291139242,0.0,0.0981012658227848,0.06311087240238789,tested,0.40518636888637416
ES,UPPER_k2,3,15,1279,320,0.2501954652071931,320,0.4875,0.5125,-0.025,1.0994049862737771,4.400316982427926,3.7716699601132575,0.025977265408277772,0.5126582278481012,0.4873417721518987,0.8829113924050633,0.5474683544303798,146,115,55,0,261,0.4620253164556962,0.3639240506329114,0.17405063291139242,0.0,0.0981012658227848,0.06311087240238789,tested,0.40518636888637416
ES,UPPER_k2,3,20,1279,320,0.2501954652071931,320,0.4875,0.5125,-0.025,0.4018880082639458,5.3415468894153975,4.560913066902449,0.025977265408277772,0.5221518987341772,0.4778481012658228,0.8987341772151899,0.5854430379746836,146,115,55,0,261,0.4620253164556962,0.3639240506329114,0.17405063291139242,0.0,0.0981012658227848,0.06311087240238789,tested,0.40518636888637416
ES,UPPER_k2,3,30,1279,320,0.2501954652071931,320,0.4875,0.5125,-0.025,1.34359759496337,6.240239076647147,6.148940808005518,0.04610251414474756,0.5126582278481012,0.4873417721518987,0.9082278481012658,0.6487341772151899,146,115,55,0,261,0.4620253164556962,0.3639240506329114,0.17405063291139242,0.0,0.0981012658227848,0.06311087240238789,tested,0.40518636888637416
ES,UPPER_k2,3,60,1279,320,0.2501954652071931,320,0.4875,0.5125,-0.025,1.2353291931373778,8.139341058328739,8.199994616844716,-0.03997234031932673,0.48417721518987344,0.5158227848101266,0.9208860759493671,0.7183544303797469,146,115,55,0,261,0.4620253164556962,0.3639240506329114,0.17405063291139242,0.0,0.0981012658227848,0.06311087240238789,tested,0.40518636888637416
ES,UPPER_k2,3,120,1279,320,0.2501954652071931,320,0.4875,0.5125,-0.025,2.0611669699700688,10.514277572634601,9.59945138441695,-0.030444668253145887,0.4936708860759494,0.5063291139240507,0.9430379746835443,0.7689873417721519,146,115,55,0,261,0.4620253164556962,0.3639240506329114,0.17405063291139242,0.0,0.0981012658227848,0.06311087240238789,tested,0.40518636888637416
ES,UPPER_k2,4,1,1279,377,0.2947615324472244,377,0.5039787798408488,0.4960212201591512,0.007957559681697613,0.11328639361626679,1.2328475555668639,1.055796931466238,0.12210415913713488,0.5361930294906166,0.46380697050938335,0.6327077747989276,0.0,148,130,61,34,278,0.3967828418230563,0.3485254691689008,0.16353887399463807,0.09115281501340483,0.04825737265415549,0.3079168163148502,tested,0.6713141400738175
ES,UPPER_k2,4,2,1279,377,0.2947615324472244,377,0.5039787798408488,0.4960212201591512,0.007957559681697613,0.008796018556318628,1.6673206542254495,1.518132630232317,0.08822247867069295,0.5308310991957105,0.4691689008042895,0.7158176943699732,0.12332439678284182,165,138,62,8,303,0.44235924932975873,0.3699731903485255,0.16621983914209115,0.021447721179624665,0.07238605898123325,0.13513211959731136,tested,0.4725697334909183
ES,UPPER_k2,4,3,1279,377,0.2947615324472244,377,0.5039787798408488,0.4960212201591512,0.007957559681697613,0.17285790502054907,2.0931462414438617,2.0217129229143547,0.036060631206488544,0.5120643431635389,0.4879356568364611,0.7667560321715817,0.2064343163538874,169,141,62,1,310,0.45308310991957107,0.3780160857908847,0.16621983914209115,0.002680965147453083,0.07506702412868632,0.1250163358446541,tested,0.46013617147385993
ES,UPPER_k2,4,4,1279,377,0.2947615324472244,377,0.5039787798408488,0.4960212201591512,0.007957559681697613,0.12132034355930511,2.3016238257574053,2.2913857587074986,0.033246843013572905,0.5120643431635389,0.4879356568364611,0.7962466487935657,0.2680965147453083,169,141,62,1,310,0.45308310991957107,0.3780160857908847,0.16621983914209115,0.002680965147453083,0.07506702412868632,0.1250163358446541,tested,0.46013617147385993
ES,UPPER_k2,4,5,1279,377,0.2947615324472244,377,0.5039787798408488,0.4960212201591512,0.007957559681697613,0.23411235074139058,2.6516879022091597,2.481867369768186,0.06190483980781906,0.517426273458445,0.48257372654155495,0.8150134048257373,0.3136729222520107,169,142,62,0,311,0.45308310991957107,0.3806970509383378,0.16621983914209115,0.0,0.07238605898123325,0.14026952848055022,tested,0.47310419362081046
ES,UPPER_k2,4,10,1279,377,0.2947615324472244,377,0.5039787798408488,0.4960212201591512,0.007957559681697613,0.5592500396697173,3.4860122379763783,3.181757895737721,0.03501356262560184,0.514745308310992,0.48525469168900803,0.8659517426273459,0.43967828418230565,169,142,62,0,311,0.45308310991957107,0.3806970509383378,0.16621983914209115,0.0,0.07238605898123325,0.14026952848055022,tested,0.47310419362081046
ES,UPPER_k2,4,15,1279,377,0.2947615324472244,377,0.5039787798408488,0.4960212201591512,0.007957559681697613,1.000297604286325,4.206384935999382,3.642133257762134,0.02410149896703923,0.5093833780160858,0.4906166219839142,0.8847184986595175,0.5522788203753352,169,142,62,0,311,0.45308310991957107,0.3806970509383378,0.16621983914209115,0.0,0.07238605898123325,0.14026952848055022,tested,0.47310419362081046
ES,UPPER_k2,4,20,1279,377,0.2947615324472244,377,0.5039787798408488,0.4960212201591512,0.007957559681697613,0.32730442641163904,5.011539317397994,4.065591117977622,0.02410149896703923,0.5201072386058981,0.47989276139410186,0.8981233243967829,0.5924932975871313,169,142,62,0,311,0.45308310991957107,0.3806970509383378,0.16621983914209115,0.0,0.07238605898123325,0.14026952848055022,tested,0.47310419362081046
ES,UPPER_k2,4,30,1279,377,0.2947615324472244,377,0.5039787798408488,0.4960212201591512,0.007957559681697613,1.4210094687275254,6.131787402641768,5.686093301182319,0.03878217442370197,0.5093833780160858,0.4906166219839142,0.9088471849865952,0.6541554959785523,169,142,62,0,311,0.45308310991957107,0.3806970509383378,0.16621983914209115,0.0,0.07238605898123325,0.14026952848055022,tested,0.47310419362081046
ES,UPPER_k2,4,60,1279,377,0.2947615324472244,377,0.5039787798408488,0.4960212201591512,0.007957559681697613,1.3140605562854644,7.866871808030811,7.606928244752114,-0.014699001931768938,0.4932975871313673,0.5067024128686327,0.9249329758713136,0.7158176943699732,169,142,62,0,311,0.45308310991957107,0.3806970509383378,0.16621983914209115,0.0,0.07238605898123325,0.14026952848055022,tested,0.47310419362081046
ES,UPPER_k2,4,120,1279,377,0.2947615324472244,377,0.5039787798408488,0.4960212201591512,0.007957559681697613,2.719304677980185,10.456552260926424,8.877391889668306,0.016356052764446797,0.5013404825737265,0.49865951742627346,0.9463806970509383,0.7667560321715817,169,142,62,0,311,0.45308310991957107,0.3806970509383378,0.16621983914209115,0.0,0.07238605898123325,0.14026952848055022,tested,0.47310419362081046
ES,UPPER_k2,5,1,1279,417,0.32603596559812353,417,0.5035971223021583,0.49640287769784175,0.007194244604316547,0.11478995232584675,1.2508407943363467,1.046206898800251,0.1531483338048677,0.5461165048543689,0.4538834951456311,0.6310679611650486,0.0,166,143,66,37,309,0.4029126213592233,0.3470873786407767,0.16019417475728157,0.08980582524271845,0.055825242718446605,0.21066956727345756,tested,0.5366530029492288
ES,UPPER_k2,5,2,1279,417,0.32603596559812353,417,0.5035971223021583,0.49640287769784175,0.007194244604316547,0.004011926032035116,1.6545481616607045,1.5234530829618664,0.0877455223997672,0.529126213592233,0.470873786407767,0.7111650485436893,0.11893203883495146,184,152,67,9,336,0.44660194174757284,0.36893203883495146,0.16262135922330098,0.021844660194174758,0.07766990291262135,0.09065171171793732,tested,0.40518636888637416
ES,UPPER_k2,5,3,1279,417,0.32603596559812353,417,0.5035971223021583,0.49640287769784175,0.007194244604316547,0.17014899678098033,2.082227328553031,1.9939694515777222,0.0428760065211204,0.5121359223300971,0.4878640776699029,0.7621359223300971,0.20145631067961164,189,155,67,1,344,0.4587378640776699,0.3762135922330097,0.16262135922330098,0.0024271844660194173,0.0825242718446602,0.075047161595104,tested,0.40518636888637416
ES,UPPER_k2,5,4,1279,417,0.32603596559812353,417,0.5035971223021583,0.49640287769784175,0.007194244604316547,0.10339727122618352,2.2617702690945785,2.2873376889399895,0.031503011461837566,0.5121359223300971,0.4878640776699029,0.7912621359223301,0.25970873786407767,189,155,67,1,344,0.4587378640776699,0.3762135922330097,0.16262135922330098,0.0024271844660194173,0.0825242718446602,0.075047161595104,tested,0.40518636888637416
ES,UPPER_k2,5,5,1279,417,0.32603596559812353,417,0.5035971223021583,0.49640287769784175,0.007194244604316547,0.21690953803069474,2.5915085720918962,2.4274658587784628,0.03704624616633129,0.5145631067961165,0.4854368932038835,0.8106796116504854,0.30339805825242716,189,156,67,0,345,0.4587378640776699,0.3786407766990291,0.16262135922330098,0.0,0.08009708737864078,0.08477242786426498,tested,0.40518636888637416
ES,UPPER_k2,5,10,1279,417,0.32603596559812353,417,0.5035971223021583,0.49640287769784175,0.007194244604316547,0.5579217589340966,3.466876669414651,3.209289611782075,0.016979931730463384,0.5072815533980582,0.49271844660194175,0.8616504854368932,0.42961165048543687,189,156,67,0,345,0.4587378640776699,0.3786407766990291,0.16262135922330098,0.0,0.08009708737864078,0.08477242786426498,tested,0.40518636888637416
ES,UPPER_k2,5,15,1279,417,0.32603596559812353,417,0.5035971223021583,0.49640287769784175,0.007194244604316547,0.7896388934759495,4.1717457932561075,3.749253088445532,-0.010908303577833803,0.4975728155339806,0.5024271844660194,0.883495145631068,0.5436893203883495,189,156,67,0,345,0.4587378640776699,0.3786407766990291,0.16262135922330098,0.0,0.08009708737864078,0.08477242786426498,tested,0.40518636888637416
ES,UPPER_k2,5,20,1279,417,0.32603596559812353,417,0.5035971223021583,0.49640287769784175,0.007194244604316547,0.22239898358309984,4.85411135668989,4.243991055258393,0.012110073446564026,0.5121359223300971,0.4878640776699029,0.8956310679611651,0.5898058252427184,189,156,67,0,345,0.4587378640776699,0.3786407766990291,0.16262135922330098,0.0,0.08009708737864078,0.08477242786426498,tested,0.40518636888637416
ES,UPPER_k2,5,30,1279,417,0.32603596559812353,417,0.5035971223021583,0.49640287769784175,0.007194244604316547,1.3271288706997688,5.962412499724191,5.602713826913956,0.01943934797321096,0.5024271844660194,0.4975728155339806,0.9101941747572816,0.6480582524271845,189,156,67,0,345,0.4587378640776699,0.3786407766990291,0.16262135922330098,0.0,0.08009708737864078,0.08477242786426498,tested,0.40518636888637416
ES,UPPER_k2,5,60,1279,417,0.32603596559812353,417,0.5035971223021583,0.49640287769784175,0.007194244604316547,1.5014751870128693,7.793184533550962,7.553400246251432,-0.014408503251057202,0.49514563106796117,0.5048543689320388,0.9247572815533981,0.7111650485436893,189,156,67,0,345,0.4587378640776699,0.3786407766990291,0.16262135922330098,0.0,0.08009708737864078,0.08477242786426498,tested,0.40518636888637416
ES,UPPER_k2,5,120,1279,417,0.32603596559812353,417,0.5035971223021583,0.49640287769784175,0.007194244604316547,2.478430404059986,10.265675072323347,9.402582222079921,0.019929456957975343,0.5048543689320388,0.49514563106796117,0.9441747572815534,0.7645631067961165,189,156,67,0,345,0.4587378640776699,0.3786407766990291,0.16262135922330098,0.0,0.08009708737864078,0.08477242786426498,tested,0.40518636888637416
ES,UPPER_k2,10,1,1279,576,0.4503518373729476,576,0.5069444444444444,0.4930555555555556,0.013888888888888888,0.07738027483216817,1.063973079921353,0.9626886869661211,0.116530918923066,0.5360281195079086,0.46397188049209137,0.6344463971880492,0.0,220,199,78,72,419,0.3866432337434095,0.34973637961335674,0.13708260105448156,0.1265377855887522,0.03690685413005272,0.3285421658101719,tested,0.6988505778006731
ES,UPPER_k2,10,2,1279,576,0.4503518373729476,576,0.5069444444444444,0.4930555555555556,0.013888888888888888,-0.01482769238805954,1.496035293546315,1.4206758779784545,0.07451034480089384,0.523725834797891,0.47627416520210897,0.7100175746924429,0.11247803163444639,246,215,79,29,461,0.43233743409490333,0.37785588752196836,0.13884007029876977,0.050966608084358524,0.054481546572934976,0.16226941649112567,tested,0.5032995771567862
ES,UPPER_k2,10,3,1279,576,0.4503518373729476,576,0.5069444444444444,0.4930555555555556,0.013888888888888888,0.10386338310066918,1.814068088617971,1.7365474126633311,0.033066880972032316,0.5149384885764499,0.4850615114235501,0.7539543057996485,0.18980667838312829,257,221,79,12,478,0.45166959578207383,0.3884007029876977,0.13884007029876977,0.0210896309314587,0.0632688927943761,0.10931069235916491,tested,0.4266375715852218
ES,UPPER_k2,10,4,1279,576,0.4503518373729476,576,0.5069444444444444,0.4930555555555556,0.013888888888888888,0.08992165208357973,2.0287320360359433,2.1146189436900515,0.033246843013572905,0.5149384885764499,0.4850615114235501,0.7873462214411248,0.24956063268892795,261,223,79,6,484,0.45869947275922673,0.39191564147627417,0.13884007029876977,0.01054481546572935,0.06678383128295255,0.09250135329497854,tested,0.40518636888637416
ES,UPPER_k2,10,5,1279,576,0.4503518373729476,576,0.5069444444444444,0.4930555555555556,0.013888888888888888,0.09977091628463114,2.2321165875732327,2.3162277660171857,0.031462461131804544,0.5131810193321616,0.4868189806678383,0.8084358523725835,0.30052724077328646,263,225,79,2,488,0.46221441124780316,0.3954305799648506,0.13884007029876977,0.0035149384885764497,0.06678383128295255,0.0938502694548309,tested,0.40518636888637416
ES,UPPER_k2,10,10,1279,576,0.4503518373729476,576,0.5069444444444444,0.4930555555555556,0.013888888888888888,0.4335788949988091,3.206877206918792,3.0656050012511282,0.02410149896703923,0.5096660808435852,0.4903339191564148,0.8558875219683656,0.4305799648506151,263,226,79,1,489,0.46221441124780316,0.39718804920913886,0.13884007029876977,0.0017574692442882249,0.06502636203866433,0.10343281036002981,tested,0.4152884683545676
ES,UPPER_k2,10,15,1279,576,0.4503518373729476,576,0.5069444444444444,0.4930555555555556,0.013888888888888888,0.42437074916617823,3.757869503947225,3.5854945926884403,-0.012539330564855266,0.4938488576449912,0.5061511423550088,0.8769771528998243,0.5377855887521968,264,226,79,0,490,0.46397188049209137,0.39718804920913886,0.13884007029876977,0.0,0.06678383128295255,0.09452432651470255,tested,0.40518636888637416
ES,UPPER_k2,10,20,1279,576,0.4503518373729476,576,0.5069444444444444,0.4930555555555556,0.013888888888888888,0.1665537893032932,4.357535834801389,4.065591117977622,-0.00563896996046471,0.4973637961335677,0.5026362038664324,0.8857644991212654,0.5817223198594025,264,226,79,0,490,0.46397188049209137,0.39718804920913886,0.13884007029876977,0.0,0.06678383128295255,0.09452432651470255,tested,0.40518636888637416
ES,UPPER_k2,10,30,1279,576,0.4503518373729476,576,0.5069444444444444,0.4930555555555556,0.013888888888888888,0.5763009490445015,5.323601240860341,5.269695565478374,-0.02628215360059585,0.4868189806678383,0.5131810193321616,0.9033391915641477,0.6362038664323374,264,226,79,0,490,0.46397188049209137,0.39718804920913886,0.13884007029876977,0.0,0.06678383128295255,0.09452432651470255,tested,0.40518636888637416
ES,UPPER_k2,10,60,1279,576,0.4503518373729476,576,0.5069444444444444,0.4930555555555556,0.013888888888888888,1.2115861679684543,6.898987362331479,7.035525964497915,-0.04197516999666922,0.4833040421792619,0.5166959578207382,0.9173989455184535,0.6994727592267135,264,226,79,0,490,0.46397188049209137,0.39718804920913886,0.13884007029876977,0.0,0.06678383128295255,0.09452432651470255,tested,0.40518636888637416
ES,UPPER_k2,10,120,1279,576,0.4503518373729476,576,0.5069444444444444,0.4930555555555556,0.013888888888888888,1.486306570323546,8.80437573176708,8.854345028425392,-0.0022082916791829436,0.4991212653778559,0.5008787346221442,0.9420035149384886,0.7592267135325131,264,226,79,0,490,0.46397188049209137,0.39718804920913886,0.13884007029876977,0.0,0.06678383128295255,0.09452432651470255,tested,0.40518636888637416
ES,UPPER_k2,15,1,1279,634,0.49569976544175137,634,0.5047318611987381,0.4952681388012618,0.00946372239747634,0.09647979359989976,1.074308369571955,0.9258589153337556,0.12210415913713488,0.5390749601275917,0.4609250398724083,0.6220095693779905,0.0,247,217,81,82,464,0.3939393939393939,0.34609250398724084,0.1291866028708134,0.13078149920255183,0.04784688995215311,0.17814541162068784,tested,0.5032995771567862
ES,UPPER_k2,15,2,1279,634,0.49569976544175137,634,0.5047318611987381,0.4952681388012618,0.00946372239747634,0.003580269279788844,1.452611562079509,1.390839781006474,0.07824973135519454,0.5247208931419458,0.47527910685805425,0.7017543859649122,0.10845295055821372,274,236,83,34,510,0.4370015948963317,0.3763955342902711,0.13237639553429026,0.05422647527910686,0.06060606060606061,0.10124685197781108,tested,0.41351184686127473
ES,UPPER_k2,15,3,1279,634,0.49569976544175137,634,0.5047318611987381,0.4952681388012618,0.00946372239747634,0.10386338310066918,1.8130116722396636,1.6724343270838007,0.04969138183575225,0.5167464114832536,0.48325358851674644,0.7543859649122807,0.189792663476874,287,243,83,14,530,0.45773524720893144,0.3875598086124402,0.13237639553429026,0.022328548644338118,0.07017543859649122,0.06168785725470035,tested,0.40518636888637416
ES,UPPER_k2,15,4,1279,634,0.49569976544175137,634,0.5047318611987381,0.4952681388012618,0.00946372239747634,0.12132034355930511,2.0331762616722937,2.0247520034466717,0.033246843013572905,0.5151515151515151,0.48484848484848486,0.7878787878787878,0.2503987240829346,292,245,83,7,537,0.46570972886762363,0.39074960127591707,0.13237639553429026,0.011164274322169059,0.07496012759170653,0.047038415120734194,tested,0.40518636888637416
ES,UPPER_k2,15,5,1279,634,0.49569976544175137,634,0.5047318611987381,0.4952681388012618,0.00946372239747634,0.14764496647946787,2.2509514505920256,2.188982236504514,0.03709518170771405,0.5199362041467305,0.4800637958532695,0.8086124401913876,0.30303030303030304,294,247,83,3,541,0.4688995215311005,0.3939393939393939,0.13237639553429026,0.004784688995215311,0.07496012759170653,0.04786296143387142,tested,0.40518636888637416
ES,UPPER_k2,15,10,1279,634,0.49569976544175137,634,0.5047318611987381,0.4952681388012618,0.00946372239747634,0.42215894040485963,3.1393621664815776,3.0278724332959146,0.03699731062494852,0.5135566188197768,0.4864433811802233,0.8580542264752791,0.43859649122807015,294,249,83,1,543,0.4688995215311005,0.39712918660287083,0.13237639553429026,0.001594896331738437,0.07177033492822966,0.058896470325532545,tested,0.40518636888637416
ES,UPPER_k2,15,15,1279,634,0.49569976544175137,634,0.5047318611987381,0.4952681388012618,0.00946372239747634,0.36721268198089985,3.730656640552817,3.565220187930733,-0.009277276590812338,0.4960127591706539,0.5039872408293461,0.8803827751196173,0.5454545454545454,295,249,83,0,544,0.4704944178628389,0.39712918660287083,0.13237639553429026,0.0,0.0733652312599681,0.0535863776582948,tested,0.40518636888637416
ES,UPPER_k2,15,20,1279,634,0.49569976544175137,634,0.5047318611987381,0.4952681388012618,0.00946372239747634,0.18282062532689,4.243584943057268,3.9936029079896933,0.0025365495854772794,0.5007974481658692,0.49920255183413076,0.8899521531100478,0.5901116427432217,295,249,83,0,544,0.4704944178628389,0.39712918660287083,0.13237639553429026,0.0,0.0733652312599681,0.0535863776582948,tested,0.40518636888637416
ES,UPPER_k2,15,30,1279,634,0.49569976544175137,634,0.5047318611987381,0.4952681388012618,0.00946372239747634,0.47318741500708283,5.240040180702221,5.079162611381636,-0.03300003200372982,0.4864433811802233,0.5135566188197768,0.9059011164274322,0.6411483253588517,295,249,83,0,544,0.4704944178628389,0.39712918660287083,0.13237639553429026,0.0,0.0733652312599681,0.0535863776582948,tested,0.40518636888637416
ES,UPPER_k2,15,60,1279,634,0.49569976544175137,634,0.5047318611987381,0.4952681388012618,0.00946372239747634,1.0661384214154146,6.84017652945095,6.959286267655847,-0.04197516999666922,0.48484848484848486,0.5151515151515151,0.9186602870813397,0.7017543859649122,295,249,83,0,544,0.4704944178628389,0.39712918660287083,0.13237639553429026,0.0,0.0733652312599681,0.0535863776582948,tested,0.40518636888637416
ES,UPPER_k2,15,120,1279,634,0.49569976544175137,634,0.5047318611987381,0.4952681388012618,0.00946372239747634,1.500314237634916,8.68299887804678,8.70815315105117,-0.010094130673169253,0.4960127591706539,0.5039872408293461,0.9441786283891547,0.7623604465709729,295,249,83,0,544,0.4704944178628389,0.39712918660287083,0.13237639553429026,0.0,0.0733652312599681,0.0535863776582948,tested,0.40518636888637416
ES,UPPER_k2,20,1,1279,689,0.5387021110242377,689,0.5108853410740203,0.48911465892597966,0.02177068214804064,0.07476839207633093,1.0400836565123095,0.9073855114708987,0.09709604437398411,0.533724340175953,0.4662756598240469,0.6202346041055719,0.0,264,234,86,98,498,0.3870967741935484,0.34310850439882695,0.12609970674486803,0.1436950146627566,0.04398826979472141,0.19371392581916447,tested,0.515384659061093
ES,UPPER_k2,20,2,1279,689,0.5387021110242377,689,0.5108853410740203,0.48911465892597966,0.02177068214804064,-0.01297547200301442,1.4129670595547217,1.3425701545799114,0.06662889203744274,0.5190615835777126,0.4809384164222874,0.7023460410557185,0.11143695014662756,292,256,88,46,548,0.4281524926686217,0.375366568914956,0.12903225806451613,0.06744868035190615,0.05278592375366569,0.13480832851048943,tested,0.4725697334909183
ES,UPPER_k2,20,3,1279,689,0.5387021110242377,689,0.5108853410740203,0.48911465892597966,0.02177068214804064,0.10068240745031051,1.7220183987389572,1.6164016820102258,0.0428760065211204,0.5161290322580645,0.4838709677419355,0.750733137829912,0.1935483870967742,309,264,88,21,573,0.4530791788856305,0.3870967741935484,0.12903225806451613,0.030791788856304986,0.06598240469208211,0.06595003274157027,tested,0.40518636888637416
ES,UPPER_k2,20,4,1279,689,0.5387021110242377,689,0.5108853410740203,0.48911465892597966,0.02177068214804064,0.11931815307727837,1.9673759724558475,1.9192986645299634,0.033156861992802614,0.5146627565982405,0.48533724340175954,0.7873900293255132,0.2536656891495601,314,268,88,12,582,0.4604105571847507,0.39296187683284456,0.12903225806451613,0.017595307917888565,0.06744868035190615,0.06204511798779779,tested,0.40518636888637416
ES,UPPER_k2,20,5,1279,689,0.5387021110242377,689,0.5108853410740203,0.48911465892597966,0.02177068214804064,0.06736340786269535,2.143966779097533,2.137226950684223,0.03376399217785446,0.5175953079178885,0.48240469208211145,0.8079178885630498,0.30791788856304986,316,272,88,6,588,0.4633431085043988,0.39882697947214074,0.12903225806451613,0.008797653958944282,0.06451612903225806,0.07609132922707339,tested,0.40518636888637416
ES,UPPER_k2,20,10,1279,689,0.5387021110242377,689,0.5108853410740203,0.48911465892597966,0.02177068214804064,0.34751781382628716,3.0154420127281023,2.9393476307433466,0.03328265533052617,0.5131964809384164,0.4868035190615836,0.8563049853372434,0.44281524926686217,318,275,88,1,593,0.4662756598240469,0.4032258064516129,0.12903225806451613,0.001466275659824047,0.06304985337243402,0.08448921484387867,tested,0.40518636888637416
ES,UPPER_k2,20,15,1279,689,0.5387021110242377,689,0.5108853410740203,0.48911465892597966,0.02177068214804064,0.28034306438021517,3.639369104045427,3.4277024718136397,-0.00851519373365142,0.4970674486803519,0.5029325513196481,0.8768328445747801,0.5439882697947214,319,275,88,0,594,0.46774193548387094,0.4032258064516129,0.12903225806451613,0.0,0.06451612903225806,0.07759152120814698,tested,0.40518636888637416
ES,UPPER_k2,20,20,1279,689,0.5387021110242377,689,0.5108853410740203,0.48911465892597966,0.02177068214804064,0.14293597119049573,4.0870573285457255,3.933713625177211,-0.006696040418477605,0.4970674486803519,0.5029325513196481,0.8870967741935484,0.5879765395894428,319,275,88,0,594,0.46774193548387094,0.4032258064516129,0.12903225806451613,0.0,0.06451612903225806,0.07759152120814698,tested,0.40518636888637416
ES,UPPER_k2,20,30,1279,689,0.5387021110242377,689,0.5108853410740203,0.48911465892597966,0.02177068214804064,0.3411965968522721,5.07120085211651,5.0017851831388365,-0.040622262319503014,0.48240469208211145,0.5175953079178885,0.9046920821114369,0.6407624633431085,319,275,88,0,594,0.46774193548387094,0.4032258064516129,0.12903225806451613,0.0,0.06451612903225806,0.07759152120814698,tested,0.40518636888637416
ES,UPPER_k2,20,60,1279,689,0.5387021110242377,689,0.5108853410740203,0.48911465892597966,0.02177068214804064,1.082262549190527,6.644555475707612,6.88657712985937,-0.0599017883916934,0.4780058651026393,0.5219941348973607,0.9178885630498533,0.6979472140762464,319,275,88,0,594,0.46774193548387094,0.4032258064516129,0.12903225806451613,0.0,0.06451612903225806,0.07759152120814698,tested,0.40518636888637416
ES,UPPER_k2,20,120,1279,689,0.5387021110242377,689,0.5108853410740203,0.48911465892597966,0.02177068214804064,1.493310403979231,8.335147245177064,8.695261249388816,-0.029236567580901096,0.4897360703812317,0.5102639296187683,0.9428152492668622,0.7580645161290323,319,275,88,0,594,0.46774193548387094,0.4032258064516129,0.12903225806451613,0.0,0.06451612903225806,0.07759152120814698,tested,0.40518636888637416
ES,UPPER_k2,30,1,1279,762,0.5957779515246286,762,0.5065616797900262,0.49343832020997375,0.013123359580052493,0.07769159612673421,1.0239423697357701,0.8613918270856075,0.10830661988568734,0.5350993377483444,0.4649006622516556,0.6225165562913907,0.0,292,255,89,119,547,0.38675496688741723,0.33774834437086093,0.11788079470198676,0.1576158940397351,0.04900662251655629,0.12366521290488987,tested,0.4586510578234996
ES,UPPER_k2,30,2,1279,762,0.5957779515246286,762,0.5065616797900262,0.49343832020997375,0.013123359580052493,0.03783854212100274,1.3662813484757894,1.2179663522329114,0.07451034480089384,0.5245033112582781,0.47549668874172185,0.6993377483443709,0.10596026490066225,323,282,91,59,605,0.4278145695364238,0.37350993377483444,0.1205298013245033,0.0781456953642384,0.054304635761589407,0.1038221170886419,tested,0.4152884683545676
ES,UPPER_k2,30,3,1279,762,0.5957779515246286,762,0.5065616797900262,0.49343832020997375,0.013123359580052493,0.13907228772221675,1.6673206542254495,1.5306231054532424,0.07880159063643076,0.5245033112582781,0.47549668874172185,0.7456953642384105,0.18940397350993377,344,291,91,29,635,0.4556291390728477,0.38543046357615895,0.1205298013245033,0.038410596026490065,0.07019867549668875,0.03897590704566063,tested,0.40518636888637416
ES,UPPER_k2,30,4,1279,762,0.5957779515246286,762,0.5065616797900262,0.49343832020997375,0.013123359580052493,0.12172036625656488,1.9395949237538381,1.7967107218463576,0.04647211340125067,0.5218543046357615,0.4781456953642384,0.7801324503311259,0.2556291390728477,349,299,91,16,648,0.46225165562913906,0.39602649006622515,0.1205298013245033,0.02119205298013245,0.06622516556291391,0.054157779356105,tested,0.40518636888637416
ES,UPPER_k2,30,5,1279,762,0.5957779515246286,762,0.5065616797900262,0.49343832020997375,0.013123359580052493,0.1699529147370163,2.0943742397269056,2.027061091720681,0.03709518170771405,0.5218543046357615,0.4781456953642384,0.8026490066225166,0.3072847682119205,351,305,91,8,656,0.4649006622516556,0.40397350993377484,0.1205298013245033,0.010596026490066225,0.060927152317880796,0.07884607187324445,tested,0.40518636888637416
ES,UPPER_k2,30,10,1279,762,0.5957779515246286,762,0.5065616797900262,0.49343832020997375,0.013123359580052493,0.3782418890342457,2.9410966182235105,2.813157112614838,0.04600913920298541,0.5205298013245033,0.4794701986754967,0.8529801324503311,0.4423841059602649,353,309,91,2,662,0.4675496688741722,0.40927152317880794,0.1205298013245033,0.0026490066225165563,0.05827814569536424,0.09459929686809974,tested,0.40518636888637416
ES,UPPER_k2,30,15,1279,762,0.5957779515246286,762,0.5065616797900262,0.49343832020997375,0.013123359580052493,0.2613350843329004,3.536492307373622,3.342688066894433,0.012496095288878054,0.5033112582781457,0.4966887417218543,0.8741721854304636,0.5443708609271524,355,309,91,0,664,0.47019867549668876,0.40927152317880794,0.1205298013245033,0.0,0.060927152317880796,0.08067406543223904,tested,0.40518636888637416
ES,UPPER_k2,30,20,1279,762,0.5957779515246286,762,0.5065616797900262,0.49343832020997375,0.013123359580052493,0.20001064506694602,3.9206154934781843,3.796813216739163,-0.004231326286831685,0.49933774834437084,0.5006622516556292,0.8834437086092716,0.5854304635761589,355,309,91,0,664,0.47019867549668876,0.40927152317880794,0.1205298013245033,0.0,0.060927152317880796,0.08067406543223904,tested,0.40518636888637416
ES,UPPER_k2,30,30,1279,762,0.5957779515246286,762,0.5065616797900262,0.49343832020997375,0.013123359580052493,0.4624724962573507,4.889131864887216,4.711213516680471,-0.02628215360059585,0.48741721854304637,0.5125827814569537,0.9006622516556292,0.6370860927152318,355,309,91,0,664,0.47019867549668876,0.40927152317880794,0.1205298013245033,0.0,0.060927152317880796,0.08067406543223904,tested,0.40518636888637416
ES,UPPER_k2,30,60,1279,762,0.5957779515246286,762,0.5065616797900262,0.49343832020997375,0.013123359580052493,1.0626278557447786,6.432993810941945,6.17944277810878,-0.03333165203714645,0.48344370860927155,0.5165562913907285,0.9165562913907285,0.7006622516556291,355,309,91,0,664,0.47019867549668876,0.40927152317880794,0.1205298013245033,0.0,0.060927152317880796,0.08067406543223904,tested,0.40518636888637416
ES,UPPER_k2,30,120,1279,762,0.5957779515246286,762,0.5065616797900262,0.49343832020997375,0.013123359580052493,1.296525556603866,8.125260349205849,8.442613272141864,-0.021792928451304774,0.48874172185430464,0.5112582781456954,0.9430463576158941,0.7642384105960265,355,309,91,0,664,0.47019867549668876,0.40927152317880794,0.1205298013245033,0.0,0.060927152317880796,0.08067406543223904,tested,0.40518636888637416
ES,UPPER_k2,60,1,1279,861,0.673182173573104,861,0.5121951219512195,0.4878048780487805,0.024390243902439025,0.03150089679748532,0.9169899833045082,0.8298054398084636,0.06112213562597671,0.5234741784037559,0.4765258215962441,0.6267605633802817,0.0,315,291,91,155,606,0.36971830985915494,0.3415492957746479,0.1068075117370892,0.18192488262910797,0.028169014084507043,0.3501519900574029,tested,0.7242459965289871
ES,UPPER_k2,60,2,1279,861,0.673182173573104,861,0.5121951219512195,0.4878048780487805,0.024390243902439025,-0.01297547200301442,1.2508407943363467,1.1891488058775013,0.05553927298842607,0.5164319248826291,0.4835680751173709,0.7018779342723005,0.10915492957746478,356,326,93,77,682,0.41784037558685444,0.3826291079812207,0.10915492957746478,0.0903755868544601,0.035211267605633804,0.2667841475998505,tested,0.6329584678349395
ES,UPPER_k2,60,3,1279,861,0.673182173573104,861,0.5121951219512195,0.4878048780487805,0.024390243902439025,0.05243514613702137,1.5275494503417955,1.4780818654060686,0.03183103784600765,0.5105633802816901,0.4894366197183099,0.7511737089201878,0.19248826291079812,379,339,93,41,718,0.4448356807511737,0.397887323943662,0.10915492957746478,0.04812206572769953,0.046948356807511735,0.14548776007585462,tested,0.4784657732990519
ES,UPPER_k2,60,4,1279,861,0.673182173573104,861,0.5121951219512195,0.4878048780487805,0.024390243902439025,0.031953261537249256,1.7618436721745958,1.7341747556927714,0.020747746447745564,0.5082159624413145,0.49178403755868544,0.7828638497652582,0.25821596244131456,385,351,93,23,736,0.4518779342723005,0.4119718309859155,0.10915492957746478,0.02699530516431925,0.03990610328638498,0.2238089745697062,tested,0.5559037671921044
ES,UPPER_k2,60,5,1279,861,0.673182173573104,861,0.5121951219512195,0.4878048780487805,0.024390243902439025,0.031825210195348334,1.952071220263198,1.9073557963549521,0.02300667447911331,0.5070422535211268,0.49295774647887325,0.8051643192488263,0.3075117370892019,387,357,93,15,744,0.45422535211267606,0.41901408450704225,0.10915492957746478,0.017605633802816902,0.035211267605633804,0.2876881283026926,tested,0.6599102089976455
ES,UPPER_k2,60,10,1279,861,0.673182173573104,861,0.5121951219512195,0.4878048780487805,0.024390243902439025,0.2973006690574838,2.7029365076354708,2.5364057789406758,0.03328265533052617,0.5117370892018779,0.48826291079812206,0.8568075117370892,0.4424882629107981,390,365,93,4,755,0.45774647887323944,0.4284037558685446,0.10915492957746478,0.004694835680751174,0.029342723004694836,0.3824307091124216,tested,0.7642176276412364
ES,UPPER_k2,60,15,1279,861,0.673182173573104,861,0.5121951219512195,0.4878048780487805,0.024390243902439025,0.21179934244804557,3.3356329696247995,3.1546237848745653,-0.0022294343295107587,0.4988262910798122,0.5011737089201878,0.8791079812206573,0.5410798122065728,392,366,93,1,758,0.460093896713615,0.4295774647887324,0.10915492957746478,0.0011737089201877935,0.03051643192488263,0.36386596796982373,tested,0.7353283027031093
ES,UPPER_k2,60,20,1279,861,0.673182173573104,861,0.5121951219512195,0.4878048780487805,0.024390243902439025,0.1767130424772572,3.6767805105965885,3.638997764085828,-0.013509027273753596,0.4953051643192488,0.5046948356807511,0.8908450704225352,0.5821596244131455,392,366,93,1,758,0.460093896713615,0.4295774647887324,0.10915492957746478,0.0011737089201877935,0.03051643192488263,0.36386596796982373,tested,0.7353283027031093
ES,UPPER_k2,60,30,1279,861,0.673182173573104,861,0.5121951219512195,0.4878048780487805,0.024390243902439025,0.25933955293231736,4.570913743966624,4.5047857386667705,-0.050147096623554085,0.4800469483568075,0.5199530516431925,0.9084507042253521,0.6408450704225352,392,367,93,0,759,0.460093896713615,0.4307511737089202,0.10915492957746478,0.0,0.029342723004694836,0.3836877758611993,tested,0.7642176276412364
ES,UPPER_k2,60,60,1279,861,0.673182173573104,861,0.5121951219512195,0.4878048780487805,0.024390243902439025,0.625314538566931,5.965770709080141,5.980842521964167,-0.059236738030625506,0.47300469483568075,0.5269953051643192,0.926056338028169,0.710093896713615,392,367,93,0,759,0.460093896713615,0.4307511737089202,0.10915492957746478,0.0,0.029342723004694836,0.3836877758611993,tested,0.7642176276412364
ES,UPPER_k2,60,120,1279,861,0.673182173573104,861,0.5121951219512195,0.4878048780487805,0.024390243902439025,0.8064488618094222,7.65135216121325,8.148359361455778,-0.048058657258164966,0.47417840375586856,0.5258215962441315,0.9495305164319249,0.7734741784037559,392,367,93,0,759,0.460093896713615,0.4307511737089202,0.10915492957746478,0.0,0.029342723004694836,0.3836877758611993,tested,0.7642176276412364
ES,UPPER_k2,120,1,1279,939,0.7341673182173573,939,0.5090521831735889,0.4909478168264111,0.01810436634717785,0.07117756852570827,0.8805069590347423,0.7676495805807702,0.08342054611307502,0.5302375809935205,0.46976241900647947,0.6317494600431965,0.0,335,303,94,194,638,0.3617710583153348,0.32721382289416845,0.10151187904967603,0.20950323974082075,0.03455723542116631,0.21967879750538535,tested,0.5523352622992546
ES,UPPER_k2,120,2,1279,939,0.7341673182173573,939,0.5090521831735889,0.4909478168264111,0.01810436634717785,0.00471415301416367,1.2198809199996228,1.1247900612977295,0.05815576888320111,0.521598272138229,0.47840172786177104,0.7062634989200864,0.11339092872570194,382,342,96,106,724,0.41252699784017277,0.3693304535637149,0.10367170626349892,0.11447084233261338,0.04319654427645788,0.14716809832714842,tested,0.4784657732990519
ES,UPPER_k2,120,3,1279,939,0.7341673182173573,939,0.5090521831735889,0.4909478168264111,0.01810436634717785,0.058495130501791025,1.478505426185286,1.3871292752581696,0.052714720511933905,0.5183585313174947,0.4816414686825054,0.7548596112311015,0.2019438444924406,407,356,96,67,763,0.43952483801295894,0.38444924406047515,0.10367170626349892,0.07235421166306695,0.0550755939524838,0.07020712470757985,tested,0.40518636888637416
ES,UPPER_k2,120,4,1279,939,0.7341673182173573,939,0.5090521831735889,0.4909478168264111,0.01810436634717785,0.04819036543057847,1.679970784874007,1.603695778883117,0.031520190670957876,0.5151187904967602,0.48488120950323976,0.785097192224622,0.26673866090712745,417,370,96,43,787,0.4503239740820734,0.39956803455723544,0.10367170626349892,0.04643628509719223,0.05075593952483801,0.10100179193313914,tested,0.41351184686127473
ES,UPPER_k2,120,5,1279,939,0.7341673182173573,939,0.5090521831735889,0.4909478168264111,0.01810436634717785,0.022466109958059477,1.8432292406449777,1.7813510629682818,0.026466934289388764,0.5086393088552916,0.49136069114470843,0.8077753779697624,0.32181425485961124,422,380,96,28,802,0.4557235421166307,0.4103671706263499,0.10367170626349892,0.03023758099352052,0.04535637149028078,0.14763798733271866,tested,0.4784657732990519
ES,UPPER_k2,120,10,1279,939,0.7341673182173573,939,0.5090521831735889,0.4909478168264111,0.01810436634717785,0.24205617537075222,2.5347852786854443,2.406950404288799,0.03600543662527518,0.5129589632829373,0.4870410367170626,0.8585313174946004,0.458963282937365,429,390,96,11,819,0.4632829373650108,0.42116630669546434,0.10367170626349892,0.011879049676025918,0.042116630669546434,0.18420108634944476,tested,0.5138520218624281
ES,UPPER_k2,120,15,1279,939,0.7341673182173573,939,0.5090521831735889,0.4909478168264111,0.01810436634717785,0.22151463521604609,3.1205793938670254,2.968408570489998,-0.004970222937587672,0.4978401727861771,0.5021598272138229,0.8801295896328294,0.5529157667386609,433,392,96,5,825,0.46760259179265656,0.42332613390928725,0.10367170626349892,0.005399568034557235,0.04427645788336933,0.163694404610425,tested,0.5032995771567862
ES,UPPER_k2,120,20,1279,939,0.7341673182173573,939,0.5090521831735889,0.4909478168264111,0.01810436634717785,0.23241589481293395,3.5343405747336654,3.385936863143818,-0.004935148123648198,0.49892008639308855,0.5010799136069114,0.8930885529157667,0.5928725701943844,436,393,96,1,829,0.4708423326133909,0.4244060475161987,0.10367170626349892,0.0010799136069114472,0.04643628509719223,0.14459659020931828,tested,0.4784657732990519
ES,UPPER_k2,120,30,1279,939,0.7341673182173573,939,0.5090521831735889,0.4909478168264111,0.01810436634717785,0.2852638476092636,4.433935217894399,4.21497539676715,-0.033181314572452936,0.48596112311015116,0.5140388768898488,0.9103671706263499,0.6533477321814255,436,394,96,0,830,0.4708423326133909,0.42548596112311016,0.10367170626349892,0.0,0.04535637149028078,0.15465581331025247,tested,0.4844881141887521
ES,UPPER_k2,120,60,1279,939,0.7341673182173573,939,0.5090521831735889,0.4909478168264111,0.01810436634717785,0.6707261750942854,5.753898200986681,5.640163971739102,-0.04773030655428283,0.4794816414686825,0.5205183585313174,0.9265658747300216,0.7213822894168467,436,394,96,0,830,0.4708423326133909,0.42548596112311016,0.10367170626349892,0.0,0.04535637149028078,0.15465581331025247,tested,0.4844881141887521
ES,UPPER_k2,120,120,1279,939,0.7341673182173573,939,0.5090521831735889,0.4909478168264111,0.01810436634717785,0.7801755760935429,7.350143157599152,7.507721102858024,-0.04306469017561614,0.47840172786177104,0.521598272138229,0.9481641468682506,0.7796976241900648,436,394,96,0,830,0.4708423326133909,0.42548596112311016,0.10367170626349892,0.0,0.04535637149028078,0.15465581331025247,tested,0.4844881141887521
ES,UPPER_k3,1,1,1279,42,0.0328381548084441,42,0.5476190476190477,0.4523809523809524,0.09523809523809523,-0.015786686278731754,1.7762317964975955,1.9641017480651952,-0.08480255859174818,0.45,0.55,0.65,0.0,12,13,15,0,25,0.3,0.325,0.375,0.0,-0.025,1.0,underpowered,1.0
ES,UPPER_k3,1,2,1279,42,0.0328381548084441,42,0.5476190476190477,0.4523809523809524,0.09523809523809523,-1.1483297769241236,2.199881381821033,3.222895631251667,-0.24669287969556483,0.375,0.625,0.675,0.15,12,13,15,0,25,0.3,0.325,0.375,0.0,-0.025,1.0,underpowered,1.0
ES,UPPER_k3,1,3,1279,42,0.0328381548084441,42,0.5476190476190477,0.4523809523809524,0.09523809523809523,-0.117825141615052,2.4081221819072898,3.4205363268601765,-0.24669287969556483,0.375,0.625,0.725,0.2,12,13,15,0,25,0.3,0.325,0.375,0.0,-0.025,1.0,underpowered,1.0
ES,UPPER_k3,1,4,1279,42,0.0328381548084441,42,0.5476190476190477,0.4523809523809524,0.09523809523809523,0.08005170250327436,2.434065258465517,3.4205363268601765,-0.2015847118072442,0.375,0.625,0.75,0.275,12,13,15,0,25,0.3,0.325,0.375,0.0,-0.025,1.0,underpowered,1.0
ES,UPPER_k3,1,5,1279,42,0.0328381548084441,42,0.5476190476190477,0.4523809523809524,0.09523809523809523,0.7195215854479666,3.1362908511319576,3.461498071511911,-0.14798825374289926,0.4,0.6,0.775,0.3,12,13,15,0,25,0.3,0.325,0.375,0.0,-0.025,1.0,underpowered,1.0
ES,UPPER_k3,1,10,1279,42,0.0328381548084441,42,0.5476190476190477,0.4523809523809524,0.09523809523809523,0.5473245711463774,4.85018285941409,4.612782434079026,-0.03593892682875033,0.45,0.55,0.85,0.425,12,13,15,0,25,0.3,0.325,0.375,0.0,-0.025,1.0,underpowered,1.0
ES,UPPER_k3,1,15,1279,42,0.0328381548084441,42,0.5476190476190477,0.4523809523809524,0.09523809523809523,0.9707970487188011,6.319874325299036,4.884536015420984,0.013587318328596857,0.5,0.5,0.875,0.5,12,13,15,0,25,0.3,0.325,0.375,0.0,-0.025,1.0,underpowered,1.0
ES,UPPER_k3,1,20,1279,42,0.0328381548084441,42,0.5476190476190477,0.4523809523809524,0.09523809523809523,-0.5998475713098298,6.647337452970628,5.682809446508312,-0.018369291260991093,0.45,0.55,0.875,0.6,12,13,15,0,25,0.3,0.325,0.375,0.0,-0.025,1.0,underpowered,1.0
ES,UPPER_k3,1,30,1279,42,0.0328381548084441,42,0.5476190476190477,0.4523809523809524,0.09523809523809523,1.7013294422426806,7.155435689945433,7.848643025652425,-0.0016227863087840515,0.5,0.5,0.875,0.65,12,13,15,0,25,0.3,0.325,0.375,0.0,-0.025,1.0,underpowered,1.0
ES,UPPER_k3,1,60,1279,42,0.0328381548084441,42,0.5476190476190477,0.4523809523809524,0.09523809523809523,-0.02790479126744827,10.20183188695335,9.902484188540647,0.02749127624026157,0.5,0.5,0.9,0.675,12,13,15,0,25,0.3,0.325,0.375,0.0,-0.025,1.0,underpowered,1.0
ES,UPPER_k3,1,120,1279,42,0.0328381548084441,42,0.5476190476190477,0.4523809523809524,0.09523809523809523,5.583991710363375,16.043148309228453,10.48415923928776,0.220453741252812,0.525,0.475,0.925,0.75,12,13,15,0,25,0.3,0.325,0.375,0.0,-0.025,1.0,underpowered,1.0
ES,UPPER_k3,2,1,1279,111,0.08678655199374512,111,0.5135135135135135,0.4864864864864865,0.02702702702702703,0.5867402864368317,1.670228345618243,1.4058932060283162,0.1285978295258246,0.5229357798165137,0.47706422018348627,0.6055045871559633,0.0,42,32,33,2,74,0.3853211009174312,0.29357798165137616,0.30275229357798167,0.01834862385321101,0.09174311926605505,0.29541328065567,tested,0.6626135392095774
ES,UPPER_k3,2,2,1279,111,0.08678655199374512,111,0.5135135135135135,0.4864864864864865,0.02702702702702703,0.6515776184548734,2.329844341488739,2.1060495644374324,0.09021169462357644,0.5321100917431193,0.46788990825688076,0.6697247706422018,0.13761467889908258,43,32,33,1,75,0.3944954128440367,0.29357798165137616,0.30275229357798167,0.009174311926605505,0.10091743119266056,0.24804574189252784,tested,0.597284274009868
ES,UPPER_k3,2,3,1279,111,0.08678655199374512,111,0.5135135135135135,0.4864864864864865,0.02702702702702703,0.2052433457790432,2.6126177344010117,2.2201871326347806,0.06662887420882016,0.5137614678899083,0.48623853211009177,0.7064220183486238,0.1926605504587156,43,33,33,0,76,0.3944954128440367,0.30275229357798167,0.30275229357798167,0.0,0.09174311926605505,0.3018724904870079,tested,0.6626135392095774
ES,UPPER_k3,2,4,1279,111,0.08678655199374512,111,0.5135135135135135,0.4864864864864865,0.02702702702702703,0.7367949319749756,3.257613147909979,2.7365474126633687,0.005201466696654809,0.5045871559633027,0.4954128440366973,0.7339449541284404,0.28440366972477066,43,33,33,0,76,0.3944954128440367,0.30275229357798167,0.30275229357798167,0.0,0.09174311926605505,0.3018724904870079,tested,0.6626135392095774
ES,UPPER_k3,2,5,1279,111,0.08678655199374512,111,0.5135135135135135,0.4864864864864865,0.02702702702702703,0.5780535691875867,3.793620440422543,3.1544055037962058,-0.005903466007904151,0.4954128440366973,0.5045871559633027,0.7614678899082569,0.3302752293577982,43,33,33,0,76,0.3944954128440367,0.30275229357798167,0.30275229357798167,0.0,0.09174311926605505,0.3018724904870079,tested,0.6626135392095774
ES,UPPER_k3,2,10,1279,111,0.08678655199374512,111,0.5135135135135135,0.4864864864864865,0.02702702702702703,1.2321165875725908,4.981028667969972,4.178667127881102,0.10243495289903187,0.5229357798165137,0.47706422018348627,0.7981651376146789,0.43119266055045874,43,33,33,0,76,0.3944954128440367,0.30275229357798167,0.30275229357798167,0.0,0.09174311926605505,0.3018724904870079,tested,0.6626135392095774
ES,UPPER_k3,2,15,1279,111,0.08678655199374512,111,0.5135135135135135,0.4864864864864865,0.02702702702702703,0.3737152943331588,5.756966395965432,4.575677194317002,0.06398639471517523,0.5229357798165137,0.47706422018348627,0.8256880733944955,0.5412844036697247,43,33,33,0,76,0.3944954128440367,0.30275229357798167,0.30275229357798167,0.0,0.09174311926605505,0.3018724904870079,tested,0.6626135392095774
ES,UPPER_k3,2,20,1279,111,0.08678655199374512,111,0.5135135135135135,0.4864864864864865,0.02702702702702703,-0.4898539987267336,6.3527414105361775,4.993602907989785,-0.00804385629346829,0.48623853211009177,0.5137614678899083,0.8348623853211009,0.6146788990825688,43,33,33,0,76,0.3944954128440367,0.30275229357798167,0.30275229357798167,0.0,0.09174311926605505,0.3018724904870079,tested,0.6626135392095774
ES,UPPER_k3,2,30,1279,111,0.08678655199374512,111,0.5135135135135135,0.4864864864864865,0.02702702702702703,0.07448516281911087,6.689133621992073,7.694930551281227,-0.03872481964522608,0.46788990825688076,0.5321100917431193,0.8715596330275229,0.6605504587155964,43,33,33,0,76,0.3944954128440367,0.30275229357798167,0.30275229357798167,0.0,0.09174311926605505,0.3018724904870079,tested,0.6626135392095774
ES,UPPER_k3,2,60,1279,111,0.08678655199374512,111,0.5135135135135135,0.4864864864864865,0.02702702702702703,0.5462350146125482,9.132479356577116,10.656943110879883,-0.19596763701068293,0.46788990825688076,0.5321100917431193,0.8899082568807339,0.7247706422018348,43,33,33,0,76,0.3944954128440367,0.30275229357798167,0.30275229357798167,0.0,0.09174311926605505,0.3018724904870079,tested,0.6626135392095774
ES,UPPER_k3,2,120,1279,111,0.08678655199374512,111,0.5135135135135135,0.4864864864864865,0.02702702702702703,3.6880736290232314,12.71294699592366,13.152118854769963,-0.1011415965289957,0.47706422018348627,0.5229357798165137,0.9357798165137615,0.7981651376146789,43,33,33,0,76,0.3944954128440367,0.30275229357798167,0.30275229357798167,0.0,0.09174311926605505,0.3018724904870079,tested,0.6626135392095774
ES,UPPER_k3,3,1,1279,200,0.1563721657544957,200,0.5,0.5,0.0,0.2052433457790432,1.4716731933580798,1.2041496987644913,0.016722595708112416,0.5025380710659898,0.49746192893401014,0.5685279187817259,0.0,77,69,43,8,146,0.39086294416243655,0.350253807106599,0.2182741116751269,0.04060913705583756,0.04060913705583756,0.5625209423048497,tested,0.9900368584565356
ES,UPPER_k3,3,2,1279,200,0.1563721657544957,200,0.5,0.5,0.0,-0.0431677181726508,2.0729808924480806,1.9087877834110305,0.005201466696654809,0.5025380710659898,0.49746192893401014,0.6649746192893401,0.1218274111675127,79,71,43,4,150,0.4010152284263959,0.3604060913705584,0.2182741116751269,0.02030456852791878,0.04060913705583756,0.567775487675328,tested,0.9902956569849932
ES,UPPER_k3,3,3,1279,200,0.1563721657544957,200,0.5,0.5,0.0,0.07448516281911087,2.433367979743695,2.2201871326347806,-0.016181808791443496,0.49238578680203043,0.5076142131979695,0.7157360406091371,0.17766497461928935,80,72,44,1,152,0.40609137055837563,0.36548223350253806,0.2233502538071066,0.005076142131979695,0.04060913705583756,0.5703330633303956,tested,0.9902956569849932
ES,UPPER_k3,3,4,1279,200,0.1563721657544957,200,0.5,0.5,0.0,0.4409040122909317,2.9206154934780497,2.7093385195819852,-0.028493614259302084,0.4873096446700508,0.5126903553299492,0.7411167512690355,0.22842639593908629,80,72,44,1,152,0.40609137055837563,0.36548223350253806,0.2233502538071066,0.005076142131979695,0.04060913705583756,0.5703330633303956,tested,0.9902956569849932
ES,UPPER_k3,3,5,1279,200,0.1563721657544957,200,0.5,0.5,0.0,0.5780535691875867,3.1835303933807957,3.0558048998858425,-0.005903466007904151,0.49746192893401014,0.5025380710659898,0.766497461928934,0.2639593908629442,80,73,44,0,153,0.40609137055837563,0.37055837563451777,0.2233502538071066,0.0,0.03553299492385787,0.6277709072003689,tested,1.0
ES,UPPER_k3,3,10,1279,200,0.1563721657544957,200,0.5,0.5,0.0,0.3769831649516646,4.06018086497464,4.027872433296945,0.035787236631904265,0.5025380710659898,0.49746192893401014,0.8121827411167513,0.4263959390862944,80,73,44,0,153,0.40609137055837563,0.37055837563451777,0.2233502538071066,0.0,0.03553299492385787,0.6277709072003689,tested,1.0
ES,UPPER_k3,3,15,1279,200,0.1563721657544957,200,0.5,0.5,0.0,0.10514567554664281,5.208172883132668,4.487793964844442,-0.0286947262285139,0.49238578680203043,0.5076142131979695,0.8477157360406091,0.5126903553299492,80,73,44,0,153,0.40609137055837563,0.37055837563451777,0.2233502538071066,0.0,0.03553299492385787,0.6277709072003689,tested,1.0
ES,UPPER_k3,3,20,1279,200,0.1563721657544957,200,0.5,0.5,0.0,-0.24256490994590707,5.752112239360768,4.905520548639193,-0.043183127428986764,0.4619289340101523,0.5380710659898477,0.8578680203045685,0.5786802030456852,80,73,44,0,153,0.40609137055837563,0.37055837563451777,0.2233502538071066,0.0,0.03553299492385787,0.6277709072003689,tested,1.0
ES,UPPER_k3,3,30,1279,200,0.1563721657544957,200,0.5,0.5,0.0,0.07448516281911087,6.35127721448635,6.897222840005743,-0.047812393798605086,0.4619289340101523,0.5380710659898477,0.883248730964467,0.6345177664974619,80,73,44,0,153,0.40609137055837563,0.37055837563451777,0.2233502538071066,0.0,0.03553299492385787,0.6277709072003689,tested,1.0
ES,UPPER_k3,3,60,1279,200,0.1563721657544957,200,0.5,0.5,0.0,0.979378058873691,7.955537847308793,9.72118290441432,-0.10492879948638763,0.467005076142132,0.5329949238578681,0.9187817258883249,0.7106598984771574,80,73,44,0,153,0.40609137055837563,0.37055837563451777,0.2233502538071066,0.0,0.03553299492385787,0.6277709072003689,tested,1.0
ES,UPPER_k3,3,120,1279,200,0.1563721657544957,200,0.5,0.5,0.0,1.8473398912283476,10.580325386101542,11.817893170186716,-0.1011415965289957,0.47715736040609136,0.5228426395939086,0.949238578680203,0.7766497461928934,80,73,44,0,153,0.40609137055837563,0.37055837563451777,0.2233502538071066,0.0,0.03553299492385787,0.6277709072003689,tested,1.0
ES,UPPER_k3,4,1,1279,252,0.1970289288506646,252,0.5198412698412699,0.4801587301587302,0.03968253968253968,-0.0784449567111559,1.2099121909771386,1.2041496987644913,-0.08035240409077712,0.4859437751004016,0.5140562248995983,0.5863453815261044,0.0,93,95,46,15,188,0.37349397590361444,0.3815261044176707,0.18473895582329317,0.060240963855421686,-0.008032128514056224,0.9418856184644896,tested,1.0
ES,UPPER_k3,4,2,1279,252,0.1970289288506646,252,0.5198412698412699,0.4801587301587302,0.03968253968253968,0.08882912842639294,1.9280875105488793,1.8222275498558218,-0.0037944495794590954,0.4979919678714859,0.5020080321285141,0.6867469879518072,0.10843373493975904,98,98,46,7,196,0.39357429718875503,0.39357429718875503,0.18473895582329317,0.028112449799196786,0.0,1.0,tested,1.0
ES,UPPER_k3,4,3,1279,252,0.1970289288506646,252,0.5198412698412699,0.4801587301587302,0.03968253968253968,0.11384956497591914,2.326781871193985,2.055796931466287,-0.02762514801725043,0.4819277108433735,0.5180722891566265,0.7349397590361446,0.1646586345381526,99,100,47,3,199,0.39759036144578314,0.40160642570281124,0.18875502008032127,0.012048192771084338,-0.004016064257028112,1.0,tested,1.0
ES,UPPER_k3,4,4,1279,252,0.1970289288506646,252,0.5198412698412699,0.4801587301587302,0.03968253968253968,0.25262845045840204,2.5435258777161756,2.5973063668715843,-0.033071066710817804,0.4779116465863454,0.5220883534136547,0.7590361445783133,0.2289156626506024,99,100,47,3,199,0.39759036144578314,0.40160642570281124,0.18875502008032127,0.012048192771084338,-0.004016064257028112,1.0,tested,1.0
ES,UPPER_k3,4,5,1279,252,0.1970289288506646,252,0.5198412698412699,0.4801587301587302,0.03968253968253968,0.39545085937971985,2.9206154934780497,2.7093385195819852,-0.023122788268190822,0.4899598393574297,0.5100401606425703,0.7791164658634538,0.26506024096385544,100,102,47,0,202,0.40160642570281124,0.40963855421686746,0.18875502008032127,0.0,-0.008032128514056224,0.9439304738571268,tested,1.0
ES,UPPER_k3,4,10,1279,252,0.1970289288506646,252,0.5198412698412699,0.4801587301587302,0.03968253968253968,0.4434959319816073,3.9795985499424495,3.5873821391331235,0.07097705465401244,0.5100401606425703,0.4899598393574297,0.8273092369477911,0.42570281124497994,100,102,47,0,202,0.40160642570281124,0.40963855421686746,0.18875502008032127,0.0,-0.008032128514056224,0.9439304738571268,tested,1.0
ES,UPPER_k3,4,15,1279,252,0.1970289288506646,252,0.5198412698412699,0.4801587301587302,0.03968253968253968,0.41904776808514216,4.996044940711008,4.245113931913548,-0.00804385629346829,0.4979919678714859,0.5020080321285141,0.8594377510040161,0.5100401606425703,100,102,47,0,202,0.40160642570281124,0.40963855421686746,0.18875502008032127,0.0,-0.008032128514056224,0.9439304738571268,tested,1.0
ES,UPPER_k3,4,20,1279,252,0.1970289288506646,252,0.5198412698412699,0.4801587301587302,0.03968253968253968,-0.018348795979122257,5.614346352872559,4.642133257762079,-0.018852571924511632,0.4899598393574297,0.5100401606425703,0.8714859437751004,0.5823293172690763,100,102,47,0,202,0.40160642570281124,0.40963855421686746,0.18875502008032127,0.0,-0.008032128514056224,0.9439304738571268,tested,1.0
ES,UPPER_k3,4,30,1279,252,0.1970289288506646,252,0.5198412698412699,0.4801587301587302,0.03968253968253968,1.422924841204806,6.479256432917313,6.079162611381896,-0.01319201786179541,0.4859437751004016,0.5140562248995983,0.8995983935742972,0.6345381526104418,100,102,47,0,202,0.40160642570281124,0.40963855421686746,0.18875502008032127,0.0,-0.008032128514056224,0.9439304738571268,tested,1.0
ES,UPPER_k3,4,60,1279,252,0.1970289288506646,252,0.5198412698412699,0.4801587301587302,0.03968253968253968,2.280489784086684,7.955537847308793,8.592578865763324,-0.022776398504435268,0.4939759036144578,0.5060240963855421,0.927710843373494,0.7028112449799196,100,102,47,0,202,0.40160642570281124,0.40963855421686746,0.18875502008032127,0.0,-0.008032128514056224,0.9439304738571268,tested,1.0
ES,UPPER_k3,4,120,1279,252,0.1970289288506646,252,0.5198412698412699,0.4801587301587302,0.03968253968253968,2.1178820938854157,10.895420071445304,9.72118290441432,0.005529485097554238,0.5020080321285141,0.4979919678714859,0.9558232931726908,0.7871485943775101,100,102,47,0,202,0.40160642570281124,0.40963855421686746,0.18875502008032127,0.0,-0.008032128514056224,0.9439304738571268,tested,1.0
ES,UPPER_k3,5,1,1279,284,0.2220484753713839,284,0.5140845070422535,0.4859154929577465,0.028169014084507043,-0.06637817314723148,1.3044074904751553,1.1718533035230974,0.016722595708112416,0.505338078291815,0.49466192170818507,0.594306049822064,0.0,108,103,53,17,211,0.38434163701067614,0.3665480427046263,0.18861209964412812,0.060498220640569395,0.017793594306049824,0.7831087298262328,tested,1.0
ES,UPPER_k3,5,2,1279,284,0.2220484753713839,284,0.5140845070422535,0.4859154929577465,0.028169014084507043,0.1006945474277299,1.941096618223357,1.7530252082561382,0.021873370069616146,0.505338078291815,0.49466192170818507,0.6832740213523132,0.10320284697508897,113,107,53,8,220,0.40213523131672596,0.3807829181494662,0.18861209964412812,0.028469750889679714,0.021352313167259787,0.7361275190186887,tested,1.0
ES,UPPER_k3,5,3,1279,284,0.2220484753713839,284,0.5140845070422535,0.4859154929577465,0.028169014084507043,0.19849342751117197,2.312117945191176,1.9518832979148244,-0.015150260886002773,0.49466192170818507,0.505338078291815,0.7259786476868327,0.16370106761565836,114,110,54,3,224,0.40569395017793597,0.3914590747330961,0.19217081850533807,0.010676156583629894,0.014234875444839857,0.841188185552688,tested,1.0
ES,UPPER_k3,5,4,1279,284,0.2220484753713839,284,0.5140845070422535,0.4859154929577465,0.028169014084507043,0.3579112826009566,2.511368639020937,2.383418769509537,-0.028493614259302084,0.4875444839857651,0.5124555160142349,0.7473309608540926,0.22419928825622776,114,110,54,3,224,0.40569395017793597,0.3914590747330961,0.19217081850533807,0.010676156583629894,0.014234875444839857,0.841188185552688,tested,1.0
ES,UPPER_k3,5,5,1279,284,0.2220484753713839,284,0.5140845070422535,0.4859154929577465,0.028169014084507043,0.4806752984790997,2.857007336304703,2.6504851007180252,-0.015150260886002773,0.49466192170818507,0.505338078291815,0.7686832740213523,0.25622775800711745,115,112,54,0,227,0.4092526690391459,0.398576512455516,0.19217081850533807,0.0,0.010676156583629894,0.8944334241384705,tested,1.0
ES,UPPER_k3,5,10,1279,284,0.2220484753713839,284,0.5140845070422535,0.4859154929577465,0.028169014084507043,0.3769831649516646,3.830829541176401,3.4818673697683136,0.10243495289903187,0.5195729537366548,0.4804270462633452,0.8256227758007118,0.42704626334519574,115,112,54,0,227,0.4092526690391459,0.398576512455516,0.19217081850533807,0.0,0.010676156583629894,0.8944334241384705,tested,1.0
ES,UPPER_k3,5,15,1279,284,0.2220484753713839,284,0.5140845070422535,0.4859154929577465,0.028169014084507043,0.23148042751674985,4.669388934408044,4.235267733466664,0.0026179901333842994,0.501779359430605,0.498220640569395,0.8647686832740213,0.5195729537366548,115,112,54,0,227,0.4092526690391459,0.398576512455516,0.19217081850533807,0.0,0.010676156583629894,0.8944334241384705,tested,1.0
ES,UPPER_k3,5,20,1279,284,0.2220484753713839,284,0.5140845070422535,0.4859154929577465,0.028169014084507043,0.07836562149745693,5.474728475135572,4.682951658244548,-0.018852571924511632,0.49110320284697506,0.5088967971530249,0.8754448398576512,0.5836298932384342,115,112,54,0,227,0.4092526690391459,0.398576512455516,0.19217081850533807,0.0,0.010676156583629894,0.8944334241384705,tested,1.0
ES,UPPER_k3,5,30,1279,284,0.2220484753713839,284,0.5140845070422535,0.4859154929577465,0.028169014084507043,1.3881268974365961,6.357166780382382,5.748135717002946,-0.01319201786179541,0.4875444839857651,0.5124555160142349,0.900355871886121,0.6405693950177936,115,112,54,0,227,0.4092526690391459,0.398576512455516,0.19217081850533807,0.0,0.010676156583629894,0.8944334241384705,tested,1.0
ES,UPPER_k3,5,60,1279,284,0.2220484753713839,284,0.5140845070422535,0.4859154929577465,0.028169014084507043,2.282776289214511,7.955537847308793,7.959286267655945,0.021711359204667095,0.501779359430605,0.498220640569395,0.9252669039145908,0.708185053380783,115,112,54,0,227,0.4092526690391459,0.398576512455516,0.19217081850533807,0.0,0.010676156583629894,0.8944334241384705,tested,1.0
ES,UPPER_k3,5,120,1279,284,0.2220484753713839,284,0.5140845070422535,0.4859154929577465,0.028169014084507043,2.8390576803620164,10.580325386101542,9.442613272141902,0.022582338052422483,0.5088967971530249,0.49110320284697506,0.9501779359430605,0.7900355871886121,115,112,54,0,227,0.4092526690391459,0.398576512455516,0.19217081850533807,0.0,0.010676156583629894,0.8944334241384705,tested,1.0
ES,UPPER_k3,10,1,1279,427,0.3338545738858483,427,0.5269320843091335,0.47306791569086654,0.053864168618266976,0.05746014119228153,1.0711856570640064,1.066542401629121,-0.03797783453570729,0.490521327014218,0.509478672985782,0.5995260663507109,0.0,161,156,64,41,317,0.3815165876777251,0.3696682464454976,0.15165876777251186,0.0971563981042654,0.011848341232227487,0.8222857682071549,tested,1.0
ES,UPPER_k3,10,2,1279,427,0.3338545738858483,427,0.5269320843091335,0.47306791569086654,0.053864168618266976,0.05164368514661882,1.5915085720918105,1.5732125479308623,-0.0016407060033608494,0.5,0.5,0.7037914691943128,0.11611374407582939,172,167,64,19,339,0.4075829383886256,0.3957345971563981,0.15165876777251186,0.045023696682464455,0.011848341232227487,0.8280532104030887,tested,1.0
ES,UPPER_k3,10,3,1279,427,0.3338545738858483,427,0.5269320843091335,0.47306791569086654,0.053864168618266976,0.10723660262258969,1.9933488528350805,1.8225782655478002,-0.0017597124328229989,0.5,0.5,0.7393364928909952,0.18246445497630331,175,175,65,7,350,0.4146919431279621,0.4146919431279621,0.15402843601895735,0.016587677725118485,0.0,1.0,tested,1.0
ES,UPPER_k3,10,4,1279,427,0.3338545738858483,427,0.5269320843091335,0.47306791569086654,0.053864168618266976,0.2224314943215253,2.3648115533759935,2.115457351075176,-0.030388715869953474,0.490521327014218,0.509478672985782,0.7630331753554502,0.23696682464454977,177,176,65,4,353,0.4194312796208531,0.41706161137440756,0.15402843601895735,0.009478672985781991,0.002369668246445498,1.0,tested,1.0
ES,UPPER_k3,10,5,1279,427,0.3338545738858483,427,0.5269320843091335,0.47306791569086654,0.053864168618266976,0.20637818242855416,2.5500497402919846,2.381655663008809,-0.02580820126374645,0.4928909952606635,0.5071090047393365,0.7843601895734598,0.28672985781990523,178,178,65,1,356,0.4218009478672986,0.4218009478672986,0.15402843601895735,0.002369668246445498,0.0,1.0,tested,1.0
ES,UPPER_k3,10,10,1279,427,0.3338545738858483,427,0.5269320843091335,0.47306791569086654,0.053864168618266976,0.207541164532822,3.542888458914997,3.06929871710022,0.05980943291296802,0.514218009478673,0.48578199052132703,0.8388625592417062,0.44786729857819907,179,178,65,0,357,0.42417061611374407,0.4218009478672986,0.15402843601895735,0.0,0.002369668246445498,1.0,tested,1.0
ES,UPPER_k3,10,15,1279,427,0.3338545738858483,427,0.5269320843091335,0.47306791569086654,0.053864168618266976,0.09764937859080633,4.133437111657447,3.818107922781966,0.03920075329949815,0.509478672985782,0.490521327014218,0.8720379146919431,0.5355450236966824,179,178,65,0,357,0.42417061611374407,0.4218009478672986,0.15402843601895735,0.0,0.002369668246445498,1.0,tested,1.0
ES,UPPER_k3,10,20,1279,427,0.3338545738858483,427,0.5269320843091335,0.47306791569086654,0.053864168618266976,0.5185766455034442,4.62551382518156,4.297129948324397,0.013829884240365534,0.504739336492891,0.495260663507109,0.8886255924170616,0.5853080568720379,179,178,65,0,357,0.42417061611374407,0.4218009478672986,0.15402843601895735,0.0,0.002369668246445498,1.0,tested,1.0
ES,UPPER_k3,10,30,1279,427,0.3338545738858483,427,0.5269320843091335,0.47306791569086654,0.053864168618266976,0.6059546481095794,5.84549339039679,5.062475119108678,-0.020507308276642586,0.48578199052132703,0.514218009478673,0.909952606635071,0.6445497630331753,179,178,65,0,357,0.42417061611374407,0.4218009478672986,0.15402843601895735,0.0,0.002369668246445498,1.0,tested,1.0
ES,UPPER_k3,10,60,1279,427,0.3338545738858483,427,0.5269320843091335,0.47306791569086654,0.053864168618266976,2.3807517523069466,7.274672456649239,6.769213694825873,0.03132295156303286,0.5071090047393365,0.4928909952606635,0.9289099526066351,0.7132701421800948,179,178,65,0,357,0.42417061611374407,0.4218009478672986,0.15402843601895735,0.0,0.002369668246445498,1.0,tested,1.0
ES,UPPER_k3,10,120,1279,427,0.3338545738858483,427,0.5269320843091335,0.47306791569086654,0.053864168618266976,2.0725488353950725,9.667124851713567,9.198496974511343,0.029206216532754885,0.514218009478673,0.48578199052132703,0.95260663507109,0.7914691943127962,179,178,65,0,357,0.42417061611374407,0.4218009478672986,0.15402843601895735,0.0,0.002369668246445498,1.0,tested,1.0
ES,UPPER_k3,15,1,1279,517,0.4042220484753714,517,0.5261121856866537,0.4738878143133462,0.05222437137330754,0.040994913869646696,1.0662225182008922,1.0008506218538962,0.015000772429251163,0.505859375,0.494140625,0.609375,0.0,195,180,76,61,375,0.380859375,0.3515625,0.1484375,0.119140625,0.029296875,0.4697538679675255,tested,0.8907502356971085
ES,UPPER_k3,15,2,1279,517,0.4042220484753714,517,0.5261121856866537,0.4738878143133462,0.05222437137330754,-0.045080120134510286,1.4673432998524558,1.421956732349021,-0.0016407060033608494,0.5,0.5,0.71875,0.1171875,209,197,76,30,406,0.408203125,0.384765625,0.1484375,0.05859375,0.0234375,0.5851747064002233,tested,0.9902956569849932
ES,UPPER_k3,15,3,1279,517,0.4042220484753714,517,0.5261121856866537,0.4738878143133462,0.05222437137330754,0.10723660262258969,1.864202615845505,1.7497646454066809,0.014598424606137108,0.5078125,0.4921875,0.75390625,0.19140625,216,208,77,11,424,0.421875,0.40625,0.150390625,0.021484375,0.015625,0.733938816891577,tested,1.0
ES,UPPER_k3,15,4,1279,517,0.4042220484753714,517,0.5261121856866537,0.4738878143133462,0.05222437137330754,0.20918203439049485,2.193315840390596,1.9687392431491404,0.014598424606137108,0.509765625,0.490234375,0.77734375,0.248046875,219,209,77,7,428,0.427734375,0.408203125,0.150390625,0.013671875,0.01953125,0.6635896764465405,tested,1.0
ES,UPPER_k3,15,5,1279,517,0.4042220484753714,517,0.5261121856866537,0.4738878143133462,0.05222437137330754,0.22572076490677356,2.4333679797436694,2.197231226725297,0.01909145912915681,0.5078125,0.4921875,0.798828125,0.298828125,222,212,77,1,434,0.43359375,0.4140625,0.150390625,0.001953125,0.01953125,0.6657806053280663,tested,1.0
ES,UPPER_k3,15,10,1279,517,0.4042220484753714,517,0.5261121856866537,0.4738878143133462,0.05222437137330754,0.08086876740452352,3.194957664690017,2.967567980183813,0.032797652123769255,0.505859375,0.494140625,0.84765625,0.455078125,223,212,77,0,435,0.435546875,0.4140625,0.150390625,0.0,0.021484375,0.6316596005460574,tested,1.0
ES,UPPER_k3,15,15,1279,517,0.4042220484753714,517,0.5261121856866537,0.4738878143133462,0.05222437137330754,0.04166026981565708,3.9354696663433995,3.7178594350249243,0.019597092214996354,0.50390625,0.49609375,0.876953125,0.537109375,223,212,77,0,435,0.435546875,0.4140625,0.150390625,0.0,0.021484375,0.6316596005460574,tested,1.0
ES,UPPER_k3,15,20,1279,517,0.4042220484753714,517,0.5261121856866537,0.4738878143133462,0.05222437137330754,0.27111222597678586,4.467949279032815,4.262328367284392,0.0023191799676815427,0.5,0.5,0.892578125,0.58203125,223,212,77,0,435,0.435546875,0.4140625,0.150390625,0.0,0.021484375,0.6316596005460574,tested,1.0
ES,UPPER_k3,15,30,1279,517,0.4042220484753714,517,0.5261121856866537,0.4738878143133462,0.05222437137330754,0.6059546481095794,5.556963470074994,5.007385462718414,-0.02251942503947804,0.484375,0.515625,0.912109375,0.638671875,223,212,77,0,435,0.435546875,0.4140625,0.150390625,0.0,0.021484375,0.6316596005460574,tested,1.0
ES,UPPER_k3,15,60,1279,517,0.4042220484753714,517,0.5261121856866537,0.4738878143133462,0.05222437137330754,2.3807517523069466,7.197532205951654,6.635752449784475,-0.018938183745916836,0.49609375,0.50390625,0.931640625,0.70703125,223,212,77,0,435,0.435546875,0.4140625,0.150390625,0.0,0.021484375,0.6316596005460574,tested,1.0
ES,UPPER_k3,15,120,1279,517,0.4042220484753714,517,0.5261121856866537,0.4738878143133462,0.05222437137330754,2.1395874411883513,9.452389284399818,8.6757747691547,0.021989283679830766,0.509765625,0.490234375,0.955078125,0.783203125,223,212,77,0,435,0.435546875,0.4140625,0.150390625,0.0,0.021484375,0.6316596005460574,tested,1.0
ES,UPPER_k3,20,1,1279,581,0.45426114151681,581,0.5094664371772806,0.4905335628227194,0.0189328743545611,0.06613842141479158,1.0497933831595148,0.9460384501258418,0.058344695514928616,0.5095652173913043,0.49043478260869566,0.6052173913043478,0.0,223,203,78,71,426,0.38782608695652177,0.35304347826086957,0.1356521739130435,0.12347826086956522,0.034782608695652174,0.3572984991175048,tested,0.7259962478345895
ES,UPPER_k3,20,2,1279,581,0.45426114151681,581,0.5094664371772806,0.4905335628227194,0.0189328743545611,-0.0431677181726508,1.3927246415721344,1.3438426575783593,0.00011074363490997112,0.5008695652173913,0.4991304347826087,0.7130434782608696,0.12,238,225,78,34,463,0.41391304347826086,0.391304347826087,0.1356521739130435,0.059130434782608696,0.022608695652173914,0.5771053850717583,tested,0.9902956569849932
ES,UPPER_k3,20,3,1279,581,0.45426114151681,581,0.5094664371772806,0.4905335628227194,0.0189328743545611,0.1006945474277299,1.7962780587435652,1.6368915978072607,0.015917900061884305,0.5078260869565218,0.49217391304347824,0.7460869565217392,0.19130434782608696,247,237,79,12,484,0.4295652173913043,0.4121739130434783,0.1373913043478261,0.020869565217391306,0.017391304347826087,0.6825161412190871,tested,1.0
ES,UPPER_k3,20,4,1279,581,0.45426114151681,581,0.5094664371772806,0.4905335628227194,0.0189328743545611,0.22154906502731703,2.0855414829646883,1.8325672340989783,0.01327894915038991,0.5078260869565218,0.49217391304347824,0.7721739130434783,0.24869565217391304,250,238,79,8,488,0.43478260869565216,0.41391304347826086,0.1373913043478261,0.01391304347826087,0.020869565217391306,0.6185669325997059,tested,1.0
ES,UPPER_k3,20,5,1279,581,0.45426114151681,581,0.5094664371772806,0.4905335628227194,0.0189328743545611,0.220662388227064,2.279001528969026,2.0995180435794585,0.022157209513931214,0.5078260869565218,0.49217391304347824,0.7913043478260869,0.29739130434782607,253,242,79,1,495,0.44,0.42086956521739133,0.1373913043478261,0.0017391304347826088,0.019130434782608695,0.6531388247954587,tested,1.0
ES,UPPER_k3,20,10,1279,581,0.45426114151681,581,0.5094664371772806,0.4905335628227194,0.0189328743545611,0.19044073535396264,2.9536672602821485,2.852098005422644,0.035787236631904265,0.5095652173913043,0.49043478260869566,0.8417391304347827,0.45217391304347826,254,242,79,0,496,0.44173913043478263,0.42086956521739133,0.1373913043478261,0.0,0.020869565217391306,0.6214109903732387,tested,1.0
ES,UPPER_k3,20,15,1279,581,0.45426114151681,581,0.5094664371772806,0.4905335628227194,0.0189328743545611,0.018096285071092132,3.784761579504724,3.530232049085913,0.0026179901333842994,0.5008695652173913,0.4991304347826087,0.8747826086956522,0.5408695652173913,254,242,79,0,496,0.44173913043478263,0.42086956521739133,0.1373913043478261,0.0,0.020869565217391306,0.6214109903732387,tested,1.0
ES,UPPER_k3,20,20,1279,581,0.45426114151681,581,0.5094664371772806,0.4905335628227194,0.0189328743545611,0.16586911806643745,4.274496832927617,4.092606087909668,-0.006052856056042646,0.4973913043478261,0.5026086956521739,0.8904347826086957,0.5843478260869566,254,242,79,0,496,0.44173913043478263,0.42086956521739133,0.1373913043478261,0.0,0.020869565217391306,0.6214109903732387,tested,1.0
ES,UPPER_k3,20,30,1279,581,0.45426114151681,581,0.5094664371772806,0.4905335628227194,0.0189328743545611,0.5464929071263376,5.228589326217918,4.845203943939132,-0.028041222165079985,0.48,0.52,0.9113043478260869,0.6434782608695652,254,242,79,0,496,0.44173913043478263,0.42086956521739133,0.1373913043478261,0.0,0.020869565217391306,0.6214109903732387,tested,1.0
ES,UPPER_k3,20,60,1279,581,0.45426114151681,581,0.5094664371772806,0.4905335628227194,0.0189328743545611,1.9797656171096694,6.841478892075705,6.3471552512337865,-0.026129905421300788,0.48869565217391303,0.5113043478260869,0.9304347826086956,0.7130434782608696,254,242,79,0,496,0.44173913043478263,0.42086956521739133,0.1373913043478261,0.0,0.020869565217391306,0.6214109903732387,tested,1.0
ES,UPPER_k3,20,120,1279,581,0.45426114151681,581,0.5094664371772806,0.4905335628227194,0.0189328743545611,2.0729808924480806,8.666442036766119,8.33911693689285,0.010699072565245778,0.5043478260869565,0.4956521739130435,0.9530434782608695,0.7843478260869565,254,242,79,0,496,0.44173913043478263,0.42086956521739133,0.1373913043478261,0.0,0.020869565217391306,0.6214109903732387,tested,1.0
ES,UPPER_k3,30,1,1279,641,0.5011727912431587,641,0.5039001560062403,0.4960998439937597,0.0078003120124804995,0.11197558064294216,1.038970996836256,0.878679656440309,0.09000665779240077,0.5165354330708661,0.48346456692913387,0.6,0.0,249,220,82,84,469,0.3921259842519685,0.3464566929133858,0.12913385826771653,0.13228346456692913,0.04566929133858268,0.19598554733114035,tested,0.515384659061093
ES,UPPER_k3,30,2,1279,641,0.5011727912431587,641,0.5039001560062403,0.4960998439937597,0.0078003120124804995,0.042062635403411465,1.379580445252714,1.2354849069740728,0.021873370069616146,0.5118110236220472,0.4881889763779528,0.7070866141732284,0.11811023622047244,267,242,83,43,509,0.4204724409448819,0.38110236220472443,0.13070866141732285,0.06771653543307087,0.03937007874015748,0.2874175892280438,tested,0.6599102089976455
ES,UPPER_k3,30,3,1279,641,0.5011727912431587,641,0.5039001560062403,0.4960998439937597,0.0078003120124804995,0.11978004399919093,1.7735535177488069,1.4984544045357473,0.040331892172451415,0.5165354330708661,0.48346456692913387,0.7448818897637796,0.19055118110236222,277,257,84,17,534,0.43622047244094486,0.4047244094488189,0.13228346456692913,0.026771653543307086,0.031496062992125984,0.41098100226650613,tested,0.8004619923420079
ES,UPPER_k3,30,4,1279,641,0.5011727912431587,641,0.5039001560062403,0.4960998439937597,0.0078003120124804995,0.2358155564924345,2.0570285350644864,1.7714756073037354,0.044939024994891934,0.5165354330708661,0.48346456692913387,0.7732283464566929,0.25196850393700787,280,258,84,13,538,0.4409448818897638,0.4062992125984252,0.13228346456692913,0.02047244094488189,0.03464566929133858,0.3652807130223285,tested,0.7366494379283625
ES,UPPER_k3,30,5,1279,641,0.5011727912431587,641,0.5039001560062403,0.4960998439937597,0.0078003120124804995,0.25262845045840193,2.240137784240963,2.0204308287713673,0.04375241686314737,0.5149606299212598,0.48503937007874015,0.7937007874015748,0.30078740157480316,283,263,84,5,546,0.4456692913385827,0.4141732283464567,0.13228346456692913,0.007874015748031496,0.031496062992125984,0.4161707232887114,tested,0.8089422894447242
ES,UPPER_k3,30,10,1279,641,0.5011727912431587,641,0.5039001560062403,0.4960998439937597,0.0078003120124804995,0.14618016210142754,2.9357765425506757,2.698024127929642,0.059068572862174984,0.5149606299212598,0.48503937007874015,0.84251968503937,0.4519685039370079,285,264,84,2,549,0.44881889763779526,0.415748031496063,0.13228346456692913,0.0031496062992125984,0.03307086614173228,0.3933578626981394,tested,0.7740425972905941
ES,UPPER_k3,30,15,1279,641,0.5011727912431587,641,0.5039001560062403,0.4960998439937597,0.0078003120124804995,-0.004804784427059914,3.6516948456089935,3.3592052839520394,0.01673067620320041,0.5039370078740157,0.49606299212598426,0.8740157480314961,0.5385826771653544,285,265,84,1,550,0.44881889763779526,0.41732283464566927,0.13228346456692913,0.0015748031496062992,0.031496062992125984,0.41787108285844915,tested,0.8106196557254084
ES,UPPER_k3,30,20,1279,641,0.5011727912431587,641,0.5039001560062403,0.4960998439937597,0.0078003120124804995,0.14801671975239392,4.0837713247195015,3.8502651466876885,0.005918665145573506,0.5007874015748032,0.49921259842519683,0.889763779527559,0.5826771653543307,286,265,84,0,551,0.4503937007874016,0.41732283464566927,0.13228346456692913,0.0,0.03307086614173228,0.39421797568622197,tested,0.7740425972905941
ES,UPPER_k3,30,30,1279,641,0.5011727912431587,641,0.5039001560062403,0.4960998439937597,0.0078003120124804995,0.51012286356932,5.062761992010434,4.743714581157092,-0.021555395478774005,0.48503937007874015,0.5149606299212598,0.9086614173228347,0.6440944881889764,286,265,84,0,551,0.4503937007874016,0.41732283464566927,0.13228346456692913,0.0,0.03307086614173228,0.39421797568622197,tested,0.7740425972905941
ES,UPPER_k3,30,60,1279,641,0.5011727912431587,641,0.5039001560062403,0.4960998439937597,0.0078003120124804995,2.0932481257631683,6.689133621992073,5.979126348185333,-0.01507632874408429,0.494488188976378,0.5055118110236221,0.9275590551181102,0.7118110236220473,286,265,84,0,551,0.4503937007874016,0.41732283464566927,0.13228346456692913,0.0,0.03307086614173228,0.39421797568622197,tested,0.7740425972905941
ES,UPPER_k3,30,120,1279,641,0.5011727912431587,641,0.5039001560062403,0.4960998439937597,0.0078003120124804995,1.901894677425263,8.493186869878821,8.042091659791572,0.006357976038132276,0.5023622047244094,0.49763779527559054,0.952755905511811,0.7874015748031497,286,265,84,0,551,0.4503937007874016,0.41732283464566927,0.13228346456692913,0.0,0.03307086614173228,0.39421797568622197,tested,0.7740425972905941
ES,UPPER_k3,60,1,1279,756,0.5910867865519938,756,0.5158730158730159,0.48412698412698413,0.031746031746031744,0.06351275180317906,0.9758218462789124,0.8740755916785772,0.01327894915038991,0.5060080106809078,0.4939919893190921,0.5981308411214953,0.0,284,265,87,113,549,0.37917222963951935,0.3538050734312417,0.11615487316421896,0.15086782376502003,0.025367156208277702,0.44238430301875636,tested,0.8547465176090941
ES,UPPER_k3,60,2,1279,756,0.5910867865519938,756,0.5158730158730159,0.48412698412698413,0.031746031746031744,0.02912428805474039,1.2951006741058597,1.2354849069740728,0.015917900061884305,0.507343124165554,0.49265687583444595,0.7009345794392523,0.11214953271028037,308,295,88,58,603,0.411214953271028,0.3938584779706275,0.11748998664886515,0.0774365821094793,0.017356475300400534,0.6251063555243391,tested,1.0
ES,UPPER_k3,60,3,1279,756,0.5910867865519938,756,0.5158730158730159,0.48412698412698413,0.031746031746031744,0.07184708953493087,1.6655646814213352,1.4537308527099293,0.03953204323903869,0.5126835781041389,0.48731642189586116,0.7356475300400535,0.18691588785046728,322,310,89,28,632,0.42990654205607476,0.41388518024032045,0.11882510013351134,0.037383177570093455,0.01602136181575434,0.6617417250786412,tested,1.0
ES,UPPER_k3,60,4,1279,756,0.5910867865519938,756,0.5158730158730159,0.48412698412698413,0.031746031746031744,0.22154906502731975,1.8892615034160016,1.6499951522291347,0.04480296067433506,0.514018691588785,0.48598130841121495,0.7663551401869159,0.24032042723631508,327,312,89,21,639,0.43658210947930576,0.4165554072096128,0.11882510013351134,0.028037383177570093,0.020026702269692925,0.5797285941421817,tested,0.9902956569849932
ES,UPPER_k3,60,5,1279,756,0.5910867865519938,756,0.5158730158730159,0.48412698412698413,0.031746031746031744,0.18236901183212478,2.093248125763169,1.8778106126352383,0.04181348772230692,0.5113484646194927,0.4886515353805073,0.7890520694259012,0.2883845126835781,331,318,89,11,649,0.44192256341789055,0.42456608811748997,0.11882510013351134,0.014686248331108143,0.017356475300400534,0.6376450165621603,tested,1.0
ES,UPPER_k3,60,10,1279,756,0.5910867865519938,756,0.5158730158730159,0.48412698412698413,0.031746031746031744,0.09769301347490827,2.7037520006784583,2.522665629494708,0.04473686235713918,0.5153538050734312,0.48464619492656874,0.842456608811749,0.4499332443257677,335,320,89,5,655,0.4472630173564753,0.4272363150867824,0.11882510013351134,0.006675567423230975,0.020026702269692925,0.5843949871676656,tested,0.9902956569849932
ES,UPPER_k3,60,15,1279,756,0.5910867865519938,756,0.5158730158730159,0.48412698412698413,0.031746031746031744,-0.004804784427059914,3.3575358348011792,3.1544055037962058,0.01673067620320041,0.5033377837116155,0.49666221628838453,0.8731642189586115,0.5353805073431241,335,323,89,2,658,0.4472630173564753,0.43124165554072097,0.11882510013351134,0.0026702269692923898,0.01602136181575434,0.6680831862876545,tested,1.0
ES,UPPER_k3,60,20,1279,756,0.5910867865519938,756,0.5158730158730159,0.48412698412698413,0.031746031746031744,0.03595475536038688,3.7510856430953,3.6037075533051137,0.005918665145573506,0.5020026702269693,0.4979973297730307,0.890520694259012,0.5834445927903872,337,323,89,0,660,0.4499332443257677,0.43124165554072097,0.11882510013351134,0.0,0.018691588785046728,0.6128730483073933,tested,1.0
ES,UPPER_k3,60,30,1279,756,0.5910867865519938,756,0.5158730158730159,0.48412698412698413,0.031746031746031744,0.08140364755768834,4.653716277498312,4.621926274307229,-0.02836385852567096,0.47930574098798395,0.520694259012016,0.9118825100133512,0.6515353805073432,337,323,89,0,660,0.4499332443257677,0.43124165554072097,0.11882510013351134,0.0,0.018691588785046728,0.6128730483073933,tested,1.0
ES,UPPER_k3,60,60,1279,756,0.5910867865519938,756,0.5158730158730159,0.48412698412698413,0.031746031746031744,0.9546262359596678,6.160408512295791,5.895155393040075,-0.04115282384391313,0.47930574098798395,0.520694259012016,0.9305740987983978,0.7222963951935915,337,323,89,0,660,0.4499332443257677,0.43124165554072097,0.11882510013351134,0.0,0.018691588785046728,0.6128730483073933,tested,1.0
ES,UPPER_k3,60,120,1279,756,0.5910867865519938,756,0.5158730158730159,0.48412698412698413,0.031746031746031744,1.184869400597411,7.804375731767085,8.02866781563443,-0.04735343915174215,0.4779706275033378,0.5220293724966623,0.9532710280373832,0.794392523364486,337,323,89,0,660,0.4499332443257677,0.43124165554072097,0.11882510013351134,0.0,0.018691588785046728,0.6128730483073933,tested,1.0
ES,UPPER_k3,120,1,1279,857,0.6700547302580141,857,0.5274212368728122,0.4725787631271879,0.05484247374562427,-0.0070107789883017396,0.8658935313493141,0.8593705641540994,-0.02933261412284389,0.48933649289099523,0.509478672985782,0.5912322274881516,0.0,303,294,93,154,597,0.3590047393364929,0.34834123222748814,0.11018957345971564,0.18246445497630331,0.01066350710900474,0.7433825414696011,tested,1.0
ES,UPPER_k3,120,2,1279,857,0.6700547302580141,857,0.5274212368728122,0.4725787631271879,0.05484247374562427,-0.02244678444666841,1.1721581218430233,1.1840354549968106,-0.025466867291843918,0.490521327014218,0.509478672985782,0.6966824644549763,0.10781990521327015,331,334,94,85,665,0.3921800947867299,0.3957345971563981,0.11137440758293839,0.10071090047393365,-0.0035545023696682463,0.93818840944001,tested,1.0
ES,UPPER_k3,120,3,1279,857,0.6700547302580141,857,0.5274212368728122,0.4725787631271879,0.05484247374562427,-0.021574230621052785,1.5112056490130326,1.3738615144862392,-0.011247631784499355,0.495260663507109,0.504739336492891,0.731042654028436,0.18601895734597157,348,353,95,48,701,0.41232227488151657,0.41824644549763035,0.11255924170616113,0.05687203791469194,-0.005924170616113744,0.8799281266491806,tested,1.0
ES,UPPER_k3,120,4,1279,857,0.6700547302580141,857,0.5274212368728122,0.4725787631271879,0.05484247374562427,0.09786461000736824,1.7092198705048753,1.545959962262935,-0.00794634667666587,0.4976303317535545,0.5023696682464455,0.7654028436018957,0.24052132701421802,354,358,95,37,712,0.4194312796208531,0.42417061611374407,0.11255924170616113,0.04383886255924171,-0.004739336492890996,0.9104929873003986,tested,1.0
ES,UPPER_k3,120,5,1279,857,0.6700547302580141,857,0.5274212368728122,0.4725787631271879,0.05484247374562427,0.11648404116131976,1.8635562398764751,1.7941249605736194,-0.006996553245179305,0.49644549763033174,0.5035545023696683,0.7867298578199052,0.28672985781990523,360,366,95,23,726,0.4265402843601896,0.43364928909952605,0.11255924170616113,0.027251184834123223,-0.0071090047393364926,0.8528001795088671,tested,1.0
ES,UPPER_k3,120,10,1279,857,0.6700547302580141,857,0.5274212368728122,0.4725787631271879,0.05484247374562427,-0.002189489636156474,2.5246745873274756,2.4389355952308325,0.010928545728246584,0.5035545023696683,0.49644549763033174,0.8424170616113744,0.44786729857819907,368,370,95,11,738,0.43601895734597157,0.43838862559241704,0.11255924170616113,0.013033175355450236,-0.002369668246445498,0.9706394111203701,tested,1.0
ES,UPPER_k3,120,15,1279,857,0.6700547302580141,857,0.5274212368728122,0.4725787631271879,0.05484247374562427,-0.04764350373911664,3.113663236138409,2.989559136630054,-0.020775929495298114,0.4940758293838863,0.5059241706161137,0.8696682464454977,0.5284360189573459,369,374,95,6,743,0.4372037914691943,0.4431279620853081,0.11255924170616113,0.0071090047393364926,-0.005924170616113744,0.8833454290037057,tested,1.0
ES,UPPER_k3,120,20,1279,857,0.6700547302580141,857,0.5274212368728122,0.4725787631271879,0.05484247374562427,0.034581361065045606,3.546441315389216,3.4133074887123396,-0.018592397812949704,0.4928909952606635,0.5071090047393365,0.8874407582938388,0.5781990521327014,372,375,95,2,747,0.44075829383886256,0.4443127962085308,0.11255924170616113,0.002369668246445498,-0.0035545023696682463,0.9416724000758262,tested,1.0
ES,UPPER_k3,120,30,1279,857,0.6700547302580141,857,0.5274212368728122,0.4725787631271879,0.05484247374562427,0.030740675430378565,4.314099309514627,4.221921290529431,-0.041849078888625636,0.47511848341232227,0.5248815165876777,0.9087677725118484,0.6445497630331753,372,377,95,0,749,0.44075829383886256,0.4466824644549763,0.11255924170616113,0.0,-0.005924170616113744,0.8838101799382814,tested,1.0
ES,UPPER_k3,120,60,1279,857,0.6700547302580141,857,0.5274212368728122,0.4725787631271879,0.05484247374562427,0.7953943594559707,5.783601408338395,5.612628688083126,-0.060178093958718204,0.476303317535545,0.523696682464455,0.9277251184834123,0.7144549763033176,372,377,95,0,749,0.44075829383886256,0.4466824644549763,0.11255924170616113,0.0,-0.005924170616113744,0.8838101799382814,tested,1.0
ES,UPPER_k3,120,120,1279,857,0.6700547302580141,857,0.5274212368728122,0.4725787631271879,0.05484247374562427,1.122427055306066,7.389230672316446,7.248839835332057,-0.05043035409159656,0.47511848341232227,0.5248815165876777,0.9478672985781991,0.783175355450237,372,377,95,0,749,0.44075829383886256,0.4466824644549763,0.11255924170616113,0.0,-0.005924170616113744,0.8838101799382814,tested,1.0
