instrument,level_id,year,activation_window,horizon,touches,continuation_first_rate,reversal_first_rate,cont_minus_rev_diff,median_signed_close,same_bar_reversal_rate,same_bar_blast_through_rate,mean_annual_effect,sd_annual_effect,n_years_within_1sd,n_years_with_pooled_sign,max_annual_effect,min_annual_effect,is_2020_largest_abs,one_year_gt_35pct_touches
ES,LOWER_k0,2018,1,1,106,0.27184466019417475,0.4563106796116505,-0.18446601941747573,-0.5,0.5283018867924528,0.4716981132075472,-0.07832516167082257,0.06483754651977548,3,5,-0.009433962264150943,-0.18446601941747573,False,False
ES,LOWER_k0,2019,1,1,112,0.34579439252336447,0.411214953271028,-0.06542056074766354,0.3000000000001819,0.6306306306306306,0.36936936936936937,-0.07832516167082257,0.06483754651977548,3,5,-0.009433962264150943,-0.18446601941747573,False,False
ES,LOWER_k0,2020,1,1,114,0.35398230088495575,0.40707964601769914,-0.05309734513274336,-0.27500000000009095,0.6140350877192983,0.38596491228070173,-0.07832516167082257,0.06483754651977548,3,5,-0.009433962264150943,-0.18446601941747573,False,False
ES,LOWER_k0,2021,1,1,107,0.37735849056603776,0.3867924528301887,-0.009433962264150943,0.04999999999972715,0.5333333333333333,0.4666666666666667,-0.07832516167082257,0.06483754651977548,3,5,-0.009433962264150943,-0.18446601941747573,False,False
ES,LOWER_k0,2022,1,1,101,0.3465346534653465,0.42574257425742573,-0.07920792079207921,0.1750000000001819,0.6138613861386139,0.38613861386138615,-0.07832516167082257,0.06483754651977548,3,5,-0.009433962264150943,-0.18446601941747573,False,False
ES,LOWER_k1,2018,1,1,49,0.22916666666666666,0.4166666666666667,-0.1875,-0.7060387509318389,0.5306122448979592,0.46938775510204084,-0.09814278305721413,0.11348303845769464,3,4,0.06666666666666667,-0.2127659574468085,True,False
ES,LOWER_k1,2019,1,1,46,0.3181818181818182,0.4318181818181818,-0.11363636363636363,0.3388719255556225,0.6956521739130435,0.30434782608695654,-0.09814278305721413,0.11348303845769464,3,4,0.06666666666666667,-0.2127659574468085,True,False
ES,LOWER_k1,2020,1,1,48,0.2765957446808511,0.48936170212765956,-0.2127659574468085,-1.2063222380634215,0.6041666666666666,0.3958333333333333,-0.09814278305721413,0.11348303845769464,3,4,0.06666666666666667,-0.2127659574468085,True,False
ES,LOWER_k1,2021,1,1,46,0.3695652173913043,0.41304347826086957,-0.043478260869565216,0.4975130907107541,0.6086956521739131,0.391304347826087,-0.09814278305721413,0.11348303845769464,3,4,0.06666666666666667,-0.2127659574468085,True,False
ES,LOWER_k1,2022,1,1,45,0.37777777777777777,0.3111111111111111,0.06666666666666667,0.6537328441231693,0.4666666666666667,0.5333333333333333,-0.09814278305721413,0.11348303845769464,3,4,0.06666666666666667,-0.2127659574468085,True,False
ES,LOWER_k2,2018,1,1,24,0.20833333333333334,0.5,-0.2916666666666667,-0.7563954211032069,0.4166666666666667,0.5833333333333334,-0.1705630473533287,0.22995955041905233,4,4,0.23529411764705882,-0.3181818181818182,False,False
ES,LOWER_k2,2019,1,1,18,0.47058823529411764,0.23529411764705882,0.23529411764705882,0.30738430826340846,0.5,0.5,-0.1705630473533287,0.22995955041905233,4,4,0.23529411764705882,-0.3181818181818182,False,False
ES,LOWER_k2,2020,1,1,23,0.21739130434782608,0.4782608695652174,-0.2608695652173913,-2.137644476126752,0.7391304347826086,0.2608695652173913,-0.1705630473533287,0.22995955041905233,4,4,0.23529411764705882,-0.3181818181818182,False,False
ES,LOWER_k2,2021,1,1,23,0.17391304347826086,0.391304347826087,-0.21739130434782608,-0.26384099559891183,0.7391304347826086,0.2608695652173913,-0.1705630473533287,0.22995955041905233,4,4,0.23529411764705882,-0.3181818181818182,False,False
ES,LOWER_k2,2022,1,1,22,0.18181818181818182,0.5,-0.3181818181818182,-1.6073857617379872,0.5909090909090909,0.4090909090909091,-0.1705630473533287,0.22995955041905233,4,4,0.23529411764705882,-0.3181818181818182,False,False
ES,LOWER_k3,2018,1,1,15,0.06666666666666667,0.5333333333333333,-0.4666666666666667,-1.1118950038621733,0.5333333333333333,0.4666666666666667,-0.21484848484848484,0.1755693872339385,4,5,-0.08333333333333333,-0.4666666666666667,False,False
ES,LOWER_k3,2019,1,1,10,0.3,0.4,-0.1,0.04670167519429924,0.4,0.6,-0.21484848484848484,0.1755693872339385,4,5,-0.08333333333333333,-0.4666666666666667,False,False
ES,LOWER_k3,2020,1,1,11,0.2727272727272727,0.36363636363636365,-0.09090909090909091,-0.01981780704591074,0.8181818181818182,0.18181818181818182,-0.21484848484848484,0.1755693872339385,4,5,-0.08333333333333333,-0.4666666666666667,False,False
ES,LOWER_k3,2021,1,1,12,0.25,0.3333333333333333,-0.08333333333333333,-0.052327017715015245,0.8333333333333334,0.16666666666666666,-0.21484848484848484,0.1755693872339385,4,5,-0.08333333333333333,-0.4666666666666667,False,False
ES,LOWER_k3,2022,1,1,15,0.2,0.5333333333333333,-0.3333333333333333,-1.5947610589528267,0.7333333333333333,0.26666666666666666,-0.21484848484848484,0.1755693872339385,4,5,-0.08333333333333333,-0.4666666666666667,False,False
ES,UPPER_k0,2018,1,1,105,0.3557692307692308,0.3557692307692308,0.0,0.03749999999990905,0.47572815533980584,0.5242718446601942,-0.0032571809549358315,0.06040126018113906,3,2,0.0782608695652174,-0.06542056074766354,False,False
ES,UPPER_k0,2019,1,1,103,0.36893203883495146,0.42718446601941745,-0.05825242718446602,-0.25,0.5643564356435643,0.43564356435643564,-0.0032571809549358315,0.06040126018113906,3,2,0.0782608695652174,-0.06542056074766354,False,False
ES,UPPER_k0,2020,1,1,112,0.35514018691588783,0.4205607476635514,-0.06542056074766354,-0.4499999999998181,0.5535714285714286,0.44642857142857145,-0.0032571809549358315,0.06040126018113906,3,2,0.0782608695652174,-0.06542056074766354,False,False
ES,UPPER_k0,2021,1,1,104,0.4368932038834951,0.4077669902912621,0.02912621359223301,0.4750000000003638,0.46153846153846156,0.5384615384615384,-0.0032571809549358315,0.06040126018113906,3,2,0.0782608695652174,-0.06542056074766354,False,False
ES,UPPER_k0,2022,1,1,115,0.45217391304347826,0.3739130434782609,0.0782608695652174,-0.0749999999998181,0.48672566371681414,0.5132743362831859,-0.0032571809549358315,0.06040126018113906,3,2,0.0782608695652174,-0.06542056074766354,False,False
ES,UPPER_k1,2018,1,1,55,0.2962962962962963,0.42592592592592593,-0.12962962962962962,0.061980412563343634,0.6,0.4,0.01397306397306397,0.12818624464908548,3,1,0.2222222222222222,-0.12962962962962962,False,False
ES,UPPER_k1,2019,1,1,46,0.43478260869565216,0.43478260869565216,0.0,0.09202468045759815,0.45652173913043476,0.5434782608695652,0.01397306397306397,0.12818624464908548,3,1,0.2222222222222222,-0.12962962962962962,False,False
ES,UPPER_k1,2020,1,1,46,0.36363636363636365,0.38636363636363635,-0.022727272727272728,-0.1220517242495589,0.5217391304347826,0.4782608695652174,0.01397306397306397,0.12818624464908548,3,1,0.2222222222222222,-0.12962962962962962,False,False
ES,UPPER_k1,2021,1,1,44,0.36363636363636365,0.36363636363636365,0.0,-0.17087319446272886,0.4318181818181818,0.5681818181818182,0.01397306397306397,0.12818624464908548,3,1,0.2222222222222222,-0.12962962962962962,False,False
ES,UPPER_k1,2022,1,1,45,0.4222222222222222,0.2,0.2222222222222222,0.25384090591524,0.4666666666666667,0.5333333333333333,0.01397306397306397,0.12818624464908548,3,1,0.2222222222222222,-0.12962962962962962,False,False
ES,UPPER_k2,2018,1,1,24,0.17391304347826086,0.391304347826087,-0.21739130434782608,0.24524909563569963,0.625,0.375,0.012836438923395444,0.13946677525759263,4,3,0.14285714285714285,-0.21739130434782608,False,False
ES,UPPER_k2,2019,1,1,21,0.47619047619047616,0.38095238095238093,0.09523809523809523,0.07902132961908137,0.6666666666666666,0.3333333333333333,0.012836438923395444,0.13946677525759263,4,3,0.14285714285714285,-0.21739130434782608,False,False
ES,UPPER_k2,2020,1,1,23,0.47619047619047616,0.3333333333333333,0.14285714285714285,0.1598901285769898,0.43478260869565216,0.5652173913043478,0.012836438923395444,0.13946677525759263,4,3,0.14285714285714285,-0.21739130434782608,False,False
ES,UPPER_k2,2021,1,1,23,0.391304347826087,0.34782608695652173,0.043478260869565216,-0.09870651192886726,0.5217391304347826,0.4782608695652174,0.012836438923395444,0.13946677525759263,4,3,0.14285714285714285,-0.21739130434782608,False,False
ES,UPPER_k2,2022,1,1,14,0.35714285714285715,0.35714285714285715,0.0,-1.060855780758402,0.5,0.5,0.012836438923395444,0.13946677525759263,4,3,0.14285714285714285,-0.21739130434782608,False,False
ES,UPPER_k3,2018,1,1,10,0.1111111111111111,0.4444444444444444,-0.3333333333333333,0.0880462323766551,0.8,0.2,-0.024999999999999994,0.26286350492645844,3,2,0.375,-0.3333333333333333,False,False
ES,UPPER_k3,2019,1,1,9,0.4444444444444444,0.4444444444444444,0.0,-0.48708936682669446,0.7777777777777778,0.2222222222222222,-0.024999999999999994,0.26286350492645844,3,2,0.375,-0.3333333333333333,False,False
ES,UPPER_k3,2020,1,1,9,0.25,0.25,0.0,-0.08571637094564721,0.3333333333333333,0.6666666666666666,-0.024999999999999994,0.26286350492645844,3,2,0.375,-0.3333333333333333,False,False
ES,UPPER_k3,2021,1,1,8,0.5,0.125,0.375,0.7583926747108762,0.375,0.625,-0.024999999999999994,0.26286350492645844,3,2,0.375,-0.3333333333333333,False,False
ES,UPPER_k3,2022,1,1,6,0.16666666666666666,0.3333333333333333,-0.16666666666666666,-1.6105534544292368,0.3333333333333333,0.6666666666666666,-0.024999999999999994,0.26286350492645844,3,2,0.375,-0.3333333333333333,False,False
NQ,LOWER_k0,2018,1,1,107,0.25961538461538464,0.5576923076923077,-0.2980769230769231,-3.237499999999727,0.5794392523364486,0.4205607476635514,-0.07978345184227538,0.12818836526165192,4,4,0.02857142857142857,-0.2980769230769231,False,False
NQ,LOWER_k0,2019,1,1,104,0.38235294117647056,0.4117647058823529,-0.029411764705882353,0.20000000000027285,0.5339805825242718,0.46601941747572817,-0.07978345184227538,0.12818836526165192,4,4,0.02857142857142857,-0.2980769230769231,False,False
NQ,LOWER_k0,2020,1,1,106,0.3904761904761905,0.3619047619047619,0.02857142857142857,-0.9249999999992724,0.5566037735849056,0.44339622641509435,-0.07978345184227538,0.12818836526165192,4,4,0.02857142857142857,-0.2980769230769231,False,False
NQ,LOWER_k0,2021,1,1,111,0.34545454545454546,0.42727272727272725,-0.08181818181818182,-0.4499999999998181,0.5855855855855856,0.4144144144144144,-0.07978345184227538,0.12818836526165192,4,4,0.02857142857142857,-0.2980769230769231,False,False
NQ,LOWER_k0,2022,1,1,110,0.34545454545454546,0.36363636363636365,-0.01818181818181818,-1.625,0.6090909090909091,0.39090909090909093,-0.07978345184227538,0.12818836526165192,4,4,0.02857142857142857,-0.2980769230769231,False,False
NQ,LOWER_k1,2018,1,1,46,0.2,0.4444444444444444,-0.24444444444444444,-3.0180036942747392,0.6086956521739131,0.391304347826087,-0.2031842350218068,0.09712948229167201,4,5,-0.11363636363636363,-0.35185185185185186,False,False
NQ,LOWER_k1,2019,1,1,54,0.2222222222222222,0.5740740740740741,-0.35185185185185186,-1.0099878963628726,0.6481481481481481,0.35185185185185186,-0.2031842350218068,0.09712948229167201,4,5,-0.11363636363636363,-0.35185185185185186,False,False
NQ,LOWER_k1,2020,1,1,47,0.30434782608695654,0.4782608695652174,-0.17391304347826086,-5.304230789521171,0.6170212765957447,0.3829787234042553,-0.2031842350218068,0.09712948229167201,4,5,-0.11363636363636363,-0.35185185185185186,False,False
NQ,LOWER_k1,2021,1,1,53,0.32075471698113206,0.4528301886792453,-0.1320754716981132,-1.698753919437877,0.6226415094339622,0.37735849056603776,-0.2031842350218068,0.09712948229167201,4,5,-0.11363636363636363,-0.35185185185185186,False,False
NQ,LOWER_k1,2022,1,1,44,0.3181818181818182,0.4318181818181818,-0.11363636363636363,-2.3903831572743,0.6136363636363636,0.38636363636363635,-0.2031842350218068,0.09712948229167201,4,5,-0.11363636363636363,-0.35185185185185186,False,False
NQ,LOWER_k2,2018,1,1,24,0.13043478260869565,0.6086956521739131,-0.4782608695652174,-3.903576649956449,0.5833333333333334,0.4166666666666667,-0.1827866768370201,0.17003858791040685,4,5,-0.05263157894736842,-0.4782608695652174,False,False
NQ,LOWER_k2,2019,1,1,19,0.3157894736842105,0.3684210526315789,-0.05263157894736842,1.8082995952800047,0.631578947368421,0.3684210526315789,-0.1827866768370201,0.17003858791040685,4,5,-0.05263157894736842,-0.4782608695652174,False,False
NQ,LOWER_k2,2020,1,1,18,0.2777777777777778,0.3888888888888889,-0.1111111111111111,-7.736712014230761,0.6111111111111112,0.3888888888888889,-0.1827866768370201,0.17003858791040685,4,5,-0.05263157894736842,-0.4782608695652174,False,False
NQ,LOWER_k2,2021,1,1,24,0.3333333333333333,0.5,-0.16666666666666666,-2.245920223390385,0.7083333333333334,0.2916666666666667,-0.1827866768370201,0.17003858791040685,4,5,-0.05263157894736842,-0.4782608695652174,False,False
NQ,LOWER_k2,2022,1,1,19,0.3157894736842105,0.42105263157894735,-0.10526315789473684,-10.06025162972037,0.7894736842105263,0.21052631578947367,-0.1827866768370201,0.17003858791040685,4,5,-0.05263157894736842,-0.4782608695652174,False,False
NQ,LOWER_k3,2018,1,1,13,0.0,0.6153846153846154,-0.6153846153846154,-9.304011082823308,0.6923076923076923,0.3076923076923077,-0.18974358974358974,0.2919957990790551,3,3,0.125,-0.6153846153846154,False,False
NQ,LOWER_k3,2019,1,1,9,0.3333333333333333,0.3333333333333333,0.0,1.3673858320607906,0.6666666666666666,0.3333333333333333,-0.18974358974358974,0.2919957990790551,3,3,0.125,-0.6153846153846154,False,False
NQ,LOWER_k3,2020,1,1,9,0.2222222222222222,0.5555555555555556,-0.3333333333333333,-10.27523291588659,0.6666666666666666,0.3333333333333333,-0.18974358974358974,0.2919957990790551,3,3,0.125,-0.6153846153846154,False,False
NQ,LOWER_k3,2021,1,1,8,0.375,0.25,0.125,8.216369285152723,0.75,0.25,-0.18974358974358974,0.2919957990790551,3,3,0.125,-0.6153846153846154,False,False
NQ,LOWER_k3,2022,1,1,8,0.375,0.5,-0.125,-6.316145560969744,0.75,0.25,-0.18974358974358974,0.2919957990790551,3,3,0.125,-0.6153846153846154,False,False
NQ,UPPER_k0,2018,1,1,114,0.375,0.3482142857142857,0.026785714285714284,0.09999999999990905,0.4473684210526316,0.5526315789473685,0.08105394323954161,0.03901266236334269,3,5,0.13675213675213677,0.026785714285714284,False,False
NQ,UPPER_k0,2019,1,1,103,0.43137254901960786,0.35294117647058826,0.0784313725490196,0.962500000000091,0.4117647058823529,0.5882352941176471,0.08105394323954161,0.03901266236334269,3,5,0.13675213675213677,0.026785714285714284,False,False
NQ,UPPER_k0,2020,1,1,109,0.4095238095238095,0.3238095238095238,0.08571428571428572,2.774999999999636,0.47706422018348627,0.5229357798165137,0.08105394323954161,0.03901266236334269,3,5,0.13675213675213677,0.026785714285714284,False,False
NQ,UPPER_k0,2021,1,1,117,0.4396551724137931,0.3620689655172414,0.07758620689655173,2.362500000000182,0.452991452991453,0.5470085470085471,0.08105394323954161,0.03901266236334269,3,5,0.13675213675213677,0.026785714285714284,False,False
NQ,UPPER_k0,2022,1,1,117,0.4700854700854701,0.3333333333333333,0.13675213675213677,6.25,0.452991452991453,0.5470085470085471,0.08105394323954161,0.03901266236334269,3,5,0.13675213675213677,0.026785714285714284,False,False
NQ,UPPER_k1,2018,1,1,48,0.5,0.3333333333333333,0.16666666666666666,1.9353977111541099,0.4791666666666667,0.5208333333333334,0.09880481837003577,0.12980462249659544,4,4,0.21739130434782608,-0.11363636363636363,False,False
NQ,UPPER_k1,2019,1,1,44,0.36363636363636365,0.4772727272727273,-0.11363636363636363,-0.35149068324653854,0.5681818181818182,0.4318181818181818,0.09880481837003577,0.12980462249659544,4,4,0.21739130434782608,-0.11363636363636363,False,False
NQ,UPPER_k1,2020,1,1,44,0.38095238095238093,0.30952380952380953,0.07142857142857142,2.3812611952253064,0.5227272727272727,0.4772727272727273,0.09880481837003577,0.12980462249659544,4,4,0.21739130434782608,-0.11363636363636363,False,False
NQ,UPPER_k1,2021,1,1,46,0.4782608695652174,0.2608695652173913,0.21739130434782608,2.8199028573708347,0.391304347826087,0.6086956521739131,0.09880481837003577,0.12980462249659544,4,4,0.21739130434782608,-0.11363636363636363,False,False
NQ,UPPER_k1,2022,1,1,46,0.4782608695652174,0.32608695652173914,0.15217391304347827,2.4128828900602457,0.43478260869565216,0.5652173913043478,0.09880481837003577,0.12980462249659544,4,4,0.21739130434782608,-0.11363636363636363,False,False
NQ,UPPER_k2,2018,1,1,19,0.2631578947368421,0.5263157894736842,-0.2631578947368421,-1.4918169659094929,0.5789473684210527,0.42105263157894735,-0.03671052631578947,0.22556120377449543,3,3,0.3,-0.2631578947368421,False,False
NQ,UPPER_k2,2019,1,1,19,0.3157894736842105,0.5263157894736842,-0.21052631578947367,0.16165434707363602,0.5789473684210527,0.42105263157894735,-0.03671052631578947,0.22556120377449543,3,3,0.3,-0.2631578947368421,False,False
NQ,UPPER_k2,2020,1,1,20,0.3684210526315789,0.3157894736842105,0.05263157894736842,0.4746465641128452,0.25,0.75,-0.03671052631578947,0.22556120377449543,3,3,0.3,-0.2631578947368421,False,False
NQ,UPPER_k2,2021,1,1,20,0.55,0.25,0.3,4.162828776594324,0.45,0.55,-0.03671052631578947,0.22556120377449543,3,3,0.3,-0.2631578947368421,False,False
NQ,UPPER_k2,2022,1,1,16,0.25,0.3125,-0.0625,-8.804399045221544,0.375,0.625,-0.03671052631578947,0.22556120377449543,3,3,0.3,-0.2631578947368421,False,False
NQ,UPPER_k3,2018,1,1,8,0.375,0.5,-0.125,0.8538525898025,0.875,0.125,0.0659090909090909,0.2844139577397854,4,3,0.3333333333333333,-0.3333333333333333,False,False
NQ,UPPER_k3,2019,1,1,6,0.5,0.16666666666666666,0.3333333333333333,3.293916419476318,0.8333333333333334,0.16666666666666666,0.0659090909090909,0.2844139577397854,4,3,0.3333333333333333,-0.3333333333333333,False,False
NQ,UPPER_k3,2020,1,1,12,0.45454545454545453,0.2727272727272727,0.18181818181818182,-1.1686450253855583,0.3333333333333333,0.6666666666666666,0.0659090909090909,0.2844139577397854,4,3,0.3333333333333333,-0.3333333333333333,False,False
NQ,UPPER_k3,2021,1,1,11,0.45454545454545453,0.18181818181818182,0.2727272727272727,-1.4330058095929417,0.45454545454545453,0.5454545454545454,0.0659090909090909,0.2844139577397854,4,3,0.3333333333333333,-0.3333333333333333,False,False
NQ,UPPER_k3,2022,1,1,3,0.0,0.3333333333333333,-0.3333333333333333,2.2582324391187285,0.3333333333333333,0.6666666666666666,0.0659090909090909,0.2844139577397854,4,3,0.3333333333333333,-0.3333333333333333,False,False
ES,LOWER_k0,2018,2,2,137,0.29850746268656714,0.4626865671641791,-0.16417910447761194,-0.5,0.49635036496350365,0.5036496350364964,-0.017101573562931162,0.09558715806906243,3,3,0.08208955223880597,-0.16417910447761194,False,False
ES,LOWER_k0,2019,2,2,140,0.4701492537313433,0.3880597014925373,0.08208955223880597,0.5,0.5971223021582733,0.4028776978417266,-0.017101573562931162,0.09558715806906243,3,3,0.08208955223880597,-0.16417910447761194,False,False
ES,LOWER_k0,2020,2,2,145,0.3958333333333333,0.4305555555555556,-0.034722222222222224,-0.3875000000000455,0.625,0.375,-0.017101573562931162,0.09558715806906243,3,3,0.08208955223880597,-0.16417910447761194,False,False
ES,LOWER_k0,2021,2,2,137,0.42962962962962964,0.37777777777777777,0.05185185185185185,0.1499999999996362,0.5037037037037037,0.4962962962962963,-0.017101573562931162,0.09558715806906243,3,3,0.08208955223880597,-0.16417910447761194,False,False
ES,LOWER_k0,2022,2,2,147,0.3767123287671233,0.3972602739726027,-0.02054794520547945,0.21249999999986358,0.5850340136054422,0.41496598639455784,-0.017101573562931162,0.09558715806906243,3,3,0.08208955223880597,-0.16417910447761194,False,False
ES,LOWER_k1,2018,2,2,79,0.3076923076923077,0.4230769230769231,-0.11538461538461539,-0.07477401860387545,0.5443037974683544,0.45569620253164556,-0.03848935275690059,0.09517118240125907,3,2,0.058823529411764705,-0.16279069767441862,True,False
ES,LOWER_k1,2019,2,2,74,0.39436619718309857,0.38028169014084506,0.014084507042253521,0.8354472048549724,0.581081081081081,0.4189189189189189,-0.03848935275690059,0.09517118240125907,3,2,0.058823529411764705,-0.16279069767441862,True,False
ES,LOWER_k1,2020,2,2,87,0.3372093023255814,0.5,-0.16279069767441862,-0.49899712822775655,0.5747126436781609,0.42528735632183906,-0.03848935275690059,0.09517118240125907,3,2,0.058823529411764705,-0.16279069767441862,True,False
ES,LOWER_k1,2021,2,2,78,0.4230769230769231,0.41025641025641024,0.01282051282051282,0.10646287528675202,0.5641025641025641,0.4358974358974359,-0.03848935275690059,0.09517118240125907,3,2,0.058823529411764705,-0.16279069767441862,True,False
ES,LOWER_k1,2022,2,2,86,0.4117647058823529,0.35294117647058826,0.058823529411764705,-0.35729131259904534,0.45348837209302323,0.5465116279069767,-0.03848935275690059,0.09517118240125907,3,2,0.058823529411764705,-0.16279069767441862,True,False
ES,LOWER_k2,2018,2,2,42,0.30952380952380953,0.42857142857142855,-0.11904761904761904,-0.6145760245233305,0.4523809523809524,0.5476190476190477,-0.036259018759018755,0.14474196228456973,4,3,0.16666666666666666,-0.17777777777777778,True,False
ES,LOWER_k2,2019,2,2,44,0.47619047619047616,0.30952380952380953,0.16666666666666666,0.7312617229931675,0.5454545454545454,0.45454545454545453,-0.036259018759018755,0.14474196228456973,4,3,0.16666666666666666,-0.17777777777777778,True,False
ES,LOWER_k2,2020,2,2,45,0.3111111111111111,0.4888888888888889,-0.17777777777777778,-1.0255813167605083,0.6444444444444445,0.35555555555555557,-0.036259018759018755,0.14474196228456973,4,3,0.16666666666666666,-0.17777777777777778,True,False
ES,LOWER_k2,2021,2,2,44,0.2727272727272727,0.38636363636363635,-0.11363636363636363,-0.83099933339372,0.6136363636363636,0.38636363636363635,-0.036259018759018755,0.14474196228456973,4,3,0.16666666666666666,-0.17777777777777778,True,False
ES,LOWER_k2,2022,2,2,48,0.3958333333333333,0.3333333333333333,0.0625,1.921133785519487,0.5208333333333334,0.4791666666666667,-0.036259018759018755,0.14474196228456973,4,3,0.16666666666666666,-0.17777777777777778,True,False
ES,LOWER_k3,2018,2,2,24,0.20833333333333334,0.5,-0.2916666666666667,-0.915182247363191,0.5,0.5,-0.01590909090909091,0.16855847802538218,3,1,0.16666666666666666,-0.2916666666666667,False,False
ES,LOWER_k3,2019,2,2,22,0.45454545454545453,0.4090909090909091,0.045454545454545456,0.3860065916558142,0.4090909090909091,0.5909090909090909,-0.01590909090909091,0.16855847802538218,3,1,0.16666666666666666,-0.2916666666666667,False,False
ES,LOWER_k3,2020,2,2,24,0.4583333333333333,0.2916666666666667,0.16666666666666666,-0.7457844722196114,0.6666666666666666,0.3333333333333333,-0.01590909090909091,0.16855847802538218,3,1,0.16666666666666666,-0.2916666666666667,False,False
ES,LOWER_k3,2021,2,2,23,0.34782608695652173,0.34782608695652173,0.0,-1.5808603380482964,0.6521739130434783,0.34782608695652173,-0.01590909090909091,0.16855847802538218,3,1,0.16666666666666666,-0.2916666666666667,False,False
ES,LOWER_k3,2022,2,2,35,0.42857142857142855,0.42857142857142855,0.0,0.8221542671481075,0.5428571428571428,0.45714285714285713,-0.01590909090909091,0.16855847802538218,3,1,0.16666666666666666,-0.2916666666666667,False,False
ES,UPPER_k0,2018,2,2,144,0.3732394366197183,0.38028169014084506,-0.007042253521126761,0.23749999999995453,0.45774647887323944,0.5422535211267606,0.020860792042877857,0.10833902896252352,3,2,0.1388888888888889,-0.1044776119402985,False,False
ES,UPPER_k0,2019,2,2,134,0.3656716417910448,0.4701492537313433,-0.1044776119402985,-0.08749999999986358,0.5757575757575758,0.42424242424242425,0.020860792042877857,0.10833902896252352,3,2,0.1388888888888889,-0.1044776119402985,False,False
ES,UPPER_k0,2020,2,2,143,0.37681159420289856,0.427536231884058,-0.050724637681159424,0.23749999999995453,0.5524475524475524,0.44755244755244755,0.020860792042877857,0.10833902896252352,3,2,0.1388888888888889,-0.1044776119402985,False,False
ES,UPPER_k0,2021,2,2,142,0.48226950354609927,0.3546099290780142,0.1276595744680851,0.1750000000001819,0.4014084507042254,0.5985915492957746,0.020860792042877857,0.10833902896252352,3,2,0.1388888888888889,-0.1044776119402985,False,False
ES,UPPER_k0,2022,2,2,144,0.5138888888888888,0.375,0.1388888888888889,0.4499999999998181,0.4859154929577465,0.5140845070422535,0.020860792042877857,0.10833902896252352,3,2,0.1388888888888889,-0.1044776119402985,False,False
ES,UPPER_k1,2018,2,2,93,0.3804347826086957,0.42391304347826086,-0.043478260869565216,0.12311505182378824,0.5483870967741935,0.45161290322580644,0.09409384618520557,0.14338507123567729,4,3,0.2962962962962963,-0.043478260869565216,False,False
ES,UPPER_k1,2019,2,2,71,0.4225352112676056,0.4225352112676056,0.0,0.10896765371444417,0.4507042253521127,0.5492957746478874,0.09409384618520557,0.14338507123567729,4,3,0.2962962962962963,-0.043478260869565216,False,False
ES,UPPER_k1,2020,2,2,74,0.4027777777777778,0.375,0.027777777777777776,0.45666974885944,0.5,0.5,0.09409384618520557,0.14338507123567729,4,3,0.2962962962962963,-0.043478260869565216,False,False
ES,UPPER_k1,2021,2,2,80,0.5063291139240507,0.31645569620253167,0.189873417721519,0.8250323002271216,0.3375,0.6625,0.09409384618520557,0.14338507123567729,4,3,0.2962962962962963,-0.043478260869565216,False,False
ES,UPPER_k1,2022,2,2,81,0.5432098765432098,0.24691358024691357,0.2962962962962963,0.4131457700300416,0.4567901234567901,0.5432098765432098,0.09409384618520557,0.14338507123567729,4,3,0.2962962962962963,-0.043478260869565216,False,False
ES,UPPER_k2,2018,2,2,54,0.33962264150943394,0.37735849056603776,-0.03773584905660377,-0.18372087784064206,0.5,0.5,0.09675603347216274,0.09497176247554556,3,4,0.225,-0.03773584905660377,True,False
ES,UPPER_k2,2019,2,2,41,0.4634146341463415,0.34146341463414637,0.12195121951219512,0.42361207428029957,0.5853658536585366,0.4146341463414634,0.09675603347216274,0.09497176247554556,3,4,0.225,-0.03773584905660377,True,False
ES,UPPER_k2,2020,2,2,42,0.525,0.3,0.225,0.24440702578908713,0.42857142857142855,0.5714285714285714,0.09675603347216274,0.09497176247554556,3,4,0.225,-0.03773584905660377,True,False
ES,UPPER_k2,2021,2,2,45,0.4318181818181818,0.36363636363636365,0.06818181818181818,1.1159756819110953,0.5333333333333333,0.4666666666666667,0.09675603347216274,0.09497176247554556,3,4,0.225,-0.03773584905660377,True,False
ES,UPPER_k2,2022,2,2,47,0.44680851063829785,0.3404255319148936,0.10638297872340426,0.10249387128442322,0.46808510638297873,0.5319148936170213,0.09675603347216274,0.09497176247554556,3,4,0.225,-0.03773584905660377,True,False
ES,UPPER_k3,2018,2,2,27,0.3076923076923077,0.34615384615384615,-0.038461538461538464,-0.8093075136252992,0.5555555555555556,0.4444444444444444,0.10460065297021819,0.11886729755253078,3,4,0.23809523809523808,-0.038461538461538464,False,False
ES,UPPER_k3,2019,2,2,23,0.5217391304347826,0.30434782608695654,0.21739130434782608,1.2497340726458788,0.5652173913043478,0.43478260869565216,0.10460065297021819,0.11886729755253078,3,4,0.23809523809523808,-0.038461538461538464,False,False
ES,UPPER_k3,2020,2,2,24,0.30434782608695654,0.2608695652173913,0.043478260869565216,0.30416956421095165,0.4166666666666667,0.5833333333333334,0.10460065297021819,0.11886729755253078,3,4,0.23809523809523808,-0.038461538461538464,False,False
ES,UPPER_k3,2021,2,2,21,0.47619047619047616,0.23809523809523808,0.23809523809523808,1.046737025096263,0.5238095238095238,0.47619047619047616,0.10460065297021819,0.11886729755253078,3,4,0.23809523809523808,-0.038461538461538464,False,False
ES,UPPER_k3,2022,2,2,16,0.375,0.3125,0.0625,2.074224909742952,0.5,0.5,0.10460065297021819,0.11886729755253078,3,4,0.23809523809523808,-0.038461538461538464,False,False
NQ,LOWER_k0,2018,2,2,149,0.2876712328767123,0.5273972602739726,-0.23972602739726026,-2.587500000000091,0.5838926174496645,0.4161073825503356,-0.04052402922674256,0.12006604558481358,3,3,0.08088235294117647,-0.23972602739726026,False,False
NQ,LOWER_k0,2019,2,2,141,0.41304347826086957,0.4420289855072464,-0.028985507246376812,0.4499999999998181,0.5035971223021583,0.49640287769784175,-0.04052402922674256,0.12006604558481358,3,3,0.08088235294117647,-0.23972602739726026,False,False
NQ,LOWER_k0,2020,2,2,137,0.45588235294117646,0.375,0.08088235294117647,-1.6749999999992724,0.5401459854014599,0.45985401459854014,-0.04052402922674256,0.12006604558481358,3,3,0.08088235294117647,-0.23972602739726026,False,False
NQ,LOWER_k0,2021,2,2,140,0.4028776978417266,0.4316546762589928,-0.02877697841726619,2.399999999999636,0.5642857142857143,0.4357142857142857,-0.04052402922674256,0.12006604558481358,3,3,0.08088235294117647,-0.23972602739726026,False,False
NQ,LOWER_k0,2022,2,2,145,0.3916083916083916,0.3776223776223776,0.013986013986013986,5.850000000000364,0.6137931034482759,0.38620689655172413,-0.04052402922674256,0.12006604558481358,3,3,0.08088235294117647,-0.23972602739726026,False,False
NQ,LOWER_k1,2018,2,2,76,0.3108108108108108,0.3783783783783784,-0.06756756756756757,-2.7264407497868888,0.5526315789473685,0.4473684210526316,-0.03537242250370625,0.0860126374132991,3,3,0.056818181818181816,-0.16666666666666666,False,False
NQ,LOWER_k1,2019,2,2,80,0.3333333333333333,0.5,-0.16666666666666666,0.5765255962755873,0.5625,0.4375,-0.03537242250370625,0.0860126374132991,3,3,0.056818181818181816,-0.16666666666666666,False,False
NQ,LOWER_k1,2020,2,2,88,0.39080459770114945,0.40229885057471265,-0.011494252873563218,-3.3034745449749607,0.48863636363636365,0.5113636363636364,-0.03537242250370625,0.0860126374132991,3,3,0.056818181818181816,-0.16666666666666666,False,False
NQ,LOWER_k1,2021,2,2,83,0.40963855421686746,0.39759036144578314,0.012048192771084338,3.5575018327799626,0.5542168674698795,0.4457831325301205,-0.03537242250370625,0.0860126374132991,3,3,0.056818181818181816,-0.16666666666666666,False,False
NQ,LOWER_k1,2022,2,2,89,0.42045454545454547,0.36363636363636365,0.056818181818181816,-2.476594073174965,0.5393258426966292,0.4606741573033708,-0.03537242250370625,0.0860126374132991,3,3,0.056818181818181816,-0.16666666666666666,False,False
NQ,LOWER_k2,2018,2,2,48,0.21739130434782608,0.5869565217391305,-0.3695652173913043,-3.6076398927480113,0.5833333333333334,0.4166666666666667,-0.06613477274967958,0.17565083710774065,4,3,0.075,-0.3695652173913043,False,False
NQ,LOWER_k2,2019,2,2,36,0.3888888888888889,0.3611111111111111,0.027777777777777776,0.5264567939461813,0.5833333333333334,0.4166666666666667,-0.06613477274967958,0.17565083710774065,4,3,0.075,-0.3695652173913043,False,False
NQ,LOWER_k2,2020,2,2,40,0.4,0.325,0.075,-0.41224024680650473,0.525,0.475,-0.06613477274967958,0.17565083710774065,4,3,0.075,-0.3695652173913043,False,False
NQ,LOWER_k2,2021,2,2,49,0.40816326530612246,0.42857142857142855,-0.02040816326530612,3.930872015474961,0.6530612244897959,0.3469387755102041,-0.06613477274967958,0.17565083710774065,4,3,0.075,-0.3695652173913043,False,False
NQ,LOWER_k2,2022,2,2,47,0.3695652173913043,0.41304347826086957,-0.043478260869565216,2.148778986198522,0.5957446808510638,0.40425531914893614,-0.06613477274967958,0.17565083710774065,4,3,0.075,-0.3695652173913043,False,False
NQ,LOWER_k3,2018,2,2,24,0.16666666666666666,0.4166666666666667,-0.25,-2.6508372398866413,0.5833333333333334,0.4166666666666667,-0.026985645933014356,0.16412367281280485,3,3,0.21052631578947367,-0.25,False,False
NQ,LOWER_k3,2019,2,2,20,0.35,0.4,-0.05,1.2544145618117,0.65,0.35,-0.026985645933014356,0.16412367281280485,3,3,0.21052631578947367,-0.25,False,False
NQ,LOWER_k3,2020,2,2,22,0.36363636363636365,0.4090909090909091,-0.045454545454545456,-2.1257016399313216,0.5909090909090909,0.4090909090909091,-0.026985645933014356,0.16412367281280485,3,3,0.21052631578947367,-0.25,False,False
NQ,LOWER_k3,2021,2,2,19,0.5263157894736842,0.3157894736842105,0.21052631578947367,6.0814271395738615,0.5263157894736842,0.47368421052631576,-0.026985645933014356,0.16412367281280485,3,3,0.21052631578947367,-0.25,False,False
NQ,LOWER_k3,2022,2,2,22,0.4090909090909091,0.4090909090909091,0.0,0.7545470244194803,0.5454545454545454,0.45454545454545453,-0.026985645933014356,0.16412367281280485,3,3,0.21052631578947367,-0.25,False,False
NQ,UPPER_k0,2018,2,2,148,0.4246575342465753,0.363013698630137,0.06164383561643835,1.212500000000091,0.46621621621621623,0.5337837837837838,0.10326772037567378,0.03969876009814185,3,5,0.1527777777777778,0.06164383561643835,False,False
NQ,UPPER_k0,2019,2,2,135,0.4701492537313433,0.3582089552238806,0.11194029850746269,0.0,0.4253731343283582,0.5746268656716418,0.10326772037567378,0.03969876009814185,3,5,0.1527777777777778,0.06164383561643835,False,False
NQ,UPPER_k0,2020,2,2,147,0.46153846153846156,0.3356643356643357,0.1258741258741259,3.1749999999992724,0.46258503401360546,0.5374149659863946,0.10326772037567378,0.03969876009814185,3,5,0.1527777777777778,0.06164383561643835,False,False
NQ,UPPER_k0,2021,2,2,157,0.4551282051282051,0.391025641025641,0.0641025641025641,3.425000000000182,0.42038216560509556,0.5796178343949044,0.10326772037567378,0.03969876009814185,3,5,0.1527777777777778,0.06164383561643835,False,False
NQ,UPPER_k0,2022,2,2,145,0.5,0.3472222222222222,0.1527777777777778,1.762499999999818,0.45517241379310347,0.5448275862068965,0.10326772037567378,0.03969876009814185,3,5,0.1527777777777778,0.06164383561643835,False,False
NQ,UPPER_k1,2018,2,2,90,0.48863636363636365,0.3409090909090909,0.14772727272727273,1.978758705608925,0.4111111111111111,0.5888888888888889,0.12932943037564346,0.05963059776970534,4,5,0.18181818181818182,0.02631578947368421,False,False
NQ,UPPER_k1,2019,2,2,76,0.4342105263157895,0.40789473684210525,0.02631578947368421,1.2760162386043703,0.5,0.5,0.12932943037564346,0.05963059776970534,4,5,0.18181818181818182,0.02631578947368421,False,False
NQ,UPPER_k1,2020,2,2,84,0.4634146341463415,0.3170731707317073,0.14634146341463414,0.972154978619983,0.47619047619047616,0.5238095238095238,0.12932943037564346,0.05963059776970534,4,5,0.18181818181818182,0.02631578947368421,False,False
NQ,UPPER_k1,2021,2,2,89,0.5340909090909091,0.3522727272727273,0.18181818181818182,4.651729703379715,0.42696629213483145,0.5730337078651685,0.12932943037564346,0.05963059776970534,4,5,0.18181818181818182,0.02631578947368421,False,False
NQ,UPPER_k1,2022,2,2,90,0.5,0.35555555555555557,0.14444444444444443,4.0503252518510635,0.4444444444444444,0.5555555555555556,0.12932943037564346,0.05963059776970534,4,5,0.18181818181818182,0.02631578947368421,False,False
NQ,UPPER_k2,2018,2,2,58,0.44642857142857145,0.39285714285714285,0.05357142857142857,2.3724316977773015,0.5172413793103449,0.4827586206896552,0.13858637612106622,0.11154395962534992,4,5,0.3191489361702128,0.05357142857142857,False,False
NQ,UPPER_k2,2019,2,2,37,0.4594594594594595,0.3783783783783784,0.08108108108108109,0.33549571613548324,0.5135135135135135,0.4864864864864865,0.13858637612106622,0.11154395962534992,4,5,0.3191489361702128,0.05357142857142857,False,False
NQ,UPPER_k2,2020,2,2,47,0.45652173913043476,0.2826086956521739,0.17391304347826086,5.145065065612471,0.2765957446808511,0.723404255319149,0.13858637612106622,0.11154395962534992,4,5,0.3191489361702128,0.05357142857142857,False,False
NQ,UPPER_k2,2021,2,2,48,0.5957446808510638,0.2765957446808511,0.3191489361702128,2.0741835671196895,0.4375,0.5625,0.13858637612106622,0.11154395962534992,4,5,0.3191489361702128,0.05357142857142857,False,False
NQ,UPPER_k2,2022,2,2,46,0.41304347826086957,0.34782608695652173,0.06521739130434782,2.1744441734617794,0.43478260869565216,0.5652173913043478,0.13858637612106622,0.11154395962534992,4,5,0.3191489361702128,0.05357142857142857,False,False
NQ,UPPER_k3,2018,2,2,26,0.6153846153846154,0.3076923076923077,0.3076923076923077,3.76144863646914,0.5,0.5,0.07930490562069509,0.34371501418952394,4,3,0.35714285714285715,-0.45454545454545453,False,False
NQ,UPPER_k3,2019,2,2,19,0.42105263157894735,0.15789473684210525,0.2631578947368421,1.7410278693550936,0.631578947368421,0.3684210526315789,0.07930490562069509,0.34371501418952394,4,3,0.35714285714285715,-0.45454545454545453,False,False
NQ,UPPER_k3,2020,2,2,27,0.2692307692307692,0.34615384615384615,-0.07692307692307693,3.1560293694265056,0.48148148148148145,0.5185185185185185,0.07930490562069509,0.34371501418952394,4,3,0.35714285714285715,-0.45454545454545453,False,False
NQ,UPPER_k3,2021,2,2,29,0.5714285714285714,0.21428571428571427,0.35714285714285715,0.6045981937759279,0.3793103448275862,0.6206896551724138,0.07930490562069509,0.34371501418952394,4,3,0.35714285714285715,-0.45454545454545453,False,False
NQ,UPPER_k3,2022,2,2,22,0.13636363636363635,0.5909090909090909,-0.45454545454545453,3.5677937461314286,0.8181818181818182,0.18181818181818182,0.07930490562069509,0.34371501418952394,4,3,0.35714285714285715,-0.45454545454545453,False,False
ES,LOWER_k0,2018,2,1,137,0.27611940298507465,0.4253731343283582,-0.14925373134328357,-0.4375,0.49635036496350365,0.5036496350364964,-0.0315663312054643,0.07818874580456482,3,3,0.05925925925925926,-0.14925373134328357,False,False
ES,LOWER_k0,2019,2,1,140,0.3805970149253731,0.3656716417910448,0.014925373134328358,0.3000000000001819,0.5971223021582733,0.4028776978417266,-0.0315663312054643,0.07818874580456482,3,3,0.05925925925925926,-0.14925373134328357,False,False
ES,LOWER_k0,2020,2,1,145,0.3680555555555556,0.4097222222222222,-0.041666666666666664,-0.16250000000013642,0.625,0.375,-0.0315663312054643,0.07818874580456482,3,3,0.05925925925925926,-0.14925373134328357,False,False
ES,LOWER_k0,2021,2,1,137,0.4,0.34074074074074073,0.05925925925925926,0.024999999999636202,0.5037037037037037,0.4962962962962963,-0.0315663312054643,0.07818874580456482,3,3,0.05925925925925926,-0.14925373134328357,False,False
ES,LOWER_k0,2022,2,1,147,0.3561643835616438,0.3972602739726027,-0.0410958904109589,0.1750000000001819,0.5850340136054422,0.41496598639455784,-0.0315663312054643,0.07818874580456482,3,3,0.05925925925925926,-0.14925373134328357,False,False
ES,LOWER_k1,2018,2,1,79,0.3076923076923077,0.41025641025641024,-0.10256410256410256,-0.2720076705968495,0.5443037974683544,0.45569620253164556,-0.05118197910321376,0.0785401776419417,4,3,0.023529411764705882,-0.16279069767441862,True,False
ES,LOWER_k1,2019,2,1,74,0.36619718309859156,0.38028169014084506,-0.014084507042253521,0.42395040189194333,0.581081081081081,0.4189189189189189,-0.05118197910321376,0.0785401776419417,4,3,0.023529411764705882,-0.16279069767441862,True,False
ES,LOWER_k1,2020,2,1,87,0.32558139534883723,0.4883720930232558,-0.16279069767441862,-0.5392443308112433,0.5747126436781609,0.42528735632183906,-0.05118197910321376,0.0785401776419417,4,3,0.023529411764705882,-0.16279069767441862,True,False
ES,LOWER_k1,2021,2,1,78,0.41025641025641024,0.41025641025641024,0.0,0.4975130907107541,0.5641025641025641,0.4358974358974359,-0.05118197910321376,0.0785401776419417,4,3,0.023529411764705882,-0.16279069767441862,True,False
ES,LOWER_k1,2022,2,1,86,0.3764705882352941,0.35294117647058826,0.023529411764705882,0.22629867582190855,0.45348837209302323,0.5465116279069767,-0.05118197910321376,0.0785401776419417,4,3,0.023529411764705882,-0.16279069767441862,True,False
ES,LOWER_k2,2018,2,1,42,0.30952380952380953,0.42857142857142855,-0.11904761904761904,-0.15695215628102233,0.4523809523809524,0.5476190476190477,-0.03161255411255411,0.14620905907438458,3,3,0.16666666666666666,-0.2,True,False
ES,LOWER_k2,2019,2,1,44,0.47619047619047616,0.30952380952380953,0.16666666666666666,0.3206462625921631,0.5454545454545454,0.45454545454545453,-0.03161255411255411,0.14620905907438458,3,3,0.16666666666666666,-0.2,True,False
ES,LOWER_k2,2020,2,1,45,0.28888888888888886,0.4888888888888889,-0.2,-1.1847098168873345,0.6444444444444445,0.35555555555555557,-0.03161255411255411,0.14620905907438458,3,3,0.16666666666666666,-0.2,True,False
ES,LOWER_k2,2021,2,1,44,0.2727272727272727,0.3409090909090909,-0.06818181818181818,-0.09667096287921595,0.6136363636363636,0.38636363636363635,-0.03161255411255411,0.14620905907438458,3,3,0.16666666666666666,-0.2,True,False
ES,LOWER_k2,2022,2,1,48,0.3958333333333333,0.3333333333333333,0.0625,1.4472699469502004,0.5208333333333334,0.4791666666666667,-0.03161255411255411,0.14620905907438458,3,3,0.16666666666666666,-0.2,True,False
ES,LOWER_k3,2018,2,1,24,0.20833333333333334,0.5,-0.2916666666666667,-0.3323272218024158,0.5,0.5,-0.01590909090909091,0.16855847802538218,3,1,0.16666666666666666,-0.2916666666666667,False,False
ES,LOWER_k3,2019,2,1,22,0.45454545454545453,0.4090909090909091,0.045454545454545456,0.2733552946092459,0.4090909090909091,0.5909090909090909,-0.01590909090909091,0.16855847802538218,3,1,0.16666666666666666,-0.2916666666666667,False,False
ES,LOWER_k3,2020,2,1,24,0.4583333333333333,0.2916666666666667,0.16666666666666666,0.5381538096744407,0.6666666666666666,0.3333333333333333,-0.01590909090909091,0.16855847802538218,3,1,0.16666666666666666,-0.2916666666666667,False,False
ES,LOWER_k3,2021,2,1,23,0.34782608695652173,0.34782608695652173,0.0,-0.43651046653667436,0.6521739130434783,0.34782608695652173,-0.01590909090909091,0.16855847802538218,3,1,0.16666666666666666,-0.2916666666666667,False,False
ES,LOWER_k3,2022,2,1,35,0.42857142857142855,0.42857142857142855,0.0,0.8255515153196029,0.5428571428571428,0.45714285714285713,-0.01590909090909091,0.16855847802538218,3,1,0.16666666666666666,-0.2916666666666667,False,False
ES,UPPER_k0,2018,2,1,144,0.3591549295774648,0.352112676056338,0.007042253521126761,0.16249999999990905,0.45774647887323944,0.5422535211267606,0.010985392544515115,0.09580951282649841,4,3,0.10638297872340426,-0.11194029850746269,False,False
ES,UPPER_k0,2019,2,1,134,0.3283582089552239,0.44029850746268656,-0.11194029850746269,-0.17499999999995453,0.5757575757575758,0.42424242424242425,0.010985392544515115,0.09580951282649841,4,3,0.10638297872340426,-0.11194029850746269,False,False
ES,UPPER_k0,2020,2,1,143,0.36231884057971014,0.41304347826086957,-0.050724637681159424,-0.11249999999995453,0.5524475524475524,0.44755244755244755,0.010985392544515115,0.09580951282649841,4,3,0.10638297872340426,-0.11194029850746269,False,False
ES,UPPER_k0,2021,2,1,142,0.45390070921985815,0.3475177304964539,0.10638297872340426,0.5749999999998181,0.4014084507042254,0.5985915492957746,0.010985392544515115,0.09580951282649841,4,3,0.10638297872340426,-0.11194029850746269,False,False
ES,UPPER_k0,2022,2,1,144,0.4722222222222222,0.3680555555555556,0.10416666666666667,0.712500000000091,0.4859154929577465,0.5140845070422535,0.010985392544515115,0.09580951282649841,4,3,0.10638297872340426,-0.11194029850746269,False,False
ES,UPPER_k1,2018,2,1,93,0.3804347826086957,0.41304347826086957,-0.03260869565217391,0.1953858512788429,0.5483870967741935,0.45161290322580644,0.09361109412476135,0.14502245250767484,4,3,0.32098765432098764,-0.03260869565217391,False,False
ES,UPPER_k1,2019,2,1,71,0.4225352112676056,0.4225352112676056,0.0,0.10896765371444417,0.4507042253521127,0.5492957746478874,0.09361109412476135,0.14502245250767484,4,3,0.32098765432098764,-0.03260869565217391,False,False
ES,UPPER_k1,2020,2,1,74,0.4027777777777778,0.375,0.027777777777777776,0.12729772771535863,0.5,0.5,0.09361109412476135,0.14502245250767484,4,3,0.32098765432098764,-0.03260869565217391,False,False
ES,UPPER_k1,2021,2,1,80,0.4430379746835443,0.2911392405063291,0.1518987341772152,0.42712434446730185,0.3375,0.6625,0.09361109412476135,0.14502245250767484,4,3,0.32098765432098764,-0.03260869565217391,False,False
ES,UPPER_k1,2022,2,1,81,0.5308641975308642,0.20987654320987653,0.32098765432098764,1.1290367243982473,0.4567901234567901,0.5432098765432098,0.09361109412476135,0.14502245250767484,4,3,0.32098765432098764,-0.03260869565217391,False,False
ES,UPPER_k2,2018,2,1,54,0.32075471698113206,0.3584905660377358,-0.03773584905660377,0.18953658479995283,0.5,0.5,0.08262266554273878,0.08470754203923268,3,4,0.2,-0.03773584905660377,True,False
ES,UPPER_k2,2019,2,1,41,0.43902439024390244,0.34146341463414637,0.0975609756097561,0.08360708878217338,0.5853658536585366,0.4146341463414634,0.08262266554273878,0.08470754203923268,3,4,0.2,-0.03773584905660377,True,False
ES,UPPER_k2,2020,2,1,42,0.5,0.3,0.2,0.5962499946936077,0.42857142857142855,0.5714285714285714,0.08262266554273878,0.08470754203923268,3,4,0.2,-0.03773584905660377,True,False
ES,UPPER_k2,2021,2,1,45,0.4090909090909091,0.3409090909090909,0.06818181818181818,-0.03851170490952427,0.5333333333333333,0.4666666666666667,0.08262266554273878,0.08470754203923268,3,4,0.2,-0.03773584905660377,True,False
ES,UPPER_k2,2022,2,1,47,0.40425531914893614,0.3191489361702128,0.0851063829787234,0.1843823998233347,0.46808510638297873,0.5319148936170213,0.08262266554273878,0.08470754203923268,3,4,0.2,-0.03773584905660377,True,False
ES,UPPER_k3,2018,2,1,27,0.3076923076923077,0.34615384615384615,-0.038461538461538464,0.1361065537403192,0.5555555555555556,0.4444444444444444,0.09590500079630514,0.10979770297673977,3,4,0.23809523809523808,-0.038461538461538464,False,False
ES,UPPER_k3,2019,2,1,23,0.4782608695652174,0.30434782608695654,0.17391304347826086,0.3563416145652809,0.5652173913043478,0.43478260869565216,0.09590500079630514,0.10979770297673977,3,4,0.23809523809523808,-0.038461538461538464,False,False
ES,UPPER_k3,2020,2,1,24,0.30434782608695654,0.2608695652173913,0.043478260869565216,0.14398683823901592,0.4166666666666667,0.5833333333333334,0.09590500079630514,0.10979770297673977,3,4,0.23809523809523808,-0.038461538461538464,False,False
ES,UPPER_k3,2021,2,1,21,0.47619047619047616,0.23809523809523808,0.23809523809523808,1.06444023210679,0.5238095238095238,0.47619047619047616,0.09590500079630514,0.10979770297673977,3,4,0.23809523809523808,-0.038461538461538464,False,False
ES,UPPER_k3,2022,2,1,16,0.375,0.3125,0.0625,1.7495733137429852,0.5,0.5,0.09590500079630514,0.10979770297673977,3,4,0.23809523809523808,-0.038461538461538464,False,False
NQ,LOWER_k0,2018,2,1,149,0.2876712328767123,0.5136986301369864,-0.22602739726027396,-2.25,0.5838926174496645,0.4161073825503356,-0.03330338987052308,0.1169131209686333,3,2,0.08823529411764706,-0.22602739726027396,False,False
NQ,LOWER_k0,2019,2,1,141,0.391304347826087,0.38405797101449274,0.007246376811594203,0.20000000000027285,0.5035971223021583,0.49640287769784175,-0.03330338987052308,0.1169131209686333,3,2,0.08823529411764706,-0.22602739726027396,False,False
NQ,LOWER_k0,2020,2,1,137,0.4338235294117647,0.34558823529411764,0.08823529411764706,-0.3249999999998181,0.5401459854014599,0.45985401459854014,-0.03330338987052308,0.1169131209686333,3,2,0.08823529411764706,-0.22602739726027396,False,False
NQ,LOWER_k0,2021,2,1,140,0.38848920863309355,0.4244604316546763,-0.03597122302158273,0.2000000000007276,0.5642857142857143,0.4357142857142857,-0.03330338987052308,0.1169131209686333,3,2,0.08823529411764706,-0.22602739726027396,False,False
NQ,LOWER_k0,2022,2,1,145,0.3706293706293706,0.3706293706293706,0.0,-1.5,0.6137931034482759,0.38620689655172413,-0.03330338987052308,0.1169131209686333,3,2,0.08823529411764706,-0.22602739726027396,False,False
NQ,LOWER_k1,2018,2,1,76,0.2972972972972973,0.36486486486486486,-0.06756756756756757,-1.2881319518301098,0.5526315789473685,0.4473684210526316,-0.04478083018797601,0.08454322925849618,4,3,0.03409090909090909,-0.1794871794871795,False,False
NQ,LOWER_k1,2019,2,1,80,0.3076923076923077,0.48717948717948717,-0.1794871794871795,-0.4068783200723374,0.5625,0.4375,-0.04478083018797601,0.08454322925849618,4,3,0.03409090909090909,-0.1794871794871795,False,False
NQ,LOWER_k1,2020,2,1,88,0.367816091954023,0.39080459770114945,-0.022988505747126436,-2.9783010422688676,0.48863636363636365,0.5113636363636364,-0.04478083018797601,0.08454322925849618,4,3,0.03409090909090909,-0.1794871794871795,False,False
NQ,LOWER_k1,2021,2,1,83,0.40963855421686746,0.39759036144578314,0.012048192771084338,-0.581147002407306,0.5542168674698795,0.4457831325301205,-0.04478083018797601,0.08454322925849618,4,3,0.03409090909090909,-0.1794871794871795,False,False
NQ,LOWER_k1,2022,2,1,89,0.3977272727272727,0.36363636363636365,0.03409090909090909,0.02819532699231786,0.5393258426966292,0.4606741573033708,-0.04478083018797601,0.08454322925849618,4,3,0.03409090909090909,-0.1794871794871795,False,False
NQ,LOWER_k2,2018,2,1,48,0.21739130434782608,0.5869565217391305,-0.3695652173913043,-3.041270064962191,0.5833333333333334,0.4166666666666667,-0.07613477274967957,0.16680781533821507,4,3,0.027777777777777776,-0.3695652173913043,False,False
NQ,LOWER_k2,2019,2,1,36,0.3888888888888889,0.3611111111111111,0.027777777777777776,1.6038035522647078,0.5833333333333334,0.4166666666666667,-0.07613477274967957,0.16680781533821507,4,3,0.027777777777777776,-0.3695652173913043,False,False
NQ,LOWER_k2,2020,2,1,40,0.35,0.325,0.025,-0.5807589329706389,0.525,0.475,-0.07613477274967957,0.16680781533821507,4,3,0.027777777777777776,-0.3695652173913043,False,False
NQ,LOWER_k2,2021,2,1,49,0.40816326530612246,0.42857142857142855,-0.02040816326530612,3.830752566036608,0.6530612244897959,0.3469387755102041,-0.07613477274967957,0.16680781533821507,4,3,0.027777777777777776,-0.3695652173913043,False,False
NQ,LOWER_k2,2022,2,1,47,0.3695652173913043,0.41304347826086957,-0.043478260869565216,-7.077382201320688,0.5957446808510638,0.40425531914893614,-0.07613477274967957,0.16680781533821507,4,3,0.027777777777777776,-0.3695652173913043,False,False
NQ,LOWER_k3,2018,2,1,24,0.125,0.4166666666666667,-0.2916666666666667,-3.5823743862551964,0.5833333333333334,0.4166666666666667,-0.0453189792663477,0.18109931003326238,3,3,0.21052631578947367,-0.2916666666666667,False,False
NQ,LOWER_k3,2019,2,1,20,0.3,0.4,-0.1,1.0484598926159379,0.65,0.35,-0.0453189792663477,0.18109931003326238,3,3,0.21052631578947367,-0.2916666666666667,False,False
NQ,LOWER_k3,2020,2,1,22,0.36363636363636365,0.36363636363636365,0.0,-1.3054556330143896,0.5909090909090909,0.4090909090909091,-0.0453189792663477,0.18109931003326238,3,3,0.21052631578947367,-0.2916666666666667,False,False
NQ,LOWER_k3,2021,2,1,19,0.5263157894736842,0.3157894736842105,0.21052631578947367,6.971308023212259,0.5263157894736842,0.47368421052631576,-0.0453189792663477,0.18109931003326238,3,3,0.21052631578947367,-0.2916666666666667,False,False
NQ,LOWER_k3,2022,2,1,22,0.36363636363636365,0.4090909090909091,-0.045454545454545456,-6.316145560969744,0.5454545454545454,0.45454545454545453,-0.0453189792663477,0.18109931003326238,3,3,0.21052631578947367,-0.2916666666666667,False,False
NQ,UPPER_k0,2018,2,1,148,0.4041095890410959,0.3424657534246575,0.06164383561643835,1.1375000000002728,0.46621621621621623,0.5337837837837838,0.08563270199438673,0.028480586461047536,4,5,0.125,0.05970149253731343,False,False
NQ,UPPER_k0,2019,2,1,135,0.40298507462686567,0.34328358208955223,0.05970149253731343,0.599999999999909,0.4253731343283582,0.5746268656716418,0.08563270199438673,0.028480586461047536,4,5,0.125,0.05970149253731343,False,False
NQ,UPPER_k0,2020,2,1,147,0.42657342657342656,0.32167832167832167,0.1048951048951049,2.774999999999636,0.46258503401360546,0.5374149659863946,0.08563270199438673,0.028480586461047536,4,5,0.125,0.05970149253731343,False,False
NQ,UPPER_k0,2021,2,1,157,0.44871794871794873,0.3717948717948718,0.07692307692307693,2.137499999999818,0.42038216560509556,0.5796178343949044,0.08563270199438673,0.028480586461047536,4,5,0.125,0.05970149253731343,False,False
NQ,UPPER_k0,2022,2,1,145,0.4652777777777778,0.3402777777777778,0.125,4.237500000000182,0.45517241379310347,0.5448275862068965,0.08563270199438673,0.028480586461047536,4,5,0.125,0.05970149253731343,False,False
NQ,UPPER_k1,2018,2,1,90,0.48863636363636365,0.32954545454545453,0.1590909090909091,2.4160123058068166,0.4111111111111111,0.5888888888888889,0.12215239688282051,0.06119717268964751,4,5,0.1590909090909091,0.013157894736842105,False,False
NQ,UPPER_k1,2019,2,1,76,0.40789473684210525,0.39473684210526316,0.013157894736842105,0.5321556237086043,0.5,0.5,0.12215239688282051,0.06119717268964751,4,5,0.1590909090909091,0.013157894736842105,False,False
NQ,UPPER_k1,2020,2,1,84,0.43902439024390244,0.2926829268292683,0.14634146341463414,3.3539180536472486,0.47619047619047616,0.5238095238095238,0.12215239688282051,0.06119717268964751,4,5,0.1590909090909091,0.013157894736842105,False,False
NQ,UPPER_k1,2021,2,1,89,0.4659090909090909,0.3181818181818182,0.14772727272727273,0.976819645602518,0.42696629213483145,0.5730337078651685,0.12215239688282051,0.06119717268964751,4,5,0.1590909090909091,0.013157894736842105,False,False
NQ,UPPER_k1,2022,2,1,90,0.4666666666666667,0.32222222222222224,0.14444444444444443,2.5032096968889164,0.4444444444444444,0.5555555555555556,0.12215239688282051,0.06119717268964751,4,5,0.1590909090909091,0.013157894736842105,False,False
NQ,UPPER_k2,2018,2,1,58,0.42857142857142855,0.39285714285714285,0.03571428571428571,2.3303201188150524,0.5172413793103449,0.4827586206896552,0.1155084845649138,0.1302586852229988,4,5,0.3191489361702128,0.021739130434782608,False,False
NQ,UPPER_k2,2019,2,1,37,0.40540540540540543,0.3783783783783784,0.02702702702702703,0.8990566877200763,0.5135135135135135,0.4864864864864865,0.1155084845649138,0.1302586852229988,4,5,0.3191489361702128,0.021739130434782608,False,False
NQ,UPPER_k2,2020,2,1,47,0.45652173913043476,0.2826086956521739,0.17391304347826086,1.0964316535646503,0.2765957446808511,0.723404255319149,0.1155084845649138,0.1302586852229988,4,5,0.3191489361702128,0.021739130434782608,False,False
NQ,UPPER_k2,2021,2,1,48,0.5957446808510638,0.2765957446808511,0.3191489361702128,4.4226614262497606,0.4375,0.5625,0.1155084845649138,0.1302586852229988,4,5,0.3191489361702128,0.021739130434782608,False,False
NQ,UPPER_k2,2022,2,1,46,0.3695652173913043,0.34782608695652173,0.021739130434782608,-0.835994106661019,0.43478260869565216,0.5652173913043478,0.1155084845649138,0.1302586852229988,4,5,0.3191489361702128,0.021739130434782608,False,False
NQ,UPPER_k3,2018,2,1,26,0.5769230769230769,0.3076923076923077,0.2692307692307692,5.073377721708766,0.5,0.5,0.08213891371786111,0.3458879672220479,4,3,0.35714285714285715,-0.45454545454545453,False,False
NQ,UPPER_k3,2019,2,1,19,0.42105263157894735,0.10526315789473684,0.3157894736842105,1.7410278693550936,0.631578947368421,0.3684210526315789,0.08213891371786111,0.3458879672220479,4,3,0.35714285714285715,-0.45454545454545453,False,False
NQ,UPPER_k3,2020,2,1,27,0.2692307692307692,0.34615384615384615,-0.07692307692307693,-1.049165870454999,0.48148148148148145,0.5185185185185185,0.08213891371786111,0.3458879672220479,4,3,0.35714285714285715,-0.45454545454545453,False,False
NQ,UPPER_k3,2021,2,1,29,0.5714285714285714,0.21428571428571427,0.35714285714285715,1.684131674694072,0.3793103448275862,0.6206896551724138,0.08213891371786111,0.3458879672220479,4,3,0.35714285714285715,-0.45454545454545453,False,False
NQ,UPPER_k3,2022,2,1,22,0.13636363636363635,0.5909090909090909,-0.45454545454545453,-2.5622868452883267,0.8181818181818182,0.18181818181818182,0.08213891371786111,0.3458879672220479,4,3,0.35714285714285715,-0.45454545454545453,False,False
ES,LOWER_k0,2018,5,2,175,0.3176470588235294,0.45294117647058824,-0.13529411764705881,-0.375,0.4685714285714286,0.5314285714285715,-0.0019414047137782942,0.07970047346402236,3,1,0.07878787878787878,-0.13529411764705881,False,False
ES,LOWER_k0,2019,5,2,170,0.43558282208588955,0.4110429447852761,0.024539877300613498,0.34999999999990905,0.591715976331361,0.40828402366863903,-0.0019414047137782942,0.07970047346402236,3,1,0.07878787878787878,-0.13529411764705881,False,False
ES,LOWER_k0,2020,5,2,181,0.42696629213483145,0.4101123595505618,0.016853932584269662,-0.22500000000013642,0.5833333333333334,0.4166666666666667,-0.0019414047137782942,0.07970047346402236,3,1,0.07878787878787878,-0.13529411764705881,False,False
ES,LOWER_k0,2021,5,2,169,0.4484848484848485,0.3696969696969697,0.07878787878787878,0.125,0.49700598802395207,0.5029940119760479,-0.0019414047137782942,0.07970047346402236,3,1,0.07878787878787878,-0.13529411764705881,False,False
ES,LOWER_k0,2022,5,2,188,0.3945945945945946,0.3891891891891892,0.005405405405405406,-0.25,0.5638297872340425,0.43617021276595747,-0.0019414047137782942,0.07970047346402236,3,1,0.07878787878787878,-0.13529411764705881,False,False
ES,LOWER_k1,2018,5,2,117,0.3333333333333333,0.4298245614035088,-0.09649122807017543,-0.12547812548359616,0.5299145299145299,0.4700854700854701,-0.03190736558933466,0.0896875014420967,4,3,0.07627118644067797,-0.11666666666666667,True,False
ES,LOWER_k1,2019,5,2,124,0.36134453781512604,0.4369747899159664,-0.07563025210084033,0.4812532450755498,0.5645161290322581,0.43548387096774194,-0.03190736558933466,0.0896875014420967,4,3,0.07627118644067797,-0.11666666666666667,True,False
ES,LOWER_k1,2020,5,2,121,0.36666666666666664,0.48333333333333334,-0.11666666666666667,-0.3581288525426771,0.5537190082644629,0.4462809917355372,-0.03190736558933466,0.0896875014420967,4,3,0.07627118644067797,-0.11666666666666667,True,False
ES,LOWER_k1,2021,5,2,118,0.4576271186440678,0.3813559322033898,0.07627118644067797,0.17495949523004128,0.5254237288135594,0.4745762711864407,-0.03190736558933466,0.0896875014420967,4,3,0.07627118644067797,-0.11666666666666667,True,False
ES,LOWER_k1,2022,5,2,153,0.41721854304635764,0.36423841059602646,0.052980132450331126,0.3090687142080242,0.46405228758169936,0.5359477124183006,-0.03190736558933466,0.0896875014420967,4,3,0.07627118644067797,-0.11666666666666667,True,False
ES,LOWER_k2,2018,5,2,80,0.3717948717948718,0.4230769230769231,-0.05128205128205128,-0.3315809363691642,0.475,0.525,-0.009465335205700318,0.09300402848528912,3,3,0.11904761904761904,-0.11904761904761904,False,False
ES,LOWER_k2,2019,5,2,88,0.4642857142857143,0.34523809523809523,0.11904761904761904,0.4993435780422715,0.5909090909090909,0.4090909090909091,-0.009465335205700318,0.09300402848528912,3,3,0.11904761904761904,-0.11904761904761904,False,False
ES,LOWER_k2,2020,5,2,85,0.4235294117647059,0.3764705882352941,0.047058823529411764,0.1920977492095517,0.5411764705882353,0.4588235294117647,-0.009465335205700318,0.09300402848528912,3,3,0.11904761904761904,-0.11904761904761904,False,False
ES,LOWER_k2,2021,5,2,84,0.32142857142857145,0.44047619047619047,-0.11904761904761904,-0.24182933708971177,0.5238095238095238,0.47619047619047616,-0.009465335205700318,0.09300402848528912,3,3,0.11904761904761904,-0.11904761904761904,False,False
ES,LOWER_k2,2022,5,2,116,0.3620689655172414,0.4051724137931034,-0.04310344827586207,0.6999931200468836,0.5431034482758621,0.45689655172413796,-0.009465335205700318,0.09300402848528912,3,3,0.11904761904761904,-0.11904761904761904,False,False
ES,LOWER_k3,2018,5,2,55,0.2962962962962963,0.4444444444444444,-0.14814814814814814,-0.5117707595607044,0.43636363636363634,0.5636363636363636,-0.03156469917952429,0.12677514270159568,4,2,0.07894736842105263,-0.18867924528301888,False,False
ES,LOWER_k3,2019,5,2,59,0.43103448275862066,0.39655172413793105,0.034482758620689655,0.5839455487714531,0.4576271186440678,0.5423728813559322,-0.03156469917952429,0.12677514270159568,4,2,0.07894736842105263,-0.18867924528301888,False,False
ES,LOWER_k3,2020,5,2,61,0.4098360655737705,0.3442622950819672,0.06557377049180328,-0.06896800557160532,0.5833333333333334,0.4166666666666667,-0.03156469917952429,0.12677514270159568,4,2,0.07894736842105263,-0.18867924528301888,False,False
ES,LOWER_k3,2021,5,2,53,0.2830188679245283,0.4716981132075472,-0.18867924528301888,-0.7330390921911203,0.6415094339622641,0.3584905660377358,-0.03156469917952429,0.12677514270159568,4,2,0.07894736842105263,-0.18867924528301888,False,False
ES,LOWER_k3,2022,5,2,76,0.42105263157894735,0.34210526315789475,0.07894736842105263,0.8035784410296856,0.4605263157894737,0.5394736842105263,-0.03156469917952429,0.12677514270159568,4,2,0.07894736842105263,-0.18867924528301888,False,False
ES,UPPER_k0,2018,5,2,176,0.39080459770114945,0.3735632183908046,0.017241379310344827,0.2625000000000455,0.44508670520231214,0.5549132947976878,0.01017166484110818,0.09534568302039337,3,3,0.11046511627906977,-0.10191082802547771,False,False
ES,UPPER_k0,2019,5,2,157,0.36942675159235666,0.4713375796178344,-0.10191082802547771,-0.0749999999998181,0.567741935483871,0.432258064516129,0.01017166484110818,0.09534568302039337,3,3,0.11046511627906977,-0.10191082802547771,False,False
ES,UPPER_k0,2020,5,2,176,0.3684210526315789,0.43859649122807015,-0.07017543859649122,0.09999999999990905,0.5511363636363636,0.44886363636363635,0.01017166484110818,0.09534568302039337,3,3,0.11046511627906977,-0.10191082802547771,False,False
ES,UPPER_k0,2021,5,2,169,0.4642857142857143,0.36904761904761907,0.09523809523809523,-0.062499999999772626,0.4260355029585799,0.5739644970414202,0.01017166484110818,0.09534568302039337,3,3,0.11046511627906977,-0.10191082802547771,False,False
ES,UPPER_k0,2022,5,2,173,0.5,0.38953488372093026,0.11046511627906977,0.012499999999818101,0.5029239766081871,0.49707602339181284,0.01017166484110818,0.09534568302039337,3,3,0.11046511627906977,-0.10191082802547771,False,False
ES,UPPER_k1,2018,5,2,137,0.37777777777777777,0.37037037037037035,0.007407407407407408,0.09722989569991114,0.5255474452554745,0.4744525547445255,0.0675760713288942,0.10772237547427126,3,4,0.23387096774193547,-0.05217391304347826,False,False
ES,UPPER_k1,2019,5,2,108,0.4444444444444444,0.3888888888888889,0.05555555555555555,0.3377276570899994,0.4444444444444444,0.5555555555555556,0.0675760713288942,0.10772237547427126,3,4,0.23387096774193547,-0.05217391304347826,False,False
ES,UPPER_k1,2020,5,2,118,0.4,0.45217391304347826,-0.05217391304347826,0.16050225803246576,0.5423728813559322,0.4576271186440678,0.0675760713288942,0.10772237547427126,3,4,0.23387096774193547,-0.05217391304347826,False,False
ES,UPPER_k1,2021,5,2,119,0.4491525423728814,0.3559322033898305,0.09322033898305085,0.399923880019287,0.3949579831932773,0.6050420168067226,0.0675760713288942,0.10772237547427126,3,4,0.23387096774193547,-0.05217391304347826,False,False
ES,UPPER_k1,2022,5,2,124,0.5403225806451613,0.3064516129032258,0.23387096774193547,0.543038065451583,0.4435483870967742,0.5564516129032258,0.0675760713288942,0.10772237547427126,3,4,0.23387096774193547,-0.05217391304347826,False,False
ES,UPPER_k2,2018,5,2,93,0.2967032967032967,0.45054945054945056,-0.15384615384615385,-0.4317971810587551,0.5806451612903226,0.41935483870967744,0.08366491279733287,0.17267991685874853,3,3,0.2602739726027397,-0.15384615384615385,False,False
ES,UPPER_k2,2019,5,2,73,0.5616438356164384,0.3013698630136986,0.2602739726027397,0.42361207428029957,0.5068493150684932,0.4931506849315068,0.08366491279733287,0.17267991685874853,3,3,0.2602739726027397,-0.15384615384615385,False,False
ES,UPPER_k2,2020,5,2,79,0.45454545454545453,0.36363636363636365,0.09090909090909091,-0.23553336519898949,0.5063291139240507,0.4936708860759494,0.08366491279733287,0.17267991685874853,3,3,0.2602739726027397,-0.15384615384615385,False,False
ES,UPPER_k2,2021,5,2,82,0.4074074074074074,0.41975308641975306,-0.012345679012345678,0.4444546945815091,0.524390243902439,0.47560975609756095,0.08366491279733287,0.17267991685874853,3,3,0.2602739726027397,-0.15384615384615385,False,False
ES,UPPER_k2,2022,5,2,90,0.5333333333333333,0.3,0.23333333333333334,0.8550173556682239,0.4,0.6,0.08366491279733287,0.17267991685874853,3,3,0.2602739726027397,-0.15384615384615385,False,False
ES,UPPER_k3,2018,5,2,62,0.3442622950819672,0.45901639344262296,-0.11475409836065574,-0.5700388598429527,0.5483870967741935,0.45161290322580644,0.022197754628071824,0.14525123449858468,3,3,0.1694915254237288,-0.1509433962264151,False,False
ES,UPPER_k3,2019,5,2,59,0.423728813559322,0.3389830508474576,0.0847457627118644,0.42509690068072814,0.5084745762711864,0.4915254237288136,0.022197754628071824,0.14525123449858468,3,3,0.1694915254237288,-0.1509433962264151,False,False
ES,UPPER_k3,2020,5,2,54,0.2641509433962264,0.41509433962264153,-0.1509433962264151,-0.9441181696561216,0.5555555555555556,0.4444444444444444,0.022197754628071824,0.14525123449858468,3,3,0.1694915254237288,-0.1509433962264151,False,False
ES,UPPER_k3,2021,5,2,50,0.46938775510204084,0.3469387755102041,0.12244897959183673,0.6818368304948308,0.5,0.5,0.022197754628071824,0.14525123449858468,3,3,0.1694915254237288,-0.1509433962264151,False,False
ES,UPPER_k3,2022,5,2,59,0.5084745762711864,0.3389830508474576,0.1694915254237288,1.0783482197348349,0.4576271186440678,0.5423728813559322,0.022197754628071824,0.14525123449858468,3,3,0.1694915254237288,-0.1509433962264151,False,False
NQ,LOWER_k0,2018,5,2,174,0.3058823529411765,0.5294117647058824,-0.2235294117647059,-1.6875,0.5632183908045977,0.4367816091954023,-0.042277330512624625,0.13008336298921697,3,2,0.10588235294117647,-0.2235294117647059,False,False
NQ,LOWER_k0,2019,5,2,170,0.3696969696969697,0.4909090909090909,-0.12121212121212122,-0.1000000000003638,0.5178571428571429,0.48214285714285715,-0.042277330512624625,0.13008336298921697,3,2,0.10588235294117647,-0.2235294117647059,False,False
NQ,LOWER_k0,2020,5,2,172,0.45294117647058824,0.34705882352941175,0.10588235294117647,-0.6875,0.4941860465116279,0.5058139534883721,-0.042277330512624625,0.13008336298921697,3,2,0.10588235294117647,-0.2235294117647059,False,False
NQ,LOWER_k0,2021,5,2,174,0.4186046511627907,0.4186046511627907,0.0,1.237500000000182,0.5574712643678161,0.4425287356321839,-0.042277330512624625,0.13008336298921697,3,2,0.10588235294117647,-0.2235294117647059,False,False
NQ,LOWER_k0,2022,5,2,184,0.41208791208791207,0.38461538461538464,0.027472527472527472,4.887499999999818,0.5869565217391305,0.41304347826086957,-0.042277330512624625,0.13008336298921697,3,2,0.10588235294117647,-0.2235294117647059,False,False
NQ,LOWER_k1,2018,5,2,111,0.4036697247706422,0.3486238532110092,0.05504587155963303,-0.3808217167170369,0.5315315315315315,0.46846846846846846,-0.007276246516138435,0.10038127222152159,4,2,0.07801418439716312,-0.17647058823529413,False,False
NQ,LOWER_k1,2019,5,2,122,0.33613445378151263,0.5126050420168067,-0.17647058823529413,0.04720391032969928,0.5983606557377049,0.4016393442622951,-0.007276246516138435,0.10038127222152159,4,2,0.07801418439716312,-0.17647058823529413,False,False
NQ,LOWER_k1,2020,5,2,130,0.3953488372093023,0.3798449612403101,0.015503875968992248,-3.1407498991447937,0.5307692307692308,0.46923076923076923,-0.007276246516138435,0.10038127222152159,4,2,0.07801418439716312,-0.17647058823529413,False,False
NQ,LOWER_k1,2021,5,2,119,0.3983050847457627,0.4067796610169492,-0.00847457627118644,0.7834237725646744,0.5630252100840336,0.4369747899159664,-0.007276246516138435,0.10038127222152159,4,2,0.07801418439716312,-0.17647058823529413,False,False
NQ,LOWER_k1,2022,5,2,143,0.45390070921985815,0.375886524822695,0.07801418439716312,1.9436232817024575,0.4825174825174825,0.5174825174825175,-0.007276246516138435,0.10038127222152159,4,2,0.07801418439716312,-0.17647058823529413,False,False
NQ,LOWER_k2,2018,5,2,85,0.37349397590361444,0.4457831325301205,-0.07228915662650602,-1.5511241666854403,0.49411764705882355,0.5058823529411764,-0.008775832190616648,0.06509484768317346,3,2,0.06521739130434782,-0.08235294117647059,False,False
NQ,LOWER_k2,2019,5,2,76,0.43243243243243246,0.40540540540540543,0.02702702702702703,0.89372570148862,0.5394736842105263,0.4605263157894737,-0.008775832190616648,0.06509484768317346,3,2,0.06521739130434782,-0.08235294117647059,False,False
NQ,LOWER_k2,2020,5,2,92,0.45652173913043476,0.391304347826087,0.06521739130434782,0.20998501456870144,0.5978260869565217,0.40217391304347827,-0.008775832190616648,0.06509484768317346,3,2,0.06521739130434782,-0.08235294117647059,False,False
NQ,LOWER_k2,2021,5,2,85,0.3764705882352941,0.4588235294117647,-0.08235294117647059,-0.9491769233682135,0.611764705882353,0.38823529411764707,-0.008775832190616648,0.06509484768317346,3,2,0.06521739130434782,-0.08235294117647059,False,False
NQ,LOWER_k2,2022,5,2,110,0.4074074074074074,0.3888888888888889,0.018518518518518517,3.138428059335638,0.5,0.5,-0.008775832190616648,0.06509484768317346,3,2,0.06521739130434782,-0.08235294117647059,False,False
NQ,LOWER_k3,2018,5,2,64,0.36507936507936506,0.38095238095238093,-0.015873015873015872,-0.6993181480056592,0.484375,0.515625,-0.04887211702329661,0.03507913560112026,4,5,-0.015873015873015872,-0.09615384615384616,False,False
NQ,LOWER_k3,2019,5,2,53,0.36538461538461536,0.46153846153846156,-0.09615384615384616,0.5877958508581287,0.5849056603773585,0.41509433962264153,-0.04887211702329661,0.03507913560112026,4,5,-0.015873015873015872,-0.09615384615384616,False,False
NQ,LOWER_k3,2020,5,2,62,0.3709677419354839,0.3870967741935484,-0.016129032258064516,2.1624135807387574,0.5806451612903226,0.41935483870967744,-0.04887211702329661,0.03507913560112026,4,5,-0.015873015873015872,-0.09615384615384616,False,False
NQ,LOWER_k3,2021,5,2,56,0.39285714285714285,0.4642857142857143,-0.07142857142857142,2.716369285152723,0.5178571428571429,0.48214285714285715,-0.04887211702329661,0.03507913560112026,4,5,-0.015873015873015872,-0.09615384615384616,False,False
NQ,LOWER_k3,2022,5,2,67,0.3880597014925373,0.43283582089552236,-0.04477611940298507,1.204412337316171,0.5223880597014925,0.47761194029850745,-0.04887211702329661,0.03507913560112026,4,5,-0.015873015873015872,-0.09615384615384616,False,False
NQ,UPPER_k0,2018,5,2,183,0.4143646408839779,0.3756906077348066,0.03867403314917127,1.3500000000003638,0.46994535519125685,0.5300546448087432,0.09222512334122776,0.03844334031792669,3,5,0.14367816091954022,0.03867403314917127,True,False
NQ,UPPER_k0,2019,5,2,156,0.4645161290322581,0.36774193548387096,0.0967741935483871,0.6499999999996362,0.432258064516129,0.567741935483871,0.09222512334122776,0.03844334031792669,3,5,0.14367816091954022,0.03867403314917127,True,False
NQ,UPPER_k0,2020,5,2,179,0.47126436781609193,0.3275862068965517,0.14367816091954022,3.399999999999636,0.4581005586592179,0.5418994413407822,0.09222512334122776,0.03844334031792669,3,5,0.14367816091954022,0.03867403314917127,True,False
NQ,UPPER_k0,2021,5,2,182,0.46408839779005523,0.3867403314917127,0.07734806629834254,2.9500000000007276,0.4230769230769231,0.5769230769230769,0.09222512334122776,0.03844334031792669,3,5,0.14367816091954022,0.03867403314917127,True,False
NQ,UPPER_k0,2022,5,2,174,0.48255813953488375,0.37790697674418605,0.10465116279069768,0.8499999999994543,0.47701149425287354,0.5229885057471264,0.09222512334122776,0.03844334031792669,3,5,0.14367816091954022,0.03867403314917127,True,False
NQ,UPPER_k1,2018,5,2,135,0.47368421052631576,0.3533834586466165,0.12030075187969924,1.6288935659686103,0.4222222222222222,0.5777777777777777,0.09662836546406084,0.07548501166272688,4,4,0.15748031496062992,-0.034782608695652174,True,False
NQ,UPPER_k1,2019,5,2,115,0.391304347826087,0.4260869565217391,-0.034782608695652174,1.2748456825393077,0.5043478260869565,0.4956521739130435,0.09662836546406084,0.07548501166272688,4,4,0.15748031496062992,-0.034782608695652174,True,False
NQ,UPPER_k1,2020,5,2,131,0.48031496062992124,0.3228346456692913,0.15748031496062992,0.6159091369408998,0.44274809160305345,0.5572519083969466,0.09662836546406084,0.07548501166272688,4,4,0.15748031496062992,-0.034782608695652174,True,False
NQ,UPPER_k1,2021,5,2,127,0.48412698412698413,0.373015873015873,0.1111111111111111,3.040756117635283,0.4645669291338583,0.5354330708661418,0.09662836546406084,0.07548501166272688,4,4,0.15748031496062992,-0.034782608695652174,True,False
NQ,UPPER_k1,2022,5,2,124,0.49193548387096775,0.3629032258064516,0.12903225806451613,4.0503252518510635,0.4596774193548387,0.5403225806451613,0.09662836546406084,0.07548501166272688,4,4,0.15748031496062992,-0.034782608695652174,True,False
NQ,UPPER_k2,2018,5,2,90,0.4431818181818182,0.375,0.06818181818181818,0.6505679882384356,0.5,0.5,0.12674689368883207,0.061222431176934086,4,5,0.19767441860465115,0.06818181818181818,False,False
NQ,UPPER_k2,2019,5,2,79,0.46835443037974683,0.3924050632911392,0.0759493670886076,-0.3166273171464127,0.5316455696202531,0.46835443037974683,0.12674689368883207,0.061222431176934086,4,5,0.19767441860465115,0.06818181818181818,False,False
NQ,UPPER_k2,2020,5,2,88,0.4588235294117647,0.35294117647058826,0.10588235294117647,1.2727876087756158,0.3977272727272727,0.6022727272727273,0.12674689368883207,0.061222431176934086,4,5,0.19767441860465115,0.06818181818181818,False,False
NQ,UPPER_k2,2021,5,2,87,0.5348837209302325,0.3488372093023256,0.18604651162790697,0.9641508004124262,0.5172413793103449,0.4827586206896552,0.12674689368883207,0.061222431176934086,4,5,0.19767441860465115,0.06818181818181818,False,False
NQ,UPPER_k2,2022,5,2,86,0.5116279069767442,0.313953488372093,0.19767441860465115,5.12655450542934,0.4186046511627907,0.5813953488372093,0.12674689368883207,0.061222431176934086,4,5,0.19767441860465115,0.06818181818181818,False,False
NQ,UPPER_k3,2018,5,2,65,0.47619047619047616,0.3968253968253968,0.07936507936507936,2.186690520665252,0.5076923076923077,0.49230769230769234,0.058491611698442816,0.045737549661234396,4,4,0.09803921568627451,-0.016666666666666666,False,False
NQ,UPPER_k3,2019,5,2,51,0.45098039215686275,0.35294117647058826,0.09803921568627451,-0.9754629523795302,0.5686274509803921,0.43137254901960786,0.058491611698442816,0.045737549661234396,4,4,0.09803921568627451,-0.016666666666666666,False,False
NQ,UPPER_k3,2020,5,2,63,0.41935483870967744,0.3709677419354839,0.04838709677419355,0.7239731726012906,0.5238095238095238,0.47619047619047616,0.058491611698442816,0.045737549661234396,4,4,0.09803921568627451,-0.016666666666666666,False,False
NQ,UPPER_k3,2021,5,2,61,0.4666666666666667,0.38333333333333336,0.08333333333333333,-3.970655194556457,0.5081967213114754,0.4918032786885246,0.058491611698442816,0.045737549661234396,4,4,0.09803921568627451,-0.016666666666666666,False,False
NQ,UPPER_k3,2022,5,2,60,0.4,0.4166666666666667,-0.016666666666666666,4.9622073151122095,0.6,0.4,0.058491611698442816,0.045737549661234396,4,4,0.09803921568627451,-0.016666666666666666,False,False
ES,LOWER_k0,2018,1,30,106,0.2815533980582524,0.47572815533980584,-0.1941747572815534,-0.47499999999990905,0.5283018867924528,0.4716981132075472,-0.06708354972002549,0.07982869179016897,4,4,0.009345794392523364,-0.1941747572815534,False,False
ES,LOWER_k0,2019,1,30,112,0.4392523364485981,0.42990654205607476,0.009345794392523364,1.574999999999818,0.6306306306306306,0.36936936936936937,-0.06708354972002549,0.07982869179016897,4,4,0.009345794392523364,-0.1941747572815534,False,False
ES,LOWER_k0,2020,1,30,114,0.3805309734513274,0.4424778761061947,-0.061946902654867256,-1.449999999999818,0.6140350877192983,0.38596491228070173,-0.06708354972002549,0.07982869179016897,4,4,0.009345794392523364,-0.1941747572815534,False,False
ES,LOWER_k0,2021,1,30,107,0.41509433962264153,0.42452830188679247,-0.009433962264150943,-0.5125000000002728,0.5333333333333333,0.4666666666666667,-0.06708354972002549,0.07982869179016897,4,4,0.009345794392523364,-0.1941747572815534,False,False
ES,LOWER_k0,2022,1,30,101,0.3465346534653465,0.42574257425742573,-0.07920792079207921,1.949999999999818,0.6138613861386139,0.38613861386138615,-0.06708354972002549,0.07982869179016897,4,4,0.009345794392523364,-0.1941747572815534,False,False
ES,LOWER_k1,2018,1,30,49,0.22916666666666666,0.4166666666666667,-0.1875,-1.176050019944796,0.5306122448979592,0.46938775510204084,-0.07600428428596791,0.11828329783460276,4,4,0.08888888888888889,-0.19148936170212766,True,False
ES,LOWER_k1,2019,1,30,46,0.36363636363636365,0.4318181818181818,-0.06818181818181818,1.479018333005115,0.6956521739130435,0.30434782608695654,-0.07600428428596791,0.11828329783460276,4,4,0.08888888888888889,-0.19148936170212766,True,False
ES,LOWER_k1,2020,1,30,48,0.2978723404255319,0.48936170212765956,-0.19148936170212766,-2.990583712464286,0.6041666666666666,0.3958333333333333,-0.07600428428596791,0.11828329783460276,4,4,0.08888888888888889,-0.19148936170212766,True,False
ES,LOWER_k1,2021,1,30,46,0.391304347826087,0.41304347826086957,-0.021739130434782608,-0.5300656457159221,0.6086956521739131,0.391304347826087,-0.07600428428596791,0.11828329783460276,4,4,0.08888888888888889,-0.19148936170212766,True,False
ES,LOWER_k1,2022,1,30,45,0.4,0.3111111111111111,0.08888888888888889,1.6537328441231693,0.4666666666666667,0.5333333333333333,-0.07600428428596791,0.11828329783460276,4,4,0.08888888888888889,-0.19148936170212766,True,False
ES,LOWER_k2,2018,1,30,24,0.20833333333333334,0.5,-0.2916666666666667,-0.9945253664941447,0.4166666666666667,0.5833333333333334,-0.17925869952724174,0.2329752610244658,4,4,0.23529411764705882,-0.3181818181818182,False,False
ES,LOWER_k2,2019,1,30,18,0.47058823529411764,0.23529411764705882,0.23529411764705882,2.066279122159358,0.5,0.5,-0.17925869952724174,0.2329752610244658,4,4,0.23529411764705882,-0.3181818181818182,False,False
ES,LOWER_k2,2020,1,30,23,0.21739130434782608,0.4782608695652174,-0.2608695652173913,-6.437419249432878,0.7391304347826086,0.2608695652173913,-0.17925869952724174,0.2329752610244658,4,4,0.23529411764705882,-0.3181818181818182,False,False
ES,LOWER_k2,2021,1,30,23,0.17391304347826086,0.43478260869565216,-0.2608695652173913,-0.75,0.7391304347826086,0.2608695652173913,-0.17925869952724174,0.2329752610244658,4,4,0.23529411764705882,-0.3181818181818182,False,False
ES,LOWER_k2,2022,1,30,22,0.18181818181818182,0.5,-0.3181818181818182,-2.186511308664876,0.5909090909090909,0.4090909090909091,-0.17925869952724174,0.2329752610244658,4,4,0.23529411764705882,-0.3181818181818182,False,False
ES,LOWER_k3,2018,1,30,15,0.06666666666666667,0.5333333333333333,-0.4666666666666667,1.6554661630816554,0.5333333333333333,0.4666666666666667,-0.21484848484848484,0.1755693872339385,4,5,-0.08333333333333333,-0.4666666666666667,False,False
ES,LOWER_k3,2019,1,30,10,0.3,0.4,-0.1,1.355524992259916,0.4,0.6,-0.21484848484848484,0.1755693872339385,4,5,-0.08333333333333333,-0.4666666666666667,False,False
ES,LOWER_k3,2020,1,30,11,0.2727272727272727,0.36363636363636365,-0.09090909090909091,-9.565494294372456,0.8181818181818182,0.18181818181818182,-0.21484848484848484,0.1755693872339385,4,5,-0.08333333333333333,-0.4666666666666667,False,False
ES,LOWER_k3,2021,1,30,12,0.25,0.3333333333333333,-0.08333333333333333,-2.7608717285943385,0.8333333333333334,0.16666666666666666,-0.21484848484848484,0.1755693872339385,4,5,-0.08333333333333333,-0.4666666666666667,False,False
ES,LOWER_k3,2022,1,30,15,0.2,0.5333333333333333,-0.3333333333333333,-5.575694390869103,0.7333333333333333,0.26666666666666666,-0.21484848484848484,0.1755693872339385,4,5,-0.08333333333333333,-0.4666666666666667,False,False
ES,UPPER_k0,2018,1,30,105,0.375,0.38461538461538464,-0.009615384615384616,0.23749999999995453,0.47572815533980584,0.5242718446601942,-0.0018320254521696027,0.07896716769697308,4,3,0.10434782608695652,-0.07766990291262135,False,False
ES,UPPER_k0,2019,1,30,103,0.3883495145631068,0.46601941747572817,-0.07766990291262135,1.099999999999909,0.5643564356435643,0.43564356435643564,-0.0018320254521696027,0.07896716769697308,4,3,0.10434782608695652,-0.07766990291262135,False,False
ES,UPPER_k0,2020,1,30,112,0.38317757009345793,0.45794392523364486,-0.07476635514018691,0.0500000000001819,0.5535714285714286,0.44642857142857145,-0.0018320254521696027,0.07896716769697308,4,3,0.10434782608695652,-0.07766990291262135,False,False
ES,UPPER_k0,2021,1,30,104,0.47572815533980584,0.42718446601941745,0.04854368932038835,1.425000000000182,0.46153846153846156,0.5384615384615384,-0.0018320254521696027,0.07896716769697308,4,3,0.10434782608695652,-0.07766990291262135,False,False
ES,UPPER_k0,2022,1,30,115,0.4956521739130435,0.391304347826087,0.10434782608695652,1.224999999999909,0.48672566371681414,0.5132743362831859,-0.0018320254521696027,0.07896716769697308,4,3,0.10434782608695652,-0.07766990291262135,False,False
ES,UPPER_k1,2018,1,30,55,0.3148148148148148,0.42592592592592593,-0.1111111111111111,-0.5404293784297352,0.6,0.4,-0.00020202020202020332,0.09692273168221782,3,3,0.15555555555555556,-0.1111111111111111,False,False
ES,UPPER_k1,2019,1,30,46,0.43478260869565216,0.43478260869565216,0.0,0.8150925308905244,0.45652173913043476,0.5434782608695652,-0.00020202020202020332,0.09692273168221782,3,3,0.15555555555555556,-0.1111111111111111,False,False
ES,UPPER_k1,2020,1,30,46,0.36363636363636365,0.38636363636363635,-0.022727272727272728,2.4265453198293017,0.5217391304347826,0.4782608695652174,-0.00020202020202020332,0.09692273168221782,3,3,0.15555555555555556,-0.1111111111111111,False,False
ES,UPPER_k1,2021,1,30,44,0.38636363636363635,0.4090909090909091,-0.022727272727272728,2.3051462780081238,0.4318181818181818,0.5681818181818182,-0.00020202020202020332,0.09692273168221782,3,3,0.15555555555555556,-0.1111111111111111,False,False
ES,UPPER_k1,2022,1,30,45,0.4222222222222222,0.26666666666666666,0.15555555555555556,-0.5659522934674897,0.4666666666666667,0.5333333333333333,-0.00020202020202020332,0.09692273168221782,3,3,0.15555555555555556,-0.1111111111111111,False,False
ES,UPPER_k2,2018,1,30,24,0.17391304347826086,0.391304347826087,-0.21739130434782608,-0.730409346599572,0.625,0.375,0.0041407867494824,0.13843022311024816,3,2,0.14285714285714285,-0.21739130434782608,False,False
ES,UPPER_k2,2019,1,30,21,0.47619047619047616,0.38095238095238093,0.09523809523809523,-1.0691729277637023,0.6666666666666666,0.3333333333333333,0.0041407867494824,0.13843022311024816,3,2,0.14285714285714285,-0.21739130434782608,False,False
ES,UPPER_k2,2020,1,30,23,0.47619047619047616,0.3333333333333333,0.14285714285714285,3.564068667636093,0.43478260869565216,0.5652173913043478,0.0041407867494824,0.13843022311024816,3,2,0.14285714285714285,-0.21739130434782608,False,False
ES,UPPER_k2,2021,1,30,23,0.391304347826087,0.391304347826087,0.0,5.3632887469957495,0.5217391304347826,0.4782608695652174,0.0041407867494824,0.13843022311024816,3,2,0.14285714285714285,-0.21739130434782608,False,False
ES,UPPER_k2,2022,1,30,14,0.35714285714285715,0.35714285714285715,0.0,-5.624083193016304,0.5,0.5,0.0041407867494824,0.13843022311024816,3,2,0.14285714285714285,-0.21739130434782608,False,False
ES,UPPER_k3,2018,1,30,10,0.1111111111111111,0.4444444444444444,-0.3333333333333333,-3.042935922772358,0.8,0.2,-0.024999999999999994,0.26286350492645844,3,2,0.375,-0.3333333333333333,False,False
ES,UPPER_k3,2019,1,30,9,0.4444444444444444,0.4444444444444444,0.0,0.8935067459756283,0.7777777777777778,0.2222222222222222,-0.024999999999999994,0.26286350492645844,3,2,0.375,-0.3333333333333333,False,False
ES,UPPER_k3,2020,1,30,9,0.25,0.25,0.0,0.6511042673014344,0.3333333333333333,0.6666666666666666,-0.024999999999999994,0.26286350492645844,3,2,0.375,-0.3333333333333333,False,False
ES,UPPER_k3,2021,1,30,8,0.5,0.125,0.375,14.732226637981057,0.375,0.625,-0.024999999999999994,0.26286350492645844,3,2,0.375,-0.3333333333333333,False,False
ES,UPPER_k3,2022,1,30,6,0.16666666666666666,0.3333333333333333,-0.16666666666666666,-8.98220928705905,0.3333333333333333,0.6666666666666666,-0.024999999999999994,0.26286350492645844,3,2,0.375,-0.3333333333333333,False,False
NQ,LOWER_k0,2018,1,30,107,0.25961538461538464,0.5673076923076923,-0.3076923076923077,-1.537499999999909,0.5794392523364486,0.4205607476635514,-0.08557207498383969,0.1284478452723342,4,4,0.01904761904761905,-0.3076923076923077,False,False
NQ,LOWER_k0,2019,1,30,104,0.4117647058823529,0.45098039215686275,-0.0392156862745098,6.237500000000182,0.5339805825242718,0.46601941747572817,-0.08557207498383969,0.1284478452723342,4,4,0.01904761904761905,-0.3076923076923077,False,False
NQ,LOWER_k0,2020,1,30,106,0.4095238095238095,0.3904761904761905,0.01904761904761905,-12.274999999999636,0.5566037735849056,0.44339622641509435,-0.08557207498383969,0.1284478452723342,4,4,0.01904761904761905,-0.3076923076923077,False,False
NQ,LOWER_k0,2021,1,30,111,0.37272727272727274,0.44545454545454544,-0.07272727272727272,-4.375,0.5855855855855856,0.4144144144144144,-0.08557207498383969,0.1284478452723342,4,4,0.01904761904761905,-0.3076923076923077,False,False
NQ,LOWER_k0,2022,1,30,110,0.35454545454545455,0.38181818181818183,-0.02727272727272727,16.462500000000546,0.6090909090909091,0.39090909090909093,-0.08557207498383969,0.1284478452723342,4,4,0.01904761904761905,-0.3076923076923077,False,False
NQ,LOWER_k1,2018,1,30,46,0.2,0.4444444444444444,-0.24444444444444444,6.290640782884111,0.6086956521739131,0.391304347826087,-0.18661603732153362,0.10541219848950008,3,5,-0.06818181818181818,-0.3333333333333333,False,False
NQ,LOWER_k1,2019,1,30,54,0.24074074074074073,0.5740740740740741,-0.3333333333333333,7.20016290501917,0.6481481481481481,0.35185185185185186,-0.18661603732153362,0.10541219848950008,3,5,-0.06818181818181818,-0.3333333333333333,False,False
NQ,LOWER_k1,2020,1,30,47,0.30434782608695654,0.4782608695652174,-0.17391304347826086,-9.96209772830025,0.6170212765957447,0.3829787234042553,-0.18661603732153362,0.10541219848950008,3,5,-0.06818181818181818,-0.3333333333333333,False,False
NQ,LOWER_k1,2021,1,30,53,0.33962264150943394,0.4528301886792453,-0.11320754716981132,-9.959623716980786,0.6226415094339622,0.37735849056603776,-0.18661603732153362,0.10541219848950008,3,5,-0.06818181818181818,-0.3333333333333333,False,False
NQ,LOWER_k1,2022,1,30,44,0.36363636363636365,0.4318181818181818,-0.06818181818181818,-21.66198492015883,0.6136363636363636,0.38636363636363635,-0.18661603732153362,0.10541219848950008,3,5,-0.06818181818181818,-0.3333333333333333,False,False
NQ,LOWER_k2,2018,1,30,24,0.13043478260869565,0.6086956521739131,-0.4782608695652174,4.621409823820613,0.5833333333333334,0.4166666666666667,-0.1827866768370201,0.17003858791040685,4,5,-0.05263157894736842,-0.4782608695652174,False,False
NQ,LOWER_k2,2019,1,30,19,0.3157894736842105,0.3684210526315789,-0.05263157894736842,5.8135181693351115,0.631578947368421,0.3684210526315789,-0.1827866768370201,0.17003858791040685,4,5,-0.05263157894736842,-0.4782608695652174,False,False
NQ,LOWER_k2,2020,1,30,18,0.2777777777777778,0.3888888888888889,-0.1111111111111111,-12.529459589622093,0.6111111111111112,0.3888888888888889,-0.1827866768370201,0.17003858791040685,4,5,-0.05263157894736842,-0.4782608695652174,False,False
NQ,LOWER_k2,2021,1,30,24,0.3333333333333333,0.5,-0.16666666666666666,16.827456022294427,0.7083333333333334,0.2916666666666667,-0.1827866768370201,0.17003858791040685,4,5,-0.05263157894736842,-0.4782608695652174,False,False
NQ,LOWER_k2,2022,1,30,19,0.3157894736842105,0.42105263157894735,-0.10526315789473684,-26.330212192318868,0.7894736842105263,0.21052631578947367,-0.1827866768370201,0.17003858791040685,4,5,-0.05263157894736842,-0.4782608695652174,False,False
NQ,LOWER_k3,2018,1,30,13,0.0,0.6153846153846154,-0.6153846153846154,2.8071147357304653,0.6923076923076923,0.3076923076923077,-0.18974358974358974,0.2919957990790551,3,3,0.125,-0.6153846153846154,False,False
NQ,LOWER_k3,2019,1,30,9,0.3333333333333333,0.3333333333333333,0.0,7.365135675994679,0.6666666666666666,0.3333333333333333,-0.18974358974358974,0.2919957990790551,3,3,0.125,-0.6153846153846154,False,False
NQ,LOWER_k3,2020,1,30,9,0.2222222222222222,0.5555555555555556,-0.3333333333333333,-12.800151821240433,0.6666666666666666,0.3333333333333333,-0.18974358974358974,0.2919957990790551,3,3,0.125,-0.6153846153846154,False,False
NQ,LOWER_k3,2021,1,30,8,0.375,0.25,0.125,36.23156681670025,0.75,0.25,-0.18974358974358974,0.2919957990790551,3,3,0.125,-0.6153846153846154,False,False
NQ,LOWER_k3,2022,1,30,8,0.375,0.5,-0.125,5.411754904064765,0.75,0.25,-0.18974358974358974,0.2919957990790551,3,3,0.125,-0.6153846153846154,False,False
NQ,UPPER_k0,2018,1,30,114,0.4017857142857143,0.38392857142857145,0.017857142857142856,6.4375,0.4473684210526316,0.5526315789473685,0.09147675515829674,0.06316308209961842,3,5,0.1568627450980392,0.017857142857142856,False,False
NQ,UPPER_k0,2019,1,30,103,0.5196078431372549,0.3627450980392157,0.1568627450980392,3.912500000000364,0.4117647058823529,0.5882352941176471,0.09147675515829674,0.06316308209961842,3,5,0.1568627450980392,0.017857142857142856,False,False
NQ,UPPER_k0,2020,1,30,109,0.44761904761904764,0.3619047619047619,0.08571428571428572,-0.3500000000003638,0.47706422018348627,0.5229357798165137,0.09147675515829674,0.06316308209961842,3,5,0.1568627450980392,0.017857142857142856,False,False
NQ,UPPER_k0,2021,1,30,117,0.4482758620689655,0.4051724137931034,0.04310344827586207,12.987500000000182,0.452991452991453,0.5470085470085471,0.09147675515829674,0.06316308209961842,3,5,0.1568627450980392,0.017857142857142856,False,False
NQ,UPPER_k0,2022,1,30,117,0.49572649572649574,0.3418803418803419,0.15384615384615385,9.325000000000728,0.452991452991453,0.5470085470085471,0.09147675515829674,0.06316308209961842,3,5,0.1568627450980392,0.017857142857142856,False,False
NQ,UPPER_k1,2018,1,30,48,0.5,0.3333333333333333,0.16666666666666666,6.221585741109266,0.4791666666666667,0.5208333333333334,0.08969508752117447,0.12572193958395442,4,4,0.17391304347826086,-0.11363636363636363,False,False
NQ,UPPER_k1,2019,1,30,44,0.36363636363636365,0.4772727272727273,-0.11363636363636363,5.698397072962507,0.5681818181818182,0.4318181818181818,0.08969508752117447,0.12572193958395442,4,4,0.17391304347826086,-0.11363636363636363,False,False
NQ,UPPER_k1,2020,1,30,44,0.38095238095238093,0.3333333333333333,0.047619047619047616,-5.212004092555617,0.5227272727272727,0.4772727272727273,0.08969508752117447,0.12572193958395442,4,4,0.17391304347826086,-0.11363636363636363,False,False
NQ,UPPER_k1,2021,1,30,46,0.5,0.32608695652173914,0.17391304347826086,11.285465030296109,0.391304347826087,0.6086956521739131,0.08969508752117447,0.12572193958395442,4,4,0.17391304347826086,-0.11363636363636363,False,False
NQ,UPPER_k1,2022,1,30,46,0.5,0.32608695652173914,0.17391304347826086,23.108938027271506,0.43478260869565216,0.5652173913043478,0.08969508752117447,0.12572193958395442,4,4,0.17391304347826086,-0.11363636363636363,False,False
NQ,UPPER_k2,2018,1,30,19,0.2631578947368421,0.5263157894736842,-0.2631578947368421,3.9442210948045613,0.5789473684210527,0.42105263157894735,-0.03671052631578947,0.22556120377449543,3,3,0.3,-0.2631578947368421,False,False
NQ,UPPER_k2,2019,1,30,19,0.3157894736842105,0.5263157894736842,-0.21052631578947367,-0.4738395772201329,0.5789473684210527,0.42105263157894735,-0.03671052631578947,0.22556120377449543,3,3,0.3,-0.2631578947368421,False,False
NQ,UPPER_k2,2020,1,30,20,0.3684210526315789,0.3157894736842105,0.05263157894736842,10.819870654257102,0.25,0.75,-0.03671052631578947,0.22556120377449543,3,3,0.3,-0.2631578947368421,False,False
NQ,UPPER_k2,2021,1,30,20,0.55,0.25,0.3,30.28304785254204,0.45,0.55,-0.03671052631578947,0.22556120377449543,3,3,0.3,-0.2631578947368421,False,False
NQ,UPPER_k2,2022,1,30,16,0.25,0.3125,-0.0625,11.859154647388095,0.375,0.625,-0.03671052631578947,0.22556120377449543,3,3,0.3,-0.2631578947368421,False,False
NQ,UPPER_k3,2018,1,30,8,0.375,0.5,-0.125,5.486292913449688,0.875,0.125,0.0659090909090909,0.2844139577397854,4,3,0.3333333333333333,-0.3333333333333333,False,False
NQ,UPPER_k3,2019,1,30,6,0.5,0.16666666666666666,0.3333333333333333,3.4126628328749575,0.8333333333333334,0.16666666666666666,0.0659090909090909,0.2844139577397854,4,3,0.3333333333333333,-0.3333333333333333,False,False
NQ,UPPER_k3,2020,1,30,12,0.45454545454545453,0.2727272727272727,0.18181818181818182,32.515384372387416,0.3333333333333333,0.6666666666666666,0.0659090909090909,0.2844139577397854,4,3,0.3333333333333333,-0.3333333333333333,False,False
NQ,UPPER_k3,2021,1,30,11,0.45454545454545453,0.18181818181818182,0.2727272727272727,37.96795154604479,0.45454545454545453,0.5454545454545454,0.0659090909090909,0.2844139577397854,4,3,0.3333333333333333,-0.3333333333333333,False,False
NQ,UPPER_k3,2022,1,30,3,0.0,0.3333333333333333,-0.3333333333333333,-46.15968538398192,0.3333333333333333,0.6666666666666666,0.0659090909090909,0.2844139577397854,4,3,0.3333333333333333,-0.3333333333333333,False,False
ES,LOWER_k0,2018,2,30,137,0.31343283582089554,0.4925373134328358,-0.1791044776119403,-0.41249999999990905,0.49635036496350365,0.5036496350364964,-0.02162032304232263,0.09959128763694955,4,3,0.06666666666666667,-0.1791044776119403,False,False
ES,LOWER_k0,2019,2,30,140,0.4701492537313433,0.41044776119402987,0.05970149253731343,1.1875,0.5971223021582733,0.4028776978417266,-0.02162032304232263,0.09959128763694955,4,3,0.06666666666666667,-0.1791044776119403,False,False
ES,LOWER_k0,2020,2,30,145,0.4027777777777778,0.4444444444444444,-0.041666666666666664,-0.599999999999909,0.625,0.375,-0.02162032304232263,0.09959128763694955,4,3,0.06666666666666667,-0.1791044776119403,False,False
ES,LOWER_k0,2021,2,30,137,0.45925925925925926,0.3925925925925926,0.06666666666666667,-0.4250000000001819,0.5037037037037037,0.4962962962962963,-0.02162032304232263,0.09959128763694955,4,3,0.06666666666666667,-0.1791044776119403,False,False
ES,LOWER_k0,2022,2,30,147,0.3835616438356164,0.3972602739726027,-0.0136986301369863,3.125,0.5850340136054422,0.41496598639455784,-0.02162032304232263,0.09959128763694955,4,3,0.06666666666666667,-0.1791044776119403,False,False
ES,LOWER_k1,2018,2,30,79,0.3076923076923077,0.4230769230769231,-0.11538461538461539,-0.15488403084464153,0.5443037974683544,0.45569620253164556,-0.043140515547598256,0.10301012092006624,4,2,0.058823529411764705,-0.18604651162790697,True,False
ES,LOWER_k1,2019,2,30,74,0.4084507042253521,0.39436619718309857,0.014084507042253521,1.5052511290164148,0.581081081081081,0.4189189189189189,-0.043140515547598256,0.10301012092006624,4,2,0.058823529411764705,-0.18604651162790697,True,False
ES,LOWER_k1,2020,2,30,87,0.3372093023255814,0.5232558139534884,-0.18604651162790697,-1.145740018167544,0.5747126436781609,0.42528735632183906,-0.043140515547598256,0.10301012092006624,4,2,0.058823529411764705,-0.18604651162790697,True,False
ES,LOWER_k1,2021,2,30,78,0.4230769230769231,0.41025641025641024,0.01282051282051282,-0.35900231104187696,0.5641025641025641,0.4358974358974359,-0.043140515547598256,0.10301012092006624,4,2,0.058823529411764705,-0.18604651162790697,True,False
ES,LOWER_k1,2022,2,30,86,0.4117647058823529,0.35294117647058826,0.058823529411764705,3.4653007231368065,0.45348837209302323,0.5465116279069767,-0.043140515547598256,0.10301012092006624,4,2,0.058823529411764705,-0.18604651162790697,True,False
ES,LOWER_k2,2018,2,30,42,0.30952380952380953,0.42857142857142855,-0.11904761904761904,-1.126802999250458,0.4523809523809524,0.5476190476190477,-0.031713564213564215,0.14203609900705508,3,3,0.16666666666666666,-0.17777777777777778,True,False
ES,LOWER_k2,2019,2,30,44,0.47619047619047616,0.30952380952380953,0.16666666666666666,2.9404126308227205,0.5454545454545454,0.45454545454545453,-0.031713564213564215,0.14203609900705508,3,3,0.16666666666666666,-0.17777777777777778,True,False
ES,LOWER_k2,2020,2,30,45,0.3111111111111111,0.4888888888888889,-0.17777777777777778,-5.468662862915153,0.6444444444444445,0.35555555555555557,-0.031713564213564215,0.14203609900705508,3,3,0.16666666666666666,-0.17777777777777778,True,False
ES,LOWER_k2,2021,2,30,44,0.29545454545454547,0.38636363636363635,-0.09090909090909091,-1.557682106111315,0.6136363636363636,0.38636363636363635,-0.031713564213564215,0.14203609900705508,3,3,0.16666666666666666,-0.17777777777777778,True,False
ES,LOWER_k2,2022,2,30,48,0.3958333333333333,0.3333333333333333,0.0625,-0.18254700091893028,0.5208333333333334,0.4791666666666667,-0.031713564213564215,0.14203609900705508,3,3,0.16666666666666666,-0.17777777777777778,True,False
ES,LOWER_k3,2018,2,30,24,0.20833333333333334,0.5,-0.2916666666666667,-0.10085384107992468,0.5,0.5,-0.01590909090909091,0.16855847802538218,3,1,0.16666666666666666,-0.2916666666666667,False,False
ES,LOWER_k3,2019,2,30,22,0.45454545454545453,0.4090909090909091,0.045454545454545456,1.355524992259916,0.4090909090909091,0.5909090909090909,-0.01590909090909091,0.16855847802538218,3,1,0.16666666666666666,-0.2916666666666667,False,False
ES,LOWER_k3,2020,2,30,24,0.4583333333333333,0.2916666666666667,0.16666666666666666,-5.766457009686974,0.6666666666666666,0.3333333333333333,-0.01590909090909091,0.16855847802538218,3,1,0.16666666666666666,-0.2916666666666667,False,False
ES,LOWER_k3,2021,2,30,23,0.34782608695652173,0.34782608695652173,0.0,-0.14791576165680453,0.6521739130434783,0.34782608695652173,-0.01590909090909091,0.16855847802538218,3,1,0.16666666666666666,-0.2916666666666667,False,False
ES,LOWER_k3,2022,2,30,35,0.42857142857142855,0.42857142857142855,0.0,-2.3634337744169898,0.5428571428571428,0.45714285714285713,-0.01590909090909091,0.16855847802538218,3,1,0.16666666666666666,-0.2916666666666667,False,False
ES,UPPER_k0,2018,2,30,144,0.3873239436619718,0.39436619718309857,-0.007042253521126761,0.16250000000013642,0.45774647887323944,0.5422535211267606,0.02080040556944791,0.11149758624958946,3,2,0.14583333333333334,-0.1044776119402985,False,False
ES,UPPER_k0,2019,2,30,134,0.3805970149253731,0.48507462686567165,-0.1044776119402985,1.1375000000000455,0.5757575757575758,0.42424242424242425,0.02080040556944791,0.11149758624958946,3,2,0.14583333333333334,-0.1044776119402985,False,False
ES,UPPER_k0,2020,2,30,143,0.38405797101449274,0.4420289855072464,-0.057971014492753624,0.5,0.5524475524475524,0.44755244755244755,0.02080040556944791,0.11149758624958946,3,2,0.14583333333333334,-0.1044776119402985,False,False
ES,UPPER_k0,2021,2,30,142,0.5106382978723404,0.3829787234042553,0.1276595744680851,2.024999999999636,0.4014084507042254,0.5985915492957746,0.02080040556944791,0.11149758624958946,3,2,0.14583333333333334,-0.1044776119402985,False,False
ES,UPPER_k0,2022,2,30,144,0.5277777777777778,0.3819444444444444,0.14583333333333334,1.237500000000182,0.4859154929577465,0.5140845070422535,0.02080040556944791,0.11149758624958946,3,2,0.14583333333333334,-0.1044776119402985,False,False
ES,UPPER_k1,2018,2,30,93,0.391304347826087,0.42391304347826086,-0.03260869565217391,0.09635432275808853,0.5483870967741935,0.45161290322580644,0.10130766423144615,0.14698411804063113,4,4,0.30864197530864196,-0.03260869565217391,False,False
ES,UPPER_k1,2019,2,30,71,0.43661971830985913,0.4225352112676056,0.014084507042253521,1.9422619941101402,0.4507042253521127,0.5492957746478874,0.10130766423144615,0.14698411804063113,4,4,0.30864197530864196,-0.03260869565217391,False,False
ES,UPPER_k1,2020,2,30,74,0.4027777777777778,0.3888888888888889,0.013888888888888888,2.5096297153788782,0.5,0.5,0.10130766423144615,0.14698411804063113,4,4,0.30864197530864196,-0.03260869565217391,False,False
ES,UPPER_k1,2021,2,30,80,0.5189873417721519,0.31645569620253167,0.20253164556962025,1.9105022580324658,0.3375,0.6625,0.10130766423144615,0.14698411804063113,4,4,0.30864197530864196,-0.03260869565217391,False,False
ES,UPPER_k1,2022,2,30,81,0.5555555555555556,0.24691358024691357,0.30864197530864196,2.7361537154656617,0.4567901234567901,0.5432098765432098,0.10130766423144615,0.14698411804063113,4,4,0.30864197530864196,-0.03260869565217391,False,False
ES,UPPER_k2,2018,2,30,54,0.33962264150943394,0.37735849056603776,-0.03773584905660377,0.0857864376271209,0.5,0.5,0.09250071432322658,0.09490922010966343,3,4,0.225,-0.03773584905660377,True,False
ES,UPPER_k2,2019,2,30,41,0.4634146341463415,0.34146341463414637,0.12195121951219512,0.2735755630933454,0.5853658536585366,0.4146341463414634,0.09250071432322658,0.09490922010966343,3,4,0.225,-0.03773584905660377,True,False
ES,UPPER_k2,2020,2,30,42,0.525,0.3,0.225,3.94040268177514,0.42857142857142855,0.5714285714285714,0.09250071432322658,0.09490922010966343,3,4,0.225,-0.03773584905660377,True,False
ES,UPPER_k2,2021,2,30,45,0.45454545454545453,0.38636363636363635,0.06818181818181818,1.2602925560163385,0.5333333333333333,0.4666666666666667,0.09250071432322658,0.09490922010966343,3,4,0.225,-0.03773584905660377,True,False
ES,UPPER_k2,2022,2,30,47,0.44680851063829785,0.3617021276595745,0.0851063829787234,-2.37054639873395,0.46808510638297873,0.5319148936170213,0.09250071432322658,0.09490922010966343,3,4,0.225,-0.03773584905660377,True,False
ES,UPPER_k3,2018,2,30,27,0.3076923076923077,0.34615384615384615,-0.038461538461538464,-1.6432229304459725,0.5555555555555556,0.4444444444444444,0.09590500079630514,0.10979770297673977,3,4,0.23809523809523808,-0.038461538461538464,False,False
ES,UPPER_k3,2019,2,30,23,0.5217391304347826,0.34782608695652173,0.17391304347826086,-0.6896366553601183,0.5652173913043478,0.43478260869565216,0.09590500079630514,0.10979770297673977,3,4,0.23809523809523808,-0.038461538461538464,False,False
ES,UPPER_k3,2020,2,30,24,0.30434782608695654,0.2608695652173913,0.043478260869565216,3.1841668751039833,0.4166666666666667,0.5833333333333334,0.09590500079630514,0.10979770297673977,3,4,0.23809523809523808,-0.038461538461538464,False,False
ES,UPPER_k3,2021,2,30,21,0.47619047619047616,0.23809523809523808,0.23809523809523808,2.950362337867773,0.5238095238095238,0.47619047619047616,0.09590500079630514,0.10979770297673977,3,4,0.23809523809523808,-0.038461538461538464,False,False
ES,UPPER_k3,2022,2,30,16,0.375,0.3125,0.0625,1.5395590402363268,0.5,0.5,0.09590500079630514,0.10979770297673977,3,4,0.23809523809523808,-0.038461538461538464,False,False
NQ,LOWER_k0,2018,2,30,149,0.2945205479452055,0.547945205479452,-0.2534246575342466,-1.6875,0.5838926174496645,0.4161073825503356,-0.04465193021128569,0.1251124079879937,3,3,0.08088235294117647,-0.2534246575342466,False,False
NQ,LOWER_k0,2019,2,30,141,0.427536231884058,0.4492753623188406,-0.021739130434782608,1.150000000000091,0.5035971223021583,0.49640287769784175,-0.04465193021128569,0.1251124079879937,3,3,0.08088235294117647,-0.2534246575342466,False,False
NQ,LOWER_k0,2020,2,30,137,0.45588235294117646,0.375,0.08088235294117647,-11.575000000000728,0.5401459854014599,0.45985401459854014,-0.04465193021128569,0.1251124079879937,3,3,0.08088235294117647,-0.2534246575342466,False,False
NQ,LOWER_k0,2021,2,30,140,0.41007194244604317,0.4460431654676259,-0.03597122302158273,-4.274999999999636,0.5642857142857143,0.4357142857142857,-0.04465193021128569,0.1251124079879937,3,3,0.08088235294117647,-0.2534246575342466,False,False
NQ,LOWER_k0,2022,2,30,145,0.3916083916083916,0.38461538461538464,0.006993006993006993,12.274999999999636,0.6137931034482759,0.38620689655172413,-0.04465193021128569,0.1251124079879937,3,3,0.08088235294117647,-0.2534246575342466,False,False
NQ,LOWER_k1,2018,2,30,76,0.3108108108108108,0.3783783783783784,-0.06756756756756757,1.6354242438401343,0.5526315789473685,0.4473684210526316,-0.04023537564252146,0.09026147108878403,3,3,0.056818181818181816,-0.1794871794871795,False,False
NQ,LOWER_k1,2019,2,30,80,0.3333333333333333,0.5128205128205128,-0.1794871794871795,4.770315273174674,0.5625,0.4375,-0.04023537564252146,0.09026147108878403,3,3,0.056818181818181816,-0.1794871794871795,False,False
NQ,LOWER_k1,2020,2,30,88,0.39080459770114945,0.41379310344827586,-0.022988505747126436,-9.271923250833424,0.48863636363636365,0.5113636363636364,-0.04023537564252146,0.09026147108878403,3,3,0.056818181818181816,-0.1794871794871795,False,False
NQ,LOWER_k1,2021,2,30,83,0.42168674698795183,0.40963855421686746,0.012048192771084338,-0.5876524375125882,0.5542168674698795,0.4457831325301205,-0.04023537564252146,0.09026147108878403,3,3,0.056818181818181816,-0.1794871794871795,False,False
NQ,LOWER_k1,2022,2,30,89,0.42045454545454547,0.36363636363636365,0.056818181818181816,-8.548547096138464,0.5393258426966292,0.4606741573033708,-0.04023537564252146,0.09026147108878403,3,3,0.056818181818181816,-0.1794871794871795,False,False
NQ,LOWER_k2,2018,2,30,48,0.21739130434782608,0.5869565217391305,-0.3695652173913043,3.34955867354347,0.5833333333333334,0.4166666666666667,-0.06613477274967958,0.17565083710774065,4,3,0.075,-0.3695652173913043,False,False
NQ,LOWER_k2,2019,2,30,36,0.3888888888888889,0.3611111111111111,0.027777777777777776,6.20272128603483,0.5833333333333334,0.4166666666666667,-0.06613477274967958,0.17565083710774065,4,3,0.075,-0.3695652173913043,False,False
NQ,LOWER_k2,2020,2,30,40,0.4,0.325,0.075,-8.056625274975886,0.525,0.475,-0.06613477274967958,0.17565083710774065,4,3,0.075,-0.3695652173913043,False,False
NQ,LOWER_k2,2021,2,30,49,0.40816326530612246,0.42857142857142855,-0.02040816326530612,1.1749131946799025,0.6530612244897959,0.3469387755102041,-0.06613477274967958,0.17565083710774065,4,3,0.075,-0.3695652173913043,False,False
NQ,LOWER_k2,2022,2,30,47,0.3695652173913043,0.41304347826086957,-0.043478260869565216,-38.549649007280095,0.5957446808510638,0.40425531914893614,-0.06613477274967958,0.17565083710774065,4,3,0.075,-0.3695652173913043,False,False
NQ,LOWER_k3,2018,2,30,24,0.16666666666666666,0.4166666666666667,-0.25,2.3145185421913084,0.5833333333333334,0.4166666666666667,-0.026985645933014356,0.16412367281280485,3,3,0.21052631578947367,-0.25,False,False
NQ,LOWER_k3,2019,2,30,20,0.35,0.4,-0.05,8.60605303415332,0.65,0.35,-0.026985645933014356,0.16412367281280485,3,3,0.21052631578947367,-0.25,False,False
NQ,LOWER_k3,2020,2,30,22,0.36363636363636365,0.4090909090909091,-0.045454545454545456,-9.9220895715589,0.5909090909090909,0.4090909090909091,-0.026985645933014356,0.16412367281280485,3,3,0.21052631578947367,-0.25,False,False
NQ,LOWER_k3,2021,2,30,19,0.5263157894736842,0.3157894736842105,0.21052631578947367,24.986240319813078,0.5263157894736842,0.47368421052631576,-0.026985645933014356,0.16412367281280485,3,3,0.21052631578947367,-0.25,False,False
NQ,LOWER_k3,2022,2,30,22,0.4090909090909091,0.4090909090909091,0.0,-24.586917842347248,0.5454545454545454,0.45454545454545453,-0.026985645933014356,0.16412367281280485,3,3,0.21052631578947367,-0.25,False,False
NQ,UPPER_k0,2018,2,30,148,0.4452054794520548,0.3698630136986301,0.07534246575342465,5.287499999999909,0.46621621621621623,0.5337837837837838,0.10919329455160573,0.04206253723518787,3,5,0.1597222222222222,0.057692307692307696,False,False
NQ,UPPER_k0,2019,2,30,135,0.5,0.3656716417910448,0.13432835820895522,2.612500000000182,0.4253731343283582,0.5746268656716418,0.10919329455160573,0.04206253723518787,3,5,0.1597222222222222,0.057692307692307696,False,False
NQ,UPPER_k0,2020,2,30,147,0.4755244755244755,0.35664335664335667,0.11888111888111888,0.7749999999996362,0.46258503401360546,0.5374149659863946,0.10919329455160573,0.04206253723518787,3,5,0.1597222222222222,0.057692307692307696,False,False
NQ,UPPER_k0,2021,2,30,157,0.46153846153846156,0.40384615384615385,0.057692307692307696,7.862500000000182,0.42038216560509556,0.5796178343949044,0.10919329455160573,0.04206253723518787,3,5,0.1597222222222222,0.057692307692307696,False,False
NQ,UPPER_k0,2022,2,30,145,0.5069444444444444,0.3472222222222222,0.1597222222222222,5.412499999999454,0.45517241379310347,0.5448275862068965,0.10919329455160573,0.04206253723518787,3,5,0.1597222222222222,0.057692307692307696,False,False
NQ,UPPER_k1,2018,2,30,90,0.48863636363636365,0.3409090909090909,0.14772727272727273,5.417913824098832,0.4111111111111111,0.5888888888888889,0.12988083660740912,0.045173172751444744,4,5,0.17045454545454544,0.05263157894736842,False,False
NQ,UPPER_k1,2019,2,30,76,0.4605263157894737,0.40789473684210525,0.05263157894736842,4.053600280218689,0.5,0.5,0.12988083660740912,0.045173172751444744,4,5,0.17045454545454544,0.05263157894736842,False,False
NQ,UPPER_k1,2020,2,30,84,0.4634146341463415,0.32926829268292684,0.13414634146341464,8.428791419560184,0.47619047619047616,0.5238095238095238,0.12988083660740912,0.045173172751444744,4,5,0.17045454545454544,0.05263157894736842,False,False
NQ,UPPER_k1,2021,2,30,89,0.5340909090909091,0.36363636363636365,0.17045454545454544,16.147822873370387,0.42696629213483145,0.5730337078651685,0.12988083660740912,0.045173172751444744,4,5,0.17045454545454544,0.05263157894736842,False,False
NQ,UPPER_k1,2022,2,30,90,0.5111111111111111,0.36666666666666664,0.14444444444444443,8.04917438731627,0.4444444444444444,0.5555555555555556,0.12988083660740912,0.045173172751444744,4,5,0.17045454545454544,0.05263157894736842,False,False
NQ,UPPER_k2,2018,2,30,58,0.44642857142857145,0.39285714285714285,0.05357142857142857,11.51487751192144,0.5172413793103449,0.4827586206896552,0.1471895213569589,0.12200705691371881,4,5,0.3404255319148936,0.05357142857142857,False,False
NQ,UPPER_k2,2019,2,30,37,0.4594594594594595,0.3783783783783784,0.08108108108108109,0.5632406980948872,0.5135135135135135,0.4864864864864865,0.1471895213569589,0.12200705691371881,4,5,0.3404255319148936,0.05357142857142857,False,False
NQ,UPPER_k2,2020,2,30,47,0.4782608695652174,0.2826086956521739,0.1956521739130435,20.98584037472483,0.2765957446808511,0.723404255319149,0.1471895213569589,0.12200705691371881,4,5,0.3404255319148936,0.05357142857142857,False,False
NQ,UPPER_k2,2021,2,30,48,0.6170212765957447,0.2765957446808511,0.3404255319148936,18.105313276877496,0.4375,0.5625,0.1471895213569589,0.12200705691371881,4,5,0.3404255319148936,0.05357142857142857,False,False
NQ,UPPER_k2,2022,2,30,46,0.41304347826086957,0.34782608695652173,0.06521739130434782,8.688881931426295,0.43478260869565216,0.5652173913043478,0.1471895213569589,0.12200705691371881,4,5,0.3404255319148936,0.05357142857142857,False,False
NQ,UPPER_k3,2018,2,30,26,0.6153846153846154,0.3076923076923077,0.3076923076923077,10.817631007381351,0.5,0.5,0.07930490562069509,0.34371501418952394,4,3,0.35714285714285715,-0.45454545454545453,False,False
NQ,UPPER_k3,2019,2,30,19,0.42105263157894735,0.15789473684210525,0.2631578947368421,7.91100322856073,0.631578947368421,0.3684210526315789,0.07930490562069509,0.34371501418952394,4,3,0.35714285714285715,-0.45454545454545453,False,False
NQ,UPPER_k3,2020,2,30,27,0.2692307692307692,0.34615384615384615,-0.07692307692307693,17.884002012777728,0.48148148148148145,0.5185185185185185,0.07930490562069509,0.34371501418952394,4,3,0.35714285714285715,-0.45454545454545453,False,False
NQ,UPPER_k3,2021,2,30,29,0.5714285714285714,0.21428571428571427,0.35714285714285715,25.418293539791193,0.3793103448275862,0.6206896551724138,0.07930490562069509,0.34371501418952394,4,3,0.35714285714285715,-0.45454545454545453,False,False
NQ,UPPER_k3,2022,2,30,22,0.13636363636363635,0.5909090909090909,-0.45454545454545453,25.298235626531095,0.8181818181818182,0.18181818181818182,0.07930490562069509,0.34371501418952394,4,3,0.35714285714285715,-0.45454545454545453,False,False
ES,LOWER_k0,2018,3,30,151,0.3310810810810811,0.4864864864864865,-0.1554054054054054,-0.41249999999990905,0.46357615894039733,0.5364238410596026,-0.008677438681768622,0.09562034247491859,3,3,0.1032258064516129,-0.1554054054054054,False,False
ES,LOWER_k0,2019,3,30,155,0.46308724832214765,0.4228187919463087,0.040268456375838924,0.724999999999909,0.5974025974025974,0.4025974025974026,-0.008677438681768622,0.09562034247491859,3,3,0.1032258064516129,-0.1554054054054054,False,False
ES,LOWER_k0,2020,3,30,156,0.41935483870967744,0.43870967741935485,-0.01935483870967742,-0.27500000000009095,0.6129032258064516,0.3870967741935484,-0.008677438681768622,0.09562034247491859,3,3,0.1032258064516129,-0.1554054054054054,False,False
ES,LOWER_k0,2021,3,30,157,0.4838709677419355,0.38064516129032255,0.1032258064516129,0.25,0.5032258064516129,0.4967741935483871,-0.008677438681768622,0.09562034247491859,3,3,0.1032258064516129,-0.1554054054054054,False,False
ES,LOWER_k0,2022,3,30,167,0.3878787878787879,0.4,-0.012121212121212121,1.75,0.5868263473053892,0.41317365269461076,-0.008677438681768622,0.09562034247491859,3,3,0.1032258064516129,-0.1554054054054054,False,False
ES,LOWER_k1,2018,3,30,94,0.31521739130434784,0.43478260869565216,-0.11956521739130435,-0.15488403084464153,0.5425531914893617,0.4574468085106383,-0.05548455689654088,0.10183487738315039,3,3,0.05172413793103448,-0.19047619047619047,True,False
ES,LOWER_k1,2019,3,30,102,0.3877551020408163,0.4387755102040816,-0.05102040816326531,1.3716299540733417,0.5784313725490197,0.4215686274509804,-0.05548455689654088,0.10183487738315039,3,3,0.05172413793103448,-0.19047619047619047,True,False
ES,LOWER_k1,2020,3,30,106,0.34285714285714286,0.5333333333333333,-0.19047619047619047,-0.8745369798671163,0.5943396226415094,0.4056603773584906,-0.05548455689654088,0.10183487738315039,3,3,0.05172413793103448,-0.19047619047619047,True,False
ES,LOWER_k1,2021,3,30,94,0.43617021276595747,0.40425531914893614,0.031914893617021274,-0.35900231104187696,0.574468085106383,0.425531914893617,-0.05548455689654088,0.10183487738315039,3,3,0.05172413793103448,-0.19047619047619047,True,False
ES,LOWER_k1,2022,3,30,117,0.4224137931034483,0.3706896551724138,0.05172413793103448,4.024329740541816,0.452991452991453,0.5470085470085471,-0.05548455689654088,0.10183487738315039,3,3,0.05172413793103448,-0.19047619047619047,True,False
ES,LOWER_k2,2018,3,30,60,0.3333333333333333,0.43333333333333335,-0.1,-1.0345717205436813,0.45,0.55,-0.022563418306999133,0.12477767764670723,4,4,0.19402985074626866,-0.1016949152542373,False,False
ES,LOWER_k2,2019,3,30,69,0.5074626865671642,0.31343283582089554,0.19402985074626866,2.6501207792894093,0.5507246376811594,0.4492753623188406,-0.022563418306999133,0.12477767764670723,4,4,0.19402985074626866,-0.1016949152542373,False,False
ES,LOWER_k2,2020,3,30,64,0.359375,0.4375,-0.078125,-1.8277559306645799,0.578125,0.421875,-0.022563418306999133,0.12477767764670723,4,4,0.19402985074626866,-0.1016949152542373,False,False
ES,LOWER_k2,2021,3,30,59,0.3220338983050847,0.423728813559322,-0.1016949152542373,-0.5138409955989118,0.576271186440678,0.423728813559322,-0.022563418306999133,0.12477767764670723,4,4,0.19402985074626866,-0.1016949152542373,False,False
ES,LOWER_k2,2022,3,30,74,0.36486486486486486,0.3918918918918919,-0.02702702702702703,1.8304965841541616,0.5,0.5,-0.022563418306999133,0.12477767764670723,4,4,0.19402985074626866,-0.1016949152542373,False,False
ES,LOWER_k3,2018,3,30,38,0.2894736842105263,0.5,-0.21052631578947367,-0.9169741188757143,0.4473684210526316,0.5526315789473685,-0.046598679651311224,0.11114064304778393,4,2,0.06,-0.21052631578947367,False,False
ES,LOWER_k3,2019,3,30,41,0.4146341463414634,0.4146341463414634,0.0,1.5751811689342503,0.4634146341463415,0.5365853658536586,-0.046598679651311224,0.11114064304778393,4,2,0.06,-0.21052631578947367,False,False
ES,LOWER_k3,2020,3,30,39,0.38461538461538464,0.358974358974359,0.02564102564102564,-2.0243533761859,0.631578947368421,0.3684210526315789,-0.046598679651311224,0.11114064304778393,4,2,0.06,-0.21052631578947367,False,False
ES,LOWER_k3,2021,3,30,37,0.2972972972972973,0.40540540540540543,-0.10810810810810811,-0.14791576165680453,0.7027027027027027,0.2972972972972973,-0.046598679651311224,0.11114064304778393,4,2,0.06,-0.21052631578947367,False,False
ES,LOWER_k3,2022,3,30,50,0.46,0.4,0.06,-1.8795101864473054,0.46,0.54,-0.046598679651311224,0.11114064304778393,4,2,0.06,-0.21052631578947367,False,False
ES,UPPER_k0,2018,3,30,160,0.4050632911392405,0.3987341772151899,0.006329113924050633,-0.0749999999998181,0.45569620253164556,0.5443037974683544,0.010076461185617789,0.11252399687193226,3,3,0.12658227848101267,-0.12751677852348994,False,False
ES,UPPER_k0,2019,3,30,149,0.3691275167785235,0.4966442953020134,-0.12751677852348994,1.175000000000182,0.564625850340136,0.43537414965986393,0.010076461185617789,0.11252399687193226,3,3,0.12658227848101267,-0.12751677852348994,False,False
ES,UPPER_k0,2020,3,30,158,0.3790849673202614,0.45098039215686275,-0.0718954248366013,0.375,0.5506329113924051,0.44936708860759494,0.010076461185617789,0.11252399687193226,3,3,0.12658227848101267,-0.12751677852348994,False,False
ES,UPPER_k0,2021,3,30,155,0.5064935064935064,0.38961038961038963,0.11688311688311688,2.2749999999998636,0.4258064516129032,0.5741935483870968,0.010076461185617789,0.11252399687193226,3,3,0.12658227848101267,-0.12751677852348994,False,False
ES,UPPER_k0,2022,3,30,159,0.5189873417721519,0.3924050632911392,0.12658227848101267,1.2250000000001364,0.5095541401273885,0.49044585987261147,0.010076461185617789,0.11252399687193226,3,3,0.12658227848101267,-0.12751677852348994,False,False
ES,UPPER_k1,2018,3,30,109,0.39814814814814814,0.39814814814814814,0.0,0.6959261147167126,0.5412844036697247,0.45871559633027525,0.09308367286084232,0.1052008374770279,4,4,0.2524271844660194,0.0,False,False
ES,UPPER_k1,2019,3,30,89,0.4606741573033708,0.42696629213483145,0.033707865168539325,1.9422619941101402,0.43820224719101125,0.5617977528089888,0.09308367286084232,0.1052008374770279,4,4,0.2524271844660194,0.0,False,False
ES,UPPER_k1,2020,3,30,96,0.43617021276595747,0.40425531914893614,0.031914893617021274,2.5785829930402997,0.53125,0.46875,0.09308367286084232,0.1052008374770279,4,4,0.2524271844660194,0.0,False,False
ES,UPPER_k1,2021,3,30,96,0.49473684210526314,0.3473684210526316,0.14736842105263157,2.0917011025167085,0.375,0.625,0.09308367286084232,0.1052008374770279,4,4,0.2524271844660194,0.0,False,False
ES,UPPER_k1,2022,3,30,103,0.5436893203883495,0.2912621359223301,0.2524271844660194,0.04830748193489853,0.46601941747572817,0.5339805825242718,0.09308367286084232,0.1052008374770279,4,4,0.2524271844660194,0.0,False,False
ES,UPPER_k2,2018,3,30,71,0.34285714285714286,0.38571428571428573,-0.04285714285714286,1.6075489733577797,0.49295774647887325,0.5070422535211268,0.1017716705556996,0.1178772042973447,3,3,0.22807017543859648,-0.04285714285714286,False,False
ES,UPPER_k2,2019,3,30,57,0.543859649122807,0.3157894736842105,0.22807017543859648,0.7991672214830032,0.5263157894736842,0.47368421052631576,0.1017716705556996,0.1178772042973447,3,3,0.22807017543859648,-0.04285714285714286,False,False
ES,UPPER_k2,2020,3,30,60,0.5,0.3620689655172414,0.13793103448275862,2.0817594307577565,0.4666666666666667,0.5333333333333333,0.1017716705556996,0.1178772042973447,3,3,0.22807017543859648,-0.04285714285714286,False,False
ES,UPPER_k2,2021,3,30,62,0.4262295081967213,0.4262295081967213,0.0,2.231848512248689,0.532258064516129,0.46774193548387094,0.1017716705556996,0.1178772042973447,3,3,0.22807017543859648,-0.04285714285714286,False,False
ES,UPPER_k2,2022,3,30,70,0.5142857142857142,0.32857142857142857,0.18571428571428572,0.6122316221917572,0.42857142857142855,0.5714285714285714,0.1017716705556996,0.1178772042973447,3,3,0.22807017543859648,-0.04285714285714286,False,False
ES,UPPER_k3,2018,3,30,49,0.375,0.3958333333333333,-0.020833333333333332,0.4510260435690725,0.5102040816326531,0.4897959183673469,0.04179959557866535,0.0907295984065693,3,3,0.18181818181818182,-0.05405405405405406,False,False
ES,UPPER_k3,2019,3,30,43,0.46511627906976744,0.4186046511627907,0.046511627906976744,0.8935067459756283,0.5348837209302325,0.46511627906976744,0.04179959557866535,0.0907295984065693,3,3,0.18181818181818182,-0.05405405405405406,False,False
ES,UPPER_k3,2020,3,30,37,0.3333333333333333,0.2777777777777778,0.05555555555555555,1.0267381352055054,0.43243243243243246,0.5675675675675675,0.04179959557866535,0.0907295984065693,3,3,0.18181818181818182,-0.05405405405405406,False,False
ES,UPPER_k3,2021,3,30,34,0.48484848484848486,0.30303030303030304,0.18181818181818182,-1.3135943621182378,0.5,0.5,0.04179959557866535,0.0907295984065693,3,3,0.18181818181818182,-0.05405405405405406,False,False
ES,UPPER_k3,2022,3,30,37,0.3783783783783784,0.43243243243243246,-0.05405405405405406,-0.06248052954833838,0.5135135135135135,0.4864864864864865,0.04179959557866535,0.0907295984065693,3,3,0.18181818181818182,-0.05405405405405406,False,False
NQ,LOWER_k0,2018,3,30,161,0.310126582278481,0.5443037974683544,-0.23417721518987342,-1.6875,0.5714285714285714,0.42857142857142855,-0.05013366406789156,0.11597256426543151,3,3,0.06711409395973154,-0.23417721518987342,False,False
NQ,LOWER_k0,2019,3,30,160,0.3974358974358974,0.4807692307692308,-0.08333333333333333,1.199999999999818,0.5189873417721519,0.4810126582278481,-0.05013366406789156,0.11597256426543151,3,3,0.06711409395973154,-0.23417721518987342,False,False
NQ,LOWER_k0,2020,3,30,150,0.4429530201342282,0.37583892617449666,0.06711409395973154,-10.975000000000364,0.52,0.48,-0.05013366406789156,0.11597256426543151,3,3,0.06711409395973154,-0.23417721518987342,False,False
NQ,LOWER_k0,2021,3,30,159,0.4267515923566879,0.43312101910828027,-0.006369426751592357,-3.0499999999992724,0.5471698113207547,0.4528301886792453,-0.05013366406789156,0.11597256426543151,3,3,0.06711409395973154,-0.23417721518987342,False,False
NQ,LOWER_k0,2022,3,30,166,0.4024390243902439,0.39634146341463417,0.006097560975609756,12.1875,0.5963855421686747,0.4036144578313253,-0.05013366406789156,0.11597256426543151,3,3,0.06711409395973154,-0.23417721518987342,False,False
NQ,LOWER_k1,2018,3,30,96,0.35106382978723405,0.3723404255319149,-0.02127659574468085,3.782805528087465,0.53125,0.46875,-0.028165854236757704,0.10152651054197956,3,3,0.08403361344537816,-0.19387755102040816,False,False
NQ,LOWER_k1,2019,3,30,100,0.336734693877551,0.5306122448979592,-0.19387755102040816,2.5974930935931297,0.59,0.41,-0.028165854236757704,0.10152651054197956,3,3,0.08403361344537816,-0.19387755102040816,False,False
NQ,LOWER_k1,2020,3,30,107,0.4056603773584906,0.4056603773584906,0.0,-7.770692045108262,0.5233644859813084,0.4766355140186916,-0.028165854236757704,0.10152651054197956,3,3,0.08403361344537816,-0.19387755102040816,False,False
NQ,LOWER_k1,2021,3,30,103,0.39805825242718446,0.4077669902912621,-0.009708737864077669,-0.5876524375125882,0.5436893203883495,0.4563106796116505,-0.028165854236757704,0.10152651054197956,3,3,0.08403361344537816,-0.19387755102040816,False,False
NQ,LOWER_k1,2022,3,30,120,0.453781512605042,0.3697478991596639,0.08403361344537816,0.653908239053635,0.49166666666666664,0.5083333333333333,-0.028165854236757704,0.10152651054197956,3,3,0.08403361344537816,-0.19387755102040816,False,False
NQ,LOWER_k2,2018,3,30,64,0.3064516129032258,0.5161290322580645,-0.20967741935483872,2.7224665381013438,0.5,0.5,-0.08520780667984507,0.0927843448371159,3,4,0.013333333333333334,-0.20967741935483872,False,False
NQ,LOWER_k2,2019,3,30,59,0.4067796610169492,0.423728813559322,-0.01694915254237288,5.8135181693351115,0.559322033898305,0.4406779661016949,-0.08520780667984507,0.0927843448371159,3,4,0.013333333333333334,-0.20967741935483872,False,False
NQ,LOWER_k2,2020,3,30,63,0.36507936507936506,0.42857142857142855,-0.06349206349206349,-9.45437476771258,0.6031746031746031,0.3968253968253968,-0.08520780667984507,0.0927843448371159,3,4,0.013333333333333334,-0.20967741935483872,False,False
NQ,LOWER_k2,2021,3,30,67,0.34328358208955223,0.4925373134328358,-0.14925373134328357,0.06021170878375415,0.6716417910447762,0.3283582089552239,-0.08520780667984507,0.0927843448371159,3,4,0.013333333333333334,-0.20967741935483872,False,False
NQ,LOWER_k2,2022,3,30,76,0.4,0.38666666666666666,0.013333333333333334,-14.86363300757148,0.5394736842105263,0.4605263157894737,-0.08520780667984507,0.0927843448371159,3,4,0.013333333333333334,-0.20967741935483872,False,False
NQ,LOWER_k3,2018,3,30,42,0.3170731707317073,0.3902439024390244,-0.07317073170731707,1.0730327657420276,0.5,0.5,-0.05268761334229884,0.17200178762212553,3,4,0.19444444444444445,-0.2894736842105263,False,False
NQ,LOWER_k3,2019,3,30,38,0.2894736842105263,0.5789473684210527,-0.2894736842105263,8.666687551080031,0.7368421052631579,0.2631578947368421,-0.05268761334229884,0.17200178762212553,3,4,0.19444444444444445,-0.2894736842105263,False,False
NQ,LOWER_k3,2020,3,30,35,0.37142857142857144,0.4,-0.02857142857142857,-12.800151821240433,0.6,0.4,-0.05268761334229884,0.17200178762212553,3,4,0.19444444444444445,-0.2894736842105263,False,False
NQ,LOWER_k3,2021,3,30,36,0.5277777777777778,0.3333333333333333,0.19444444444444445,2.7452314903630395,0.4444444444444444,0.5555555555555556,-0.05268761334229884,0.17200178762212553,3,4,0.19444444444444445,-0.2894736842105263,False,False
NQ,LOWER_k3,2022,3,30,45,0.37777777777777777,0.4444444444444444,-0.06666666666666667,-9.080855096033702,0.5555555555555556,0.4444444444444444,-0.05268761334229884,0.17200178762212553,3,4,0.19444444444444445,-0.2894736842105263,False,False
NQ,UPPER_k0,2018,3,30,167,0.43636363636363634,0.37575757575757573,0.06060606060606061,5.050000000000182,0.46107784431137727,0.5389221556886228,0.10903657266333977,0.03662260968528964,4,5,0.14383561643835616,0.06060606060606061,False,False
NQ,UPPER_k0,2019,3,30,147,0.5068493150684932,0.363013698630137,0.14383561643835616,2.612500000000182,0.4315068493150685,0.5684931506849316,0.10903657266333977,0.03662260968528964,4,5,0.14383561643835616,0.06060606060606061,False,False
NQ,UPPER_k0,2020,3,30,167,0.48466257668711654,0.34355828220858897,0.1411042944785276,1.25,0.46706586826347307,0.5329341317365269,0.10903657266333977,0.03662260968528964,4,5,0.14383561643835616,0.06060606060606061,False,False
NQ,UPPER_k0,2021,3,30,171,0.4764705882352941,0.3941176470588235,0.08235294117647059,7.862500000000182,0.4152046783625731,0.5847953216374269,0.10903657266333977,0.03662260968528964,4,5,0.14383561643835616,0.06060606060606061,False,False
NQ,UPPER_k0,2022,3,30,164,0.4876543209876543,0.37037037037037035,0.11728395061728394,2.512499999999818,0.4817073170731707,0.5182926829268293,0.10903657266333977,0.03662260968528964,4,5,0.14383561643835616,0.06060606060606061,False,False
NQ,UPPER_k1,2018,3,30,107,0.47619047619047616,0.3619047619047619,0.11428571428571428,4.044472222291915,0.3925233644859813,0.6074766355140186,0.1005792232085621,0.045862074231026985,4,5,0.13761467889908258,0.020618556701030927,False,False
NQ,UPPER_k1,2019,3,30,97,0.44329896907216493,0.422680412371134,0.020618556701030927,4.65430406316591,0.4845360824742268,0.5154639175257731,0.1005792232085621,0.045862074231026985,4,5,0.13761467889908258,0.020618556701030927,False,False
NQ,UPPER_k1,2020,3,30,111,0.4722222222222222,0.3611111111111111,0.1111111111111111,7.988317902144445,0.44144144144144143,0.5585585585585585,0.1005792232085621,0.045862074231026985,4,5,0.13761467889908258,0.020618556701030927,False,False
NQ,UPPER_k1,2021,3,30,110,0.5045871559633027,0.3853211009174312,0.11926605504587157,14.056484029519197,0.45454545454545453,0.5454545454545454,0.1005792232085621,0.045862074231026985,4,5,0.13761467889908258,0.020618556701030927,False,False
NQ,UPPER_k1,2022,3,30,109,0.5045871559633027,0.3669724770642202,0.13761467889908258,9.108584974577752,0.44036697247706424,0.5596330275229358,0.1005792232085621,0.045862074231026985,4,5,0.13761467889908258,0.020618556701030927,False,False
NQ,UPPER_k2,2018,3,30,76,0.43243243243243246,0.40540540540540543,0.02702702702702703,9.325668660763768,0.5131578947368421,0.4868421052631579,0.10937630591058367,0.05919801490592765,4,5,0.16417910447761194,0.02702702702702703,True,False
NQ,UPPER_k2,2019,3,30,59,0.4745762711864407,0.4067796610169492,0.06779661016949153,6.859506767660605,0.5423728813559322,0.4576271186440678,0.10937630591058367,0.05919801490592765,4,5,0.16417910447761194,0.02702702702702703,True,False
NQ,UPPER_k2,2020,3,30,68,0.47761194029850745,0.31343283582089554,0.16417910447761194,13.445863293620278,0.3235294117647059,0.6764705882352942,0.10937630591058367,0.05919801490592765,4,5,0.16417910447761194,0.02702702702702703,True,False
NQ,UPPER_k2,2021,3,30,67,0.5303030303030303,0.3787878787878788,0.15151515151515152,14.250922032532799,0.4626865671641791,0.5373134328358209,0.10937630591058367,0.05919801490592765,4,5,0.16417910447761194,0.02702702702702703,True,False
NQ,UPPER_k2,2022,3,30,66,0.4696969696969697,0.3333333333333333,0.13636363636363635,5.811887585727163,0.4393939393939394,0.5606060606060606,0.10937630591058367,0.05919801490592765,4,5,0.16417910447761194,0.02702702702702703,True,False
NQ,UPPER_k3,2018,3,30,46,0.5454545454545454,0.36363636363636365,0.18181818181818182,10.47571856545801,0.5217391304347826,0.4782608695652174,0.0988342627310296,0.17642612826951656,4,4,0.25,-0.1951219512195122,False,False
NQ,UPPER_k3,2019,3,30,32,0.5,0.25,0.25,10.441210642181431,0.53125,0.46875,0.0988342627310296,0.17642612826951656,4,4,0.25,-0.1951219512195122,False,False
NQ,UPPER_k3,2020,3,30,43,0.40476190476190477,0.3333333333333333,0.07142857142857142,22.930576367496997,0.4883720930232558,0.5116279069767442,0.0988342627310296,0.17642612826951656,4,4,0.25,-0.1951219512195122,False,False
NQ,UPPER_k3,2021,3,30,44,0.4883720930232558,0.3023255813953488,0.18604651162790697,15.357224541956384,0.4090909090909091,0.5909090909090909,0.0988342627310296,0.17642612826951656,4,4,0.25,-0.1951219512195122,False,False
NQ,UPPER_k3,2022,3,30,41,0.2926829268292683,0.4878048780487805,-0.1951219512195122,-9.45459573606422,0.6829268292682927,0.3170731707317073,0.0988342627310296,0.17642612826951656,4,4,0.25,-0.1951219512195122,False,False
