instrument,feature,horizon,target,n_valid,pearson_r,pearson_ci_lo,pearson_ci_hi,spearman_rho,spearman_ci_lo,spearman_ci_hi,p_raw_approx,bonferroni_alpha,significant_bonf,quintile_monotonicity_spearman,q0_mean,q4_mean,cov100_n,cov100_acc,cov50_n,cov50_acc,cov30_n,cov30_acc,cov15_n,cov15_acc,mean_y_given_x_pos,mean_y_given_x_neg,bull_bear_diff,bull_bear_diff_ci_lo,bull_bear_diff_ci_hi,spearman_drop_top_outlier,n_years,year_2018_mean,year_2018_n,year_2018_spearman,year_2019_mean,year_2019_n,year_2019_spearman,year_2020_mean,year_2020_n,year_2020_spearman,year_2021_mean,year_2021_n,year_2021_spearman,year_2022_mean,year_2022_n,year_2022_spearman
ES,overnight_return,5,R,1286,-0.14330773730329713,-0.22109544541313847,-0.04934330955798478,-0.08286631450994639,-0.13704919336591098,-0.025523661810876674,0.0038575077948583836,6.944444444444444e-05,False,-0.8999999999999998,0.8778625954198473,-0.7888446215139442,1286,0.4704472843450479,643,0.47393364928909953,386,0.4566929133858268,193,0.45263157894736844,-0.3402679830747532,0.5496485061511424,-0.8899164892258955,-1.5167838467754529,-0.24637114515605293,-0.0807565903561551,5,0.3623046875,256,-0.04716339587867256,-0.1753875968992248,258,0.055968871629235514,-0.1806640625,256,-0.1693561599327326,0.16375968992248063,258,-0.08466486569331723,0.08042635658914729,258,-0.07428268155038893
ES,overnight_return,5,Q,1286,-0.05737867001944918,-0.10012896565871145,-0.002783864740815221,-0.03691053550802852,-0.08390195621539923,0.01786603061411951,0.19889056151650797,6.944444444444444e-05,False,-0.7,0.06715452853853651,0.0032651234817020567,1286,0.47007182761372707,643,0.48165869218500795,386,0.46825396825396826,193,0.4444444444444444,-0.011929940900404556,0.05001613841058889,-0.06194607931099345,-0.12568543071545396,0.004367006006643229,-0.03661024530078915,5,0.02768397782202795,256,0.03926129792469124,-0.0583752879559022,258,0.08015758374230121,-0.018273521601407244,256,-0.12275007930889319,0.038388234081722865,258,-0.04361092773406526,0.08351712384022406,258,-0.050268960153584535
ES,overnight_return,10,R,1286,-0.17147949679671085,-0.25957420922878116,-0.07867643250945779,-0.1040066742785331,-0.16545404470064753,-0.04118908953849971,0.0002816971804366908,6.944444444444444e-05,False,-0.8999999999999998,1.0295801526717556,-1.4432270916334662,1286,0.45976095617529883,643,0.4521193092621664,386,0.4412532637075718,193,0.40625,-0.5765162200282088,0.8659929701230229,-1.4425091901512317,-2.2411114567660086,-0.569258246967808,-0.10192593599464565,5,0.646484375,256,-0.12659214203345423,0.2005813953488372,258,0.0057989108495450446,-0.837890625,256,-0.2512740585406293,0.1560077519379845,258,-0.09815795972574655,0.15406976744186046,258,-0.020260813907968956
ES,overnight_return,10,Q,1286,-0.08883761828815413,-0.13625480771952359,-0.0341318626674129,-0.05854982090565353,-0.10950855774497725,-0.0035216814026161557,0.0414192284116679,6.944444444444444e-05,False,-0.7,0.06743033472236384,-0.05033748797541464,1286,0.4734758511480602,643,0.46865203761755486,386,0.4464751958224543,193,0.4114583333333333,-0.030225211699327407,0.048400347227134884,-0.0786255589264623,-0.14622658193353075,-0.017947961324880364,-0.05757374325696628,5,0.03870282224019113,256,-0.00796715348917548,-0.024794924747799672,258,0.07253859492453889,-0.0498083189938916,256,-0.1780865447746162,0.026159738218424034,258,-0.06564231612234386,0.029776830586751044,258,-0.05702159015503548
ES,overnight_return,15,R,1286,-0.09042611643649123,-0.18096447345510558,-0.003009447204192769,-0.048478130970099266,-0.1140988353588903,0.014899555847237683,0.09143034230157099,6.944444444444444e-05,False,-0.7,0.04770992366412214,-0.8834661354581673,1286,0.477326968973747,643,0.46919431279620855,386,0.4712041884816754,193,0.45789473684210524,-0.2933709449929478,0.3602811950790861,-0.6536521400720339,-1.7148556656693628,0.2813729329905971,-0.046262367827467364,5,0.5556640625,256,-0.029120628974476353,0.11046511627906977,258,0.07852382946290125,-0.9501953125,256,-0.1440385904669074,0.3391472868217054,258,-0.10521222355370458,-0.09108527131782945,258,0.03283394925899962
ES,overnight_return,15,Q,1286,-0.07491610435737571,-0.12727909855626132,-0.019225377797985665,-0.045831481865749125,-0.09842839868123726,0.010810058478571595,0.11057433003574313,6.944444444444444e-05,False,-0.7,0.05545039588564055,-0.04442420911677387,1286,0.4746031746031746,643,0.4637223974763407,386,0.4461942257217848,193,0.418848167539267,-0.026024131415551374,0.04082220870639921,-0.06684634012195058,-0.13598742874657316,-0.004327948606778995,-0.04455033790149239,5,0.049213760967481146,256,0.0008060081326329226,-0.017262493893884318,258,0.08260895023551329,-0.05253870963895273,256,-0.15508003987848987,0.01866584848646706,258,-0.050665518336151155,0.018529905598879067,258,-0.056635284244657705
ES,overnight_return,30,R,1286,-0.037450090985097745,-0.12869156017626768,0.06459301009655928,-0.008005046446547748,-0.07192992825639798,0.059211096503014767,0.7806244654722931,6.944444444444444e-05,False,-0.6,0.11164122137404581,0.049800796812749,1286,0.48853754940711464,643,0.4968847352024922,386,0.5116883116883116,193,0.533678756476684,0.09873060648801128,0.632688927943761,-0.5339583214557497,-1.9569814784059332,0.7593766034737892,-0.005687939353782937,5,0.32421875,256,-0.000228941497160186,0.26841085271317827,258,0.06353475812156299,-0.3232421875,256,-0.1525294121281684,0.9011627906976745,258,-0.047646227116172404,0.48158914728682173,258,0.11699184543148886
ES,overnight_return,30,Q,1286,-0.04622264068738433,-0.10345330578471552,0.009707188102517915,-0.027792107452364115,-0.08488420109876399,0.028257279488446137,0.3334691716918843,6.944444444444444e-05,False,-0.7999999999999999,0.023061485377380186,-0.040469522458819754,1286,0.47709320695102686,643,0.47955974842767296,386,0.4751958224543081,193,0.48704663212435234,-0.024602426314152395,0.024237909149486866,-0.048840335463639264,-0.11769958167649879,0.02429538097046516,-0.026370322449924162,5,0.035423873360228855,256,-0.007463045581308615,-0.04168959591286041,258,0.09009975578044195,-0.053869654364200235,256,-0.1406810885283346,0.03157426369579539,258,-0.03541034770265994,0.011746164768588151,258,0.006527579574457317
ES,overnight_range,5,R,1286,-0.01722031402979435,-0.10797952925192836,0.0960164246883281,0.010509257593691155,-0.04873637716620876,0.07951327340098634,0.7146370395860819,6.944444444444444e-05,False,0.3,-0.43703007518796994,0.1181640625,1286,0.48412698412698413,643,0.49056603773584906,386,0.4830287206266319,193,0.47643979057591623,,,,,,0.012820434986286908,5,0.3623046875,256,0.12194069877568055,-0.1753875968992248,258,0.06456952151839496,-0.1806640625,256,-0.006801062848434223,0.16375968992248063,258,0.09442429438115944,0.08042635658914729,258,-0.06107674572181879
ES,overnight_range,5,Q,1286,0.030131250674934575,-0.019982565312445928,0.08354605924427588,0.0806655846397599,0.027965741780756705,0.13841381961076094,0.0049157239060035884,6.944444444444444e-05,False,0.49999999999999994,-0.09680814533279647,0.03559288088505101,1286,0.5019825535289453,643,0.5372424722662441,386,0.5354330708661418,193,0.544973544973545,,,,,,0.08287390622200785,5,0.02768397782202795,256,0.07748893238066391,-0.0583752879559022,258,0.10436778163564599,-0.018273521601407244,256,0.013513554594740214,0.038388234081722865,258,0.16399175826257512,0.08351712384022406,258,-0.02825119323094161
ES,overnight_range,10,R,1286,-0.11359650968577313,-0.22704146261616634,0.028682469056855123,-0.01611997672861767,-0.07680479732105075,0.04843872535901035,0.5748859715547256,6.944444444444444e-05,False,-0.09999999999999999,-0.10714285714285714,-0.7060546875,1286,0.5114806017418844,643,0.5126582278481012,386,0.4765625,193,0.47668393782383417,,,,,,-0.01382093747901033,5,0.646484375,256,0.045993348025911936,0.2005813953488372,258,0.09518677773588262,-0.837890625,256,-0.03843953439849175,0.1560077519379845,258,0.06944071475094904,0.15406976744186046,258,-0.10726774662547041
ES,overnight_range,10,Q,1286,-0.0027808326631663565,-0.05507330369730168,0.057725529558954713,0.044200866194020735,-0.012556058089711157,0.10201778913965452,0.1238599939351337,6.944444444444444e-05,False,0.09999999999999999,-0.07851387719272859,0.002575227014983227,1286,0.4901652242328875,643,0.5031347962382445,386,0.4961038961038961,193,0.5052083333333334,,,,,,0.04648450326713374,5,0.03870282224019113,256,0.05972176023002248,-0.024794924747799672,258,0.1078764013406875,-0.0498083189938916,256,-0.011932287794729095,0.026159738218424034,258,0.15598372406375194,0.029776830586751044,258,-0.03618612644532208
ES,overnight_range,15,R,1286,-0.1448857136057317,-0.2492915712840225,-0.019002858657480207,-0.01878241679122429,-0.07709030080868724,0.04365551506721073,0.513417158983098,6.944444444444444e-05,False,0.0,0.05263157894736842,-1.5244140625,1286,0.5185770750988142,643,0.5110062893081762,386,0.4789473684210526,193,0.45789473684210524,,,,,,-0.016489738773715273,5,0.5556640625,256,0.028921906109320154,0.11046511627906977,258,0.0718343674980452,-0.9501953125,256,-0.1093398923718855,0.3391472868217054,258,0.07136031825972038,-0.09108527131782945,258,-0.08330964614504105
ES,overnight_range,15,Q,1286,-0.023749007197331192,-0.07663732529967217,0.03485607621107382,0.023429457680679975,-0.02777096820355576,0.08350899155559696,0.41491707214310125,6.944444444444444e-05,False,0.0,-0.05662223573910139,-0.016993793671513234,1286,0.4810725552050473,643,0.4881889763779528,386,0.47643979057591623,193,0.4869109947643979,,,,,,0.02565573792444748,5,0.049213760967481146,256,0.02879043995649988,-0.017262493893884318,258,0.10370819074840104,-0.05253870963895273,256,-0.0320922850151433,0.01866584848646706,258,0.13141953097947098,0.018529905598879067,258,-0.051722812673594444
ES,overnight_range,30,R,1286,-0.05631460062889525,-0.1527760154673435,0.04151980222509055,0.0037313674926520877,-0.05319422996868947,0.06392546419251521,0.8967114808133301,6.944444444444444e-05,False,0.0,0.015977443609022556,-0.5341796875,1286,0.5098193244304792,643,0.5116640746500778,386,0.4896373056994819,193,0.47150259067357514,,,,,,0.005291563539940512,5,0.32421875,256,-0.02098750757043611,0.26841085271317827,258,0.05731326859641989,-0.3232421875,256,-0.07531245332342644,0.9011627906976745,258,0.04999021618907592,0.48158914728682173,258,-0.021837863373095057
ES,overnight_range,30,Q,1286,-0.02758253463981247,-0.08008517572207476,0.0323281228337123,0.016719741280396317,-0.030377571593686738,0.07209801828421668,0.5607404742952431,6.944444444444444e-05,False,0.09999999999999999,-0.05087357801706602,-0.027834914610501835,1286,0.48744113029827313,643,0.48589341692789967,386,0.46475195822454307,193,0.45077720207253885,,,,,,0.018879169384489705,5,0.035423873360228855,256,-0.006721608878544317,-0.04168959591286041,258,0.09066678619265314,-0.053869654364200235,256,-0.027523846296558446,0.03157426369579539,258,0.07955876578770583,0.011746164768588151,258,-0.045174889547573566
ES,range_position_0929,5,R,1286,-0.061987412253547564,-0.11577758782167681,0.002734021674456546,-0.041014029969064184,-0.09273111935956925,0.017908689721182397,0.15337862906466349,6.944444444444444e-05,False,-0.8999999999999998,0.6172480620155039,-0.2198443579766537,1286,0.4812150279776179,643,0.49044585987261147,386,0.46684350132625996,193,0.42857142857142855,-0.26657458563535913,0.4886980108499096,-0.7552725964852687,-1.3688735413565383,-0.14948302765927726,-0.04009834274980157,5,0.3623046875,256,-0.056009550340412176,-0.1753875968992248,258,0.03876786052553446,-0.1806640625,256,-0.06801671704952336,0.16375968992248063,258,-0.026628740267746323,0.08042635658914729,258,-0.08354809011098269
ES,range_position_0929,5,Q,1286,-0.009559184624355928,-0.0598741265549665,0.04426372536261233,-0.007512702308253109,-0.05762412759094821,0.046778464491192294,0.7938030090245727,6.944444444444444e-05,False,-0.19999999999999998,0.02546099987405078,0.03340732015259088,1286,0.48322683706070285,643,0.4944356120826709,386,0.5026178010471204,193,0.4842105263157895,-0.0005094017890970325,0.03959811448362496,-0.040107516272721994,-0.1129637544107579,0.01989564746717503,-0.00687935017419612,5,0.02768397782202795,256,0.05727112927284554,-0.0583752879559022,258,0.058463390337970544,-0.018273521601407244,256,-0.07281759650362549,0.038388234081722865,258,-0.004909255122569402,0.08351712384022406,258,-0.04446624607962081
ES,range_position_0929,10,R,1286,-0.05773303175252655,-0.11441777653252654,0.0022176648863069877,-0.055719120817173756,-0.11281032184077598,0.0026247758182688648,0.052318384961390185,6.944444444444444e-05,False,-0.8999999999999998,0.8691860465116279,-0.47470817120622566,1286,0.4784688995215311,643,0.4643423137876387,386,0.4894179894179894,193,0.4734042553191489,-0.24102209944751382,0.4733273056057866,-0.7143494050533005,-1.5047757148352032,0.16932654194099425,-0.054614496556880276,5,0.646484375,256,-0.11579422627123581,0.2005813953488372,258,0.002076583792444794,-0.837890625,256,-0.15105538579887057,0.1560077519379845,258,-0.02989847799879124,0.15406976744186046,258,0.0007880743797143324
ES,range_position_0929,10,Q,1286,-0.022399584308430826,-0.07005544410798652,0.030280643984781815,-0.021603124964003257,-0.06784396299593463,0.030865703224739756,0.45223149266690044,6.944444444444444e-05,False,-0.7,0.027720187092459877,0.01856165713501575,1286,0.48256735340729,643,0.48742138364779874,386,0.5026041666666666,193,0.4739583333333333,-0.014950440776053106,0.033625716454038085,-0.04857615723009119,-0.12162367562968324,0.01161626469841337,-0.020434580650795058,5,0.03870282224019113,256,0.0076869345981805835,-0.024794924747799672,258,0.0578544275790845,-0.0498083189938916,256,-0.12087699864099789,0.026159738218424034,258,-0.022420460056377312,0.029776830586751044,258,-0.02402349103323371
ES,range_position_0929,15,R,1286,-0.015536268893357227,-0.0724797513456189,0.04538416490287213,-0.019979117005459016,-0.07874709300259376,0.038195468255592946,0.486945301168233,6.944444444444444e-05,False,-0.3,0.1569767441860465,-0.5826848249027238,1286,0.4896496815286624,643,0.4835680751173709,386,0.4830287206266319,193,0.484375,-0.03383977900552486,0.05877034358047016,-0.09261012258599502,-0.9888795139270479,0.7925308837780859,-0.0187527747615623,5,0.5556640625,256,-0.057584138069679346,0.11046511627906977,258,0.07630458691146083,-0.9501953125,256,-0.0748194370896169,0.3391472868217054,258,-0.04862653071358988,-0.09108527131782945,258,0.03357338453858371
ES,range_position_0929,15,Q,1286,-0.01333100381399578,-0.06415544459056927,0.04097312720704145,-0.012305925023144742,-0.06239865451270758,0.04216534799560246,0.6685414597462445,6.944444444444444e-05,False,-0.49999999999999994,0.01856056553806298,0.016118201555831397,1286,0.482922954725973,643,0.4810725552050473,386,0.4921052631578947,193,0.45263157894736844,-0.008672721980950093,0.023739609929597824,-0.03241233191054792,-0.10316619775981073,0.030530588276332378,-0.010942860029223959,5,0.049213760967481146,256,-0.0005842140953215163,-0.017262493893884318,258,0.0676666011083202,-0.05253870963895273,256,-0.09877024915545846,0.01866584848646706,258,-0.007074511303130195,0.018529905598879067,258,-0.025305346251830958
ES,range_position_0929,30,R,1286,-0.0037894761104014544,-0.06066816060334168,0.06283166327378358,-0.0018203449104828644,-0.061059621532809256,0.06072061366222303,0.9495031383151049,6.944444444444444e-05,False,-0.3,0.09496124031007752,-0.4143968871595331,1286,0.48813291139240506,643,0.5015625,386,0.5039164490861618,193,0.4869109947643979,0.35359116022099446,0.3566907775768535,-0.0030996173558590634,-1.1639664643131886,1.1379577461710602,-0.0025869092638297554,5,0.32421875,256,0.024119524123760002,0.26841085271317827,258,0.00841532572591514,-0.3232421875,256,-0.1373323788691893,0.9011627906976745,258,-0.03652908691655305,0.48158914728682173,258,0.10288497559004141
ES,range_position_0929,30,Q,1286,0.0003019201690891685,-0.05449849337278946,0.05619733235222534,-0.0011253149347605887,-0.055522666045102066,0.05407074482051064,0.9687705891842113,6.944444444444444e-05,False,0.0,-0.019361595460775035,-0.000533236927623631,1286,0.491699604743083,643,0.5039123630672926,386,0.5038961038961038,193,0.46875,-0.010789638198976957,0.011699582402023763,-0.02248922060100072,-0.08749996707545421,0.04033961290917441,-0.0006207387675443771,5,0.035423873360228855,256,0.0027048427522140877,-0.04168959591286041,258,0.05645253145738112,-0.053869654364200235,256,-0.10912549894740638,0.03157426369579539,258,0.01289779572985929,0.011746164768588151,258,0.03159317455224905
ES,signed_path_efficiency_on,5,R,1286,-0.10735457663640337,-0.1655518343536651,-0.044205030394936964,-0.07356199395111805,-0.1250085209921207,-0.019924472988868507,0.010350683838826313,6.944444444444444e-05,False,-0.9999999999999999,0.8507751937984496,-0.5680933852140078,1286,0.4704472843450479,643,0.4873015873015873,386,0.4763157894736842,193,0.43455497382198954,-0.3402679830747532,0.5496485061511424,-0.8899164892258955,-1.5167838467754529,-0.24637114515605293,-0.07145787800415626,5,0.3623046875,256,-0.022177173893382796,-0.1753875968992248,258,0.040064116405032255,-0.1806640625,256,-0.17278249220189398,0.16375968992248063,258,-0.06850493273583334,0.08042635658914729,258,-0.09263319245447077
ES,signed_path_efficiency_on,5,Q,1286,-0.042722088802034784,-0.09558385420150242,0.012440191232102831,-0.03652679581909343,-0.08664656949625907,0.017048848471353944,0.2036040545763047,6.944444444444444e-05,False,-0.7,0.04711698660750033,0.0019410055183902908,1286,0.47007182761372707,643,0.47217806041335453,386,0.47214854111405835,193,0.4973821989528796,-0.011929940900404556,0.05001613841058889,-0.06194607931099345,-0.12568543071545396,0.004367006006643229,-0.03550841284103485,5,0.02768397782202795,256,0.046447050226091705,-0.0583752879559022,258,0.07499822688947477,-0.018273521601407244,256,-0.13322856855699172,0.038388234081722865,258,-0.05233691620171794,0.08351712384022406,258,-0.06393217184338945
ES,signed_path_efficiency_on,10,R,1286,-0.09931007378072369,-0.15706698887312948,-0.040293887157299854,-0.08551345022116914,-0.14096510220073447,-0.031998539669762203,0.002860564279751676,6.944444444444444e-05,False,-0.9999999999999999,0.9602713178294574,-0.8278210116731517,1286,0.45976095617529883,643,0.47318611987381703,386,0.45144356955380577,193,0.43157894736842106,-0.5765162200282088,0.8659929701230229,-1.4425091901512317,-2.2411114567660086,-0.569258246967808,-0.08366009906191353,5,0.646484375,256,-0.08323834373607321,0.2005813953488372,258,-0.007522426002139819,-0.837890625,256,-0.22173658373050248,0.1560077519379845,258,-0.07177804159724026,0.15406976744186046,258,-0.032355913707327044
ES,signed_path_efficiency_on,10,Q,1286,-0.06040335660378024,-0.11532812321118463,-0.007975993350974396,-0.05103184489354129,-0.10224168319410033,0.002804265880837595,0.07557385000483263,6.944444444444444e-05,False,-0.6,0.05827758544235363,-0.01401653890662778,1286,0.4734758511480602,643,0.4755905511811024,386,0.468586387434555,193,0.4607329842931937,-0.030225211699327407,0.048400347227134884,-0.0786255589264623,-0.14622658193353075,-0.017947961324880364,-0.049885663968644134,5,0.03870282224019113,256,0.017739254552775117,-0.024794924747799672,258,0.06399459001756326,-0.0498083189938916,256,-0.1752996732368972,0.026159738218424034,258,-0.06850739414671052,0.029776830586751044,258,-0.07060229686857956
ES,signed_path_efficiency_on,15,R,1286,-0.033824248361149625,-0.09707667551472217,0.029382196536204743,-0.03503433125484357,-0.09418969432669914,0.02458216963581437,0.2227075179645417,6.944444444444444e-05,False,-0.8999999999999998,-0.006782945736434108,-0.4163424124513619,1286,0.477326968973747,643,0.49050632911392406,386,0.4725848563968668,193,0.47368421052631576,-0.2933709449929478,0.3602811950790861,-0.6536521400720339,-1.7148556656693628,0.2813729329905971,-0.03316505673031378,5,0.5556640625,256,0.00221654382449398,0.11046511627906977,258,0.06924952075652412,-0.9501953125,256,-0.11334000545704809,0.3391472868217054,258,-0.08909857935190042,-0.09108527131782945,258,0.016999460555661712
ES,signed_path_efficiency_on,15,Q,1286,-0.04357034422085235,-0.09898235301744003,0.010856223296758264,-0.034006030102150045,-0.08501633238927683,0.01918128589419851,0.23659425194443573,6.944444444444444e-05,False,-0.6,0.04292417924983593,0.0030266348694505912,1286,0.4746031746031746,643,0.4699367088607595,386,0.46596858638743455,193,0.45549738219895286,-0.026024131415551374,0.04082220870639921,-0.06684634012195058,-0.13598742874657316,-0.004327948606778995,-0.032699612451252205,5,0.049213760967481146,256,0.037408508362037955,-0.017262493893884318,258,0.07400944995903866,-0.05253870963895273,256,-0.15057309424145948,0.01866584848646706,258,-0.04417874560497295,0.018529905598879067,258,-0.07218771405057023
ES,signed_path_efficiency_on,30,R,1286,-0.0004805590719997329,-0.05769262542590915,0.06493524914943406,-0.002189004181626567,-0.06134484895031572,0.05698221775279886,0.9392944919077666,6.944444444444444e-05,False,-0.39999999999999997,0.07267441860465117,0.05058365758754864,1286,0.48853754940711464,643,0.4953125,386,0.5142857142857142,193,0.5260416666666666,0.09873060648801128,0.632688927943761,-0.5339583214557497,-1.9569814784059332,0.7593766034737892,-0.004228887967940828,5,0.32421875,256,0.042094335267192654,0.26841085271317827,258,0.040791581654946875,-0.3232421875,256,-0.12354202724491402,0.9011627906976745,258,-0.04747312336657443,0.48158914728682173,258,0.10380674104380903
ES,signed_path_efficiency_on,30,Q,1286,-0.024112291084420888,-0.08194055368130701,0.0358977734875654,-0.018360275131849138,-0.07402927312731761,0.03797086793564661,0.5229305773704276,6.944444444444444e-05,False,-0.6,0.01726871988039543,0.003842227215476801,1286,0.47709320695102686,643,0.4858490566037736,386,0.4817708333333333,193,0.484375,-0.024602426314152395,0.024237909149486866,-0.048840335463639264,-0.11769958167649879,0.02429538097046516,-0.018222402549488516,5,0.035423873360228855,256,0.03327074065971712,-0.04168959591286041,258,0.07850867256068066,-0.053869654364200235,256,-0.13652727890319433,0.03157426369579539,258,-0.02788382003706489,0.011746164768588151,258,-0.009117450942970399
ES,dist_from_overnight_high,5,R,1286,0.0857984803153856,-0.005872721192071959,0.17439487563090597,0.029909339735812997,-0.02637684453139588,0.08497937327441554,0.2979355727282307,6.944444444444444e-05,False,0.8999999999999998,-0.15054744525547445,0.646484375,1286,0.4832,643,0.48346456692913387,386,0.47244094488188976,193,0.5287958115183246,,,,,,0.028070868046165008,5,0.3623046875,256,0.1280250409312089,-0.1753875968992248,258,-0.01094619647449074,-0.1806640625,256,0.02341165721262525,0.16375968992248063,258,0.05424199579456905,0.08042635658914729,258,0.04666355689390249
ES,dist_from_overnight_high,5,Q,1286,0.047487720257738675,-0.00589417672190571,0.09590149428514726,0.03874061720108708,-0.015040026595439756,0.0918151828770823,0.17750421721913345,6.944444444444444e-05,False,0.49999999999999994,-0.0048195875428694674,0.07407356805765877,1286,0.5019984012789768,643,0.5047770700636943,386,0.5158730158730159,193,0.5661375661375662,,,,,,0.03715562020043141,5,0.02768397782202795,256,0.014279180853106872,-0.0583752879559022,258,-0.025408107847091972,-0.018273521601407244,256,0.044138873718232,0.038388234081722865,258,0.06145858280628971,0.08351712384022406,258,0.020226139062090916
ES,dist_from_overnight_high,10,R,1286,0.017902857487820775,-0.08577895431862699,0.1306295151610513,0.030279645716353595,-0.030417660248997384,0.08934016904432245,0.29199030282371297,6.944444444444444e-05,False,0.7,-0.3768248175182482,0.1103515625,1286,0.5107741420590582,643,0.5149136577708007,386,0.5246753246753246,193,0.53125,,,,,,0.031188303570162338,5,0.646484375,256,0.13774610932301648,0.2005813953488372,258,0.036098913174439,-0.837890625,256,0.046357230944637194,0.1560077519379845,258,0.06274526113167177,0.15406976744186046,258,-0.03077981256716337
ES,dist_from_overnight_high,10,Q,1286,0.04023316101874143,-0.013645403865514336,0.0900221178297797,0.03361313007187345,-0.021590668449386268,0.08405838858211381,0.242058287455865,6.944444444444444e-05,False,0.7,-0.017952021529879045,0.04593244433689222,1286,0.48929421094369546,643,0.4835164835164835,386,0.4869791666666667,193,0.5440414507772021,,,,,,0.03332183968397571,5,0.03870282224019113,256,0.04314143003822521,-0.024794924747799672,258,-0.01797013566450022,-0.0498083189938916,256,0.05532847301547851,0.026159738218424034,258,0.08250867595766784,0.029776830586751044,258,0.01778946067137304
ES,dist_from_overnight_high,15,R,1286,-0.05457741707635975,-0.14864511506988912,0.04309985839374515,0.008769072928578505,-0.04910120410162819,0.06813944029801454,0.7602990855376628,6.944444444444444e-05,False,-0.09999999999999999,-0.4927007299270073,-0.935546875,1286,0.5179282868525896,643,0.5173501577287066,386,0.5052083333333334,193,0.4973821989528796,,,,,,0.009401141958949238,5,0.5556640625,256,0.08119450519790287,0.11046511627906977,258,-0.04931991128100859,-0.9501953125,256,-0.03371249720714585,0.3391472868217054,258,0.07223638456291935,-0.09108527131782945,258,-0.03968959589498035
ES,dist_from_overnight_high,15,Q,1286,0.017133748274414693,-0.03589696866241981,0.06798965604783638,0.016770560885921014,-0.036477859707123514,0.06897830551549047,0.5595496652094292,6.944444444444444e-05,False,0.49999999999999994,-0.013933648284039396,0.020322173847122368,1286,0.48012718600953896,643,0.4755905511811024,386,0.47244094488188976,193,0.53125,,,,,,0.016425593493873215,5,0.049213760967481146,256,0.0351083098996286,-0.017262493893884318,258,-0.03138355247595201,-0.05253870963895273,256,0.020163055694530113,0.01866584848646706,258,0.06302302964819427,0.018529905598879067,258,0.013364049508534615
ES,dist_from_overnight_high,30,R,1286,-0.01340063135831227,-0.09969716047318383,0.0729833391443092,0.0040883510251217715,-0.054982154471952156,0.05711753141930406,0.8868932187692742,6.944444444444444e-05,False,-0.09999999999999999,-0.48175182481751827,-0.75,1286,0.5083135391923991,643,0.5039001560062403,386,0.5025906735751295,193,0.48704663212435234,,,,,,0.005879168311750449,5,0.32421875,256,-0.005927001324944867,0.26841085271317827,258,0.013767820820317273,-0.3232421875,256,0.03424531359578591,0.9011627906976745,258,0.043264898094303936,0.48158914728682173,258,-0.09169130979776395
ES,dist_from_overnight_high,30,Q,1286,-0.0030002143639997355,-0.05831292287487762,0.043579684875924916,0.009372288055989587,-0.04310374991215783,0.0602810184055932,0.7443669084683444,6.944444444444444e-05,False,0.3,-0.033267443754279584,-0.02359094541975184,1286,0.4865506329113924,643,0.48119122257053293,386,0.4712041884816754,193,0.46875,,,,,,0.009005973845828961,5,0.035423873360228855,256,0.014470547684791479,-0.04168959591286041,258,-0.018020381262713606,-0.053869654364200235,256,0.03945918693855522,0.03157426369579539,258,0.02675543707399553,0.011746164768588151,258,-0.028757549490325857
ES,dist_from_overnight_low,5,R,1286,-0.10186624912968513,-0.18352623580366492,0.0018318313311357966,-0.02255351002164932,-0.07563113320345244,0.045598034554346654,0.43258229013884497,6.944444444444444e-05,False,-0.39999999999999997,0.38327205882352944,-0.35358565737051795,1286,0.48289578361177404,643,0.4952681388012618,386,0.48293963254593175,193,0.45077720207253885,,,,,,-0.02028014096808431,5,0.3623046875,256,0.07860856934325734,-0.1753875968992248,258,0.06999176699771881,-0.1806640625,256,-0.08258334412586414,0.16375968992248063,258,0.033125284506166995,0.08042635658914729,258,-0.08575973109711028
ES,dist_from_overnight_low,5,Q,1286,-0.0038465568173521327,-0.05364657382700682,0.05460508148556789,0.04557768604690539,-0.002343617039720629,0.10592128545025084,0.11256500910800327,6.944444444444444e-05,False,0.6,-0.017098647137500585,0.0493185291916888,1286,0.5007949125596184,643,0.5300632911392406,386,0.5235602094240838,193,0.5105263157894737,,,,,,0.04596563873782643,5,0.02768397782202795,256,0.13033389498395492,-0.0583752879559022,258,0.10335332280744047,-0.018273521601407244,256,-0.05527379116188338,0.038388234081722865,258,0.0718920084494749,0.08351712384022406,258,-0.04477022916332262
ES,dist_from_overnight_low,10,R,1286,-0.1669593003311075,-0.26776432464291344,-0.052258036591311965,-0.04611756710832521,-0.11186108351161277,0.019977723067606735,0.10836377725828816,6.944444444444444e-05,False,-0.3,0.6553308823529411,-1.00199203187251,1286,0.5103174603174603,643,0.505564387917329,386,0.46949602122015915,193,0.41578947368421054,,,,,,-0.04388890411611586,5,0.646484375,256,-0.03444643206644297,0.2005813953488372,258,0.05816578819207409,-0.837890625,256,-0.18799851881244753,0.1560077519379845,258,0.03497405622839885,0.15406976744186046,258,-0.016186187189807723
ES,dist_from_overnight_low,10,Q,1286,-0.04075534924866366,-0.09065339436917284,0.021677823372705265,0.015890370645906905,-0.03672301687267393,0.07698873808225337,0.5803454956529757,6.944444444444444e-05,False,0.49999999999999994,-0.0015910267537934293,0.005767314951833081,1286,0.4889589905362776,643,0.5039246467817896,386,0.48825065274151436,193,0.46875,,,,,,0.01693970850167124,5,0.03870282224019113,256,0.06955181937334907,-0.024794924747799672,258,0.10630442871033728,-0.0498083189938916,256,-0.1213239857645503,0.026159738218424034,258,0.07156312056973758,0.029776830586751044,258,-0.019014878909489295
ES,dist_from_overnight_low,15,R,1286,-0.141617618669176,-0.24493329314665527,-0.03050048975190464,-0.017593650795097313,-0.07931039290723589,0.04289399537206463,0.5404354181329607,6.944444444444444e-05,False,-0.3,0.421875,-0.8944223107569721,1286,0.5174326465927099,643,0.5118483412322274,386,0.5,193,0.45263157894736844,,,,,,-0.015298530668334507,5,0.5556640625,256,0.004852457624266773,0.11046511627906977,258,0.11155725941397315,-0.9501953125,256,-0.16055357136177534,0.3391472868217054,258,-0.009523272047268248,-0.09108527131782945,258,0.033430529669783424
ES,dist_from_overnight_low,15,Q,1286,-0.04724404398711006,-0.09810834650558206,0.012992561850244942,0.008913050956118817,-0.04395907095586751,0.07119034902226128,0.7564868020155857,6.944444444444444e-05,False,0.09999999999999999,-0.0008233332158879834,-0.009496369771101985,1286,0.4798418972332016,643,0.48580441640378547,386,0.46981627296587924,193,0.42328042328042326,,,,,,0.010254936041448065,5,0.049213760967481146,256,0.04243467093799321,-0.017262493893884318,258,0.11332838142407944,-0.05253870963895273,256,-0.1250675518357876,0.01866584848646706,258,0.06957112564350178,0.018529905598879067,258,-0.020306403321794942
ES,dist_from_overnight_low,30,R,1286,-0.06224318077787227,-0.1725414644384064,0.049852336938562954,0.011833798977289268,-0.04592772713524799,0.0740873743790254,0.6805426535950134,6.944444444444444e-05,False,0.09999999999999999,0.34558823529411764,0.15338645418326693,1286,0.5086614173228347,643,0.5101404056162246,386,0.5038961038961038,193,0.5025906735751295,,,,,,0.01419779859717861,5,0.32421875,256,0.042108633486331974,0.26841085271317827,258,0.062077797674883826,-0.3232421875,256,-0.19423403871796074,0.9011627906976745,258,-0.002076645081370024,0.48158914728682173,258,0.09977113746807943
ES,dist_from_overnight_low,30,Q,1286,-0.03376967342834745,-0.08688624086331267,0.030270057856596425,0.020977025731655025,-0.03660313415175837,0.08303569027426516,0.4654465281125706,6.944444444444444e-05,False,0.49999999999999994,-0.028361122585937825,-0.01353691928343738,1286,0.48623131392604246,643,0.48982785602503914,386,0.4830287206266319,193,0.4635416666666667,,,,,,0.02248184684171796,5,0.035423873360228855,256,0.028367491888282362,-0.04168959591286041,258,0.1139134910954907,-0.053869654364200235,256,-0.11653131031699827,0.03157426369579539,258,0.05513117884263772,0.011746164768588151,258,0.026945995353196223
ES,normalized_overnight_volume,5,R,1266,0.05962048005316027,-0.027561000560976684,0.14966287141288054,0.021945476020265184,-0.03780499227147261,0.08317328058884274,0.4486659142878153,6.944444444444444e-05,False,0.3,-0.003937007874015748,0.18478260869565216,1266,0.4830645161290323,633,0.4967845659163987,380,0.4973404255319149,190,0.4973544973544973,,,,,,0.019635454842376197,5,0.3739406779661017,236,0.13562150681889784,-0.1753875968992248,258,0.08062793218442392,-0.1806640625,256,0.051545457587637074,0.16375968992248063,258,0.010023243787694645,0.08042635658914729,258,-0.12494385459721678
ES,normalized_overnight_volume,5,Q,1266,0.04264210419568649,-0.006984999254725026,0.0879445083757583,0.03932752828604812,-0.015366802290290093,0.08867144050019196,0.17439455595858133,6.944444444444444e-05,False,0.7999999999999999,-0.03255837080247599,0.041967700169002004,1266,0.500805152979066,633,0.5168,380,0.5053191489361702,190,0.5159574468085106,,,,,,0.0389431565737702,5,0.023244646876750832,236,0.09601459756246133,-0.0583752879559022,258,0.06959902400875341,-0.018273521601407244,256,0.033503033690838804,0.038388234081722865,258,0.09085412586317386,0.08351712384022406,258,-0.10933157803243157
ES,normalized_overnight_volume,10,R,1266,0.054666960047913445,-0.06401791015384688,0.1562922403695391,-0.001484150179515274,-0.0635463573812086,0.05570290473574712,0.9591420065591894,6.944444444444444e-05,False,-0.49999999999999994,0.2687007874015748,0.20454545454545456,1266,0.5088424437299035,633,0.5032051282051282,380,0.5040214477211796,190,0.5026737967914439,,,,,,-0.0038604365545637973,5,0.6557203389830508,236,0.08012606011424396,0.2005813953488372,258,0.12982094494871438,-0.837890625,256,-0.04658326249513045,0.1560077519379845,258,0.0014103071379405953,0.15406976744186046,258,-0.11381102850541071
ES,normalized_overnight_volume,10,Q,1266,0.05222694871427889,-0.003893435170038426,0.09859744456050507,0.04793557359423225,-0.010450603434889152,0.09917899680213164,0.09773779323143028,6.944444444444444e-05,False,0.7,-0.04343549865417703,0.045054999916821284,1266,0.48801916932907347,633,0.5023847376788553,380,0.5079365079365079,190,0.5132275132275133,,,,,,0.04692699870521936,5,0.035977938848349995,236,0.11214443877957658,-0.024794924747799672,258,0.10963598919948558,-0.0498083189938916,256,-0.0036200040093286715,0.026159738218424034,258,0.08971666913413798,0.029776830586751044,258,-0.09038811558197009
ES,normalized_overnight_volume,15,R,1266,0.024717418687388273,-0.07145808850880113,0.11482008386929478,0.00043261295644985066,-0.056665663623903,0.05785666309505221,0.9880855990095443,6.944444444444444e-05,False,-0.6,0.3395669291338583,-0.3577075098814229,1266,0.5168539325842697,633,0.5184,380,0.5305039787798409,190,0.5343915343915344,,,,,,-0.0019399667883963757,5,0.538135593220339,236,0.10077720958757151,0.11046511627906977,258,0.04797541329509182,-0.9501953125,256,-0.0712384340530295,0.3391472868217054,258,0.04834414113183691,-0.09108527131782945,258,-0.08568073329332047
ES,normalized_overnight_volume,15,Q,1266,0.040254198925081495,-0.016762434547339774,0.09103828468913472,0.03095745575240873,-0.026082490185211166,0.08441362463834583,0.28509729445877174,6.944444444444444e-05,False,0.6,-0.02531799550467041,0.02924772804773727,1266,0.4787830264211369,633,0.4968152866242038,380,0.5039787798408488,190,0.5052631578947369,,,,,,0.029782806273166654,5,0.04394053682414408,236,0.08617697275162915,-0.017262493893884318,258,0.10041509160707647,-0.05253870963895273,256,-0.025088537313444414,0.01866584848646706,258,0.058223801441053324,0.018529905598879067,258,-0.08291336275947203
ES,normalized_overnight_volume,30,R,1266,0.03055653109475229,-0.06018438682464846,0.12403097824618005,0.0058631146698900115,-0.047020246907138845,0.0657238383386326,0.8396143747850418,6.944444444444444e-05,False,0.3,0.2765748031496063,0.39920948616600793,1266,0.5083798882681564,633,0.5111111111111111,380,0.49868073878627966,190,0.5052631578947369,,,,,,0.00350351025622499,5,0.3008474576271186,236,0.09275264149242032,0.26841085271317827,258,0.032034149180737194,-0.3232421875,256,-0.05025502362275537,0.9011627906976745,258,0.04355162728159764,0.48158914728682173,258,-0.04726203460803552
ES,normalized_overnight_volume,30,Q,1266,0.031228326109346335,-0.027961804048678762,0.0833676471955247,0.019017343547656447,-0.037195037712776644,0.0728467364622636,0.5114866887977358,6.944444444444444e-05,False,0.7,-0.028217302046976946,0.02268548525731054,1266,0.48564593301435405,633,0.49522292993630573,380,0.48412698412698413,190,0.5185185185185185,,,,,,0.017530979631160827,5,0.029078852086966474,236,0.08419465015200053,-0.04168959591286041,258,0.061380775723343835,-0.053869654364200235,256,-0.03233666351398121,0.03157426369579539,258,0.032109239123456416,0.011746164768588151,258,-0.07183521367379349
ES,dist_0929_from_vwap,5,R,1286,-0.13345279724710904,-0.2223134287568585,-0.03509811875594913,-0.04463719683914217,-0.10097803980398158,0.01787453676399723,0.1201886970793673,6.944444444444444e-05,False,-0.8999999999999998,0.5804263565891473,-0.4085603112840467,1286,0.4888888888888889,643,0.501577287066246,386,0.4738219895287958,193,0.453125,-0.2352112676056338,0.4014756944444444,-0.6366869620500782,-1.3206040933098593,-0.07673516358568182,-0.042425496040562845,5,0.3623046875,256,-0.07600544507028383,-0.1753875968992248,258,0.07473926537248049,-0.1806640625,256,-0.0898145805816713,0.16375968992248063,258,-0.019594300654171955,0.08042635658914729,258,-0.09144030595309376
ES,dist_0929_from_vwap,5,Q,1286,-0.03863254745697015,-0.08725540242449677,0.015457466659870944,-0.01595075121355348,-0.06561787056600675,0.041232011233522346,0.5789074310769391,6.944444444444444e-05,False,-0.3,0.048839449283931566,0.04279344823671407,1286,0.4956383822363204,643,0.5071315372424723,386,0.4710526315789474,193,0.44148936170212766,0.0031606652261353236,0.028742643286740206,-0.025581978060604884,-0.09544927001217512,0.03665860851053958,-0.015628796013440166,5,0.02768397782202795,256,0.043788224613091085,-0.0583752879559022,258,0.07372366684184496,-0.018273521601407244,256,-0.07934036813457208,0.038388234081722865,258,-0.004132559859365248,0.08351712384022406,258,-0.05939401308680402
ES,dist_0929_from_vwap,10,R,1286,-0.14235324482294737,-0.23958972786070387,-0.03948203916035424,-0.061692344023751775,-0.12702655645392746,-0.0004198540290393135,0.03163160343686222,6.944444444444444e-05,False,-0.8999999999999998,0.6996124031007752,-0.914396887159533,1286,0.48139350752177357,643,0.4707740916271722,386,0.44854881266490765,193,0.43455497382198954,-0.2802816901408451,0.4891493055555556,-0.7694309956964007,-1.6332724166177621,0.12232486062206471,-0.059502580771432285,5,0.646484375,256,-0.14529463178416016,0.2005813953488372,258,0.03653533705735606,-0.837890625,256,-0.1664593368564476,0.1560077519379845,258,-0.04069134445321663,0.15406976744186046,258,-0.011976062570000666
ES,dist_0929_from_vwap,10,Q,1286,-0.055771921788382035,-0.10578902974379582,0.002002975704253158,-0.028085472353425713,-0.07697452581427425,0.02659247359908298,0.32838895846190086,6.944444444444444e-05,False,-0.49999999999999994,0.028289690755282988,0.0011156341691451878,1286,0.4909520062942565,643,0.49921752738654146,386,0.4765625,193,0.453125,-0.010443952154749995,0.021886706645361145,-0.03233065880011114,-0.10131713748484772,0.03673422498329127,-0.027059063569029443,5,0.03870282224019113,256,-0.018873727990704404,-0.024794924747799672,258,0.08380773763683178,-0.0498083189938916,256,-0.12767541704389523,0.026159738218424034,258,-0.014310141342124208,0.029776830586751044,258,-0.03655787337137487
ES,dist_0929_from_vwap,15,R,1286,-0.07824609741050505,-0.1708086418965816,0.025810282075399246,-0.01752095878695204,-0.0802588453349747,0.052104953804633994,0.5421103014648287,6.944444444444444e-05,False,-0.09999999999999999,-0.16763565891472867,-0.6089494163424124,1286,0.4972332015810277,643,0.5007874015748032,386,0.4804177545691906,193,0.450261780104712,-0.05985915492957746,0.059027777777777776,-0.11888693270735523,-1.1541834776017215,0.770842227846244,-0.01523749357915355,5,0.5556640625,256,-0.06603124370011168,0.11046511627906977,258,0.10300359849622975,-0.9501953125,256,-0.09127272355099308,0.3391472868217054,258,-0.03370210977802143,-0.09108527131782945,258,0.012574282911169994
ES,dist_0929_from_vwap,15,Q,1286,-0.047541476171225894,-0.10027665371712022,0.010839035530775015,-0.017004207566444534,-0.0657982725338573,0.03805847301465084,0.5540906534102281,6.944444444444444e-05,False,-0.6,0.012489949080968454,-0.004606577629131285,1286,0.49053627760252366,643,0.494488188976378,386,0.468586387434555,193,0.41578947368421054,-0.0051660066464280325,0.013818505188306114,-0.018984511834734145,-0.08842811727933456,0.049837424310101276,-0.015669167831623112,5,0.049213760967481146,256,-0.031208949367539054,-0.017262493893884318,258,0.09325401507462841,-0.05253870963895273,256,-0.10584171916065696,0.01866584848646706,258,0.004540594931369476,0.018529905598879067,258,-0.03906953538789356
ES,dist_0929_from_vwap,30,R,1286,-0.046100803540185656,-0.15669414331583884,0.06524150637241102,0.003920053117092286,-0.060921119163499696,0.07645110745331601,0.8915199190204988,6.944444444444444e-05,False,-0.09999999999999999,0.031007751937984496,-0.07101167315175097,1286,0.5035349567949725,643,0.5125,386,0.5,193,0.44559585492227977,0.4387323943661972,0.19921875,0.2395136443661972,-0.9984967967527385,1.5262739632237852,0.006259401769555331,5,0.32421875,256,-0.0028522521989161236,0.26841085271317827,258,0.039277090018233596,-0.3232421875,256,-0.1490640204561941,0.9011627906976745,258,-0.024288871148985064,0.48158914728682173,258,0.08533293834056385
ES,dist_0929_from_vwap,30,Q,1286,-0.02871242120438034,-0.0840543056482061,0.02884378172773156,-0.003482619812754724,-0.058324249057192704,0.05201333055851947,0.9035623276640783,6.944444444444444e-05,False,0.09999999999999999,-0.02250330520705454,-0.007468370751989652,1286,0.49921507064364207,643,0.5242566510172144,386,0.5,193,0.453125,-0.005673381281784611,-0.00047441741086220936,-0.005198963870922402,-0.0791864805700267,0.06561843454441768,-0.0019873954705877856,5,0.035423873360228855,256,-0.036615368222605096,-0.04168959591286041,258,0.08493391283379215,-0.053869654364200235,256,-0.10137242525122214,0.03157426369579539,258,0.010851799910498637,0.011746164768588151,258,0.0049182386926806525
ES,normalized_dist_from_vwap,5,R,1286,-0.05146269369159295,-0.1072597681531172,0.01362304554794285,-0.03437718924343882,-0.08624190441618128,0.0252274428575397,0.23151307402440668,6.944444444444444e-05,False,-0.8999999999999998,0.6453488372093024,-0.22859922178988326,1286,0.4888888888888889,643,0.48417721518987344,386,0.48548812664907653,193,0.46808510638297873,-0.2352112676056338,0.4014756944444444,-0.6366869620500782,-1.3206040933098593,-0.07673516358568182,-0.03608318425240908,5,0.3623046875,256,-0.0696230571838494,-0.1753875968992248,258,0.04345736139344109,-0.1806640625,256,-0.04646520378929828,0.16375968992248063,258,-0.02866354885073574,0.08042635658914729,258,-0.08226129939446047
ES,normalized_dist_from_vwap,5,Q,1286,-0.011827126586501405,-0.0627460751208068,0.04602953344500786,-0.012614938056906184,-0.06288577586309141,0.04493585693501014,0.6607318173649295,6.944444444444444e-05,False,-0.3,0.02024857827954081,-0.00605631589091035,1286,0.4956383822363204,643,0.49447077409162715,386,0.5052356020942408,193,0.4895833333333333,0.0031606652261353236,0.028742643286740206,-0.025581978060604884,-0.09544927001217512,0.03665860851053958,-0.01301257209144882,5,0.02768397782202795,256,0.03841014607491814,-0.0583752879559022,258,0.048076110114773044,-0.018273521601407244,256,-0.06535305363545056,0.038388234081722865,258,-0.027457694811277994,0.08351712384022406,258,-0.047718971666366815
ES,normalized_dist_from_vwap,10,R,1286,-0.05009804645523482,-0.10996288095371773,0.012071478169993021,-0.05058985718713048,-0.10838468722712911,0.006021954598269703,0.0781455040061132,6.944444444444444e-05,False,-0.9999999999999999,0.9176356589147286,-0.5155642023346303,1286,0.48139350752177357,643,0.47385103011093505,386,0.48404255319148937,193,0.48148148148148145,-0.2802816901408451,0.4891493055555556,-0.7694309956964007,-1.6332724166177621,0.12232486062206471,-0.052669201306763294,5,0.646484375,256,-0.11866899834603124,0.2005813953488372,258,6.535150778357038e-05,-0.837890625,256,-0.13660477345652403,0.1560077519379845,258,-0.016447409979119393,0.15406976744186046,258,-0.011717855362647692
ES,normalized_dist_from_vwap,10,Q,1286,-0.019500937173546364,-0.07098933340059334,0.037507890890711396,-0.024165427046344414,-0.07250521075930753,0.03148953640210827,0.4004092991559891,6.944444444444444e-05,False,-0.7999999999999999,0.020628831803565853,-0.03145449228294104,1286,0.4909520062942565,643,0.4835680751173709,386,0.5013054830287206,193,0.5105263157894737,-0.010443952154749995,0.021886706645361145,-0.03233065880011114,-0.10131713748484772,0.03673422498329127,-0.02527873696738634,5,0.03870282224019113,256,-0.008131965536462185,-0.024794924747799672,258,0.044790911317532656,-0.0498083189938916,256,-0.11118655270383414,0.026159738218424034,258,-0.0327182280868993,0.029776830586751044,258,-0.026290601832281314
ES,normalized_dist_from_vwap,15,R,1286,-0.01713251394666045,-0.07401751427959544,0.04201897967729199,-0.017204135828835204,-0.07497904332452367,0.040773763258267676,0.5494402085261254,6.944444444444444e-05,False,-0.6,0.27810077519379844,-0.5749027237354085,1286,0.4972332015810277,643,0.48665620094191525,386,0.4908616187989556,193,0.49473684210526314,-0.05985915492957746,0.059027777777777776,-0.11888693270735523,-1.1541834776017215,0.770842227846244,-0.018818674897752834,5,0.5556640625,256,-0.06321262754931972,0.11046511627906977,258,0.06784981840066388,-0.9501953125,256,-0.05722151318636773,0.3391472868217054,258,-0.03299348913117298,-0.09108527131782945,258,0.0066424833951387345
ES,normalized_dist_from_vwap,15,Q,1286,-0.011806064286736383,-0.06435775633385131,0.045323477098225484,-0.015119935564103959,-0.06566700453041299,0.04049090087817124,0.5988396575514403,6.944444444444444e-05,False,-0.49999999999999994,0.011473224230307303,-0.02979794954597649,1286,0.49053627760252366,643,0.4811320754716981,386,0.49868766404199477,193,0.49473684210526314,-0.0051660066464280325,0.013818505188306114,-0.018984511834734145,-0.08842811727933456,0.049837424310101276,-0.01625618498428011,5,0.049213760967481146,256,-0.01487041364327271,-0.017262493893884318,258,0.05247333333832188,-0.05253870963895273,256,-0.08925884367563479,0.01866584848646706,258,-0.014488955971367507,0.018529905598879067,258,-0.0348822035602709
ES,normalized_dist_from_vwap,30,R,1286,-0.00953281252824888,-0.0653354255152661,0.055252125935068966,-0.008492825855636514,-0.06438858430003021,0.057084837951686174,0.767629844255115,6.944444444444444e-05,False,-0.3,0.47093023255813954,-0.7723735408560312,1286,0.5035349567949725,643,0.49608763693270735,386,0.4960835509138381,193,0.4869109947643979,0.4387323943661972,0.19921875,0.2395136443661972,-0.9984967967527385,1.5262739632237852,-0.010517508107170094,5,0.32421875,256,0.012317551633041839,0.26841085271317827,258,-0.009102246520452714,-0.3232421875,256,-0.1431132053266622,0.9011627906976745,258,-0.0327073080766513,0.48158914728682173,258,0.08147983291613244
ES,normalized_dist_from_vwap,30,Q,1286,-0.0019341211086782546,-0.057042733342988386,0.055539569021589144,-0.006875574278038102,-0.0614246984552191,0.049537914100295975,0.8109440786208517,6.944444444444444e-05,False,-0.3,-0.017546384431583927,-0.03898071455690514,1286,0.49921507064364207,643,0.5,386,0.5026041666666666,193,0.49214659685863876,-0.005673381281784611,-0.00047441741086220936,-0.005198963870922402,-0.0791864805700267,0.06561843454441768,-0.008317287441598473,5,0.035423873360228855,256,-0.019136510903928986,-0.04168959591286041,258,0.03475549029414141,-0.053869654364200235,256,-0.10105484515433419,0.03157426369579539,258,0.010531416764396668,0.011746164768588151,258,0.01684960555742771
ES,vwap_location_in_range,5,R,1286,-0.04539869979516217,-0.09691339040720069,0.014615002107790579,-0.040808080279435784,-0.09181777852099601,0.015776371197989733,0.15545591378743584,6.944444444444444e-05,False,-0.3,0.8362403100775194,0.11964980544747082,1286,0.4857142857142857,643,0.4802527646129542,386,0.46965699208443273,193,0.4787234042553192,-0.21354166666666666,0.4406370656370656,-0.6541787323037322,-1.2797038388835265,0.0036492267937574506,-0.03933912808221673,5,0.3623046875,256,0.007472953996864547,-0.1753875968992248,258,-0.017150082336796112,-0.1806640625,256,-0.11454339465955293,0.16375968992248063,258,-0.02513166846994469,0.08042635658914729,258,-0.04066820526706841
ES,vwap_location_in_range,5,Q,1286,7.95940253311369e-05,-0.051385851165646146,0.054748597610433804,0.0019072070754228988,-0.05006801620333676,0.05799550654883877,0.947097006220736,6.944444444444444e-05,False,-0.09999999999999999,0.03352209485321559,0.030796399799363324,1286,0.49246629659000796,643,0.4912559618441971,386,0.48533333333333334,193,0.48936170212765956,0.011973856382789728,0.018540372860494057,-0.006566516477704329,-0.07354362292831279,0.06142125524905535,0.0030874934183241155,5,0.02768397782202795,256,0.10538630484145511,-0.0583752879559022,258,-0.0013567122508169778,-0.018273521601407244,256,-0.06296902299236327,0.038388234081722865,258,0.0442943474205908,0.08351712384022406,258,-0.04301869837724957
ES,vwap_location_in_range,10,R,1286,-0.032481658311384366,-0.082448710733009,0.02730167189877633,-0.04682660508086201,-0.0990104588802449,0.009239301817008732,0.10303551290028445,6.944444444444444e-05,False,-0.6,0.7151162790697675,0.23735408560311283,1286,0.4806017418844022,643,0.4755134281200632,386,0.5078947368421053,193,0.4816753926701571,-0.2421875,0.5188223938223938,-0.7610098938223938,-1.5935496915721525,0.15078099863256095,-0.04529450056228881,5,0.646484375,256,-0.03731001444414268,0.2005813953488372,258,-0.030500282576529977,-0.837890625,256,-0.135865106788527,0.1560077519379845,258,-0.049139559436861276,0.15406976744186046,258,0.03009424218744099
ES,vwap_location_in_range,10,Q,1286,-0.01749029243996701,-0.06998108877580894,0.0366694476901294,-0.017328559798940116,-0.06861005119969425,0.03933023445977555,0.5465557684380558,6.944444444444444e-05,False,-0.3,0.04728898013651852,0.024808069583728123,1286,0.48623131392604246,643,0.48973143759873616,386,0.5,193,0.48947368421052634,-0.008342584897366216,0.02239120115643394,-0.030733786053800158,-0.10279661850109686,0.0319477511897298,-0.015931400796194397,5,0.03870282224019113,256,0.06176674355222851,-0.024794924747799672,258,-0.004258763284731236,-0.0498083189938916,256,-0.10287935520050609,0.026159738218424034,258,-7.337100644186932e-05,0.029776830586751044,258,-0.026163426998503454
ES,vwap_location_in_range,15,R,1286,0.006439917574290572,-0.04621673312961291,0.061277798150571425,-0.01450220955757749,-0.0659342829926369,0.04519782320719192,0.613857950510885,6.944444444444444e-05,False,0.09999999999999999,0.1937984496124031,0.6964980544747081,1286,0.491699604743083,643,0.48346456692913387,386,0.5105263157894737,193,0.49473684210526314,-0.08756510416666667,0.11341698841698841,-0.20098209258365507,-1.1885159957669722,0.7891325372526543,-0.01315991331251026,5,0.5556640625,256,-0.012001030081307002,0.11046511627906977,258,0.02307859030062395,-0.9501953125,256,-0.07479220097650874,0.3391472868217054,258,-0.08169578418954819,-0.09108527131782945,258,0.09300594839926354
ES,vwap_location_in_range,15,Q,1286,-0.0067911651837703774,-0.05894941133270984,0.05167612089026572,-0.0074255639286969835,-0.058956247951079614,0.051865803808406226,0.7961416885458008,6.944444444444444e-05,False,-0.09999999999999999,0.046575463997439885,0.035944523842959215,1286,0.48738170347003157,643,0.48031496062992124,386,0.49343832020997375,193,0.4869109947643979,-0.0037752150675940087,0.013882161083808136,-0.017657376151402143,-0.08025634863941548,0.04617784561163927,-0.006070468489414259,5,0.049213760967481146,256,0.0507909440814598,-0.017262493893884318,258,9.782891437770583e-05,-0.05253870963895273,256,-0.0855101009902914,0.01866584848646706,258,-0.003557428254170822,0.018529905598879067,258,0.01591745104169052
ES,vwap_location_in_range,30,R,1286,0.023298981362280285,-0.027948280571805158,0.07857420034918507,0.029572542228217053,-0.026680585045166436,0.08604457666169216,0.3034125028995094,6.944444444444444e-05,False,0.39999999999999997,0.38275193798449614,1.311284046692607,1286,0.5113904163393559,643,0.5031446540880503,386,0.5169712793733682,193,0.5,0.5738932291666666,-0.027992277992277992,0.6018855071589446,-0.7947410161277348,2.014444924137306,0.029440552200511862,5,0.32421875,256,0.09085034910339947,0.26841085271317827,258,0.04752847968132893,-0.3232421875,256,-0.06917545398411129,0.9011627906976745,258,-0.013270900281672576,0.48158914728682173,258,0.12252861273974065
ES,vwap_location_in_range,30,Q,1286,0.01086609468235045,-0.04301865641188318,0.0706547555751625,0.010557617181188776,-0.03968786178140337,0.06877297229685042,0.7133816828303867,6.944444444444444e-05,False,0.39999999999999997,0.03604615343035161,0.04249064286335693,1286,0.5015698587127159,643,0.4875,386,0.5078125,193,0.5052083333333334,0.0021052881021689715,-0.011425147492643763,0.013530435594812734,-0.05193126026028468,0.08315906531975208,0.012041249995457214,5,0.035423873360228855,256,0.08787173374253104,-0.04168959591286041,258,0.013565947335446969,-0.053869654364200235,256,-0.08747865364761827,0.03157426369579539,258,0.005164911721728956,0.011746164768588151,258,0.07034999433142045
ES,signed_return_5,5,R,1283,0.0069856263030980414,-0.07665521812838591,0.09728030814188633,-0.007126203626666109,-0.06078754388939003,0.05441994494332423,0.80441435478529,6.944444444444444e-05,False,-0.7,0.38661710037174724,-0.028969957081545063,1283,0.5008576329331046,642,0.5095238095238095,385,0.5092348284960422,192,0.47643979057591623,-0.13898450946643717,0.1799835255354201,-0.3189680350018573,-0.9588279276201062,0.288873746338614,-0.009337904412642714,5,0.3623046875,256,-0.10094514077682659,-0.1753875968992248,258,-0.050254865287833246,-0.31719367588932806,253,0.09440646156270298,0.16375968992248063,258,0.023930252269045844,0.08042635658914729,258,-0.047326775166102134
ES,signed_return_5,5,Q,1283,-0.0132053838331596,-0.07034887988980355,0.038779788698968184,-0.027870589243532567,-0.08353308408295174,0.024377886719176598,0.33267108091903697,6.944444444444444e-05,False,-0.3,0.06491476493086962,0.051639911115220524,1283,0.48240343347639486,642,0.48973143759873616,385,0.47757255936675463,192,0.42328042328042326,0.0031323006581236703,0.03285332711474176,-0.029721026456618088,-0.09954222105391676,0.036561555469982986,-0.029969073377104027,5,0.02768397782202795,256,-0.16612617643425487,-0.0583752879559022,258,0.0034758819874575715,-0.021235583506551896,253,0.041172122740021626,0.038388234081722865,258,0.04826795773896103,0.08351712384022406,258,-0.06629498341324563
ES,signed_return_5,10,R,1283,0.06463692989026372,-0.04632553548871578,0.18443738310707328,0.02123408281130048,-0.03356692431748085,0.07707821147528805,0.46052014680909936,6.944444444444444e-05,False,0.3,-0.41356877323420077,0.02467811158798283,1283,0.5077186963979416,642,0.5308056872037915,385,0.5314136125654451,192,0.48947368421052634,0.04991394148020654,0.08813838550247118,-0.03822444402226464,-0.9043734776715712,0.7954012744316877,0.01893904258087475,5,0.646484375,256,-0.0014408417941370406,0.2005813953488372,258,-0.024005755635184076,-0.8221343873517787,253,-0.016144436012634725,0.1560077519379845,258,0.07652748061989212,0.15406976744186046,258,0.05993989181944548
ES,signed_return_5,10,Q,1283,0.015246248322654837,-0.035904312617850036,0.06315777573383234,0.001723232153512371,-0.04992369259999004,0.052021832299748404,0.9522496188720753,6.944444444444444e-05,False,0.19999999999999998,0.0116037470579855,0.05822560539691445,1283,0.502127659574468,642,0.521259842519685,385,0.5157068062827225,192,0.4816753926701571,0.001984218200289552,0.008539686926156913,-0.006555468725867361,-0.07660405520709752,0.06336980154450213,-0.00046507980581093395,5,0.03870282224019113,256,-0.0937757965697486,-0.024794924747799672,258,-0.0195666808086301,-0.05309316434383778,253,0.04658129632990688,0.026159738218424034,258,0.08461215964396618,0.029776830586751044,258,-0.00942885547400901
ES,signed_return_5,15,R,1283,-0.005192375002565629,-0.11475679340757235,0.1180910156918307,-0.009954868698532682,-0.06082910520234211,0.048903529754678744,0.7293871159124128,6.944444444444444e-05,False,-0.3,0.03345724907063197,-0.6459227467811158,1283,0.5106928999144568,642,0.5260663507109005,385,0.525065963060686,192,0.47619047619047616,-0.3433734939759036,0.23476112026359144,-0.5781346142394951,-1.5766542871887645,0.30359709017288233,-0.012301447408116561,5,0.5556640625,256,-0.014322207793430922,0.11046511627906977,258,0.05048314657893178,-0.9110671936758893,253,-0.09949045192443677,0.3391472868217054,258,0.08694584256252239,-0.09108527131782945,258,-0.0354160509518995
ES,signed_return_5,15,Q,1283,0.009404566015446468,-0.04074370707507538,0.05626452106183606,0.0011482996501613607,-0.04698149631574549,0.05010595263753289,0.9681703181697923,6.944444444444444e-05,False,0.19999999999999998,0.003405611747173667,0.04897311201279312,1283,0.49829351535836175,642,0.5220820189274448,385,0.5236842105263158,192,0.5,-0.0006808056478900159,0.007754680585196495,-0.008435486233086511,-0.08099939943643755,0.055668691976142895,-0.0010233781474133891,5,0.049213760967481146,256,-0.08268063451633235,-0.017262493893884318,258,0.0036099891559414434,-0.05521499562605431,253,-0.0008971073403658927,0.01866584848646706,258,0.10488954723502111,0.018529905598879067,258,-0.007732890619321471
ES,signed_return_5,30,R,1283,0.04577999450261308,-0.04567468934325188,0.14616757896856042,0.018040112259777513,-0.03289804547038423,0.07138695128408094,0.5306868050697746,6.944444444444444e-05,False,0.3,-0.22026022304832713,0.27896995708154504,1283,0.5089361702127659,642,0.5352112676056338,385,0.5234375,192,0.4895833333333333,0.2310671256454389,0.4130971993410214,-0.1820300736955825,-1.3991944950902693,0.9639010738175103,0.016697093819194844,5,0.32421875,256,-0.028601459389186838,0.26841085271317827,258,-0.009748896586366459,-0.30533596837944665,253,-0.11765751912063639,0.9011627906976745,258,0.1322238704173026,0.48158914728682173,258,0.05916873816236651
ES,signed_return_5,30,Q,1283,0.024847430149194827,-0.020904048521420627,0.07623504927562302,0.013250922569679194,-0.034813774535910225,0.06433401254700571,0.6451619714834351,6.944444444444444e-05,False,0.49999999999999994,-0.02315944346192889,0.041247213481289645,1283,0.5055225148683092,642,0.5416012558869702,385,0.5261780104712042,192,0.5,-0.008658398770468674,-0.001311171559946025,-0.007347227210522649,-0.07423975792491047,0.05577825633105298,0.01114075137054135,5,0.035423873360228855,256,-0.08588675687646011,-0.04168959591286041,258,-0.0071009565223185064,-0.056416989077717215,253,-0.03546512466377472,0.03157426369579539,258,0.15919300885158147,0.011746164768588151,258,0.030892254376225337
ES,signed_return_10,5,R,1283,0.018873062691116164,-0.06556176192879035,0.1008030298290364,0.011217963597813423,-0.04535655998146381,0.07729432931460027,0.6966562582615305,6.944444444444444e-05,False,-0.3,0.19190140845070422,0.13326446280991736,1283,0.5029736618521665,642,0.5071090047393365,385,0.5210526315789473,192,0.5263157894736842,-0.13588709677419356,0.15335051546391754,-0.28923761223811106,-0.8398493792262498,0.3785777629974501,0.009067219929738132,5,0.3623046875,256,-0.03720259996414487,-0.1753875968992248,258,-0.026663026727430636,-0.31719367588932806,253,0.1514868809764881,0.16375968992248063,258,0.039041377633541756,0.08042635658914729,258,-0.061196191612662675
ES,signed_return_10,5,Q,1283,-0.00023672979146707117,-0.05972104739001337,0.0524126152370897,-0.013464859602545615,-0.07087450116825969,0.04215803270743513,0.6398352344278819,6.944444444444444e-05,False,0.09999999999999999,0.042490952910398394,0.048021566272157874,1283,0.4898132427843803,642,0.4889240506329114,385,0.49206349206349204,192,0.4973544973544973,-0.0008439197019232755,0.02344886033188057,-0.024292780033803845,-0.08634338756348796,0.05299384190965186,-0.015554992463245487,5,0.02768397782202795,256,-0.07670816694177113,-0.0583752879559022,258,-0.051021739868736614,-0.021235583506551896,253,0.09078168788562818,0.038388234081722865,258,0.06491514989272436,0.08351712384022406,258,-0.07541191317685984
ES,signed_return_10,10,R,1283,0.04752787259162028,-0.06859850852413593,0.17897927233634958,0.020805655068642192,-0.0408506688550272,0.08222978937409944,0.46962073875592103,6.944444444444444e-05,False,0.49999999999999994,-0.3626760563380282,0.1446280991735537,1283,0.5169491525423728,642,0.5102685624012638,385,0.5210526315789473,192,0.5238095238095238,0.09838709677419355,-0.0313573883161512,0.12974448509034475,-0.7901006678860437,1.1420158519011185,0.0185106900389002,5,0.646484375,256,0.005987614716353569,0.2005813953488372,258,0.040287487769046615,-0.8221343873517787,253,0.004280346167197255,0.1560077519379845,258,0.08445215840189998,0.15406976744186046,258,0.014753989843050262
ES,signed_return_10,10,Q,1283,0.028205841693077483,-0.027425209128214983,0.07962210682082557,0.021396647705522367,-0.028230476249276132,0.08009727846356708,0.45709291389936446,6.944444444444444e-05,False,0.3,-0.015438284287284712,0.05039856525275491,1283,0.5227272727272727,642,0.5188679245283019,385,0.518324607329843,192,0.5208333333333334,0.005871628899927432,-0.010081468738553432,0.015953097638480865,-0.04555384339504044,0.09350288751922893,0.019241638084035066,5,0.03870282224019113,256,-0.012362741397502982,-0.024794924747799672,258,-0.022254364649839986,-0.05309316434383778,253,0.08764545213340247,0.026159738218424034,258,0.11042057846131055,0.029776830586751044,258,-0.03392809775878048
ES,signed_return_10,15,R,1283,-0.014380229670074181,-0.12859308525019206,0.1054169149221637,0.0003103489337225655,-0.05358396600840209,0.061247424081245866,0.9913953350029749,6.944444444444444e-05,False,-0.6,-0.30809859154929575,-0.5485537190082644,1283,0.5223628691983122,642,0.5174050632911392,385,0.5225464190981433,192,0.5132275132275133,-0.12903225806451613,0.06443298969072164,-0.19346524775523777,-1.1796516115175701,0.9563167886043654,-0.002013370250545811,5,0.5556640625,256,0.010880331887611087,0.11046511627906977,258,0.06509223542013082,-0.9110671936758893,253,-0.06281544821742235,0.3391472868217054,258,0.11226770420501812,-0.09108527131782945,258,-0.05646833791244882
ES,signed_return_10,15,Q,1283,0.02386897665735995,-0.02744393485738779,0.07745351558480787,0.021208058748191178,-0.0327979260347335,0.07907233722911731,0.46107012166850536,6.944444444444444e-05,False,0.19999999999999998,-0.030141598060691523,0.03460437992868712,1283,0.521079258010118,642,0.5236593059936908,385,0.5249343832020997,192,0.5416666666666666,0.005846483708454521,-0.01120047748479721,0.01704696119325173,-0.04633377431708002,0.09170483888844662,0.019071969918973565,5,0.049213760967481146,256,-0.0017729606257244424,-0.017262493893884318,258,0.012429193021273151,-0.05521499562605431,253,0.0515828746102415,0.01866584848646706,258,0.12270626087960529,0.018529905598879067,258,-0.035635080658843916
ES,signed_return_10,30,R,1283,0.023542924835604318,-0.054173096550415446,0.11542647488883144,0.024965728193303897,-0.032807369291371485,0.08523734908459069,0.3855400448202384,6.944444444444444e-05,False,0.19999999999999998,-0.7904929577464789,0.4597107438016529,1283,0.5138539042821159,642,0.5228346456692914,385,0.5234375,192,0.484375,0.4963709677419355,-0.002577319587628866,0.49894828732956437,-0.9488423885932823,1.7891838487972502,0.0236565585351014,5,0.32421875,256,-0.005058629569227832,0.26841085271317827,258,0.01952238747308747,-0.30533596837944665,253,-0.06718111626182845,0.9011627906976745,258,0.09968115039043103,0.48158914728682173,258,0.04334181722738765
ES,signed_return_10,30,Q,1283,0.038082454248916965,-0.00826577553670247,0.09083921016058084,0.030950529075146456,-0.01791162743673002,0.08865267750392743,0.28198643677566904,6.944444444444444e-05,False,0.49999999999999994,-0.054919655377957226,0.04262491247292616,1283,0.5210084033613446,642,0.5297805642633229,385,0.5392670157068062,192,0.5343915343915344,0.0028305535805755876,-0.021644880147549395,0.024475433728124982,-0.04011429465356391,0.0993007775895817,0.028865432776695298,5,0.035423873360228855,256,-0.014859167348391432,-0.04168959591286041,258,0.004487164256165673,-0.056416989077717215,253,0.020559499550440712,0.03157426369579539,258,0.13922170664379557,0.011746164768588151,258,0.01357350121912549
ES,signed_return_15,5,R,1283,-0.016852189124210538,-0.10682470716728469,0.06882897561257852,0.0036292805419049826,-0.05698788188469307,0.06732958872059719,0.8996391113769588,6.944444444444444e-05,False,-0.6,0.29748062015503873,-0.22265625,1283,0.5198347107438016,642,0.5071090047393365,385,0.4881889763779528,192,0.5079365079365079,-0.021860095389507155,0.051824212271973466,-0.07368430766148062,-0.7226634613103007,0.5753166467608959,0.0014590514334402534,5,0.3623046875,256,-0.0469630213833797,-0.1753875968992248,258,-0.07472095667749268,-0.31719367588932806,253,0.06519424322958123,0.16375968992248063,258,0.05273578353830717,0.08042635658914729,258,-0.04661155464505188
ES,signed_return_15,5,Q,1283,-0.004889658548815201,-0.06622396004178985,0.048052824384607035,-0.012226290188178394,-0.06612740892344639,0.0365634065327864,0.6709226541227957,6.944444444444444e-05,False,-0.3,0.03990157841340766,0.03697366102046866,1283,0.4925496688741722,642,0.4889240506329114,385,0.46684350132625996,192,0.5026455026455027,0.004776848837229771,0.01330984541437321,-0.008532996577143438,-0.07045650951823289,0.05425349307555413,-0.014295245722064722,5,0.02768397782202795,256,-0.09970175980766491,-0.0583752879559022,258,-0.02543786211711702,-0.021235583506551896,253,0.006057488381633219,0.038388234081722865,258,0.045417256198239706,0.08351712384022406,258,-0.030090804337121555
ES,signed_return_15,10,R,1283,0.03998299431940658,-0.08969097893100995,0.17383217908139448,0.009861800006106446,-0.04795336993332801,0.07327396595477279,0.7318192834048229,6.944444444444444e-05,False,-0.09999999999999999,0.06976744186046512,-0.3505859375,1283,0.5119933829611248,642,0.5118483412322274,385,0.4763157894736842,192,0.4787234042553192,0.10055643879173291,-0.019485903814262025,0.12004234260599494,-0.7295094974254324,1.0204641373155414,0.007541415677501696,5,0.646484375,256,0.007805533249086799,0.2005813953488372,258,-0.015648265331838183,-0.8221343873517787,253,-0.0018930485041325409,0.1560077519379845,258,0.06956656223898387,0.15406976744186046,258,-0.010657642261834518
ES,signed_return_15,10,Q,1283,0.017443621652365304,-0.042109441273085566,0.07279793194950752,0.00918736787017632,-0.04204016784078444,0.06677341920425578,0.749523303736563,6.944444444444444e-05,False,0.7,0.002763986889039443,0.022435850613726577,1283,0.5069843878389483,642,0.5125786163522013,385,0.4921875,192,0.515625,0.0034822641971098793,-0.007174886012553661,0.01065715020966354,-0.048615246334189906,0.0699688907446874,0.007017373780134333,5,0.03870282224019113,256,-0.035577907853336976,-0.024794924747799672,258,-0.023189618747126224,-0.05309316434383778,253,0.006881155364439989,0.026159738218424034,258,0.07030247922128237,0.029776830586751044,258,-0.00013314541896418335
ES,signed_return_15,15,R,1283,0.0075202040435915695,-0.1020571933588,0.12269868270884353,0.00605628356709939,-0.054409782648555026,0.06669829961807018,0.8333109379273023,6.944444444444444e-05,False,-0.19999999999999998,0.3081395348837209,-0.2646484375,1283,0.5165016501650165,642,0.5196850393700787,385,0.48812664907651715,192,0.48677248677248675,-0.06955484896661367,0.013266998341625208,-0.08282184730823887,-1.0346732487535824,0.8720509963431385,0.003736688634177735,5,0.5556640625,256,-0.01136640406423915,0.11046511627906977,258,0.04798038498692797,-0.9110671936758893,253,-0.0543835739185479,0.3391472868217054,258,0.08983187899810968,-0.09108527131782945,258,-0.02466883394624284
ES,signed_return_15,15,Q,1283,0.01229683623009287,-0.04342261050564681,0.06641526217327633,0.012492519798263123,-0.03685138324041598,0.06513166683620318,0.6641904888727956,6.944444444444444e-05,False,0.6,-0.0018343090864357935,0.018175378598318803,1283,0.5164744645799012,642,0.526813880126183,385,0.5078125,192,0.5130890052356021,0.00712961183967619,-0.01164566316255697,0.01877527500223316,-0.04307879156871181,0.07542204160203453,0.010338816939957056,5,0.049213760967481146,256,-0.014164152730397188,-0.017262493893884318,258,0.0045924090436799585,-0.05521499562605431,253,-0.00996081543050271,0.01866584848646706,258,0.0896943569126235,0.018529905598879067,258,-0.015954893186435042
ES,signed_return_15,30,R,1283,0.04637752482485065,-0.02823573760241583,0.12560567299756303,0.028391832403055307,-0.025899262816337577,0.08973668621760228,0.3237038515657549,6.944444444444444e-05,False,0.7,-0.5106589147286822,0.826171875,1283,0.5077932731747334,642,0.5203125,385,0.5,192,0.4895833333333333,0.4336248012718601,0.10199004975124377,0.33163475152061633,-0.9655273908676015,1.524476320042603,0.027110642837285533,5,0.32421875,256,-0.05516212082999235,0.26841085271317827,258,0.01286724470650264,-0.30533596837944665,253,0.014380101012182085,0.9011627906976745,258,0.04710994786242229,0.48158914728682173,258,0.05080731347157242
ES,signed_return_15,30,Q,1283,0.030600961517101156,-0.023683827890046125,0.08261867545981397,0.024461260152513264,-0.026641300927077893,0.08385512559920848,0.39521779641676025,6.944444444444444e-05,False,0.8999999999999998,-0.03484928099406966,0.0052857963684708395,1283,0.5188524590163934,642,0.5070866141732283,385,0.48947368421052634,192,0.5,0.0028986038151078866,-0.02197515882253558,0.024873762637643466,-0.04359567287759202,0.08298168773590904,0.02236707105276915,5,0.035423873360228855,256,-0.04408267907566897,-0.04168959591286041,258,0.009495239180100284,-0.056416989077717215,253,0.010132241046938837,0.03157426369579539,258,0.08593264437810838,0.011746164768588151,258,0.02006388233624145
ES,signed_return_30,5,R,1283,-0.0587265878434974,-0.1484882957592153,0.032146664035564536,-0.019645632474500845,-0.07471485211132,0.04483687214755866,0.49475266793104566,6.944444444444444e-05,False,-0.3,1.0737547892720307,-0.3194444444444444,1283,0.5106907894736842,642,0.49921011058451814,385,0.4605263157894737,192,0.5157894736842106,-0.10238095238095238,0.13505747126436782,-0.2374384236453202,-0.8923286124794745,0.42672550629447165,-0.021864103478031898,5,0.3623046875,256,-0.07486122048805711,-0.1753875968992248,258,-0.014889952368920257,-0.31719367588932806,253,0.0027759021478946573,0.16375968992248063,258,0.04281343169216591,0.08042635658914729,258,-0.07635931725657771
ES,signed_return_30,5,Q,1283,-0.009826873251265094,-0.06868476893224792,0.04424680340180643,-0.016958310530677072,-0.06731548862567104,0.036554578166001245,0.555623793303966,6.944444444444444e-05,False,-0.09999999999999999,0.08757644390077811,0.036665980408056104,1283,0.5045267489711934,642,0.5039745627980922,385,0.4588859416445623,192,0.531578947368421,0.006507973408748364,0.021143888527091353,-0.014635915118342988,-0.08014641767031958,0.05365070898066007,-0.019036608804972308,5,0.02768397782202795,256,-0.05877410782379688,-0.0583752879559022,258,0.010006642077738805,-0.021235583506551896,253,-0.03718734972878097,0.038388234081722865,258,0.026181766970500838,0.08351712384022406,258,-0.04360368426473887
ES,signed_return_30,10,R,1283,-0.019385410102007283,-0.15632076098250286,0.14176755278412584,-0.037438471862363126,-0.09436929796407001,0.02176624074492349,0.19305761132506616,6.944444444444444e-05,False,-0.6,1.3802681992337165,-0.7529761904761905,1283,0.5069729286300246,642,0.48253968253968255,385,0.4521276595744681,192,0.49206349206349204,-0.14642857142857144,0.29064039408866993,-0.4370689655172414,-1.3123850574712643,0.4758781472359052,-0.039869005325007846,5,0.646484375,256,-0.0513181582026864,0.2005813953488372,258,0.011407699158973645,-0.8221343873517787,253,-0.0881496341830857,0.1560077519379845,258,0.05400984356138119,0.15406976744186046,258,-0.07551015339711772
ES,signed_return_30,10,Q,1283,-0.003520250770975201,-0.05646217745146588,0.053159527801235944,-0.008428181422221232,-0.056530563341294617,0.049034314957956376,0.7696105282237033,6.944444444444444e-05,False,0.0,0.07670237697282693,0.025795580954010907,1283,0.5146818923327896,642,0.5031446540880503,385,0.4738219895287958,192,0.5235602094240838,0.006561894403595349,-0.0007576052968720876,0.007319499700467437,-0.0541288907108412,0.07866692795310219,-0.010640570163841633,5,0.03870282224019113,256,-0.01099985496246982,-0.024794924747799672,258,0.022912853751151156,-0.05309316434383778,253,-0.042085814531931325,0.026159738218424034,258,0.04050120236915423,0.029776830586751044,258,-0.03880953573020202
ES,signed_return_30,15,R,1283,-0.009731856704193794,-0.12676605584650544,0.12461308805622262,-0.015104064158142866,-0.07540422532891201,0.05072141414839607,0.5996507516363805,6.944444444444444e-05,False,-0.7,0.9118773946360154,-0.5208333333333334,1283,0.5118949958982772,642,0.5086887835703001,385,0.5,192,0.5238095238095238,-0.16984126984126985,0.22742200328407225,-0.3972632731253421,-1.4722807197591679,0.5915749863163648,-0.017467550084270766,5,0.5556640625,256,-0.10962623604546314,0.11046511627906977,258,0.08225245018827257,-0.9110671936758893,253,-0.08411541166688453,0.3391472868217054,258,0.06691976912858677,-0.09108527131782945,258,-0.03395666370145447
ES,signed_return_30,15,Q,1283,-0.00485512644073994,-0.05792479665141961,0.053579135810083646,-0.007079382517032558,-0.055408430346969066,0.04550560504310848,0.8056736470894001,6.944444444444444e-05,False,0.0,0.06524771479660235,0.023388588720474775,1283,0.5110565110565111,642,0.5070866141732283,385,0.48293963254593175,192,0.5238095238095238,0.006361552154103459,2.5840300617797596e-05,0.006335711853485661,-0.05438627612192141,0.07746497536878161,-0.009278785701378694,5,0.049213760967481146,256,-0.01949355498623532,-0.017262493893884318,258,0.04024216968109216,-0.05521499562605431,253,-0.05623459300983272,0.01866584848646706,258,0.0565182153060094,0.018529905598879067,258,-0.04961739052910619
ES,signed_return_30,30,R,1283,-0.027433841591938894,-0.11693352208084523,0.0619749181934371,-0.029731938346163445,-0.0870289230173465,0.03647607665060413,0.3013779688708782,6.944444444444444e-05,False,-0.3,1.353448275862069,0.19940476190476192,1283,0.5004074979625102,642,0.48513302034428796,385,0.4817708333333333,192,0.4791666666666667,0.2511904761904762,0.5833333333333334,-0.3321428571428572,-1.6953981937602627,0.899509099616857,-0.031114825410791896,5,0.32421875,256,-0.028465918999423512,0.26841085271317827,258,0.041415772727953874,-0.30533596837944665,253,-0.11157447475407437,0.9011627906976745,258,-0.0008757962255144426,0.48158914728682173,258,-0.045203133591114095
ES,signed_return_30,30,Q,1283,0.0014504881490680964,-0.05370147062714394,0.057077708144001565,-0.006576024402646411,-0.05360336075940419,0.04739645691216821,0.819243026773063,6.944444444444444e-05,False,0.0,0.043918247989313576,0.016588130224391852,1283,0.5101874490627547,642,0.5023547880690737,385,0.4881889763779528,192,0.48947368421052634,0.0032298066403562207,-0.0032018232825467637,0.006431629922902984,-0.06603895273919538,0.07882240221563303,-0.008727701285523266,5,0.035423873360228855,256,-0.050073202145020534,-0.04168959591286041,258,0.05558928000897736,-0.056416989077717215,253,-0.05392061703140994,0.03157426369579539,258,0.04687480761552419,0.011746164768588151,258,-0.046744596711081346
ES,signed_return_60,5,R,1281,-0.12386793321676982,-0.20845318939356278,-0.014510228634699486,-0.004220334800885437,-0.06017091267010615,0.06555046827864212,0.8834935729567028,6.944444444444444e-05,False,-0.8999999999999998,0.13275193798449614,-0.089,1281,0.5085158150851582,640,0.5023847376788553,384,0.48429319371727747,192,0.4635416666666667,0.02881619937694704,0.046191247974068074,-0.017375048597121034,-0.685694885184568,0.6224326677421144,-0.0019206051010831073,5,0.3623046875,256,-0.15399960529011414,-0.1753875968992248,258,0.10917184137958097,-0.32341269841269843,252,0.06006215777499763,0.16536964980544747,257,-0.0007689140209377431,0.08042635658914729,258,-0.0504397317758404
ES,signed_return_60,5,Q,1281,-0.03527586721914536,-0.08387731447909828,0.023742753603362123,0.01635230815726303,-0.03474693123032868,0.0706511994044785,0.5701398076980684,6.944444444444444e-05,False,0.09999999999999999,-0.023524354594652463,0.03697229960372617,1281,0.5162074554294975,640,0.5213946117274167,384,0.5065963060686016,192,0.5,0.03438351146226895,0.0003007090517074505,0.0340828024105615,-0.036369215089648715,0.0958133913430867,0.017420305482208763,5,0.02768397782202795,256,-0.07162366456314725,-0.0583752879559022,258,0.14313824422727997,-0.024494454869673134,252,0.03958013329463112,0.039315814759083655,257,0.007859631896610108,0.08351712384022406,258,-0.018272996968257856
ES,signed_return_60,10,R,1281,-0.07774475282242103,-0.1938450502143851,0.054670219229043,-0.039636543873068086,-0.09807444407058327,0.02670725923722763,0.16851036418089493,6.944444444444444e-05,False,-0.7999999999999999,0.24321705426356588,-0.466,1281,0.486661277283751,640,0.4912559618441971,384,0.46578947368421053,192,0.45789473684210524,-0.22390965732087229,0.36547811993517015,-0.5893877772560424,-1.5210502532099344,0.33785311804177487,-0.03764908152552578,5,0.646484375,256,-0.1607052055060777,0.2005813953488372,258,0.036160365340525184,-0.8273809523809523,252,-0.06723022045132995,0.1517509727626459,257,0.007125156266433862,0.15406976744186046,258,-0.03252007379070618
ES,signed_return_60,10,Q,1281,-0.03351843421500952,-0.08656891989090966,0.022091630201909327,0.00758565510142111,-0.041671838371635614,0.0645670502437769,0.7922431569162791,6.944444444444444e-05,False,0.3,-0.04165719370353406,0.006937677065177537,1281,0.5120385232744783,640,0.5141955835962145,384,0.5078947368421053,192,0.4947916666666667,0.01104767482171077,-0.0027611114469188124,0.013808786268629582,-0.05189563287637539,0.07651591872955915,0.008824080270966204,5,0.03870282224019113,256,-0.09038150836401956,-0.024794924747799672,258,0.11898618859652146,-0.05647845467853555,252,0.0026090514391484024,0.02496451022186796,257,0.018534762016597213,0.029776830586751044,258,-0.008692408830140483
ES,signed_return_60,15,R,1281,-0.05615483325048302,-0.1532040159469129,0.04726113141274711,-0.01730716421507858,-0.07393927999071148,0.04905767735100599,0.5478332532647461,6.944444444444444e-05,False,-0.3,-0.10174418604651163,-0.307,1281,0.49556093623890235,640,0.5,384,0.488,192,0.48677248677248675,-0.19976635514018692,0.23419773095623986,-0.4339640860964268,-1.4720462259602034,0.42843912989694855,-0.015354617487246973,5,0.5556640625,256,-0.12230910830658141,0.11046511627906977,258,0.13991417084998267,-0.9146825396825397,252,-0.03264474943193415,0.33073929961089493,257,-0.025597232268623243,-0.09108527131782945,258,-0.026508560143508608
ES,signed_return_60,15,Q,1281,-0.03681736670140129,-0.08912460049032485,0.01700996826175389,-0.00017975374222095817,-0.04778234504699567,0.05300911870112228,0.9950200190525338,6.944444444444444e-05,False,0.3,-0.038413750380927765,-0.006188994305748566,1281,0.5024154589371981,640,0.49841772151898733,384,0.47757255936675463,192,0.46842105263157896,0.006822212859665488,0.0007243483978851457,0.006097864461780343,-0.06386466707400766,0.0634152299851992,0.001159331324213588,5,0.049213760967481146,256,-0.09638932057671191,-0.017262493893884318,258,0.1301405573769245,-0.0574182297356815,252,-0.00796625632592935,0.016643297163606855,257,0.008900365696857024,0.018529905598879067,258,-0.039635358121646556
ES,signed_return_60,30,R,1281,-0.026820018003921132,-0.12647561069160126,0.06746343595796772,-0.011344082163119513,-0.06411743259000577,0.044802652820252566,0.6936451553105223,6.944444444444444e-05,False,0.19999999999999998,0.08624031007751938,0.192,1281,0.4887640449438202,640,0.5070422535211268,384,0.5,192,0.5104166666666666,0.14057632398753894,0.5919773095623987,-0.45140098557485975,-1.6370225963990164,0.8781838687852487,-0.01343798763288145,5,0.32421875,256,-0.027051658567380652,0.26841085271317827,258,0.09652055354269339,-0.3115079365079365,252,-0.12475618533331975,0.8998054474708171,257,-0.04472656650903729,0.48158914728682173,258,0.028618319798549185
ES,signed_return_60,30,Q,1281,-0.032116719272384575,-0.07891318232720734,0.024708242473996594,-0.005053220221035661,-0.04844451161716359,0.05086268474386956,0.8607162014964662,6.944444444444444e-05,False,0.3,-0.048354246410786374,-0.011703095036894585,1281,0.49238171611868486,640,0.5023622047244094,384,0.49214659685863876,192,0.5,-0.009317366230247552,0.0054747645679939635,-0.014792130798241515,-0.0758912101582925,0.036112375852463525,-0.00490552136902599,5,0.035423873360228855,256,-0.0948768662127735,-0.04168959591286041,258,0.12098572830508525,-0.05687429272251674,252,-0.02082804456090103,0.029362490402782913,257,-0.008007801982036853,0.011746164768588151,258,-0.030559152008251524
ES,range_5,5,R,1283,0.03314520255629426,-0.06261744365156076,0.12146867808364997,0.005709442181288097,-0.054159904406786016,0.06602429680504669,0.8427289785023455,6.944444444444444e-05,False,0.49999999999999994,-0.09435483870967742,0.10098039215686275,1283,0.48369132856006364,642,0.49053627760252366,385,0.5131578947368421,192,0.49473684210526314,,,,,,0.008011583775412561,5,0.3623046875,256,0.1081715836862757,-0.1753875968992248,258,-0.0681239144726855,-0.31719367588932806,253,-0.027599884247663912,0.16375968992248063,258,0.09302160449861764,0.08042635658914729,258,-0.03215908955333564
ES,range_5,5,Q,1283,0.04481165979238098,-0.004839621599777737,0.09954773037023852,0.07570263286659112,0.025455013848443574,0.13161300420209462,0.00839657929059845,6.944444444444444e-05,False,0.9999999999999999,-0.045660788701976394,0.06494376482195974,1283,0.5015898251192369,642,0.5371248025276462,385,0.5485564304461942,192,0.531578947368421,,,,,,0.07789137953663633,5,0.02768397782202795,256,0.07682912626350506,-0.0583752879559022,258,0.025552610139606285,-0.021235583506551896,253,-0.008356140604536582,0.038388234081722865,258,0.1349586691135698,0.08351712384022406,258,0.0038051203039880764
ES,range_5,10,R,1283,-0.06201591837669368,-0.19178556026112845,0.0797766381989288,-0.03250508873668578,-0.08684060629067154,0.029117047485174647,0.2585003553098941,6.944444444444444e-05,False,-0.09999999999999999,0.11693548387096774,-0.6441176470588236,1283,0.5111111111111111,642,0.4921383647798742,385,0.47780678851174935,192,0.45789473684210524,,,,,,-0.0302356227666643,5,0.646484375,256,0.10170340668537428,0.2005813953488372,258,-0.052326694054271324,-0.8221343873517787,253,-0.05588336147875011,0.1560077519379845,258,0.03466833913617058,0.15406976744186046,258,-0.1107698015023813
ES,range_5,10,Q,1283,0.0162009994760445,-0.033992016864246556,0.07184840219597108,0.03410349723143455,-0.017959892569844437,0.09302954684806355,0.23580054552791285,6.944444444444444e-05,False,0.49999999999999994,-0.025703639192651284,0.013402068705786868,1283,0.48974763406940064,642,0.5015673981191222,385,0.5130890052356021,192,0.5026178010471204,,,,,,0.036359259593955924,5,0.03870282224019113,256,0.07041128834522872,-0.024794924747799672,258,-0.01911046700136237,-0.05309316434383778,253,-0.019457582277936338,0.026159738218424034,258,0.11039043680323109,0.029776830586751044,258,-0.014716324895272697
ES,range_5,15,R,1283,-0.08888266188900867,-0.21452714034451173,0.04734314833539825,-0.024602375751625955,-0.07357290687924539,0.03804967927745404,0.392495965379551,6.944444444444444e-05,False,-0.09999999999999999,0.16370967741935483,-1.2333333333333334,1283,0.5190174326465927,642,0.5079113924050633,385,0.48812664907651715,192,0.4521276595744681,,,,,,-0.022314713246636985,5,0.5556640625,256,0.06866460543951751,0.11046511627906977,258,-0.05978196704050359,-0.9110671936758893,253,-0.10350523056074423,0.3391472868217054,258,0.0721274902415075,-0.09108527131782945,258,-0.07364981812009955
ES,range_5,15,Q,1283,-0.009048619017082222,-0.06190198230235886,0.05416450336040155,0.013494555533290011,-0.036345210561632355,0.07574372738110642,0.6390973013723462,6.944444444444444e-05,False,0.49999999999999994,-0.01450594984873353,-0.010576764562355906,1283,0.4806324110671937,642,0.48264984227129337,385,0.48021108179419525,192,0.4708994708994709,,,,,,0.0156833229117488,5,0.049213760967481146,256,0.059383368744914275,-0.017262493893884318,258,-0.02235657470664749,-0.05521499562605431,253,-0.038662460134199314,0.01866584848646706,258,0.09687210888437912,0.018529905598879067,258,-0.058593821217434366
ES,range_5,30,R,1283,-0.03268168166135669,-0.13791434962425164,0.08387409306853472,-0.01019749383459439,-0.0667369660399473,0.05252015712725814,0.7230594072074612,6.944444444444444e-05,False,0.0,-0.027419354838709678,-0.7352941176470589,1283,0.5094488188976378,642,0.5046875,385,0.4961038961038961,192,0.4739583333333333,,,,,,-0.008654842875228717,5,0.32421875,256,0.002691502078310438,0.26841085271317827,258,-0.05987873870218777,-0.30533596837944665,253,-0.08036243576324852,0.9011627906976745,258,0.058389600735518334,0.48158914728682173,258,-0.0802551502477277
ES,range_5,30,Q,1283,-0.022062704548214303,-0.07137554322063608,0.034212304512753554,0.002591653892904832,-0.051952374609804106,0.060896330887333254,0.9282398510570395,6.944444444444444e-05,False,-0.19999999999999998,-0.021219717849904868,-0.03538079181899968,1283,0.48701809598741147,642,0.48589341692789967,385,0.4856396866840731,192,0.4479166666666667,,,,,,0.004718317237783514,5,0.035423873360228855,256,0.02942412192167832,-0.04168959591286041,258,-0.04857901380833455,-0.056416989077717215,253,-0.04513815433379325,0.03157426369579539,258,0.07344514671808908,0.011746164768588151,258,-0.09926753176436642
ES,range_10,5,R,1283,0.024684366337117375,-0.05896850691430618,0.10673974767528449,0.007861535463665541,-0.051866645124864996,0.06807179691975036,0.784705435949925,6.944444444444444e-05,False,0.09999999999999999,-0.04315960912052117,-0.04571984435797665,1283,0.48369132856006364,642,0.49683544303797467,385,0.49343832020997375,192,0.4816753926701571,,,,,,0.010167936103026885,5,0.3623046875,256,0.11512744350567371,-0.1753875968992248,258,-0.03466308598940083,-0.31719367588932806,253,-0.03015573384493117,0.16375968992248063,258,0.07949475282554866,0.08042635658914729,258,-0.04765267246608389
ES,range_10,5,Q,1283,0.04998521340854084,-0.0011148228918928956,0.10470489236720634,0.07674163868330114,0.02392482381462175,0.1324354672166887,0.007539869773543595,6.944444444444444e-05,False,0.6,-0.02449964576481312,0.07461639682112187,1283,0.5015898251192369,642,0.5253164556962026,385,0.5396825396825397,192,0.5238095238095238,,,,,,0.0789281343537576,5,0.02768397782202795,256,0.07688420304404633,-0.0583752879559022,258,0.033497844051409674,-0.021235583506551896,253,-0.010135743318039467,0.038388234081722865,258,0.1291770131890043,0.08351712384022406,258,-0.00039140402584508175
ES,range_10,10,R,1283,-0.07729893673142761,-0.21493609397415253,0.058661821177700635,-0.035306582544807306,-0.09499828709952038,0.027697128471714436,0.21966998174912677,6.944444444444444e-05,False,-0.39999999999999997,0.2752442996742671,-0.7791828793774319,1283,0.5111111111111111,642,0.4897959183673469,385,0.47643979057591623,192,0.43157894736842106,,,,,,-0.03304493207277854,5,0.646484375,256,0.11697639682145249,0.2005813953488372,258,-0.02573325138737813,-0.8221343873517787,253,-0.08958848302370011,0.1560077519379845,258,0.03624591726493858,0.15406976744186046,258,-0.14026386581353928
ES,range_10,10,Q,1283,0.015781813974571405,-0.037243920478006926,0.07015489182749388,0.03833098564350656,-0.0170434579061182,0.09911931834057613,0.1826479290945615,6.944444444444444e-05,False,0.49999999999999994,-0.010150284150926534,0.017145867075832176,1283,0.48974763406940064,642,0.5023547880690737,385,0.5013054830287206,192,0.4869109947643979,,,,,,0.04059422652345375,5,0.03870282224019113,256,0.08480663048718526,-0.024794924747799672,258,0.00023318054023099686,-0.05309316434383778,253,-0.024627869136795717,0.026159738218424034,258,0.12249174632827828,0.029776830586751044,258,-0.038924135798728894
ES,range_10,15,R,1283,-0.10838598941991322,-0.2320484217202661,0.02202414889517371,-0.029581200005970244,-0.0820398993691075,0.03708429251757746,0.30383686938196686,6.944444444444444e-05,False,-0.39999999999999997,0.500814332247557,-1.2752918287937742,1283,0.5190174326465927,642,0.5102685624012638,385,0.4894179894179894,192,0.4521276595744681,,,,,,-0.027306621399093133,5,0.5556640625,256,0.07306433876308506,0.11046511627906977,258,-0.08120674181524237,-0.9110671936758893,253,-0.11553335592435883,0.3391472868217054,258,0.06329440562308003,-0.09108527131782945,258,-0.1022246296920629
ES,range_10,15,Q,1283,-0.010252396452547547,-0.061393377165596334,0.04986282858700496,0.014473223731434602,-0.03953585535918313,0.07382944868080332,0.6149808265539058,6.944444444444444e-05,False,0.09999999999999999,0.0067735698719643845,-0.003583099982828156,1283,0.4806324110671937,642,0.48183254344391785,385,0.47506561679790027,192,0.4607329842931937,,,,,,0.016664035482787342,5,0.049213760967481146,256,0.061671169989839014,-0.017262493893884318,258,-0.01318214400104397,-0.05521499562605431,253,-0.04877752667188066,0.01866584848646706,258,0.10920556903241975,0.018529905598879067,258,-0.08297956621496051
ES,range_10,30,R,1283,-0.033276957256070334,-0.14565288619859332,0.08467700592679105,-0.00989037577791323,-0.06706740353729003,0.05105810871334268,0.7310722242027008,6.944444444444444e-05,False,-0.39999999999999997,0.4723127035830619,-0.48249027237354086,1283,0.5094488188976378,642,0.514866979655712,385,0.4987012987012987,192,0.453125,,,,,,-0.008341171236258708,5,0.32421875,256,0.04610364223220313,0.26841085271317827,258,-0.06952910765819885,-0.30533596837944665,253,-0.08886446634260332,0.9011627906976745,258,0.03202278243410429,0.48158914728682173,258,-0.07124436777864256
ES,range_10,30,Q,1283,-0.01984364347728972,-0.06832321343881696,0.03879888543125583,0.0051035052845516335,-0.050949426153513715,0.06456798245429426,0.8592356603186468,6.944444444444444e-05,False,0.09999999999999999,0.004521765078439081,-0.022573887506916794,1283,0.48701809598741147,642,0.49607535321821034,385,0.47643979057591623,192,0.4397905759162304,,,,,,0.007235355260340014,5,0.035423873360228855,256,0.05315410346189763,-0.04168959591286041,258,-0.04240100521493641,-0.056416989077717215,253,-0.05492379933318058,0.03157426369579539,258,0.06966816187753375,0.011746164768588151,258,-0.10739375967410464
ES,range_15,5,R,1283,0.025161695753118715,-0.06751788598936306,0.11294855772967152,0.01104772479847467,-0.050431283475019364,0.06917088058579143,0.7010365417274194,6.944444444444444e-05,False,0.7999999999999999,-0.1310344827586207,0.11880165289256199,1283,0.48369132856006364,642,0.494488188976378,385,0.49606299212598426,192,0.4842105263157895,,,,,,0.013359885214191656,5,0.3623046875,256,0.1409970396746931,-0.1753875968992248,258,-0.03102080665969825,-0.31719367588932806,253,-0.047668981347454814,0.16375968992248063,258,0.0938767198512577,0.08042635658914729,258,-0.038362174205166834
ES,range_15,5,Q,1283,0.04183564164006239,-0.011951277441021224,0.09893925348375412,0.06988396539778602,0.019112556725717374,0.12905067990189045,0.014998414482928046,6.944444444444444e-05,False,0.8999999999999998,-0.03272354064534033,0.056561274652567335,1283,0.5015898251192369,642,0.5253164556962026,385,0.5408970976253298,192,0.5185185185185185,,,,,,0.07205528257942698,5,0.02768397782202795,256,0.08665851130436533,-0.0583752879559022,258,0.026223520106632033,-0.021235583506551896,253,-0.04834579682232551,0.038388234081722865,258,0.14938749733841253,0.08351712384022406,258,-0.005036465332295911
ES,range_15,10,R,1283,-0.09230112123094458,-0.24425619393581555,0.05335273656938758,-0.02565936975408071,-0.08306877731434532,0.039334035830914056,0.37247161872198253,6.944444444444444e-05,False,0.0,-0.09051724137931035,-1.1198347107438016,1283,0.5111111111111111,642,0.49606299212598426,385,0.4868421052631579,192,0.4473684210526316,,,,,,-0.023375836887774063,5,0.646484375,256,0.13671546728623843,0.2005813953488372,258,0.015855920459503042,-0.8221343873517787,253,-0.08746792103168033,0.1560077519379845,258,0.040025747637254215,0.15406976744186046,258,-0.14250309205818476
ES,range_15,10,Q,1283,0.01242151182561708,-0.03853879188363207,0.07046166223343886,0.0384321010400763,-0.012845989785560903,0.10179404671720904,0.18149530130818992,6.944444444444444e-05,False,0.7,-0.03180346454207119,-0.003949200061804897,1283,0.48974763406940064,642,0.5039123630672926,385,0.5130208333333334,192,0.484375,,,,,,0.04069789129318442,5,0.03870282224019113,256,0.10662288404103676,-0.024794924747799672,258,0.015022796941196716,-0.05309316434383778,253,-0.05214582723303238,0.026159738218424034,258,0.1315214405799099,0.029776830586751044,258,-0.04505058264683492
ES,range_15,15,R,1283,-0.12053008803733335,-0.2461573770846008,0.016356191643070395,-0.02441918534012656,-0.07842030916741827,0.04069611884192771,0.39603153258947965,6.944444444444444e-05,False,-0.3,0.23620689655172414,-1.762396694214876,1283,0.5190174326465927,642,0.5174050632911392,385,0.4973544973544973,192,0.44148936170212766,,,,,,-0.022133254718922586,5,0.5556640625,256,0.09102859160876085,0.11046511627906977,258,-0.04686531960215918,-0.9110671936758893,253,-0.1325054694542436,0.3391472868217054,258,0.07939988933958202,-0.09108527131782945,258,-0.09795649988945795
ES,range_15,15,Q,1283,-0.013221194370298697,-0.0630038250181605,0.04549168969126078,0.01801343777020374,-0.032312052787114014,0.0793245882543338,0.5312948002534255,6.944444444444444e-05,False,-0.09999999999999999,-0.011512828012439923,-0.029244412119799192,1283,0.4806324110671937,642,0.49053627760252366,385,0.49606299212598426,192,0.4635416666666667,,,,,,0.020212205882419478,5,0.049213760967481146,256,0.0867975558821971,-0.017262493893884318,258,0.0063578454025325845,-0.05521499562605431,253,-0.07385208843405423,0.01866584848646706,258,0.12820937608530084,0.018529905598879067,258,-0.08378751229458638
ES,range_15,30,R,1283,-0.04103785652031088,-0.15377375528936857,0.07957636761448912,-0.00785102744872686,-0.06278949560037467,0.05490038122394928,0.7849861438829844,6.944444444444444e-05,False,-0.09999999999999999,0.1853448275862069,-1.4514462809917354,1283,0.5094488188976378,642,0.5203125,385,0.4961038961038961,192,0.4479166666666667,,,,,,-0.0063015202783695615,5,0.32421875,256,0.05433045857409391,0.26841085271317827,258,-0.04461806541612919,-0.30533596837944665,253,-0.10324611794285153,0.9011627906976745,258,0.044390080577790626,0.48158914728682173,258,-0.07578363412249967
ES,range_15,30,Q,1283,-0.022911510045158814,-0.07202898646135969,0.03720287946514254,0.006978590488893325,-0.04644848167420538,0.06748654506086672,0.8083862356670644,6.944444444444444e-05,False,-0.09999999999999999,-0.00780804756392655,-0.053183255074252,1283,0.48701809598741147,642,0.5015723270440252,385,0.4790575916230366,192,0.418848167539267,,,,,,0.009114037753002109,5,0.035423873360228855,256,0.07481579526881038,-0.04168959591286041,258,-0.016309566759045453,-0.056416989077717215,253,-0.07242576535108255,0.03157426369579539,258,0.07587969797403256,0.011746164768588151,258,-0.10350660567587495
ES,range_30,5,R,1283,0.005060191323855881,-0.09769990456559072,0.09762582700072148,0.012037032234245694,-0.04686151344337798,0.07284464270470939,0.6757245594973689,6.944444444444444e-05,False,0.6,-0.23389830508474577,0.18951612903225806,1283,0.48369132856006364,642,0.49053627760252366,385,0.4868421052631579,192,0.4631578947368421,,,,,,0.014353641290000104,5,0.3623046875,256,0.12260362995794542,-0.1753875968992248,258,0.03930766329505685,-0.31719367588932806,253,-0.02892013420295643,0.16375968992248063,258,0.11062216263259841,0.08042635658914729,258,-0.08807702267902448
ES,range_30,5,Q,1283,0.020810366023562243,-0.030872101453524082,0.08258285341677456,0.0653202562664821,0.017561436958635476,0.12232929018647418,0.023020088710825615,6.944444444444444e-05,False,0.7999999999999999,-0.05776608993333325,0.05280809212468922,1283,0.5015898251192369,642,0.534181240063593,385,0.5105263157894737,192,0.5,,,,,,0.06748195500902136,5,0.02768397782202795,256,0.05981682946232442,-0.0583752879559022,258,0.0735859015331543,-0.021235583506551896,253,-0.025872933887638026,0.038388234081722865,258,0.13544339061369035,0.08351712384022406,258,-0.038939511526731724
ES,range_30,10,R,1283,-0.07967898521231839,-0.23999749235222023,0.06147079692440369,-0.01650899201875558,-0.0737999417900252,0.04755315294869665,0.5661464915152727,6.944444444444444e-05,False,-0.3,-0.09491525423728814,-0.686491935483871,1283,0.5111111111111111,642,0.5047318611987381,385,0.4921052631578947,192,0.4656084656084656,,,,,,-0.01420475541555946,5,0.646484375,256,0.1029255313115298,0.2005813953488372,258,0.08516195430884592,-0.8221343873517787,253,-0.06479603217728286,0.1560077519379845,258,0.05503471536042618,0.15406976744186046,258,-0.14136034823532007
ES,range_30,10,Q,1283,-0.006798644328617597,-0.06008291239904353,0.05302645258828524,0.03407963546046019,-0.01873379341136101,0.09366361131319345,0.23612872200473012,6.944444444444444e-05,False,0.49999999999999994,-0.05156644905919973,0.005671377239685407,1283,0.48974763406940064,642,0.5047021943573667,385,0.4895833333333333,192,0.47643979057591623,,,,,,0.03634097490266651,5,0.03870282224019113,256,0.08019864867733668,-0.024794924747799672,258,0.0731804340626159,-0.05309316434383778,253,-0.050341980359467964,0.026159738218424034,258,0.13300949079879348,0.029776830586751044,258,-0.08471948422280812
ES,range_30,15,R,1283,-0.09111475606852071,-0.2190353695555794,0.03545683504902888,-0.015005283579448489,-0.07157341372525108,0.049294020678645675,0.6020397927036845,6.944444444444444e-05,False,-0.3,0.17203389830508475,-1.284274193548387,1283,0.5190174326465927,642,0.5158227848101266,385,0.5079365079365079,192,0.4734042553191489,,,,,,-0.012697893248239974,5,0.5556640625,256,0.08717741314552441,0.11046511627906977,258,0.0019613915542842164,-0.9110671936758893,253,-0.11031312998779916,0.3391472868217054,258,0.0799975186855539,-0.09108527131782945,258,-0.0943303362865722
ES,range_30,15,Q,1283,-0.020509836916727985,-0.07071419639559076,0.03741956438573808,0.015831896302744567,-0.03690793047070373,0.07583053783194996,0.5821816024663891,6.944444444444444e-05,False,0.3,-0.03256302802851399,-0.01722330178079008,1283,0.4806324110671937,642,0.4889589905362776,385,0.4921052631578947,192,0.46596858638743455,,,,,,0.018033175482702127,5,0.049213760967481146,256,0.06340733773287109,-0.017262493893884318,258,0.06745441719446274,-0.05521499562605431,253,-0.06630345932477963,0.01866584848646706,258,0.11291494769718614,0.018529905598879067,258,-0.10630134160934551
ES,range_30,30,R,1283,-0.0037128011932277324,-0.11322480827207361,0.10133420183880117,0.0004175592304994716,-0.05753535419407174,0.061450928786376244,0.9884230278613824,6.944444444444444e-05,False,-0.09999999999999999,0.22033898305084745,-0.13709677419354838,1283,0.5094488188976378,642,0.5101404056162246,385,0.5064935064935064,192,0.5,,,,,,0.0019754009142594784,5,0.32421875,256,0.020374242458599437,0.26841085271317827,258,-0.015776396193384203,-0.30533596837944665,253,-0.09322801282448848,0.9011627906976745,258,0.03838603782552473,0.48158914728682173,258,-0.016646391777066224
ES,range_30,30,Q,1283,-0.015256294826845028,-0.0670762675738041,0.04510275283566543,0.012415038539009358,-0.04208707458245332,0.07414483261327608,0.6661470034706842,6.944444444444444e-05,False,0.3,-0.02212193915765519,-0.02096197239124276,1283,0.48701809598741147,642,0.49133858267716535,385,0.4869109947643979,192,0.45789473684210524,,,,,,0.014570225832569174,5,0.035423873360228855,256,0.05236060305543016,-0.04168959591286041,258,0.037836028681061507,-0.056416989077717215,253,-0.057269601639551714,0.03157426369579539,258,0.07184367799049814,0.011746164768588151,258,-0.08245737012471371
ES,range_60,5,R,1281,-0.0163375284506297,-0.1223294803460834,0.09405710727995013,0.011535102757738839,-0.043951856038001176,0.06770229641501063,0.6887538485924385,6.944444444444444e-05,False,0.09999999999999999,-0.14298245614035088,-0.171,1281,0.48366533864541833,640,0.48183254344391785,384,0.48031496062992124,192,0.5026455026455027,,,,,,0.009575274929232009,5,0.3623046875,256,0.09916836611087047,-0.1753875968992248,258,0.0024163121675463955,-0.32341269841269843,252,-0.009134424699377162,0.16536964980544747,257,0.12811787175198483,0.08042635658914729,258,-0.088846547982884
ES,range_60,5,Q,1281,0.01905133871342879,-0.037414533506351134,0.07817339210389175,0.05549930232926375,0.0052006506556177496,0.11421191988828604,0.05372298442913559,6.944444444444444e-05,False,0.6,-0.03221292043738079,0.028056813651933906,1281,0.5015923566878981,640,0.5207667731629393,384,0.5039787798408488,192,0.5291005291005291,,,,,,0.05390859288145424,5,0.02768397782202795,256,0.042775374992621414,-0.0583752879559022,258,0.024791448670818145,-0.024494454869673134,252,-0.002485368605577412,0.039315814759083655,257,0.15164075392156331,0.08351712384022406,258,-0.07024928559555427
ES,range_60,10,R,1281,-0.047971595880046146,-0.1686458417392297,0.07558260154443476,-0.006844799797779721,-0.06806376875546091,0.055512767526517376,0.8121346506147076,6.944444444444444e-05,False,-0.19999999999999998,0.02456140350877193,-0.82,1281,0.5103338632750397,640,0.5102685624012638,384,0.5052356020942408,192,0.47368421052631576,,,,,,-0.0059506385114484394,5,0.646484375,256,0.09359571728846908,0.2005813953488372,258,0.071027616294437,-0.8273809523809523,252,-0.044610725813974725,0.1517509727626459,257,0.10793428244347006,0.15406976744186046,258,-0.13246716769554928
ES,range_60,10,Q,1281,6.735596325669993e-05,-0.05442909065733379,0.06204848896484676,0.03650961138225464,-0.014341424254365307,0.09495684105644717,0.20470044055075842,6.944444444444444e-05,False,0.49999999999999994,-0.023691356289177998,-0.0038125719847513814,1281,0.48894154818325436,640,0.49607535321821034,384,0.4960835509138381,192,0.5026178010471204,,,,,,0.03625950493819705,5,0.03870282224019113,256,0.060321562192171066,-0.024794924747799672,258,0.05186987574174285,-0.05647845467853555,252,-0.011412527794403627,0.02496451022186796,257,0.16146047959099713,0.029776830586751044,258,-0.09027601532035623
ES,range_60,15,R,1281,-0.053956938295165256,-0.15893800890447646,0.05053102123163601,1.4483146167717514e-05,-0.06045073042175658,0.062194525653605115,0.9995987496250838,6.944444444444444e-05,False,-0.19999999999999998,0.20526315789473684,-1.088,1281,0.5186360031720857,640,0.5213946117274167,384,0.5106382978723404,192,0.4574468085106383,,,,,,0.0006791812383386282,5,0.5556640625,256,0.09864666988395919,0.11046511627906977,258,0.008694158275620666,-0.9146825396825397,252,-0.08777458006563958,0.33073929961089493,257,0.14662091903271546,-0.09108527131782945,258,-0.1035373699066608
ES,range_60,15,Q,1281,-0.0056272956866933975,-0.06303182360646856,0.0528681787240317,0.02218579156306139,-0.03575677703489643,0.08480586004769329,0.4410180308450746,6.944444444444444e-05,False,0.09999999999999999,-0.007013669052370333,-0.01580497443289433,1281,0.47980997624703087,640,0.48738170347003157,384,0.48947368421052634,192,0.48677248677248675,,,,,,0.021869300116692365,5,0.049213760967481146,256,0.04700951622761316,-0.017262493893884318,258,0.05909190595934452,-0.0574182297356815,252,-0.03514912174652356,0.016643297163606855,257,0.15026563110866678,0.018529905598879067,258,-0.09753255842371696
ES,range_60,30,R,1281,0.028323152549125943,-0.07202346501484272,0.11836025275886634,0.01089491171733637,-0.0483035738943469,0.06649592319798907,0.7051967117878002,6.944444444444444e-05,False,-0.09999999999999999,0.10263157894736842,-0.411,1281,0.5086750788643533,640,0.5046875,384,0.515625,192,0.4791666666666667,,,,,,0.012767710026960165,5,0.32421875,256,-0.011779127130915642,0.26841085271317827,258,-0.005136323138565279,-0.3115079365079365,252,-0.07756930476231069,0.8998054474708171,257,0.08573928070996299,0.48158914728682173,258,-0.02012887543541454
ES,range_60,30,Q,1281,0.00443888259135249,-0.054091125591844265,0.06050313477341617,0.018211327053103698,-0.033781697809118744,0.07731514198686738,0.527115787769348,6.944444444444444e-05,False,0.09999999999999999,0.0012480021707982896,-0.021264550575993205,1281,0.4862096138691883,640,0.48661417322834644,384,0.4868421052631579,192,0.4708994708994709,,,,,,0.017871065398925776,5,0.035423873360228855,256,0.0168262113304977,-0.04168959591286041,258,0.03007590212479811,-0.05687429272251674,252,-0.02104778842004691,0.029362490402782913,257,0.111636552244256,0.011746164768588151,258,-0.09128366364633005
ES,close_location_5,5,R,1283,-0.02026998987258981,-0.0709147524585234,0.03726192216293465,0.00043301973905847624,-0.052143301640567206,0.05555715920898388,0.987994411707096,6.944444444444444e-05,False,-0.19999999999999998,-0.013618677042801557,0.13656387665198239,1283,0.5004248088360238,642,0.505564387917329,385,0.5,192,0.5405405405405406,-0.06010016694490818,0.19734660033167495,-0.2574467672765831,-0.9006793557255459,0.3375682626101545,0.0012171562028189522,5,0.3623046875,256,-0.07299472284134537,-0.1753875968992248,258,0.0006996583411925479,-0.31719367588932806,253,0.04578025928141957,0.16375968992248063,258,0.01630492567913526,0.08042635658914729,258,-0.028835358468526334
ES,close_location_5,5,Q,1283,-0.033118427965482575,-0.08622052339854053,0.018595420217042104,-0.0332728664080696,-0.08726590014589336,0.017343053247092042,0.24741467780634085,6.944444444444444e-05,False,-0.49999999999999994,0.03396952635596339,0.005434260910349202,1283,0.48091603053435117,642,0.47385103011093505,385,0.45931758530183725,192,0.4869109947643979,0.003385354355352165,0.03758819590307226,-0.034202841547720096,-0.10584941764799177,0.02012408293284356,-0.03268208547850094,5,0.02768397782202795,256,-0.14932003255603188,-0.0583752879559022,258,-0.010612916845371332,-0.021235583506551896,253,0.00938029969101144,0.038388234081722865,258,0.024850332781390448,0.08351712384022406,258,-0.043782380071424196
ES,close_location_5,10,R,1283,0.016325294155063962,-0.03888627622016789,0.07819749865003117,0.02867750064152494,-0.025190109409008357,0.08519889682693085,0.3188566753531139,6.944444444444444e-05,False,0.3,-1.0544747081712063,0.19383259911894274,1283,0.5186440677966102,642,0.526984126984127,385,0.5145118733509235,192,0.5210526315789473,0.12646076794657762,0.10240464344941957,0.02405612449715805,-0.8716584370855793,0.9290085984933426,0.02972165523597399,5,0.646484375,256,0.026035896118729102,0.2005813953488372,258,0.008949210984168034,-0.8221343873517787,253,-0.028287731078193226,0.1560077519379845,258,0.044131723570670287,0.15406976744186046,258,0.06851904135608951
ES,close_location_5,10,Q,1283,-0.0007808303840605456,-0.05218260502141563,0.0566131736924878,0.00033367991115904825,-0.05095405778142918,0.057038417348727326,0.9907484934807014,6.944444444444444e-05,False,0.19999999999999998,-0.006326081233970501,0.010119744010949309,1283,0.5109427609427609,642,0.5086342229199372,385,0.5065616797900262,192,0.5238095238095238,0.013951837122809382,0.00568032949159219,0.008271507631217192,-0.06326625593569037,0.07171478516521156,0.0013833312871228437,5,0.03870282224019113,256,-0.0714007274888335,-0.024794924747799672,258,-0.007279639560952686,-0.05309316434383778,253,0.011557483013713144,0.026159738218424034,258,0.05077812924227149,0.029776830586751044,258,0.009554041107881803
ES,close_location_5,15,R,1283,-0.009896598251909756,-0.06299472803123471,0.05227077682807755,0.004346902162925872,-0.04653526440584217,0.05846261723938705,0.8799324539235398,6.944444444444444e-05,False,0.19999999999999998,-0.30544747081712065,0.016519823788546256,1283,0.5258255715495342,642,0.5135566188197768,385,0.5278514588859416,192,0.5319148936170213,-0.056343906510851416,0.0779436152570481,-0.13428752176789951,-1.1418065314772825,0.8059998941021077,0.004935454268779602,5,0.5556640625,256,-0.0024473814818507245,0.11046511627906977,258,0.04516466656341338,-0.9110671936758893,253,-0.11014009221999371,0.3391472868217054,258,0.08007919661440198,-0.09108527131782945,258,-0.003583676451625358
ES,close_location_5,15,Q,1283,0.0037116779929300464,-0.050304744890447714,0.061742690824164254,0.0044529726739946825,-0.04915256662827233,0.06266241394570114,0.8770256313160676,6.944444444444444e-05,False,0.39999999999999997,-0.018274870168751126,0.005256087261041781,1283,0.5075885328836425,642,0.5,385,0.4973821989528796,192,0.5157894736842106,0.014353635305662544,-0.00022382958466557462,0.014577464890328119,-0.05907830802972396,0.07479716784808799,0.005563955737976703,5,0.049213760967481146,256,-0.049258348219693056,-0.017262493893884318,258,-0.00259090246563186,-0.05521499562605431,253,-0.03636325981301201,0.01866584848646706,258,0.07407492068776492,0.018529905598879067,258,0.028728130140729793
ES,close_location_5,30,R,1283,0.02938952539115573,-0.020284949482937742,0.0842003373287629,0.024447524200122483,-0.022108814115601005,0.07497813747961678,0.39548334177321176,6.944444444444444e-05,False,0.7,-0.7830739299610895,1.0561674008810573,1283,0.5222876366694701,642,0.5220125786163522,385,0.5221932114882507,192,0.5340314136125655,0.6001669449081803,0.04228855721393035,0.55787838769425,-0.9271561813913183,1.7625503014975195,0.025668095087002515,5,0.32421875,256,-0.013336176123933237,0.26841085271317827,258,-0.003263868526281373,-0.30533596837944665,253,-0.13439550028177463,0.9011627906976745,258,0.1591840382515881,0.48158914728682173,258,0.07231946298414083
ES,close_location_5,30,Q,1283,0.017792156615261852,-0.035684317092553305,0.07614083052576442,0.0176904548342829,-0.03577599605413591,0.07579224761388699,0.5386844689375803,6.944444444444444e-05,False,0.7999999999999999,-0.040850090253982396,0.00683164636128719,1283,0.5226890756302521,642,0.5086342229199372,385,0.5078947368421053,192,0.5026455026455027,0.01856049205855468,-0.021822229181084354,0.040382721239639034,-0.03531027169067646,0.10174161454082398,0.019235752804210502,5,0.035423873360228855,256,-0.056504230832231064,-0.04168959591286041,258,-0.0012808363583195616,-0.056416989077717215,253,-0.07478105999136499,0.03157426369579539,258,0.14697729189307446,0.011746164768588151,258,0.057201566667039114
ES,close_location_10,5,R,1283,-0.024060147926100943,-0.07589839994355212,0.031906223614261,0.0018611997255042099,-0.046964508522158985,0.05396636568792862,0.9484316896907818,6.944444444444444e-05,False,-0.49999999999999994,0.011538461538461539,0.010784313725490196,1283,0.5025083612040134,642,0.512,385,0.523936170212766,192,0.5217391304347826,-0.054276315789473686,0.16911764705882354,-0.2233939628482972,-0.7551004982585139,0.4206192084838314,0.0026609535497009408,5,0.3623046875,256,-0.0720673512658729,-0.1753875968992248,258,-0.0023584167747487624,-0.31719367588932806,253,0.07159739255785517,0.16375968992248063,258,0.009954515324799039,0.08042635658914729,258,-0.038941815820739974
ES,close_location_10,5,Q,1283,-0.03232983407736734,-0.08354869161126074,0.017971916214427237,-0.0324071443872154,-0.08399680767622415,0.019181062240291265,0.2599388803708256,6.944444444444444e-05,False,-0.6,0.03347828329439436,-0.0011570003670304087,1283,0.47575250836120403,642,0.47619047619047616,385,0.47368421052631576,192,0.47368421052631576,-0.0046786265274161125,0.039300979608853676,-0.04397960613626979,-0.102027202726166,0.021368167308129606,-0.03180162342861084,5,0.02768397782202795,256,-0.1424636579577439,-0.0583752879559022,258,-0.024500855070625896,-0.021235583506551896,253,0.020783765130410407,0.038388234081722865,258,0.027703137133316076,0.08351712384022406,258,-0.04978395482014682
ES,close_location_10,10,R,1283,0.01468284599667761,-0.03871302532044815,0.07364553705604313,0.03079899131306915,-0.02186333825630954,0.08514870623135214,0.2843507831903209,6.944444444444444e-05,False,0.39999999999999997,-0.9865384615384616,0.17941176470588235,1283,0.5175292153589316,642,0.5310015898251192,385,0.5291005291005291,192,0.531578947368421,0.09703947368421052,0.02369281045751634,0.07334666322669418,-0.7486627106983145,1.061236213235293,0.03187297174577765,5,0.646484375,256,-0.0032528560433738255,0.2005813953488372,258,0.03187417136031287,-0.8221343873517787,253,-0.020287041682519436,0.1560077519379845,258,0.054804398189175,0.15406976744186046,258,0.06974406728466973
ES,close_location_10,10,Q,1283,0.004075159963153415,-0.04489448635938945,0.060732409073193154,0.00474301108867694,-0.04541652443224548,0.061972471425471645,0.8690857993023571,6.944444444444444e-05,False,0.09999999999999999,-0.021413060916085448,0.01550401220031411,1283,0.5095277547638773,642,0.5110410094637224,385,0.5301837270341208,192,0.5210526315789473,0.006442807262479247,0.006460154328741535,-1.7347066262288213e-05,-0.05644646539469782,0.06394964196398464,0.005820070833312191,5,0.03870282224019113,256,-0.06921073458730373,-0.024794924747799672,258,-0.014658602233192571,-0.05309316434383778,253,0.03229078887369264,0.026159738218424034,258,0.06030619616313359,0.029776830586751044,258,0.004592871394728195
ES,close_location_10,15,R,1283,-0.01585557987477927,-0.06688295726589431,0.04155376928044355,0.0037743050993846307,-0.04586793446921231,0.06036902285434965,0.8956511961335021,6.944444444444444e-05,False,-0.09999999999999999,-0.2076923076923077,-0.0784313725490196,1283,0.5175,642,0.526984126984127,385,0.53315649867374,192,0.5425531914893617,-0.18092105263157895,0.10457516339869281,-0.28549621603027175,-1.1729114260835913,0.794271236455107,0.0043657654091675034,5,0.5556640625,256,-0.021625436447362197,0.11046511627906977,258,0.06848308749222164,-0.9110671936758893,253,-0.10593438803857068,0.3391472868217054,258,0.0931657478371105,-0.09108527131782945,258,-0.012134005177657548
ES,close_location_10,15,Q,1283,0.008705913126406388,-0.039552717875573275,0.06909920391212232,0.009700569768190141,-0.04019072914236562,0.06975345947650853,0.7360390796759027,6.944444444444444e-05,False,0.09999999999999999,-0.030246708312133646,0.01136958834234822,1283,0.5120331950207468,642,0.5086887835703001,385,0.5235602094240838,192,0.5263157894736842,0.007739287097265098,0.0007985130915976387,0.006940774005667459,-0.050127549473215335,0.06937313040774833,0.01084373672539041,5,0.049213760967481146,256,-0.05552630122469274,-0.017262493893884318,258,0.006177759972516509,-0.05521499562605431,253,-0.010295779353520943,0.01866584848646706,258,0.08247700850421219,0.018529905598879067,258,0.022359521032128578
ES,close_location_10,30,R,1283,0.028356054700136316,-0.022487246505707353,0.08320929138626518,0.0253298709703696,-0.02132833486434549,0.07838150701654993,0.3786449584817273,6.944444444444444e-05,False,0.3,-0.9153846153846154,1.2323529411764707,1283,0.5136702568351285,642,0.5307086614173229,385,0.5342105263157895,192,0.518324607329843,0.3462171052631579,0.24836601307189543,0.09785109219126248,-1.0360550771843826,1.3900428921568606,0.026564238606694105,5,0.32421875,256,-0.03409605900786086,0.26841085271317827,258,0.00826147302711086,-0.30533596837944665,253,-0.11500448555064592,0.9011627906976745,258,0.1441528301595927,0.48158914728682173,258,0.07778439138840806
ES,close_location_10,30,Q,1283,0.01732131845815294,-0.03457641699666325,0.07616021611371758,0.01773230331556564,-0.03402744820933767,0.07716384587644372,0.5377241053678308,6.944444444444444e-05,False,0.3,-0.0503371840150645,0.006627256100412758,1283,0.5161290322580645,642,0.5157728706624606,385,0.5249343832020997,192,0.5052631578947369,0.0007664171957979118,-0.011128903019091713,0.011895320214889624,-0.04138174729592201,0.07887617956293673,0.01929442703231985,5,0.035423873360228855,256,-0.07516081418080259,-0.04168959591286041,258,-0.0020666921459015198,-0.056416989077717215,253,-0.05356488141092875,0.03157426369579539,258,0.14174217700176195,0.011746164768588151,258,0.055804658704033006
ES,close_location_15,5,R,1283,-0.02869249337116188,-0.07953721945504469,0.02292318917639558,0.00434813375646213,-0.045825820432944614,0.06072858236195185,0.879898693215369,6.944444444444444e-05,False,-0.6,0.17120622568093385,-0.029182879377431907,1283,0.4983388704318937,642,0.5248,385,0.526595744680851,192,0.5459459459459459,-0.16266025641025642,0.24422442244224424,-0.4068846788525007,-0.9831229967948718,0.2509635218329522,0.005157564698525181,5,0.3623046875,256,-0.042586148370755375,-0.1753875968992248,258,-0.03791303641677515,-0.31719367588932806,253,0.08600300583072489,0.16375968992248063,258,0.013321964314300652,0.08042635658914729,258,-0.05225850666026052
ES,close_location_15,5,Q,1283,-0.028681370754708863,-0.08279138662747626,0.02195415639552105,-0.027274068002452932,-0.081759713466958,0.02467079825713533,0.3431279479199749,6.944444444444444e-05,False,-0.6,0.03181577552832239,0.0035255128651743993,1283,0.4759933774834437,642,0.49206349206349204,385,0.47733333333333333,192,0.5052631578947369,-0.007679958069792068,0.044398701947543084,-0.05207866001733515,-0.11908371703950973,0.014683259854142235,-0.026651271529206585,5,0.02768397782202795,256,-0.10492964511703186,-0.0583752879559022,258,-0.026101676735586807,-0.021235583506551896,253,0.0065619426327610695,0.038388234081722865,258,0.02353547041605052,0.08351712384022406,258,-0.04585008618050893
ES,close_location_15,10,R,1283,-0.001898493749643043,-0.05683757635120011,0.054405682459404366,0.014663082644711986,-0.036793521201978346,0.0711281224372507,0.6103489546983571,6.944444444444444e-05,False,0.3,-0.33949416342412453,0.17704280155642024,1283,0.5099337748344371,642,0.5213946117274167,385,0.5328083989501312,192,0.5526315789473685,-0.07371794871794872,0.26443894389438943,-0.33815689261233817,-1.153984791507997,0.6213369113353636,0.01573737458628791,5,0.646484375,256,0.010787490660517882,0.2005813953488372,258,-0.011689123633846606,-0.8221343873517787,253,-0.024124580685382015,0.1560077519379845,258,0.04373116361858902,0.15406976744186046,258,0.03780015417214694
ES,close_location_15,10,Q,1283,0.0007982588623464367,-0.04960216431078954,0.0588720533062164,0.0028832486795191026,-0.04729480770263012,0.06231021420921508,0.9201914737762937,6.944444444444444e-05,False,0.19999999999999998,-0.007257403242343851,0.02506569073380849,1283,0.5024671052631579,642,0.5228346456692914,385,0.5314136125654451,192,0.5368421052631579,-0.0040961857131348615,0.018952265134325515,-0.023048450847460378,-0.09095544853619583,0.04102658721924955,0.003976515328327434,5,0.03870282224019113,256,-0.03157761149969162,-0.024794924747799672,258,-0.035356649856497564,-0.05309316434383778,253,0.018850453283481693,0.026159738218424034,258,0.057762571900003105,0.029776830586751044,258,-0.00155025759087986
ES,close_location_15,15,R,1283,-0.027484122901484696,-0.08113364667658966,0.029132032402241895,-0.005532231462756387,-0.05994682721826365,0.04810422869868778,0.8475496840018477,6.944444444444444e-05,False,-0.6,0.35116731517509725,-0.19066147859922178,1283,0.5136251032204789,642,0.5198098256735341,385,0.5236842105263158,192,0.5555555555555556,-0.3405448717948718,0.43399339933993397,-0.7745382711348058,-1.7250164619827366,0.21703716044681345,-0.004941601424867766,5,0.5556640625,256,-0.005994599502683872,0.11046511627906977,258,0.03471930811395058,-0.9110671936758893,253,-0.09829463972639935,0.3391472868217054,258,0.08363090317511718,-0.09108527131782945,258,-0.03535037740718537
ES,close_location_15,15,Q,1283,0.0032747814683640633,-0.046376951870588434,0.060467903273189856,0.00587788264940996,-0.045014723518984286,0.06446663052847083,0.8381522971475623,6.944444444444444e-05,False,0.19999999999999998,-0.008930415750437739,0.01902242731752202,1283,0.5066006600660066,642,0.5213270142180095,385,0.5235602094240838,192,0.5421052631578948,-0.0031197966274585306,0.01746281308941666,-0.02058260971687519,-0.08422021771774474,0.043482344578631434,0.007040721429732801,5,0.049213760967481146,256,-0.015365462607514369,-0.017262493893884318,258,-0.013628894661022243,-0.05521499562605431,253,-0.02152049674871997,0.01866584848646706,258,0.0770202299201885,0.018529905598879067,258,0.0010417147087182982
ES,close_location_15,30,R,1283,0.017663421740070646,-0.03193181883096871,0.07418691890247597,0.018351024466762903,-0.03038532265263714,0.07150964870537506,0.5236262429198222,6.944444444444444e-05,False,0.3,-0.3560311284046693,0.7159533073929961,1283,0.5016420361247947,642,0.529874213836478,385,0.5354330708661418,192,0.5416666666666666,0.19951923076923078,0.5911716171617162,-0.3916523863924854,-1.5538845320830161,0.8301426837395276,0.019588422485773048,5,0.32421875,256,-0.016769655023872967,0.26841085271317827,258,-0.01616390829972528,-0.30533596837944665,253,-0.08330537089040362,0.9011627906976745,258,0.10303165487712243,0.48158914728682173,258,0.05513187320601771
ES,close_location_15,30,Q,1283,0.01136653795982547,-0.0400335611172036,0.07372560655713807,0.012663484396130006,-0.03910763093715221,0.07393788018972965,0.6598814737626424,6.944444444444444e-05,False,0.3,-0.03189936458394254,0.006893062475158557,1283,0.505332239540607,642,0.5244094488188976,385,0.5210526315789473,192,0.5238095238095238,-0.005086027436446634,0.0065972534748191996,-0.011683280911265834,-0.07438796959766922,0.05253933519913938,0.014236252670107474,5,0.035423873360228855,256,-0.03843584894282847,-0.04168959591286041,258,-0.02921565709899123,-0.056416989077717215,253,-0.047243508164934014,0.03157426369579539,258,0.11518050547304418,0.011746164768588151,258,0.03670914471510174
ES,close_location_30,5,R,1283,-0.03332657490241833,-0.08449139993498077,0.020619704722979467,0.0043420098148709806,-0.04627514145434959,0.05585086911499377,0.8800665661770799,6.944444444444444e-05,False,-0.49999999999999994,0.49221789883268485,-0.09226190476190477,1283,0.5090311986863711,642,0.5262321144674086,385,0.526595744680851,192,0.5698924731182796,-0.1359447004608295,0.20769881556683586,-0.34364351602766535,-0.9320438782193735,0.33976516019867875,0.004021032857996689,5,0.3623046875,256,-0.062090469294668965,-0.1753875968992248,258,-0.02583930241492213,-0.31719367588932806,253,0.015580790169943043,0.16375968992248063,258,0.05087381686564203,0.08042635658914729,258,-0.030339448861583233
ES,close_location_30,5,Q,1283,-0.016754439563627342,-0.07185600309330799,0.03353269153394294,-0.015901630156791306,-0.07083936344710377,0.035334542444408465,0.580520409362324,6.944444444444444e-05,False,-0.3,0.07730229725676718,0.047197225714270916,1283,0.4967159277504105,642,0.49206349206349204,385,0.49868073878627966,192,0.5235602094240838,0.007966632683208668,0.025737256702972156,-0.017770624019763488,-0.082435274156968,0.041689396528405524,-0.01819690001457305,5,0.02768397782202795,256,-0.08068578105126843,-0.0583752879559022,258,-0.013296868676474744,-0.021235583506551896,253,-0.03942441034127878,0.038388234081722865,258,0.049745572372801264,0.08351712384022406,258,-0.015299028612318478
ES,close_location_30,10,R,1283,-0.0142129364745047,-0.06675111271563561,0.04198418809189998,0.007742179671363696,-0.045285917170348036,0.06006052413475834,0.7878955067453026,6.944444444444444e-05,False,-0.19999999999999998,0.04571984435797665,0.0763888888888889,1283,0.5237704918032787,642,0.5174603174603175,385,0.5026455026455027,192,0.544973544973545,-0.07834101382488479,0.2643824027072758,-0.3427234165321606,-1.1939652584465914,0.505165569175107,0.008267197433522316,5,0.646484375,256,-0.013708954940830893,0.2005813953488372,258,0.0229659006971427,-0.8221343873517787,253,-0.06044605874582509,0.1560077519379845,258,0.062008996994753714,0.15406976744186046,258,0.019191051348545953
ES,close_location_30,10,Q,1283,0.009040451111534753,-0.039273150244271526,0.061286124395890026,0.010378967786097454,-0.039085184921623814,0.06228441563718034,0.7183388323852444,6.944444444444444e-05,False,0.09999999999999999,0.02367145527497862,0.05072749012496607,1283,0.5154723127035831,642,0.5189274447949527,385,0.518324607329843,192,0.5684210526315789,0.01169245547211155,-0.0010337887204531007,0.012726244192564651,-0.04805752163630688,0.07251330490781698,0.010833053465363953,5,0.03870282224019113,256,-0.024682110473702095,-0.024794924747799672,258,0.0014631631255006925,-0.05309316434383778,253,-0.02901543713468461,0.026159738218424034,258,0.06968338345432565,0.029776830586751044,258,0.02182731983152514
ES,close_location_30,15,R,1283,-0.025454009091123903,-0.07612111667873966,0.03040248311320125,0.005236127371175232,-0.04521122289865263,0.058479698409055765,0.8556173080420186,6.944444444444444e-05,False,-0.6,0.0651750972762646,-0.20833333333333334,1283,0.5204248366013072,642,0.5308056872037915,385,0.5289473684210526,192,0.5767195767195767,-0.3617511520737327,0.4010152284263959,-0.7627663805001286,-1.7832782150849533,0.16646968350136787,0.005282012361523047,5,0.5556640625,256,-0.03594112884105288,0.11046511627906977,258,0.08166758717577148,-0.9110671936758893,253,-0.10748279487741652,0.3391472868217054,258,0.08638247874654478,-0.09108527131782945,258,-0.012271136935645145
ES,close_location_30,15,Q,1283,0.012492420089121594,-0.037855774489609625,0.0658618894365631,0.013874646686681211,-0.03531013077659471,0.06848854247627388,0.6296838695994993,6.944444444444444e-05,False,0.09999999999999999,0.013828271216589845,0.04635850077854983,1283,0.5224489795918368,642,0.5244094488188976,385,0.5196850393700787,192,0.5608465608465608,0.013345828177064244,-0.0038762329847766637,0.01722206116184091,-0.04995390922314281,0.08009352301497488,0.014388860459538421,5,0.049213760967481146,256,-0.013616273469014357,-0.017262493893884318,258,0.026310175586789348,-0.05521499562605431,253,-0.058642819362759405,0.01866584848646706,258,0.08710231824862476,0.018529905598879067,258,0.01695425119381642
ES,close_location_30,30,R,1283,0.002868052787585556,-0.047484526095730284,0.058501443312641774,0.009046700609834174,-0.0398595434040348,0.06551479102947386,0.7532328791897807,6.944444444444444e-05,False,-0.09999999999999999,-0.2247081712062257,0.5049603174603174,1283,0.5065040650406504,642,0.521193092621664,385,0.5380577427821522,192,0.5602094240837696,0.1205837173579109,0.6725888324873096,-0.5520051151293988,-1.8220134291640349,0.7075400399229611,0.00896452962919698,5,0.32421875,256,-0.012583767913866822,0.26841085271317827,258,0.050020427588048665,-0.30533596837944665,253,-0.1086107737006689,0.9011627906976745,258,0.04274453705110175,0.48158914728682173,258,0.042350559947413255
ES,close_location_30,30,Q,1283,0.01799646685336627,-0.030282124605941405,0.07649592335094095,0.018182374004891356,-0.029981353312318364,0.07611742017159706,0.5274501795280431,6.944444444444444e-05,False,0.6,-0.03132169100475411,0.03032389170588891,1283,0.5130081300813009,642,0.5259026687598116,385,0.5196850393700787,192,0.544973544973545,0.0033396445462589414,-0.004296214353952903,0.007635858900211845,-0.06507614823953872,0.06368856393056574,0.018697664387488,5,0.035423873360228855,256,-0.03660612652802257,-0.04168959591286041,258,0.040582854637820395,-0.056416989077717215,253,-0.07725696721891685,0.03157426369579539,258,0.09035670481203299,0.011746164768588151,258,0.0418301206234076
ES,close_location_60,5,R,1281,-0.0297460134393871,-0.0820996745840623,0.02347783447345687,0.005860574313352837,-0.04666457504805399,0.05923564859638238,0.8387467248174296,6.944444444444444e-05,False,-0.49999999999999994,0.5700389105058365,-0.1646586345381526,1281,0.5109135004042037,640,0.5231259968102073,384,0.5053475935828877,192,0.5081081081081081,-0.0660741885625966,0.1264227642276423,-0.19249695279023887,-0.7672629616365716,0.4456630194393132,0.005552349402901808,5,0.3623046875,256,-0.1165761588763901,-0.1753875968992248,258,0.06443873653497997,-0.32341269841269843,252,0.06937545272637273,0.16536964980544747,257,0.032678238183578914,0.08042635658914729,258,-0.05477021262745887
ES,close_location_60,5,Q,1281,0.005474521374131126,-0.04981881392199463,0.05831354695375054,0.003703363774981587,-0.05108411702328614,0.0568878774411603,0.8976812224886108,6.944444444444444e-05,False,-0.09999999999999999,0.05047218486584821,0.043785514781856265,1281,0.5096930533117933,640,0.5262321144674086,384,0.4973544973544973,192,0.47643979057591623,0.016434024817737963,0.013102756481385472,0.003331268336352491,-0.047929542000094014,0.07601057216906257,0.001435362402078255,5,0.02768397782202795,256,-0.09325978319241032,-0.0583752879559022,258,0.0750177807633334,-0.024494454869673134,252,0.03123905032247188,0.039315814759083655,257,0.02356455078535872,0.08351712384022406,258,-0.03334967881797666
ES,close_location_60,10,R,1281,-0.023624169896171127,-0.08001575694823634,0.036007279313620785,-0.006772705742282809,-0.06010178286693473,0.04988743157341358,0.8140770323162423,6.944444444444444e-05,False,-0.7,0.6663424124513618,-0.26104417670682734,1281,0.5052461662631155,640,0.5215311004784688,384,0.5039787798408488,192,0.5080213903743316,-0.151854714064915,0.2995934959349594,-0.45144820999987434,-1.2827313837473768,0.36245770033047964,-0.006262021085421987,5,0.646484375,256,-0.0822875771268928,0.2005813953488372,258,0.058556100201999514,-0.8273809523809523,252,-0.04525272825228347,0.1517509727626459,257,0.03760796981367896,0.15406976744186046,258,-0.0029631117867567787
ES,close_location_60,10,Q,1281,0.015934499121926803,-0.033006110683853736,0.06649175071517924,0.014006180487417677,-0.03419003894531263,0.0653116490117735,0.6267097510847726,6.944444444444444e-05,False,0.6,0.017041864794138405,0.0312306055722235,1281,0.5188452285485164,640,0.5395569620253164,384,0.5211640211640212,192,0.5263157894736842,0.009710638023969743,-0.0029982502686324458,0.012708888292602189,-0.044445343651453084,0.08325669018458468,0.014473741682790428,5,0.03870282224019113,256,-0.06555756915665438,-0.024794924747799672,258,0.08272978720380858,-0.05647845467853555,252,0.009373072546390162,0.02496451022186796,257,0.04178899560234057,0.029776830586751044,258,-0.0030571060421179788
ES,close_location_60,15,R,1281,-0.024061085602894255,-0.07749989969286146,0.032795061794980554,-0.004483071883172343,-0.059074996474062204,0.051591570066151324,0.8762970499229603,6.944444444444444e-05,False,-0.3,0.688715953307393,-0.41164658634538154,1281,0.5104501607717041,640,0.5110759493670886,384,0.5263157894736842,192,0.5159574468085106,-0.17001545595054096,0.16463414634146342,-0.33464960229200436,-1.207597840564959,0.66943174250135,-0.0044324036441590105,5,0.5556640625,256,-0.11127682025610115,0.11046511627906977,258,0.12809277895556115,-0.9146825396825397,252,-0.05555414956002727,0.33073929961089493,257,0.03901197833818774,-0.09108527131782945,258,-0.02297053355323383
ES,close_location_60,15,Q,1281,0.014440128583576912,-0.03280192927749082,0.06421550878179279,0.012395494631143892,-0.03509620405148941,0.06151974722365217,0.6668857112892284,6.944444444444444e-05,False,0.49999999999999994,0.011991095384324624,0.02245448618580363,1281,0.5096463022508039,640,0.526984126984127,384,0.5092838196286472,192,0.48677248677248675,0.008191747075601757,-0.0023661873610394497,0.010557934436641207,-0.04274561996185881,0.07679669258228866,0.012951313555555233,5,0.049213760967481146,256,-0.06469087595468336,-0.017262493893884318,258,0.10153545668127484,-0.0574182297356815,252,-0.011972160382731249,0.016643297163606855,257,0.044093012177800345,0.018529905598879067,258,-0.02351663256128767
ES,close_location_60,30,R,1281,-0.0065312216711513596,-0.05173545211077326,0.0468326613993228,-0.004388015931866565,-0.04885080399762962,0.04852943881683865,0.8788995417373582,6.944444444444444e-05,False,-0.09999999999999999,0.39202334630350194,-0.25,1281,0.5028022417934348,640,0.5055292259083728,384,0.5118733509234829,192,0.5392670157068062,0.38330757341576505,0.29634146341463413,0.08696611000113091,-0.9232531320290019,1.3112897393850291,-0.004486064900076672,5,0.32421875,256,-0.04415406682476158,0.26841085271317827,258,0.07488896915116652,-0.3115079365079365,252,-0.10094639913290152,0.8998054474708171,257,0.006735455858903234,0.48158914728682173,258,0.014771026558891726
ES,close_location_60,30,Q,1281,0.014368376650780732,-0.0353737630524161,0.06797842014507717,0.012472688044193903,-0.036443641940493945,0.06544013378072891,0.6649371289799579,6.944444444444444e-05,False,0.49999999999999994,-0.004970953379000698,0.0018605944528708822,1281,0.5067945643485212,640,0.5220125786163522,384,0.5209424083769634,192,0.5210526315789473,0.003125049658089889,-0.010494350125469367,0.013619399783559256,-0.042700428141738675,0.08773261217148087,0.013015010754032781,5,0.035423873360228855,256,-0.08454635594373197,-0.04168959591286041,258,0.10326578020913209,-0.05687429272251674,252,-0.02553982460274259,0.029362490402782913,257,0.05155883841095553,0.011746164768588151,258,-0.011669227646384108
ES,signed_path_eff_5,5,R,1281,-0.025470288650168784,-0.07758792904772654,0.028270926764213687,-0.007791981120884068,-0.06027247337310278,0.04478001191129132,0.7867267874941126,6.944444444444444e-05,False,-0.49999999999999994,0.10700389105058365,-0.2365702479338843,1281,0.5008576329331046,640,0.5024077046548957,384,0.5013404825737265,192,0.5163043478260869,-0.13898450946643717,0.1799835255354201,-0.3189680350018573,-0.9588279276201062,0.288873746338614,-0.007474963768063111,5,0.3623046875,256,-0.07204617256575241,-0.15625,256,-0.036336242141874205,-0.31719367588932806,253,0.05101555077962817,0.16375968992248063,258,0.020677745276986452,0.08042635658914729,258,-0.028772530885707776
ES,signed_path_eff_5,5,Q,1281,-0.015655026818017715,-0.06582525330776297,0.037635839810096744,-0.020042282683341878,-0.0721608576209938,0.032277178091306966,0.48642019935075265,6.944444444444444e-05,False,-0.7999999999999999,0.026269115515957862,0.01980607320076894,1281,0.48240343347639486,640,0.47611464968152867,384,0.48936170212765956,192,0.5080213903743316,0.0031323006581236703,0.03285332711474176,-0.029721026456618088,-0.09954222105391676,0.036561555469982986,-0.019638154925798203,5,0.02768397782202795,256,-0.13224539130217194,-0.055154874304822396,256,-0.0001858517731099925,-0.021235583506551896,253,0.02362090219836539,0.038388234081722865,258,0.03862185611108933,0.08351712384022406,258,-0.0183189742389381
ES,signed_path_eff_5,10,R,1281,0.012387041205501746,-0.0448987775405971,0.07052877114999635,0.02126727714192697,-0.029543381061543205,0.07731849293888722,0.4601699943154878,6.944444444444444e-05,False,0.09999999999999999,-0.4776264591439689,-0.2396694214876033,1281,0.5077186963979416,640,0.5229793977812995,384,0.525065963060686,192,0.5445026178010471,0.04991394148020654,0.08813838550247118,-0.03822444402226464,-0.9043734776715712,0.7954012744316877,0.022236045880211646,5,0.646484375,256,0.0013270112890148554,0.224609375,256,-0.0388654946562036,-0.8221343873517787,253,-0.008456709900898187,0.1560077519379845,258,0.07433522016727827,0.15406976744186046,258,0.06774015808190643
ES,signed_path_eff_5,10,Q,1281,0.0044013614715932665,-0.04764170116984223,0.05979877229875656,0.002552553623154455,-0.04979613000076214,0.05719121228451986,0.9293747387469429,6.944444444444444e-05,False,0.19999999999999998,-0.010483145531780359,0.008732481449845784,1281,0.502127659574468,640,0.5007898894154819,384,0.5118110236220472,192,0.5130890052356021,0.001984218200289552,0.008539686926156913,-0.006555468725867361,-0.07660405520709752,0.06336980154450213,0.003185416030131591,5,0.03870282224019113,256,-0.07508901260150737,-0.02312851604977281,256,-0.026402485647271625,-0.05309316434383778,253,0.03127354593701504,0.026159738218424034,258,0.07530955387181683,0.029776830586751044,258,0.021580327108805263
ES,signed_path_eff_5,15,R,1281,-0.017157384021416467,-0.07344918338266165,0.04242166888611133,-0.0034582644693897987,-0.05831822595528752,0.05387286584567053,0.9044193923335488,6.944444444444444e-05,False,-0.6,0.0933852140077821,-0.30165289256198347,1281,0.5106928999144568,640,0.5229793977812995,384,0.5277044854881267,192,0.5473684210526316,-0.3433734939759036,0.23476112026359144,-0.5781346142394951,-1.5766542871887645,0.30359709017288233,-0.0027652098138037672,5,0.5556640625,256,-0.016816663653268244,0.13671875,256,0.03281259860804331,-0.9110671936758893,253,-0.08784350456086726,0.3391472868217054,258,0.0936124585491023,-0.09108527131782945,258,-0.02704733991336714
ES,signed_path_eff_5,15,Q,1281,0.006054063739739645,-0.04595591121757329,0.06233771506859224,0.0036902930698555973,-0.04758362575860473,0.06148043444872252,0.8980403754833624,6.944444444444444e-05,False,0.49999999999999994,-0.01349207562816955,0.010267531969153209,1281,0.49829351535836175,640,0.5031545741324921,384,0.5144356955380578,192,0.5105263157894737,-0.0006808056478900159,0.007754680585196495,-0.008435486233086511,-0.08099939943643755,0.055668691976142895,0.004528113627129647,5,0.049213760967481146,256,-0.06969083749433932,-0.01625803421076362,256,-0.005202820425091315,-0.05521499562605431,253,-0.0043142892442482195,0.01866584848646706,258,0.10042040630604682,0.018529905598879067,258,0.013853183495861966
ES,signed_path_eff_5,30,R,1281,0.014325247920337819,-0.03734807552790806,0.0714018170350453,0.010626256231352533,-0.046865416935920445,0.06940346725739563,0.7121386433032306,6.944444444444444e-05,False,0.19999999999999998,-0.6926070038910506,0.3977272727272727,1281,0.5089361702127659,640,0.5189873417721519,384,0.4921052631578947,192,0.49214659685863876,0.2310671256454389,0.4130971993410214,-0.1820300736955825,-1.3991944950902693,0.9639010738175103,0.011911913582502981,5,0.32421875,256,-0.02488647623515325,0.2890625,256,-0.03501091914459186,-0.30533596837944665,253,-0.11521920909991315,0.9011627906976745,258,0.12365000821528523,0.48158914728682173,258,0.05130953073447954
ES,signed_path_eff_5,30,Q,1281,0.01213202750671806,-0.042710560266142,0.06811860608861331,0.010330467918964125,-0.04512803921366294,0.06731910042522811,0.719809294625033,6.944444444444444e-05,False,0.0,-0.04252147144020952,0.000856968708429175,1281,0.5055225148683092,640,0.5173501577287066,384,0.5184210526315789,192,0.5291005291005291,-0.008658398770468674,-0.001311171559946025,-0.007347227210522649,-0.07423975792491047,0.05577825633105298,0.011738705193035907,5,0.035423873360228855,256,-0.07843069774730294,-0.04119433424847605,256,-0.02539455961174143,-0.056416989077717215,253,-0.0396186892392872,0.03157426369579539,258,0.15789856202518335,0.011746164768588151,258,0.044028861799772986
ES,signed_path_eff_10,5,R,1283,-0.011754264416161274,-0.06510066597895424,0.03922280133962642,0.008250796028339969,-0.0447034286264017,0.06700046877829796,0.7743268385993023,6.944444444444444e-05,False,-0.49999999999999994,0.16636690647482014,-0.30642023346303504,1283,0.5029736618521665,642,0.505564387917329,385,0.506631299734748,192,0.5212765957446809,-0.13588709677419356,0.15335051546391754,-0.28923761223811106,-0.8398493792262498,0.3785777629974501,0.006825504561372859,5,0.3623046875,256,-0.041353846997322856,-0.1753875968992248,258,-0.0313487748400242,-0.31719367588932806,253,0.09815919358036276,0.16375968992248063,258,0.022771728220833558,0.08042635658914729,258,-0.05427262249933294
ES,signed_path_eff_10,5,Q,1283,-0.004753356584812638,-0.06106971158303032,0.047680970195398006,-0.011893361631462327,-0.06973980525130594,0.03879368220262262,0.6793786383834963,6.944444444444444e-05,False,-0.6,0.01564237883854703,0.0018389632116408837,1283,0.4898132427843803,642,0.4802527646129542,385,0.47368421052631576,192,0.5212765957446809,-0.0008439197019232755,0.02344886033188057,-0.024292780033803845,-0.08634338756348796,0.05299384190965186,-0.013510536825503622,5,0.02768397782202795,256,-0.06281726224069965,-0.0583752879559022,258,-0.05580435772342378,-0.021235583506551896,253,0.0624010541898935,0.038388234081722865,258,0.032217066482646245,0.08351712384022406,258,-0.053039490592648064
ES,signed_path_eff_10,10,R,1283,0.01549089556099974,-0.039673282394703635,0.0690817002820206,0.020906863309137536,-0.03460440681114372,0.07852313646852652,0.46746197905212616,6.944444444444444e-05,False,-0.19999999999999998,-0.18075539568345322,-0.6575875486381323,1283,0.5169491525423728,642,0.5181674565560821,385,0.5105820105820106,192,0.5478723404255319,0.09838709677419355,-0.0313573883161512,0.12974448509034475,-0.7901006678860437,1.1420158519011185,0.01928569820711259,5,0.646484375,256,0.00045123538845124933,0.2005813953488372,258,0.021344333366573136,-0.8221343873517787,253,0.0014320868626415645,0.1560077519379845,258,0.057177132601573935,0.15406976744186046,258,0.019437315941237918
ES,signed_path_eff_10,10,Q,1283,0.025519743416098372,-0.02476873611959427,0.0854454609909737,0.019737488614126886,-0.03189112132882009,0.07979958420287782,0.49273678043290925,6.944444444444444e-05,False,0.49999999999999994,-0.014461171571414145,0.003973664900177149,1283,0.5227272727272727,642,0.5141509433962265,385,0.49476439790575916,192,0.5368421052631579,0.005871628899927432,-0.010081468738553432,0.015953097638480865,-0.04555384339504044,0.09350288751922893,0.017985790106248865,5,0.03870282224019113,256,-0.0033233049884442757,-0.024794924747799672,258,-0.03243510727894554,-0.05309316434383778,253,0.06445789505207737,0.026159738218424034,258,0.07286121091977019,0.029776830586751044,258,-0.019905122206180015
ES,signed_path_eff_10,15,R,1283,-0.01272371086238496,-0.0636302489186574,0.0423162946536293,0.0013270390563565608,-0.04938980367010387,0.057808691187184846,0.9632191152563285,6.944444444444444e-05,False,-0.09999999999999999,-0.2329136690647482,-1.2811284046692606,1283,0.5223628691983122,642,0.5197472353870458,385,0.5052356020942408,192,0.5392670157068062,-0.12903225806451613,0.06443298969072164,-0.19346524775523777,-1.1796516115175701,0.9563167886043654,-6.747503525517217e-05,5,0.5556640625,256,0.0025186182184800273,0.11046511627906977,258,0.04684918595474581,-0.9110671936758893,253,-0.06225378137416065,0.3391472868217054,258,0.07179460314215098,-0.09108527131782945,258,-0.057618924014379166
ES,signed_path_eff_10,15,Q,1283,0.026259301774166355,-0.023867732334046148,0.08609514096110191,0.020869967982880377,-0.028519026067432965,0.08424125684401333,0.46824831524652866,6.944444444444444e-05,False,0.49999999999999994,-0.0248094032373241,-0.00967494949176536,1283,0.521079258010118,642,0.5204402515723271,385,0.49214659685863876,192,0.5473684210526316,0.005846483708454521,-0.01120047748479721,0.01704696119325173,-0.04633377431708002,0.09170483888844662,0.019069047168291508,5,0.049213760967481146,256,0.0051482711567278705,-0.017262493893884318,258,-0.0037406100599301504,-0.05521499562605431,253,0.03826729215444234,0.01866584848646706,258,0.08175287458189381,0.018529905598879067,258,-0.031219673785157578
ES,signed_path_eff_10,30,R,1283,0.016216658190257957,-0.03180420874318832,0.06829887418621838,0.016296476893803646,-0.03196129616821415,0.06984600672089789,0.5711564772232436,6.944444444444444e-05,False,0.49999999999999994,-0.1681654676258993,-0.10214007782101167,1283,0.5138539042821159,642,0.5205047318611987,385,0.5171503957783641,192,0.5052631578947369,0.4963709677419355,-0.002577319587628866,0.49894828732956437,-0.9488423885932823,1.7891838487972502,0.014973739112288317,5,0.32421875,256,-0.007968712571292431,0.26841085271317827,258,-0.0045185641471120015,-0.30533596837944665,253,-0.06161137178401741,0.9011627906976745,258,0.05015798358387182,0.48158914728682173,258,0.037149791335334637
ES,signed_path_eff_10,30,Q,1283,0.03285072435303972,-0.013294683585193992,0.08891424962890121,0.026243124221852314,-0.021273559364035893,0.08587631229690476,0.36168859379245033,6.944444444444444e-05,False,0.49999999999999994,-0.0315431770557239,-0.004003363218408481,1283,0.5210084033613446,642,0.5219435736677116,385,0.5026178010471204,192,0.5368421052631579,0.0028305535805755876,-0.021644880147549395,0.024475433728124982,-0.04011429465356391,0.0993007775895817,0.024521995505045024,5,0.035423873360228855,256,-0.012225080416313256,-0.04168959591286041,258,-0.015411496658662658,-0.056416989077717215,253,0.007882761265222053,0.03157426369579539,258,0.09963395844998774,0.011746164768588151,258,0.017608895841117276
ES,signed_path_eff_15,5,R,1283,-0.023668671384604312,-0.07732202355595628,0.030357879010091376,0.003008075867339276,-0.05185982671398105,0.062144457148269536,0.9167485334601295,6.944444444444444e-05,False,-0.3,0.5765503875968992,-0.12400793650793651,1283,0.5198347107438016,642,0.5,385,0.5159574468085106,192,0.5106382978723404,-0.021860095389507155,0.051824212271973466,-0.07368430766148062,-0.7226634613103007,0.5753166467608959,0.001198331871735774,5,0.3623046875,256,-0.03382736625851374,-0.1753875968992248,258,-0.06059535343488277,-0.31719367588932806,253,0.052523512852144814,0.16375968992248063,258,0.046849841749565704,0.08042635658914729,258,-0.030548054397048104
ES,signed_path_eff_15,5,Q,1283,-0.01198729252840959,-0.06931908554266977,0.044161168092046246,-0.015160268788107091,-0.06908954894007674,0.039039191297372565,0.5982933396267094,6.944444444444444e-05,False,-0.3,0.0672626133284244,0.009774828136666495,1283,0.4925496688741722,642,0.4762658227848101,385,0.5013192612137203,192,0.5157894736842106,0.004776848837229771,0.01330984541437321,-0.008532996577143438,-0.07045650951823289,0.05425349307555413,-0.017132494592603534,5,0.02768397782202795,256,-0.0609683336134224,-0.0583752879559022,258,-0.029920888781594823,-0.021235583506551896,253,-0.00077331525183804,0.038388234081722865,258,0.02943311434228531,0.08351712384022406,258,-0.0149155772145559
ES,signed_path_eff_15,10,R,1283,0.0028973856103483757,-0.054676688185147156,0.06268639002737098,0.00899506114112786,-0.04144857305105302,0.06578444745725301,0.7545961115400832,6.944444444444444e-05,False,-0.39999999999999997,0.563953488372093,-0.005952380952380952,1283,0.5119933829611248,642,0.4984076433121019,385,0.5119363395225465,192,0.5132275132275133,0.10055643879173291,-0.019485903814262025,0.12004234260599494,-0.7295094974254324,1.0204641373155414,0.006973212542549588,5,0.646484375,256,0.010301137767123282,0.2005813953488372,258,-0.017967205141121885,-0.8221343873517787,253,0.005780207594341229,0.1560077519379845,258,0.057615630970479184,0.15406976744186046,258,-0.0005667344692799391
ES,signed_path_eff_15,10,Q,1283,0.009630509283244486,-0.04278805684937171,0.07045670428412039,0.006524832922449653,-0.045356576685249526,0.0642868854896282,0.8206261372959862,6.944444444444444e-05,False,-0.09999999999999999,0.039233119418327356,0.02097472413625099,1283,0.5069843878389483,642,0.5039370078740157,385,0.5104712041884817,192,0.5157894736842106,0.0034822641971098793,-0.007174886012553661,0.01065715020966354,-0.048615246334189906,0.0699688907446874,0.004413978702400801,5,0.03870282224019113,256,-0.009633531655693429,-0.024794924747799672,258,-0.030811454419446715,-0.05309316434383778,253,0.006599983817576598,0.026159738218424034,258,0.055581314283141996,0.029776830586751044,258,0.015326136345736017
ES,signed_path_eff_15,15,R,1283,-0.01903746168787077,-0.07166526660642586,0.03516950334318548,-0.002878591945938479,-0.0558343898805962,0.05512700034869156,0.9203199434990421,6.944444444444444e-05,False,-0.7,0.625,-0.35119047619047616,1283,0.5165016501650165,642,0.5007874015748032,385,0.49604221635883905,192,0.49473684210526314,-0.06955484896661367,0.013266998341625208,-0.08282184730823887,-1.0346732487535824,0.8720509963431385,-0.0045309446866125275,5,0.5556640625,256,-0.017037889131650625,0.11046511627906977,258,0.031106363348508165,-0.9110671936758893,253,-0.057611299902581965,0.3391472868217054,258,0.05432226427383424,-0.09108527131782945,258,-0.024398846991481538
ES,signed_path_eff_15,15,Q,1283,0.009630676169680503,-0.04230755564438875,0.06699962326078755,0.009536536802359543,-0.041887937258570214,0.06770654108392044,0.740340403434314,6.944444444444444e-05,False,-0.3,0.04146946228187609,0.012025896182923611,1283,0.5164744645799012,642,0.5110062893081762,385,0.5157068062827225,192,0.5078534031413613,0.00712961183967619,-0.01164566316255697,0.01877527500223316,-0.04307879156871181,0.07542204160203453,0.0074220037417268535,5,0.049213760967481146,256,0.009127804369500258,-0.017262493893884318,258,-0.00808005913787554,-0.05521499562605431,253,-0.013319611220324297,0.01866584848646706,258,0.07201037304735738,0.018529905598879067,258,-0.005072545418094172
ES,signed_path_eff_15,30,R,1283,0.008888045560993707,-0.04044687944245734,0.06465029588847361,0.009096932776272621,-0.03996606421874324,0.06204662062947526,0.7519075347664508,6.944444444444444e-05,False,0.49999999999999994,0.4166666666666667,0.5009920634920635,1283,0.5077932731747334,642,0.5086614173228347,385,0.5196850393700787,192,0.5026178010471204,0.4336248012718601,0.10199004975124377,0.33163475152061633,-0.9655273908676015,1.524476320042603,0.009847753907990133,5,0.32421875,256,-0.049327059075577176,0.26841085271317827,258,-0.00812901156011446,-0.30533596837944665,253,-0.0040587922722148855,0.9011627906976745,258,0.00454380673112988,0.48158914728682173,258,0.0430352104808012
ES,signed_path_eff_15,30,Q,1283,0.013771814656360765,-0.036094511984687376,0.0755185809059437,0.012619808180009497,-0.036444799004359,0.07362583100857287,0.6609812315526509,6.944444444444444e-05,False,-0.39999999999999997,0.02492636515358183,0.0006576784634640204,1283,0.5188524590163934,642,0.49447077409162715,385,0.49736842105263157,192,0.4787234042553192,0.0028986038151078866,-0.02197515882253558,0.024873762637643466,-0.04359567287759202,0.08298168773590904,0.011514389577066665,5,0.035423873360228855,256,-0.030783184025832515,-0.04168959591286041,258,-0.015502678803475138,-0.056416989077717215,253,-0.005891114983772498,0.03157426369579539,258,0.06638391041411171,0.011746164768588151,258,0.0267754744966487
ES,signed_path_eff_30,5,R,1283,-0.02683169473500806,-0.07713457681782111,0.02941160968490369,-0.010084586503821451,-0.06237408690421741,0.047060957160995315,0.7260017305599336,6.944444444444444e-05,False,-0.8999999999999998,0.3540856031128405,-0.3229571984435798,1283,0.5106907894736842,642,0.5095541401273885,385,0.49866666666666665,192,0.526595744680851,-0.10238095238095238,0.13505747126436782,-0.2374384236453202,-0.8923286124794745,0.42672550629447165,-0.011133482087613559,5,0.3623046875,256,-0.0573622338514677,-0.1753875968992248,258,-0.016196925957232045,-0.31719367588932806,253,0.011642252936073821,0.16375968992248063,258,0.033001185745959206,0.08042635658914729,258,-0.051274471813364926
ES,signed_path_eff_30,5,Q,1283,-0.0037108946146756283,-0.05436714654406176,0.04742046623207022,-0.014487096162314046,-0.06720360576510995,0.038727022283785814,0.6146418668958542,6.944444444444444e-05,False,-0.9999999999999999,0.03473761035871801,0.004699153754340029,1283,0.5045267489711934,642,0.508716323296355,385,0.4894179894179894,192,0.5425531914893617,0.006507973408748364,0.021143888527091353,-0.014635915118342988,-0.08014641767031958,0.05365070898066007,-0.01452101750524861,5,0.02768397782202795,256,-0.052924317344422704,-0.0583752879559022,258,0.009214040912610527,-0.021235583506551896,253,-0.03540006168978893,0.038388234081722865,258,0.01377490741692262,0.08351712384022406,258,-0.02672249203786229
ES,signed_path_eff_30,10,R,1283,-0.020603661439027747,-0.07603514072034807,0.04385841637052976,-0.025190566133059113,-0.07564627327234737,0.02716681047162743,0.3812737132555153,6.944444444444444e-05,False,-0.8999999999999998,0.617704280155642,-0.19552529182879377,1283,0.5069729286300246,642,0.48966613672496023,385,0.5092838196286472,192,0.5508021390374331,-0.14642857142857144,0.29064039408866993,-0.4370689655172414,-1.3123850574712643,0.4758781472359052,-0.026594586649349328,5,0.646484375,256,-0.01742032304528892,0.2005813953488372,258,0.008796815808609203,-0.8221343873517787,253,-0.08012685283297688,0.1560077519379845,258,0.04079197345528495,0.15406976744186046,258,-0.06312368805123869
ES,signed_path_eff_30,10,Q,1283,0.013986670319395506,-0.03443564933207239,0.0666494873002588,-0.0004943506018722089,-0.05132930035841691,0.05363193889164899,0.9862941537260934,6.944444444444444e-05,False,-0.3,0.020935721483204946,0.016700486292372137,1283,0.5146818923327896,642,0.5071315372424723,385,0.5118733509234829,192,0.5578947368421052,0.006561894403595349,-0.0007576052968720876,0.007319499700467437,-0.0541288907108412,0.07866692795310219,-0.0010445885761284936,5,0.03870282224019113,256,0.005087352527249694,-0.024794924747799672,258,0.021962152630369207,-0.05309316434383778,253,-0.03879955315336657,0.026159738218424034,258,0.021612484636109246,0.029776830586751044,258,-0.01931648293145018
ES,signed_path_eff_30,15,R,1283,-0.016518174174431206,-0.06784924616068105,0.042715430346161945,-0.00862780717263806,-0.05886988321502903,0.05126641282597622,0.76431305858698,6.944444444444444e-05,False,-0.8999999999999998,0.5447470817120622,-0.2830739299610895,1283,0.5118949958982772,642,0.5166402535657686,385,0.525065963060686,192,0.5340314136125655,-0.16984126984126985,0.22742200328407225,-0.3972632731253421,-1.4722807197591679,0.5915749863163648,-0.009437579818022755,5,0.5556640625,256,-0.0691810306399989,0.11046511627906977,258,0.07197983088063854,-0.9110671936758893,253,-0.08285040357608091,0.3391472868217054,258,0.036920912846379494,-0.09108527131782945,258,-0.01689833763305103
ES,signed_path_eff_30,15,Q,1283,0.015212016799541872,-0.032565667573260675,0.06719410644001353,0.0013556556166599463,-0.050275599182851724,0.056330230493941966,0.9624265436209063,6.944444444444444e-05,False,0.0,0.021686692236978253,0.01623098524986335,1283,0.5110565110565111,642,0.5079113924050633,385,0.5210526315789473,192,0.5684210526315789,0.006361552154103459,2.5840300617797596e-05,0.006335711853485661,-0.05438627612192141,0.07746497536878161,0.0008019634942000302,5,0.049213760967481146,256,0.0028223056219685806,-0.017262493893884318,258,0.03706276359038222,-0.05521499562605431,253,-0.05647933875222554,0.01866584848646706,258,0.03865599918389103,0.018529905598879067,258,-0.030754113139623174
ES,signed_path_eff_30,30,R,1283,-0.02657235908107939,-0.07718549731622283,0.030680223381768106,-0.03301700531166964,-0.08291875167800428,0.02158562756265755,0.25107143841627577,6.944444444444444e-05,False,-0.7,1.0826848249027237,-0.5894941634241245,1283,0.5004074979625102,642,0.48589341692789967,385,0.4738219895287958,192,0.5185185185185185,0.2511904761904762,0.5833333333333334,-0.3321428571428572,-1.6953981937602627,0.899509099616857,-0.03314232302094035,5,0.32421875,256,-0.010725486674565278,0.26841085271317827,258,0.024613589650516556,-0.30533596837944665,253,-0.13253160729754088,0.9011627906976745,258,-0.028083238224454223,0.48158914728682173,258,-0.03795134470919523
ES,signed_path_eff_30,30,Q,1283,0.011646108488821172,-0.03675208372188379,0.06380276053352774,-0.0006876334792986843,-0.04981727143933704,0.05350960972414005,0.9809362704427951,6.944444444444444e-05,False,-0.09999999999999999,0.022857635493834797,-0.008962905923773478,1283,0.5101874490627547,642,0.5102040816326531,385,0.5118110236220472,192,0.5445026178010471,0.0032298066403562207,-0.0032018232825467637,0.006431629922902984,-0.06603895273919538,0.07882240221563303,-0.0013367386184319082,5,0.035423873360228855,256,-0.02514580793642369,-0.04168959591286041,258,0.04649870007322955,-0.056416989077717215,253,-0.06700131044029625,0.03157426369579539,258,0.032969169589610325,0.011746164768588151,258,-0.02956935806527994
ES,signed_path_eff_60,5,R,1281,-0.04188754119291739,-0.10084681208272359,0.019656077998311115,-0.003475841958062266,-0.054690849825814875,0.05685516839351441,0.9039359245438463,6.944444444444444e-05,False,-0.7,0.3404669260700389,-0.3720703125,1281,0.5085158150851582,640,0.49201277955271566,384,0.48812664907651715,192,0.5026455026455027,0.02881619937694704,0.046191247974068074,-0.017375048597121034,-0.685694885184568,0.6224326677421144,-0.001180808250498419,5,0.3623046875,256,-0.1333596323784889,-0.1753875968992248,258,0.11780549499587538,-0.32341269841269843,252,0.04171939336564337,0.16536964980544747,257,-0.007277189140488808,0.08042635658914729,258,-0.03897061612190975
ES,signed_path_eff_60,5,Q,1281,0.024972580123356566,-0.02555286988943854,0.07980467747917847,0.02629646770794851,-0.024997786342776898,0.08107885725979057,0.36108855548637564,6.944444444444444e-05,False,0.49999999999999994,-0.026744655501612185,0.022762113925569396,1281,0.5162074554294975,640,0.5047619047619047,384,0.5264550264550265,192,0.5291005291005291,0.03438351146226895,0.0003007090517074505,0.0340828024105615,-0.036369215089648715,0.0958133913430867,0.027373431434555763,5,0.02768397782202795,256,-0.061239698046874444,-0.0583752879559022,258,0.15629454888149696,-0.024494454869673134,252,0.030654921650746986,0.039315814759083655,257,0.009367138857453354,0.08351712384022406,258,-0.0031600121937512553
ES,signed_path_eff_60,10,R,1281,-0.0404280885935836,-0.10343806215728289,0.029148647133584765,-0.02612006469177114,-0.07953458105549063,0.03263068616357893,0.36432037466379485,6.944444444444444e-05,False,-0.8999999999999998,0.42120622568093385,-0.3837890625,1281,0.486661277283751,640,0.5015974440894568,384,0.504,192,0.544973544973545,-0.22390965732087229,0.36547811993517015,-0.5893877772560424,-1.5210502532099344,0.33785311804177487,-0.024108113163252735,5,0.646484375,256,-0.1269525952125325,0.2005813953488372,258,0.045934268266075745,-0.8273809523809523,252,-0.054355967914234415,0.1517509727626459,257,0.01096396500053307,0.15406976744186046,258,-0.02936593156410788
ES,signed_path_eff_60,10,Q,1281,0.014752881606323962,-0.03805479623760324,0.0695903350700277,0.015397229057651732,-0.03399986747308292,0.07008360868899105,0.592875028564479,6.944444444444444e-05,False,0.3,-0.03735791269260429,-0.006726714616503352,1281,0.5120385232744783,640,0.5055292259083728,384,0.5158730158730159,192,0.5473684210526316,0.01104767482171077,-0.0027611114469188124,0.013808786268629582,-0.05189563287637539,0.07651591872955915,0.016642579892166453,5,0.03870282224019113,256,-0.07875623838139795,-0.024794924747799672,258,0.1293857983047838,-0.05647845467853555,252,-0.0009313542430821717,0.02496451022186796,257,0.015290714455449453,0.029776830586751044,258,-0.0002728670253657033
ES,signed_path_eff_60,15,R,1281,-0.017846955793522683,-0.0773872495223844,0.04347304646846334,-0.012148160266083398,-0.06351540347809602,0.04525574606529369,0.673144207711442,6.944444444444444e-05,False,-0.8999999999999998,0.1507782101167315,-0.22265625,1281,0.49556093623890235,640,0.505564387917329,384,0.5013262599469496,192,0.5212765957446809,-0.19976635514018692,0.23419773095623986,-0.4339640860964268,-1.4720462259602034,0.42843912989694855,-0.01019145155646146,5,0.5556640625,256,-0.11409908485725766,0.11046511627906977,258,0.13575960906402945,-0.9146825396825397,252,-0.036900207257013005,0.33073929961089493,257,-0.025780061313150766,-0.09108527131782945,258,-0.017557464916769367
ES,signed_path_eff_60,15,Q,1281,0.01159996083672179,-0.03935682997606602,0.06447094574326918,0.010513796635489727,-0.038733942657774655,0.06403523051836703,0.7150516722850515,6.944444444444444e-05,False,0.09999999999999999,-0.03421128402476223,-0.012473093709803925,1281,0.5024154589371981,640,0.49050632911392406,384,0.4947089947089947,192,0.5132275132275133,0.006822212859665488,0.0007243483978851457,0.006097864461780343,-0.06386466707400766,0.0634152299851992,0.01186659144815902,5,0.049213760967481146,256,-0.080724851992625,-0.017262493893884318,258,0.13833033060117977,-0.0574182297356815,252,-0.010923134808170537,0.016643297163606855,257,0.006745275832711633,0.018529905598879067,258,-0.025352848837081034
ES,signed_path_eff_60,30,R,1281,-0.0030244517933183538,-0.05789974855816792,0.055426751039226875,-0.0076148313556584895,-0.057416716224511284,0.045022544686677934,0.7914624577678635,6.944444444444444e-05,False,-0.39999999999999997,0.10797665369649806,-0.0322265625,1281,0.4887640449438202,640,0.5118110236220472,384,0.5209424083769634,192,0.5263157894736842,0.14057632398753894,0.5919773095623987,-0.45140098557485975,-1.6370225963990164,0.8781838687852487,-0.009698643998130358,5,0.32421875,256,-0.02753338499804159,0.26841085271317827,258,0.08092583472209769,-0.3115079365079365,252,-0.11784110659046826,0.8998054474708171,257,-0.04131019592689658,0.48158914728682173,258,0.03567286393284385
ES,signed_path_eff_60,30,Q,1281,0.008474750862423204,-0.039964160580147,0.059955392497306546,0.003752451905692015,-0.04257058158515626,0.0588577703791526,0.8963325807166598,6.944444444444444e-05,False,0.09999999999999999,-0.04628742178198267,-0.0332074650946882,1281,0.49238171611868486,640,0.5039370078740157,384,0.5104712041884817,192,0.5157894736842106,-0.009317366230247552,0.0054747645679939635,-0.014792130798241515,-0.0758912101582925,0.036112375852463525,0.0039021084846752666,5,0.035423873360228855,256,-0.09378140064180175,-0.04168959591286041,258,0.12527669491247564,-0.05687429272251674,252,-0.03318399504482435,0.029362490402782913,257,0.0006924621483187576,0.011746164768588151,258,-0.014128108358543346
ES,relative_volume_5,5,R,1263,0.027613906749591303,-0.018860925416840563,0.0752633559609318,0.0065119777908685655,-0.04931976633254255,0.061283524327697965,0.8223541720211309,6.944444444444444e-05,False,0.3,-0.0800395256916996,0.4990118577075099,1263,0.4826192400970089,632,0.4782608695652174,379,0.4786096256684492,189,0.4919786096256685,,,,,,0.005040148191812151,5,0.3739406779661017,236,0.06080794177524452,-0.1753875968992248,258,-0.0002824267100403803,-0.31719367588932806,253,0.026251306354249535,0.16375968992248063,258,0.05047160850483956,0.08042635658914729,258,-0.08927116728860973
ES,relative_volume_5,5,Q,1263,0.0017567083868023463,-0.051659983591243706,0.05290616548314226,0.0207973028344961,-0.034713581932693416,0.07636543451308522,0.47328971821021604,6.944444444444444e-05,False,0.7,-0.02830531191827893,0.03328547537725619,1263,0.5004035512510089,632,0.5095846645367412,379,0.496,189,0.48404255319148937,,,,,,0.01990163208520147,5,0.023244646876750832,236,0.06258298512211133,-0.0583752879559022,258,0.03597610961051273,-0.021235583506551896,253,-0.0060916304840935385,0.038388234081722865,258,0.0850284323312956,0.08351712384022406,258,-0.07506217302514212
ES,relative_volume_5,10,R,1263,0.01514982398578189,-0.03871024547315268,0.06801226657112207,-0.011533400250519724,-0.06447846673382848,0.044370373219362214,0.6908828154816438,6.944444444444444e-05,False,0.09999999999999999,0.07015810276679842,0.4733201581027668,1263,0.508460918614021,632,0.5,379,0.4796747967479675,189,0.4810810810810811,,,,,,-0.012460123319598596,5,0.6557203389830508,236,0.10292992266822684,0.2005813953488372,258,0.020694760622565173,-0.8221343873517787,253,-0.03948904274767698,0.1560077519379845,258,-0.01731609767607686,0.15406976744186046,258,-0.08391664358807241
ES,relative_volume_5,10,Q,1263,0.013152714462985398,-0.04075275850242538,0.06376956373036526,0.02338807660792654,-0.036749143270125545,0.08398214456760109,0.419952808416838,6.944444444444444e-05,False,0.7,-0.03560717512672282,0.035024530866331595,1263,0.4875900720576461,632,0.5015923566878981,379,0.5079787234042553,189,0.5240641711229946,,,,,,0.02229369048151028,5,0.035977938848349995,236,0.09686517099284694,-0.024794924747799672,258,0.027126250217406164,-0.05309316434383778,253,-0.038433500738937754,0.026159738218424034,258,0.06498050777662413,0.029776830586751044,258,-0.04774471678547759
ES,relative_volume_5,15,R,1263,-0.010582466905115662,-0.06430537540141316,0.037186096553873976,-0.011647848729698871,-0.06720918943640018,0.037571598204824946,0.6879757076588557,6.944444444444444e-05,False,0.19999999999999998,0.23122529644268774,0.41007905138339923,1263,0.5172968624296058,632,0.5096463022508039,379,0.5106382978723404,189,0.5187165775401069,,,,,,-0.011892714496176553,5,0.538135593220339,236,0.12606751267457855,0.11046511627906977,258,-0.03536694979444052,-0.9110671936758893,253,-0.08936452413803636,0.3391472868217054,258,0.042061247714192875,-0.09108527131782945,258,-0.06825779738786611
ES,relative_volume_5,15,Q,1263,0.008427961267411334,-0.044324425214258986,0.06065746979616528,0.011470626498702861,-0.04990998903046342,0.06861550843873017,0.6924792707286989,6.944444444444444e-05,False,0.6,-0.026653732122216122,0.02943673942491473,1263,0.478330658105939,632,0.4935897435897436,379,0.4946524064171123,189,0.5080213903743316,,,,,,0.010380099231857056,5,0.04394053682414408,236,0.09379536389402134,-0.017262493893884318,258,0.01514181961178934,-0.05521499562605431,253,-0.04916521287923277,0.01866584848646706,258,0.04926943798336878,0.018529905598879067,258,-0.059070901467805303
ES,relative_volume_5,30,R,1263,0.0057998857555313305,-0.048169401896438535,0.05295181747295356,-0.005431930370319251,-0.06392773412213988,0.0463003142342641,0.8514413044123137,6.944444444444444e-05,False,0.49999999999999994,0.22628458498023715,1.2144268774703557,1263,0.508,632,0.49044585987261147,379,0.4947089947089947,189,0.4946808510638298,,,,,,-0.005125772012897362,5,0.3008474576271186,236,0.0922677689812344,0.26841085271317827,258,-0.04661437637995443,-0.30533596837944665,253,-0.026106015261156433,0.9011627906976745,258,0.0330787199822755,0.48158914728682173,258,-0.04178914347924572
ES,relative_volume_5,30,Q,1263,-0.006799505730436717,-0.058360163432701624,0.046414118314079364,-0.003562088252357721,-0.0598292301717614,0.051172009394983904,0.9022564087034948,6.944444444444444e-05,False,0.19999999999999998,-0.02159197844720112,0.014078172584119057,1263,0.48521183053557154,632,0.4864433811802233,379,0.48677248677248675,189,0.4787234042553192,,,,,,-0.004223018758366177,5,0.029078852086966474,236,0.10967078998247655,-0.04168959591286041,258,-0.02323065412418536,-0.056416989077717215,253,-0.04813839552588266,0.03157426369579539,258,0.020770051547949874,0.011746164768588151,258,-0.07070426683510575
ES,relative_volume_10,5,R,1263,0.02865738953956371,-0.025043630203613672,0.08822627393095941,-0.004070466413390301,-0.057958071747210724,0.04709100890584485,0.8883920146939364,6.944444444444444e-05,False,0.09999999999999999,0.17094861660079053,0.2658102766798419,1263,0.4826192400970089,632,0.4806451612903226,379,0.4693333333333333,189,0.48663101604278075,,,,,,-0.005571334850862787,5,0.3739406779661017,236,0.056178217666368165,-0.1753875968992248,258,0.006440237787740109,-0.31719367588932806,253,0.02480869069894973,0.16375968992248063,258,0.034649609098381016,0.08042635658914729,258,-0.13568158016072493
ES,relative_volume_10,5,Q,1263,0.0008707868989219643,-0.0569737038242055,0.051288265133553175,0.012097891628544457,-0.043995028193433726,0.06879249886007602,0.6765890878256418,6.944444444444444e-05,False,0.09999999999999999,-0.001109822757699834,-0.009820082049745642,1263,0.5004035512510089,632,0.5032051282051282,379,0.4826666666666667,189,0.4787234042553192,,,,,,0.011173688131027166,5,0.023244646876750832,236,0.07327764988581185,-0.0583752879559022,258,0.03276654001586819,-0.021235583506551896,253,-0.01785361635585008,0.038388234081722865,258,0.06977730192707235,0.08351712384022406,258,-0.1041809477768628
ES,relative_volume_10,10,R,1263,0.010689149859299028,-0.05282731358002339,0.0817001603883065,-0.015623067836244441,-0.06984368193565155,0.03946378744376814,0.5901049841101591,6.944444444444444e-05,False,-0.3,0.2845849802371542,0.23023715415019763,1263,0.508460918614021,632,0.5,379,0.4743935309973046,189,0.4891304347826087,,,,,,-0.016561403229374435,5,0.6557203389830508,236,0.10796482630602931,0.2005813953488372,258,0.033601508673168495,-0.8221343873517787,253,-0.04374183430633933,0.1560077519379845,258,-0.015450480775813026,0.15406976744186046,258,-0.11455699926007727
ES,relative_volume_10,10,Q,1263,0.01191094724657739,-0.045890476834463345,0.05884709075866412,0.019868571417756224,-0.04317190975440335,0.074327278153707,0.493278658959035,6.944444444444444e-05,False,0.09999999999999999,-0.011447626745759708,-0.014257541066777376,1263,0.4875900720576461,632,0.5079617834394905,379,0.48936170212765956,189,0.5106382978723404,,,,,,0.018762232889834404,5,0.035977938848349995,236,0.10268106198785548,-0.024794924747799672,258,0.03703925636347184,-0.05309316434383778,253,-0.04332758361927852,0.026159738218424034,258,0.06154534713216481,0.029776830586751044,258,-0.08141600093522415
ES,relative_volume_10,15,R,1263,-0.012714137620029398,-0.07176572085477538,0.04281733383248883,-0.017442650762423153,-0.0719007570686454,0.030948643924321957,0.5475501292428264,6.944444444444444e-05,False,-0.8999999999999998,0.32806324110671936,-0.07015810276679842,1263,0.5172968624296058,632,0.5144230769230769,379,0.49866666666666665,189,0.5401069518716578,,,,,,-0.017699666771597317,5,0.538135593220339,236,0.1327882458864233,0.11046511627906977,258,-0.02823659809634493,-0.9110671936758893,253,-0.09352199599777508,0.3391472868217054,258,0.04823512257078331,-0.09108527131782945,258,-0.10783911591143149
ES,relative_volume_10,15,Q,1263,0.006048527472294185,-0.04927900990979457,0.05729264175817296,0.007787904197779569,-0.05351285841647255,0.05928640438825404,0.7883061807566893,6.944444444444444e-05,False,0.09999999999999999,0.0006273441679597922,-0.019318148678872587,1263,0.478330658105939,632,0.5016025641025641,379,0.4786096256684492,189,0.4972972972972973,,,,,,0.006683633164727508,5,0.04394053682414408,236,0.10423030925467464,-0.017262493893884318,258,0.022104792592622553,-0.05521499562605431,253,-0.05628567665442641,0.01866584848646706,258,0.04773319637724139,0.018529905598879067,258,-0.09595261275018589
ES,relative_volume_10,30,R,1263,0.007012706343680979,-0.04992072495447551,0.06291281230960301,-0.013550448524353487,-0.06999775375010722,0.04074507072169545,0.6403492826581907,6.944444444444444e-05,False,-0.3,0.8132411067193676,0.7608695652173914,1263,0.508,632,0.4936507936507937,379,0.4973544973544973,189,0.5106382978723404,,,,,,-0.013252495796449281,5,0.3008474576271186,236,0.09196050043130209,0.26841085271317827,258,-0.02713761647348916,-0.30533596837944665,253,-0.05037378227933735,0.9011627906976745,258,0.03579006183330438,0.48158914728682173,258,-0.07021365732574508
ES,relative_volume_10,30,Q,1263,-0.006399244293672537,-0.05927250899084208,0.04338805895234876,-0.009073661778897351,-0.06640323169376124,0.04449300271987805,0.7543997235090862,6.944444444444444e-05,False,-0.19999999999999998,0.010331900204959105,-0.02066774340652481,1263,0.48521183053557154,632,0.482484076433121,379,0.47480106100795755,189,0.4919786096256685,,,,,,-0.009755836406263192,5,0.029078852086966474,236,0.1238967825943663,-0.04168959591286041,258,-0.009682874844302497,-0.056416989077717215,253,-0.06685762706064634,0.03157426369579539,258,0.018553573163139717,0.011746164768588151,258,-0.11047642140070886
ES,relative_volume_15,5,R,1263,0.02882254876703784,-0.0311913845918528,0.10374149740353034,-0.008050881779040411,-0.06658410949098167,0.04162165695882977,0.7813362581263397,6.944444444444444e-05,False,0.3,0.1551383399209486,0.2015810276679842,1263,0.4826192400970089,632,0.482258064516129,379,0.46236559139784944,189,0.47593582887700536,,,,,,-0.00956605928229812,5,0.3739406779661017,236,0.060082292573330476,-0.1753875968992248,258,0.01447786426964425,-0.31719367588932806,253,0.018333410462446062,0.16375968992248063,258,0.026604595728778595,0.08042635658914729,258,-0.1419363725629364
ES,relative_volume_15,5,Q,1263,-0.007742803078209653,-0.06337255341453621,0.0445461714404363,0.006325655416119835,-0.0494386036979629,0.061953591746364084,0.8273558936167063,6.944444444444444e-05,False,0.09999999999999999,-0.010967978968101292,-0.011169535932824102,1263,0.5004035512510089,632,0.496,379,0.47733333333333333,189,0.4521276595744681,,,,,,0.005392546518777744,5,0.023244646876750832,236,0.054189588342950644,-0.0583752879559022,258,0.03909693212513989,-0.021235583506551896,253,-0.02147650808223331,0.038388234081722865,258,0.07793376201473567,0.08351712384022406,258,-0.12296247538630205
ES,relative_volume_15,10,R,1263,0.01743886732920479,-0.052448836851707335,0.09984020281927461,-0.017658117621355728,-0.0726290048163072,0.035457962094500584,0.5426131067013282,6.944444444444444e-05,False,-0.39999999999999997,0.3577075098814229,0.2924901185770751,1263,0.508460918614021,632,0.4927302100161551,379,0.47282608695652173,189,0.5027027027027027,,,,,,-0.01859675307943364,5,0.6557203389830508,236,0.09736901839645788,0.2005813953488372,258,0.056068098945266834,-0.8221343873517787,253,-0.055407459805146365,0.1560077519379845,258,-0.01463176184018497,0.15406976744186046,258,-0.11608283264913064
ES,relative_volume_15,10,Q,1263,0.007195528280842642,-0.04844694312362348,0.056105081818734893,0.01591161631400762,-0.04461919206479534,0.06698584012207644,0.5832561493083497,6.944444444444444e-05,False,0.49999999999999994,-0.021397799470149578,-0.0041487730048393,1263,0.4875900720576461,632,0.5,379,0.4920212765957447,189,0.5,,,,,,0.014799338749429122,5,0.035977938848349995,236,0.08802264284737481,-0.024794924747799672,258,0.05138432521089249,-0.05309316434383778,253,-0.05581974036040725,0.026159738218424034,258,0.06716102421092748,0.029776830586751044,258,-0.1011200643983289
ES,relative_volume_15,15,R,1263,-0.004836099405883916,-0.06866514431122445,0.05998100530802691,-0.014531885877760177,-0.06960210164567515,0.033312997027215886,0.6163328282413341,6.944444444444444e-05,False,-0.6,0.38438735177865613,0.13932806324110672,1263,0.5172968624296058,632,0.5096153846153846,379,0.49865951742627346,189,0.5401069518716578,,,,,,-0.014790678024784664,5,0.538135593220339,236,0.12033532402443255,0.11046511627906977,258,-0.011431487196045042,-0.9110671936758893,253,-0.10115143856390882,0.3391472868217054,258,0.06321119797705792,-0.09108527131782945,258,-0.1052902275642884
ES,relative_volume_15,15,Q,1263,0.004865036528295894,-0.05141774798011344,0.05447147347921466,0.00790276172196886,-0.05096416066078689,0.05532727056110118,0.7852598947614666,6.944444444444444e-05,False,0.49999999999999994,-0.011834051909339807,-0.010270631736785626,1263,0.478330658105939,632,0.4928,379,0.47989276139410186,189,0.4918918918918919,,,,,,0.006799340089101863,5,0.04394053682414408,236,0.09322794462444296,-0.017262493893884318,258,0.04210766108204411,-0.05521499562605431,253,-0.06864737679989216,0.01866584848646706,258,0.05432188052742341,0.018529905598879067,258,-0.10487266021710571
ES,relative_volume_15,30,R,1263,0.01111753649446491,-0.05097468930273755,0.07069271999826954,-0.00949855315628526,-0.06817436775896757,0.0441795962951353,0.7432945590085414,6.944444444444444e-05,False,0.09999999999999999,0.7786561264822134,0.8774703557312253,1263,0.508,632,0.5,379,0.4947089947089947,189,0.5053191489361702,,,,,,-0.009193426808553519,5,0.3008474576271186,236,0.07753348867898247,0.26841085271317827,258,-0.0035183891978363226,-0.30533596837944665,253,-0.07093392746336931,0.9011627906976745,258,0.06121028928559248,0.48158914728682173,258,-0.06695521869786626
ES,relative_volume_15,30,Q,1263,-0.0025513371084494346,-0.05730892417554645,0.048632667230260426,-0.0060811693321436945,-0.06138303529894498,0.04603241543484908,0.8339295769864921,6.944444444444444e-05,False,-0.7,0.0015558543495905503,-0.009871769311199215,1263,0.48521183053557154,632,0.47929936305732485,379,0.47480106100795755,189,0.48663101604278075,,,,,,-0.006762135325334417,5,0.029078852086966474,236,0.10995518201806913,-0.04168959591286041,258,0.0164924018240043,-0.056416989077717215,253,-0.08503072817397339,0.03157426369579539,258,0.033240886899055425,0.011746164768588151,258,-0.11189386079661744
ES,relative_volume_30,5,R,1263,0.019052913293986475,-0.04627490593569696,0.09529712111414579,-0.001609570515067489,-0.058800594748493334,0.04990102999904317,0.9557452465362419,6.944444444444444e-05,False,0.19999999999999998,0.2015810276679842,-0.1551383399209486,1263,0.4826192400970089,632,0.4830917874396135,379,0.4666666666666667,189,0.44919786096256686,,,,,,9.966115933864718e-06,5,0.3739406779661017,236,0.07591779397394163,-0.1753875968992248,258,0.0029462558650128288,-0.31719367588932806,253,0.046358989551752224,0.16375968992248063,258,0.04188320204212048,0.08042635658914729,258,-0.14193742079360544
ES,relative_volume_30,5,Q,1263,-0.02154238453367495,-0.07572594892465875,0.02547392397903555,0.0035082285260625815,-0.05540589486553114,0.053175882634451964,0.90372708159721,6.944444444444444e-05,False,-0.09999999999999999,0.002866984193046194,-0.054126238961314806,1263,0.5004035512510089,632,0.5016025641025641,379,0.4734042553191489,189,0.44148936170212766,,,,,,0.0045232109613018556,5,0.023244646876750832,236,0.04949894590273113,-0.0583752879559022,258,0.014437822206608077,-0.021235583506551896,253,0.012014676826695526,0.038388234081722865,258,0.07286658957304018,0.08351712384022406,258,-0.13093508641613677
ES,relative_volume_30,10,R,1263,0.023963542955857432,-0.04267112718022554,0.10507387350124227,-0.01548322949593376,-0.07026591777768407,0.03918804380335458,0.5934373632160284,6.944444444444444e-05,False,-0.49999999999999994,0.48221343873517786,0.058300395256917,1263,0.508460918614021,632,0.4975767366720517,379,0.48525469168900803,189,0.478494623655914,,,,,,-0.016512611971074145,5,0.6557203389830508,236,0.09788862666160879,0.2005813953488372,258,0.051396689295304346,-0.8221343873517787,253,-0.030708141678963734,0.1560077519379845,258,-0.0210420899981434,0.15406976744186046,258,-0.10372173037344258
ES,relative_volume_30,10,Q,1263,-0.0058491942147540785,-0.061587064178286716,0.03895675439402419,0.011486560289372064,-0.0478690951563858,0.06264610355851549,0.6920739147825425,6.944444444444444e-05,False,-0.09999999999999999,-0.00749389083247157,-0.04264841574762626,1263,0.4875900720576461,632,0.4968152866242038,379,0.47480106100795755,189,0.4603174603174603,,,,,,0.0120247370911307,5,0.035977938848349995,236,0.08698180835219273,-0.024794924747799672,258,0.04106567264809263,-0.05309316434383778,253,-0.031823950848529764,0.026159738218424034,258,0.06840309053426485,0.029776830586751044,258,-0.11525673506953739
ES,relative_volume_30,15,R,1263,0.005067271608320245,-0.05975453000638146,0.06487218108029066,-0.012213011991825297,-0.06867532221863445,0.03232203667834814,0.6736880963973435,6.944444444444444e-05,False,-0.6,0.5741106719367589,-0.05731225296442688,1263,0.5172968624296058,632,0.5048076923076923,379,0.5093333333333333,189,0.5240641711229946,,,,,,-0.012863098982697118,5,0.538135593220339,236,0.11800573771783347,0.11046511627906977,258,-0.01324168234386582,-0.9110671936758893,253,-0.07445691202921208,0.3391472868217054,258,0.06070377107282491,-0.09108527131782945,258,-0.09284627163783181
ES,relative_volume_30,15,Q,1263,-0.0053144313572167515,-0.05856363839335832,0.041391872454428484,0.0011749823170344982,-0.060228843791754125,0.051399160928641996,0.9676864137260215,6.944444444444444e-05,False,-0.09999999999999999,0.004328298625988241,-0.04121864634947997,1263,0.478330658105939,632,0.4951923076923077,379,0.48,189,0.46774193548387094,,,,,,0.001570727433644055,5,0.04394053682414408,236,0.08278615188724607,-0.017262493893884318,258,0.03465030269462357,-0.05521499562605431,253,-0.05143199388540587,0.01866584848646706,258,0.04647401631163231,0.018529905598879067,258,-0.10727814871382511
ES,relative_volume_30,30,R,1263,0.016351967466844836,-0.051564936749672524,0.08283636002746779,-0.008527868893730198,-0.0685087197603772,0.044652764647435936,0.7687392529502404,6.944444444444444e-05,False,-0.3,0.7658102766798419,0.6195652173913043,1263,0.508,632,0.4888888888888889,379,0.5119363395225465,189,0.4946808510638298,,,,,,-0.009498855873910172,5,0.3008474576271186,236,0.06951300336447888,0.26841085271317827,258,-0.009780136583398633,-0.30533596837944665,253,-0.05057053894473142,0.9011627906976745,258,0.05302595017238363,0.48158914728682173,258,-0.06227090745146145
ES,relative_volume_30,30,Q,1263,-0.007750714768233163,-0.06269938719136457,0.04331472686866035,-0.009690708018312403,-0.06920209074088428,0.040843481293423134,0.738289605989797,6.944444444444444e-05,False,-0.3,0.010421560307803009,-0.03426768635211994,1263,0.48521183053557154,632,0.47527910685805425,379,0.4734042553191489,189,0.5026737967914439,,,,,,-0.009975843277609966,5,0.029078852086966474,236,0.08714173680013171,-0.04168959591286041,258,0.005978338437643792,-0.056416989077717215,253,-0.06180054828032867,0.03157426369579539,258,0.035702980716482466,0.011746164768588151,258,-0.11270896706002755
ES,relative_volume_60,5,R,1261,0.009549856580938041,-0.06073971614143965,0.07811976398887095,0.006952387499067665,-0.05204552799464334,0.06204404385724457,0.8107081315699001,6.944444444444444e-05,False,0.3,0.016798418972332016,0.5069444444444444,1261,0.4825910931174089,630,0.482258064516129,378,0.4625668449197861,189,0.46524064171123,,,,,,0.0045857511165376345,5,0.3739406779661017,236,0.034901032256941626,-0.1753875968992248,258,0.0014666614793681133,-0.32341269841269843,252,0.08271766964483707,0.16536964980544747,257,0.05338366008578698,0.08042635658914729,258,-0.12254864751844131
ES,relative_volume_60,5,Q,1261,-0.007639877357103233,-0.06523903604222145,0.042405905560127924,0.010418792094243306,-0.047219784818001105,0.06246809421692234,0.7196408306407172,6.944444444444444e-05,False,0.49999999999999994,-0.04613663605674298,0.01571785058989662,1261,0.5004042037186742,630,0.5024154589371981,378,0.4679144385026738,189,0.45454545454545453,,,,,,0.009103492448634296,5,0.023244646876750832,236,0.023862701862302167,-0.0583752879559022,258,0.0017924114979889511,-0.024494454869673134,252,0.05991740380164696,0.039315814759083655,257,0.07823695727003199,0.08351712384022406,258,-0.10781419998332457
ES,relative_volume_60,10,R,1261,0.01665961194225431,-0.055214436848574446,0.0954775801191358,0.002577123484040634,-0.055287574299636155,0.057683823072291175,0.9292553818486953,6.944444444444444e-05,False,0.3,0.06719367588932806,0.7053571428571429,1261,0.5076674737691687,630,0.4991922455573506,378,0.4838709677419355,189,0.5081081081081081,,,,,,0.00020173362735245563,5,0.6557203389830508,236,0.09288568486788414,0.2005813953488372,258,0.07309548671927164,-0.8273809523809523,252,-0.004790330723465588,0.1517509727626459,257,0.016621768944955647,0.15406976744186046,258,-0.09853312816885307
ES,relative_volume_60,10,Q,1261,0.013225254673738675,-0.04485214824484956,0.060744165201546574,0.028486043975658775,-0.029742090620470008,0.08219976351317188,0.32629417375830805,6.944444444444444e-05,False,0.49999999999999994,-0.06020496933411597,0.031008940822723534,1261,0.4867682437850842,630,0.4968051118210863,378,0.46153846153846156,189,0.48148148148148145,,,,,,0.026975287568734435,5,0.035977938848349995,236,0.07614023886707047,-0.024794924747799672,258,0.05361241065405692,-0.05647845467853555,252,0.023507215339817616,0.02496451022186796,257,0.0807546232175837,0.029776830586751044,258,-0.09040278960125214
ES,relative_volume_60,15,R,1261,0.015274038056507238,-0.055406685858047165,0.08562197929017525,0.007578906460661616,-0.05132909950555065,0.06202365357121803,0.79401753423553,6.944444444444444e-05,False,0.09999999999999999,0.13142292490118576,0.6795634920634921,1261,0.5169082125603864,630,0.5192926045016077,378,0.5,189,0.5376344086021505,,,,,,0.005297207790953813,5,0.538135593220339,236,0.12508033792058654,0.11046511627906977,258,0.012849939339868312,-0.9146825396825397,252,-0.04870296983698076,0.33073929961089493,257,0.08763917215058646,-0.09108527131782945,258,-0.08458815291477127
ES,relative_volume_60,15,Q,1261,0.01574978355599502,-0.04398491699801492,0.06421431114324011,0.01878525518695487,-0.041064368436772296,0.07230288639128216,0.5174860479396499,6.944444444444444e-05,False,0.49999999999999994,-0.047614154915437766,0.03671967459659407,1261,0.477491961414791,630,0.4943820224719101,378,0.4732620320855615,189,0.5080213903743316,,,,,,0.017272000050188547,5,0.04394053682414408,236,0.070313427267222,-0.017262493893884318,258,0.054953645706776647,-0.0574182297356815,252,-0.003965350426174439,0.016643297163606855,257,0.06181524602246216,0.018529905598879067,258,-0.0837938029935654
ES,relative_volume_60,30,R,1261,0.03297939068360005,-0.03314266611928808,0.10461350494780296,0.0036033290144419122,-0.04923020122135813,0.05965108396708329,0.9012086268894706,6.944444444444444e-05,False,0.3,0.4426877470355731,1.2053571428571428,1261,0.5072115384615384,630,0.4992,378,0.4946524064171123,189,0.5319148936170213,,,,,,0.005577436713320553,5,0.3008474576271186,236,0.08304514682873411,0.26841085271317827,258,0.005900788398436984,-0.3115079365079365,252,-0.031332036316328464,0.8998054474708171,257,0.0313397434107965,0.48158914728682173,258,-0.03909252871085962
ES,relative_volume_60,30,Q,1261,0.018967595523212297,-0.04145358374790351,0.06724176127779485,0.00545615853307268,-0.05455225067381829,0.05414533627455106,0.850903514960206,6.944444444444444e-05,False,0.19999999999999998,-0.03699693488757276,0.03983571777611367,1261,0.4843875100080064,630,0.48314606741573035,378,0.47043010752688175,189,0.510752688172043,,,,,,0.0046685296315571185,5,0.029078852086966474,236,0.07503750049873047,-0.04168959591286041,258,0.023523089941630732,-0.05687429272251674,252,-0.012722755071137517,0.029362490402782913,257,0.03142367275486106,0.011746164768588151,258,-0.08267476439059517
ES,return_acceleration_5,5,R,1283,-0.00809830701074876,-0.09857630091235338,0.09219164687933822,-0.01627236561655543,-0.07613894125348755,0.03990838917095925,0.5717262218921253,6.944444444444444e-05,False,-0.8999999999999998,0.21839080459770116,-0.37857142857142856,1283,0.4954204829308909,642,0.4936708860759494,385,0.4921052631578947,192,0.4708994708994709,-0.10051993067590988,0.15571870170015456,-0.2562386323760644,-0.9198290369630263,0.399971873920159,-0.01864337205123968,5,0.3623046875,256,-0.07376906768236197,-0.1753875968992248,258,-0.05397991571894555,-0.31719367588932806,253,0.010079575176864542,0.16375968992248063,258,0.037741909216343676,0.08042635658914729,258,-0.02045023703479347
ES,return_acceleration_5,5,Q,1283,-0.02292237343834948,-0.07350608227776764,0.02921876196664354,-0.03190478847071808,-0.08741064380325295,0.024067195161898272,0.2674039652457716,6.944444444444444e-05,False,-0.7,0.055973796838492525,-0.002924774737686386,1283,0.488759367194005,642,0.4818897637795276,385,0.4712041884816754,192,0.45789473684210524,-0.00033812499261703824,0.030540265034491754,-0.030878390027108793,-0.1009528699186434,0.03360429390340343,-0.03237976550718956,5,0.02768397782202795,256,-0.12367904486231081,-0.0583752879559022,258,0.02536346759515728,-0.021235583506551896,253,-0.027227757573967195,0.038388234081722865,258,0.023583719726726047,0.08351712384022406,258,-0.023914852780986786
ES,return_acceleration_5,10,R,1283,0.05837428657094098,-0.038855753218181736,0.17895276632196927,0.01076190817419625,-0.052585115267237824,0.06639122979717368,0.7084129658676801,6.944444444444444e-05,False,0.09999999999999999,-0.6513409961685823,-0.17653061224489797,1283,0.49168053244592347,642,0.5103011093502378,385,0.5209424083769634,192,0.49473684210526314,0.10701906412478336,0.09698608964451313,0.010032974480270226,-0.8513496332894924,0.8423244597783665,0.00844346187637719,5,0.646484375,256,0.01833101514047132,0.2005813953488372,258,-0.09250264097237434,-0.8221343873517787,253,-0.01747360226103119,0.1560077519379845,258,0.07233476825432408,0.15406976744186046,258,0.0643517470369866
ES,return_acceleration_5,10,Q,1283,-0.005437108338674578,-0.05608334440724323,0.04497551834655415,-0.01780053131761918,-0.07823617651646413,0.03569025599387523,0.5361602117323545,6.944444444444444e-05,False,-0.7999999999999999,0.019018591743739172,-0.011904648142385779,1283,0.4838709677419355,642,0.5039123630672926,385,0.5039164490861618,192,0.4816753926701571,-0.00891438367505559,0.021694681196409993,-0.030609064871465582,-0.10173889023752054,0.030751747295863573,-0.01891782985786131,5,0.03870282224019113,256,-0.08546445810139135,-0.024794924747799672,258,-0.03490995994780404,-0.05309316434383778,253,-0.019065912475915835,0.026159738218424034,258,0.04777624671388216,0.029776830586751044,258,0.020907560274200005
ES,return_acceleration_5,15,R,1283,0.0070075521021230385,-0.09039935664759625,0.12811436465539816,-0.01676889345335818,-0.07152628773402733,0.04034522877004744,0.5600481585961774,6.944444444444444e-05,False,-0.39999999999999997,-0.24329501915708812,-0.789795918367347,1283,0.4975124378109453,642,0.5165876777251185,385,0.49868073878627966,192,0.5,-0.2136048526863085,0.20401854714064915,-0.4176233998269576,-1.375315062319357,0.6429433172434292,-0.019151919415364878,5,0.5556640625,256,-0.02663861657018439,0.11046511627906977,258,-0.002122812611171283,-0.9110671936758893,253,-0.08629696921265866,0.3391472868217054,258,0.07737148485309508,-0.09108527131782945,258,-0.011226216974727041
ES,return_acceleration_5,15,Q,1283,-0.010419898998574805,-0.058413318040313314,0.04131573216747201,-0.02260505136508618,-0.07787243278843428,0.02990342285402461,0.43206999241469246,6.944444444444444e-05,False,-0.8999999999999998,0.020722819124698436,-0.017428995720780077,1283,0.4817880794701987,642,0.5015723270440252,385,0.5,192,0.48677248677248675,-0.01280444501069379,0.02497084412634752,-0.03777528913704131,-0.10856638242040498,0.025737031829303095,-0.02389337331323997,5,0.049213760967481146,256,-0.08916010336229682,-0.017262493893884318,258,-0.02768678884763167,-0.05521499562605431,253,-0.05688112291445098,0.01866584848646706,258,0.06724005561878892,0.018529905598879067,258,0.010424939149186211
ES,return_acceleration_5,30,R,1283,0.052109395156932165,-0.050333144932973424,0.16868422319993695,0.0010196246456357701,-0.06469365385610017,0.0570570742135808,0.9717354726990934,6.944444444444444e-05,False,-0.3,-0.23850574712643677,-0.4091836734693878,1283,0.5020644095788604,642,0.5117370892018779,385,0.5208333333333334,192,0.5416666666666666,0.1503466204506066,0.48183925811437406,-0.33149263766376746,-1.5317444330451973,0.9921535268764776,-0.0013216218720039313,5,0.32421875,256,-0.035429742910794426,0.26841085271317827,258,-0.03153418851302655,-0.30533596837944665,253,-0.08484205120603405,0.9011627906976745,258,0.11512053822876088,0.48158914728682173,258,0.02578226439814173
ES,return_acceleration_5,30,Q,1283,0.0014570969857271012,-0.052276636421951156,0.056859807601496136,-0.01607077927970995,-0.07509093261996773,0.0350579355029581,0.5765001919347295,6.944444444444444e-05,False,-0.6,0.0028087368553005097,-0.021141825203585343,1283,0.49093904448105435,642,0.5156739811912225,385,0.5065274151436031,192,0.5235602094240838,-0.01695866064319788,0.01368077275865739,-0.030639433401855272,-0.094600829825803,0.03222388074397091,-0.017610896845913677,5,0.035423873360228855,256,-0.10135429299030393,-0.04168959591286041,258,-0.024576202874047628,-0.056416989077717215,253,-0.07245235004497544,0.03157426369579539,258,0.12303192659307309,0.011746164768588151,258,0.016872912485651013
ES,return_acceleration_10,5,R,1283,0.051619300739555674,-0.04855249079767997,0.14457996708355197,0.00897480250737692,-0.06526201148007174,0.069740515547705,0.7551311287877782,6.944444444444444e-05,False,0.09999999999999999,-0.2299618320610687,-0.09782608695652174,1283,0.49710982658959535,642,0.49763779527559054,385,0.5170603674540682,192,0.5526315789473685,-0.05601317957166392,0.07579365079365079,-0.1318068303653147,-0.8273859699014148,0.6045513650270644,0.006652732883150938,5,0.3623046875,256,-0.03551625810003781,-0.1753875968992248,258,-0.06475330842879315,-0.31719367588932806,253,0.21021914610481776,0.16375968992248063,258,-0.026212124643405693,0.08042635658914729,258,-0.044244811092617374
ES,return_acceleration_10,5,Q,1283,0.0012248200379152926,-0.05092554216415929,0.04865556072913043,-0.020995630153316465,-0.08037200137150623,0.031981338274436895,0.4655731222095043,6.944444444444444e-05,False,-0.6,0.024705562833208676,0.020357262549974466,1283,0.48557295960428687,642,0.46825396825396826,385,0.48148148148148145,192,0.5343915343915344,0.0031198295566872043,0.023479194026099003,-0.0203593644694118,-0.083265508006171,0.040698478104057904,-0.02232465407884675,5,0.02768397782202795,256,-0.06470597913613461,-0.0583752879559022,258,-0.09317769394595514,-0.021235583506551896,253,0.19498992354804504,0.038388234081722865,258,-0.013402366039746809,0.08351712384022406,258,-0.09572987160552529
ES,return_acceleration_10,10,R,1283,0.04535486054853516,-0.06448100617427335,0.1448685572524547,0.029515988224056926,-0.03713240954309941,0.0905792915926632,0.30490474018710545,6.944444444444444e-05,False,0.09999999999999999,-0.9513358778625954,0.09387351778656126,1283,0.500823723228995,642,0.5213946117274167,385,0.5328083989501312,192,0.5421052631578948,-0.03212520593080725,0.10158730158730159,-0.13371250751810884,-1.0456245260322692,0.807266905938652,0.02725332372542346,5,0.646484375,256,-0.004126915392843202,0.2005813953488372,258,-0.021192184257254387,-0.8221343873517787,253,0.08631427740363434,0.1560077519379845,258,0.024923158337436538,0.15406976744186046,258,0.04260523335598462
ES,return_acceleration_10,10,Q,1283,0.02972494460831745,-0.026113538154028077,0.07887760916009537,0.011471180376767148,-0.04637889679393704,0.06703958385021566,0.6901596085187798,6.944444444444444e-05,False,0.3,-0.03413252787325185,0.02408907785657023,1283,0.5118560915780866,642,0.5226917057902973,385,0.5366492146596858,192,0.578125,0.0001650332549000162,-0.0005679513298467526,0.0007329845847467688,-0.061793571197719714,0.05923252253028807,0.009976472246288979,5,0.03870282224019113,256,-0.031596028804087656,-0.024794924747799672,258,-0.08101203030937469,-0.05309316434383778,253,0.19157438697630605,0.026159738218424034,258,0.03911594836767328,0.029776830586751044,258,-0.056601153367634736
ES,return_acceleration_10,15,R,1283,-0.030702222360798104,-0.1411249517287594,0.06796349377602942,-0.00251293923359275,-0.062297989514369864,0.059798458929737806,0.9304137647208814,6.944444444444444e-05,False,-0.39999999999999997,-0.36259541984732824,-0.5553359683794467,1283,0.5024630541871922,642,0.5157728706624606,385,0.5118733509234829,192,0.49206349206349204,-0.2940691927512356,0.1984126984126984,-0.49248189116393404,-1.4802307895975522,0.7001520619230651,-0.004715997413339655,5,0.5556640625,256,-0.0007814097566621609,0.11046511627906977,258,0.0010594244695961007,-0.9110671936758893,253,0.048528516749517185,0.3391472868217054,258,0.06831320024826693,-0.09108527131782945,258,-0.09183896000644808
ES,return_acceleration_10,15,Q,1283,0.02855785942930322,-0.026753042875961107,0.0818854601578364,0.01604812063674422,-0.04246754790379321,0.07309377821604408,0.5770379655013387,6.944444444444444e-05,False,0.3,-0.04362159783521573,0.01721878424954964,1283,0.5131147540983606,642,0.5267295597484277,385,0.5263157894736842,192,0.5497382198952879,0.0034640745876012126,-0.005617438079704119,0.009081512667305332,-0.05710443615103548,0.07360325890341109,0.014575551570934963,5,0.049213760967481146,256,-0.01824193857970422,-0.017262493893884318,258,-0.054471421206650744,-0.05521499562605431,253,0.16653367501480237,0.01866584848646706,258,0.04818461604484593,0.018529905598879067,258,-0.05346602338083622
ES,return_acceleration_10,30,R,1283,0.020582859621314925,-0.07783912349983255,0.1213045009586371,0.041586767672523776,-0.016666896849308607,0.10044680324730754,0.14818702804214023,6.944444444444444e-05,False,0.6,-0.6288167938931297,1.1264822134387351,1283,0.5196078431372549,642,0.5251572327044025,385,0.5170603674540682,192,0.5,0.41968698517298186,0.15476190476190477,0.2649250804110771,-1.0274015944928219,1.5085450988467861,0.04345360708234207,5,0.32421875,256,0.018375298096749062,0.26841085271317827,258,-0.06068149049282425,-0.30533596837944665,253,0.06475666634166329,0.9011627906976745,258,0.11757205772035247,0.48158914728682173,258,0.016399752677669157
ES,return_acceleration_10,30,Q,1283,0.03489845970518592,-0.014061424159636671,0.08633531289073483,0.028697526818501504,-0.029385271105632552,0.08702406164220143,0.31851866280014507,6.944444444444444e-05,False,0.39999999999999997,-0.0589040956945826,0.03126814306887401,1283,0.5216326530612245,642,0.5353218210361067,385,0.5483028720626631,192,0.5421052631578948,0.0034430198967834195,-0.01897926905194723,0.02242228894873065,-0.040369922371436516,0.08688961862792557,0.027918341902416037,5,0.035423873360228855,256,-0.018615943009707203,-0.04168959591286041,258,-0.06896872451831824,-0.056416989077717215,253,0.12654085210440866,0.03157426369579539,258,0.09872535060157493,0.011746164768588151,258,-0.012228072733153605
ES,return_acceleration_15,5,R,1283,0.02962258873481709,-0.06421928081420097,0.11469379185768726,0.0033152662562924945,-0.06176408133152819,0.07023254029735111,0.9082824825064515,6.944444444444444e-05,False,-0.09999999999999999,0.2063953488372093,0.07745098039215687,1283,0.5,642,0.5047169811320755,385,0.5130890052356021,192,0.5130890052356021,-0.034911717495987156,0.048,-0.08291171749598716,-0.6507680738362761,0.5550323756019261,0.0009918083167506436,5,0.3623046875,256,0.011112582931324852,-0.1753875968992248,258,-0.05774299067969074,-0.31719367588932806,253,0.0615944071637815,0.16375968992248063,258,-0.00021934516065164018,0.08042635658914729,258,-0.012245681009043906
ES,return_acceleration_15,5,Q,1283,0.0015859912307768433,-0.054394890322740315,0.05333516092123131,-0.02614075935897642,-0.08307905012233235,0.03026915474891109,0.3635652044441353,6.944444444444444e-05,False,-0.3,0.06399733684920153,0.013405298675157962,1283,0.47751430907604253,642,0.46984126984126984,385,0.47883597883597884,192,0.5210526315789473,-0.00581228270174848,0.03633573246198464,-0.04214801516373312,-0.10626150489573714,0.017427138535879454,-0.027462384755267213,5,0.02768397782202795,256,-0.05177065932989889,-0.0583752879559022,258,-0.04779267676274863,-0.021235583506551896,253,0.04697694178573999,0.038388234081722865,258,-0.0006666578389024493,0.08351712384022406,258,-0.05068485825560281
ES,return_acceleration_15,10,R,1283,0.07078879045676766,-0.02710896758065897,0.16302021071308034,0.030632172159938967,-0.0345134755373868,0.09317461413595868,0.286969001616727,6.944444444444444e-05,False,0.8999999999999998,-0.1744186046511628,0.45588235294117646,1283,0.508557457212714,642,0.5126182965299685,385,0.5052356020942408,192,0.5078534031413613,0.29775280898876405,-0.1964,0.494152808988764,-0.2718698073836276,1.4117389245585865,0.028480192834477037,5,0.646484375,256,0.04830358517442656,0.2005813953488372,258,-0.032824204905724796,-0.8221343873517787,253,0.08849466725576928,0.1560077519379845,258,0.0007476596401830311,0.15406976744186046,258,0.022816371470222033
ES,return_acceleration_15,10,Q,1283,0.02574645809217948,-0.03366574985832385,0.07901091377092419,-0.000785356887169011,-0.05593791508032798,0.05909407280832746,0.9782276477525531,6.944444444444444e-05,False,-0.09999999999999999,0.030266022003397012,0.011636691985919953,1283,0.5028386050283861,642,0.5007824726134585,385,0.5065274151436031,192,0.5340314136125655,0.00042511826039312757,0.009382226186115974,-0.008957107925722846,-0.07333184607080921,0.04821785948236048,-0.002104343445354211,5,0.03870282224019113,256,-0.011650619621472713,-0.024794924747799672,258,-0.05582042102072844,-0.05309316434383778,253,0.054440311107773455,0.026159738218424034,258,0.010761172219019198,0.029776830586751044,258,-0.0032050408676551714
ES,return_acceleration_15,15,R,1283,0.018882942615914056,-0.07976161648220426,0.10689433320645103,-0.00846970548175664,-0.07276435572517684,0.05032269834409263,0.7685077102554492,6.944444444444444e-05,False,-0.09999999999999999,0.4728682170542636,0.021568627450980392,1283,0.49104234527687296,642,0.4810725552050473,385,0.48556430446194226,192,0.4973544973544973,0.011235955056179775,-0.0188,0.030035955056179776,-0.9895491492776886,0.9250997913322612,-0.009603631838195546,5,0.5556640625,256,0.03742110520414586,0.11046511627906977,258,-0.02143434182734123,-0.9110671936758893,253,0.010011337527771539,0.3391472868217054,258,0.011081819299740234,-0.09108527131782945,258,-0.05468076379463751
ES,return_acceleration_15,15,Q,1283,0.020208853787029673,-0.03798170757981233,0.07235128281870332,-0.0030017146019320007,-0.05653866001364637,0.0568642873592782,0.9169239505443911,6.944444444444444e-05,False,-0.09999999999999999,0.03488888268354882,0.007458342564926227,1283,0.510569105691057,642,0.5007849293563579,385,0.5104712041884817,192,0.5340314136125655,-0.0019761313213670553,0.010865842275288444,-0.012841973596655499,-0.07834939994587559,0.04743160322466017,-0.004331813179514349,5,0.049213760967481146,256,0.013600678964978559,-0.017262493893884318,258,-0.03902506877759575,-0.05521499562605431,253,0.039385673838179314,0.01866584848646706,258,0.007735941734096289,0.018529905598879067,258,-0.026537605743348635
ES,return_acceleration_15,30,R,1283,0.08676395967512227,0.01270039711072902,0.16348000432117082,0.05958990662025765,0.0006281990710489638,0.11993452537615648,0.03815437947560962,6.944444444444444e-05,False,0.49999999999999994,-0.10755813953488372,2.1019607843137256,1283,0.5246963562753036,642,0.5283018867924528,385,0.5390625,192,0.53125,0.8113964686998395,-0.2108,1.0221964686998395,-0.08585215088282498,2.2340541091492767,0.057860579394194304,5,0.32421875,256,-0.07039445594738745,0.26841085271317827,258,-0.017601671077763337,-0.30533596837944665,253,0.1470101478183802,0.9011627906976745,258,0.043804486936782606,0.48158914728682173,258,0.06968734942645421
ES,return_acceleration_15,30,Q,1283,0.038341228578651694,-0.022023009251219812,0.08597220839142632,0.013796532700822652,-0.04180869865980818,0.06858401271684142,0.631613629682652,6.944444444444444e-05,False,0.3,0.013967886885007497,0.019852361176985793,1283,0.4975728155339806,642,0.49291338582677163,385,0.5065616797900262,192,0.5157894736842106,-0.0015355850441529462,-0.00447100423901915,0.0029354191948662038,-0.061470918397162184,0.06415690651641708,0.012523605682982844,5,0.035423873360228855,256,-0.019210526709064913,-0.04168959591286041,258,-0.048875663821093596,-0.056416989077717215,253,0.06850198316132074,0.03157426369579539,258,0.02460073413298593,0.011746164768588151,258,0.019993710580453464
ES,return_acceleration_30,5,R,1281,0.07502065180985942,-0.014672804552607352,0.1502436622739547,0.028347071962864682,-0.037077615552721384,0.08309902055119509,0.32484594956575163,6.944444444444444e-05,False,0.6,0.021235521235521235,0.33661417322834647,1281,0.5114566284779051,640,0.5142857142857142,384,0.5210526315789473,192,0.5157894736842106,0.21405492730210016,-0.17527821939586646,0.3893331466979666,-0.17722689488405063,1.0262832572665792,0.02666423624241035,5,0.3623046875,256,0.06968747632187298,-0.1753875968992248,258,-0.15665362231174804,-0.32341269841269843,252,0.01926476854461419,0.16536964980544747,257,0.09673933597392137,0.08042635658914729,258,0.03918884545176757
ES,return_acceleration_30,5,Q,1281,0.028575556000216662,-0.030205917072305567,0.07684123691126091,-0.025979297811947983,-0.07974170823765864,0.025307383656358085,0.36691222317866057,6.944444444444444e-05,False,-0.3,0.07600031589285483,0.03467559495115129,1281,0.4963205233033524,640,0.4792332268370607,384,0.4986737400530504,192,0.48148148148148145,0.0025537803071950444,0.024718804342238027,-0.02216502403504298,-0.08808518511110622,0.04072409903248412,-0.027707604150451922,5,0.02768397782202795,256,0.016211637346803354,-0.0583752879559022,258,-0.15134387263814647,-0.024494454869673134,252,-0.07033195905188698,0.039315814759083655,257,0.03386223285918751,0.08351712384022406,258,-0.008074686840900755
ES,return_acceleration_30,10,R,1281,0.06282981500867395,-0.029225413502672156,0.16166054766667257,0.02957864254845067,-0.033820570606444285,0.09219900516862281,0.30425678836393044,6.944444444444444e-05,False,0.3,-0.5511583011583011,0.14271653543307086,1281,0.5110204081632653,640,0.5134706814580031,384,0.5236842105263158,192,0.5185185185185185,0.27221324717285944,-0.1760731319554849,0.44828637912834435,-0.3709461225218376,1.3712917939083233,0.03033795627617014,5,0.646484375,256,0.09648386135735845,0.2005813953488372,258,-0.05250419792850392,-0.8273809523809523,252,-0.06243594077105644,0.1517509727626459,257,0.10561506189309461,0.15406976744186046,258,0.05218510506653905
ES,return_acceleration_30,10,Q,1281,0.03234555489654279,-0.021936222824619756,0.08352869421276153,0.010200602025489187,-0.048440963512487605,0.06309452157055277,0.7231860667884242,6.944444444444444e-05,False,0.09999999999999999,0.02566473505930845,0.04160532846542188,1281,0.5150040551500406,640,0.5094339622641509,384,0.5157068062827225,192,0.4895833333333333,0.012069929993105048,-0.007932710042282812,0.02000264003538786,-0.04582611916570294,0.0880536075279919,0.009847401251554384,5,0.03870282224019113,256,0.08105537344594853,-0.024794924747799672,258,-0.11085554314511506,-0.05647845467853555,252,-0.05484350329142199,0.02496451022186796,257,0.05520809297480496,0.029776830586751044,258,0.046777179271401334
ES,return_acceleration_30,15,R,1281,0.048840385652620714,-0.03912055977593778,0.13684046924914,0.008544007287333419,-0.04604825498769032,0.06486619695406273,0.7667127041906274,6.944444444444444e-05,False,0.3,-0.29922779922779924,-0.09744094488188976,1281,0.5203583061889251,640,0.5143312101910829,384,0.5413333333333333,192,0.5053191489361702,0.09369951534733441,-0.20111287758346583,0.29481239293080025,-0.6981377503846143,1.2780105065866014,0.009065503961357892,5,0.5556640625,256,-0.01335020135163406,0.11046511627906977,258,-0.06986297927259554,-0.9146825396825397,252,-0.06346176136180064,0.33073929961089493,257,0.08748996764064958,-0.09108527131782945,258,0.0433268102543111
ES,return_acceleration_30,15,Q,1281,0.034430256473135246,-0.015316902826085114,0.08016039396824946,0.012960222599008274,-0.046594292111406733,0.06355997164056025,0.6526829759953965,6.944444444444444e-05,False,0.09999999999999999,0.01544202041274108,0.035329683838807684,1281,0.5231519090170593,640,0.5220820189274448,384,0.544973544973545,192,0.5263157894736842,0.012686526455231845,-0.009335433432140258,0.022021959887372104,-0.04371408833106681,0.08231050241370826,0.012576473556177619,5,0.049213760967481146,256,0.0705561148309582,-0.017262493893884318,258,-0.0954407328506208,-0.0574182297356815,252,-0.07052048427810444,0.016643297163606855,257,0.07852724936300068,0.018529905598879067,258,0.06285750031608935
ES,return_acceleration_30,30,R,1281,0.0022001873384565624,-0.08694853839855435,0.09730799290408663,-0.013744014964972441,-0.07251069147521204,0.042541062738108974,0.6331782231557832,6.944444444444444e-05,False,-0.7,0.6225868725868726,0.1309055118110236,1281,0.5012145748987854,640,0.4740973312401884,384,0.5078125,192,0.515625,0.3061389337641357,0.20270270270270271,0.10343623106143299,-1.2027688865573736,1.277241406211875,-0.012146777957421553,5,0.32421875,256,-0.026459924779220573,0.26841085271317827,258,-0.0627826773299129,-0.3115079365079365,252,0.003929258720979607,0.8998054474708171,257,0.03968575403606392,0.48158914728682173,258,-0.02831045888898242
ES,return_acceleration_30,30,Q,1281,0.035093125964096236,-0.015010692465067636,0.08029209502673648,0.009300636147561167,-0.051080098686667,0.05718421322729305,0.7467317669124585,6.944444444444444e-05,False,0.19999999999999998,0.007841948404341655,0.016540979813709562,1281,0.5153721682847896,640,0.5023622047244094,384,0.5210526315789473,192,0.5105263157894737,0.005116704881166905,-0.013182674026062198,0.018299378907229102,-0.04987979733087302,0.07298668282633161,0.008875703999827572,5,0.035423873360228855,256,0.023303500638103502,-0.04168959591286041,258,-0.07703165680256806,-0.05687429272251674,252,-0.04194719651155761,0.029362490402782913,257,0.07324202012142945,0.011746164768588151,258,0.043523371328623835
ES,return_acceleration_60,5,R,1278,-0.07247142310294605,-0.18192480683972267,0.036465876562022416,-0.007765419214458111,-0.06558211006711276,0.062386275459599655,0.7876800120466698,6.944444444444444e-05,False,-0.09999999999999999,0.3173828125,0.007936507936507936,1278,0.49756888168557534,639,0.49920760697305866,383,0.48031496062992124,192,0.484375,-0.046012269938650305,0.11513157894736842,-0.16114384888601874,-0.7094318216217307,0.44679326767839794,-0.009970003699977855,5,0.36764705882352944,255,-0.13650795996727408,-0.1689453125,256,0.13126124239645096,-0.32341269841269843,252,-0.004299733230837256,0.16536964980544747,257,-0.02314013677391701,0.08042635658914729,258,-0.01279297283326342
ES,return_acceleration_60,5,Q,1278,-0.00915626749986872,-0.06276432584216918,0.049632418200513624,0.01769620424037684,-0.031410703479221716,0.0691572561079858,0.5393468081288577,6.944444444444444e-05,False,0.3,0.03859240815707354,0.07616729502812378,1278,0.511326860841424,639,0.5319488817891374,383,0.523936170212766,192,0.4973544973544973,0.023616469007545424,0.01047901929857211,0.013137449708973313,-0.04676965863698046,0.07185305977106082,0.015677583281229108,5,0.03171411106838885,255,-0.12108842352008051,-0.05135851880610118,256,0.13732262056647143,-0.024494454869673134,252,-0.010437530742008604,0.039315814759083655,257,0.0035481872601835908,0.08351712384022406,258,0.036127007100110846
ES,return_acceleration_60,10,R,1278,-0.006851021795778133,-0.16256922029074383,0.17456755296232956,-0.014216553624968426,-0.07224565426995797,0.04659970245548549,0.6219493546858434,6.944444444444444e-05,False,-0.8999999999999998,0.4501953125,-0.21031746031746032,1278,0.5109135004042037,639,0.5031847133757962,383,0.5052910052910053,192,0.44502617801047123,-0.0789877300613497,0.25164473684210525,-0.33063246690345494,-1.0665327585163062,0.5745670583427503,-0.01660146032960814,5,0.6509803921568628,255,-0.08989050037979222,0.2216796875,256,0.10201569067626257,-0.8273809523809523,252,-0.0801287418149813,0.1517509727626459,257,0.0169594720758498,0.15406976744186046,258,-0.0071559541665504505
ES,return_acceleration_60,10,Q,1278,-0.005297071969053798,-0.0650709452270493,0.056172097234699174,0.01812992227764681,-0.03106916010944085,0.07002379323578121,0.5294485642902538,6.944444444444444e-05,False,0.49999999999999994,0.006815113556521304,0.03385950187001504,1278,0.5132530120481927,639,0.5134281200631912,383,0.4973544973544973,192,0.4947916666666667,0.015729887613967108,-0.0037709507499776042,0.01950083836394471,-0.04366522387428442,0.07950400240096077,0.015963484158210996,5,0.042776166641133054,255,-0.08786805862401884,-0.018226036283162612,256,0.14431296423365444,-0.05647845467853555,252,-0.04069418423934784,0.02496451022186796,257,0.007027212531652894,0.029776830586751044,258,0.04504442027937399
ES,return_acceleration_60,15,R,1278,-0.015464636967568463,-0.15651886069854282,0.12520416478717047,-0.00871132420209923,-0.06693948072055231,0.054142487279733455,0.7625511224875112,6.944444444444444e-05,False,-0.8999999999999998,0.23046875,-0.4226190476190476,1278,0.5068493150684932,639,0.4968152866242038,383,0.5159574468085106,192,0.47593582887700536,-0.20398773006134968,0.25699013157894735,-0.460977861640297,-1.355241463513077,0.7155794039594756,-0.01106343018526682,5,0.5568627450980392,255,-0.050962043835928374,0.1220703125,256,0.1771844344490512,-0.9146825396825397,252,-0.09069001951002026,0.33073929961089493,257,-0.030707700549476556,-0.09108527131782945,258,0.002070148490255513
ES,return_acceleration_60,15,Q,1278,-0.011026750645043668,-0.06990371083901627,0.05318789196381494,0.008900485162613441,-0.04241868544534542,0.06499433459071662,0.7575547839880761,6.944444444444444e-05,False,0.7999999999999999,0.002106125648772587,0.014046424441631448,1278,0.5088566827697263,639,0.5,383,0.5026315789473684,192,0.4631578947368421,0.012047513967086034,-0.0014625850253183967,0.013510098992404431,-0.04965911268381612,0.07751775877565886,0.006737915413717488,5,0.05202113519349741,255,-0.07523839820613008,-0.010634758313201036,256,0.1499552168031921,-0.0574182297356815,252,-0.05476047515429979,0.016643297163606855,257,-0.004485164203642161,0.018529905598879067,258,0.012299075032535287
ES,return_acceleration_60,30,R,1278,-0.010856754269073843,-0.10602299565590345,0.1000045706869566,-0.014068355576745021,-0.07649872192208883,0.05151517146828321,0.6255861900307926,6.944444444444444e-05,False,-0.7,0.26171875,-0.07341269841269842,1278,0.49719775820656525,639,0.48822605965463106,383,0.49869451697127937,192,0.5,0.13957055214723926,0.5810032894736842,-0.44143273732644495,-1.810719105686955,0.9664939104375199,-0.015439001164161454,5,0.3235294117647059,255,-0.0404578485114535,0.2841796875,256,0.1461227001790848,-0.3115079365079365,252,-0.1469258623438386,0.8998054474708171,257,-0.05541743930783816,0.48158914728682173,258,0.025317030683964136
ES,return_acceleration_60,30,Q,1278,-0.013043601954147785,-0.0746919590010032,0.05487334574693472,-0.0029344469893616476,-0.05886386642267236,0.0506453664765663,0.9189373969964261,6.944444444444444e-05,False,0.19999999999999998,-0.015536503616607685,-0.010363532669572649,1278,0.5016025641025641,639,0.49050632911392406,383,0.5,192,0.47643979057591623,-0.004682500327328133,0.001032532873544073,-0.0057150332008722065,-0.07267183546716548,0.06252675718659277,-0.005083217193549748,5,0.0372434627795687,255,-0.07252471779579013,-0.037132483380929615,256,0.1361835336074128,-0.05687429272251674,252,-0.0663297411052336,0.029362490402782913,257,-0.040033549566680746,0.011746164768588151,258,0.01208035449159902
ES,overnight_agrees_with_prior_rth,5,R,1242,-0.0005802461359872182,-0.05581763481009673,0.05622172944009444,-0.013685608569754686,-0.07220260369807163,0.0389643101793089,0.6398399954619833,6.944444444444444e-05,False,,0.07648953301127215,,1242,0.48914858096828046,621,0.4966887417218543,373,0.5138121546961326,186,0.5251396648044693,0.08465189873417721,0.09206081081081081,-0.007408912076633606,-0.6992751453985632,0.6292861839291821,-0.014126297057262769,5,0.2967479674796748,246,-0.06165000247942073,-0.19377510040160642,249,-0.03151952506261255,-0.15955284552845528,246,0.022927952665354256,0.20119521912350596,251,0.03922207218920417,0.236,250,-0.026842560453922432
ES,overnight_agrees_with_prior_rth,5,Q,1242,-0.009661578512359704,-0.06866309774706017,0.04900020097222983,-0.009459018792733555,-0.06891224733298514,0.049504578603713906,0.7463913448145525,6.944444444444444e-05,False,,0.012111577043199801,,1242,0.4920767306088407,621,0.49261083743842365,373,0.4890710382513661,186,0.47513812154696133,0.007820773731453552,0.019398066707523174,-0.011577292976069622,-0.08588924962763844,0.046392941702695416,-0.009906818755760887,5,0.01394202170637633,246,-0.15081059816674813,-0.060920231116445185,249,0.02999610971152894,-0.021314849111968463,246,-0.018833793679427613,0.044070125179077976,251,0.05303789118453728,0.08385532142990439,250,0.027447206231137774
ES,overnight_agrees_with_prior_rth,10,R,1242,0.03743532832976864,-0.015343730654075873,0.09213913977799144,0.003422842338372483,-0.04876024534072872,0.055595582624385576,0.9068418093128234,6.944444444444444e-05,False,,0.12822061191626408,,1242,0.5008319467554077,621,0.5106732348111659,373,0.5429362880886427,186,0.5193370165745856,0.41574367088607594,-0.1866554054054054,0.6023990762914814,-0.21615688077317824,1.4688845738539171,0.0028621786759850144,5,0.5589430894308943,246,-0.020576626074662114,0.17269076305220885,249,-0.03274331849562711,-0.7205284552845529,246,0.004788033187237886,0.2739043824701195,251,0.10715429988082815,0.349,250,-0.009432264624149596
ES,overnight_agrees_with_prior_rth,10,Q,1242,-0.0013482070209286938,-0.0603060072539833,0.05119578215789706,-0.0014150052075751634,-0.05931706702342797,0.0510978376188641,0.9614156013683393,6.944444444444444e-05,False,,0.003550156675884554,,1242,0.5045417010734929,621,0.5032679738562091,373,0.5095367847411444,186,0.5027624309392266,0.003541597613330134,0.005214774639558592,-0.0016731770262284579,-0.06896183720765808,0.060990949608558456,-0.002048854071174648,5,0.02879448352052533,246,-0.073684207968435,-0.030575400897185388,249,0.03365145373358851,-0.04925401615890788,246,-0.04227043336102546,0.03625163776731658,251,0.04941086609568545,0.03182581345717371,250,0.01778695100157522
ES,overnight_agrees_with_prior_rth,15,R,1242,0.020963018468246414,-0.037168966257859516,0.07418907843622423,0.004921840213098257,-0.054798714678932915,0.055432634375763214,0.8663687271293536,6.944444444444444e-05,False,,0.0499194847020934,,1242,0.5054031587697423,621,0.5132013201320133,373,0.5361111111111111,186,0.5524861878453039,0.23655063291139242,-0.14484797297297297,0.38139860588436536,-0.5257267255388299,1.438675616874786,0.004570743065608023,5,0.4847560975609756,246,0.0011292817797360132,0.09136546184738956,249,-0.036984077801102175,-0.8729674796747967,246,0.02664124176487532,0.5089641434262948,251,0.12564152389544186,0.028,250,-0.043228040032152214
ES,overnight_agrees_with_prior_rth,15,Q,1242,-0.003567887863543072,-0.06060816642531003,0.053810206201318045,-0.0034185818729354244,-0.06025913966947931,0.05329885604567619,0.9069572383070963,6.944444444444444e-05,False,,0.0035675329705092173,,1242,0.5053852526926264,621,0.5171849427168577,373,0.5367847411444142,186,0.5300546448087432,0.0017704974577387263,0.0061154369528522035,-0.004344939495113477,-0.07568590713147785,0.06311928086068726,-0.004083320853352603,5,0.03916100091427451,246,-0.02174604256470178,-0.02092143346208754,249,0.020364275601101645,-0.051451453291894246,246,-0.038343390557301335,0.029980409028910193,251,0.07210409533268392,0.02055472600028098,250,-0.04573751030186638
ES,overnight_agrees_with_prior_rth,30,R,1242,0.015105324055470003,-0.045931723613486464,0.0663326511451699,0.004109602797478764,-0.05284926311310081,0.06411343337104577,0.8882627314876415,6.944444444444444e-05,False,,0.39049919484702095,,1242,0.4995871180842279,621,0.5122749590834698,373,0.5327868852459017,186,0.5737704918032787,0.5747626582278481,0.2170608108108108,0.3577018474170373,-0.8668921591686624,1.662170715018816,0.0034320541063402876,5,0.2306910569105691,246,0.007214987131463888,0.2700803212851406,249,-0.02280210126292593,-0.23780487804878048,246,-0.039941176172158546,1.1444223107569722,251,0.1181189902269338,0.529,250,-0.029974885520241114
ES,overnight_agrees_with_prior_rth,30,Q,1242,-0.0002905679725750224,-0.057551328774514306,0.05757728321413174,-0.0011357700821411046,-0.059782688847159836,0.05657856035434042,0.9690255027980719,6.944444444444444e-05,False,,-0.0024654768001148198,,1242,0.5008250825082509,621,0.510569105691057,373,0.5340599455040872,186,0.5519125683060109,-0.001548202488398966,-0.0011186489698994488,-0.00042955351849951725,-0.06815463977232981,0.0664261366665089,-0.0020574025859012293,5,0.023460118372165592,246,-0.0060384756836697855,-0.045060020051862104,249,0.018500567827403464,-0.05215086171311781,246,-0.08476952167210224,0.04837102997299548,251,0.10397570247521931,0.012298468583293755,250,-0.02840073691083167
ES,overnight_minus_priorrth_norm,5,R,1222,0.1359040088610572,0.043143592456879716,0.23444055538591324,0.03082624805183525,-0.023898939486134647,0.09799187084217409,0.2956994499865211,6.944444444444444e-05,False,0.8999999999999998,-0.5345528455284553,0.6956967213114754,1222,0.49482758620689654,611,0.5159663865546219,367,0.5097493036211699,183,0.547486033519553,0.2670132325141777,-0.04946727549467275,0.3164805080088504,-0.2926303865885203,1.009776584434604,0.02890276310616689,5,0.288716814159292,226,0.05328202519003052,-0.19377510040160642,249,-0.05849560894836419,-0.15955284552845528,246,0.04378443942792131,0.20119521912350596,251,0.016706570556484616,0.236,250,0.11693177852514526
ES,overnight_minus_priorrth_norm,5,Q,1222,0.04039576691545597,-0.012629620480723957,0.09277151306868923,-0.007304875805940229,-0.05807947317030423,0.04620227519176465,0.8043473442449653,6.944444444444444e-05,False,0.09999999999999999,0.03412278847861753,0.034556796928302005,1222,0.49527085124677556,611,0.5167224080267558,367,0.5166666666666667,183,0.5303867403314917,-0.006757084430587346,0.030043950295008927,-0.036801034725596274,-0.0966327583500254,0.023883880992404027,-0.00886632177970123,5,0.01090209520239137,226,-0.04795308716754296,-0.060920231116445185,249,-0.06869714358078077,-0.021314849111968463,246,0.07035776422189129,0.044070125179077976,251,-0.0075854091342243786,0.08385532142990439,250,0.056084546163425376
ES,overnight_minus_priorrth_norm,10,R,1222,0.07132156052082732,-0.02846860358260719,0.17633334797340017,0.030552964224901613,-0.02944445172233192,0.0951015697628184,0.3000043776018231,6.944444444444444e-05,False,0.39999999999999997,-0.8404471544715447,0.4713114754098361,1222,0.4879725085910653,611,0.5008319467554077,367,0.4986072423398329,183,0.5384615384615384,0.2712665406427221,0.03767123287671233,0.23359530776600979,-0.6485695706841834,1.1555436149306721,0.028328003197889286,5,0.5575221238938053,226,0.052840226268696465,0.17269076305220885,249,-0.08667498961993249,-0.7205284552845529,246,0.028476389891565465,0.2739043824701195,251,0.06852912337595883,0.349,250,0.09186512387422835
ES,overnight_minus_priorrth_norm,10,Q,1222,0.05337595993988971,0.00021583452819226036,0.11024458220009989,0.0035947856620465336,-0.048019414685298474,0.06496138723644687,0.9029737504534834,6.944444444444444e-05,False,0.09999999999999999,0.007302857465699338,0.03216414373070029,1222,0.5017035775127768,611,0.5412541254125413,367,0.5412087912087912,183,0.56353591160221,-0.0099170777991479,0.018667127251341255,-0.028584205050489156,-0.09321263320883798,0.037408337968824715,0.0017472100271056668,5,0.02765149046492492,226,-0.002526264679062577,-0.030575400897185388,249,-0.08330581739491907,-0.04925401615890788,246,0.08417565959343984,0.03625163776731658,251,0.007550274133118003,0.03182581345717371,250,0.06320624370821745
ES,overnight_minus_priorrth_norm,15,R,1222,0.026084980519292034,-0.07167496421672276,0.13127666855569312,-0.011226783665020484,-0.07048279981995777,0.04640283196640147,0.7034000778250671,6.944444444444444e-05,False,0.09999999999999999,-0.4369918699186992,-0.1680327868852459,1222,0.4832904884318766,611,0.49916805324459235,367,0.4958217270194986,183,0.4943820224719101,-0.21455576559546313,0.2792998477929985,-0.4938556133884616,-1.3854293266063018,0.4709878960906679,-0.013376266131805325,5,0.48008849557522126,226,-0.0038431350752328244,0.09136546184738956,249,-0.07390465994485265,-0.8729674796747967,246,0.05512281416066049,0.5089641434262948,251,0.03216615565735005,0.028,250,-0.03554533771808204
ES,overnight_minus_priorrth_norm,15,Q,1222,0.04238985382609109,-0.013280348410416622,0.10122691388750518,-0.00014601418554143367,-0.05406470765368694,0.06217586254543823,0.9960492253325122,6.944444444444444e-05,False,0.0,0.01042104889129803,0.024894409279492324,1222,0.5046968403074296,611,0.5256198347107438,367,0.521978021978022,183,0.5359116022099447,-0.010556025504316108,0.01735744884669711,-0.02791347435101322,-0.09380718195205115,0.038628048855922525,-0.0019821920096976683,5,0.03566018364365075,226,0.008690487647701086,-0.02092143346208754,249,-0.07536599448507743,-0.051451453291894246,246,0.07210867409794677,0.029980409028910193,251,0.023762711731046608,0.02055472600028098,250,0.01819286021687274
ES,overnight_minus_priorrth_norm,30,R,1222,0.04918343495658059,-0.04107002390027826,0.138241974272211,-0.02153284398741904,-0.07964068963785229,0.03318110533959292,0.4651902326386479,6.944444444444444e-05,False,-0.39999999999999997,-0.05386178861788618,-0.10758196721311475,1222,0.4782608695652174,611,0.49586776859504134,367,0.5,183,0.489010989010989,-0.03213610586011342,0.7480974124809742,-0.7802335183410876,-2.0610926966534597,0.3891432745509315,-0.023877337197060103,5,0.2245575221238938,226,0.04166204177212033,0.2700803212851406,249,-0.06916858171600643,-0.23780487804878048,246,0.02168361798511536,1.1444223107569722,251,-0.019484036941089685,0.529,250,-0.03994847168714125
ES,overnight_minus_priorrth_norm,30,Q,1222,0.03162173430278178,-0.023246697807871898,0.08394624639337168,-0.01600432836351195,-0.07055544489104795,0.03962811783485727,0.5872816115184143,6.944444444444444e-05,False,-0.49999999999999994,0.006648606507744002,-0.009367019769757559,1222,0.48214285714285715,611,0.5024711696869851,367,0.5,183,0.521978021978022,-0.03107418079177404,0.02075223368967664,-0.05182641448145068,-0.11747606916290913,0.014780473970964606,-0.017934538714437353,5,0.018495328769242057,226,-0.016533765307239618,-0.045060020051862104,249,-0.08674725964425056,-0.05215086171311781,246,0.06703317964637474,0.04837102997299548,251,0.004602476485681452,0.012298468583293755,250,-0.004659582442540472
ES,above_below_prior_close,5,R,1242,-0.10331603596013136,-0.16135732811847295,-0.048751279737746234,-0.08145044955847726,-0.1377513527725764,-0.026681606422394925,0.005256682436724391,6.944444444444444e-05,False,,0.07648953301127215,,1242,0.4721991701244813,621,0.4917218543046358,373,0.509641873278237,186,0.48044692737430167,-0.4259393063583815,0.7666975881261595,-1.192636894484541,-1.8302756891642626,-0.5637521683003217,-0.08186029048160502,5,0.2967479674796748,246,-0.03771972609937226,-0.19377510040160642,249,0.0737831002414588,-0.15955284552845528,246,-0.09405799021463934,0.20119521912350596,251,-0.11317381520076779,0.236,250,-0.1784591988289508
ES,above_below_prior_close,5,Q,1242,-0.04754170942698813,-0.10491851624635586,0.008536407768886187,-0.045910283159620556,-0.10482495488368504,0.010291942899142028,0.1162482679795116,6.944444444444444e-05,False,,0.012111577043199801,,1242,0.472636815920398,621,0.5008210180623974,373,0.5109289617486339,186,0.4861878453038674,-0.010106747487911799,0.04744578814570957,-0.05755253563362137,-0.12450928962759707,0.013923569765587285,-0.04631180037907535,5,0.01394202170637633,246,0.03873263596510148,-0.060920231116445185,249,0.07890589332990956,-0.021314849111968463,246,-0.08563224393379874,0.044070125179077976,251,-0.10045174182068606,0.08385532142990439,250,-0.13099983135013624
ES,above_below_prior_close,10,R,1242,-0.09783176095634061,-0.1569420916188261,-0.043016070454347896,-0.0997721371159912,-0.15465868196997498,-0.042716593321475836,0.0006205555988048062,6.944444444444444e-05,False,,0.12822061191626408,,1242,0.4594370860927152,621,0.46875,373,0.49584487534626037,186,0.48066298342541436,-0.5317919075144508,1.0579777365491652,-1.589769644063616,-2.4452088438502044,-0.7697529645725878,-0.10029586794874451,5,0.5589430894308943,246,-0.10403258165160822,0.17269076305220885,249,0.025681957123630188,-0.7205284552845529,246,-0.16744981403281647,0.2739043824701195,251,-0.1277292684661575,0.349,250,-0.10629377752358535
ES,above_below_prior_close,10,Q,1242,-0.0599163680108672,-0.11913717568579109,-0.004432389501697115,-0.05779106365669102,-0.11646893432433775,-0.003366985035704018,0.047928034161710986,6.944444444444444e-05,False,,0.003550156675884554,,1242,0.4675431388660641,621,0.486088379705401,373,0.5109289617486339,186,0.4722222222222222,-0.024882281519605358,0.04839181722858569,-0.07327409874819105,-0.13270994211234607,-0.006995122574864313,-0.05842565876357085,5,0.02879448352052533,246,0.014680923937499585,-0.030575400897185388,249,0.07235243278942051,-0.04925401615890788,246,-0.1209052315908347,0.03625163776731658,251,-0.1238038766323404,0.03182581345717371,250,-0.13093837488416085
ES,above_below_prior_close,15,R,1242,-0.03349999092848138,-0.09495825773391073,0.023409165102959137,-0.042984012513618775,-0.10061142124234863,0.017406055983267155,0.14143341311250768,6.944444444444444e-05,False,,0.0499194847020934,,1242,0.484297520661157,621,0.49834983498349833,373,0.5305555555555556,186,0.4972375690607735,-0.18894508670520233,0.4318181818181818,-0.6207632685233841,-1.552362240876382,0.37406273794331124,-0.043269217173622816,5,0.4847560975609756,246,-0.009336541355516316,0.09136546184738956,249,0.08660488063814856,-0.8729674796747967,246,-0.08192518619980418,0.5089641434262948,251,-0.11739360224067927,0.028,250,-0.04588635642333234
ES,above_below_prior_close,15,Q,1242,-0.052246087333065246,-0.10763113683659516,0.0023664653740753574,-0.048963167528579085,-0.10430475228022472,0.006837325980971856,0.09387004736947446,6.944444444444444e-05,False,,0.0035675329705092173,,1242,0.47073371805441055,621,0.486088379705401,373,0.5163934426229508,186,0.4725274725274725,-0.02105063476740051,0.043484297860357665,-0.06453493262775817,-0.1288261241317282,0.007124537738343191,-0.0496114798617631,5,0.03916100091427451,246,0.010248943237319025,-0.02092143346208754,249,0.0766534824015789,-0.051451453291894246,246,-0.10802538678553363,0.029980409028910193,251,-0.09845255672439981,0.02055472600028098,250,-0.1326931742868392
ES,above_below_prior_close,30,R,1242,-0.03383725828442583,-0.08724652534310375,0.02177117189435006,-0.02566884642629282,-0.0789334818807017,0.03015882686590341,0.38006443418782876,6.944444444444444e-05,False,,0.39049919484702095,,1242,0.48686371100164205,621,0.5057283142389526,373,0.5191256830601093,186,0.4972677595628415,0.07622832369942197,0.8937847866419295,-0.8175564629425075,-2.0566868438126695,0.48335564750072363,-0.02625788627433157,5,0.2306910569105691,246,0.011380184383009171,0.2700803212851406,249,0.07634566263020184,-0.23780487804878048,246,-0.12561414314661337,1.1444223107569722,251,-0.06586832331075404,0.529,250,0.0101885760006924
ES,above_below_prior_close,30,Q,1242,-0.03834897998895732,-0.092604637861586,0.0143523643099646,-0.03445643314093938,-0.0879257623969168,0.01752771166666218,0.2386022930348468,6.944444444444444e-05,False,,-0.0024654768001148198,,1242,0.4692370795734208,621,0.47479674796747967,373,0.4877384196185286,186,0.453551912568306,-0.020241685160162608,0.02776442317123003,-0.04800610833139264,-0.11080026893994555,0.017635897641198845,-0.035330163192255064,5,0.023460118372165592,246,0.015208312229333817,-0.045060020051862104,249,0.09456886755787156,-0.05215086171311781,246,-0.1272862674147484,0.04837102997299548,251,-0.07512491066597997,0.012298468583293755,250,-0.07786090924290902
ES,broke_prior_rth_high_or_low,5,R,1242,-0.050091478016824564,-0.10273089294602833,0.0018145106776040042,-0.057805152003969004,-0.11235953040458087,-0.004218959569690586,0.04787354146895839,6.944444444444444e-05,False,,0.07648953301127215,,1242,0.46865037194473963,621,0.4601328903654485,373,0.4722222222222222,186,0.4915254237288136,,,,,,-0.05805962151647029,5,0.2967479674796748,246,-0.0046312721664232455,-0.19377510040160642,249,-0.05534680088996751,-0.15955284552845528,246,-0.09709638915068917,0.20119521912350596,251,-0.054738898731218566,0.236,250,-0.043606156834110454
ES,broke_prior_rth_high_or_low,5,Q,1242,-0.06796581169523552,-0.12759735405718176,-0.016409787098808443,-0.06626394566138136,-0.12563293683386417,-0.015497415067672587,0.023280280770907158,6.944444444444444e-05,False,,0.012111577043199801,,1242,0.48250265111346763,621,0.4819078947368421,373,0.4849315068493151,186,0.45604395604395603,,,,,,-0.06648649488996695,5,0.01394202170637633,246,-0.055681723257380134,-0.060920231116445185,249,-0.05634143012868709,-0.021314849111968463,246,-0.12141705519258997,0.044070125179077976,251,-0.05098975574506547,0.08385532142990439,250,-0.02189215483599691
ES,broke_prior_rth_high_or_low,10,R,1242,-0.027918486078875714,-0.08374328339438404,0.0237964861951292,-0.04296242184094131,-0.09730844144079384,0.010727060217268101,0.1416336719424902,6.944444444444444e-05,False,,0.12822061191626408,,1242,0.5026399155227033,621,0.5024630541871922,373,0.5179063360881543,186,0.4887640449438202,,,,,,-0.04329958977305475,5,0.5589430894308943,246,-0.006109582515828378,0.17269076305220885,249,-0.0023238511770653112,-0.7205284552845529,246,-0.08773073408674759,0.2739043824701195,251,-0.06376191197509884,0.349,250,-0.04245590154437083
ES,broke_prior_rth_high_or_low,10,Q,1242,-0.06064560789326343,-0.12349055855211936,-0.01214180002458162,-0.060333696665678935,-0.1229006967275564,-0.01283261222300762,0.03890033008075333,6.944444444444444e-05,False,,0.003550156675884554,,1242,0.47639034627492133,621,0.4820261437908497,373,0.47956403269754766,186,0.44751381215469616,,,,,,-0.060696563853150635,5,0.02879448352052533,246,-0.03677776871946419,-0.030575400897185388,249,-0.0484267956837872,-0.04925401615890788,246,-0.10695163092047251,0.03625163776731658,251,-0.09082708606835506,0.03182581345717371,250,-0.012760219440734279
ES,broke_prior_rth_high_or_low,15,R,1242,-0.037032976400026126,-0.08656061006548288,0.014487909810698625,-0.052016000027693854,-0.1020753326304974,0.0025936176996463386,0.07508145053794979,6.944444444444444e-05,False,,0.0499194847020934,,1242,0.5079365079365079,621,0.5066006600660066,373,0.5290858725761773,186,0.5193370165745856,,,,,,-0.052222377615600016,5,0.4847560975609756,246,-0.05318662820484517,0.09136546184738956,249,0.029047236109527075,-0.8729674796747967,246,-0.11249130391042987,0.5089641434262948,251,-0.031847360600997174,0.028,250,-0.05406807314568708
ES,broke_prior_rth_high_or_low,15,Q,1242,-0.06561322463347145,-0.12421729499875545,-0.014930626182638611,-0.0645575460858725,-0.12440636458369557,-0.014767093357684764,0.027090372261832307,6.944444444444444e-05,False,,0.0035675329705092173,,1242,0.46842105263157896,621,0.4721311475409836,373,0.4768392370572207,186,0.4371584699453552,,,,,,-0.06495564448453213,5,0.03916100091427451,246,-0.04558511632365354,-0.02092143346208754,249,-0.038261722924498746,-0.051451453291894246,246,-0.12218147071563562,0.029980409028910193,251,-0.07819223439157993,0.02055472600028098,250,-0.03217263038780612
ES,broke_prior_rth_high_or_low,30,R,1242,-0.01705221696173579,-0.07798264510332055,0.04015980321924821,-0.03113252463020398,-0.08925907435429602,0.021007472217488818,0.2870004163056801,6.944444444444444e-05,False,,0.39049919484702095,,1242,0.5089192025183631,621,0.4910277324632953,373,0.4945652173913043,186,0.5191256830601093,,,,,,-0.03150517907167904,5,0.2306910569105691,246,-0.0700918596660562,0.2700803212851406,249,0.05395028008908048,-0.23780487804878048,246,-0.02152811060179344,1.1444223107569722,251,-0.08709210177705258,0.529,250,-0.004112439550215218
ES,broke_prior_rth_high_or_low,30,Q,1242,-0.04972341759518038,-0.10718149972206888,0.0019834401351747654,-0.05071231245673961,-0.10816096519289385,0.0009165057166555496,0.08269172705619487,6.944444444444444e-05,False,,-0.0024654768001148198,,1242,0.4774396642182581,621,0.46504065040650405,373,0.46866485013623976,186,0.47540983606557374,,,,,,-0.051253696147088884,5,0.023460118372165592,246,-0.08403244371919451,-0.045060020051862104,249,0.012342383331340601,-0.05215086171311781,246,-0.10644052132658902,0.04837102997299548,251,-0.06117387432036063,0.012298468583293755,250,-0.006349867356738378
ES,finished_inside_prior_rth_range,5,R,1242,0.002733313617312963,-0.05293672698822799,0.0506888709293722,0.015871273567840728,-0.0407075320620041,0.06424266934684132,0.5873612027965052,6.944444444444444e-05,False,,0.07648953301127215,,1242,0.4992721979621543,621,0.49093904448105435,373,0.4849315068493151,186,0.5193370165745856,,,,,,0.015713871723006853,5,0.2967479674796748,246,0.033237101597065354,-0.19377510040160642,249,-0.0725597464807043,-0.15955284552845528,246,0.08070755295371679,0.20119521912350596,251,-0.017888134060396327,0.236,250,0.0134184519173377
ES,finished_inside_prior_rth_range,5,Q,1242,0.05569562677855715,0.0008509987621872208,0.108092406163948,0.055333228716398425,0.0008439443503597489,0.10782172845605041,0.05826404285827502,6.944444444444444e-05,False,,0.012111577043199801,,1242,0.521865889212828,621,0.5123558484349259,373,0.5232876712328767,186,0.5,,,,,,0.05421498929586136,5,0.01394202170637633,246,0.13999406597396868,-0.060920231116445185,249,-0.04615616370050522,-0.021314849111968463,246,0.15485853871028188,0.044070125179077976,251,0.016651328541150947,0.08385532142990439,250,-0.005880837371269507
ES,finished_inside_prior_rth_range,10,R,1242,-0.0022920293791142245,-0.05942411465009985,0.05261360953239637,0.009414359488487272,-0.0500535402032641,0.062393772607073655,0.7475479080880076,6.944444444444444e-05,False,,0.12822061191626408,,1242,0.5211062590975255,621,0.5106732348111659,373,0.5027624309392266,186,0.5083798882681564,,,,,,0.009725860618359278,5,0.5589430894308943,246,-0.0007565724288356212,0.17269076305220885,249,-0.07388789615913165,-0.7205284552845529,246,0.04831864673823952,0.2739043824701195,251,0.012504199533904423,0.349,250,0.029634002795747783
ES,finished_inside_prior_rth_range,10,Q,1242,0.03697059444314977,-0.017443195893439897,0.08890298726671012,0.037425378035525945,-0.01682030426590865,0.08985197260018347,0.20050177189476726,6.944444444444444e-05,False,,0.003550156675884554,,1242,0.48703170028818443,621,0.4788273615635179,373,0.4823848238482385,186,0.45901639344262296,,,,,,0.03770682254969458,5,0.02879448352052533,246,0.07575644066957224,-0.030575400897185388,249,-0.0580017057044831,-0.04925401615890788,246,0.13548577375261647,0.03625163776731658,251,0.04249712851309831,0.03182581345717371,250,-0.0142737373412013
ES,finished_inside_prior_rth_range,15,R,1242,0.01842990861742194,-0.039676443598486766,0.07191574863861912,0.02194543052648662,-0.035337846090902854,0.07430242918275756,0.45300994629843316,6.944444444444444e-05,False,,0.0499194847020934,,1242,0.5304347826086957,621,0.5286415711947627,373,0.5397260273972603,186,0.5384615384615384,,,,,,0.022003726624991986,5,0.4847560975609756,246,-0.025840395011349816,0.09136546184738956,249,-0.07830084902089761,-0.8729674796747967,246,0.03330103394334857,0.5089641434262948,251,-0.004037057965829252,0.028,250,0.10289165783299897
ES,finished_inside_prior_rth_range,15,Q,1242,0.032066743840793235,-0.022433940254259117,0.08467580485197201,0.03251692868730935,-0.02271261214316719,0.08455714078238073,0.26609346609062867,6.944444444444444e-05,False,,0.0035675329705092173,,1242,0.4812680115273775,621,0.47797716150081565,373,0.4932249322493225,186,0.4835164835164835,,,,,,0.03285216347512788,5,0.03916100091427451,246,0.027927836827850928,-0.02092143346208754,249,-0.05146323109516274,-0.051451453291894246,246,0.11754675886729155,0.029980409028910193,251,0.01878164476678981,0.02055472600028098,250,0.036826178703332796
ES,finished_inside_prior_rth_range,30,R,1242,0.0044315454489586145,-0.0530313633099822,0.05611815531735926,0.003216485518133131,-0.052717338038823953,0.05744790824225968,0.9124348552596082,6.944444444444444e-05,False,,0.39049919484702095,,1242,0.5093525179856115,621,0.509771986970684,373,0.5,186,0.5108695652173914,,,,,,0.003185075202343949,5,0.2306910569105691,246,-0.005353627387510227,0.2700803212851406,249,-0.09952961445057132,-0.23780487804878048,246,-0.04275809147738267,1.1444223107569722,251,0.021081293745162714,0.529,250,0.08027825791753584
ES,finished_inside_prior_rth_range,30,Q,1242,0.013556095538759033,-0.04484617917001553,0.06405050879498862,0.016197264992378762,-0.04234537761461222,0.06874592941022105,0.5797074889426124,6.944444444444444e-05,False,,-0.0024654768001148198,,1242,0.479136690647482,621,0.4796747967479675,373,0.46883468834688347,186,0.46703296703296704,,,,,,0.01649636067514446,5,0.023460118372165592,246,0.011520088748275665,-0.045060020051862104,249,-0.0935940914881974,-0.05215086171311781,246,0.10161375693487588,0.04837102997299548,251,0.012950834286805974,0.012298468583293755,250,0.02860454766300519
NQ,overnight_return,5,R,1284,-0.09057815230199794,-0.16197264648465656,-0.012175909468670625,-0.04908630668808337,-0.10701318715230687,0.01197876499805335,0.08767772900969195,6.944444444444444e-05,False,-0.6,-0.1507782101167315,-1.3813725490196078,1284,0.4788732394366197,642,0.47417840375586856,385,0.4883116883116883,193,0.43005181347150256,-0.825,1.6507867132867133,-2.4757867132867135,-5.521417561311927,0.6003191482812934,-0.04699519903866796,5,1.966796875,256,-0.07963895164109805,0.835603112840467,257,0.052514310140906705,1.2058823529411764,255,-0.22671912047537038,-1.1647286821705427,258,0.0610044789778372,-1.3585271317829457,258,-0.003737894903355551
NQ,overnight_return,5,Q,1284,-0.04987725926293432,-0.10368773002767405,0.0021610206370405896,-0.028167385435118725,-0.08523203006854159,0.02561568353996612,0.32735679740994694,6.944444444444444e-05,False,-0.7999999999999999,0.034421055481291686,0.0173927396706252,1284,0.48982785602503914,642,0.484375,385,0.4817708333333333,193,0.44559585492227977,0.018444724365670958,0.04989443048501724,-0.03144970611934628,-0.09740877192678912,0.03022710259942919,-0.026998187699564326,5,0.07755847734650126,256,0.008749833027690371,-0.006009653398769016,257,0.07305213684611606,0.027829407287122042,255,-0.2567089911243139,0.025149253805751497,258,0.07324779622346844,0.03801619740567639,258,0.005746106402816902
NQ,overnight_return,10,R,1284,-0.1427158930207634,-0.22428576514793946,-0.056744087077663145,-0.07530883679819143,-0.13144103624635878,-0.015475328811038557,0.008717112652688375,6.944444444444444e-05,False,-0.8999999999999998,1.8044747081712063,-4.5284313725490195,1284,0.48627450980392156,642,0.478125,385,0.4791666666666667,193,0.45077720207253885,-1.7852112676056338,3.147727272727273,-4.9329385403329065,-9.077498676499557,-1.33201836895499,-0.07326666844816704,5,1.8974609375,256,-0.0881867538955126,2.267509727626459,257,0.025495192434611267,-0.6137254901960785,255,-0.27689280836508345,-0.22286821705426357,258,-0.02825368131395146,-1.2877906976744187,258,0.004550384838471101
NQ,overnight_return,10,Q,1284,-0.06849751407193119,-0.12418833282162668,-0.01386985733559929,-0.037254329297194334,-0.09264864721651418,0.018030522561960086,0.1950840434421346,6.944444444444444e-05,False,-0.8999999999999998,0.020099888639939698,-0.01534879940898976,1284,0.48553557466770914,642,0.4734375,385,0.46475195822454307,193,0.3958333333333333,0.006234714969246159,0.0373967052810535,-0.031161990311807344,-0.09597810793509563,0.02669044724518707,-0.03590437488149568,5,0.06242952039666318,256,-0.019104023892030093,0.02491222539400414,257,0.07441311824145863,0.014670309691651317,255,-0.24798629127936533,0.005581367836094513,258,0.048763035698301774,-0.007458250233318715,258,-0.009864792769497173
NQ,overnight_return,15,R,1284,-0.09354100319764318,-0.17068867303916804,-0.010642473844609856,-0.05201279408385812,-0.10910089005395782,0.00816448872317006,0.07033112039848866,6.944444444444444e-05,False,-0.7,-0.16439688715953307,-3.596078431372549,1284,0.4835423197492163,642,0.475,385,0.4701298701298701,193,0.44559585492227977,-0.8954225352112676,1.9248251748251748,-2.8202477100364423,-7.342520468088249,1.6472240039889678,-0.04987976913640682,5,1.6201171875,256,-0.030665578461927932,1.534046692607004,257,0.09018511193751622,-0.16568627450980392,255,-0.17979371564946656,0.0562015503875969,258,-0.054291254049861244,-1.3449612403100775,258,0.00625763731003195
NQ,overnight_return,15,Q,1284,-0.05894967375255538,-0.11271862280697574,-0.0044969193162208605,-0.0256251012404264,-0.08046259887130434,0.02624922914522191,0.3729241024837473,6.944444444444444e-05,False,-0.7,0.014776276930625736,-0.0013882750491275469,1284,0.4836193447737909,642,0.4750778816199377,385,0.4649350649350649,193,0.44559585492227977,0.011382919905253093,0.03080481051826717,-0.019421890613014078,-0.08700072150851629,0.038622503477803743,-0.024108979600230254,5,0.05849152659106546,256,-0.017555451563423804,0.032607037612159814,257,0.09070439104310751,0.012361963683575092,255,-0.21453665147635734,0.012078062867864689,258,0.04322111502795764,-0.01830751495121965,258,-0.010793272796001696
NQ,overnight_return,30,R,1284,-0.04002688031742511,-0.12285436755972078,0.04322722852998665,-0.019461252203579082,-0.07557763730144024,0.04164925533099206,0.49864469393105937,6.944444444444444e-05,False,-0.3,1.0058365758754864,0.6009803921568627,1284,0.490625,642,0.4750778816199377,385,0.4987012987012987,193,0.47668393782383417,1.1992957746478874,2.7530594405594404,-1.553763665911553,-7.907822318526543,3.3888895215699746,-0.01842168791687284,5,1.0947265625,256,-0.06574309259800676,2.019455252918288,257,0.09503405606325602,3.069607843137255,255,-0.14458167683169226,2.729651162790698,258,-0.05169848223721108,0.4786821705426357,258,0.11054871957021382
NQ,overnight_return,30,Q,1284,-0.05653666565373841,-0.10783215967586342,-0.002548557918240704,-0.027408015721220088,-0.08186701601299516,0.02588403042365605,0.3405732722331447,6.944444444444444e-05,False,-0.7,0.014415221079859587,-0.019989944268745893,1284,0.47104851330203446,642,0.4501557632398754,385,0.4597402597402597,193,0.46113989637305697,-0.00048285716657231047,0.019884297307315293,-0.020367154473887605,-0.08356966490737983,0.0359025619167459,-0.02591499634467583,5,0.03381137610590682,256,-0.036973079263301,0.0010153414963595011,257,0.09924407517540862,0.0022147948757994707,255,-0.17768748159456088,0.015066158643924781,258,-0.003828183494310508,-0.013266018014142098,258,0.00735447999636721
NQ,overnight_range,5,R,1284,-0.025692780396356286,-0.10371863410199703,0.04675192809468743,0.011232865924430289,-0.05502540795508909,0.06587698388130594,0.6961605824329404,6.944444444444444e-05,False,0.19999999999999998,0.32655038759689925,2.0311284046692606,1284,0.51328125,642,0.528125,385,0.5208333333333334,193,0.533678756476684,,,,,,0.013105285087599047,5,1.966796875,256,0.12762756782056422,0.835603112840467,257,0.02020431261024056,1.2058823529411764,255,0.052108995721671096,-1.1647286821705427,258,0.040965101855762305,-1.3585271317829457,258,-0.034307288390449275
NQ,overnight_range,5,Q,1284,0.010131615666523135,-0.04627984962035996,0.059591170925053956,0.01861165677569256,-0.03884805374413342,0.06946707017591644,0.5175812837312099,6.944444444444444e-05,False,0.3,0.016308636204619233,0.08605410471082302,1284,0.5125,642,0.5054602184087363,385,0.509090909090909,193,0.5595854922279793,,,,,,0.020510122725689466,5,0.07755847734650126,256,0.01818588229046002,-0.006009653398769016,257,0.0417249774033425,0.027829407287122042,255,-0.029668249567142785,0.025149253805751497,258,0.019111122058789395,0.03801619740567639,258,0.10306730375684736
NQ,overnight_range,10,R,1284,-0.07671388542414943,-0.16844991713300023,0.013286083716025104,-0.017602565015420384,-0.07703889734031776,0.037677660455298204,0.5405461219255465,6.944444444444444e-05,False,-0.49999999999999994,0.688953488372093,-1.6595330739299612,1284,0.5176194205168363,642,0.49921996879875197,385,0.484375,193,0.48186528497409326,,,,,,-0.015306025970215423,5,1.8974609375,256,0.08123069473132412,2.267509727626459,257,0.10169801580272697,-0.6137254901960785,255,0.006422006563199356,-0.22286821705426357,258,-0.004436698133729463,-1.2877906976744187,258,-0.08941799117439266
NQ,overnight_range,10,Q,1284,-0.020056890756409783,-0.0770528456251998,0.028031738346984355,-0.0017074896411051845,-0.059226440924025237,0.04604069239334431,0.9526668702109662,6.944444444444444e-05,False,0.39999999999999997,0.018402065811544212,0.04181863303967412,1284,0.4972677595628415,642,0.4984375,385,0.4934725848563969,193,0.5104166666666666,,,,,,0.0002533541443737972,5,0.06242952039666318,256,0.05884071723013917,0.02491222539400414,257,0.05018308777442145,0.014670309691651317,255,-0.035296601713930294,0.005581367836094513,258,0.008597812542778615,-0.007458250233318715,258,0.04555186451843824
NQ,overnight_range,15,R,1284,-0.08159040093699192,-0.15771124087881389,-0.0051423859690998405,-0.013079895184268343,-0.06418255404395987,0.043795627267477176,0.6493057119038241,6.944444444444444e-05,False,-0.19999999999999998,0.9060077519379846,-3.7830739299610894,1284,0.525039123630673,642,0.5117004680187207,385,0.4961038961038961,193,0.48186528497409326,,,,,,-0.010787319915922081,5,1.6201171875,256,0.061856295073846795,1.534046692607004,257,0.037943131169396786,-0.16568627450980392,255,-0.05021554445966184,0.0562015503875969,258,-0.052300406249660925,-1.3449612403100775,258,-0.06681238353467042
NQ,overnight_range,15,Q,1284,-0.0396427575136424,-0.09521923114487259,0.008855226121884031,-0.01720640737687089,-0.07699073372339575,0.03257206891778369,0.5496988739607627,6.944444444444444e-05,False,-0.6,0.0253638811598465,0.012758794567846728,1284,0.5054517133956387,642,0.5015576323987538,385,0.4857142857142857,193,0.47150259067357514,,,,,,-0.015295455393225067,5,0.05849152659106546,256,0.033076445631115135,0.032607037612159814,257,0.048336152087744395,0.012361963683575092,255,-0.04540170562948272,0.012078062867864689,258,-0.007302645324570095,-0.01830751495121965,258,0.010684656164529911
NQ,overnight_range,30,R,1284,-0.002859635604448588,-0.07311886616240294,0.07308948706636956,0.02405595694548408,-0.02679487000095657,0.08156226597578045,0.40291470526204365,6.944444444444444e-05,False,0.0,0.5794573643410853,0.3657587548638132,1284,0.5335413416536662,642,0.5295950155763239,385,0.535064935064935,193,0.538860103626943,,,,,,0.02256374185535969,5,1.0947265625,256,0.059361347903975015,2.019455252918288,257,0.03188110709659353,3.069607843137255,255,-0.02050838444793997,2.729651162790698,258,-0.004524720089610732,0.4786821705426357,258,-0.014084066620070543
NQ,overnight_range,30,Q,1284,-0.024553260640954862,-0.07439724920920311,0.027026168831061115,-0.0031458002143345725,-0.0574272445482436,0.04514576007455757,0.9129178173725658,6.944444444444444e-05,False,0.0,0.014527339493762574,0.0038692591835910845,1284,0.49375,642,0.4937694704049844,385,0.4831168831168831,193,0.46632124352331605,,,,,,-0.0017648033582004419,5,0.03381137610590682,256,0.05378361488090224,0.0010153414963595011,257,0.026029001984157668,0.0022147948757994707,255,-0.03407872920560314,0.015066158643924781,258,-0.018631388736244026,-0.013266018014142098,258,0.006672513005922315
NQ,range_position_0929,5,R,1284,-0.012407172891923566,-0.06765545279865619,0.04361627294038561,0.002976026853201438,-0.04913785768859337,0.05757285998300106,0.9176002981701183,6.944444444444444e-05,False,-0.3,1.8278210116731517,1.325875486381323,1284,0.5094043887147336,642,0.49765990639625585,385,0.515625,193,0.5181347150259067,0.15551724137931033,0.4,-0.2444827586206897,-3.102526716371544,3.1985861292326754,0.0030123118737748413,5,1.966796875,256,-0.02303264709565921,0.835603112840467,257,0.027332503131868295,1.2058823529411764,255,-0.13266733457018381,-1.1647286821705427,258,0.11923021896107713,-1.3585271317829457,258,-0.0014207701822368218
NQ,range_position_0929,5,Q,1284,0.022221766337474427,-0.03041926397930163,0.07432430678168082,0.025231193947901416,-0.030016774324242337,0.07813546423168852,0.38031988457848476,6.944444444444444e-05,False,0.3,0.03950566890877232,0.10172694326852746,1284,0.5109717868338558,642,0.516380655226209,385,0.548051948051948,193,0.5544041450777202,0.04197197368723569,0.019077795259141914,0.022894178428093773,-0.037846327978819164,0.09725776012456197,0.0248541828776839,5,0.07755847734650126,256,0.06283028655648304,-0.006009653398769016,257,0.03387057179071528,0.027829407287122042,255,-0.15167684181791025,0.025149253805751497,258,0.11209514351287041,0.03801619740567639,258,0.06955927184150666
NQ,range_position_0929,10,R,1284,-0.04378694929783325,-0.10035025258272062,0.01006442923783454,-0.0269792787770718,-0.07979716229103609,0.02464546355940415,0.34818387918516236,6.944444444444444e-05,False,-0.7999999999999999,3.3988326848249026,-0.20038910505836577,1284,0.5058915946582875,642,0.49686520376175547,385,0.5209424083769634,193,0.5130890052356021,-0.8644827586206897,1.8869369369369369,-2.7514196955576264,-6.487850031065548,1.6977928704566543,-0.027553538929246488,5,1.8974609375,256,-0.05036221188856667,2.267509727626459,257,0.0009503455500611455,-0.6137254901960785,255,-0.18458852892608874,-0.22286821705426357,258,0.015846357243167464,-1.2877906976744187,258,0.029164801832441977
NQ,range_position_0929,10,Q,1284,0.010268728535763048,-0.04444031159820327,0.06244998965929601,0.01285055297647155,-0.041864819606984925,0.06471840746668041,0.6550534999172342,6.944444444444444e-05,False,0.3,0.02340412710197741,0.07496225034182159,1284,0.5058731401722788,642,0.496875,385,0.5221932114882507,193,0.5130890052356021,0.026176547673123184,0.009221818498991606,0.01695472917413158,-0.042535307469958844,0.091322564664174,0.012435863875265688,5,0.06242952039666318,256,0.029398958247486916,0.02491222539400414,257,0.035777375402812395,0.014670309691651317,255,-0.15004255448509593,0.005581367836094513,258,0.08363663996530499,-0.007458250233318715,258,0.05721844318361462
NQ,range_position_0929,15,R,1284,-0.02411641168514658,-0.08328699020239771,0.027577402302146163,-0.013593967636349765,-0.07008804318222668,0.038700880146219814,0.6364978830815813,6.944444444444444e-05,False,-0.3,1.9620622568093384,-0.4474708171206226,1284,0.5062794348508635,642,0.49059561128526646,385,0.4960835509138381,193,0.4895833333333333,-0.13896551724137932,0.8806306306306306,-1.01959614787201,-5.504308170239204,4.0505369680024845,-0.014473397673613952,5,1.6201171875,256,-0.027536815011439342,1.534046692607004,257,0.06379855656741083,-0.16568627450980392,255,-0.117128809166817,0.0562015503875969,258,-0.0026266705589370848,-1.3449612403100775,258,0.019878135274431503
NQ,range_position_0929,15,Q,1284,0.014952084873365542,-0.039451620750239155,0.0644698315523351,0.01666933265240942,-0.036424831810805296,0.06579964139808697,0.5622278717090092,6.944444444444444e-05,False,0.3,0.021095483627402968,0.07736626960377103,1284,0.50390625,642,0.5,385,0.5116883116883116,193,0.49740932642487046,0.03101183279537594,0.001608861026211698,0.02940297176916424,-0.02960297351854171,0.10334491572229541,0.015900469799451884,5,0.05849152659106546,256,0.012180487294610756,0.032607037612159814,257,0.04473349614852552,0.012361963683575092,255,-0.12153277091015435,0.012078062867864689,258,0.08103094015352039,-0.01830751495121965,258,0.04079020140751773
NQ,range_position_0929,30,R,1284,-0.012263832031085456,-0.06951571403176193,0.0462961966025815,-0.019322472746847362,-0.06960007117771644,0.03273839451537146,0.5017126104966447,6.944444444444444e-05,False,-0.09999999999999999,2.377431906614786,0.07198443579766536,1284,0.49295774647887325,642,0.48286604361370716,385,0.4831168831168831,193,0.46113989637305697,2.1882758620689655,1.2256756756756757,0.9626001863932898,-4.9867757067412235,7.757142823858334,-0.020574005733331395,5,1.0947265625,256,-0.027227397891268768,2.019455252918288,257,0.02847683126637436,3.069607843137255,255,-0.1456131717063645,2.729651162790698,258,-0.0461971911699788,0.4786821705426357,258,0.10077426752962684
NQ,range_position_0929,30,Q,1284,-0.0017578338148480726,-0.05753044559808478,0.04962111040040566,-0.001695503249139913,-0.05602653000144813,0.050706536063429494,0.9529987583188353,6.944444444444444e-05,False,0.09999999999999999,0.011547131770150479,0.024260395849566806,1284,0.4843260188087774,642,0.4789391575663027,385,0.4623376623376623,193,0.44041450777202074,0.014247455041942629,-0.0037086997678957424,0.017956154809838372,-0.03629416222000966,0.09491331676835645,-0.0028550317647135864,5,0.03381137610590682,256,-0.008120432457911553,0.0010153414963595011,257,0.041208109987985846,0.0022147948757994707,255,-0.12798937296784954,0.015066158643924781,258,0.026742649990025184,-0.013266018014142098,258,0.04382839335429334
NQ,signed_path_efficiency_on,5,R,1284,-0.04989999089140479,-0.10872122331316608,0.007348479465695428,-0.03400405897580933,-0.08836226845709658,0.02145542074600818,0.23698715774768386,6.944444444444444e-05,False,-0.6,1.485408560311284,0.3842412451361868,1284,0.4788732394366197,642,0.49059561128526646,385,0.5026041666666666,193,0.44559585492227977,-0.825,1.6507867132867133,-2.4757867132867135,-5.521417561311927,0.6003191482812934,-0.03276138624420414,5,1.966796875,256,-0.05270758956572611,0.835603112840467,257,0.02920706072409805,1.2058823529411764,255,-0.21444065676989085,-1.1647286821705427,258,0.07503199938116882,-1.3585271317829457,258,-0.005902492872422799
NQ,signed_path_efficiency_on,5,Q,1284,-0.015576745083921472,-0.07575040201624861,0.03717599577701957,-0.008779589913229094,-0.06685604313102349,0.04552289642764547,0.7602017940171382,6.944444444444444e-05,False,-0.09999999999999999,0.04890350163978125,0.05230839874763855,1284,0.48982785602503914,642,0.5086071987480438,385,0.5324675324675324,193,0.46113989637305697,0.018444724365670958,0.04989443048501724,-0.03144970611934628,-0.09740877192678912,0.03022710259942919,-0.009170175788987895,5,0.07755847734650126,256,0.02478047517436175,-0.006009653398769016,257,0.05368209653220926,0.027829407287122042,255,-0.22689558057224418,0.025149253805751497,258,0.08381409637729913,0.03801619740567639,258,0.016459676047194175
NQ,signed_path_efficiency_on,10,R,1284,-0.06791047633720178,-0.12264731894786189,-0.013888771360017147,-0.05350318570896934,-0.10508783794452389,0.000379290193617696,0.06264146338569487,6.944444444444444e-05,False,-0.8999999999999998,3.6284046692607004,-1.8346303501945525,1284,0.48627450980392156,642,0.493730407523511,385,0.5026041666666666,193,0.453125,-1.7852112676056338,3.147727272727273,-4.9329385403329065,-9.077498676499557,-1.33201836895499,-0.05213521204109806,5,1.8974609375,256,-0.057536141612361306,2.267509727626459,257,0.009490723316042858,-0.6137254901960785,255,-0.2421657854904745,-0.22286821705426357,258,-0.007601567061711855,-1.2877906976744187,258,0.0130938495038796
NQ,signed_path_efficiency_on,10,Q,1284,-0.024584491760052986,-0.08034428918061651,0.027791982013718606,-0.014090426426515635,-0.07292362842347126,0.04179297904743339,0.6242309463860911,6.944444444444444e-05,False,-0.39999999999999997,0.058532679227703256,0.03349055972351842,1284,0.48553557466770914,642,0.4914196567862715,385,0.4947916666666667,193,0.421875,0.006234714969246159,0.0373967052810535,-0.031161990311807344,-0.09597810793509563,0.02669044724518707,-0.013873888211730918,5,0.06242952039666318,256,0.006864783962273439,0.02491222539400414,257,0.055751372959045455,0.014670309691651317,255,-0.20577192243525846,0.005581367836094513,258,0.061298576429077774,-0.007458250233318715,258,-0.0003633559697115735
NQ,signed_path_efficiency_on,15,R,1284,-0.03325359816439956,-0.09206106622583982,0.02319193579890479,-0.03149181190788822,-0.08620834993307487,0.02030238157446953,0.2734627415842301,6.944444444444444e-05,False,-0.8999999999999998,1.3881322957198443,-1.4036964980544746,1284,0.4835423197492163,642,0.48194662480376765,385,0.4921875,193,0.47668393782383417,-0.8954225352112676,1.9248251748251748,-2.8202477100364423,-7.342520468088249,1.6472240039889678,-0.02982601127679849,5,1.6201171875,256,-0.017620404885906722,1.534046692607004,257,0.08245608983524054,-0.16568627450980392,255,-0.15883118705272012,0.0562015503875969,258,-0.039018866568617326,-1.3449612403100775,258,0.018775479829564998
NQ,signed_path_efficiency_on,15,Q,1284,-0.011721630684691413,-0.06507972099230624,0.04198696402486681,-0.0011467495794199103,-0.058731187146008446,0.053642165285930805,0.9682008541190961,6.944444444444444e-05,False,-0.3,0.05632137697402204,0.04201720043669852,1284,0.4836193447737909,642,0.4953271028037383,385,0.5012987012987012,193,0.45595854922279794,0.011382919905253093,0.03080481051826717,-0.019421890613014078,-0.08700072150851629,0.038622503477803743,-0.0003040669223602406,5,0.05849152659106546,256,0.010895680280867981,0.032607037612159814,257,0.07344655735005909,0.012361963683575092,255,-0.17789390190334523,0.012078062867864689,258,0.058227156415215094,-0.01830751495121965,258,-0.0006491493017191294
NQ,signed_path_efficiency_on,30,R,1284,-0.003930720343133147,-0.06249580101730409,0.05716335544922357,-0.012540299046288403,-0.06772797852336841,0.0441123805293811,0.6628616372998399,6.944444444444444e-05,False,-0.3,1.9737354085603114,1.4221789883268483,1284,0.490625,642,0.4797507788161994,385,0.4857142857142857,193,0.48704663212435234,1.1992957746478874,2.7530594405594404,-1.553763665911553,-7.907822318526543,3.3888895215699746,-0.014685570746024211,5,1.0947265625,256,-0.04630806368702276,2.019455252918288,257,0.06941250329980905,3.069607843137255,255,-0.13026705265403574,2.729651162790698,258,-0.04011825917902341,0.4786821705426357,258,0.1127867319782607
NQ,signed_path_efficiency_on,30,Q,1284,-0.014389990722717811,-0.06609397783198198,0.03810328865520064,-0.0069135981531337504,-0.06294597541852748,0.0425719072374545,0.8100638447782009,6.944444444444444e-05,False,-0.39999999999999997,0.042491635354041164,0.01630913222863144,1284,0.47104851330203446,642,0.47737909516380655,385,0.4857142857142857,193,0.46632124352331605,-0.00048285716657231047,0.019884297307315293,-0.020367154473887605,-0.08356966490737983,0.0359025619167459,-0.007015557859204873,5,0.03381137610590682,256,-0.016491557344045577,0.0010153414963595011,257,0.08489227324475268,0.0022147948757994707,255,-0.1526915777839237,0.015066158643924781,258,0.018560845333394093,-0.013266018014142098,258,0.015145993880949992
NQ,dist_from_overnight_high,5,R,1284,0.04652838830133981,-0.034490323133094726,0.12400672889224282,-0.003450089271748123,-0.06266963291795342,0.051105799773667304,0.9045329434468337,6.944444444444444e-05,False,-0.19999999999999998,0.9300766283524904,1.017509727626459,1284,0.513302034428795,642,0.513302034428795,385,0.5338541666666666,193,0.5544041450777202,,,,,,-0.0046375938816355915,5,1.966796875,256,0.07890800676237042,0.835603112840467,257,-0.014921120516789219,1.2058823529411764,255,0.10841175031787051,-1.1647286821705427,258,-0.09805568846999517,-1.3585271317829457,258,-0.004014981016932376
NQ,dist_from_overnight_high,5,Q,1284,0.025299468710651578,-0.026780268044477484,0.07384447058356679,-0.01823293038308839,-0.06991532312555568,0.03233170712714899,0.5261408587832332,6.944444444444444e-05,False,-0.3,0.07401805266559684,0.04722359338073575,1284,0.5125195618153364,642,0.500780031201248,385,0.5182291666666666,193,0.5181347150259067,,,,,,-0.019481901583264224,5,0.07755847734650126,256,-0.05412873404640216,-0.006009653398769016,257,-0.020015479460254865,0.027829407287122042,255,0.0932937021061481,0.025149253805751497,258,-0.09083395685292849,0.03801619740567639,258,-0.021774646057452753
NQ,dist_from_overnight_high,10,R,1284,0.048642114117505936,-0.042872153619043285,0.14486927538779482,0.008696519575462292,-0.049929896586113846,0.06369542920851137,0.7624022005852233,6.944444444444444e-05,False,-0.09999999999999999,0.1331417624521073,-0.01264591439688716,1284,0.5176470588235295,642,0.5054773082942097,385,0.515625,193,0.49740932642487046,,,,,,0.010185132468173817,5,1.8974609375,256,0.08969502233193062,2.267509727626459,257,0.055159697647387165,-0.6137254901960785,255,0.12377858767518157,-0.22286821705426357,258,-0.03397317239028546,-1.2877906976744187,258,-0.0429258197964934
NQ,dist_from_overnight_high,10,Q,1284,0.018140937491789598,-0.03633428497685686,0.06890495173529924,-0.01743296286328699,-0.06848357767072479,0.03336660955533034,0.5444552507837237,6.944444444444444e-05,False,-0.39999999999999997,0.05353854903534489,0.028311886940670935,1284,0.49726348709929635,642,0.4890625,385,0.5065274151436031,193,0.5208333333333334,,,,,,-0.017518171623422715,5,0.06242952039666318,256,-0.001930383176800762,0.02491222539400414,257,-0.007848377930290903,0.014670309691651317,255,0.08366789043160612,0.005581367836094513,258,-0.07696661591466317,-0.007458250233318715,258,-0.018040956166193205
NQ,dist_from_overnight_high,15,R,1284,0.016984381343678884,-0.05986276567731987,0.10521549438382137,0.00431062286780075,-0.05432824608589233,0.06011789493768646,0.8808808904859717,6.944444444444444e-05,False,0.0,0.15229885057471265,-1.3297665369649805,1284,0.5250783699059561,642,0.5179407176287052,385,0.5168831168831168,193,0.5284974093264249,,,,,,0.00607503666835999,5,1.6201171875,256,0.049251278210723795,1.534046692607004,257,-0.031176378992423204,-0.16568627450980392,255,0.053722320388584974,0.0562015503875969,258,-0.0385081752861058,-1.3449612403100775,258,-0.004009551509173594
NQ,dist_from_overnight_high,15,Q,1284,0.003321196467624476,-0.051367995659894895,0.04995063291167007,-0.027665961825391324,-0.08148247617319773,0.02306436165895495,0.33604607214907656,6.944444444444444e-05,False,-0.8999999999999998,0.053381600313911835,0.010499159493475529,1284,0.5054602184087363,642,0.5,385,0.5142857142857142,193,0.5077720207253886,,,,,,-0.027712597390288283,5,0.05849152659106546,256,0.0016029607211985532,0.032607037612159814,257,-0.016087194901559923,0.012361963683575092,255,0.05799622686545565,0.012078062867864689,258,-0.0830492527228913,-0.01830751495121965,258,-0.010259129178866034
NQ,dist_from_overnight_high,30,R,1284,0.044554330598556055,-0.04358783018905739,0.126053725772532,0.03467624693943324,-0.017891708781986457,0.08659527599437941,0.2278382909457064,6.944444444444444e-05,False,0.39999999999999997,-1.0028735632183907,0.2237354085603113,1284,0.53359375,642,0.5515625,385,0.546875,193,0.5492227979274611,,,,,,0.03682274745164157,5,1.0947265625,256,0.05224475125046295,2.019455252918288,257,0.006840138711939053,3.069607843137255,255,0.10484234729540103,2.729651162790698,258,0.024156566711022533,0.4786821705426357,258,-0.06841727650537259
NQ,dist_from_overnight_high,30,Q,1284,0.020534308539760848,-0.030032396587446695,0.06626627950256898,-0.0009759508533539174,-0.05345506149619402,0.05164451124758941,0.9729350973467941,6.944444444444444e-05,False,-0.09999999999999999,0.005190388794659168,0.013343773991951786,1284,0.4937402190923318,642,0.5062305295950156,385,0.5194805194805194,193,0.5284974093264249,,,,,,-0.0006847827463136971,5,0.03381137610590682,256,0.029302273193279726,0.0010153414963595011,257,-0.013503837930807307,0.0022147948757994707,255,0.07360243345761373,0.015066158643924781,258,-0.037850421417240834,-0.013266018014142098,258,-0.005113577603871139
NQ,dist_from_overnight_low,5,R,1284,-0.07909580240461504,-0.1423548582162385,-0.0043160234266902365,0.0073191142978509885,-0.05496104561831158,0.06145828641016733,0.7991545070755981,6.944444444444444e-05,False,-0.09999999999999999,-0.5389105058365758,-1.046692607003891,1284,0.5129007036747459,642,0.5203125,385,0.5260416666666666,193,0.49222797927461137,,,,,,0.00951032081192398,5,1.966796875,256,0.05373726819752855,0.835603112840467,257,0.0370695200128996,1.2058823529411764,255,-0.10990981374478774,-1.1647286821705427,258,0.10119753470357093,-1.3585271317829457,258,-0.014190538697524636
NQ,dist_from_overnight_low,5,Q,1284,-0.010716373054012192,-0.05937143130435569,0.041116073671692246,0.029530878136464215,-0.027679701410002845,0.08154358836733124,0.3044718602813721,6.944444444444444e-05,False,0.7,-0.003114916552308907,0.029399506761824654,1284,0.5121188428459734,642,0.5210608424336973,385,0.5116883116883116,193,0.47668393782383417,,,,,,0.029762663026267813,5,0.07755847734650126,256,0.047610625999124634,-0.006009653398769016,257,0.04793712121490976,0.027829407287122042,255,-0.17192230483945228,0.025149253805751497,258,0.09294195868817366,0.03801619740567639,258,0.10345401058329501
NQ,dist_from_overnight_low,10,R,1284,-0.14948266643906383,-0.2192550738429543,-0.0787208724049152,-0.025344899527891096,-0.08384503593414759,0.027750770855794984,0.3781758308855889,6.944444444444444e-05,False,-0.09999999999999999,-0.24221789883268482,-5.716926070038911,1284,0.5172413793103449,642,0.514866979655712,385,0.4921875,193,0.45077720207253885,,,,,,-0.02307896489314817,5,1.8974609375,256,0.02344546053135495,2.267509727626459,257,0.0705155340338461,-0.6137254901960785,255,-0.18668458378169442,-0.22286821705426357,258,-0.02698140812592029,-1.2877906976744187,258,0.006242495824390614
NQ,dist_from_overnight_low,10,Q,1284,-0.04428948554749568,-0.09812315258537932,0.007543799495173045,0.00921092840864168,-0.046974954435653034,0.05797201267631472,0.7488077844716119,6.944444444444444e-05,False,-0.09999999999999999,-0.0058866717327412605,-0.006987931046396573,1284,0.496875,642,0.5070202808112324,385,0.4817708333333333,193,0.44559585492227977,,,,,,0.010218673688376138,5,0.06242952039666318,256,0.04867457772508559,0.02491222539400414,257,0.06193386741225968,0.014670309691651317,255,-0.17676529178060493,0.005581367836094513,258,0.052677550726680664,-0.007458250233318715,258,0.078722861598011
NQ,dist_from_overnight_low,15,R,1284,-0.1256208660404404,-0.19700560613854334,-0.055533546056258924,-0.010260373992908179,-0.07287907904279822,0.04057457144813811,0.7213182780433913,6.944444444444444e-05,False,-0.09999999999999999,-1.583657587548638,-5.969844357976654,1284,0.5246671887235709,642,0.5211267605633803,385,0.4973958333333333,193,0.45595854922279794,,,,,,-0.007963016251732156,5,1.6201171875,256,0.03174253754032941,1.534046692607004,257,0.08109881781447502,-0.16568627450980392,255,-0.1502270789255432,0.0562015503875969,258,-0.08069667354280831,-1.3449612403100775,258,0.018129991525721305
NQ,dist_from_overnight_low,15,Q,1284,-0.05630161793075696,-0.10805477941755352,-0.003540939823943384,0.0023469532742692377,-0.05747937902260861,0.052434631173443144,0.9349742565935613,6.944444444444444e-05,False,0.0,-0.0006355493743443802,-0.02135752860605005,1284,0.505066250974279,642,0.5093457943925234,385,0.4779220779220779,193,0.45595854922279794,,,,,,0.0036603811603363413,5,0.05849152659106546,256,0.0231201510446884,0.032607037612159814,257,0.06925251281902241,0.012361963683575092,255,-0.15382321747049013,0.012078062867864689,258,0.034597543787384416,-0.01830751495121965,258,0.05660719161717097
NQ,dist_from_overnight_low,30,R,1284,-0.04660890812440412,-0.11504616503837443,0.03031148240833485,0.015453701492373868,-0.03649892036071408,0.07253638809988992,0.5910844262583732,6.944444444444444e-05,False,0.3,-1.215953307392996,-0.448443579766537,1284,0.5331772053083529,642,0.5358255451713395,385,0.522077922077922,193,0.49740932642487046,,,,,,0.017824769808551237,5,1.0947265625,256,0.008643309428670257,2.019455252918288,257,0.07311762161777213,3.069607843137255,255,-0.1468722939454313,2.729651162790698,258,-0.07320259839498025,0.4786821705426357,258,0.09984251418323768
NQ,dist_from_overnight_low,30,Q,1284,-0.05261159366185515,-0.1035152435340526,0.0003425547548283869,0.0052801392194926095,-0.05258427347050754,0.05547425841446354,0.8543609687735512,6.944444444444444e-05,False,0.0,-0.015697501714875984,-0.02861827443339116,1284,0.49335418295543393,642,0.49065420560747663,385,0.4649350649350649,193,0.39378238341968913,,,,,,0.006706497175185233,5,0.03381137610590682,256,0.014904368349185177,0.0010153414963595011,257,0.07161887351192342,0.0022147948757994707,255,-0.13985502067927394,0.015066158643924781,258,-0.01503123938306493,-0.013266018014142098,258,0.05505065715842344
NQ,normalized_overnight_volume,5,R,1264,0.06617864330676361,-0.01214908186766292,0.13550328040431078,0.043181836952108206,-0.01723097572235198,0.0962343602963826,0.1361434067855969,6.944444444444444e-05,False,0.09999999999999999,1.0592885375494072,3.4980237154150196,1264,0.515079365079365,632,0.5396825396825397,379,0.5714285714285714,190,0.6084656084656085,,,,,,0.04091494754340352,5,2.1133474576271185,236,0.16760547527121847,0.835603112840467,257,-0.018971651602459554,1.2058823529411764,255,0.03899519752756831,-1.1647286821705427,258,0.01119432122415717,-1.3585271317829457,258,-0.009167835502093895
NQ,normalized_overnight_volume,5,Q,1264,0.05711035311748128,0.006593380935041361,0.10569304774853833,0.03913055838496826,-0.016958092937086174,0.09434020501171328,0.1769076106676426,6.944444444444444e-05,False,0.3,0.029837403142850823,0.10495528592493152,1264,0.5122918318794607,632,0.5198098256735341,379,0.5529100529100529,190,0.5736842105263158,,,,,,0.03803479166620221,5,0.0902677562255578,236,0.06739554765155852,-0.006009653398769016,257,-0.019930671777753477,0.027829407287122042,255,0.03533689992839555,0.025149253805751497,258,0.020081730736513356,0.03801619740567639,258,0.06721526430479939
NQ,normalized_overnight_volume,10,R,1264,0.06375703214795403,-0.022958773616051056,0.13287923580539143,0.02554065337630536,-0.0384651221039414,0.08526568756965823,0.3782572487736773,6.944444444444444e-05,False,0.09999999999999999,1.6373517786561265,4.303359683794467,1264,0.5186953062848051,632,0.5277337559429477,379,0.554089709762533,190,0.5736842105263158,,,,,,0.023224325025554594,5,1.9533898305084745,236,0.10740593567490418,2.267509727626459,257,0.06555841999192732,-0.6137254901960785,255,-0.03678540916141381,-0.22286821705426357,258,0.005381924852627174,-1.2877906976744187,258,0.0034802101264280673
NQ,normalized_overnight_volume,10,Q,1264,0.0650232089309389,0.013341932589419464,0.11693026864083374,0.044598918064509614,-0.013686263585215562,0.09731954611930525,0.12373638496162265,6.944444444444444e-05,False,0.7,0.004856085152858552,0.11462264152148967,1264,0.4980174464710547,632,0.5063291139240507,379,0.5488126649076517,190,0.5842105263157895,,,,,,0.04340108245375289,5,0.0723281794383021,236,0.11112285285020174,0.02491222539400414,257,0.009767324391044649,0.014670309691651317,255,-0.010899158897589719,0.005581367836094513,258,0.02214901910367905,-0.007458250233318715,258,0.07562311181548113
NQ,normalized_overnight_volume,15,R,1264,0.03573021134299849,-0.03834874982466476,0.09970389773481414,0.008646214667242432,-0.05102167651661652,0.06355859370021742,0.7655328048353693,6.944444444444444e-05,False,0.3,1.8725296442687747,2.935770750988142,1264,0.5238473767885533,632,0.5111111111111111,379,0.5343915343915344,190,0.5502645502645502,,,,,,0.006433832239423862,5,1.6451271186440677,236,0.09130370876727827,1.534046692607004,257,-0.022406980321117275,-0.16568627450980392,255,-0.025903500560415186,0.0562015503875969,258,-0.001978212757201545,-1.3449612403100775,258,-0.00039585066054256953
NQ,normalized_overnight_volume,15,Q,1264,0.04592747544473912,-0.008477024707974904,0.09525465657316601,0.024521830864180957,-0.035230380772328075,0.07870547369426643,0.3975807668766822,6.944444444444444e-05,False,0.09999999999999999,0.016378479449582442,0.08683854985911729,1264,0.5063291139240507,632,0.509493670886076,379,0.5461741424802111,190,0.5631578947368421,,,,,,0.02330915880928643,5,0.06696230331332197,236,0.07813928647257609,0.032607037612159814,257,0.000922933465078805,0.012361963683575092,255,-0.02481800371845523,0.012078062867864689,258,0.006767861410308125,-0.01830751495121965,258,0.056099706258201765
NQ,normalized_overnight_volume,30,R,1264,0.03472899951012823,-0.034255563337459244,0.09973657053557686,0.0208152804444078,-0.03949041219430143,0.07655832627589933,0.4727316309178651,6.944444444444444e-05,False,0.6,2.1551383399209487,6.163043478260869,1264,0.5340729001584786,632,0.5277337559429477,379,0.5461741424802111,190,0.5368421052631579,,,,,,0.019793015214754697,5,1.3241525423728813,236,0.09318758191740914,2.019455252918288,257,-0.01698877266084486,3.069607843137255,255,-0.03663687353090337,2.729651162790698,258,0.029070766840696552,0.4786821705426357,258,0.030135321229430044
NQ,normalized_overnight_volume,30,Q,1264,0.0327262729858591,-0.024274915977940167,0.08137670441912156,0.0139726157211931,-0.0452220730741941,0.06596311717410865,0.6298346807043602,6.944444444444444e-05,False,0.3,0.019083683425227697,0.05513976485378621,1264,0.49603174603174605,632,0.5,379,0.5303430079155673,190,0.531578947368421,,,,,,0.012662361435050205,5,0.04279419806876144,236,0.08235429451004181,0.0010153414963595011,257,-0.03770299563673445,0.0022147948757994707,255,-0.05563632014767502,0.015066158643924781,258,0.00419990440946316,-0.013266018014142098,258,0.0633220704707448
NQ,dist_0929_from_vwap,5,R,1284,-0.08116509911122838,-0.15424412356525033,-0.0014894850759257022,-0.007997744660029853,-0.06370320183794226,0.05144342047313052,0.7809860040737626,6.944444444444444e-05,False,-0.49999999999999994,2.529182879377432,0.9260700389105059,1284,0.50390625,642,0.5085803432137286,385,0.5012987012987012,193,0.46113989637305697,0.16015625,0.4517241379310345,-0.2915678879310345,-3.018273964047806,2.565869722276646,-0.005931230303980382,5,1.966796875,256,-0.07778116763803881,0.835603112840467,257,0.02407963508744233,1.2058823529411764,255,-0.1289962234278778,-1.1647286821705427,258,0.08730801906069398,-1.3585271317829457,258,-0.018898179203820836
NQ,dist_0929_from_vwap,5,Q,1284,-0.024057766443660658,-0.07475665903065312,0.024737555815826054,-0.0022996647105418913,-0.05567513824521374,0.0448565064116691,0.9362816419745286,6.944444444444444e-05,False,0.09999999999999999,0.06020131786454646,0.06334687658662345,1284,0.49921875,642,0.5070202808112324,385,0.5142857142857142,193,0.47150259067357514,0.03558656452133351,0.02870816056028692,0.006878403961046591,-0.06831356493862376,0.06646760767974798,-0.0021061701500718136,5,0.07755847734650126,256,0.03343128934657471,-0.006009653398769016,257,0.010891809546820338,0.027829407287122042,255,-0.1748397465767171,0.025149253805751497,258,0.061253855639657934,0.03801619740567639,258,0.03337180015282728
NQ,dist_0929_from_vwap,10,R,1284,-0.13324466001938076,-0.21408593668501136,-0.04959647657134763,-0.045202029099202366,-0.10433853015493912,0.011946415861326375,0.1158472608589991,6.944444444444444e-05,False,-0.8999999999999998,3.8657587548638133,-3.835603112840467,1284,0.4988253719655442,642,0.49608763693270735,385,0.4739583333333333,193,0.47668393782383417,-0.8252840909090909,1.902155172413793,-2.727439263322884,-6.50888549422022,1.8275592672413772,-0.04299629752765497,5,1.8974609375,256,-0.10525284276058257,2.267509727626459,257,0.0026684595445941204,-0.6137254901960785,255,-0.19154170077070753,-0.22286821705426357,258,-0.027188782790612438,-1.2877906976744187,258,-0.0001981005061424269
NQ,dist_0929_from_vwap,10,Q,1284,-0.04072249914863782,-0.08902035619322655,0.007558687171660264,-0.012519425237689697,-0.0661080616740039,0.03567820090054885,0.663388294380673,6.944444444444444e-05,False,-0.39999999999999997,0.03475132625790725,0.02554507596619138,1284,0.49492583918813426,642,0.500780031201248,385,0.4869791666666667,193,0.4479166666666667,0.021381585583072116,0.018255958983119498,0.0031256265999526182,-0.07383642381760828,0.06729729954658656,-0.011537898446066003,5,0.06242952039666318,256,-0.01695900263042493,0.02491222539400414,257,0.023273746835377886,0.014670309691651317,255,-0.17234095984987924,0.005581367836094513,258,0.04261681603010589,-0.007458250233318715,258,0.0234703499781869
NQ,dist_0929_from_vwap,15,R,1284,-0.10316684551992349,-0.1872614850840178,-0.015563445253675057,-0.03472576148223161,-0.09464023187663316,0.023613001036692984,0.2271744442471031,6.944444444444444e-05,False,-0.7,3.2110894941634243,-4.722762645914397,1284,0.4984350547730829,642,0.49608763693270735,385,0.4701298701298701,193,0.42487046632124353,-0.53125,1.3935344827586207,-1.9247844827586207,-6.384259159482759,2.8534058459051694,-0.03250709555989562,5,1.6201171875,256,-0.06849776824253644,1.534046692607004,257,0.05435554703432021,-0.16568627450980392,255,-0.13474604101728377,0.0562015503875969,258,-0.03177194162868896,-1.3449612403100775,258,-0.03560035574226401
NQ,dist_0929_from_vwap,15,Q,1284,-0.042231814070688205,-0.09203031248336262,0.007776992710028188,-0.008448831344990252,-0.05861545950416167,0.039554635854719855,0.7689744092075583,6.944444444444444e-05,False,-0.6,0.022914667119839284,0.02161164456307881,1284,0.4929906542056075,642,0.4968847352024922,385,0.4779220779220779,193,0.45077720207253885,0.02221512006668649,0.015964650083614845,0.0062504699830716465,-0.06806993860787396,0.06659088707067562,-0.00713759795836946,5,0.05849152659106546,256,-0.03968629767897457,0.032607037612159814,257,0.03160172257563207,0.012361963683575092,255,-0.13836059689138994,0.012078062867864689,258,0.04578359893292021,-0.01830751495121965,258,0.0007399882782783187
NQ,dist_0929_from_vwap,30,R,1284,-0.07055217335171492,-0.1548074705652166,0.016337974070391954,-0.024712800454514953,-0.07902599829283884,0.03780405258813824,0.39018897425119836,6.944444444444444e-05,False,-0.3,3.635214007782101,-2.3200389105058368,1284,0.4875195007800312,642,0.4953271028037383,385,0.4597402597402597,193,0.42487046632124353,1.7254971590909092,2.060344827586207,-0.3348476684952977,-6.326475619612069,5.6460834027233515,-0.022441330575705062,5,1.0947265625,256,-0.058260066130270585,2.019455252918288,257,0.041256124998755465,3.069607843137255,255,-0.1342612628947772,2.729651162790698,258,-0.09449693731064485,0.4786821705426357,258,0.05639808265796038
NQ,dist_0929_from_vwap,30,Q,1284,-0.052211683582856404,-0.10023550463977463,-0.0006055814467806367,-0.021238968940206007,-0.0711723477587909,0.030593065817785325,0.46024178143079353,6.944444444444444e-05,False,-0.7999999999999999,0.01741038969067092,-0.014207917370172145,1284,0.48046875,642,0.4735202492211838,385,0.43376623376623374,193,0.37823834196891193,0.0037150268948355175,0.012638767395732971,-0.008923740500897453,-0.08112864792255207,0.05055459993073218,-0.019816644356888614,5,0.03381137610590682,256,-0.05293728036829029,0.0010153414963595011,257,0.03549623413780668,0.0022147948757994707,255,-0.1252743558619387,0.015066158643924781,258,-0.016762932672958406,-0.013266018014142098,258,-0.0076797326819949205
NQ,normalized_dist_from_vwap,5,R,1284,-0.005205751031004598,-0.061242480984260717,0.05130244256800051,0.007950540627117437,-0.04265514498429392,0.059489359851087276,0.7822460348406126,6.944444444444444e-05,False,-0.09999999999999999,0.9883268482490273,0.4727626459143969,1284,0.50390625,642,0.4921875,385,0.535064935064935,193,0.5284974093264249,0.16015625,0.4517241379310345,-0.2915678879310345,-3.018273964047806,2.565869722276646,0.005927218771130088,5,1.966796875,256,-0.028256684294941048,0.835603112840467,257,0.013733582448101439,1.2058823529411764,255,-0.08109627449667557,-1.1647286821705427,258,0.08009669602490735,-1.3585271317829457,258,0.008532655435675955
NQ,normalized_dist_from_vwap,5,Q,1284,0.022677453383943624,-0.02814632245597168,0.07001782855927317,0.019833553387824623,-0.032248483624219164,0.06654891014078397,0.4904638810520967,6.944444444444444e-05,False,0.3,0.01919608431782696,0.09286390004850464,1284,0.49921875,642,0.516380655226209,385,0.535064935064935,193,0.538860103626943,0.03558656452133351,0.02870816056028692,0.006878403961046591,-0.06831356493862376,0.06646760767974798,0.018572075293637268,5,0.07755847734650126,256,0.06480189031164166,-0.006009653398769016,257,0.0010558476979311443,0.027829407287122042,255,-0.10486252374044912,0.025149253805751497,258,0.06014701610151683,0.03801619740567639,258,0.07888493040512273
NQ,normalized_dist_from_vwap,10,R,1284,-0.040605667488278076,-0.09507321202625547,0.011537492100967234,-0.026928511568502532,-0.08070206190403297,0.021958444681150716,0.3490921524444224,6.944444444444444e-05,False,-0.9999999999999999,2.8715953307392996,-1.1848249027237354,1284,0.4988253719655442,642,0.4890282131661442,385,0.5065616797900262,193,0.5104166666666666,-0.8252840909090909,1.902155172413793,-2.727439263322884,-6.50888549422022,1.8275592672413772,-0.028813452062022786,5,1.8974609375,256,-0.057565110678415916,2.267509727626459,257,-0.028441063253212124,-0.6137254901960785,255,-0.1394155282899719,-0.22286821705426357,258,-0.012587289448558763,-1.2877906976744187,258,0.025216412575526488
NQ,normalized_dist_from_vwap,10,Q,1284,0.010628404184831129,-0.04485755425240297,0.059774345553219754,0.00838749902538525,-0.04579090349921194,0.058325830489929974,0.77060439700841,6.944444444444444e-05,False,0.09999999999999999,0.021872673757215768,0.059888359425217315,1284,0.49492583918813426,642,0.4921875,385,0.5221932114882507,193,0.515625,0.021381585583072116,0.018255958983119498,0.0031256265999526182,-0.07383642381760828,0.06729729954658656,0.006974311807870995,5,0.06242952039666318,256,0.0225731406163467,0.02491222539400414,257,0.0032838174432833233,0.014670309691651317,255,-0.10410976451748474,0.005581367836094513,258,0.04400840121963114,-0.007458250233318715,258,0.07051271972993192
NQ,normalized_dist_from_vwap,15,R,1284,-0.029429767331250117,-0.08763277821822615,0.023820936089927785,-0.014673698217404907,-0.06746222326678392,0.03643781590754888,0.6099509061011041,6.944444444444444e-05,False,-0.39999999999999997,1.0700389105058365,-1.7607003891050583,1284,0.4984350547730829,642,0.49216300940438873,385,0.5,193,0.4947916666666667,-0.53125,1.3935344827586207,-1.9247844827586207,-6.384259159482759,2.8534058459051694,-0.015763501926966673,5,1.6201171875,256,-0.03842026498484646,1.534046692607004,257,0.02682976878248785,-0.16568627450980392,255,-0.0730421252182103,0.0562015503875969,258,-0.013410060410969567,-1.3449612403100775,258,0.004502844936516006
NQ,normalized_dist_from_vwap,15,Q,1284,0.011219946270491755,-0.04141241240537887,0.06285644477060569,0.01026835284141129,-0.04240586609769078,0.06225503955516038,0.7211105965195876,6.944444444444444e-05,False,0.09999999999999999,0.020029339065118935,0.057286255037268724,1284,0.4929906542056075,642,0.49221183800623053,385,0.5116883116883116,193,0.5077720207253886,0.02221512006668649,0.015964650083614845,0.0062504699830716465,-0.06806993860787396,0.06659088707067562,0.00893244452804435,5,0.05849152659106546,256,0.003571691687948157,0.032607037612159814,257,0.007256922266590527,0.012361963683575092,255,-0.07246560362554268,0.012078062867864689,258,0.04785822394218197,-0.01830751495121965,258,0.04252382121143093
NQ,normalized_dist_from_vwap,30,R,1284,-0.021535981289024668,-0.07863802008322592,0.03161827546173401,-0.02516363399878678,-0.0746689970113218,0.024755995274848133,0.3815973319214834,6.944444444444444e-05,False,-0.3,0.020428015564202335,-1.8472762645914398,1284,0.4875195007800312,642,0.4719626168224299,385,0.4987012987012987,193,0.44041450777202074,1.7254971590909092,2.060344827586207,-0.3348476684952977,-6.326475619612069,5.6460834027233515,-0.027020982390071696,5,1.0947265625,256,-0.04265046983361316,2.019455252918288,257,-0.014449346872877288,3.069607843137255,255,-0.12064809119186956,2.729651162790698,258,-0.06407370864699878,0.4786821705426357,258,0.09329326377802626
NQ,normalized_dist_from_vwap,30,Q,1284,-0.007157592150035231,-0.06337640134584197,0.04541597129748368,-0.00781332070511924,-0.06279989244751319,0.044127856859101144,0.7859121150707569,6.944444444444444e-05,False,0.19999999999999998,-0.0005774794033638488,0.021049466119186074,1284,0.48046875,642,0.4671875,385,0.4765625,193,0.43523316062176165,0.0037150268948355175,0.012638767395732971,-0.008923740500897453,-0.08112864792255207,0.05055459993073218,-0.009361342509912428,5,0.03381137610590682,256,-0.019896586673576463,0.0010153414963595011,257,-0.00019971492021371014,0.0022147948757994707,255,-0.08041994290974812,0.015066158643924781,258,0.0023146465945173816,-0.013266018014142098,258,0.048279143836107014
NQ,vwap_location_in_range,5,R,1284,-0.015067374607383891,-0.06743699718805148,0.039617151426691866,-0.010417369420218174,-0.062381324932130715,0.048790670306714176,0.7172356299879215,6.944444444444444e-05,False,0.0,0.2918287937743191,1.1070038910505837,1284,0.4921875,642,0.49608763693270735,385,0.4908616187989556,193,0.518324607329843,-0.016076115485564306,0.7413793103448276,-0.7574554258303919,-3.6928637961203123,2.4771063369234008,-0.011572161184203797,5,1.966796875,256,0.028764550681023324,0.835603112840467,257,0.014543789932363065,1.2058823529411764,255,-0.20135854636903852,-1.1647286821705427,258,0.14104390540890238,-1.3585271317829457,258,-0.0290872640646274
NQ,vwap_location_in_range,5,Q,1284,0.013482962702981606,-0.0390640360052603,0.07327805021160105,0.011168677611406571,-0.04180509032450497,0.07116445050546227,0.6978112011422533,6.944444444444444e-05,False,0.19999999999999998,-0.000985107696914222,0.05486778611389638,1284,0.5015625,642,0.5046875,385,0.5026041666666666,193,0.5208333333333334,0.03925759354462244,0.02258503499422013,0.016672558550402308,-0.04889023459826137,0.08146608877440123,0.008988972274615016,5,0.07755847734650126,256,0.02150061173340242,-0.006009653398769016,257,0.059231394493314396,0.027829407287122042,255,-0.19638442149875557,0.025149253805751497,258,0.17728508821994549,0.03801619740567639,258,0.010061815934349622
NQ,vwap_location_in_range,10,R,1284,-0.017590158000753375,-0.0745128096933631,0.03713799482693268,-0.01497266605960861,-0.0683359496531099,0.0403573167468329,0.6026879913001613,6.944444444444444e-05,False,0.0,-0.9630350194552529,0.4056420233463035,1284,0.5035238841033672,642,0.5140625,385,0.5065274151436031,193,0.5260416666666666,-0.14730971128608925,1.2155172413793103,-1.3628269526653995,-6.018215826469967,2.581549800886954,-0.015535700766772912,5,1.8974609375,256,-0.019926068089290573,2.267509727626459,257,0.07235770722735822,-0.6137254901960785,255,-0.1930057930571154,-0.22286821705426357,258,0.06817512429033289,-1.2877906976744187,258,0.011404579755733859
NQ,vwap_location_in_range,10,Q,1284,0.008125051559293502,-0.048037671504259846,0.06637351593640457,0.007645877348488671,-0.04892283297304945,0.06634300243912526,0.7903920903568733,6.944444444444444e-05,False,-0.09999999999999999,-0.010219910443753706,0.038439638264547264,1284,0.4972677595628415,642,0.4984423676012461,385,0.5064935064935064,193,0.5284974093264249,0.021997401080909095,0.01700971807861944,0.004987683002289654,-0.0669285056581886,0.07579673904973741,0.005422961848496015,5,0.06242952039666318,256,0.024427472725978786,0.02491222539400414,257,0.06769860070560445,0.014670309691651317,255,-0.18260324890484753,0.005581367836094513,258,0.12056445322655675,-0.007458250233318715,258,-0.009892016894657482
NQ,vwap_location_in_range,15,R,1284,0.010849812442933038,-0.04332461613063772,0.06418839167355758,0.010446997141605041,-0.04192364519526059,0.06742054709913446,0.7164660641243858,6.944444444444444e-05,False,0.3,-1.6634241245136188,1.5418287937743191,1284,0.5046948356807511,642,0.5039246467817896,385,0.5208333333333334,193,0.5052083333333334,0.7575459317585301,-0.2739463601532567,1.0314922919117868,-3.5961196526080794,5.325293578604397,0.009430955972981839,5,1.6201171875,256,-0.0063646327301614845,1.534046692607004,257,0.10968670917041334,-0.16568627450980392,255,-0.1314914578137694,0.0562015503875969,258,0.04244108379871078,-1.3449612403100775,258,0.06823270498734431
NQ,vwap_location_in_range,15,Q,1284,0.020176506292836474,-0.03492958928923833,0.0792783879754886,0.01967148282007338,-0.03419717335837947,0.07943997463550048,0.49401628156674215,6.944444444444444e-05,False,0.39999999999999997,-0.01621654141654528,0.05347615574486996,1284,0.5038940809968847,642,0.5031152647975078,385,0.5116883116883116,193,0.5233160621761658,0.02493201194698359,0.01130411584644139,0.0136278961005422,-0.057993409885683495,0.08456115570598696,0.017478021087884796,5,0.05849152659106546,256,0.017201842244780052,0.032607037612159814,257,0.09218200064748225,0.012361963683575092,255,-0.17665273032422002,0.012078062867864689,258,0.11329730515382369,-0.01830751495121965,258,0.030250427336247245
NQ,vwap_location_in_range,30,R,1284,0.027201054438645816,-0.022805182049744646,0.08555280827402732,0.019793171059390685,-0.03015088831097202,0.07765789456531062,0.4913477306951344,6.944444444444444e-05,False,0.6,-0.4377431906614786,3.832684824902724,1284,0.5039001560062403,642,0.5,385,0.5064935064935064,193,0.5233160621761658,3.0121391076115485,0.2193486590038314,2.792790448607717,-3.370529384258002,8.382934353033447,0.018150888109226278,5,1.0947265625,256,0.04363112128037655,2.019455252918288,257,0.15041891339521227,3.069607843137255,255,-0.14082431699301312,2.729651162790698,258,0.02679418682562578,0.4786821705426357,258,0.09299908339618237
NQ,vwap_location_in_range,30,Q,1284,0.01670403986798154,-0.03484709765839435,0.07609440418587754,0.016500633570977644,-0.034767165816770154,0.07684083006917236,0.5661915503926911,6.944444444444444e-05,False,0.0,-0.020467807153764218,0.032707817740560995,1284,0.496875,642,0.5070202808112324,385,0.515625,193,0.515625,0.009296704774426174,0.005482327558192692,0.0038143772162334815,-0.0646153675840486,0.07098973758680586,0.014284638235652703,5,0.03381137610590682,256,0.025615147641878003,0.0010153414963595011,257,0.10839005914940154,0.0022147948757994707,255,-0.18007767995766022,0.015066158643924781,258,0.07272008183892041,-0.013266018014142098,258,0.039940828919201914
NQ,signed_return_5,5,R,1282,-0.05785539678436809,-0.13893260499379367,0.02173889772245564,-0.020721275231079927,-0.0789652676329397,0.03678533805108115,0.47159798451731016,6.944444444444444e-05,False,-0.7999999999999999,1.7951923076923078,-1.3562753036437247,1282,0.5027799841143765,641,0.48826291079812206,385,0.4856396866840731,192,0.4947916666666667,-1.1138698630136987,1.3387334315169366,-2.4526032945306353,-5.235044327627252,0.09252299917283638,-0.018881499565304247,5,1.966796875,256,-0.018917062865854265,0.835603112840467,257,-0.01294951813944319,0.791501976284585,253,-4.743123742824787e-05,-1.1647286821705427,258,-0.0742896877496302,-1.3585271317829457,258,-0.05031899223430038
NQ,signed_return_5,5,Q,1282,-0.01253117957990939,-0.06390784724355356,0.04483587236751866,-0.010504523305786039,-0.061578152007508574,0.046106718029690394,0.7151855525177688,6.944444444444444e-05,False,-0.39999999999999997,0.05392865783911849,0.0427384816840994,1282,0.47736298649722003,641,0.46865203761755486,385,0.4727272727272727,192,0.4583333333333333,0.01871162822889543,0.04431591322395169,-0.025604284995056258,-0.09521073606460172,0.035750126312071064,-0.00939855448165508,5,0.07755847734650126,256,-0.05671020954616236,-0.006009653398769016,257,0.030282990421741138,0.024725758584292667,253,0.034214953144860824,0.025149253805751497,258,-0.05715233125477851,0.03801619740567639,258,-0.001218516419299633
NQ,signed_return_5,10,R,1282,-0.028472942996177652,-0.11056571729156767,0.055991411010788875,-0.01870190027586808,-0.08023920776347866,0.03944187301610866,0.5158803693046841,6.944444444444444e-05,False,-0.6,-0.14134615384615384,-1.7439271255060729,1282,0.49044585987261147,641,0.515625,385,0.5064935064935064,192,0.4895833333333333,-1.7752568493150684,2.2684094256259204,-4.043666274940989,-7.849247609296507,-0.7144048396614684,-0.019414436907707323,5,1.8974609375,256,0.08234085389332617,2.267509727626459,257,-0.012118148121863563,-0.6679841897233202,253,-0.07830324846355176,-0.22286821705426357,258,-0.0755057955885136,-1.2877906976744187,258,0.03815394035091262
NQ,signed_return_5,10,Q,1282,-0.009234525533292029,-0.061315722845712926,0.04530516541244548,-0.010163020637244627,-0.06071349020455756,0.046517964968387476,0.7240607776949681,6.944444444444444e-05,False,-0.19999999999999998,0.024398187509572265,0.024947242222676663,1282,0.4793650793650794,641,0.490625,385,0.484375,192,0.4816753926701571,-0.0009946002448205085,0.03814619446052304,-0.03914079470534355,-0.10519485960018594,0.0222369405081206,-0.00965186767909612,5,0.06242952039666318,256,0.01655068325259144,0.02491222539400414,257,0.0029216459717191444,0.013053425719509343,253,0.012637979011979581,0.005581367836094513,258,-0.08667941098881315,-0.007458250233318715,258,0.021716670406184576
NQ,signed_return_5,15,R,1282,-0.058227791772406105,-0.13990837013417204,0.03481769373342098,-0.006876459648191042,-0.06301832201435507,0.047618304712890414,0.8112095984920782,6.944444444444444e-05,False,-0.6,1.8913461538461538,-1.6062753036437247,1282,0.492442322991249,641,0.5086071987480438,385,0.4908616187989556,192,0.4607329842931937,-1.9019691780821917,2.2485272459499264,-4.150496424032118,-8.398011608655962,0.021623336216634786,-0.008015290110862326,5,1.6201171875,256,0.05260218990994563,1.534046692607004,257,0.0420272526442859,-0.3616600790513834,253,-0.04255830456858967,0.0562015503875969,258,0.008646525004414122,-1.3449612403100775,258,-0.05842466148375872
NQ,signed_return_5,15,Q,1282,-0.012834427345464909,-0.06543057198544693,0.03862324831483804,-0.008613379415622558,-0.0610852591445476,0.04678220213671197,0.7647847848591012,6.944444444444444e-05,False,-0.19999999999999998,0.021210259533153298,0.02128502169289273,1282,0.4908946951702296,641,0.5070202808112324,385,0.4857142857142857,192,0.4791666666666667,-0.0009792788737366474,0.03713122498352105,-0.03811050385725769,-0.10556289277134838,0.019193109130607608,-0.00810762601298538,5,0.05849152659106546,256,0.03285902481414963,0.032607037612159814,257,0.015672808389650315,0.011361829154664889,253,-0.017101426616004348,0.012078062867864689,258,-0.06332933104394549,-0.01830751495121965,258,0.003351574683940273
NQ,signed_return_5,30,R,1282,-0.011348577110611059,-0.08785071822898502,0.06250229093176173,0.006965627078443234,-0.04631443864461304,0.07178871740283857,0.8088085642195617,6.944444444444444e-05,False,0.3,2.798076923076923,4.346153846153846,1282,0.4908802537668517,641,0.4914196567862715,385,0.4857142857142857,192,0.46875,2.362585616438356,1.5305596465390279,0.8320259698993282,-4.697455038760667,5.675577832151431,0.004783483937920121,5,1.0947265625,256,0.014060887481571294,2.019455252918288,257,-0.01916535328463025,2.83102766798419,253,-0.09403781539280687,2.729651162790698,258,0.07106404964211853,0.4786821705426357,258,0.006766432475500463
NQ,signed_return_5,30,Q,1282,-0.00922919948204527,-0.05859135597468776,0.04220151548675091,-0.00596810415289054,-0.05570752600093992,0.04935233861595309,0.8357664087751173,6.944444444444444e-05,False,-0.6,0.01656913191170823,0.015381480045047096,1282,0.4837172359015091,641,0.48205928237129486,385,0.4675324675324675,192,0.4427083333333333,-0.005576598576734419,0.02054788002703245,-0.02612447860376687,-0.09069679493631028,0.03190168472394559,-0.006692298293352874,5,0.03381137610590682,256,0.004537638554238854,0.0010153414963595011,257,-0.020243924628267896,0.001221033976488623,253,-0.034381822390105246,0.015066158643924781,258,0.01210784467154906,-0.013266018014142098,258,-0.0004210211496075558
NQ,signed_return_10,5,R,1282,-0.04558273805374234,-0.11892987320839998,0.020903581089892348,-0.01759759752402139,-0.07765212898215082,0.03870335517696594,0.5409766172980119,6.944444444444444e-05,False,-0.8999999999999998,2.2848837209302326,-0.8690944881889764,1282,0.5023847376788553,641,0.4945226917057903,385,0.4973958333333333,192,0.5052083333333334,-0.5142857142857142,0.839003164556962,-1.3532888788426762,-4.607002335744425,1.5953554161643533,-0.019197896553229777,5,1.966796875,256,0.03799477120977797,0.835603112840467,257,-0.017795959212843923,0.791501976284585,253,0.01632506586599187,-1.1647286821705427,258,-0.10679165235357606,-1.3585271317829457,258,-0.0504679330351641
NQ,signed_return_10,5,Q,1282,-0.01439372632548173,-0.06457089352453999,0.03885040565316745,-0.025484430552780525,-0.0862007213970706,0.029627263166315004,0.3759279614524429,6.944444444444444e-05,False,-0.49999999999999994,0.04123908932202418,0.00564627907989675,1282,0.4769475357710652,641,0.459375,385,0.4597402597402597,192,0.4947916666666667,0.018426126071218046,0.04275473275676585,-0.0243286066855478,-0.08616497574603378,0.03529447484833254,-0.027409924259578635,5,0.07755847734650126,256,0.02352665160692485,-0.006009653398769016,257,-0.0016473253296800286,0.024725758584292667,253,0.030557923953687456,0.025149253805751497,258,-0.12148762089057903,0.03801619740567639,258,-0.031860727964907395
NQ,signed_return_10,10,R,1282,-0.03281605790638739,-0.11868797178591667,0.05066410944317789,-0.024809133882352615,-0.08431282512742731,0.03177339913766639,0.3887139472640029,6.944444444444444e-05,False,-0.6,1.002906976744186,-2.6830708661417324,1282,0.4964143426294821,641,0.5,385,0.5012987012987012,192,0.5052083333333334,-0.5777777777777777,1.2389240506329113,-1.816701828410689,-6.185371835443038,2.2789378955696185,-0.02720677278571942,5,1.8974609375,256,0.060716634962448765,2.267509727626459,257,-0.002274004076377091,-0.6679841897233202,253,-0.08206348617112777,-0.22286821705426357,258,-0.102857294652378,-1.2877906976744187,258,0.023163402013679085
NQ,signed_return_10,10,Q,1282,-0.007092265812232871,-0.05811542790455809,0.04416472745763299,-0.015307841139438316,-0.07117380493091999,0.037312068113416696,0.5948798922423606,6.944444444444444e-05,False,-0.49999999999999994,0.007182357505999886,-0.011223258866597866,1282,0.4908657664813344,641,0.475,385,0.4895833333333333,192,0.5260416666666666,0.011285632335650681,0.025983622325186837,-0.014697989989536156,-0.0797226478124508,0.0491077109234619,-0.017330967983741955,5,0.06242952039666318,256,0.06730863970193181,0.02491222539400414,257,-0.011580699393932513,0.013053425719509343,253,0.015967028486686262,0.005581367836094513,258,-0.12147015103872258,-0.007458250233318715,258,0.013696500269644606
NQ,signed_return_10,15,R,1282,-0.06726885412546617,-0.14886718596318846,0.024628843209610212,-0.016977854595408442,-0.07722641154144354,0.03847606965221754,0.5553228172385309,6.944444444444444e-05,False,-0.9999999999999999,2.8032945736434107,-2.979330708661417,1282,0.49442675159235666,641,0.5039123630672926,385,0.5208333333333334,192,0.5235602094240838,-1.4075396825396826,1.7341772151898733,-3.141716897729556,-7.721625006278883,1.2841803860257113,-0.01929061003962795,5,1.6201171875,256,0.028519467561543103,1.534046692607004,257,0.030459580964601125,-0.3616600790513834,253,-0.022142758458103165,0.0562015503875969,258,-0.025484010687085206,-1.3449612403100775,258,-0.07764638474503646
NQ,signed_return_10,15,Q,1282,-0.01611236836360944,-0.07058387469027211,0.03261676380718837,-0.01744007899924107,-0.07532228539712653,0.032922334149497114,0.544605366308357,6.944444444444444e-05,False,-0.49999999999999994,0.009188056009418362,-0.015723116457958642,1282,0.5015847860538827,641,0.49765990639625585,385,0.5116883116883116,192,0.53125,0.007881237060105923,0.028028528665195344,-0.02014729160508942,-0.08169640301273917,0.047373972876520246,-0.019449241128605278,5,0.05849152659106546,256,0.06266056887268052,0.032607037612159814,257,-0.0002062901005682946,0.011361829154664889,253,-0.0015525341080458183,0.012078062867864689,258,-0.09592990966056657,-0.01830751495121965,258,-0.016265431963057485
NQ,signed_return_10,30,R,1282,-0.036993017444549976,-0.10529701957668282,0.03932264800959008,-0.015098663999663049,-0.06986974670047584,0.044720879111432424,0.599923788381693,6.944444444444444e-05,False,-0.19999999999999998,5.017441860465116,1.0403543307086613,1282,0.4976190476190476,641,0.47425897035881437,385,0.4753246753246753,192,0.4739583333333333,2.363888888888889,1.2788765822784811,1.0850123066104078,-4.0441528531243724,6.809695505575641,-0.013800707978030307,5,1.0947265625,256,0.03298139339389832,2.019455252918288,257,-0.006888270338910328,2.83102766798419,253,-0.13025496029067907,2.729651162790698,258,0.0025934135525495635,0.4786821705426357,258,0.006876331211844906
NQ,signed_return_10,30,Q,1282,-0.014459514983873555,-0.06495129051989834,0.03941704525695229,-0.01787103210072623,-0.07271940803946784,0.033631490508024206,0.5347062896320232,6.944444444444444e-05,False,-0.6,0.004001135962685443,-0.024811958585501045,1282,0.4864864864864865,641,0.47425897035881437,385,0.4831168831168831,192,0.5,0.0005925864234481193,0.011741621848233326,-0.011149035424785207,-0.07569546844087219,0.057059000521932926,-0.019327057250412658,5,0.03381137610590682,256,0.044707891182900354,0.0010153414963595011,257,-0.018350388540672915,0.001221033976488623,253,-0.0303788998414905,0.015066158643924781,258,-0.04928254930273456,-0.013266018014142098,258,-0.020899809546963452
NQ,signed_return_15,5,R,1282,-0.07885618437725139,-0.1509289970476375,-0.009939526775573268,-0.04772766757338637,-0.10644162402229951,0.011433136997523996,0.09708788701919002,6.944444444444444e-05,False,-0.7,3.7662835249042144,-3.262948207171315,1282,0.47736298649722003,641,0.4788732394366197,385,0.47780678851174935,192,0.45549738219895286,-1.276829268292683,1.8491512345679013,-3.1259805028605845,-5.844485188949112,-0.2784229618337906,-0.04937024029010761,5,1.966796875,256,0.0026655157972773277,0.835603112840467,257,-0.054156323535985415,0.791501976284585,253,-0.07559004911441924,-1.1647286821705427,258,-0.07436478878260099,-1.3585271317829457,258,-0.07687860990056838
NQ,signed_return_15,5,Q,1282,-0.023401051416224183,-0.08065626916409147,0.028526272409567323,-0.03133874180043509,-0.08549413556065916,0.025945812553444084,0.27617793336095264,6.944444444444444e-05,False,-0.6,0.03829574209499198,-0.008748476873202127,1282,0.4686258935663225,641,0.46322378716744916,385,0.4701298701298701,192,0.4635416666666667,0.004236240943343149,0.06142233698625079,-0.05718609604290764,-0.123037800761915,0.00571912455194475,-0.033267605254051334,5,0.07755847734650126,256,-0.03521922059994418,-0.006009653398769016,257,0.0084589041828036,0.024725758584292667,253,0.0017807611130595785,0.025149253805751497,258,-0.08493479220820208,0.03801619740567639,258,-0.036941550002117865
NQ,signed_return_15,10,R,1282,-0.053970811595045305,-0.14141666528958144,0.036365820250750025,-0.04330592145309586,-0.09990855133138954,0.021197595643553058,0.13226631652815124,6.944444444444444e-05,False,-0.8999999999999998,3.861111111111111,-4.597609561752988,1282,0.4864649681528662,641,0.49297971918876754,385,0.4883116883116883,192,0.5104166666666666,-1.4609756097560975,2.4934413580246915,-3.954416967780789,-7.731371245483288,0.15272574149351897,-0.04573988742831543,5,1.8974609375,256,0.016023965032385647,2.267509727626459,257,-0.04010452605198717,-0.6679841897233202,253,-0.07907049738069041,-0.22286821705426357,258,-0.06892757723149481,-1.2877906976744187,258,-0.057936358760775436
NQ,signed_return_15,10,Q,1282,-0.01685164074907747,-0.06916536825912076,0.03439750838093184,-0.030999456361430654,-0.08009248758599123,0.024293760047377953,0.2814139193494507,6.944444444444444e-05,False,-0.6,0.02481320435026762,-0.025009739515648007,1282,0.48253968253968255,641,0.48826291079812206,385,0.4921875,192,0.5078534031413613,-0.008711586609765449,0.050946813462963654,-0.0596584000727291,-0.12604091651446792,0.0002762223949121163,-0.03303617583600262,5,0.06242952039666318,256,0.0038479245042119183,0.02491222539400414,257,-0.022666940242736768,0.013053425719509343,253,-0.019911825387848813,0.005581367836094513,258,-0.08138597208208126,-0.007458250233318715,258,-0.012809692927156497
NQ,signed_return_15,15,R,1282,-0.051756681288944124,-0.13683989853639394,0.03167431596835061,-0.01640702448242173,-0.07782404052324356,0.043295512491882356,0.5686988093491778,6.944444444444444e-05,False,-0.7,4.060344827586207,-3.762948207171315,1282,0.5039745627980922,641,0.513302034428795,385,0.5117493472584856,192,0.5052083333333334,-1.1215447154471545,2.01929012345679,-3.1408348389039444,-7.879326021906053,1.21330660945498,-0.01870727676583798,5,1.6201171875,256,0.00034411408786617594,1.534046692607004,257,0.0326775309240527,-0.3616600790513834,253,-0.04432826202425415,0.0562015503875969,258,-0.00035429100938361743,-1.3449612403100775,258,-0.0850445108392705
NQ,signed_return_15,15,Q,1282,-0.020892337869255265,-0.07331590603483251,0.03152106043842136,-0.026763189271964746,-0.07442554413003173,0.029448002487600707,0.3524365223804353,6.944444444444444e-05,False,-0.6,0.019625497015225122,-0.02220499186123438,1282,0.49406175771971494,641,0.5085803432137286,385,0.5168831168831168,192,0.5260416666666666,-0.0056851811755299535,0.04715055436822474,-0.052835735543754696,-0.12035418045512018,0.008089245884082047,-0.028779572099380823,5,0.05849152659106546,256,0.010930327221864853,0.032607037612159814,257,0.0015705463557872765,0.011361829154664889,253,-0.02672915751008712,0.012078062867864689,258,-0.06135383783346052,-0.01830751495121965,258,-0.0353809924901038
NQ,signed_return_15,30,R,1282,-0.02960904882912216,-0.1032259538630848,0.040269345218620314,-0.02606383336649062,-0.08199674939528652,0.03444640785422382,0.36516683408084516,6.944444444444444e-05,False,-0.09999999999999999,6.118773946360153,0.6304780876494024,1282,0.48691514670896113,641,0.471875,385,0.45454545454545453,192,0.46875,1.8073170731707318,2.595293209876543,-0.7879761367058113,-6.675256935034628,4.987258261818729,-0.02480801274657505,5,1.0947265625,256,-0.000486477279016457,2.019455252918288,257,-0.014191136931714912,2.83102766798419,253,-0.10333375647842007,2.729651162790698,258,0.00475898063339951,0.4786821705426357,258,-0.023249264883297042
NQ,signed_return_15,30,Q,1282,-0.022468585072137254,-0.07141068215278881,0.02784992849556778,-0.02878667342289542,-0.08223097919925161,0.024532241997504235,0.317205955773316,6.944444444444444e-05,False,-0.6,0.02694909616342727,-0.0275648101151149,1282,0.48610007942811756,641,0.48205928237129486,385,0.4753246753246753,192,0.5052083333333334,-0.007839979761903655,0.029610882967610688,-0.03745086272951434,-0.09962976221629599,0.027653103875230768,-0.030247684162867307,5,0.03381137610590682,256,0.007280733933397409,0.0010153414963595011,257,-0.019726243455638514,0.001221033976488623,253,-0.053555568730264555,0.015066158643924781,258,-0.04323652449469173,-0.013266018014142098,258,-0.04065326839198545
NQ,signed_return_30,5,R,1281,-0.08445680484280361,-0.15606262989020467,-0.008830418338321024,-0.02049369092358085,-0.07573130354918987,0.04349518648265729,0.47665409823981353,6.944444444444444e-05,False,-0.7,3.4147286821705425,-2.15,1281,0.5209486166007905,640,0.49059561128526646,384,0.4895287958115183,192,0.47643979057591623,-0.6770315091210614,0.9162912912912913,-1.5933228004123525,-4.757357777553673,1.1554786596297768,-0.022112116886508375,5,1.966796875,256,-0.03992407616911123,0.835603112840467,257,-5.744867101064546e-05,0.791501976284585,253,-0.026581659609649297,-1.1605058365758756,257,-0.015321242366074392,-1.3585271317829457,258,-0.06596605632473942
NQ,signed_return_30,5,Q,1281,-0.0062850625518609355,-0.060598083391361884,0.04811949305180429,0.0007943304760036213,-0.04909982082699871,0.055126466809496545,0.9779961430845345,6.944444444444444e-05,False,0.09999999999999999,0.04238186572203656,0.01705460141171217,1281,0.5059288537549407,640,0.4827586206896552,384,0.4765625,192,0.4479166666666667,0.050703643122388,0.014593869504053955,0.03610977361833405,-0.029631870779190373,0.09718946480819977,-0.001115910024293334,5,0.07755847734650126,256,0.02374835305366469,-0.006009653398769016,257,0.021870896515046975,0.024725758584292667,253,-0.009185663910210383,0.02386641545605629,257,-0.0026460328786225007,0.03801619740567639,258,-0.011523505059514555
NQ,signed_return_30,10,R,1281,-0.0830952213723888,-0.1667320673297511,0.007199343388698087,-0.039314527410119246,-0.09870811837326747,0.02289438447065085,0.1719994275525587,6.944444444444444e-05,False,-0.8999999999999998,3.875968992248062,-3.9362745098039214,1281,0.5190174326465927,640,0.4835164835164835,384,0.4583333333333333,192,0.4322916666666667,-1.1567164179104477,1.6531531531531531,-2.809869571063601,-7.259182129891085,0.632138855273183,-0.04173863533575546,5,1.8974609375,256,-0.01649367318050245,2.267509727626459,257,0.003803010601992823,-0.6679841897233202,253,-0.10273660704659208,-0.23151750972762647,257,-0.005299015898340945,-1.2877906976744187,258,-0.0745195923425877
NQ,signed_return_30,10,Q,1281,-0.01297143937684067,-0.0667911951709498,0.0369925838496259,-0.002389630111792854,-0.05364201582480797,0.05168880042941261,0.9338719130993047,6.944444444444444e-05,False,-0.19999999999999998,0.03508876713181998,0.008679067476601882,1281,0.5150078988941548,640,0.486697965571205,384,0.4804177545691906,192,0.4607329842931937,0.04206942821041292,-0.0007997573146071072,0.04286918552502003,-0.02368393335735589,0.10206547410916636,-0.0044024528560036354,5,0.06242952039666318,256,0.03211344883324946,0.02491222539400414,257,0.020217896341301916,0.013053425719509343,253,-0.0210270401042454,0.003610108092455893,257,-0.012809337174890596,-0.007458250233318715,258,-0.004250301347674325
NQ,signed_return_30,15,R,1281,-0.04374730378750756,-0.12353052251090518,0.04287123821312115,-0.01026421059235674,-0.06952755238794929,0.05183611050211107,0.7215314401185906,6.944444444444444e-05,False,-0.8999999999999998,2.695736434108527,-2.7901960784313724,1281,0.517814726840855,640,0.5070422535211268,384,0.5117493472584856,192,0.4895833333333333,-0.6803482587064676,0.9230480480480481,-1.6033963067545156,-5.507233259378782,2.9807268555869255,-0.01255725358310193,5,1.6201171875,256,-0.06884766041976269,1.534046692607004,257,0.043820968239211125,-0.3616600790513834,253,-0.05893335821296521,0.03988326848249027,257,0.06045576276627494,-1.3449612403100775,258,-0.05973393624562503
NQ,signed_return_30,15,Q,1281,-0.013667755320883754,-0.06585821170480366,0.04021167298850439,-0.0026568776243079705,-0.05272509525927947,0.0518691459320395,0.9264962584480378,6.944444444444444e-05,False,0.09999999999999999,0.02403696269154422,0.0005136497256478896,1281,0.5169424743892829,640,0.490625,384,0.4817708333333333,192,0.4583333333333333,0.04038744669266986,-0.0007810239529158717,0.04116847064558573,-0.02465605575612026,0.10199618864600934,-0.004657329116282023,5,0.05849152659106546,256,0.01784099012517589,0.032607037612159814,257,0.03339891060620057,0.011361829154664889,253,-0.020709115342350905,0.010043799606921608,257,0.013942616576822438,-0.01830751495121965,258,-0.030582423955852926
NQ,signed_return_30,30,R,1281,-0.05484501913213946,-0.1349255135471389,0.03145534783619689,-0.04044602637583279,-0.10087432661635046,0.0245628562036141,0.15997412633146846,6.944444444444444e-05,False,-0.39999999999999997,7.119186046511628,1.9098039215686275,1281,0.49171270718232046,640,0.4765625,384,0.453125,192,0.4166666666666667,0.5410447761194029,3.048048048048048,-2.507003271928645,-7.983778601362557,2.6245398850342845,-0.03920176147544561,5,1.0947265625,256,-0.01933053837295575,2.019455252918288,257,0.03321604723169762,2.83102766798419,253,-0.14468891758888364,2.7159533073929962,257,0.030024887455718307,0.4786821705426357,258,-0.051234874700100914
NQ,signed_return_30,30,Q,1281,-0.023269759352598753,-0.07208236952244855,0.03217233827121177,-0.013169394805072574,-0.06491006586460144,0.04140807259854029,0.6474537502454614,6.944444444444444e-05,False,-0.09999999999999999,0.0330033010861561,0.0007160087873002122,1281,0.4964426877470356,640,0.46635367762128327,384,0.4479166666666667,192,0.453125,0.016883868803087437,-0.0016520259854939086,0.018535894788581347,-0.0440179043453893,0.0768038790243144,-0.014622370790048234,5,0.03381137610590682,256,-0.014010811147208785,0.0010153414963595011,257,0.043604757723287806,0.001221033976488623,253,-0.04107048675231133,0.012599012152198637,257,0.019207258942394993,-0.013266018014142098,258,-0.05504075256353961
NQ,signed_return_60,5,R,1280,-0.08196884154049265,-0.1474943270435168,-0.0016562029075970364,0.030790865688295574,-0.025841058875589958,0.09364555260117971,0.2850430337784906,6.944444444444444e-05,False,0.3,0.1298828125,0.4027777777777778,1280,0.5134069400630915,640,0.5227629513343799,384,0.518324607329843,192,0.4791666666666667,0.8819776714513556,-0.2562111801242236,1.1381888515755794,-1.4873125872982853,3.844793229987023,0.03218165006351481,5,1.966796875,256,-0.09170279281225334,0.835603112840467,257,0.06556515286779366,0.791501976284585,253,0.08136097634482946,-1.1605058365758756,257,0.033640727950917125,-1.083657587548638,257,-0.019745666358138802
NQ,signed_return_60,5,Q,1280,-0.008291229503513069,-0.05857985912064146,0.04551721962062155,0.05604450354466774,0.005011334382336757,0.10648700121612904,0.05149985159006221,6.944444444444444e-05,False,0.7999999999999999,-0.02017092989418418,0.058276767750597626,1280,0.5240726124704025,640,0.5289514866979655,384,0.515625,192,0.4635416666666667,0.06324628675250717,0.0023943751323639785,0.06085191162014319,0.002287134014905972,0.11666985309280758,0.0557386355390141,5,0.07755847734650126,256,-0.00042345959019552846,-0.006009653398769016,257,0.09963288911937626,0.024725758584292667,253,0.05917694822115384,0.02386641545605629,257,0.03599503495968534,0.041330130455010904,257,0.06108142481734786
NQ,signed_return_60,10,R,1280,-0.07968383372163174,-0.14863636091855997,0.001497948169912161,-0.021728402552540476,-0.07694437337930687,0.032659392196023686,0.45067476635136394,6.944444444444444e-05,False,-0.3,1.0595703125,-1.9652777777777777,1280,0.497626582278481,640,0.4890282131661442,384,0.46875,192,0.453125,0.14035087719298245,0.7993012422360248,-0.6589503650430424,-4.179262586431493,3.43684325066619,-0.020245557656127317,5,1.8974609375,256,-0.08050485177083387,2.267509727626459,257,-0.01708438332444852,-0.6679841897233202,253,-0.0661564720106823,-0.23151750972762647,257,0.0010442062637211996,-1.0291828793774318,257,-0.01740878015881102
NQ,signed_return_60,10,Q,1280,-0.019835629929361307,-0.06463454323565794,0.03204039711261702,0.03100708018953321,-0.018125133248641873,0.08340659109540388,0.2816720188296913,6.944444444444444e-05,False,0.6,-0.020333282293983984,0.02797031989982792,1280,0.5070977917981072,640,0.5211267605633803,384,0.5195822454308094,192,0.4869109947643979,0.03649279426919847,0.004219586083883515,0.032273208185314955,-0.022035853169032085,0.09204401236008644,0.031255845965827506,5,0.06242952039666318,256,-0.019986455762651106,0.02491222539400414,257,0.0621763939030363,0.013053425719509343,253,0.021001628982410328,0.003610108092455893,257,0.0303157664882304,-0.004115026823072222,257,0.03302354484550619
NQ,signed_return_60,15,R,1280,-0.0818884106922198,-0.14683091291491102,-0.005041064699648228,-0.005394275797314619,-0.061282880362872626,0.05322171643446722,0.8514788039528849,6.944444444444444e-05,False,-0.09999999999999999,-0.171875,-1.1140873015873016,1280,0.4964426877470356,640,0.503125,384,0.5026041666666666,192,0.4427083333333333,0.4960127591706539,0.2096273291925466,0.28638542997810734,-4.065403364513061,5.832613323699562,-0.003598622032680439,5,1.6201171875,256,-0.08714671990235016,1.534046692607004,257,0.04128996408015434,-0.3616600790513834,253,-0.023664226790149318,0.03988326848249027,257,0.01273476249932293,-1.2558365758754864,257,-0.04216297535853557
NQ,signed_return_60,15,Q,1280,-0.032005337192830816,-0.0750448375172634,0.019596577791967867,0.022951796974499734,-0.02249212529908146,0.07598297705095503,0.42558194286399775,6.944444444444444e-05,False,0.49999999999999994,-0.019394553523632334,0.014196332924536943,1280,0.5035405192761605,640,0.5140625,384,0.5078125,192,0.4635416666666667,0.03231321769145245,0.007473616361116146,0.024839601330336303,-0.028646555862235128,0.08717410443006557,0.02385875271872373,5,0.05849152659106546,256,-0.038917138436551306,0.032607037612159814,257,0.0570346056766856,0.011361829154664889,253,0.02930396077364026,0.010043799606921608,257,0.030231278204641995,-0.015006506578785998,257,-0.00240630393316309
NQ,signed_return_60,30,R,1280,-0.04897953768221523,-0.13500685969424228,0.04083061973865496,-0.006305506579642421,-0.06403511596778136,0.055799733267282756,0.82675837616769,6.944444444444444e-05,False,0.09999999999999999,3.103515625,2.7301587301587302,1280,0.5035460992907801,640,0.5015625,384,0.4973958333333333,192,0.453125,2.437799043062201,1.3815993788819876,1.0561996641802134,-4.433551408783817,7.401854639687161,-0.008461316918791196,5,1.0947265625,256,-0.012117466466967345,2.019455252918288,257,0.04767156819751275,2.83102766798419,253,-0.08451462485750477,2.7159533073929962,257,-0.02131031991701949,0.6021400778210116,257,0.000662599400958741
NQ,signed_return_60,30,Q,1280,-0.043181251248760495,-0.08786590988558887,0.007694939843102758,0.005079548725256728,-0.04295586796146282,0.05935887084786888,0.8600521805616945,6.944444444444444e-05,False,0.6,-0.001267529807687761,0.014918408495382568,1280,0.48066298342541436,640,0.4694835680751174,384,0.4635416666666667,192,0.3958333333333333,0.009204660430851098,0.006290918615444973,0.0029137418154061246,-0.050829218982376634,0.06864412648033873,0.0050082240223534805,5,0.03381137610590682,256,-0.042324424235264085,0.0010153414963595011,257,0.052598015313192185,0.001221033976488623,253,0.0010002089715291061,0.012599012152198637,257,-0.0011131228313321442,-0.010399348823535647,257,-0.017364261731582554
NQ,range_5,5,R,1282,0.009480682288679333,-0.0838392730150835,0.08625678907057607,0.0009318207390451907,-0.06327972306156034,0.06553416055975897,0.9741786425121741,6.944444444444444e-05,False,0.09999999999999999,0.6028880866425993,0.6624015748031497,1282,0.513302034428795,641,0.5164319248826291,385,0.5260416666666666,192,0.5364583333333334,,,,,,0.002758257857790802,5,1.966796875,256,0.13904780930782018,0.835603112840467,257,-0.05293620106309122,0.791501976284585,253,0.03589615159971734,-1.1647286821705427,258,0.04126369319204243,-1.3585271317829457,258,-0.02022112174776652
NQ,range_5,5,Q,1282,0.00555430922401674,-0.048262144904249,0.06420455557665675,0.006716010598922466,-0.048141909714055096,0.0684243273736592,0.8155345052064173,6.944444444444444e-05,False,0.19999999999999998,0.010732961570470267,0.030702478867988346,1282,0.5125195618153364,641,0.5,385,0.4935064935064935,192,0.53125,,,,,,0.008582050749183515,5,0.07755847734650126,256,0.03609278083646207,-0.006009653398769016,257,0.009308616812912382,0.024725758584292667,253,-0.049600056646342656,0.025149253805751497,258,0.007432391094763641,0.03801619740567639,258,0.05216697816840908
NQ,range_5,10,R,1282,-0.039457985243003535,-0.12150534502059336,0.048558179036277564,-0.0299958443854655,-0.08685144024672167,0.02948278516988639,0.2972937506730924,6.944444444444444e-05,False,-0.7,-0.09386281588447654,-1.9015748031496063,1282,0.5176470588235295,641,0.49297971918876754,385,0.4909090909090909,192,0.4791666666666667,,,,,,-0.027725635325752226,5,1.8974609375,256,0.1390390704196648,2.267509727626459,257,-0.058952323494307866,-0.6679841897233202,253,-0.02787156339861867,-0.22286821705426357,258,0.025724569611886343,-1.2877906976744187,258,-0.08162079815062763
NQ,range_5,10,Q,1282,-0.012472793911191018,-0.06344441096293224,0.04478036959004957,-0.013921369125317783,-0.06935997996674184,0.047587369098264505,0.6286649889106737,6.944444444444444e-05,False,-0.09999999999999999,-0.002602949632517245,0.00993431472067747,1282,0.49726348709929635,641,0.4835680751173709,385,0.4765625,192,0.4869109947643979,,,,,,-0.011981937560578903,5,0.06242952039666318,256,0.09586154159784245,0.02491222539400414,257,-0.033475328278987485,0.013053425719509343,253,-0.06701869372003193,0.005581367836094513,258,0.03292832824663333,-0.007458250233318715,258,0.03547180507306204
NQ,range_5,15,R,1282,-0.04248616423909632,-0.11836310875977392,0.03632194314642922,-0.01153884929485401,-0.06600522127911428,0.043813089260814675,0.6885426409943463,6.944444444444444e-05,False,-0.6,0.1931407942238267,-2.3179133858267718,1282,0.5250783699059561,641,0.5086071987480438,385,0.5039164490861618,192,0.49214659685863876,,,,,,-0.009243745370805826,5,1.6201171875,256,0.1006591441047684,1.534046692607004,257,-0.0684776120386539,-0.3616600790513834,253,-0.029919703189363517,0.0562015503875969,258,-0.045783172234258124,-1.3449612403100775,258,0.0025084571863813626
NQ,range_5,15,Q,1282,-0.029040656250506752,-0.07937338422059297,0.026773356037365217,-0.027368095431307207,-0.08365008001088789,0.03136557144333811,0.3416545486212246,6.944444444444444e-05,False,-0.49999999999999994,0.004066235306204599,-0.0016644450681746145,1282,0.5054602184087363,641,0.4914196567862715,385,0.4805194805194805,192,0.4739583333333333,,,,,,-0.025474035856474637,5,0.05849152659106546,256,0.07863969413445121,0.032607037612159814,257,-0.043146127318152774,0.011361829154664889,253,-0.0738096482687632,0.012078062867864689,258,0.004993131846101507,-0.01830751495121965,258,0.02837939581894273
NQ,range_5,30,R,1282,-0.00025028096104118226,-0.07767951253220669,0.07028415621931675,0.020778749604334422,-0.034167399242835815,0.07753739564868231,0.4703690205754625,6.944444444444444e-05,False,-0.09999999999999999,-0.27256317689530685,1.1830708661417322,1282,0.53359375,641,0.53198127925117,385,0.5272727272727272,192,0.53125,,,,,,0.01928813433606509,5,1.0947265625,256,0.09681243764307608,2.019455252918288,257,-0.0335309663441526,2.83102766798419,253,0.016912033020634532,2.729651162790698,258,-0.006207816019972178,0.4786821705426357,258,0.005330691768500361
NQ,range_5,30,Q,1282,-0.022399670426931514,-0.07349356650700589,0.03235616919519093,-0.01704590737127142,-0.07352732248867928,0.04587568280425932,0.5537384630073263,6.944444444444444e-05,False,-0.09999999999999999,-0.011685938657165138,-0.011365466706874125,1282,0.4937402190923318,641,0.4914196567862715,385,0.4831168831168831,192,0.4947916666666667,,,,,,-0.015675236524761677,5,0.03381137610590682,256,0.09101264277627333,0.0010153414963595011,257,-0.03370710237155558,0.001221033976488623,253,-0.05311460338867596,0.015066158643924781,258,-0.028632980032927025,-0.013266018014142098,258,0.003225437891082311
NQ,range_10,5,R,1282,-0.006975016647085368,-0.08960376016160101,0.07726223411709225,-0.013684974758319117,-0.07746374103656165,0.052329020241256845,0.6345063592632885,6.944444444444444e-05,False,-0.7999999999999999,0.41974169741697415,-0.112,1282,0.513302034428795,641,0.5070422535211268,385,0.5142857142857142,192,0.5,,,,,,-0.011878570831588104,5,1.966796875,256,0.11085379378113544,0.835603112840467,257,-0.03328241750798097,0.791501976284585,253,0.027928894258121974,-1.1647286821705427,258,-0.015410012708732867,-1.3585271317829457,258,-0.031925781156366816
NQ,range_10,5,Q,1282,0.003169588994563534,-0.05072858803375124,0.06479661730694526,-0.004474128055788238,-0.059811451884758546,0.05670800385224643,0.8764939579072444,6.944444444444444e-05,False,0.0,0.008743243290727312,0.03594944370711607,1282,0.5125195618153364,641,0.49608763693270735,385,0.509090909090909,192,0.5104166666666666,,,,,,-0.002632053617363054,5,0.07755847734650126,256,0.001225401902258293,-0.006009653398769016,257,0.009735998610515438,0.024725758584292667,253,-0.041583055755614856,0.025149253805751497,258,-0.02938632447933692,0.03801619740567639,258,0.048397052187174515
NQ,range_10,10,R,1282,-0.06770670932983662,-0.15608421533535022,0.027976026948650905,-0.04520784037808299,-0.10248051444639275,0.017517928213250943,0.11608516578766159,6.944444444444444e-05,False,-0.7,0.5747232472324724,-3.661,1282,0.5176470588235295,641,0.48985959438377535,385,0.4753246753246753,192,0.4322916666666667,,,,,,-0.04297259448088201,5,1.8974609375,256,0.12243991919292779,2.267509727626459,257,-0.029704129585604144,-0.6679841897233202,253,-0.034009343018596414,-0.22286821705426357,258,-0.04380828501216866,-1.2877906976744187,258,-0.12203538918890393
NQ,range_10,10,Q,1282,-0.023063267452092286,-0.07236397652432225,0.03577775780152405,-0.02524547468116224,-0.07933969781977893,0.03690383728616937,0.3804223886088671,6.944444444444444e-05,False,-0.6,0.014904509862325884,-0.0019011693993638398,1282,0.49726348709929635,641,0.47730829420970267,385,0.4869791666666667,192,0.453125,,,,,,-0.023336399365190177,5,0.06242952039666318,256,0.07066580605160187,0.02491222539400414,257,-0.0190832421193296,0.013053425719509343,253,-0.05511238895016692,0.005581367836094513,258,-0.02385861225771187,-0.007458250233318715,258,0.006834224776590043
NQ,range_10,15,R,1282,-0.07193413659849762,-0.14868766137281753,0.003311800990064181,-0.032346807636645644,-0.08472329608122056,0.028178995803646672,0.2610141319370165,6.944444444444444e-05,False,-0.7,0.8957564575645757,-6.16,1282,0.5250783699059561,641,0.5070422535211268,385,0.5065274151436031,192,0.4739583333333333,,,,,,-0.030096310021701773,5,1.6201171875,256,0.08419229714666981,1.534046692607004,257,-0.06423857030637481,-0.3616600790513834,253,-0.05728584523414757,0.0562015503875969,258,-0.10257765843943341,-1.3449612403100775,258,-0.051923391512885185
NQ,range_10,15,Q,1282,-0.04381745775450986,-0.09522616530040359,0.01097180205135869,-0.040762092889444414,-0.09325335665414462,0.02077581773846936,0.15656910455065987,6.944444444444444e-05,False,-0.7,0.023886387769533658,-0.023875498630984694,1282,0.5054602184087363,641,0.48829953198127923,385,0.4779220779220779,192,0.4322916666666667,,,,,,-0.03890225786880223,5,0.05849152659106546,256,0.05716012212190502,0.032607037612159814,257,-0.026274171060194428,0.011361829154664889,253,-0.07194748727852512,0.012078062867864689,258,-0.04701087810734836,-0.01830751495121965,258,-0.014320090969301029
NQ,range_10,30,R,1282,-0.009503316964807,-0.0874243421727097,0.06467029842486256,0.005284567443968998,-0.0495045505967582,0.06268889275507965,0.8543527497526886,6.944444444444444e-05,False,-0.3,1.0525830258302582,-3.157,1282,0.53359375,641,0.5288611544461779,385,0.5298701298701298,192,0.5260416666666666,,,,,,0.0037694716534506585,5,1.0947265625,256,0.09342957190033521,2.019455252918288,257,-0.03057975130182453,2.83102766798419,253,-0.03093459852125967,2.729651162790698,258,-0.04880556061754635,0.4786821705426357,258,-0.011717607623351601
NQ,range_10,30,Q,1282,-0.033539949406386535,-0.08328775245636931,0.01972986300687266,-0.029696332722068966,-0.08906067578556169,0.0340505480106139,0.3021465059046613,6.944444444444444e-05,False,-0.7,0.008490617152241338,-0.03634458616372691,1282,0.4937402190923318,641,0.48829953198127923,385,0.4909090909090909,192,0.4583333333333333,,,,,,-0.028343921277681382,5,0.03381137610590682,256,0.08186174467170389,0.0010153414963595011,257,-0.03647465070720894,0.001221033976488623,253,-0.07220703755437957,0.015066158643924781,258,-0.07253486116801205,-0.013266018014142098,258,-0.021784109010378534
NQ,range_15,5,R,1282,-0.0016228404331463243,-0.08478899636722724,0.08148355465136381,-0.0068167191092331145,-0.07273889022999683,0.056929619194100355,0.812819241183214,6.944444444444444e-05,False,-0.09999999999999999,0.8795620437956204,0.9753937007874016,1282,0.513302034428795,641,0.5101721439749609,385,0.5272727272727272,192,0.5260416666666666,,,,,,-0.0049964502861407295,5,1.966796875,256,0.0903890431711729,0.835603112840467,257,-0.0334278870036677,0.791501976284585,253,0.02613050825991939,-1.1647286821705427,258,0.009874130110528885,-1.3585271317829457,258,0.0019584001583115252
NQ,range_15,5,Q,1282,0.0030571142246176085,-0.050022362593632026,0.0653067440298963,-0.007752815904931727,-0.06403462185194317,0.0527438393704441,0.7876920761851467,6.944444444444444e-05,False,-0.49999999999999994,0.04529203242581805,0.0410495892376754,1282,0.5125195618153364,641,0.49921996879875197,385,0.5116883116883116,192,0.5104166666666666,,,,,,-0.005914460259771039,5,0.07755847734650126,256,-0.03025650751199785,-0.006009653398769016,257,-0.001288722296490353,0.024725758584292667,253,-0.05387716793337154,0.025149253805751497,258,-0.00903925668054263,0.03801619740567639,258,0.07004089551336035
NQ,range_15,10,R,1282,-0.06584084223437985,-0.15550253130999794,0.02451289881002829,-0.03216412513204452,-0.08872836792645934,0.030964375097625306,0.2637186041496071,6.944444444444444e-05,False,-0.7999999999999999,0.8804744525547445,-2.3080708661417324,1282,0.5176470588235295,641,0.49453978159126366,385,0.4857142857142857,192,0.4479166666666667,,,,,,-0.029898578895216427,5,1.8974609375,256,0.11079723866455794,2.267509727626459,257,-0.00653474278064523,-0.6679841897233202,253,-0.030254074111651694,-0.22286821705426357,258,-0.003290436306721444,-1.2877906976744187,258,-0.0748011990791808
NQ,range_15,10,Q,1282,-0.018677785085428153,-0.07024012978205546,0.0399693844826533,-0.023011136792949326,-0.0780685111870464,0.03665375788226364,0.4240233614801192,6.944444444444444e-05,False,-0.49999999999999994,0.04751460306891758,0.01087611716416482,1282,0.49726348709929635,641,0.4788732394366197,385,0.4947916666666667,192,0.45549738219895286,,,,,,-0.021096881351499387,5,0.06242952039666318,256,0.047540438589882494,0.02491222539400414,257,-0.01856568663315054,0.013053425719509343,253,-0.06299083366733257,0.005581367836094513,258,0.0018188577754373661,-0.007458250233318715,258,0.034645018410178335
NQ,range_15,15,R,1282,-0.06192721270121814,-0.14027246494845716,0.01714062178350489,-0.02144241860020736,-0.07292176974588273,0.038343761318800816,0.4563065532245436,6.944444444444444e-05,False,-0.49999999999999994,1.0802919708029197,-3.965551181102362,1282,0.5250783699059561,641,0.5086071987480438,385,0.5104166666666666,192,0.4635416666666667,,,,,,-0.019169478219102334,5,1.6201171875,256,0.06622917007569848,1.534046692607004,257,-0.025819024450932333,-0.3616600790513834,253,-0.057734271519006695,0.0562015503875969,258,-0.06235339928664753,-1.3449612403100775,258,-0.024879107236702343
NQ,range_15,15,Q,1282,-0.03844171265354788,-0.08761772089060646,0.018481081363890196,-0.03631032881268499,-0.0902639697090119,0.025262243294097174,0.20700719806169476,6.944444444444444e-05,False,-0.6,0.048082217918363264,-0.007581347812197231,1282,0.5054602184087363,641,0.48673946957878317,385,0.4987012987012987,192,0.4375,,,,,,-0.03444213949281614,5,0.05849152659106546,256,0.03091038184758387,0.032607037612159814,257,-0.022119784076012037,0.011361829154664889,253,-0.07291115322811266,0.012078062867864689,258,-0.014788458945283675,-0.01830751495121965,258,0.010869455095463585
NQ,range_15,30,R,1282,-0.0023843117088936006,-0.07341823938550586,0.07075538259326945,0.014924159583229879,-0.03966908128546963,0.07616082433846622,0.6041463423297402,6.944444444444444e-05,False,-0.3,0.781021897810219,-0.05511811023622047,1282,0.53359375,641,0.5304212168486739,385,0.5402597402597402,192,0.515625,,,,,,0.013424881252919275,5,1.0947265625,256,0.07961597588959309,2.019455252918288,257,-0.013449202638783068,2.83102766798419,253,-0.044884092830234514,2.729651162790698,258,0.013000247597807657,0.4786821705426357,258,0.0025069539609753537
NQ,range_15,30,Q,1282,-0.025201018360446758,-0.07662972707192717,0.029230380552311787,-0.02140016543162505,-0.07578103524177837,0.041323761155729485,0.45719476168287176,6.944444444444444e-05,False,-0.6,0.016742022698551056,-0.017555879278288767,1282,0.4937402190923318,641,0.48829953198127923,385,0.5038961038961038,192,0.4739583333333333,,,,,,-0.020038437482191654,5,0.03381137610590682,256,0.059903020275502566,0.0010153414963595011,257,-0.02384246938577748,0.001221033976488623,253,-0.07531054657397283,0.015066158643924781,258,-0.029816047853756987,-0.013266018014142098,258,0.011830995085116213
NQ,range_30,5,R,1281,-0.02426324324370136,-0.0983191758323956,0.05813235431782123,-0.008572852391515128,-0.06646827703662127,0.049878853849229465,0.7659480252880837,6.944444444444444e-05,False,-0.19999999999999998,1.0914396887159532,-0.765686274509804,1281,0.5137039937353172,640,0.5094043887147336,384,0.5221932114882507,192,0.5026178010471204,,,,,,-0.006737137801115561,5,1.966796875,256,0.13211426999886655,0.835603112840467,257,-0.03147060601161269,0.791501976284585,253,0.016933100374333737,-1.1605058365758756,257,0.0338706364988753,-1.3585271317829457,258,-0.056337501629170554
NQ,range_30,5,Q,1281,-0.01328220390823077,-0.06035569949062219,0.04248494651259655,-0.010950724682506218,-0.06400325001124252,0.04670306453151049,0.7037575772082751,6.944444444444444e-05,False,-0.09999999999999999,0.0783331072981744,0.03752361616412202,1281,0.5121378230227095,640,0.4953125,384,0.5,192,0.5052083333333334,,,,,,-0.009121989724601024,5,0.07755847734650126,256,0.011633994047327867,-0.006009653398769016,257,-0.022317210804467646,0.024725758584292667,253,-0.06473779880637892,0.02386641545605629,257,-0.00047385616631149435,0.03801619740567639,258,0.03247194865912346
NQ,range_30,10,R,1281,-0.07477436003912255,-0.16151926861700475,0.019517018813492253,-0.0327200713493472,-0.0936177914648185,0.031509226878250106,0.2557338432285112,6.944444444444444e-05,False,-0.7999999999999999,0.9844357976653697,-2.7901960784313724,1281,0.5172684458398744,640,0.5,384,0.484375,192,0.4479166666666667,,,,,,-0.030452268676408562,5,1.8974609375,256,0.12204101985348927,2.267509727626459,257,0.012407809059251014,-0.6679841897233202,253,-0.0367075545497494,-0.23151750972762647,257,0.0019360971305038945,-1.2877906976744187,258,-0.10840598124519855
NQ,range_30,10,Q,1281,-0.032829943706502426,-0.07939921810950223,0.026311303232103386,-0.02219910572278817,-0.07397648243362967,0.0381553292004707,0.44074381200421686,6.944444444444444e-05,False,-0.7,0.06165514066700175,0.0025793647016187993,1281,0.4968701095461659,640,0.48746081504702193,384,0.4830287206266319,192,0.4635416666666667,,,,,,-0.020290718050119866,5,0.06242952039666318,256,0.07594971204458814,0.02491222539400414,257,-0.01637233198308162,0.013053425719509343,253,-0.07503870140173835,0.003610108092455893,257,0.015861013990536067,-0.007458250233318715,258,-0.004334379822040985
NQ,range_30,15,R,1281,-0.05049173906541845,-0.1306972592913353,0.033653748887805,-0.015838615053252746,-0.07368817108599963,0.04559842843502645,0.5823164824511793,6.944444444444444e-05,False,-0.8999999999999998,1.4309338521400778,-3.246078431372549,1281,0.5247058823529411,640,0.5219435736677116,384,0.5104166666666666,192,0.5104166666666666,,,,,,-0.013545406815150237,5,1.6201171875,256,0.07307612980253476,1.534046692607004,257,-0.020379086384745372,-0.3616600790513834,253,-0.04583960070120467,0.03988326848249027,257,-0.049397582515399614,-1.3449612403100775,258,-0.045515705265790976
NQ,range_30,15,Q,1281,-0.04453493082120056,-0.09095805188344211,0.014728947127747999,-0.034374524470824064,-0.08563774970829621,0.024716312277202303,0.2324607510506218,6.944444444444444e-05,False,-0.7,0.0627895077073222,-0.012403675644747796,1281,0.5050741608118657,640,0.4953125,384,0.4947916666666667,192,0.4635416666666667,,,,,,-0.032503416694615477,5,0.05849152659106546,256,0.05416777535910822,0.032607037612159814,257,-0.022837665213748238,0.011361829154664889,253,-0.07475463867659927,0.010043799606921608,257,-0.009157564845116945,-0.01830751495121965,258,-0.013732667119828712
NQ,range_30,30,R,1281,0.009643295801596992,-0.06783680228223746,0.08324054892406012,0.021710902153521675,-0.030745300056141463,0.08187513812825763,0.4508624934479757,6.944444444444444e-05,False,-0.3,1.0894941634241244,-0.46568627450980393,1281,0.5332290852228303,640,0.5453125,384,0.546875,192,0.515625,,,,,,0.02022010432387319,5,1.0947265625,256,0.0787900397174119,2.019455252918288,257,-0.0237566441879569,2.83102766798419,253,-0.049966689653183585,2.7159533073929962,257,0.02174076728292524,0.4786821705426357,258,0.037399824406121544
NQ,range_30,30,Q,1281,-0.024465340035391817,-0.07318023040734205,0.03205627396121232,-0.01714584649281661,-0.06421651026734798,0.04045311851374486,0.551571399322786,6.944444444444444e-05,False,-0.7,0.030996924165226487,-0.020281918037210488,1281,0.49334377447141736,640,0.5,384,0.5052083333333334,192,0.46875,,,,,,-0.01578076141212333,5,0.03381137610590682,256,0.07974684382006257,0.0010153414963595011,257,-0.025853433546597176,0.001221033976488623,253,-0.07721731625057247,0.012599012152198637,257,-0.016101893247529513,-0.013266018014142098,258,0.007398016542845833
NQ,range_60,5,R,1280,-0.028219234814859714,-0.10612403070433524,0.04122489392167015,-0.001975657065278841,-0.056859141527765875,0.05324180684756349,0.9453293234735753,6.944444444444444e-05,False,-0.7,0.9642857142857143,-0.5615234375,1280,0.5141065830721003,640,0.5297805642633229,384,0.5195822454308094,192,0.53125,,,,,,-0.003204224883586604,5,1.966796875,256,0.12111364588096181,0.835603112840467,257,-0.03712528703539664,0.791501976284585,253,0.027080848122419503,-1.1605058365758756,257,0.04323778039986532,-1.083657587548638,257,-0.04454883208183109
NQ,range_60,5,Q,1280,0.0071415609574234885,-0.04611039601466311,0.056697737793051546,-0.006139603080985693,-0.06037231680471635,0.05011836347690103,0.8312471204710137,6.944444444444444e-05,False,0.0,0.056234572796138416,0.03963892371497324,1280,0.512539184952978,640,0.5117370892018779,384,0.5117493472584856,192,0.5208333333333334,,,,,,-0.0073557671207067025,5,0.07755847734650126,256,-0.012194960597928649,-0.006009653398769016,257,-0.015861153651862525,0.024725758584292667,253,-0.03966799393409678,0.02386641545605629,257,0.014055800083156416,0.041330130455010904,257,0.02864604321512268
NQ,range_60,10,R,1280,-0.048841959077315825,-0.1364429354565298,0.025754270451620792,-0.020036545311451062,-0.07529266266431028,0.03773342155987361,0.4867155724182073,6.944444444444444e-05,False,-0.3,0.8426640926640927,-2.8525390625,1280,0.5176747839748626,640,0.5070422535211268,384,0.4895833333333333,192,0.4322916666666667,,,,,,-0.018524614757360013,5,1.8974609375,256,0.11227758827323467,2.267509727626459,257,0.046869747057854766,-0.6679841897233202,253,-0.03641372411343187,-0.23151750972762647,257,0.023414920905688315,-1.0291828793774318,257,-0.08725874990449721
NQ,range_60,10,Q,1280,-0.016531618229227944,-0.06713146365180264,0.03315569511875701,-0.011684380693228653,-0.06642380126318222,0.042787865950509645,0.6850570952184962,6.944444444444444e-05,False,-0.6,0.042993084166100495,0.0018746899954318274,1280,0.49725920125293654,640,0.4952978056426332,384,0.4830287206266319,192,0.4607329842931937,,,,,,-0.01173603617591352,5,0.06242952039666318,256,0.06107061223803446,0.02491222539400414,257,0.009755780291840023,0.013053425719509343,253,-0.06134488904710572,0.003610108092455893,257,0.03187232689018525,-0.004115026823072222,257,0.009086741237778272
NQ,range_60,15,R,1280,-0.044710927770842096,-0.13070127373843896,0.0317516045498924,-0.0020155175033954582,-0.05593304887043752,0.053731136448924896,0.9442280769607996,6.944444444444444e-05,False,-0.39999999999999997,1.3812741312741312,-3.2646484375,1280,0.5251177394034537,640,0.5273865414710485,384,0.5130208333333334,192,0.4739583333333333,,,,,,-0.00018586014598895596,5,1.6201171875,256,0.09265619500904677,1.534046692607004,257,-0.0065412411876814534,-0.3616600790513834,253,-0.061403338143388955,0.03988326848249027,257,-0.009883700688215365,-1.2558365758754864,257,-0.04867805551643727
NQ,range_60,15,Q,1280,-0.025771032785235088,-0.07519817884824263,0.023224998803162648,-0.02408223697017545,-0.07672497190262309,0.02842689931696992,0.4031364475289041,6.944444444444444e-05,False,-0.6,0.05254673951717109,-0.01462449829967087,1280,0.50546875,640,0.503125,384,0.4921875,192,0.4322916666666667,,,,,,-0.024101384427467294,5,0.05849152659106546,256,0.03836744644891069,0.032607037612159814,257,0.011749752486843177,0.011361829154664889,253,-0.06776479282344366,0.010043799606921608,257,0.00560344294488019,-0.015006506578785998,257,0.00021208814031803812
NQ,range_60,30,R,1280,0.02062595176339124,-0.07354825881768227,0.106249939040842,0.039110560261196844,-0.01746254717242575,0.09304582958176809,0.17440577481122155,6.944444444444444e-05,False,0.19999999999999998,1.3436293436293436,1.0439453125,1280,0.5336463223787168,640,0.5609375,384,0.5416666666666666,192,0.5052083333333334,,,,,,0.04132682730850608,5,1.0947265625,256,0.07887270555893242,2.019455252918288,257,0.014565818236917043,2.83102766798419,253,-0.04119473284979921,2.7159533073929962,257,0.01862063041915966,0.6021400778210116,257,0.045340491119391306
NQ,range_60,30,Q,1280,-0.004896829506791209,-0.05598669887970248,0.042976002972326344,-0.0009954133808118334,-0.05377406103022347,0.05449904728776394,0.9724386935528591,6.944444444444444e-05,False,0.0,0.029953521152804627,-0.016137088212566122,1280,0.493730407523511,640,0.5109375,384,0.4921875,192,0.4375,,,,,,-0.0006998739881796233,5,0.03381137610590682,256,0.06420400201858313,0.0010153414963595011,257,0.004188713040883297,0.001221033976488623,253,-0.06612431625595945,0.012599012152198637,257,0.010180351289324187,-0.010399348823535647,257,0.01129969664466945
NQ,close_location_5,5,R,1282,-0.00795231456398364,-0.05899321579559611,0.04457868540822964,0.006025246124924563,-0.044408652971995165,0.05279187009892911,0.8342166253373338,6.944444444444444e-05,False,0.3,0.4280155642023346,0.8268482490272373,1282,0.5059760956175299,641,0.5078369905956113,385,0.49476439790575916,192,0.5078534031413613,-0.009306260575296108,0.25523952095808383,-0.26454578153337993,-2.8961530618965114,2.7911955910513995,0.006289793512030368,5,1.966796875,256,0.05775675061850707,0.835603112840467,257,-0.037218079203555486,0.791501976284585,253,-0.018930797592740047,-1.1647286821705427,258,0.004256963510481022,-1.3585271317829457,258,-0.015940164333620783
NQ,close_location_5,5,Q,1282,-0.0066362061965762895,-0.06405640231289646,0.04967731450846184,-0.004756449630645946,-0.0641244519601732,0.048655894277133654,0.8687690575395641,6.944444444444444e-05,False,0.09999999999999999,0.02758560225779739,0.029487267046752995,1282,0.48764940239043825,641,0.48589341692789967,385,0.49214659685863876,192,0.46842105263157896,0.03505379311530334,0.030441957365612334,0.004611835749691009,-0.05279051005052087,0.07038912043103711,-0.0046019280011255406,5,0.07755847734650126,256,-0.025284719583169756,-0.006009653398769016,257,-0.04835574969411699,0.024725758584292667,253,0.019539236313384917,0.025149253805751497,258,-0.0044202444858387245,0.03801619740567639,258,0.030273401674792838
NQ,close_location_5,10,R,1282,0.014800265769103158,-0.03804954985738654,0.06359167184591641,0.027307296684791156,-0.02680403341405167,0.07781030231907334,0.34272861348354655,6.944444444444444e-05,False,0.3,-1.3686770428015564,0.8268482490272373,1282,0.512779552715655,641,0.5329153605015674,385,0.5300261096605744,192,0.5260416666666666,1.0465313028764804,-0.6467065868263473,1.6932378897028277,-2.675916536216906,5.637380711293148,0.02683657858239588,5,1.8974609375,256,0.12244852344201738,2.267509727626459,257,-0.02900484984521502,-0.6679841897233202,253,-0.013912748675273479,-0.22286821705426357,258,-0.00010114803897723359,-1.2877906976744187,258,0.05617667400304609
NQ,close_location_5,10,Q,1282,0.005759746709047118,-0.045296876931416895,0.0638889512396199,0.008044495226268416,-0.04351633407134331,0.0669751306393854,0.7799062228057985,6.944444444444444e-05,False,0.49999999999999994,-0.00047637411002558733,0.02057126889948496,1282,0.4928343949044586,641,0.496875,385,0.5116883116883116,192,0.5104166666666666,0.02525935569506828,0.013159727580019666,0.012099628115048616,-0.05007210925557297,0.08369932225494103,0.008349729358911217,5,0.06242952039666318,256,0.04610892213767103,0.02491222539400414,257,-0.05944082273483804,0.013053425719509343,253,0.024386091442025356,0.005581367836094513,258,-0.017391337767979624,-0.007458250233318715,258,0.054711604609024064
NQ,close_location_5,15,R,1282,-0.0061877824763455005,-0.06071446466607731,0.049318439880423594,0.02078431445851076,-0.029266549589374365,0.07288115717997944,0.47025012214992357,6.944444444444444e-05,False,-0.3,-0.3433852140077821,-1.3618677042801557,1282,0.509976057462091,641,0.5140625,385,0.5286458333333334,192,0.5287958115183246,0.5071912013536379,-0.19835329341317365,0.7055444947668116,-4.348645665521748,5.037893154047235,0.019872891748798575,5,1.6201171875,256,0.08665160546641125,1.534046692607004,257,-0.01488741425214649,-0.3616600790513834,253,0.014205640165398421,0.0562015503875969,258,0.03292736783703114,-1.3449612403100775,258,-0.031997959599227604
NQ,close_location_5,15,Q,1282,0.009977686554604794,-0.03991671174692765,0.06462756779693311,0.01167719290615324,-0.04017666851896781,0.06666386613977754,0.6850072977964259,6.944444444444444e-05,False,0.6,-0.0035826374552146907,0.016326090023157488,1282,0.5075456711675933,641,0.516380655226209,385,0.5324675324675324,192,0.5260416666666666,0.028592754361454687,0.008684498698985594,0.019908255662469093,-0.043810343535927124,0.0878453549979345,0.01090858154594815,5,0.05849152659106546,256,0.06001613743696576,0.032607037612159814,257,-0.04387369741774161,0.011361829154664889,253,0.0038648241539220047,0.012078062867864689,258,-0.0010851896593001046,-0.01830751495121965,258,0.03681050185365194
NQ,close_location_5,30,R,1282,0.00482481889824989,-0.04529246173906157,0.06004800277776512,0.00834972393861077,-0.04272139742375811,0.06431880403566095,0.7717822374458745,6.944444444444444e-05,False,0.39999999999999997,0.9406614785992218,2.369649805447471,1282,0.48607796340493237,641,0.49765990639625585,385,0.5064935064935064,192,0.5208333333333334,2.288917089678511,1.0486526946107784,1.2402643950677326,-5.066482168910909,7.711764035381014,0.007825824054179392,5,1.0947265625,256,0.052673434715073124,2.019455252918288,257,-0.06295717280013113,2.83102766798419,253,-0.06453810300990435,2.729651162790698,258,0.07008718775557866,0.4786821705426357,258,0.011831884176553214
NQ,close_location_5,30,Q,1282,-0.0023961048453582856,-0.054374539813272414,0.05112892211266526,-0.00041236673334004527,-0.05219456688077025,0.05224199362031009,0.9885714483075156,6.944444444444444e-05,False,0.09999999999999999,-0.01069068528499509,-0.0003266997488253338,1282,0.4940239043824701,641,0.5023474178403756,385,0.5065274151436031,192,0.5078534031413613,0.004854924203593364,0.00806473680563669,-0.003209812602043327,-0.07543768243322592,0.06203881074728165,-0.0013078761959291524,5,0.03381137610590682,256,0.04257060623724314,0.0010153414963595011,257,-0.07709336520055907,0.001221033976488623,253,-0.0248920046611062,0.015066158643924781,258,0.035056538269284565,-0.013266018014142098,258,0.01818530564422391
NQ,close_location_10,5,R,1282,-0.021372568210719756,-0.07027648802941781,0.02856841232271656,-0.0017011646886412718,-0.052373090080065535,0.047874461622430795,0.9528787841118358,6.944444444444444e-05,False,-0.7999999999999999,0.9263565891472868,-0.8501945525291829,1282,0.49564528899445764,641,0.5219435736677116,385,0.5130890052356021,192,0.49214659685863876,-1.0317656765676568,1.3430408472012103,-2.374806523768867,-5.192084746958054,0.9158652225850393,-0.001453167433442194,5,1.966796875,256,0.04976205725828555,0.835603112840467,257,-0.0017097089844642394,0.791501976284585,253,-0.006812133976367827,-1.1647286821705427,258,-0.06440428538747175,-1.3585271317829457,258,-0.02314733372362184
NQ,close_location_10,5,Q,1282,-0.013772916920035695,-0.06492624706212526,0.04406556940898015,-0.011708866603248862,-0.06396243995001485,0.04702673776469942,0.6841988474710248,6.944444444444444e-05,False,-0.39999999999999997,0.0387058674537345,0.017248323235189444,1282,0.47110055423594616,641,0.4890282131661442,385,0.4738219895287958,192,0.4497354497354497,0.008017108690152572,0.05199691407378934,-0.04397980538363677,-0.10900167193893068,0.02875014366786437,-0.011556913666543265,5,0.07755847734650126,256,-0.024006401807772908,-0.006009653398769016,257,-0.013739748609621908,0.024725758584292667,253,0.02987759445360525,0.025149253805751497,258,-0.07101568749403155,0.03801619740567639,258,0.013208233410054233
NQ,close_location_10,10,R,1282,-0.004982684222532951,-0.05664640648561927,0.045391463948218316,0.014151867041490193,-0.03776213298043458,0.06467971599775325,0.6229915781388622,6.944444444444444e-05,False,0.0,-1.7335271317829457,-1.2996108949416343,1282,0.5035685963521015,641,0.5282131661442007,385,0.5260416666666666,192,0.53125,-0.7033828382838284,1.3460665658093798,-2.0494494040932083,-6.324445940244554,2.3026317136252197,0.013655502646670583,5,1.8974609375,256,0.09981722237061197,2.267509727626459,257,0.023425260312800088,-0.6679841897233202,253,-0.031572989891904275,-0.22286821705426357,258,-0.07625288506622975,-1.2877906976744187,258,0.05716696972980489
NQ,close_location_10,10,Q,1282,-0.0021211852063123164,-0.054590554359404464,0.05260070635985905,0.00033468150033031605,-0.05349370939550033,0.0545782560607174,0.9907243502373508,6.944444444444444e-05,False,-0.09999999999999999,0.01014289985378772,-0.0016176825704918606,1282,0.4786392405063291,641,0.4984375,385,0.4961038961038961,192,0.4895833333333333,0.003438008801592633,0.03456624348599249,-0.03112823468439986,-0.09881383734981877,0.04247901426897443,0.0006241589733407528,5,0.06242952039666318,256,0.0410441082185905,0.02491222539400414,257,-0.018707028211172518,0.013053425719509343,253,0.029767895778892686,0.005581367836094513,258,-0.09109702746377821,-0.007458250233318715,258,0.041731826516611066
NQ,close_location_10,15,R,1282,-0.019083077615541455,-0.07513434265267828,0.03225598115973597,0.015655201705605734,-0.0374209078736026,0.06529022225955274,0.5865469754925177,6.944444444444444e-05,False,-0.7999999999999999,-0.2761627906976744,-1.4182879377431907,1282,0.507533703409992,641,0.5203125,385,0.5130208333333334,192,0.5340314136125655,-1.3226072607260726,1.7102874432677762,-3.0328947039938488,-7.778663800097862,1.4755076410628924,0.014718250783829505,5,1.6201171875,256,0.054881221856129966,1.534046692607004,257,0.044610078710459744,-0.3616600790513834,253,0.005443962899760638,0.0562015503875969,258,-0.005834927845630033,-1.3449612403100775,258,-0.03777476258883526
NQ,close_location_10,15,Q,1282,0.00324414793217652,-0.04868605428407083,0.05998290278067493,0.004621076422158108,-0.04797560421694876,0.06054900936095208,0.8724716339034244,6.944444444444444e-05,False,-0.09999999999999999,0.008473846108018249,-0.0009267767692874229,1282,0.4956590370955012,641,0.5132605304212169,385,0.5116883116883116,192,0.515625,0.00945161577339804,0.027597317571129997,-0.018145701797731957,-0.08817702187328984,0.05225288574924986,0.00383224951948446,5,0.05849152659106546,256,0.042791027546906966,0.032607037612159814,257,0.001824344052784305,0.011361829154664889,253,0.0027536292830759733,0.012078062867864689,258,-0.06323525558346688,-0.01830751495121965,258,0.02763947568197456
NQ,close_location_10,30,R,1282,3.194412991377452e-05,-0.048470564782677396,0.056213461928311226,0.00331536227028432,-0.04569939269233664,0.0575071081417429,0.9083155149863067,6.944444444444444e-05,False,0.09999999999999999,1.682170542635659,3.713035019455253,1282,0.48221343873517786,641,0.49921996879875197,385,0.5038961038961038,192,0.5208333333333334,0.8849009900990099,2.472768532526475,-1.5878675424274653,-8.027832398406256,3.8787910887344395,0.0027756281416950333,5,1.0947265625,256,0.031094210194149992,2.019455252918288,257,-0.022555034156198167,2.83102766798419,253,-0.09432966075336617,2.729651162790698,258,0.037349995754976766,0.4786821705426357,258,0.023947177224898312
NQ,close_location_10,30,Q,1282,-0.005576927989220218,-0.05716220726004001,0.04917430693818509,-0.00408998542022475,-0.057012988373034194,0.05151662293762981,0.8870236444067112,6.944444444444444e-05,False,-0.49999999999999994,0.006950450434376761,-1.5783045020059855e-05,1282,0.48693586698337293,641,0.5007849293563579,385,0.4830287206266319,192,0.47643979057591623,-0.008329230863440541,0.02029761176751534,-0.02862684263095588,-0.10054935651300598,0.03464289291004743,-0.005001840176536959,5,0.03381137610590682,256,0.02065739957275914,0.0010153414963595011,257,-0.031153194723857393,0.001221033976488623,253,-0.031144682592289336,0.015066158643924781,258,-0.011727911748897016,-0.013266018014142098,258,0.015223636133888331
NQ,close_location_15,5,R,1282,-0.03631828858977642,-0.08723734576850835,0.013769490032091457,-0.01494298676417087,-0.0669302640612087,0.03515424102121569,0.6036901327048183,6.944444444444444e-05,False,-0.6,0.6381322957198443,-0.9134241245136187,1282,0.48578199052132703,641,0.5054945054945055,385,0.5026178010471204,192,0.48947368421052634,-1.6655683690280065,2.0938914027149322,-3.7594597717429385,-6.755450395213211,-0.9379732215405497,-0.014707838936649283,5,1.966796875,256,0.049101613536705654,0.835603112840467,257,-0.02471448381950483,0.791501976284585,253,-0.019613633359348577,-1.1647286821705427,258,-0.07266168626101126,-1.3585271317829457,258,-0.04446736794103482
NQ,close_location_15,5,Q,1282,-0.023305478288584307,-0.0729690518728984,0.03523528260626702,-0.02048039787741621,-0.071189395042223,0.03693150999783208,0.476767796516798,6.944444444444444e-05,False,-0.7,0.029216221382307145,0.009117487775079584,1282,0.46208530805687204,641,0.48119122257053293,385,0.46335078534031415,192,0.42857142857142855,0.0066771824443943775,0.05978519518973084,-0.05310801274533646,-0.12269071827040591,0.008957960830840835,-0.020335734690220205,5,0.07755847734650126,256,-0.014866605226021155,-0.006009653398769016,257,-0.016595621938742477,0.024725758584292667,253,0.010243113705043447,0.025149253805751497,258,-0.08536464786081246,0.03801619740567639,258,-0.0019298065406939326
NQ,close_location_15,10,R,1282,-0.02522117480713572,-0.07811242312632863,0.02860485039926096,-0.00456186017481087,-0.0570195557095831,0.050409773290048865,0.8740921326037794,6.944444444444444e-05,False,-0.09999999999999999,-1.5496108949416343,-1.2830739299610896,1282,0.48614410134600156,641,0.5243328100470958,385,0.5260416666666666,192,0.53125,-1.8002471169686984,2.41025641025641,-4.210503527225109,-8.14026863565094,-0.053432226711494626,-0.005090301555598739,5,1.8974609375,256,0.09029564039555299,2.267509727626459,257,0.0014952620872929502,-0.6679841897233202,253,-0.06404435786947794,-0.22286821705426357,258,-0.0766015333564441,-1.2877906976744187,258,0.020510935631702452
NQ,close_location_15,10,Q,1282,-0.016464304237219483,-0.0670436745937401,0.03723310679928558,-0.01251781702726711,-0.06503069347090902,0.04434434184717494,0.6636755613393008,6.944444444444444e-05,False,-0.6,0.00498409444100603,-0.0004929814191975003,1282,0.4664561957379637,641,0.4953125,385,0.4895833333333333,192,0.46875,-0.010798016939269843,0.050429474589961824,-0.06122749152923167,-0.13267742105198885,0.012978809545222873,-0.012236632373283261,5,0.06242952039666318,256,0.04545901597242651,0.02491222539400414,257,-0.03125677141683538,0.013053425719509343,253,0.0022752985241082315,0.005581367836094513,258,-0.09448040763331828,-0.007458250233318715,258,0.023331844969821887
NQ,close_location_15,15,R,1282,-0.03220090859187723,-0.08810446406791268,0.020666510412168874,0.0036448665827159194,-0.047505409988870255,0.05565370971948943,0.8992495686692263,6.944444444444444e-05,False,-0.19999999999999998,-0.8929961089494164,-0.7996108949416343,1282,0.4912974683544304,641,0.521875,385,0.5364583333333334,192,0.5287958115183246,-2.370675453047776,2.760180995475113,-5.13085644852289,-9.635987728635998,-0.35308483106840793,0.0026816858830248417,5,1.6201171875,256,0.05270880331191994,1.534046692607004,257,0.036306795428623466,-0.3616600790513834,253,-0.024396822774430574,0.0562015503875969,258,-0.007377465007286655,-1.3449612403100775,258,-0.04855586854531294
NQ,close_location_15,15,Q,1282,-0.011017392533636625,-0.06192375797758481,0.043758922200796836,-0.00783793798680523,-0.05998274916787289,0.04639747527550046,0.7854176680548666,6.944444444444444e-05,False,0.19999999999999998,-0.0026525501085758597,0.0035672554418316534,1282,0.4826771653543307,641,0.514820592823713,385,0.5194805194805194,192,0.5052083333333334,-0.0077285861102599565,0.04650215632266586,-0.05423074243292582,-0.12667671440563094,0.017122739348008037,-0.008644536248695187,5,0.05849152659106546,256,0.051291620478928594,0.032607037612159814,257,-0.009376506171570535,0.011361829154664889,253,-0.02153325217966937,0.012078062867864689,258,-0.07132955871392273,-0.01830751495121965,258,0.010361943040758992
NQ,close_location_15,30,R,1282,-0.006489860857004161,-0.059461818336268756,0.049918896231783506,-0.004262024543564832,-0.05324935586988308,0.0514217982047039,0.8823053253811768,6.944444444444444e-05,False,0.0,0.8540856031128404,3.3618677042801557,1282,0.47791798107255523,641,0.48673946957878317,385,0.509090909090909,192,0.515625,0.5885502471169687,3.1315987933634992,-2.5430485462465304,-8.341621489236932,3.166384280552925,-0.004809295881990152,5,1.0947265625,256,0.038588235210039866,2.019455252918288,257,-0.02659168238833768,2.83102766798419,253,-0.11583731648823384,2.729651162790698,258,0.03583853582449987,0.4786821705426357,258,0.0130187183821247
NQ,close_location_15,30,Q,1282,-0.017205107491917355,-0.06973097080800904,0.03986930557454106,-0.01422342004887621,-0.06711517638686854,0.042262228564816665,0.6212349063384628,6.944444444444444e-05,False,-0.49999999999999994,-0.005976494078813007,-0.006544217593641197,1282,0.471563981042654,641,0.4976452119309262,385,0.4960835509138381,192,0.46596858638743455,-0.019694325365691632,0.03575194206642261,-0.05544626743211424,-0.12527582561056347,0.009006984188136637,-0.015151152066690042,5,0.03381137610590682,256,0.03218281580926938,0.0010153414963595011,257,-0.04013015222769575,0.001221033976488623,253,-0.0548296047154926,0.015066158643924781,258,-0.021198973304190696,-0.013266018014142098,258,0.0020760210830398874
NQ,close_location_30,5,R,1281,-0.03950148158172619,-0.08748082647193478,0.0141014700455281,-0.00584143908148472,-0.057734146886728205,0.051211255695032196,0.8392660485943046,6.944444444444444e-05,False,-0.6,0.7566539923954373,0.390625,1281,0.504739336492891,640,0.5219435736677116,384,0.5366492146596858,192,0.5026178010471204,-1.0878267973856208,1.4464285714285714,-2.5342553688141924,-5.2365579432127465,0.6924445797822664,-0.005610974909865432,5,1.966796875,256,0.00238395371024002,0.835603112840467,257,0.020521581827671484,0.791501976284585,253,-0.02449007494250698,-1.1605058365758756,257,-0.03307219935166888,-1.3585271317829457,258,-0.0381251686886403
NQ,close_location_30,5,Q,1281,-0.001578853458807711,-0.050360938146135126,0.0569170961404022,-0.0004421680682280877,-0.049300713494645806,0.05768155196656994,0.9877503720480525,6.944444444444444e-05,False,0.3,0.022575393764563852,0.048111594312758216,1281,0.4960505529225908,640,0.48427672955974843,384,0.49476439790575916,192,0.45789473684210524,0.027621767868240152,0.03438412651967267,-0.006762358651432515,-0.06787689538486076,0.05857392466153388,-0.00027592785808096905,5,0.07755847734650126,256,-0.0009776020585827469,-0.006009653398769016,257,0.0295193280122415,0.024725758584292667,253,0.005812532847876852,0.02386641545605629,257,-0.030429714065954922,0.03801619740567639,258,-0.009246720359555647
NQ,close_location_30,10,R,1281,-0.038544603870111396,-0.09212721013052826,0.018927616639523435,-0.009171959536493602,-0.06180913687817163,0.0474882642870003,0.7501182833052986,6.944444444444444e-05,False,-0.09999999999999999,-0.5865019011406845,-0.5634765625,1281,0.49683544303797467,640,0.5203761755485894,384,0.5456919060052219,192,0.5392670157068062,-1.3762254901960784,2.186550151975684,-3.5627756421717622,-8.040001452708742,1.082632742813437,-0.00970711483227492,5,1.8974609375,256,0.03378324611152386,2.267509727626459,257,0.03383135789637186,-0.6679841897233202,253,-0.07604366704972829,-0.23151750972762647,257,-0.03861045555489169,-1.2877906976744187,258,-0.007442752125751057
NQ,close_location_30,10,Q,1281,0.002474189370881897,-0.04491302775262927,0.05815617653538038,0.0038426090305923853,-0.04669781422912302,0.06046797484242415,0.8938563956607828,6.944444444444444e-05,False,0.09999999999999999,-0.02165093646987379,0.034721581762986065,1281,0.4909234411996843,640,0.5054773082942097,384,0.5300261096605744,192,0.5052083333333334,0.015980392916523832,0.024925566061406196,-0.008945173144882364,-0.07290336505544641,0.06024049009520231,0.00413733316595295,5,0.06242952039666318,256,0.03051825747065485,0.02491222539400414,257,0.02028335150822619,0.013053425719509343,253,-0.000626343554163606,0.003610108092455893,257,-0.05090376819873038,-0.007458250233318715,258,0.03046009299127711
NQ,close_location_30,15,R,1281,-0.027730723362181218,-0.0759269627954489,0.029172857198384115,0.008578954765972787,-0.038598158754495945,0.06899444807673759,0.7657862815026195,6.944444444444444e-05,False,-0.09999999999999999,-0.48574144486692017,0.09375,1281,0.5079113924050633,640,0.5273865414710485,384,0.5442708333333334,192,0.5260416666666666,-0.8112745098039216,1.5037993920972645,-2.315073901901186,-6.875790081103363,2.86251589288197,0.00762420815090375,5,1.6201171875,256,0.0034332349453086884,1.534046692607004,257,0.07318303049105296,-0.3616600790513834,253,-0.03145885865157848,0.03988326848249027,257,0.019855108836931645,-1.3449612403100775,258,-0.029642886778467204
NQ,close_location_30,15,Q,1281,0.005709347818188717,-0.04387357951331978,0.06489851671422556,0.0066796209335620435,-0.04368636494823908,0.06556989551117313,0.8165866412420419,6.944444444444444e-05,False,0.19999999999999998,-0.030662729023710877,0.033363946071818695,1281,0.49921259842519683,640,0.5234375,384,0.5416666666666666,192,0.5416666666666666,0.01822408072697413,0.021978788659190125,-0.003754707932215995,-0.06584774581793122,0.0646483896270456,0.005905546765718198,5,0.05849152659106546,256,0.03161943380003815,0.032607037612159814,257,0.04031380771998497,0.011361829154664889,253,-0.01682104483141904,0.010043799606921608,257,-0.030182628799233092,-0.01830751495121965,258,0.01647279221313728
NQ,close_location_30,30,R,1281,-0.004042016357763024,-0.05918549024245018,0.055933511760895324,-0.0036151391717963964,-0.05959690592421847,0.05242602305027391,0.9001058346260022,6.944444444444444e-05,False,0.09999999999999999,2.4904942965779466,4.962890625,1281,0.500788643533123,640,0.4875,384,0.4869791666666667,192,0.515625,2.8255718954248366,1.2340425531914894,1.5915293422333472,-4.276526865178695,8.076027015416093,-0.004155194002239976,5,1.0947265625,256,0.017723415861042265,2.019455252918288,257,0.032186603084681936,2.83102766798419,253,-0.11395907790672194,2.7159533073929962,257,0.026390861739632763,0.4786821705426357,258,0.023094581712651628
NQ,close_location_30,30,Q,1281,-0.0010802411457635993,-0.05210243901425099,0.0571929991891756,-0.0008686981053656905,-0.05152176570190578,0.0579209928907383,0.975936672200586,6.944444444444444e-05,False,-0.09999999999999999,-0.020129278538275223,0.01840910434272439,1281,0.4849921011058452,640,0.49295774647887325,384,0.5,192,0.4895833333333333,0.01105980423706573,0.007912642337229697,0.003147161899836033,-0.05691635878559942,0.0684669938833568,-0.0017738482099172918,5,0.03381137610590682,256,0.007399506282599526,0.0010153414963595011,257,0.02575942832162564,0.001221033976488623,253,-0.04745089895315032,0.012599012152198637,257,-0.0021696340660160474,-0.013266018014142098,258,0.013200307734670656
NQ,close_location_60,5,R,1280,-0.008681035864998054,-0.06233616699067688,0.04612581245299309,0.027581503020567524,-0.02448536620504327,0.07808331159102869,0.33827954609405686,6.944444444444444e-05,False,-0.3,2.2110894941634243,-0.1376953125,1280,0.5133647798742138,640,0.5219435736677116,384,0.5471204188481675,192,0.5526315789473685,-0.06488853503184713,0.5895061728395061,-0.6543947078713532,-3.548224448572777,2.610951076806635,0.027834097137728296,5,1.966796875,256,-0.05065188749837856,0.835603112840467,257,0.06667037844609791,0.791501976284585,253,0.060586187556125735,-1.1605058365758756,257,0.03654121529036934,-1.083657587548638,257,-0.03138322822806165
NQ,close_location_60,5,Q,1280,0.03834217832218823,-0.014675316894511632,0.09167538847541461,0.03946731844099971,-0.013544015072433666,0.09303081098630389,0.17050454921790337,6.944444444444444e-05,False,0.7,0.03453533274652985,0.06905888439411922,1280,0.5039308176100629,640,0.5015673981191222,384,0.5091383812010444,192,0.518324607329843,0.05076503017647949,0.014972751458900263,0.03579227871757923,-0.027501591219318205,0.09858391282869976,0.039661541056188986,5,0.07755847734650126,256,-0.012956618565257165,-0.006009653398769016,257,0.09721220935650055,0.024725758584292667,253,0.07752037935626364,0.02386641545605629,257,0.029865882421568738,0.041330130455010904,257,0.0023216245291935705
NQ,close_location_60,10,R,1280,-0.016903120851034938,-0.06784228297615082,0.03618688621035281,0.0062894263426303346,-0.04521315970975568,0.059573528082006465,0.8271932040395584,6.944444444444444e-05,False,-0.6,2.442607003891051,-2.0810546875,1280,0.5090479937057435,640,0.5180533751962323,384,0.5352480417754569,192,0.5549738219895288,-0.18630573248407642,1.0694444444444444,-1.2557501769285209,-5.53085651834159,3.2358952951757463,0.005783423900660753,5,1.8974609375,256,-0.01587745521173247,2.267509727626459,257,0.03899750545932569,-0.6679841897233202,253,-0.054303183406266345,-0.23151750972762647,257,0.02526018755096269,-1.0291828793774318,257,-0.0051522960168570615
NQ,close_location_60,10,Q,1280,0.0355528266248398,-0.016324829838053934,0.08912207708522368,0.036190815674571344,-0.015668799583717204,0.09079974169657118,0.2088633474388879,6.944444444444444e-05,False,0.7999999999999999,0.012633778483142868,0.039836888461364815,1280,0.5074626865671642,640,0.512539184952978,384,0.5274151436031331,192,0.5416666666666666,0.03706672816382397,0.004055416177243949,0.03301131198658002,-0.03626428464206187,0.09782986357925713,0.036503222431228735,5,0.06242952039666318,256,0.004771040654100535,0.02491222539400414,257,0.07946689562972983,0.013053425719509343,253,0.047307406161402235,0.003610108092455893,257,0.0288800382460994,-0.004115026823072222,257,0.02804807332205317
NQ,close_location_60,15,R,1280,-0.005391814395385637,-0.05843044592198443,0.05207587542671302,0.026920324558332695,-0.029066781054886345,0.08140011483323654,0.34999228736535404,6.944444444444444e-05,False,0.09999999999999999,1.7636186770428015,-1.0302734375,1280,0.5133858267716536,640,0.5283018867924528,384,0.5221932114882507,192,0.5416666666666666,0.1664012738853503,0.5115740740740741,-0.34517280018872376,-5.052214739620194,4.330134920283868,0.02597681725116251,5,1.6201171875,256,-0.0546150264359295,1.534046692607004,257,0.10611354046172393,-0.3616600790513834,253,0.01636699960353832,0.03988326848249027,257,0.05193099315238825,-1.2558365758754864,257,-0.014238413990631913
NQ,close_location_60,15,Q,1280,0.0383426810052579,-0.015265141003210102,0.09079065594882592,0.0390468535102417,-0.014950160711082678,0.09044941908902109,0.17510936850558023,6.944444444444444e-05,False,0.7999999999999999,0.007132315288359504,0.036270643690999534,1280,0.5109717868338558,640,0.5296875,384,0.5416666666666666,192,0.5677083333333334,0.03832626841719391,0.0020258228713956232,0.03630044554579828,-0.031707061787037485,0.10682303751861141,0.03832876767546588,5,0.05849152659106546,256,-0.0042885914669333934,0.032607037612159814,257,0.09498100574613136,0.011361829154664889,253,0.05407210379557156,0.010043799606921608,257,0.037257409559691576,-0.015006506578785998,257,0.011807480521758187
NQ,close_location_60,30,R,1280,0.011621840533298731,-0.041186005935484646,0.0653934483598963,0.013458567083028122,-0.04119270474393837,0.0678820297527788,0.6403839369191227,6.944444444444444e-05,False,-0.19999999999999998,2.580739299610895,1.7734375,1280,0.5102040816326531,640,0.509375,384,0.4739583333333333,192,0.484375,2.1238057324840764,1.6099537037037037,0.5138520287803727,-5.507110007765196,6.2202586228080525,0.012927753533329733,5,1.0947265625,256,-0.008193596335365582,2.019455252918288,257,0.08619355556740058,2.83102766798419,253,-0.07519173910275956,2.7159533073929962,257,0.04380067104313708,0.6021400778210116,257,0.019210430691311696
NQ,close_location_60,30,Q,1280,0.02531559203283859,-0.02878064527475365,0.07868381323824049,0.026108989686072503,-0.028166733770728924,0.0794681996424451,0.36471158608849796,6.944444444444444e-05,False,0.19999999999999998,0.0114066048411906,0.009154325594405776,1280,0.4944968553459119,640,0.48982785602503914,384,0.4751958224543081,192,0.4895833333333333,0.023751591418170608,-0.007212026330286299,0.030963617748456906,-0.03672042056457316,0.10303690050185142,0.025222996707583933,5,0.03381137610590682,256,-0.015840388735571895,0.0010153414963595011,257,0.0855700157926479,0.001221033976488623,253,0.012539280773966535,0.012599012152198637,257,0.03949520899581482,-0.010399348823535647,257,0.0001307856986192055
NQ,signed_path_eff_5,5,R,1282,-0.028219333796523225,-0.08098687959463191,0.024728297640743756,-0.009348028205977143,-0.0627312092115102,0.04798016605550362,0.7453896198853693,6.944444444444444e-05,False,-0.6,1.2055984555984556,-0.42315175097276264,1282,0.5027799841143765,641,0.5149136577708007,385,0.5274151436031331,192,0.515625,-1.1138698630136987,1.3387334315169366,-2.4526032945306353,-5.235044327627252,0.09252299917283638,-0.009116113712168418,5,1.966796875,256,0.004206337299561809,0.835603112840467,257,0.009902962542786336,0.791501976284585,253,-0.022410302640808923,-1.1647286821705427,258,-0.06352843428586177,-1.3585271317829457,258,-0.026681008361060275
NQ,signed_path_eff_5,5,Q,1282,-0.0029954252650467687,-0.05712622958175548,0.05799775807797521,-0.003277797175674047,-0.05682425528910049,0.056586928115015755,0.909349857015334,6.944444444444444e-05,False,-0.19999999999999998,0.028200573757117507,0.06197301096613665,1282,0.47736298649722003,641,0.4827586206896552,385,0.4869109947643979,192,0.46596858638743455,0.01871162822889543,0.04431591322395169,-0.025604284995056258,-0.09521073606460172,0.035750126312071064,-0.003128419844378885,5,0.07755847734650126,256,-0.05077338505488851,-0.006009653398769016,257,0.04121363915927974,0.024725758584292667,253,-0.000643083960570489,0.025149253805751497,258,-0.05410477293740276,0.03801619740567639,258,0.04072351555018525
NQ,signed_path_eff_5,10,R,1282,-0.010145928267242614,-0.06919104462490863,0.0447736540391349,-0.006178162364853594,-0.06576771948625233,0.05028933067765316,0.8300724646535955,6.944444444444444e-05,False,-0.09999999999999999,-0.4971042471042471,-0.2782101167315175,1282,0.49044585987261147,641,0.5171875,385,0.5194805194805194,192,0.5052083333333334,-1.7752568493150684,2.2684094256259204,-4.043666274940989,-7.849247609296507,-0.7144048396614684,-0.006667511550948977,5,1.8974609375,256,0.09074446431439039,2.267509727626459,257,0.0010117843566450463,-0.6679841897233202,253,-0.09099106716065339,-0.22286821705426357,258,-0.062151813859216545,-1.2877906976744187,258,0.047901902769082495
NQ,signed_path_eff_5,10,Q,1282,-0.0016408503873815968,-0.05369875842555178,0.05611476553600296,-0.002918026790647146,-0.05516059127547116,0.05323203799648274,0.9192635312353779,6.944444444444444e-05,False,0.0,0.014760672145707893,0.04355822029510081,1282,0.4793650793650794,641,0.5,385,0.5052083333333334,192,0.5208333333333334,-0.0009946002448205085,0.03814619446052304,-0.03914079470534355,-0.10519485960018594,0.0222369405081206,-0.002643723849511467,5,0.06242952039666318,256,0.022115396207563334,0.02491222539400414,257,0.016595329941092824,0.013053425719509343,253,-0.021897257221042084,0.005581367836094513,258,-0.08074679566878565,-0.007458250233318715,258,0.0490118903454003
NQ,signed_path_eff_5,15,R,1282,-0.016631307439053736,-0.0721959635281215,0.04010926177344733,0.008684117320023022,-0.043652592613723035,0.05867932232840727,0.7629106217722821,6.944444444444444e-05,False,-0.3,2.2065637065637067,1.5680933852140078,1282,0.492442322991249,641,0.5109375,385,0.5052083333333334,192,0.5235602094240838,-1.9019691780821917,2.2485272459499264,-4.150496424032118,-8.398011608655962,0.021623336216634786,0.007767842760753537,5,1.6201171875,256,0.052370176264881246,1.534046692607004,257,0.050307608588528084,-0.3616600790513834,253,-0.05551474378959185,0.0562015503875969,258,0.0445058840428922,-1.3449612403100775,258,-0.04254481339812303
NQ,signed_path_eff_5,15,Q,1282,0.0021656254725147418,-0.052005053041160425,0.0632314455946239,0.0010030266469230394,-0.050909361210014374,0.0588181598907793,0.9722062492647694,6.944444444444444e-05,False,0.09999999999999999,0.022525728332384153,0.05456310457059047,1282,0.4908946951702296,641,0.516380655226209,385,0.5246753246753246,192,0.5364583333333334,-0.0009792788737366474,0.03713122498352105,-0.03811050385725769,-0.10556289277134838,0.019193109130607608,0.00024254451469923722,5,0.05849152659106546,256,0.03697792995852555,0.032607037612159814,257,0.027454682748049908,0.011361829154664889,253,-0.05121781880561974,0.012078062867864689,258,-0.05221768459428421,-0.01830751495121965,258,0.03364823821093663
NQ,signed_path_eff_5,30,R,1282,0.019195171580783935,-0.03616879798564399,0.07850782488946666,0.01634056973124894,-0.03664497006930712,0.07987612472375417,0.5702659460395454,6.944444444444444e-05,False,0.3,1.8175675675675675,6.85408560311284,1282,0.4908802537668517,641,0.5070202808112324,385,0.4857142857142857,192,0.515625,2.362585616438356,1.5305596465390279,0.8320259698993282,-4.697455038760667,5.675577832151431,0.015815073915922608,5,1.0947265625,256,0.025225055136796924,2.019455252918288,257,-0.012589091984276272,2.83102766798419,253,-0.10788153314595715,2.729651162790698,258,0.12409298908921938,0.4786821705426357,258,0.01663362816127567
NQ,signed_path_eff_5,30,Q,1282,0.0023512994616645194,-0.0511595546435795,0.06101450022908252,0.0009786262435184767,-0.05249457109154072,0.060962650712803185,0.9728821183706295,6.944444444444444e-05,False,0.0,0.02203958395848139,0.06289157904331291,1282,0.4837172359015091,641,0.5062695924764891,385,0.49869451697127937,192,0.4947916666666667,-0.005576598576734419,0.02054788002703245,-0.02612447860376687,-0.09069679493631028,0.03190168472394559,0.00011244400429784646,5,0.03381137610590682,256,0.011951843586351377,0.0010153414963595011,257,-0.012744255383228428,0.001221033976488623,253,-0.06309307096432142,0.015066158643924781,258,0.04624402474245195,-0.013266018014142098,258,0.019634301330344307
NQ,signed_path_eff_10,5,R,1282,-0.03242992935138489,-0.0825378254046788,0.016000380769033606,-0.016626455815765214,-0.06461674725408084,0.03380940285350702,0.5635388223678905,6.944444444444444e-05,False,-0.6,1.7490384615384615,1.2830739299610896,1282,0.5023847376788553,641,0.49921507064364207,385,0.5392670157068062,192,0.531578947368421,-0.5142857142857142,0.839003164556962,-1.3532888788426762,-4.607002335744425,1.5953554161643533,-0.01755117108642639,5,1.966796875,256,0.05171925094228756,0.835603112840467,257,-0.014164004533507434,0.791501976284585,253,-0.021943965092624775,-1.1647286821705427,258,-0.08596477130566095,-1.3585271317829457,258,-0.052872534744655864
NQ,signed_path_eff_10,5,Q,1282,-0.014345516414110176,-0.06885975076225923,0.04637033456441774,-0.020330065634660027,-0.076973650584165,0.041017566801191174,0.4800099275714258,6.944444444444444e-05,False,0.09999999999999999,0.042084884018909065,0.07692023531311847,1282,0.4769475357710652,641,0.471875,385,0.4987012987012987,192,0.4895833333333333,0.018426126071218046,0.04275473275676585,-0.0243286066855478,-0.08616497574603378,0.03529447484833254,-0.020482420129772062,5,0.07755847734650126,256,0.04151717930777127,-0.006009653398769016,257,-0.009484042294675418,0.024725758584292667,253,-0.012553966996893645,0.025149253805751497,258,-0.11413608376531507,0.03801619740567639,258,-0.019254053478054405
NQ,signed_path_eff_10,10,R,1282,-0.02247904115259864,-0.07616957698212769,0.026949534061980654,-0.018981421269515717,-0.07181941118757244,0.03203421866056413,0.5096250122196695,6.944444444444444e-05,False,-0.6,-0.27692307692307694,-0.9153696498054474,1282,0.4964143426294821,641,0.49765258215962443,385,0.5364583333333334,192,0.546875,-0.5777777777777777,1.2389240506329113,-1.816701828410689,-6.185371835443038,2.2789378955696185,-0.019769889854570774,5,1.8974609375,256,0.09779842143290433,2.267509727626459,257,-0.0038311318527364676,-0.6679841897233202,253,-0.10565825145689567,-0.22286821705426357,258,-0.0940047953289439,-1.2877906976744187,258,0.022736872851681054
NQ,signed_path_eff_10,10,Q,1282,-0.004420662051666434,-0.057626754252261846,0.05027838490761933,-0.01133621243280624,-0.06352483853798797,0.0437703810095288,0.6937332515424011,6.944444444444444e-05,False,0.0,0.012066650118031624,0.055575320987595926,1282,0.4908657664813344,641,0.48200312989045385,385,0.5116883116883116,192,0.53125,0.011285632335650681,0.025983622325186837,-0.014697989989536156,-0.0797226478124508,0.0491077109234619,-0.012270371126964684,5,0.06242952039666318,256,0.09167387766511434,0.02491222539400414,257,-0.01686862104580284,0.013053425719509343,253,-0.028601995561373234,0.005581367836094513,258,-0.11396383821793207,-0.007458250233318715,258,0.01917159949375382
NQ,signed_path_eff_10,15,R,1282,-0.0334244599633652,-0.0856271037239373,0.018437539851310265,-0.007183892445112282,-0.06022537794220256,0.041999278371026,0.8029388989274615,6.944444444444444e-05,False,-0.7999999999999999,0.2201923076923077,-1.5924124513618676,1282,0.49442675159235666,641,0.509375,385,0.5376623376623376,192,0.5625,-1.4075396825396826,1.7341772151898733,-3.141716897729556,-7.721625006278883,1.2841803860257113,-0.008006502597241085,5,1.6201171875,256,0.057625749864724865,1.534046692607004,257,0.02439977086943375,-0.3616600790513834,253,-0.05156464810810975,0.0562015503875969,258,-0.011396426975737176,-1.3449612403100775,258,-0.0617758594312582
NQ,signed_path_eff_10,15,Q,1282,-0.003717215460506975,-0.05853347775424793,0.04982652937180898,-0.010279251339814752,-0.0647141511918396,0.04510912042934631,0.7210358583921703,6.944444444444444e-05,False,0.0,0.006708347880802271,0.051546496344741344,1282,0.5015847860538827,641,0.5085803432137286,385,0.5324675324675324,192,0.5416666666666666,0.007881237060105923,0.028028528665195344,-0.02014729160508942,-0.08169640301273917,0.047373972876520246,-0.011219458628235358,5,0.05849152659106546,256,0.09195930955101948,0.032607037612159814,257,-0.006781245106501328,0.011361829154664889,253,-0.04463944317009063,0.012078062867864689,258,-0.08768921458331289,-0.01830751495121965,258,-0.005577871311017691
NQ,signed_path_eff_10,30,R,1282,-0.006326153395486921,-0.05882006632950294,0.04790651794508184,-0.00874020604945122,-0.06279590954676358,0.042390142130247666,0.7614255657839597,6.944444444444444e-05,False,-0.09999999999999999,2.498076923076923,3.0603112840466924,1282,0.4976190476190476,641,0.48985959438377535,385,0.4987012987012987,192,0.4895833333333333,2.363888888888889,1.2788765822784811,1.0850123066104078,-4.0441528531243724,6.809695505575641,-0.009548003487542655,5,1.0947265625,256,0.05878278888934035,2.019455252918288,257,-0.027306851820667447,2.83102766798419,253,-0.1344070005870712,2.729651162790698,258,0.014615969834254339,0.4786821705426357,258,0.016185187191127114
NQ,signed_path_eff_10,30,Q,1282,-0.005150317038887605,-0.05713800645875423,0.050050775284687474,-0.010657673457836319,-0.0641370553616643,0.04403093824453205,0.7112177394344381,6.944444444444444e-05,False,0.0,6.0443443428470636e-05,0.03830001700375963,1282,0.4864864864864865,641,0.4890282131661442,385,0.5039164490861618,192,0.5052631578947369,0.0005925864234481193,0.011741621848233326,-0.011149035424785207,-0.07569546844087219,0.057059000521932926,-0.011687583082625214,5,0.03381137610590682,256,0.07491662015027015,0.0010153414963595011,257,-0.030058976910734225,0.001221033976488623,253,-0.06955262009840003,0.015066158643924781,258,-0.030806749010327098,-0.013266018014142098,258,-0.009678553716212183
NQ,signed_path_eff_15,5,R,1282,-0.04808988560462987,-0.09399012207491451,-0.00025450779393924205,-0.035899591322257465,-0.08521666153289822,0.020232982870203017,0.2121953113661177,6.944444444444444e-05,False,-0.8999999999999998,2.315891472868217,0.0963035019455253,1282,0.47736298649722003,641,0.49686520376175547,385,0.5013054830287206,192,0.531578947368421,-1.276829268292683,1.8491512345679013,-3.1259805028605845,-5.844485188949112,-0.2784229618337906,-0.03582773594802276,5,1.966796875,256,-3.6659861075759024e-05,0.835603112840467,257,-0.04205675784955809,0.791501976284585,253,-0.06544260473469724,-1.1647286821705427,258,-0.07771560640201955,-1.3585271317829457,258,-0.04892429783529867
NQ,signed_path_eff_15,5,Q,1282,-0.022523056995962465,-0.07170507109883024,0.03370566846603513,-0.027429335989409283,-0.07802228944076937,0.02835249265749612,0.3405748551241814,6.944444444444444e-05,False,-0.6,0.01740903349462361,0.008543320297445594,1282,0.4686258935663225,641,0.47417840375586856,385,0.4753246753246753,192,0.5208333333333334,0.004236240943343149,0.06142233698625079,-0.05718609604290764,-0.123037800761915,0.00571912455194475,-0.025704313674376762,5,0.07755847734650126,256,-0.034316536640102466,-0.006009653398769016,257,0.0027799762530335164,0.024725758584292667,253,-0.0092319976139614,0.025149253805751497,258,-0.08858052447804099,0.03801619740567639,258,-0.018320150890741065
NQ,signed_path_eff_15,10,R,1282,-0.037098356403744516,-0.08567988089117645,0.02100646884142936,-0.030813638487991006,-0.07973561633834603,0.02317485225637022,0.28430985628629735,6.944444444444444e-05,False,-0.6,2.243217054263566,-0.14202334630350194,1282,0.4864649681528662,641,0.49686520376175547,385,0.5286458333333334,192,0.5677083333333334,-1.4609756097560975,2.4934413580246915,-3.954416967780789,-7.731371245483288,0.15272574149351897,-0.03055462780755983,5,1.8974609375,256,0.030950106912442144,2.267509727626459,257,-0.029199728880462846,-0.6679841897233202,253,-0.07128793504017068,-0.22286821705426357,258,-0.06574213424290634,-1.2877906976744187,258,-0.04391669985944741
NQ,signed_path_eff_15,10,Q,1282,-0.015423117153781231,-0.06564665764002164,0.03927865933453705,-0.024810660011236267,-0.07384318422282866,0.033309803013209294,0.38868475692672155,6.944444444444444e-05,False,-0.19999999999999998,0.004818629154214624,0.006797044467462637,1282,0.48253968253968255,641,0.49216300940438873,385,0.4895833333333333,192,0.5364583333333334,-0.008711586609765449,0.050946813462963654,-0.0596584000727291,-0.12604091651446792,0.0002762223949121163,-0.02300148729766593,5,0.06242952039666318,256,0.009374606039184927,0.02491222539400414,257,-0.025160489629073777,0.013053425719509343,253,-0.02574412232768136,0.005581367836094513,258,-0.08435090793858425,-0.007458250233318715,258,0.006359436007957678
NQ,signed_path_eff_15,15,R,1282,-0.03154981682748111,-0.08330504711671811,0.02103519406592997,-0.010601281849112734,-0.06654899315600088,0.04324669988095857,0.7126778313023774,6.944444444444444e-05,False,-0.7999999999999999,2.2887596899224807,0.06809338521400778,1282,0.5039745627980922,641,0.5007824726134585,385,0.5376623376623376,192,0.5989583333333334,-1.1215447154471545,2.01929012345679,-3.1408348389039444,-7.879326021906053,1.21330660945498,-0.010416139607638437,5,1.6201171875,256,-0.0005738475036353711,1.534046692607004,257,0.02963492931890605,-0.3616600790513834,253,-0.03939096461993176,0.0562015503875969,258,-9.066534739296875e-05,-1.3449612403100775,258,-0.06946209314860637
NQ,signed_path_eff_15,15,Q,1282,-0.009174817798302435,-0.06038288415790247,0.0463091812754099,-0.020288448549052703,-0.0699858574118006,0.03511570223991343,0.4809095763836795,6.944444444444444e-05,False,-0.19999999999999998,-0.0011404067735714192,0.01225258393241022,1282,0.49406175771971494,641,0.5054602184087363,385,0.522077922077922,192,0.578125,-0.0056851811755299535,0.04715055436822474,-0.052835735543754696,-0.12035418045512018,0.008089245884082047,-0.01850315596472897,5,0.05849152659106546,256,0.018468114616567964,0.032607037612159814,257,-0.0008499477288362574,0.011361829154664889,253,-0.03302257476639712,0.012078062867864689,258,-0.06739085356938135,-0.01830751495121965,258,-0.017240560071892865
NQ,signed_path_eff_15,30,R,1282,-0.009521877170956787,-0.06472726016295227,0.04468158916720386,-0.020563776113492967,-0.07285600087630316,0.03134020155144325,0.4749747993764797,6.944444444444444e-05,False,0.0,4.211240310077519,5.613813229571984,1282,0.48691514670896113,641,0.4664586583463339,385,0.4831168831168831,192,0.5208333333333334,1.8073170731707318,2.595293209876543,-0.7879761367058113,-6.675256935034628,4.987258261818729,-0.020294741719500894,5,1.0947265625,256,0.005448196267563192,2.019455252918288,257,-0.027127985706938886,2.83102766798419,253,-0.10050152484169529,2.729651162790698,258,0.01437906213199315,0.4786821705426357,258,-0.01406180450908112
NQ,signed_path_eff_15,30,Q,1282,-0.013973726936081014,-0.06550655349008878,0.03934408543260109,-0.02515701818942748,-0.07751605420646815,0.029146711136782827,0.38209445596617364,6.944444444444444e-05,False,-0.19999999999999998,0.00412930242767167,0.012419972901857276,1282,0.48610007942811756,641,0.475,385,0.5078125,192,0.5520833333333334,-0.007839979761903655,0.029610882967610688,-0.03745086272951434,-0.09962976221629599,0.027653103875230768,-0.023357828891451826,5,0.03381137610590682,256,0.014472909877546966,0.0010153414963595011,257,-0.02868426978088788,0.001221033976488623,253,-0.05704602188855118,0.015066158643924781,258,-0.041483962088687557,-0.013266018014142098,258,-0.02228665971050915
NQ,signed_path_eff_30,5,R,1281,-0.016807367151924265,-0.06840073955657634,0.036182397544974654,0.006149743083609319,-0.04565720264046726,0.06564766424289964,0.8309074405592114,6.944444444444444e-05,False,-0.6,0.3404669260700389,-0.3388671875,1281,0.5209486166007905,640,0.5149136577708007,384,0.5248041775456919,192,0.5340314136125655,-0.6770315091210614,0.9162912912912913,-1.5933228004123525,-4.757357777553673,1.1554786596297768,0.006072276499139288,5,1.966796875,256,-0.03223316149173178,0.835603112840467,257,0.028980950231149216,0.791501976284585,253,0.008586862625792672,-1.1605058365758756,257,-0.0013237834758184214,-1.3585271317829457,258,-0.030978839728288406
NQ,signed_path_eff_30,5,Q,1281,0.018026815927895238,-0.02924694403349984,0.07235080237064948,0.01961049098003264,-0.030677113739840046,0.07372744079763172,0.49586203362233006,6.944444444444444e-05,False,0.09999999999999999,0.0062789820912961545,0.03221649449569521,1281,0.5059288537549407,640,0.4945054945054945,384,0.48825065274151436,192,0.5,0.050703643122388,0.014593869504053955,0.03610977361833405,-0.029631870779190373,0.09718946480819977,0.019127424668739394,5,0.07755847734650126,256,0.023493778665590943,-0.006009653398769016,257,0.03902046570288787,0.024725758584292667,253,0.024682904942167728,0.02386641545605629,257,0.0026058226633781773,0.03801619740567639,258,0.00466004193967898
NQ,signed_path_eff_30,10,R,1281,-0.02843136724041654,-0.08219638420201468,0.027243354171202945,-0.01421660112189794,-0.06575792405323125,0.03999242048234436,0.6215386149809023,6.944444444444444e-05,False,-0.7,0.8852140077821011,-2.078125,1281,0.5190174326465927,640,0.4890282131661442,384,0.5130890052356021,192,0.5,-1.1567164179104477,1.6531531531531531,-2.809869571063601,-7.259182129891085,0.632138855273183,-0.014575097636203,5,1.8974609375,256,0.010605392736122786,2.267509727626459,257,0.014051182007384847,-0.6679841897233202,253,-0.08014029071585013,-0.23151750972762647,257,0.00811270764107998,-1.2877906976744187,258,-0.043002498968709786
NQ,signed_path_eff_30,10,Q,1281,0.023349049734377535,-0.027467995167606663,0.07468572802992883,0.022859449223843063,-0.028699644185523232,0.07788743084373233,0.4272662941512362,6.944444444444444e-05,False,0.3,-0.0064485338610627465,0.021065261302784542,1281,0.5150078988941548,640,0.4945226917057903,384,0.4934725848563969,192,0.484375,0.04206942821041292,-0.0007997573146071072,0.04286918552502003,-0.02368393335735589,0.10206547410916636,0.02229538911786044,5,0.06242952039666318,256,0.04685913273861104,0.02491222539400414,257,0.037605580780463235,0.013053425719509343,253,0.006268997805109751,0.003610108092455893,257,-0.004612504060556407,-0.007458250233318715,258,0.02849550311892469
NQ,signed_path_eff_30,15,R,1281,-0.006940844250709294,-0.06295887686767657,0.05022878873166594,0.017194754965810456,-0.03420664419102201,0.07432326031137236,0.550436743573044,6.944444444444444e-05,False,-0.19999999999999998,-0.428988326848249,-0.2841796875,1281,0.517814726840855,640,0.5258215962441315,384,0.5274151436031331,192,0.5260416666666666,-0.6803482587064676,0.9230480480480481,-1.6033963067545156,-5.507233259378782,2.9807268555869255,0.016591229491294938,5,1.6201171875,256,-0.03912226027383889,1.534046692607004,257,0.06761206877489384,-0.3616600790513834,253,-0.04114795750826629,0.03988326848249027,257,0.06698933378435408,-1.3449612403100775,258,-0.016430253832207482
NQ,signed_path_eff_30,15,Q,1281,0.02899132106693687,-0.02064587627458442,0.08182650558958884,0.02719258799980205,-0.024430634386658084,0.08151977691722644,0.3449495776060427,6.944444444444444e-05,False,0.3,-0.018346402233071418,0.018786526068956273,1281,0.5169424743892829,640,0.5109375,384,0.5234375,192,0.5364583333333334,0.04038744669266986,-0.0007810239529158717,0.04116847064558573,-0.02465605575612026,0.10199618864600934,0.02596252196479498,5,0.05849152659106546,256,0.0415076754768471,0.032607037612159814,257,0.05309874342239208,0.011361829154664889,253,0.003965545732157985,0.010043799606921608,257,0.019103589385778278,-0.01830751495121965,258,0.010396524499542733
NQ,signed_path_eff_30,30,R,1281,-0.007948362344422892,-0.06724064015890194,0.05419965867250762,-0.013161466213441806,-0.0685776485018621,0.04720101419138268,0.6476516477033984,6.944444444444444e-05,False,-0.09999999999999999,2.6108949416342413,3.8486328125,1281,0.49171270718232046,640,0.49375,384,0.4713541666666667,192,0.4947916666666667,0.5410447761194029,3.048048048048048,-2.507003271928645,-7.983778601362557,2.6245398850342845,-0.01339371012149621,5,1.0947265625,256,-0.010971026706239555,2.019455252918288,257,0.03556205265450691,2.83102766798419,253,-0.12468821555028692,2.7159533073929962,257,0.04025615108577025,0.4786821705426357,258,-0.01074719572126104
NQ,signed_path_eff_30,30,Q,1281,0.017404539795648176,-0.03473525086893574,0.07304981552510835,0.015047228698355845,-0.03694749422595064,0.07149381437271901,0.6013092641442681,6.944444444444444e-05,False,0.09999999999999999,-0.013004907154420124,0.0028743202479983893,1281,0.4964426877470356,640,0.4945226917057903,384,0.4960835509138381,192,0.5026178010471204,0.016883868803087437,-0.0016520259854939086,0.018535894788581347,-0.0440179043453893,0.0768038790243144,0.013480144692006743,5,0.03381137610590682,256,0.008633837353855802,0.0010153414963595011,257,0.05215229534939759,0.001221033976488623,253,-0.024655997400527846,0.012599012152198637,257,0.02891567798205346,-0.013266018014142098,258,-0.009347329055051777
NQ,signed_path_eff_60,5,R,1280,-0.007524889547065755,-0.06069462105963116,0.049839607255156765,0.027290729315769452,-0.025692535738668146,0.07819784002065092,0.34339928782626217,6.944444444444444e-05,False,0.19999999999999998,0.90625,0.2431640625,1280,0.5134069400630915,640,0.5290423861852434,384,0.5065274151436031,192,0.49214659685863876,0.8819776714513556,-0.2562111801242236,1.1381888515755794,-1.4873125872982853,3.844793229987023,0.028672661422935584,5,1.966796875,256,-0.06199640281543087,0.835603112840467,257,0.08458716628036794,0.791501976284585,253,0.05550138841938507,-1.1605058365758756,257,0.04308923289246172,-1.083657587548638,257,-0.008571143264330389
NQ,signed_path_eff_60,5,Q,1280,0.05127454479841021,0.00014825756623662188,0.10181487261664736,0.05704388073884908,0.00454905289488341,0.10703755683153482,0.047469199349588154,6.944444444444444e-05,False,0.7999999999999999,0.0003323499180495548,0.10149932633229532,1280,0.5240726124704025,640,0.5320813771517997,384,0.4973958333333333,192,0.5208333333333334,0.06324628675250717,0.0023943751323639785,0.06085191162014319,0.002287134014905972,0.11666985309280758,0.05673319438397775,5,0.07755847734650126,256,0.016891433974801615,-0.006009653398769016,257,0.1094396099908589,0.024725758584292667,253,0.03671625239839701,0.02386641545605629,257,0.05552112113987356,0.041330130455010904,257,0.06266264270672962
NQ,signed_path_eff_60,10,R,1280,-0.028962662663967947,-0.08215318441203788,0.0258916496268037,-0.016095538527064662,-0.06434078921464341,0.03383217289250324,0.5763604514650114,6.944444444444444e-05,False,-0.39999999999999997,1.6357421875,-1.453125,1280,0.497626582278481,640,0.5007824726134585,384,0.48825065274151436,192,0.4479166666666667,0.14035087719298245,0.7993012422360248,-0.6589503650430424,-4.179262586431493,3.43684325066619,-0.01460617032877568,5,1.8974609375,256,-0.04352497995065532,2.267509727626459,257,0.0038491170178520666,-0.6679841897233202,253,-0.07520353142751493,-0.23151750972762647,257,0.01992793261703598,-1.0291828793774318,257,-0.017899771671622884
NQ,signed_path_eff_60,10,Q,1280,0.030592004618031566,-0.020756412188925842,0.08473645362752176,0.034251142933148154,-0.017516513417152362,0.08883905793248431,0.23432585682131002,6.944444444444444e-05,False,0.9999999999999999,-0.018853249388161693,0.06500248163712108,1280,0.5070977917981072,640,0.5219435736677116,384,0.5091383812010444,192,0.5078534031413613,0.03649279426919847,0.004219586083883515,0.032273208185314955,-0.022035853169032085,0.09204401236008644,0.03450403089697518,5,0.06242952039666318,256,0.004694664419295924,0.02491222539400414,257,0.0752997866409914,0.013053425719509343,253,0.007531498726566517,0.003610108092455893,257,0.04662131221110371,-0.004115026823072222,257,0.04311511904687237
NQ,signed_path_eff_60,15,R,1280,-0.022424746075433145,-0.07432473374006254,0.03783350609402983,-0.0058894108830117526,-0.056781193738965174,0.048478687766674584,0.8380267707003968,6.944444444444444e-05,False,-0.19999999999999998,1.2568359375,-1.0830078125,1280,0.4964426877470356,640,0.5031347962382445,384,0.4973958333333333,192,0.453125,0.4960127591706539,0.2096273291925466,0.28638542997810734,-4.065403364513061,5.832613323699562,-0.004092092998454035,5,1.6201171875,256,-0.06767934834368264,1.534046692607004,257,0.050706758508460625,-0.3616600790513834,253,-0.037769600585152587,0.03988326848249027,257,0.02931062304111707,-1.2558365758754864,257,-0.02094210486826942
NQ,signed_path_eff_60,15,Q,1280,0.022335446992558985,-0.026060096902706754,0.07759722763891003,0.027391101443174137,-0.02067097955086315,0.07950038118634443,0.3416264479697255,6.944444444444444e-05,False,0.8999999999999998,-0.017924986058980352,0.05691533719748637,1280,0.5035405192761605,640,0.515625,384,0.5052083333333334,192,0.5104166666666666,0.03231321769145245,0.007473616361116146,0.024839601330336303,-0.028646555862235128,0.08717410443006557,0.028306626265273548,5,0.05849152659106546,256,-0.012071232179092744,0.032607037612159814,257,0.07048330149542929,0.011361829154664889,253,0.017965172286031863,0.010043799606921608,257,0.04464431522953862,-0.015006506578785998,257,0.016669173393445275
NQ,signed_path_eff_60,30,R,1280,-0.0037907429289708054,-0.0598598620409607,0.05338373981685946,-0.007852545658325506,-0.06510644905015589,0.04527369754208244,0.7851915635364508,6.944444444444444e-05,False,0.19999999999999998,4.7265625,1.69921875,1280,0.5035460992907801,640,0.509375,384,0.4817708333333333,192,0.4583333333333333,2.437799043062201,1.3815993788819876,1.0561996641802134,-4.433551408783817,7.401854639687161,-0.010011081623412469,5,1.0947265625,256,-0.012068780841281296,2.019455252918288,257,0.026194130137771412,2.83102766798419,253,-0.08612432391367167,2.7159533073929962,257,-0.010218682419766752,0.6021400778210116,257,0.023937478361134155
NQ,signed_path_eff_60,30,Q,1280,0.005184086025026145,-0.04700691098710566,0.060867555783016954,0.008245031027728406,-0.04719715503535639,0.061504764492294216,0.7747375497747193,6.944444444444444e-05,False,0.49999999999999994,-0.0018612958338022837,0.04550695938872548,1280,0.48066298342541436,640,0.4740973312401884,384,0.4635416666666667,192,0.46875,0.009204660430851098,0.006290918615444973,0.0029137418154061246,-0.050829218982376634,0.06864412648033873,0.008172050008043594,5,0.03381137610590682,256,-0.022976543511878448,0.0010153414963595011,257,0.05715512792458953,0.001221033976488623,253,-0.016483694612135405,0.012599012152198637,257,0.011592567692239172,-0.010399348823535647,257,0.00867497850873224
NQ,relative_volume_5,5,R,1262,0.011104580855085788,-0.03935405128991744,0.07125318398832564,-0.014659231801963345,-0.07238167923866948,0.041900198706044015,0.6133865778040222,6.944444444444444e-05,False,0.0,-0.41699604743083,0.5731225296442688,1262,0.5151033386327504,631,0.5063694267515924,379,0.5092838196286472,189,0.4946808510638298,,,,,,-0.016602667614981338,5,2.1133474576271185,236,0.04468824510970558,0.835603112840467,257,-0.07467871855044816,0.791501976284585,253,-0.04146535396701395,-1.1647286821705427,258,0.017780593053014437,-1.3585271317829457,258,-0.04454436049938868
NQ,relative_volume_5,5,Q,1262,-0.03204755075907939,-0.08912339672465425,0.02382747011736516,-0.028521289062058027,-0.08398488885580356,0.029309739345084473,0.3255034278126612,6.944444444444444e-05,False,-0.09999999999999999,0.012251529055328883,0.019601450002369826,1262,0.5123113582208102,631,0.4944356120826709,379,0.46296296296296297,189,0.46808510638297873,,,,,,-0.030368673116372296,5,0.0902677562255578,236,-0.016424704204965026,-0.006009653398769016,257,-0.056952502592222294,0.024725758584292667,253,-0.06869940944745703,0.025149253805751497,258,0.026640663391034484,0.03801619740567639,258,-0.022175894336089418
NQ,relative_volume_5,10,R,1262,0.00940895886228327,-0.037606582962113645,0.0646486591615738,-0.013881534392829808,-0.06542005234597868,0.046255810849145304,0.6323387767051258,6.944444444444444e-05,False,0.3,0.8102766798418972,2.314229249011858,1262,0.5187250996015936,631,0.5071542130365659,379,0.503957783641161,189,0.49206349206349204,,,,,,-0.015764303226961148,5,1.9533898305084745,236,0.09987587957940508,2.267509727626459,257,-0.0517795680846179,-0.6679841897233202,253,-0.04652811137028154,-0.22286821705426357,258,0.03281807214568444,-1.2877906976744187,258,-0.06689787709544101
NQ,relative_volume_5,10,Q,1262,-0.02092183168158213,-0.07951661436855739,0.03782408350588443,-0.014973294047182291,-0.07212981018102382,0.043741661627488736,0.6058045808051415,6.944444444444444e-05,False,-0.09999999999999999,0.008912304703358857,0.03582026386835358,1262,0.4980142970611596,631,0.4857142857142857,379,0.4708994708994709,189,0.455026455026455,,,,,,-0.016920964782923185,5,0.0723281794383021,236,0.05641574590373517,0.02491222539400414,257,-0.05574112207574565,0.013053425719509343,253,-0.08326585462508938,0.005581367836094513,258,0.04519280337692229,-0.007458250233318715,258,-0.016871945320520765
NQ,relative_volume_5,15,R,1262,-0.0012581169241833836,-0.04513029354331026,0.04722449234423749,-0.003470873537416238,-0.05593275842497152,0.0473008247895153,0.904784902679024,6.944444444444444e-05,False,0.0,-0.011857707509881422,1.7411067193675889,1262,0.5238853503184714,631,0.5294117647058824,379,0.5291005291005291,189,0.5159574468085106,,,,,,-0.004683236181179495,5,1.6451271186440677,236,0.09889019576251953,1.534046692607004,257,-0.06692542856295973,-0.3616600790513834,253,-0.030430301031679367,0.0562015503875969,258,0.032668111837488314,-1.3449612403100775,258,-0.04236091203661415
NQ,relative_volume_5,15,Q,1262,-0.02539472473353348,-0.08500190664119449,0.03401997837043191,-0.018894877802313505,-0.07122450043681003,0.0395760783828094,0.5148774001495857,6.944444444444444e-05,False,-0.09999999999999999,0.016563082865411204,0.03374888404164735,1262,0.506339144215531,631,0.49128367670364503,379,0.47757255936675463,189,0.4656084656084656,,,,,,-0.02084997640227701,5,0.06696230331332197,236,0.055799963892352256,0.032607037612159814,257,-0.057724168382904666,0.011361829154664889,253,-0.07544419667793124,0.012078062867864689,258,0.026976064599210193,-0.01830751495121965,258,-0.0327397646746481
NQ,relative_volume_5,30,R,1262,0.012272723852379566,-0.0356715916933649,0.06265771894438185,0.008614204619512289,-0.04778557704746247,0.06093433723009469,0.7665555594370885,6.944444444444444e-05,False,0.09999999999999999,0.45553359683794464,6.616600790513834,1262,0.5341269841269841,631,0.5253968253968254,379,0.5277044854881267,189,0.5238095238095238,,,,,,0.008919688130400887,5,1.3241525423728813,236,0.08018514361070696,2.019455252918288,257,-0.05843719270813239,2.83102766798419,253,-0.03649151615879481,2.729651162790698,258,0.07682374463379708,0.4786821705426357,258,-0.008566518743978705
NQ,relative_volume_5,30,Q,1262,-0.02815592811182188,-0.08691785687701382,0.02901248321032029,-0.01834383553622076,-0.07347244315222655,0.034120533158042504,0.5272140543179384,6.944444444444444e-05,False,0.09999999999999999,0.01385555394341377,0.019797666452785703,1262,0.4960254372019078,631,0.4912559618441971,379,0.5013192612137203,189,0.5132275132275133,,,,,,-0.019909596943959437,5,0.04279419806876144,236,0.07780319112636368,0.0010153414963595011,257,-0.06029199028497719,0.001221033976488623,253,-0.10090952137123971,0.015066158643924781,258,0.028192919592148764,-0.013266018014142098,258,-0.029182704687183918
NQ,relative_volume_10,5,R,1262,0.0057878290388701506,-0.05422821202784042,0.07035377005242967,-0.02529957653860309,-0.08047131814299098,0.026703208548045577,0.38315428280076014,6.944444444444444e-05,False,-0.8999999999999998,1.9575098814229248,-0.958498023715415,1262,0.5151033386327504,631,0.49761526232114467,379,0.5039787798408488,189,0.5,,,,,,-0.027262379967712948,5,2.1133474576271185,236,0.05953729290828209,0.835603112840467,257,-0.11478787745173331,0.791501976284585,253,-0.06428605172991626,-1.1647286821705427,258,0.025607184493162526,-1.3585271317829457,258,-0.062193841376819145
NQ,relative_volume_10,5,Q,1262,-0.03244330448782343,-0.09044805069085257,0.02136489597159448,-0.04076122498688776,-0.10045311885337088,0.013411230329256252,0.15985629484485098,6.944444444444444e-05,False,-0.7,0.03565529056847612,-0.014835026277321141,1262,0.5123113582208102,631,0.48807631160572335,379,0.46825396825396826,189,0.4574468085106383,,,,,,-0.04263271869717403,5,0.0902677562255578,236,0.005659927766214492,-0.006009653398769016,257,-0.10744407976670592,0.024725758584292667,253,-0.10017460186635373,0.025149253805751497,258,0.027516911358729527,0.03801619740567639,258,-0.00657429738659873
NQ,relative_volume_10,10,R,1262,0.00554970927063294,-0.05296062661349732,0.06765756596684755,-0.02262668370984,-0.07583324002232783,0.029798560604802554,0.4354327725610254,6.944444444444444e-05,False,-0.7,3.297430830039526,-0.1808300395256917,1262,0.5187250996015936,631,0.505564387917329,379,0.5092348284960422,189,0.5026455026455027,,,,,,-0.02451778746576134,5,1.9533898305084745,236,0.09713438857831486,2.267509727626459,257,-0.04078759325368681,-0.6679841897233202,253,-0.07730316480451084,-0.22286821705426357,258,0.03147853047566544,-1.2877906976744187,258,-0.07558704744422788
NQ,relative_volume_10,10,Q,1262,-0.01871711499326932,-0.07596545062572234,0.03942659543903154,-0.02611551109483775,-0.08046434043050464,0.029334897150398696,0.36799373701927696,6.944444444444444e-05,False,-0.8999999999999998,0.030039450016182405,-0.005711625805047039,1262,0.4980142970611596,631,0.4777777777777778,379,0.48548812664907653,189,0.4603174603174603,,,,,,-0.028077265910442947,5,0.0723281794383021,236,0.05923405467437807,0.02491222539400414,257,-0.08478788360258782,0.013053425719509343,253,-0.1123223416081263,0.005581367836094513,258,0.04850773189266812,-0.007458250233318715,258,-0.008313514710852782
NQ,relative_volume_10,15,R,1262,-0.005249532962930254,-0.054062669060845114,0.04908340354997372,-0.01891088850151183,-0.06646628872340458,0.028250256271252067,0.514521206538634,6.944444444444444e-05,False,-0.49999999999999994,3.702569169960474,-0.48221343873517786,1262,0.5238853503184714,631,0.5111464968152867,379,0.5291005291005291,189,0.5185185185185185,,,,,,-0.020159788768126415,5,1.6451271186440677,236,0.10060202357936707,1.534046692607004,257,-0.06967199716469001,-0.3616600790513834,253,-0.05789686923753328,0.0562015503875969,258,0.023996398550002913,-1.3449612403100775,258,-0.06811705929569419
NQ,relative_volume_10,15,Q,1262,-0.024755700507084668,-0.08394972657295854,0.03489681793115918,-0.03258993998655347,-0.08757177160010797,0.02203817768359083,0.2611985805267425,6.944444444444444e-05,False,-0.7999999999999999,0.04555178376933055,-0.009733288054430297,1262,0.506339144215531,631,0.4849445324881141,379,0.49340369393139843,189,0.4708994708994709,,,,,,-0.03456068248401081,5,0.06696230331332197,236,0.05865753093254091,0.032607037612159814,257,-0.08454296766631869,0.011361829154664889,253,-0.10854567725406668,0.012078062867864689,258,0.033593692133805524,-0.01830751495121965,258,-0.03447723479168214
NQ,relative_volume_10,30,R,1262,0.010200100733277607,-0.044078841554001796,0.06068745629509807,-0.006369830639230433,-0.061803778690275854,0.04625889344159597,0.8262372862190164,6.944444444444444e-05,False,-0.09999999999999999,3.8962450592885376,2.58596837944664,1262,0.5341269841269841,631,0.5174603174603175,379,0.5329815303430079,189,0.49206349206349204,,,,,,-0.0060855556484218564,5,1.3241525423728813,236,0.07381548048735859,2.019455252918288,257,-0.05762347358732207,2.83102766798419,253,-0.0711919744634557,2.729651162790698,258,0.057951818680137206,0.4786821705426357,258,-0.019431976814005776
NQ,relative_volume_10,30,Q,1262,-0.028028047634018883,-0.08744627367845893,0.02867645657058215,-0.03401876102623214,-0.08742802167137095,0.017152960440004462,0.2408520967913974,6.944444444444444e-05,False,-0.8999999999999998,0.0355979531748299,-0.025149638909948518,1262,0.4960254372019078,631,0.4777777777777778,379,0.5118733509234829,189,0.5026455026455027,,,,,,-0.03561120004551278,5,0.04279419806876144,236,0.0793451680742358,0.0010153414963595011,257,-0.0867600495959195,0.001221033976488623,253,-0.13199691367460942,0.015066158643924781,258,0.0281915220696766,-0.013266018014142098,258,-0.027857853846452164
NQ,relative_volume_15,5,R,1262,0.006830010499805153,-0.05693451092728972,0.07885352892300186,-0.014743410729101564,-0.06792913942516787,0.03819773097173133,0.6113502553655004,6.944444444444444e-05,False,-0.09999999999999999,1.1136363636363635,-1.1729249011857708,1262,0.5151033386327504,631,0.5023847376788553,379,0.5039787798408488,189,0.5,,,,,,-0.017158315968517437,5,2.1133474576271185,236,0.07949218072251567,0.835603112840467,257,-0.09101190950926534,0.791501976284585,253,-0.05009239696682798,-1.1647286821705427,258,0.037165216341363015,-1.3585271317829457,258,-0.0626480405442247
NQ,relative_volume_15,5,Q,1262,-0.031150063118256285,-0.09004123208473849,0.020760724173709742,-0.030708681464029507,-0.08867439648764189,0.0246916315540992,0.2897533513130468,6.944444444444444e-05,False,-0.49999999999999994,0.031950759957533416,-0.03863159112405755,1262,0.5123113582208102,631,0.4864864864864865,379,0.48412698412698413,189,0.4444444444444444,,,,,,-0.03193005767552482,5,0.0902677562255578,236,0.0059959003288462135,-0.006009653398769016,257,-0.07878473924531536,0.024725758584292667,253,-0.07458102499190301,0.025149253805751497,258,0.024384709193503835,0.03801619740567639,258,-0.012510625541761562
NQ,relative_volume_15,10,R,1262,0.01071798203223277,-0.05450168596742208,0.07818090899190752,-0.015024160442144418,-0.06707337187459662,0.034697931162506065,0.6045805306433887,6.944444444444444e-05,False,-0.6,2.005928853754941,0.6057312252964426,1262,0.5187250996015936,631,0.49523809523809526,379,0.5105820105820106,189,0.5132275132275133,,,,,,-0.01743972515478566,5,1.9533898305084745,236,0.11096067133534812,2.267509727626459,257,-0.01266732003058998,-0.6679841897233202,253,-0.073754775436594,-0.22286821705426357,258,0.04207572358817095,-1.2877906976744187,258,-0.07060728286918729
NQ,relative_volume_15,10,Q,1262,-0.013081681283113376,-0.0689799555590229,0.04272234037145134,-0.01407987232697357,-0.06868783670539921,0.041852835685503735,0.6274817369998362,6.944444444444444e-05,False,-0.3,0.02005375644481654,-0.019875254057639253,1262,0.4980142970611596,631,0.4793650793650794,379,0.48548812664907653,189,0.4497354497354497,,,,,,-0.015381506743215879,5,0.0723281794383021,236,0.07139886746730364,0.02491222539400414,257,-0.055824199444572245,0.013053425719509343,253,-0.09907002593564047,0.005581367836094513,258,0.053632804236415546,-0.007458250233318715,258,-0.008713905039015727
NQ,relative_volume_15,15,R,1262,0.002594063873445003,-0.04870590440563645,0.057310381359777035,-0.013071472392729202,-0.060776385048931666,0.03675847857202982,0.6523391978508177,6.944444444444444e-05,False,-0.49999999999999994,2.2885375494071147,0.6808300395256917,1262,0.5238853503184714,631,0.5111464968152867,379,0.5185185185185185,189,0.5319148936170213,,,,,,-0.01533158813718244,5,1.6451271186440677,236,0.11181215842442989,1.534046692607004,257,-0.04172133884008247,-0.3616600790513834,253,-0.06296843075679807,0.0562015503875969,258,0.03128455081337702,-1.3449612403100775,258,-0.06434686999479845
NQ,relative_volume_15,15,Q,1262,-0.017937566497115705,-0.07802436729711383,0.03959204410505349,-0.022134202288151803,-0.07789148212730314,0.033697351809935196,0.44549461058364237,6.944444444444444e-05,False,-0.09999999999999999,0.03930865727649402,-0.021722895482433387,1262,0.506339144215531,631,0.48177496038034867,379,0.49076517150395776,189,0.4656084656084656,,,,,,-0.02343699988692085,5,0.06696230331332197,236,0.06982082377302537,0.032607037612159814,257,-0.052339986694970045,0.011361829154664889,253,-0.10320222067270661,0.012078062867864689,258,0.03873483511313979,-0.01830751495121965,258,-0.03125454740790536
NQ,relative_volume_15,30,R,1262,0.014078255486665494,-0.04400502868542308,0.07098593835944014,-0.0037317536888132954,-0.05844730289516303,0.04787637989748889,0.8976662107620128,6.944444444444444e-05,False,-0.19999999999999998,2.530632411067194,2.233201581027668,1262,0.5341269841269841,631,0.5222222222222223,379,0.525065963060686,189,0.5132275132275133,,,,,,-0.004783171524745188,5,1.3241525423728813,236,0.06760448165967622,2.019455252918288,257,-0.04540974142100291,2.83102766798419,253,-0.08409127286646803,2.729651162790698,258,0.07148936408283016,0.4786821705426357,258,-0.008653864463053492
NQ,relative_volume_15,30,Q,1262,-0.01919186570364906,-0.07598951036605096,0.032514664431767024,-0.027495901677418534,-0.08150977314433308,0.026347861239926596,0.34320830488375664,6.944444444444444e-05,False,-0.09999999999999999,0.028955223049058478,-0.031174069532343286,1262,0.4960254372019078,631,0.4848966613672496,379,0.49868073878627966,189,0.5079365079365079,,,,,,-0.028887732807175343,5,0.04279419806876144,236,0.08125556194376493,0.0010153414963595011,257,-0.06618465256179072,0.001221033976488623,253,-0.13255786165446506,0.015066158643924781,258,0.03833299326953411,-0.013266018014142098,258,-0.02535349445131365
NQ,relative_volume_30,5,R,1261,0.010368065171972906,-0.053681599936711115,0.08364101646997724,-0.006904341341210971,-0.06625559817201634,0.04590199851982297,0.8119917499429925,6.944444444444444e-05,False,-0.6,1.6146245059288538,0.4126984126984127,1261,0.5155131264916468,630,0.5119236883942766,378,0.5251989389920424,189,0.4946808510638298,,,,,,-0.009302207347038306,5,2.1133474576271185,236,0.12593042020339876,0.835603112840467,257,-0.09275108226461733,0.791501976284585,253,-0.04938693808959816,-1.1605058365758756,257,0.036130255987161713,-1.3585271317829457,258,-0.06571458369216213
NQ,relative_volume_30,5,Q,1261,-0.019044710019501754,-0.0772542590570148,0.03098337518998336,-0.022443133298131752,-0.08539511092615604,0.029283498261741137,0.4393492808721926,6.944444444444444e-05,False,-0.49999999999999994,0.02787699849791589,-0.01228566199271527,1261,0.5119236883942766,630,0.49044585987261147,378,0.5052910052910053,189,0.43915343915343913,,,,,,-0.02363392173446734,5,0.0902677562255578,236,0.049659829166137766,-0.006009653398769016,257,-0.08830520539215492,0.024725758584292667,253,-0.0684706080685647,0.02386641545605629,257,0.04283486632714015,0.03801619740567639,258,-0.026258058903502905
NQ,relative_volume_30,10,R,1261,0.023900049649998027,-0.041250160005115305,0.09659851201892697,-0.012705212285788582,-0.06521929944617044,0.042003743765636536,0.6615919781548998,6.944444444444444e-05,False,-0.09999999999999999,3.593873517786561,1.4811507936507937,1261,0.518341307814992,630,0.5191082802547771,378,0.5185185185185185,189,0.4973544973544973,,,,,,-0.015116892104498805,5,1.9533898305084745,236,0.1458084022097505,2.267509727626459,257,0.002461317235264122,-0.6679841897233202,253,-0.07930096322487291,-0.23151750972762647,257,0.022834762569805232,-1.2877906976744187,258,-0.06329573208957077
NQ,relative_volume_30,10,Q,1261,-0.0055055324116441255,-0.06120331714526485,0.04058427439881113,-0.011625933722534796,-0.06842705263610858,0.04143766154802178,0.6887663629763645,6.944444444444444e-05,False,-0.39999999999999997,0.02997231040958011,-0.013509242846474206,1261,0.49761526232114467,630,0.49920508744038156,378,0.4947089947089947,189,0.43386243386243384,,,,,,-0.012913737178791908,5,0.0723281794383021,236,0.10603718367796912,0.02491222539400414,257,-0.05517272827070802,0.013053425719509343,253,-0.10789070025947381,0.003610108092455893,257,0.05203194499365712,-0.007458250233318715,258,-0.016342284118518128
NQ,relative_volume_30,15,R,1261,0.017843406185896884,-0.03309693409932358,0.07610034609998008,-0.006198458423146626,-0.05759740001893463,0.052885231327145524,0.8309067884837522,6.944444444444444e-05,False,-0.3,3.632411067193676,1.7857142857142858,1261,0.5235059760956176,630,0.5247208931419458,378,0.53315649867374,189,0.4946808510638298,,,,,,-0.008449182510122452,5,1.6451271186440677,236,0.1274237519459579,1.534046692607004,257,-0.04789492485493483,-0.3616600790513834,253,-0.05611989604594985,0.03988326848249027,257,0.030145352121882414,-1.3449612403100775,258,-0.06096519431660646
NQ,relative_volume_30,15,Q,1261,-0.010064399492032227,-0.06303674691772364,0.03969459200848108,-0.019532302404559086,-0.07637004135321407,0.03253025427827891,0.5009660204897428,6.944444444444444e-05,False,-0.19999999999999998,0.04908385729413285,-0.011325747497768813,1261,0.5059476605868358,630,0.5031746031746032,378,0.49206349206349204,189,0.43386243386243384,,,,,,-0.020815957704833413,5,0.06696230331332197,236,0.09901970406272297,0.032607037612159814,257,-0.05162135479631502,0.011361829154664889,253,-0.1121829476228929,0.010043799606921608,257,0.037361645300903044,-0.01830751495121965,258,-0.027718116174320306
NQ,relative_volume_30,30,R,1261,0.03317180343812432,-0.024720103866568525,0.09029127054232446,0.0024495716482967928,-0.04848656653734927,0.05835002945923741,0.9327483017684475,6.944444444444444e-05,False,0.0,4.625494071146245,4.338293650793651,1261,0.5337569499602859,630,0.534181240063593,378,0.5238095238095238,189,0.49206349206349204,,,,,,0.0013997496735281246,5,1.3241525423728813,236,0.08392218750390827,2.019455252918288,257,-0.04212357361842033,2.83102766798419,253,-0.07416346299403616,2.7159533073929962,257,0.06026012403688776,0.4786821705426357,258,-0.01060516782718421
NQ,relative_volume_30,30,Q,1261,-0.008971396044626746,-0.06663318518713392,0.04034525702019798,-0.022316792336741647,-0.07885921064504427,0.035977703185579975,0.44193016947259234,6.944444444444444e-05,False,-0.49999999999999994,0.04057126229772142,-0.014838278851396845,1261,0.49562450278440734,630,0.49761526232114467,378,0.49206349206349204,189,0.4656084656084656,,,,,,-0.02369933900049745,5,0.04279419806876144,236,0.10393263427748496,0.0010153414963595011,257,-0.06496602637344778,0.001221033976488623,253,-0.1365119150501183,0.012599012152198637,257,0.047221775469196724,-0.013266018014142098,258,-0.03275826468297738
NQ,relative_volume_60,5,R,1260,0.007507912713009883,-0.06122431537048951,0.07855173200098242,0.012575548389689512,-0.04669824528884842,0.06892566411517616,0.6649592554509645,6.944444444444444e-05,False,-0.3,2.554563492063492,0.5753968253968254,1260,0.5159235668789809,630,0.517515923566879,378,0.5398936170212766,189,0.5401069518716578,,,,,,0.013735795096671359,5,2.1133474576271185,236,0.09790403583058374,0.835603112840467,257,-0.06016356160509435,0.791501976284585,253,-0.016716855894356716,-1.1605058365758756,257,0.050385399300147904,-1.083657587548638,257,-0.04722152754145336
NQ,relative_volume_60,5,Q,1260,0.005683076457474038,-0.0492957170935409,0.05832725297778624,-0.012421244680086346,-0.0656119697500566,0.043109426793816186,0.6688244354248467,6.944444444444444e-05,False,-0.49999999999999994,0.0904369763808459,0.044430975456475855,1260,0.5123309466984884,630,0.5031847133757962,378,0.5105820105820106,189,0.5026455026455027,,,,,,-0.01075787734237347,5,0.0902677562255578,236,0.009413127709259542,-0.006009653398769016,257,-0.0716562510658888,0.024725758584292667,253,-0.03726161287674096,0.02386641545605629,257,0.04837488761697913,0.041330130455010904,257,-0.008631860685588221
NQ,relative_volume_60,10,R,1260,0.01873425319990285,-0.050189528225417855,0.09628872967965334,-0.0014478488151325013,-0.05595627570386044,0.05532432102711546,0.9602352383558133,6.944444444444444e-05,False,-0.09999999999999999,3.7251984126984126,1.3472222222222223,1260,0.518754988028731,630,0.519872813990461,378,0.5211640211640212,189,0.5291005291005291,,,,,,-0.002148443658294126,5,1.9533898305084745,236,0.1293687228359684,2.267509727626459,257,0.043150288126659005,-0.6679841897233202,253,-0.07368437823706345,-0.23151750972762647,257,0.03589794346035821,-1.0291828793774318,257,-0.06436162494798014
NQ,relative_volume_60,10,Q,1260,0.018515991048081517,-0.03516551779342169,0.07195752308982971,0.0025889574720637243,-0.05549441961093468,0.06027956186156633,0.9289595615853938,6.944444444444444e-05,False,-0.09999999999999999,0.0732917051751055,0.04351948888499946,1260,0.49801113762927607,630,0.5023847376788553,378,0.5079365079365079,189,0.5026455026455027,,,,,,0.002684577592751821,5,0.0723281794383021,236,0.08247311148159368,0.02491222539400414,257,-0.02327869553766055,0.013053425719509343,253,-0.09356650611347808,0.003610108092455893,257,0.06670400546061536,-0.004115026823072222,257,-0.005389434065240115
NQ,relative_volume_60,15,R,1260,0.01960872887906296,-0.047137253777141966,0.07963887688792094,0.004640783289145053,-0.05448933623957413,0.06048720670369248,0.8730292503633204,6.944444444444444e-05,False,-0.09999999999999999,3.5595238095238093,1.3244047619047619,1260,0.5239234449760766,630,0.5231259968102073,378,0.5225464190981433,189,0.5478723404255319,,,,,,0.0038088341801372186,5,1.6451271186440677,236,0.12184175020202244,1.534046692607004,257,-0.020767522769659735,-0.3616600790513834,253,-0.05015354923526013,0.03988326848249027,257,0.03758218595894398,-1.2558365758754864,257,-0.058008775070499716
NQ,relative_volume_60,15,Q,1260,0.012554108338623079,-0.044261459515801474,0.0643098198177376,-0.006076030714927854,-0.06235574623055255,0.05213688301036773,0.8342626555945789,6.944444444444444e-05,False,-0.09999999999999999,0.0870816749183537,0.03857630660128176,1260,0.5063492063492063,630,0.5095238095238095,378,0.5052910052910053,189,0.5026455026455027,,,,,,-0.0059349954478920735,5,0.06696230331332197,236,0.0718138099620023,0.032607037612159814,257,-0.01812357128361566,0.011361829154664889,253,-0.09726669339262145,0.010043799606921608,257,0.050652674695586535,-0.015006506578785998,257,-0.015321726746517638
NQ,relative_volume_60,30,R,1260,0.035789228450135956,-0.030557511550284144,0.09986406965138603,0.01037221608888081,-0.04186360484031283,0.07040220757048705,0.7209480044686323,6.944444444444444e-05,False,0.0,3.5714285714285716,3.7152777777777777,1260,0.534181240063593,630,0.5357710651828299,378,0.5476190476190477,189,0.5291005291005291,,,,,,0.011881758218150436,5,1.3241525423728813,236,0.08792150368150502,2.019455252918288,257,-0.014529234154068921,2.83102766798419,253,-0.052633509499834114,2.7159533073929962,257,0.0274719118010704,0.6021400778210116,257,0.0014100206908234517
NQ,relative_volume_60,30,Q,1260,0.015558445839343751,-0.04132460773522201,0.0653323977087053,-0.009941432600069224,-0.06538874250499173,0.04635098676690849,0.732082971292165,6.944444444444444e-05,False,-0.3,0.07681288414517265,0.016248485703654274,1260,0.49601910828025475,630,0.4968152866242038,378,0.4986737400530504,189,0.5,,,,,,-0.009559418821279144,5,0.04279419806876144,236,0.08586463769744292,0.0010153414963595011,257,-0.03939120529857636,0.001221033976488623,253,-0.1165701032140758,0.012599012152198637,257,0.04246329604762279,-0.010399348823535647,257,-0.013474459324947967
NQ,return_acceleration_5,5,R,1282,-0.049960589360740285,-0.13706745221326838,0.035545345571540474,-0.023808766917481756,-0.08717056471535685,0.033436580042529356,0.40813364377600214,6.944444444444444e-05,False,-0.7999999999999999,1.000965250965251,-1.806640625,1282,0.5011914217633042,641,0.4984375,385,0.4895833333333333,192,0.484375,-0.48547535211267606,0.9010791366906474,-1.3865544888033234,-4.498210210001013,1.1664877710507642,-0.021521424090199876,5,1.966796875,256,-0.03806652401831534,0.835603112840467,257,-0.018164381654143167,0.791501976284585,253,-0.020291422681948692,-1.1647286821705427,258,-0.020847156993016012,-1.3585271317829457,258,-0.04448451640468367
NQ,return_acceleration_5,5,Q,1282,-0.005750114553372757,-0.05812574711627987,0.0471000287406463,-0.006879751143634275,-0.0632422238126459,0.05045352361495442,0.8111209358792322,6.944444444444444e-05,False,0.09999999999999999,0.02192048209400932,0.031444611891338625,1282,0.4813343923749007,641,0.4984375,385,0.4961038961038961,192,0.4635416666666667,0.027208817652224507,0.03969708824607415,-0.012488270593849646,-0.07332172949740609,0.05047859419918242,-0.0057440926024476015,5,0.07755847734650126,256,-0.08834080580496935,-0.006009653398769016,257,0.022174305814336045,0.024725758584292667,253,-0.001922356159889633,0.025149253805751497,258,0.02313777112892731,0.03801619740567639,258,0.017397010110010797
NQ,return_acceleration_5,10,R,1282,-0.013948258176777008,-0.0968930602990515,0.06596009666886533,-0.005878449582498711,-0.06717606871656129,0.05265649607659276,0.8381992680593577,6.944444444444444e-05,False,-0.3,0.25868725868725867,-1.177734375,1282,0.5095541401273885,641,0.5273865414710485,385,0.5116883116883116,192,0.4791666666666667,0.6241197183098591,0.45,0.17411971830985912,-3.980483094158476,3.9796640047117227,-0.0037796898547784964,5,1.8974609375,256,0.07392681913035418,2.267509727626459,257,-0.04859044881508898,-0.6679841897233202,253,-0.06809313235223126,-0.22286821705426357,258,-0.007016703447427923,-1.2877906976744187,258,0.019542098361111253
NQ,return_acceleration_5,10,Q,1282,-0.008080042476631926,-0.0585904464183645,0.043532056780486494,-0.007651019841333648,-0.06402090854004241,0.048534131919257165,0.790414376109972,6.944444444444444e-05,False,-0.3,0.009742400795423219,0.009134965963686154,1282,0.4992063492063492,641,0.509375,385,0.4895833333333333,192,0.4607329842931937,0.018328535505341612,0.026629764955271706,-0.008301229449930093,-0.07883826985251455,0.05859639312629977,-0.006472451270450373,5,0.06242952039666318,256,-0.022038997958309287,0.02491222539400414,257,-0.008900706645102126,0.013053425719509343,253,-0.02384842162320945,0.005581367836094513,258,-0.007816422667467056,-0.007458250233318715,258,0.016520031973440125
NQ,return_acceleration_5,15,R,1282,-0.027466029303120913,-0.101327668350091,0.04831120674678792,0.0059341949212566554,-0.05337218784003599,0.06428433130399652,0.8366863838703946,6.944444444444444e-05,False,-0.19999999999999998,1.4083011583011582,-1.1025390625,1282,0.507557677008751,641,0.5007824726134585,385,0.4751958224543081,192,0.4607329842931937,0.954225352112676,-0.18633093525179856,1.1405562873644746,-3.4280408982673016,5.10158407956733,0.004873614620801064,5,1.6201171875,256,0.05593473614702437,1.534046692607004,257,0.012336399696328918,-0.3616600790513834,253,-0.05626614306177322,0.0562015503875969,258,0.042672459518413586,-1.3449612403100775,258,-0.026886872150686685
NQ,return_acceleration_5,15,Q,1282,-0.004890312864595548,-0.055201698595713444,0.04635073334696527,-0.00043291004683936106,-0.0527090503574229,0.05372975789663526,0.9880021417817786,6.944444444444444e-05,False,0.09999999999999999,0.005520879722844656,0.013610903117633496,1282,0.5106888361045131,641,0.5070202808112324,385,0.4805194805194805,192,0.4635416666666667,0.026455487567411073,0.018718646029395623,0.007736841538015449,-0.06053223466143218,0.07354565192043111,0.0007021276389199356,5,0.05849152659106546,256,0.0026500032422648195,0.032607037612159814,257,-0.001161554146329044,0.011361829154664889,253,-0.05041026023227459,0.012078062867864689,258,0.0034264650096401386,-0.01830751495121965,258,0.018416537650790453
NQ,return_acceleration_5,30,R,1282,0.018609971192833457,-0.054130106352656755,0.09257623779858173,0.021890407671888986,-0.03810592748965113,0.08048114049790811,0.4469491197320741,6.944444444444444e-05,False,0.3,0.4826254826254826,2.5966796875,1282,0.5122918318794607,641,0.513302034428795,385,0.5052083333333334,192,0.484375,3.8578345070422535,0.31654676258992803,3.5412877444523256,-2.492057880104367,8.584195064722868,0.019626889928429953,5,1.0947265625,256,0.00218557462630868,2.019455252918288,257,-0.02314635939838133,2.83102766798419,253,-0.034336165106302816,2.729651162790698,258,0.12591075796552786,0.4786821705426357,258,-0.007364739711341998
NQ,return_acceleration_5,30,Q,1282,-0.00025678796221988165,-0.05284680288741181,0.048357432821746565,0.00342399410988045,-0.049131238954328756,0.057633424324572094,0.90532525376096,6.944444444444444e-05,False,0.09999999999999999,-0.016408924576092245,0.000249683447277946,1282,0.5035742652899127,641,0.49297971918876754,385,0.4779220779220779,192,0.4479166666666667,0.01855802648001865,0.0021793524159664525,0.0163786740640522,-0.04712859745912603,0.07993877180730524,0.0029511331894970564,5,0.03381137610590682,256,-0.025158093596644,0.0010153414963595011,257,-0.0296885596291862,0.001221033976488623,253,-0.04232417926983087,0.015066158643924781,258,0.08124360280565184,-0.013266018014142098,258,0.008872147514402896
NQ,return_acceleration_10,5,R,1282,0.005814047187977795,-0.07248650943100846,0.08354224242302002,-0.015444790648038737,-0.0767894765265802,0.03965497269966207,0.5915881331588022,6.944444444444444e-05,False,-0.6,0.5836575875486382,-1.5284313725490195,1282,0.5019731649565904,641,0.5007824726134585,385,0.4883116883116883,192,0.5104166666666666,-0.6996699669966997,1.0244360902255638,-1.7241060572222635,-4.675615492940271,0.6791695513536298,-0.014382479228378596,5,1.966796875,256,0.06031564186571287,0.835603112840467,257,-0.0783684847888847,0.791501976284585,253,0.09488863267153047,-1.1647286821705427,258,-0.10448133804325108,-1.3585271317829457,258,-0.045406932730349764
NQ,return_acceleration_10,5,Q,1282,-0.00964056499152222,-0.06410552251523936,0.046179826403834424,-0.027917711867421004,-0.08035890381686685,0.027523273226904798,0.3320428252860077,6.944444444444444e-05,False,-0.8999999999999998,0.050511136322105916,0.0008306094957367075,1282,0.48697711128650356,641,0.48049921996879874,385,0.45194805194805193,192,0.4739583333333333,0.013631151337712243,0.046092855772170364,-0.03246170443445812,-0.10673205646004355,0.03127426339848931,-0.027682832048351647,5,0.07755847734650126,256,0.01307655695069498,-0.006009653398769016,257,-0.06803216540064504,0.024725758584292667,253,0.10671317127426577,0.025149253805751497,258,-0.11707356708873355,0.03801619740567639,258,-0.049629236387583965
NQ,return_acceleration_10,10,R,1282,0.01097151379355004,-0.07439049718071167,0.08920066952150266,-0.013207366473246211,-0.06850843271070041,0.045136131259402586,0.6463774814779093,6.944444444444444e-05,False,-0.3,-0.75,-0.9,1282,0.4873417721518987,641,0.5078125,385,0.4935064935064935,192,0.5,-0.641914191419142,1.356766917293233,-1.998681108712375,-6.1646969217598455,2.3037190594059407,-0.0141746139507174,5,1.8974609375,256,0.09684824569803886,2.267509727626459,257,-0.08174067431903577,-0.6679841897233202,253,-0.0010215698732437772,-0.22286821705426357,258,-0.11728358077718509,-1.2877906976744187,258,0.04592311267508379
NQ,return_acceleration_10,10,Q,1282,-0.0031545633023181393,-0.05448814941976589,0.04914406003083142,-0.01958406805903634,-0.0706715551676932,0.03165533789149355,0.49627455000642673,6.944444444444444e-05,False,-0.6,0.01678809180435578,-0.0035763213030109227,1282,0.4865930599369085,641,0.48673946957878317,385,0.4727272727272727,192,0.4739583333333333,0.00029366259778432517,0.036928995536179225,-0.0366353329383949,-0.10518484143764086,0.023885813479026075,-0.01944966427473429,5,0.06242952039666318,256,0.06710815553667354,0.02491222539400414,257,-0.07967974510366006,0.013053425719509343,253,0.09914679289675302,0.005581367836094513,258,-0.13068444867693307,-0.007458250233318715,258,-0.028069445406745826
NQ,return_acceleration_10,15,R,1282,-0.06869941023814462,-0.14742687960239267,0.010851527828927374,-0.045269768854258534,-0.10616119406279112,0.013012255028363139,0.11558564671584337,6.944444444444444e-05,False,-0.8999999999999998,2.3492217898832686,-4.4715686274509805,1282,0.4774703557312253,641,0.4984375,385,0.4713541666666667,192,0.4973821989528796,-2.3865511551155114,2.856390977443609,-5.24294213255912,-10.055881923248714,-0.7584399116603426,-0.04693410011295452,5,1.6201171875,256,0.06884087087802725,1.534046692607004,257,-0.059388611057747,-0.3616600790513834,253,0.022012473781930022,0.0562015503875969,258,-0.06995920076364866,-1.3449612403100775,258,-0.1308106901531725
NQ,return_acceleration_10,15,Q,1282,-0.014304238134362655,-0.06681468494146413,0.03529868238315143,-0.026679138536520406,-0.07933550482496039,0.025131458898218717,0.35395149218901256,6.944444444444444e-05,False,-0.6,0.0191178315612725,-0.006490002711197372,1282,0.49331235247836347,641,0.5117004680187207,385,0.4857142857142857,192,0.484375,-0.006870709907362306,0.04375774649761816,-0.05062845640498047,-0.11800420304183189,0.010690177401791848,-0.02663559942267254,5,0.05849152659106546,256,0.07101272502101509,0.032607037612159814,257,-0.081793495232096,0.011361829154664889,253,0.0687441561629845,0.012078062867864689,258,-0.11196573276793406,-0.01830751495121965,258,-0.06102719161830555
NQ,return_acceleration_10,30,R,1282,-0.02431858499733596,-0.10215008464567293,0.05422943071834788,-0.015105442450672009,-0.0686775012657523,0.042269023339756566,0.5997600367888594,6.944444444444444e-05,False,-0.7,3.2062256809338523,0.21862745098039216,1282,0.48857368006304175,641,0.4960998439937597,385,0.4805194805194805,192,0.5,0.43481848184818483,3.374812030075188,-2.939993548227003,-9.674999674309538,2.8112014411027513,-0.01735554232154521,5,1.0947265625,256,0.06122579667077795,2.019455252918288,257,-0.11804588936854386,2.83102766798419,253,-0.0319623477757238,2.729651162790698,258,5.922288054093489e-05,0.4786821705426357,258,-0.04743972642065047
NQ,return_acceleration_10,30,Q,1282,-0.009984211300909544,-0.06012841600109433,0.039587132608079674,-0.02583305605694582,-0.07703450023255629,0.025644996579653707,0.3694297922868883,6.944444444444444e-05,False,-0.7,0.009635132220597635,-0.017229027081388733,1282,0.47987371744277824,641,0.4945226917057903,385,0.4701298701298701,192,0.4635416666666667,-0.015510893750097388,0.03102895922458271,-0.04653985297468009,-0.12348331609487807,0.011538678788712878,-0.026680868773695812,5,0.03381137610590682,256,0.05920600869733949,0.0010153414963595011,257,-0.10510349742152887,0.001221033976488623,253,0.04988218932285379,0.015066158643924781,258,-0.05169335205089853,-0.013266018014142098,258,-0.07891520162985848
NQ,return_acceleration_15,5,R,1281,-0.0247812947907074,-0.11178688338634174,0.057798806368342094,-0.07331205608175563,-0.13091648454839455,-0.013436155114392074,0.010767286724575387,6.944444444444444e-05,False,-0.9999999999999999,3.0370722433460076,-2.289525691699605,1281,0.46771653543307085,640,0.45454545454545453,384,0.4490861618798956,192,0.450261780104712,-1.7170418006430868,1.9873466257668713,-3.704388426409958,-6.200180960635591,-0.9239036947902085,-0.07547702162722049,5,1.966796875,256,0.03243480768996164,0.835603112840467,257,-0.08445464871868426,0.791501976284585,253,-0.1056246349241058,-1.1605058365758756,257,-0.08586943344251906,-1.3585271317829457,258,-0.08283332640691488
NQ,return_acceleration_15,5,Q,1281,-0.024580372634300202,-0.08082475449312176,0.03337009856078109,-0.0672111250992077,-0.12428836562772658,-0.012639840429038623,0.019425146629190593,6.944444444444444e-05,False,-0.7999999999999999,0.06392396177065529,-0.02914294463185183,1281,0.4582677165354331,640,0.4444444444444444,384,0.4453125,192,0.4479166666666667,-0.014667848961528477,0.07243024352272538,-0.08709809248425386,-0.15178469111745965,-0.031853803545846146,-0.06937014446164086,5,0.07755847734650126,256,-0.03663200461476754,-0.006009653398769016,257,-0.02375994406813165,0.024725758584292667,253,-0.018865369349922403,0.02386641545605629,257,-0.10547027378006352,0.03801619740567639,258,-0.10052256108785751
NQ,return_acceleration_15,10,R,1281,0.006112476381415342,-0.08208007626167381,0.09236040366767684,-0.04705613557299244,-0.10215414089520469,0.013432039154385435,0.10202391018716161,6.944444444444444e-05,False,-0.8999999999999998,2.8536121673003803,-2.3794466403162056,1281,0.49013417521704816,640,0.4640625,384,0.4739583333333333,192,0.5208333333333334,-1.7909967845659165,2.4666411042944785,-4.257637888860395,-8.688719534748389,-0.31885168440416367,-0.049252154027619004,5,1.8974609375,256,0.06481762173324442,2.267509727626459,257,-0.0649418116399089,-0.6679841897233202,253,-0.029534396962240958,-0.23151750972762647,257,-0.10091914840607946,-1.2877906976744187,258,-0.05314031857647212
NQ,return_acceleration_15,10,Q,1281,-0.010392339681115406,-0.06849426740395823,0.04623756131858451,-0.06404993843019481,-0.1183089332162998,-0.01312349811729107,0.025945239957626764,6.944444444444444e-05,False,-0.8999999999999998,0.055112227018758606,-0.029808990570758653,1281,0.47915027537372146,640,0.46938775510204084,384,0.4817708333333333,192,0.484375,-0.02475397324562795,0.057341574798498114,-0.08209554804412607,-0.1421193314445862,-0.023922462711533164,-0.06618113406258244,5,0.06242952039666318,256,0.0004590666213603182,0.02491222539400414,257,-0.0707393954300516,0.013053425719509343,253,-0.02576349172428737,0.003610108092455893,257,-0.09896839949700403,-0.007458250233318715,258,-0.07155643470315422
NQ,return_acceleration_15,15,R,1281,-0.02698956353278397,-0.10959309865764295,0.06236028595791122,-0.044290342308316376,-0.10415586536815527,0.014427927790065347,0.12383273540096695,6.944444444444444e-05,False,-0.8999999999999998,3.48574144486692,-2.760869565217391,1281,0.48264984227129337,640,0.47730829420970267,384,0.4856396866840731,192,0.515625,-2.436897106109325,2.9221625766871164,-5.359059682796442,-10.482896954461168,-1.5124467382084317,-0.04621444715898372,5,1.6201171875,256,0.057013132619087636,1.534046692607004,257,-0.03359308873715879,-0.3616600790513834,253,-0.022321048954788838,0.03988326848249027,257,-0.058054999266242385,-1.3449612403100775,258,-0.11536694435825001
NQ,return_acceleration_15,15,Q,1281,-0.015078239504928221,-0.07379721986193395,0.03906885859185512,-0.0657088371040421,-0.11883782570920516,-0.015491090064411336,0.02232014405134053,6.944444444444444e-05,False,-0.8999999999999998,0.05273995738533948,-0.03259504986232689,1281,0.48430141287284145,640,0.4765625,384,0.4921875,192,0.5208333333333334,-0.023935560723211298,0.056241355243781196,-0.0801769159669925,-0.14466011132154855,-0.019053852287536355,-0.06781292956861863,5,0.05849152659106546,256,0.021534649440666714,0.032607037612159814,257,-0.055733546991485805,0.011361829154664889,253,-0.0439172290728014,0.010043799606921608,257,-0.10170137094917099,-0.01830751495121965,258,-0.0882955634259052
NQ,return_acceleration_15,30,R,1281,0.013379297739514323,-0.06154533951816912,0.09123271471822894,-0.028614594271370395,-0.0863967630720917,0.03536375024893135,0.3202983294285815,6.944444444444444e-05,False,-0.6,6.2908745247148286,3.4822134387351777,1281,0.46776729559748426,640,0.47104851330203446,384,0.4791666666666667,192,0.4947916666666667,-0.5872186495176849,4.138420245398773,-4.725638894916458,-10.090794710315034,0.20740039921684023,-0.030042292947946643,5,1.0947265625,256,0.019787283713606277,2.019455252918288,257,-0.04334418742235701,2.83102766798419,253,-0.04168105525644846,2.7159533073929962,257,-0.035434498754010973,0.4786821705426357,258,-0.039362035908827885
NQ,return_acceleration_15,30,Q,1281,-0.008130398112170029,-0.060471254929493456,0.045518137831204016,-0.0606491079313277,-0.11116455337011598,-0.00496851662294522,0.03498916919096917,6.944444444444444e-05,False,-0.6,0.050163088601240274,-0.02475160250248045,1281,0.47716535433070867,640,0.46875,384,0.4895833333333333,192,0.5520833333333334,-0.036447270615221676,0.04641134471882899,-0.08285861533405067,-0.14792207447027045,-0.02587027154694961,-0.061868891396788375,5,0.03381137610590682,256,0.03718793310913236,0.0010153414963595011,257,-0.07971243653655528,0.001221033976488623,253,-0.05430360348727558,0.012599012152198637,257,-0.08964749570195951,-0.013266018014142098,258,-0.07015062600025626
NQ,return_acceleration_30,5,R,1280,0.007525995898891568,-0.06655859318867544,0.08005591785937059,0.0026329004779910574,-0.06355638883545471,0.06322070335918337,0.9271861707498801,6.944444444444444e-05,False,-0.09999999999999999,0.6702334630350194,-0.184,1280,0.5114263199369582,640,0.5047021943573667,384,0.4921875,192,0.4635416666666667,0.24368088467614535,0.38828125,-0.14460036532385467,-2.826853278041074,2.3748874716133486,0.0016520532731981899,5,1.966796875,256,0.04352006941687595,0.835603112840467,257,-0.059178143886957905,0.791501976284585,253,-0.015106718537217123,-1.1605058365758756,257,-0.023166562270624438,-1.083657587548638,257,0.014370274720798161
NQ,return_acceleration_30,5,Q,1280,0.0029099340763692606,-0.052698709261254625,0.049894073283737995,-0.022524824799582063,-0.076844382382689,0.030861750910294288,0.43424563188006804,6.944444444444444e-05,False,-0.19999999999999998,0.051647300447938645,-0.002932682272912232,1280,0.48936170212765956,640,0.48119122257053293,384,0.46596858638743455,192,0.4427083333333333,0.029879131052553683,0.03612225057027636,-0.006243119517722679,-0.06637346201954208,0.05568570184878087,-0.023826949230333884,5,0.07755847734650126,256,0.01697291824240075,-0.006009653398769016,257,-0.05579355905887608,0.024725758584292667,253,0.01944260782344157,0.02386641545605629,257,-0.02947488755030926,0.041330130455010904,257,-0.055928966367464326
NQ,return_acceleration_30,10,R,1280,0.006144217917802784,-0.06899476000087901,0.08272590317820272,0.024586304617671216,-0.0350277737047137,0.08016065919497996,0.39336053981814345,6.944444444444444e-05,False,0.3,-1.2441634241245136,0.172,1280,0.5268562401263823,640,0.5313479623824452,384,0.5143603133159269,192,0.4791666666666667,0.9901263823064771,-0.02421875,1.0143451323064772,-2.817063478105253,5.16653986781694,0.025899276744627185,5,1.8974609375,256,0.06042534442620509,2.267509727626459,257,-0.00815445007663923,-0.6679841897233202,253,-0.003028992740513127,-0.23151750972762647,257,0.024785839573193014,-1.0291828793774318,257,0.02136265344411099
NQ,return_acceleration_30,10,Q,1280,0.00866258561268025,-0.042664655417745535,0.05281411697032115,0.003966971238132247,-0.049545401162922935,0.05995543441945416,0.8904850606464001,6.944444444444444e-05,False,-0.19999999999999998,0.016294547519615177,0.007756839458141652,1280,0.5023622047244094,640,0.49843260188087773,384,0.4790575916230366,192,0.4473684210526316,0.03247384861098405,0.008774313751663616,0.023699534859320432,-0.03794402293239757,0.09432208432308842,0.003941325319412609,5,0.06242952039666318,256,0.04737564002854137,0.02491222539400414,257,-0.036054261884576486,0.013053425719509343,253,0.026592047418627838,0.003610108092455893,257,-0.02113673652636618,-0.004115026823072222,257,-0.0013727339374625784
NQ,return_acceleration_30,15,R,1280,0.04275855761514005,-0.03276949533379338,0.1145278177223721,0.030643650361683025,-0.02943253204988035,0.09378304602174818,0.2873538035738963,6.944444444444444e-05,False,0.3,-3.027237354085603,-0.429,1280,0.5217048145224941,640,0.5273865414710485,384,0.5352480417754569,192,0.5,1.103080568720379,-0.37578125,1.478861818720379,-3.334952730055292,5.804970641414888,0.03231455820952159,5,1.6201171875,256,-0.0002534034661175821,1.534046692607004,257,0.014140096546884359,-0.3616600790513834,253,0.031140077457968506,0.03988326848249027,257,0.05085419185314693,-1.2558365758754864,257,0.014666794155422224
NQ,return_acceleration_30,15,Q,1280,0.020216181114401557,-0.029144224853103484,0.0618727357500885,0.012634526593405755,-0.04241184693313675,0.06350543371013771,0.6609836189943563,6.944444444444444e-05,False,0.49999999999999994,0.0007652986798526539,0.002263271909535495,1280,0.5216025137470542,640,0.5203125,384,0.5,192,0.4427083333333333,0.037534733292621546,0.0024006215657001286,0.035134111726921415,-0.022828670605007748,0.10893013801907518,0.01262932192249662,5,0.05849152659106546,256,0.04516912295326061,0.032607037612159814,257,-0.014314355178603215,0.011361829154664889,253,0.021560437626364195,0.010043799606921608,257,0.004132224102537689,-0.015006506578785998,257,0.011738843733509379
NQ,return_acceleration_30,30,R,1280,0.0002601168458828477,-0.09001778219804027,0.08865504814208426,-0.002159970622516775,-0.06111677196302504,0.058131714032757215,0.9402380970824968,6.944444444444444e-05,False,0.3,0.8132295719844358,4.368,1280,0.5051140833988985,640,0.490625,384,0.4739583333333333,192,0.4270833333333333,2.1627172195892577,1.656640625,0.5060765945892576,-5.6533547775967605,5.941797414963463,-0.00020115343821081969,5,1.0947265625,256,-0.017422992928616404,2.019455252918288,257,0.010904836674789057,2.83102766798419,253,-0.027497934368764267,2.7159533073929962,257,0.0317930313168433,0.6021400778210116,257,-0.003390940677641407
NQ,return_acceleration_30,30,Q,1280,0.022723295676274933,-0.0242698724727447,0.06569539197404217,0.01489505413101898,-0.03628815525875009,0.06708591347389367,0.605134402760743,6.944444444444444e-05,False,0.49999999999999994,-0.004602152746854073,0.0076514901518237545,1280,0.5185185185185185,640,0.5078369905956113,384,0.5130208333333334,192,0.46875,0.028202703602895025,-0.010421466134412674,0.0386241697373077,-0.021676578958327804,0.1087435165973658,0.015185646996314837,5,0.03381137610590682,256,0.01420073119999993,0.0010153414963595011,257,0.006826899528597207,0.001221033976488623,253,0.017652059685100852,0.012599012152198637,257,0.0291498128913782,-0.010399348823535647,257,0.004396916538333751
NQ,return_acceleration_60,5,R,1279,-0.062293617059969324,-0.13497971564515707,0.012547253296859177,0.002754971594244994,-0.05762875741473399,0.0688909454729365,0.9238500243572254,6.944444444444444e-05,False,-0.19999999999999998,0.5205078125,0.8411764705882353,1279,0.49842271293375395,640,0.5078369905956113,384,0.5274151436031331,192,0.5104166666666666,-0.04503105590062112,0.7794585987261147,-0.8244896546267357,-3.5016601678403294,2.201195689262966,0.0011796072273844622,5,1.966796875,256,-0.10450090277053098,0.835603112840467,257,0.10796056615119211,1.181547619047619,252,0.0056857082652140055,-1.1605058365758756,257,0.0015222806532014495,-1.083657587548638,257,-0.019564618011395644
NQ,return_acceleration_60,5,Q,1279,0.004256364597136329,-0.05098183994929975,0.06188163189726356,0.023880213240206748,-0.027199352560741442,0.07801744307959188,0.4072786776314752,6.944444444444444e-05,False,0.3,0.004116279985917895,0.08357536664783942,1279,0.4933018124507486,640,0.5125,384,0.5208333333333334,192,0.5,0.03949313289100637,0.028395642093587973,0.0110974907974184,-0.045862966510611926,0.07688827895231432,0.021994678820995293,5,0.07755847734650126,256,-0.09609147843196016,-0.006009653398769016,257,0.10849188500809626,0.02747203012366953,252,0.022494425559232818,0.02386641545605629,257,0.004250418564569106,0.041330130455010904,257,0.058602107114025685
NQ,return_acceleration_60,10,R,1279,-0.03897365272536168,-0.14313287191878546,0.0654806358302886,-0.028093731959462215,-0.0908226743107645,0.0342851958349356,0.32956970423746323,6.944444444444444e-05,False,-0.7999999999999999,2.4150390625,-0.23431372549019608,1279,0.4924901185770751,640,0.4788732394366197,384,0.4856396866840731,192,0.453125,-0.09704968944099379,1.3304140127388535,-1.4274637021798473,-5.537107350555841,2.461941809747991,-0.03050384357858837,5,1.8974609375,256,-0.044999951717023125,2.267509727626459,257,0.08113281149110248,-0.3373015873015873,252,-0.12102480768603063,-0.23151750972762647,257,-0.004796066433721228,-1.0291828793774318,257,-0.01486154358434129
NQ,return_acceleration_60,10,Q,1279,-0.004265930141684017,-0.0602214725317629,0.049354853070139655,0.012169094091424217,-0.04030315743036074,0.06663444690376767,0.6728550135642419,6.944444444444444e-05,False,0.3,0.00630548746995287,0.0521057035742485,1279,0.48778565799842394,640,0.5101721439749609,384,0.5221932114882507,192,0.5287958115183246,0.023504661094792552,0.020966801402477316,0.0025378596923152363,-0.056601529206554355,0.0646950275703997,0.010173267750243548,5,0.06242952039666318,256,-0.05612695240360891,0.02491222539400414,257,0.10851629273845147,0.015899271939614063,252,-0.02210990236510157,0.003610108092455893,257,0.003506696941228975,-0.004115026823072222,257,0.032569922657902414
NQ,return_acceleration_60,15,R,1279,-0.0449809669853337,-0.13187366539173068,0.04535031525940102,-0.025879509066684778,-0.08419775010638406,0.035554810632719994,0.36913143876940424,6.944444444444444e-05,False,-0.9999999999999999,1.7763671875,-1.838235294117647,1279,0.4913112164296998,640,0.49295774647887325,384,0.5052083333333334,192,0.4635416666666667,-0.19021739130434784,1.2026273885350318,-1.3928447798393797,-6.116764870237765,3.4840296390987806,-0.028207820281588525,5,1.6201171875,256,-0.05918236219075711,1.534046692607004,257,0.11266241928027576,-0.041666666666666664,252,-0.09178637726913047,0.03988326848249027,257,-0.02028973929405885,-1.2558365758754864,257,-0.028643664590566713
NQ,return_acceleration_60,15,Q,1279,-0.013883438883383198,-0.06934602038272933,0.040438109574931776,0.005183429152812195,-0.04579493934794547,0.05650871628652917,0.857275849989318,6.944444444444444e-05,False,0.6,0.008641975782344798,0.03716084104473075,1279,0.4960691823899371,640,0.509375,384,0.515625,192,0.515625,0.0228486423014796,0.020873964497903512,0.0019746778035760887,-0.055745191947828225,0.06713046902342745,0.003181577297567955,5,0.05849152659106546,256,-0.056135377127232045,0.032607037612159814,257,0.10896493365986086,0.014406448924886482,252,-0.026924313509027284,0.010043799606921608,257,-0.005100713463908069,-0.015006506578785998,257,0.006680188346883495
NQ,return_acceleration_60,30,R,1279,-0.03315893377171958,-0.11911570351344591,0.060058532317633605,-0.022483384754776264,-0.08591865989266101,0.038565038188580265,0.4352717390873999,6.944444444444444e-05,False,-0.3,4.5498046875,2.1862745098039214,1279,0.4984251968503937,640,0.49295774647887325,384,0.4973958333333333,192,0.4895833333333333,1.687888198757764,2.395700636942675,-0.7078124381849111,-6.270742053052182,5.19906900294734,-0.02125972593248848,5,1.0947265625,256,-0.018709289195023873,2.019455252918288,257,0.10546566588091975,3.1547619047619047,252,-0.14196461697276572,2.7159533073929962,257,-0.01220908448229867,0.6021400778210116,257,-0.005782746598734079
NQ,return_acceleration_60,30,Q,1279,-0.026937799910993935,-0.07844807338062838,0.025194749746979727,-0.011827757351713982,-0.06694967628704045,0.041514073158857044,0.6815210628612653,6.944444444444444e-05,False,-0.49999999999999994,0.022220726881574927,0.0098065501107723,1279,0.4810725552050473,640,0.4616588419405321,384,0.4713541666666667,192,0.4635416666666667,0.0025189620003631757,0.017685010445402268,-0.015166048445039092,-0.07949076167256254,0.0516488275296694,-0.013313268072197387,5,0.03381137610590682,256,-0.0306672746746709,0.0010153414963595011,257,0.09107749796025628,0.0042254124960031635,252,-0.06696873144619879,0.012599012152198637,257,-0.031083908917699694,-0.010399348823535647,257,-0.014527197138104091
NQ,overnight_agrees_with_prior_rth,5,R,1240,0.018373607420246622,-0.038856851476532575,0.06903441506038949,0.012294941341553862,-0.04774580396183053,0.06764172409958266,0.6744635713960137,6.944444444444444e-05,False,,0.17903225806451614,,1240,0.5016233766233766,620,0.5040518638573744,372,0.5108108108108108,186,0.5297297297297298,0.645703125,-0.3640939597315436,1.0097970847315436,-2.1863355966862414,4.027497902684563,0.01218190883398457,5,1.589430894308943,246,0.021291958410727247,0.7308467741935484,248,0.00970445626834476,0.8428571428571429,245,-0.02625077319727779,-1.404382470119522,251,0.007382859879470919,-0.817,250,0.0492758633049811
NQ,overnight_agrees_with_prior_rth,5,Q,1240,-0.023835957854258974,-0.08121279384477591,0.030411811156156477,-0.0246970407431264,-0.08167713670615638,0.02951507197431453,0.3987533372386587,6.944444444444444e-05,False,,0.025284403175959907,,1240,0.4926948051948052,620,0.48220064724919093,372,0.48787061994609165,186,0.4864864864864865,0.011182270297569345,0.03980523314905904,-0.028622962851489693,-0.09648001258507546,0.03256919434820544,-0.02479236844855567,5,0.06293845952433627,246,-0.06507641738455072,-0.00939355176993469,248,0.003195704403118515,0.015246440421041452,245,-0.06527886118689805,0.017761476660573285,251,-0.06187199872919104,0.04002356475675325,250,0.0518250630304367
NQ,overnight_agrees_with_prior_rth,10,R,1240,0.04156808883641315,-0.012869616145659148,0.09203895593059368,0.024437540421146736,-0.030383281501896415,0.07683237578466098,0.4037291726339771,6.944444444444444e-05,False,,0.2870967741935484,,1240,0.5121951219512195,620,0.5097402597402597,372,0.5176151761517616,186,0.5351351351351351,1.80546875,-1.3691275167785235,3.1745962667785235,-0.5799601510067114,7.30020429163171,0.02473465776500372,5,1.4258130081300813,246,-0.0072423866968489865,2.121975806451613,248,-0.040456737735933335,-0.676530612244898,245,0.019023001575876684,-0.44621513944223107,251,0.08275394170933272,-0.973,250,0.054430653892587076
NQ,overnight_agrees_with_prior_rth,10,Q,1240,0.006886748963006598,-0.051798529173350386,0.06231526589283732,0.007216266058009381,-0.050809040474020496,0.06279161322587064,0.8052797973402361,6.944444444444444e-05,False,,0.01372964226966195,,1240,0.5036496350364964,620,0.48465266558966075,372,0.48247978436657685,186,0.5,0.017238383498047818,0.008805413830923804,0.008432969667124014,-0.049422640449765874,0.0672749025832731,0.007045323404154931,5,0.05183884332502013,246,-0.00952444669163163,0.018622588309528666,248,0.0004759870180242191,0.006023588470260278,245,-0.04885792089608149,-0.0008109510989243937,251,0.009200911654296443,-0.006472925574883954,250,0.06163580872181481
NQ,overnight_agrees_with_prior_rth,15,R,1240,0.03939026737669184,-0.013559795103115937,0.0904587280036561,0.032973441517093124,-0.019828941969254787,0.08573777041117578,0.2598195606893132,6.944444444444444e-05,False,,0.16995967741935483,,1240,0.5146341463414634,620,0.5048701298701299,372,0.5094850948509485,186,0.5628415300546448,1.80703125,-1.5650167785234899,3.3720480285234897,-1.2039000235947985,8.479250734060393,0.0335139941117388,5,1.1239837398373984,246,0.005064991578078179,1.4294354838709677,248,-0.0443426109792381,-0.14285714285714285,245,0.010002974471883695,0.055776892430278883,251,0.11539798214760993,-1.597,250,0.059419069787187744
NQ,overnight_agrees_with_prior_rth,15,Q,1240,0.010022040426022958,-0.045561197630802575,0.06564538134570098,0.009672800729368977,-0.045741819821132526,0.06361476035092838,0.7410645958998558,6.944444444444444e-05,False,,0.013164209144117185,,1240,0.5137540453074434,620,0.5,372,0.5,186,0.532258064516129,0.01904891391805829,0.006704092303271995,0.012344821614786294,-0.047557626433815954,0.07317453666019931,0.010129338527604606,5,0.04654886944717004,246,-0.00011932070001337228,0.026738560110326198,248,-0.01699048330599316,0.005576539246560573,245,-0.03740952547345671,0.005999490087140438,251,0.035205876836349584,-0.018522758319756038,250,0.04700283791423564
NQ,overnight_agrees_with_prior_rth,30,R,1240,0.0510226153013085,-0.0034352362576156557,0.10665215612257829,0.04052016668472413,-0.010601242080619744,0.09549764084448147,0.16606102596251993,6.944444444444444e-05,False,,1.5816532258064515,,1240,0.5145867098865479,620,0.4870967741935484,372,0.48655913978494625,186,0.478494623655914,4.221484375,-1.261744966442953,5.483229341442954,-0.7911963218330536,11.276912686136736,0.04085161261469269,5,0.3821138211382114,246,0.006930769728121664,2.0413306451612905,248,-0.0025853342383332276,2.7214285714285715,245,-0.056490509884483606,2.75398406374502,251,0.14619607267553286,0.012,250,0.07854179638262271
NQ,overnight_agrees_with_prior_rth,30,Q,1240,0.021717982438536895,-0.029533789951942623,0.07556395024470142,0.01837061896517426,-0.03318079700890262,0.07067310697763785,0.5302455230390131,6.944444444444444e-05,False,,0.001797437834916105,,1240,0.5097402597402597,620,0.49188311688311687,372,0.4796747967479675,186,0.5,0.014689264341595658,-0.012034258150658195,0.026723522492253855,-0.041754787650205016,0.09093508927699118,0.018899652344622746,5,0.016983898447892085,246,0.006042932396067903,-0.004809219533276429,248,0.0073011746109806945,-0.0035343784565329164,245,-0.05122847920613933,0.014443856652193145,251,0.06528779457354826,-0.014064059825931383,250,0.04777880064176642
NQ,overnight_minus_priorrth_norm,5,R,1220,0.15605733845831415,0.09124034401098885,0.22907401409031716,0.07148141946559108,0.01341650420301896,0.12853476211689221,0.015257798522201105,6.944444444444444e-05,False,0.8999999999999998,-3.9692622950819674,4.921106557377049,1220,0.5212323064113239,610,0.535303776683087,366,0.5616438356164384,183,0.6318681318681318,2.474559686888454,-1.4834293948126802,3.9579890817011343,0.8066197297777428,7.251008962761607,0.06928846977637444,5,1.7267699115044248,226,0.13946267563739284,0.7308467741935484,248,-0.04695878740713598,0.8428571428571429,245,0.04685100082297952,-1.404382470119522,251,0.09678355106940843,-0.817,250,0.11856353305357675
NQ,overnight_minus_priorrth_norm,5,Q,1220,0.07881182115633796,0.026165493807654535,0.13143460056994377,0.0317874231695369,-0.02085366641641405,0.09323047759060739,0.2812827168571035,6.944444444444444e-05,False,0.19999999999999998,0.020086859683205845,0.11442809740126988,1220,0.5124792013311148,610,0.5238879736408567,366,0.5409836065573771,183,0.5901639344262295,0.045238321028423435,0.01965751349013646,0.025580807538286975,-0.03789389408483973,0.08644691655132329,0.031385354863672076,5,0.07684007263533417,226,0.0787405217504544,-0.00939355176993469,248,-0.0656344608166006,0.015246440421041452,245,0.030276961491867035,0.017761476660573285,251,0.09534712003788401,0.04002356475675325,250,0.052496368259106835
NQ,overnight_minus_priorrth_norm,10,R,1220,0.10918229538079413,0.03314423772143927,0.1840625239490947,0.04399206203099056,-0.015256960008426343,0.11037074101616721,0.13580881339422612,6.944444444444444e-05,False,0.7,-4.238729508196721,2.4538934426229506,1220,0.5087572977481234,610,0.5131578947368421,366,0.5397260273972603,183,0.5956284153005464,1.8977495107632094,-0.7190201729106628,2.6167696836738723,-1.5536885916184011,6.505076078435794,0.04189533683745346,5,1.4723451327433628,226,0.09247689561497441,2.121975806451613,248,-0.08630074638580988,-0.676530612244898,245,0.033895673797198926,-0.44621513944223107,251,0.0881043704178459,-0.973,250,0.0696549671701177
NQ,overnight_minus_priorrth_norm,10,Q,1220,0.08867743055514478,0.0358669293152588,0.1410120746901994,0.02879793650956692,-0.023659371732879547,0.0911271797689377,0.3290377268694087,6.944444444444444e-05,False,0.49999999999999994,-0.0031422456024115647,0.06998889415557649,1220,0.5116472545757071,610,0.5296052631578947,366,0.5561643835616439,183,0.6098901098901099,0.028766455685927447,0.011064181092738276,0.01770227459318917,-0.04562439179198131,0.07661802024811594,0.02812647528060368,5,0.06286923802085848,226,0.08083811636685723,0.018622588309528666,248,-0.08712339135095434,0.006023588470260278,245,0.012636606378408308,-0.0008109510989243937,251,0.08652256168317635,-0.006472925574883954,250,0.07095057932183706
NQ,overnight_minus_priorrth_norm,15,R,1220,0.0481386208036003,-0.030666115873873568,0.1298133295756424,-0.006997080202515612,-0.06432734175808744,0.05117888297379029,0.8125856743499822,6.944444444444444e-05,False,0.09999999999999999,-1.1598360655737705,-0.24385245901639344,1220,0.47956630525437866,610,0.4727272727272727,366,0.4903581267217631,183,0.521978021978022,-0.24510763209393346,0.784942363112392,-1.0300499952063253,-6.345534833095529,3.8474452886638018,-0.005295755775068945,5,1.1814159292035398,226,0.006152518630593478,1.4294354838709677,248,-0.09262881324932719,-0.14285714285714285,245,0.02445115613628643,0.055776892430278883,251,0.09005355791313316,-1.597,250,-0.06588345482253738
NQ,overnight_minus_priorrth_norm,15,Q,1220,0.07453097161189633,0.02104453634966528,0.1270377893976627,0.015778640042864438,-0.03905856688881278,0.07656020048638582,0.592867721168675,6.944444444444444e-05,False,0.19999999999999998,0.0008820877319837513,0.04730808617204584,1220,0.5120331950207468,610,0.5245901639344263,366,0.546448087431694,183,0.5792349726775956,0.020450608126574756,0.016120468706916816,0.0043301394196579406,-0.060487370950825244,0.06825070714774234,0.015353945045028971,5,0.055915943920911926,226,0.07447809403620839,0.026738560110326198,248,-0.09042764842053777,0.005576539246560573,245,-0.005220776290592857,0.005999490087140438,251,0.08886328956729866,-0.018522758319756038,250,0.02921252183556829
NQ,overnight_minus_priorrth_norm,30,R,1220,0.06066258927758535,-0.010403885500871608,0.1267553961187623,-0.0022589601404016547,-0.05499549885241461,0.058705285042111324,0.9389876404050692,6.944444444444444e-05,False,-0.19999999999999998,0.5020491803278688,2.4579918032786887,1220,0.48711554447215294,610,0.4852459016393443,366,0.5,183,0.5519125683060109,1.6805283757338552,2.043227665706052,-0.3626992899721968,-6.604313602192683,6.230410578229944,-0.0004223638508971146,5,0.6570796460176991,226,0.08042243031281908,2.0413306451612905,248,-0.10979532340481417,2.7214285714285715,245,0.03469294372353662,2.75398406374502,251,0.03931211575944058,0.012,250,-0.0420802682234672
NQ,overnight_minus_priorrth_norm,30,Q,1220,0.05531099779095168,0.004032176484526302,0.11078999100402011,-0.009367508784158107,-0.0655339855605845,0.05101458466672903,0.7509277715529947,6.944444444444444e-05,False,-0.19999999999999998,0.0029939557407440733,0.015357108070405488,1220,0.49375520399666945,610,0.4942339373970346,366,0.5150684931506849,183,0.5659340659340659,-0.005806648706340365,0.017761802860612325,-0.02356845156695269,-0.08530527020558729,0.04198322535003807,-0.00934458900881839,5,0.02674136442322801,226,0.06844050135779045,-0.004809219533276429,248,-0.13046249866824905,-0.0035343784565329164,245,0.010293444146264307,0.014443856652193145,251,0.03983565867546292,-0.014064059825931383,250,-0.008631307758135379
NQ,above_below_prior_close,5,R,1240,-0.0876371504174096,-0.14286951408340676,-0.024774102342099567,-0.08108327220337751,-0.13878318060493505,-0.016578847713621534,0.005503415531024736,6.944444444444444e-05,False,,0.17903225806451614,,1240,0.46029173419773095,620,0.4538087520259319,372,0.4540540540540541,186,0.42702702702702705,-1.8964539007092198,2.957317073170732,-4.853770973879952,-8.478281173073595,-1.5944974585179592,-0.08122326626075577,5,1.589430894308943,246,-0.15439558764382827,0.7308467741935484,248,0.07033341964576248,0.8428571428571429,245,-0.18497927180463275,-1.404382470119522,251,-0.023195050567627926,-0.817,250,-0.10866942884329762
NQ,above_below_prior_close,5,Q,1240,-0.056839162023026704,-0.11042422542309795,0.004546470230769181,-0.05736540578585415,-0.1113217649051919,0.003796150315391145,0.04978349651908087,6.944444444444444e-05,False,,0.025284403175959907,,1240,0.47568881685575365,620,0.49029126213592233,372,0.5067385444743935,186,0.5135135135135135,-0.0038918250998125755,0.06513784738639769,-0.06902967248621027,-0.1357055918677149,0.0038123699031789634,-0.05744625256986543,5,0.06293845952433627,246,-0.04831839679233777,-0.00939355176993469,248,0.034777854218173976,0.015246440421041452,245,-0.19709576613623336,0.017761476660573285,251,0.018723481069932327,0.04002356475675325,250,-0.09765105057935482
NQ,above_below_prior_close,10,R,1240,-0.11166357794880698,-0.16543903108207494,-0.05471729798633109,-0.10483056136593133,-0.1618702688067837,-0.04355356040048921,0.0003252233450923292,6.944444444444444e-05,False,,0.2870967741935484,,1240,0.4699675324675325,620,0.4788961038961039,372,0.4823848238482385,186,0.4810810810810811,-3.3609929078014185,5.25281425891182,-8.613807166713238,-12.628783215573563,-4.1304398859659655,-0.10466069201556097,5,1.4258130081300813,246,-0.16012007683230586,2.121975806451613,248,0.027774395319063748,-0.676530612244898,245,-0.20129777024039927,-0.44621513944223107,251,-0.13011552901499018,-0.973,250,-0.08898163608477062
NQ,above_below_prior_close,10,Q,1240,-0.06812144778107825,-0.11927997183772063,-0.009373916875598031,-0.06604812178916664,-0.1170450921444421,-0.0072329829993826675,0.02384817697420072,6.944444444444444e-05,False,,0.01372964226966195,,1240,0.46153846153846156,620,0.47334410339256866,372,0.5013477088948787,186,0.489247311827957,-0.021308519809500447,0.06273194179260268,-0.08404046160210313,-0.1536942893845838,-0.011928969922511178,-0.06617279023702774,5,0.05183884332502013,246,-0.07754085336273127,0.018622588309528666,248,0.050741727107471296,0.006023588470260278,245,-0.19499565212870126,-0.0008109510989243937,251,-0.02945455081747563,-0.006472925574883954,250,-0.103805823180273
NQ,above_below_prior_close,15,R,1240,-0.0587105622320497,-0.1143639869317573,-0.0009454020898453748,-0.05969714017228514,-0.1135059028277535,-0.005136252824185615,0.0411765306926688,6.944444444444444e-05,False,,0.16995967741935483,,1240,0.47564935064935066,620,0.47564935064935066,372,0.47696476964769646,186,0.46994535519125685,-2.003191489361702,3.0689493433395874,-5.072140832701289,-9.215694017537556,0.6651594081407245,-0.05930670473385189,5,1.1239837398373984,246,-0.08714933012707668,1.4294354838709677,248,0.09489354363815496,-0.14285714285714285,245,-0.13271850281198969,0.055776892430278883,251,-0.12256991393338929,-1.597,250,-0.024084146048182577
NQ,above_below_prior_close,15,Q,1240,-0.053009063470156534,-0.10408451103939448,0.0012419217295125953,-0.051345771396666226,-0.10217827608490349,0.0034101011774767378,0.07916148387183797,6.944444444444444e-05,False,,0.013164209144117185,,1240,0.46122778675282716,620,0.4661290322580645,372,0.48118279569892475,186,0.45698924731182794,-0.01416734974439256,0.05197084991347214,-0.0661381996578647,-0.13579284248774273,0.011567994034653379,-0.0509510315551043,5,0.04654886944717004,246,-0.08043418499606265,0.026738560110326198,248,0.07292734710489879,0.005576539246560573,245,-0.1648161905549805,0.005999490087140438,251,-0.0399620490304213,-0.018522758319756038,250,-0.0805923923828561
NQ,above_below_prior_close,30,R,1240,-0.036471236988733655,-0.08981488111333114,0.021239289142466658,-0.03703020155331484,-0.09360277470079584,0.01743953868233333,0.2056666063204431,6.944444444444444e-05,False,,1.5816532258064515,,1240,0.4797734627831715,620,0.4790322580645161,372,0.4731182795698925,186,0.44623655913978494,-0.0797872340425532,3.8850844277673544,-3.964871661809908,-9.97724229239019,2.369496310859181,-0.036814096211118946,5,0.3821138211382114,246,-0.13529434660521228,2.0413306451612905,248,0.12175973572938595,2.7214285714285715,245,-0.09089852952567926,2.75398406374502,251,-0.11211789677947805,0.012,250,0.041993477767185004
NQ,above_below_prior_close,30,Q,1240,-0.051593133277280934,-0.10001097168914384,0.002186497655687876,-0.04876007364511251,-0.0974515115558165,0.0035629603710661557,0.0955104282461634,6.944444444444444e-05,False,,0.001797437834916105,,1240,0.45786061588330634,620,0.4707792207792208,372,0.46883468834688347,186,0.45652173913043476,-0.02477577570227894,0.03955836187763829,-0.06433413757991722,-0.12759555009895912,0.010200639227726016,-0.04830212304146417,5,0.016983898447892085,246,-0.11440155353700979,-0.004809219533276429,248,0.1091006117198479,-0.0035343784565329164,245,-0.13835674566895478,0.014443856652193145,251,-0.06377150872690707,-0.014064059825931383,250,-0.06104048828381624
NQ,broke_prior_rth_high_or_low,5,R,1240,-0.007267688999276998,-0.06696074082543031,0.047073770701829845,0.004531163159580249,-0.05249883126602724,0.06135091282091128,0.8769864001899934,6.944444444444444e-05,False,,0.17903225806451614,,1240,0.5150537634408602,620,0.5258899676375405,372,0.5297297297297298,186,0.5591397849462365,,,,,,0.00446676816327556,5,1.589430894308943,246,0.07098366550050432,0.7308467741935484,248,-0.014771307257926221,0.8428571428571429,245,0.02079309532571151,-1.404382470119522,251,-0.09888275633867945,-0.817,250,0.023953726309727103
NQ,broke_prior_rth_high_or_low,5,Q,1240,-0.01966448685856928,-0.07732252057149268,0.03735354230753041,-0.01931854085468312,-0.07621903001634843,0.03733887611962445,0.5092378955665975,6.944444444444444e-05,False,,0.025284403175959907,,1240,0.5005382131324004,620,0.5105008077544426,372,0.5121293800539084,186,0.5027027027027027,,,,,,-0.019370619552579765,5,0.06293845952433627,246,0.019866657694987053,-0.00939355176993469,248,-0.02610638946969829,0.015246440421041452,245,-0.025372947390854286,0.017761476660573285,251,-0.14046023324241286,0.04002356475675325,250,0.09124268994720669
NQ,broke_prior_rth_high_or_low,10,R,1240,0.0006211447751906538,-0.05581115536846081,0.05649849170038071,-0.00418440037468805,-0.06093200889344827,0.05279424203514367,0.8863339525847083,6.944444444444444e-05,False,,0.2870967741935484,,1240,0.511326860841424,620,0.5162337662337663,372,0.5176151761517616,186,0.47282608695652173,,,,,,-0.0040255577655301765,5,1.4258130081300813,246,0.0126661068061799,2.121975806451613,248,0.04719825396882883,-0.676530612244898,245,-0.01628538495222225,-0.44621513944223107,251,-0.015289187972366138,-0.973,250,-0.008350273165209489
NQ,broke_prior_rth_high_or_low,10,Q,1240,-0.005471815156950385,-0.06553111763899094,0.054389784604149276,-0.0058711663760758195,-0.06572381813440523,0.05473664008397473,0.8410365079088018,6.944444444444444e-05,False,,0.01372964226966195,,1240,0.49624060150375937,620,0.5024232633279483,372,0.5040431266846361,186,0.478494623655914,,,,,,-0.005973041287266464,5,0.05183884332502013,246,0.027196087781299085,0.018622588309528666,248,0.015114139270915213,0.006023588470260278,245,-0.05038234439458385,-0.0008109510989243937,251,-0.08545700031341491,-0.006472925574883954,250,0.06338838728440419
NQ,broke_prior_rth_high_or_low,15,R,1240,0.0007907489567570139,-0.0502978897753519,0.05591333089329357,0.0012540159827492735,-0.04760790980160499,0.055638674045986686,0.9658301980154318,6.944444444444444e-05,False,,0.16995967741935483,,1240,0.5183585313174947,620,0.5283630470016207,372,0.5297297297297298,186,0.5108695652173914,,,,,,0.0015950808417871535,5,1.1239837398373984,246,0.003664833309652315,1.4294354838709677,248,0.03943486920998405,-0.14285714285714285,245,0.0035624272315447395,0.055776892430278883,251,0.026973551756650494,-1.597,250,-0.04144651583497953
NQ,broke_prior_rth_high_or_low,15,Q,1240,-0.0010000186819160131,-0.059842039047331486,0.05987448253403324,-0.0017676068228107214,-0.06059879131848576,0.057696079969055826,0.9518502267479132,6.944444444444444e-05,False,,0.013164209144117185,,1240,0.5021459227467812,620,0.5096774193548387,372,0.5134408602150538,186,0.45698924731182794,,,,,,-0.0014828178530688014,5,0.04654886944717004,246,0.010608405173097545,0.026738560110326198,248,0.027892478962737735,0.005576539246560573,245,-0.028426378908308292,0.005999490087140438,251,-0.052703652739909464,-0.018522758319756038,250,0.02803716591564134
NQ,broke_prior_rth_high_or_low,30,R,1240,0.0007102111274371843,-0.053549096442509575,0.053682733268825465,0.014409429873301358,-0.03918432111625415,0.0656818102177561,0.6225241540483442,6.944444444444444e-05,False,,1.5816532258064515,,1240,0.5321888412017167,620,0.5241935483870968,372,0.5241935483870968,186,0.5483870967741935,,,,,,0.01458543890175492,5,0.3821138211382114,246,0.0,2.0413306451612905,248,-0.0003435091109751363,2.7214285714285715,245,0.002689982902339773,2.75398406374502,251,-0.006836595044862495,0.012,250,0.025721215182497627
NQ,broke_prior_rth_high_or_low,30,Q,1240,0.004164459217694775,-0.05412408546994681,0.06343525347506516,0.0035013205373287926,-0.05562990701421039,0.06385475990846184,0.9047925182447119,6.944444444444444e-05,False,,0.001797437834916105,,1240,0.4876210979547901,620,0.49270664505672607,372,0.4959349593495935,186,0.4673913043478261,,,,,,0.0037931932383807303,5,0.016983898447892085,246,-0.0011572789318092475,-0.004809219533276429,248,6.870051143595061e-05,-0.0035343784565329164,245,0.0019629460802531055,0.014443856652193145,251,-0.013300194066481379,-0.014064059825931383,250,0.031023715719302385
NQ,finished_inside_prior_rth_range,5,R,1240,-0.004396564437775234,-0.05833735002212226,0.056889139657629005,-0.002995085040647267,-0.05343931079152982,0.053938401589314136,0.9185060763405566,6.944444444444444e-05,False,,0.17903225806451614,,1240,0.5139664804469274,620,0.5186385737439222,372,0.5216216216216216,186,0.5243243243243243,,,,,,-0.0032762248750474667,5,1.589430894308943,246,-0.052970907318827726,0.7308467741935484,248,-0.010606326280771485,0.8428571428571429,245,0.03345363050944436,-1.404382470119522,251,0.07165704549781868,-0.817,250,-0.05458511679017389
NQ,finished_inside_prior_rth_range,5,Q,1240,0.05528146855439032,-0.0010462314093810374,0.11157530674773772,0.05552272737047026,-0.0012423166870882886,0.11142974815443432,0.057607824005708075,6.944444444444444e-05,False,,0.025284403175959907,,1240,0.5348189415041783,620,0.5372168284789643,372,0.5459459459459459,186,0.5405405405405406,,,,,,0.0549020038970908,5,0.06293845952433627,246,0.026280995824528083,-0.00939355176993469,248,0.06600483347180622,0.015246440421041452,245,0.135499371344442,0.017761476660573285,251,0.11871559356742767,0.04002356475675325,250,-0.0786086788940638
NQ,finished_inside_prior_rth_range,10,R,1240,-0.018845364084631805,-0.07067411271476602,0.036079202565651836,-0.014621526780721646,-0.06421447134891069,0.04319436708626155,0.6174109039047582,6.944444444444444e-05,False,,0.2870967741935484,,1240,0.5069637883008357,620,0.5,372,0.5135135135135135,186,0.5135135135135135,,,,,,-0.014625210255723638,5,1.4258130081300813,246,-0.05587023429298467,2.121975806451613,248,-0.03334136212155636,-0.676530612244898,245,0.0311843789928897,-0.44621513944223107,251,-0.013533938379357215,-0.973,250,-0.016627803227014203
NQ,finished_inside_prior_rth_range,10,Q,1240,0.01999458327890558,-0.03735240477968133,0.07396659382298422,0.02036502441556382,-0.036960037472890395,0.07546608820033604,0.4865616378474973,6.944444444444444e-05,False,,0.01372964226966195,,1240,0.500697350069735,620,0.49270664505672607,372,0.5067385444743935,186,0.5027027027027027,,,,,,0.01976919737007078,5,0.05183884332502013,246,-0.031734428311046343,0.018622588309528666,248,0.03080207992411112,0.006023588470260278,245,0.09745009094061395,-0.0008109510989243937,251,0.0704206974141695,-0.006472925574883954,250,-0.07247366097725194
NQ,finished_inside_prior_rth_range,15,R,1240,-0.015231706142707102,-0.07046408031936074,0.04184911493753737,-0.014514227074604398,-0.06877492581582872,0.04363805022161628,0.619995401596301,6.944444444444444e-05,False,,0.16995967741935483,,1240,0.5230125523012552,620,0.5121555915721232,372,0.49326145552560646,186,0.478494623655914,,,,,,-0.014693791613120104,5,1.1239837398373984,246,-0.0632967493022458,1.4294354838709677,248,-0.003949055289273285,-0.14285714285714285,245,-0.023620998672074994,0.055776892430278883,251,-0.040882516922057424,-1.597,250,0.03187943894116167
NQ,finished_inside_prior_rth_range,15,Q,1240,0.006173326660422294,-0.05042397192456346,0.061180293906905,0.007391766070487391,-0.049226523617143705,0.062082032601694814,0.8006426349719438,6.944444444444444e-05,False,,0.013164209144117185,,1240,0.4986111111111111,620,0.49032258064516127,372,0.49193548387096775,186,0.46774193548387094,,,,,,0.006776442374880134,5,0.04654886944717004,246,-0.034287113183555734,0.026738560110326198,248,0.01788327292682335,0.005576539246560573,245,0.0578882157397367,0.005999490087140438,251,0.04054524233417387,-0.018522758319756038,250,-0.04391994750755133
NQ,finished_inside_prior_rth_range,30,R,1240,-0.012744066894904944,-0.0733626184386212,0.04117440731052426,-0.014986749836834415,-0.07466863139530168,0.039172580548178425,0.6086494155391153,6.944444444444444e-05,False,,1.5816532258064515,,1240,0.5278551532033426,620,0.5275080906148867,372,0.5121293800539084,186,0.5,,,,,,-0.015205890515515366,5,0.3821138211382114,246,-0.08940367193819515,2.0413306451612905,248,-0.008123766087052014,2.7214285714285715,245,0.012043159570111237,2.75398406374502,251,-0.10731630151827497,0.012,250,0.08262277462914018
NQ,finished_inside_prior_rth_range,30,Q,1240,-0.009284321464419662,-0.06765016346833451,0.04664571885740132,-0.005873690235350408,-0.06492112385188313,0.048470503254815146,0.8409690841353925,6.944444444444444e-05,False,,0.001797437834916105,,1240,0.48463687150837986,620,0.4805194805194805,372,0.46630727762803237,186,0.4540540540540541,,,,,,-0.006618689432154113,5,0.016983898447892085,246,-0.057087092688765675,-0.004809219533276429,248,-0.0019744888075870124,-0.0035343784565329164,245,0.02891500651687885,0.014443856652193145,251,-0.02487744472724661,-0.014064059825931383,250,0.029069713524921013
