instrument,feature,horizon,target,n_valid,pearson_r,pearson_ci_lo,pearson_ci_hi,spearman_rho,spearman_ci_lo,spearman_ci_hi,p_raw_approx,significant_bonf,quintile_monotonicity_spearman,cov100_acc,cov50_acc,cov30_acc,cov15_acc,bull_bear_diff,bull_bear_diff_ci_lo,bull_bear_diff_ci_hi,spearman_drop_top_outlier
ES,overnight_return,5,R,1286,-0.14330773730329713,-0.22109544541313847,-0.04934330955798478,-0.08286631450994639,-0.13704919336591098,-0.025523661810876674,0.0038575077948583836,False,-0.8999999999999998,0.4704472843450479,0.47393364928909953,0.4566929133858268,0.45263157894736844,-0.8899164892258955,-1.5167838467754529,-0.24637114515605293,-0.0807565903561551
ES,overnight_return,5,Q,1286,-0.05737867001944918,-0.10012896565871145,-0.002783864740815221,-0.03691053550802852,-0.08390195621539923,0.01786603061411951,0.19889056151650797,False,-0.7,0.47007182761372707,0.48165869218500795,0.46825396825396826,0.4444444444444444,-0.06194607931099345,-0.12568543071545396,0.004367006006643229,-0.03661024530078915
ES,overnight_return,10,R,1286,-0.17147949679671085,-0.25957420922878116,-0.07867643250945779,-0.1040066742785331,-0.16545404470064753,-0.04118908953849971,0.0002816971804366908,False,-0.8999999999999998,0.45976095617529883,0.4521193092621664,0.4412532637075718,0.40625,-1.4425091901512317,-2.2411114567660086,-0.569258246967808,-0.10192593599464565
ES,overnight_return,10,Q,1286,-0.08883761828815413,-0.13625480771952359,-0.0341318626674129,-0.05854982090565353,-0.10950855774497725,-0.0035216814026161557,0.0414192284116679,False,-0.7,0.4734758511480602,0.46865203761755486,0.4464751958224543,0.4114583333333333,-0.0786255589264623,-0.14622658193353075,-0.017947961324880364,-0.05757374325696628
ES,overnight_return,15,R,1286,-0.09042611643649123,-0.18096447345510558,-0.003009447204192769,-0.048478130970099266,-0.1140988353588903,0.014899555847237683,0.09143034230157099,False,-0.7,0.477326968973747,0.46919431279620855,0.4712041884816754,0.45789473684210524,-0.6536521400720339,-1.7148556656693628,0.2813729329905971,-0.046262367827467364
ES,overnight_return,15,Q,1286,-0.07491610435737571,-0.12727909855626132,-0.019225377797985665,-0.045831481865749125,-0.09842839868123726,0.010810058478571595,0.11057433003574313,False,-0.7,0.4746031746031746,0.4637223974763407,0.4461942257217848,0.418848167539267,-0.06684634012195058,-0.13598742874657316,-0.004327948606778995,-0.04455033790149239
ES,overnight_return,30,R,1286,-0.037450090985097745,-0.12869156017626768,0.06459301009655928,-0.008005046446547748,-0.07192992825639798,0.059211096503014767,0.7806244654722931,False,-0.6,0.48853754940711464,0.4968847352024922,0.5116883116883116,0.533678756476684,-0.5339583214557497,-1.9569814784059332,0.7593766034737892,-0.005687939353782937
ES,overnight_return,30,Q,1286,-0.04622264068738433,-0.10345330578471552,0.009707188102517915,-0.027792107452364115,-0.08488420109876399,0.028257279488446137,0.3334691716918843,False,-0.7999999999999999,0.47709320695102686,0.47955974842767296,0.4751958224543081,0.48704663212435234,-0.048840335463639264,-0.11769958167649879,0.02429538097046516,-0.026370322449924162
ES,overnight_range,5,R,1286,-0.01722031402979435,-0.10797952925192836,0.0960164246883281,0.010509257593691155,-0.04873637716620876,0.07951327340098634,0.7146370395860819,False,0.3,0.48412698412698413,0.49056603773584906,0.4830287206266319,0.47643979057591623,,,,0.012820434986286908
ES,overnight_range,5,Q,1286,0.030131250674934575,-0.019982565312445928,0.08354605924427588,0.0806655846397599,0.027965741780756705,0.13841381961076094,0.0049157239060035884,False,0.49999999999999994,0.5019825535289453,0.5372424722662441,0.5354330708661418,0.544973544973545,,,,0.08287390622200785
ES,overnight_range,10,R,1286,-0.11359650968577313,-0.22704146261616634,0.028682469056855123,-0.01611997672861767,-0.07680479732105075,0.04843872535901035,0.5748859715547256,False,-0.09999999999999999,0.5114806017418844,0.5126582278481012,0.4765625,0.47668393782383417,,,,-0.01382093747901033
ES,overnight_range,10,Q,1286,-0.0027808326631663565,-0.05507330369730168,0.057725529558954713,0.044200866194020735,-0.012556058089711157,0.10201778913965452,0.1238599939351337,False,0.09999999999999999,0.4901652242328875,0.5031347962382445,0.4961038961038961,0.5052083333333334,,,,0.04648450326713374
ES,overnight_range,15,R,1286,-0.1448857136057317,-0.2492915712840225,-0.019002858657480207,-0.01878241679122429,-0.07709030080868724,0.04365551506721073,0.513417158983098,False,0.0,0.5185770750988142,0.5110062893081762,0.4789473684210526,0.45789473684210524,,,,-0.016489738773715273
ES,overnight_range,15,Q,1286,-0.023749007197331192,-0.07663732529967217,0.03485607621107382,0.023429457680679975,-0.02777096820355576,0.08350899155559696,0.41491707214310125,False,0.0,0.4810725552050473,0.4881889763779528,0.47643979057591623,0.4869109947643979,,,,0.02565573792444748
ES,overnight_range,30,R,1286,-0.05631460062889525,-0.1527760154673435,0.04151980222509055,0.0037313674926520877,-0.05319422996868947,0.06392546419251521,0.8967114808133301,False,0.0,0.5098193244304792,0.5116640746500778,0.4896373056994819,0.47150259067357514,,,,0.005291563539940512
ES,overnight_range,30,Q,1286,-0.02758253463981247,-0.08008517572207476,0.0323281228337123,0.016719741280396317,-0.030377571593686738,0.07209801828421668,0.5607404742952431,False,0.09999999999999999,0.48744113029827313,0.48589341692789967,0.46475195822454307,0.45077720207253885,,,,0.018879169384489705
ES,range_position_0929,5,R,1286,-0.061987412253547564,-0.11577758782167681,0.002734021674456546,-0.041014029969064184,-0.09273111935956925,0.017908689721182397,0.15337862906466349,False,-0.8999999999999998,0.4812150279776179,0.49044585987261147,0.46684350132625996,0.42857142857142855,-0.7552725964852687,-1.3688735413565383,-0.14948302765927726,-0.04009834274980157
ES,range_position_0929,5,Q,1286,-0.009559184624355928,-0.0598741265549665,0.04426372536261233,-0.007512702308253109,-0.05762412759094821,0.046778464491192294,0.7938030090245727,False,-0.19999999999999998,0.48322683706070285,0.4944356120826709,0.5026178010471204,0.4842105263157895,-0.040107516272721994,-0.1129637544107579,0.01989564746717503,-0.00687935017419612
ES,range_position_0929,10,R,1286,-0.05773303175252655,-0.11441777653252654,0.0022176648863069877,-0.055719120817173756,-0.11281032184077598,0.0026247758182688648,0.052318384961390185,False,-0.8999999999999998,0.4784688995215311,0.4643423137876387,0.4894179894179894,0.4734042553191489,-0.7143494050533005,-1.5047757148352032,0.16932654194099425,-0.054614496556880276
ES,range_position_0929,10,Q,1286,-0.022399584308430826,-0.07005544410798652,0.030280643984781815,-0.021603124964003257,-0.06784396299593463,0.030865703224739756,0.45223149266690044,False,-0.7,0.48256735340729,0.48742138364779874,0.5026041666666666,0.4739583333333333,-0.04857615723009119,-0.12162367562968324,0.01161626469841337,-0.020434580650795058
ES,range_position_0929,15,R,1286,-0.015536268893357227,-0.0724797513456189,0.04538416490287213,-0.019979117005459016,-0.07874709300259376,0.038195468255592946,0.486945301168233,False,-0.3,0.4896496815286624,0.4835680751173709,0.4830287206266319,0.484375,-0.09261012258599502,-0.9888795139270479,0.7925308837780859,-0.0187527747615623
ES,range_position_0929,15,Q,1286,-0.01333100381399578,-0.06415544459056927,0.04097312720704145,-0.012305925023144742,-0.06239865451270758,0.04216534799560246,0.6685414597462445,False,-0.49999999999999994,0.482922954725973,0.4810725552050473,0.4921052631578947,0.45263157894736844,-0.03241233191054792,-0.10316619775981073,0.030530588276332378,-0.010942860029223959
ES,range_position_0929,30,R,1286,-0.0037894761104014544,-0.06066816060334168,0.06283166327378358,-0.0018203449104828644,-0.061059621532809256,0.06072061366222303,0.9495031383151049,False,-0.3,0.48813291139240506,0.5015625,0.5039164490861618,0.4869109947643979,-0.0030996173558590634,-1.1639664643131886,1.1379577461710602,-0.0025869092638297554
ES,range_position_0929,30,Q,1286,0.0003019201690891685,-0.05449849337278946,0.05619733235222534,-0.0011253149347605887,-0.055522666045102066,0.05407074482051064,0.9687705891842113,False,0.0,0.491699604743083,0.5039123630672926,0.5038961038961038,0.46875,-0.02248922060100072,-0.08749996707545421,0.04033961290917441,-0.0006207387675443771
ES,signed_path_efficiency_on,5,R,1286,-0.10735457663640337,-0.1655518343536651,-0.044205030394936964,-0.07356199395111805,-0.1250085209921207,-0.019924472988868507,0.010350683838826313,False,-0.9999999999999999,0.4704472843450479,0.4873015873015873,0.4763157894736842,0.43455497382198954,-0.8899164892258955,-1.5167838467754529,-0.24637114515605293,-0.07145787800415626
ES,signed_path_efficiency_on,5,Q,1286,-0.042722088802034784,-0.09558385420150242,0.012440191232102831,-0.03652679581909343,-0.08664656949625907,0.017048848471353944,0.2036040545763047,False,-0.7,0.47007182761372707,0.47217806041335453,0.47214854111405835,0.4973821989528796,-0.06194607931099345,-0.12568543071545396,0.004367006006643229,-0.03550841284103485
ES,signed_path_efficiency_on,10,R,1286,-0.09931007378072369,-0.15706698887312948,-0.040293887157299854,-0.08551345022116914,-0.14096510220073447,-0.031998539669762203,0.002860564279751676,False,-0.9999999999999999,0.45976095617529883,0.47318611987381703,0.45144356955380577,0.43157894736842106,-1.4425091901512317,-2.2411114567660086,-0.569258246967808,-0.08366009906191353
ES,signed_path_efficiency_on,10,Q,1286,-0.06040335660378024,-0.11532812321118463,-0.007975993350974396,-0.05103184489354129,-0.10224168319410033,0.002804265880837595,0.07557385000483263,False,-0.6,0.4734758511480602,0.4755905511811024,0.468586387434555,0.4607329842931937,-0.0786255589264623,-0.14622658193353075,-0.017947961324880364,-0.049885663968644134
ES,signed_path_efficiency_on,15,R,1286,-0.033824248361149625,-0.09707667551472217,0.029382196536204743,-0.03503433125484357,-0.09418969432669914,0.02458216963581437,0.2227075179645417,False,-0.8999999999999998,0.477326968973747,0.49050632911392406,0.4725848563968668,0.47368421052631576,-0.6536521400720339,-1.7148556656693628,0.2813729329905971,-0.03316505673031378
ES,signed_path_efficiency_on,15,Q,1286,-0.04357034422085235,-0.09898235301744003,0.010856223296758264,-0.034006030102150045,-0.08501633238927683,0.01918128589419851,0.23659425194443573,False,-0.6,0.4746031746031746,0.4699367088607595,0.46596858638743455,0.45549738219895286,-0.06684634012195058,-0.13598742874657316,-0.004327948606778995,-0.032699612451252205
ES,signed_path_efficiency_on,30,R,1286,-0.0004805590719997329,-0.05769262542590915,0.06493524914943406,-0.002189004181626567,-0.06134484895031572,0.05698221775279886,0.9392944919077666,False,-0.39999999999999997,0.48853754940711464,0.4953125,0.5142857142857142,0.5260416666666666,-0.5339583214557497,-1.9569814784059332,0.7593766034737892,-0.004228887967940828
ES,signed_path_efficiency_on,30,Q,1286,-0.024112291084420888,-0.08194055368130701,0.0358977734875654,-0.018360275131849138,-0.07402927312731761,0.03797086793564661,0.5229305773704276,False,-0.6,0.47709320695102686,0.4858490566037736,0.4817708333333333,0.484375,-0.048840335463639264,-0.11769958167649879,0.02429538097046516,-0.018222402549488516
ES,dist_from_overnight_high,5,R,1286,0.0857984803153856,-0.005872721192071959,0.17439487563090597,0.029909339735812997,-0.02637684453139588,0.08497937327441554,0.2979355727282307,False,0.8999999999999998,0.4832,0.48346456692913387,0.47244094488188976,0.5287958115183246,,,,0.028070868046165008
ES,dist_from_overnight_high,5,Q,1286,0.047487720257738675,-0.00589417672190571,0.09590149428514726,0.03874061720108708,-0.015040026595439756,0.0918151828770823,0.17750421721913345,False,0.49999999999999994,0.5019984012789768,0.5047770700636943,0.5158730158730159,0.5661375661375662,,,,0.03715562020043141
ES,dist_from_overnight_high,10,R,1286,0.017902857487820775,-0.08577895431862699,0.1306295151610513,0.030279645716353595,-0.030417660248997384,0.08934016904432245,0.29199030282371297,False,0.7,0.5107741420590582,0.5149136577708007,0.5246753246753246,0.53125,,,,0.031188303570162338
ES,dist_from_overnight_high,10,Q,1286,0.04023316101874143,-0.013645403865514336,0.0900221178297797,0.03361313007187345,-0.021590668449386268,0.08405838858211381,0.242058287455865,False,0.7,0.48929421094369546,0.4835164835164835,0.4869791666666667,0.5440414507772021,,,,0.03332183968397571
ES,dist_from_overnight_high,15,R,1286,-0.05457741707635975,-0.14864511506988912,0.04309985839374515,0.008769072928578505,-0.04910120410162819,0.06813944029801454,0.7602990855376628,False,-0.09999999999999999,0.5179282868525896,0.5173501577287066,0.5052083333333334,0.4973821989528796,,,,0.009401141958949238
ES,dist_from_overnight_high,15,Q,1286,0.017133748274414693,-0.03589696866241981,0.06798965604783638,0.016770560885921014,-0.036477859707123514,0.06897830551549047,0.5595496652094292,False,0.49999999999999994,0.48012718600953896,0.4755905511811024,0.47244094488188976,0.53125,,,,0.016425593493873215
ES,dist_from_overnight_high,30,R,1286,-0.01340063135831227,-0.09969716047318383,0.0729833391443092,0.0040883510251217715,-0.054982154471952156,0.05711753141930406,0.8868932187692742,False,-0.09999999999999999,0.5083135391923991,0.5039001560062403,0.5025906735751295,0.48704663212435234,,,,0.005879168311750449
ES,dist_from_overnight_high,30,Q,1286,-0.0030002143639997355,-0.05831292287487762,0.043579684875924916,0.009372288055989587,-0.04310374991215783,0.0602810184055932,0.7443669084683444,False,0.3,0.4865506329113924,0.48119122257053293,0.4712041884816754,0.46875,,,,0.009005973845828961
ES,dist_from_overnight_low,5,R,1286,-0.10186624912968513,-0.18352623580366492,0.0018318313311357966,-0.02255351002164932,-0.07563113320345244,0.045598034554346654,0.43258229013884497,False,-0.39999999999999997,0.48289578361177404,0.4952681388012618,0.48293963254593175,0.45077720207253885,,,,-0.02028014096808431
ES,dist_from_overnight_low,5,Q,1286,-0.0038465568173521327,-0.05364657382700682,0.05460508148556789,0.04557768604690539,-0.002343617039720629,0.10592128545025084,0.11256500910800327,False,0.6,0.5007949125596184,0.5300632911392406,0.5235602094240838,0.5105263157894737,,,,0.04596563873782643
ES,dist_from_overnight_low,10,R,1286,-0.1669593003311075,-0.26776432464291344,-0.052258036591311965,-0.04611756710832521,-0.11186108351161277,0.019977723067606735,0.10836377725828816,False,-0.3,0.5103174603174603,0.505564387917329,0.46949602122015915,0.41578947368421054,,,,-0.04388890411611586
ES,dist_from_overnight_low,10,Q,1286,-0.04075534924866366,-0.09065339436917284,0.021677823372705265,0.015890370645906905,-0.03672301687267393,0.07698873808225337,0.5803454956529757,False,0.49999999999999994,0.4889589905362776,0.5039246467817896,0.48825065274151436,0.46875,,,,0.01693970850167124
ES,dist_from_overnight_low,15,R,1286,-0.141617618669176,-0.24493329314665527,-0.03050048975190464,-0.017593650795097313,-0.07931039290723589,0.04289399537206463,0.5404354181329607,False,-0.3,0.5174326465927099,0.5118483412322274,0.5,0.45263157894736844,,,,-0.015298530668334507
ES,dist_from_overnight_low,15,Q,1286,-0.04724404398711006,-0.09810834650558206,0.012992561850244942,0.008913050956118817,-0.04395907095586751,0.07119034902226128,0.7564868020155857,False,0.09999999999999999,0.4798418972332016,0.48580441640378547,0.46981627296587924,0.42328042328042326,,,,0.010254936041448065
ES,dist_from_overnight_low,30,R,1286,-0.06224318077787227,-0.1725414644384064,0.049852336938562954,0.011833798977289268,-0.04592772713524799,0.0740873743790254,0.6805426535950134,False,0.09999999999999999,0.5086614173228347,0.5101404056162246,0.5038961038961038,0.5025906735751295,,,,0.01419779859717861
ES,dist_from_overnight_low,30,Q,1286,-0.03376967342834745,-0.08688624086331267,0.030270057856596425,0.020977025731655025,-0.03660313415175837,0.08303569027426516,0.4654465281125706,False,0.49999999999999994,0.48623131392604246,0.48982785602503914,0.4830287206266319,0.4635416666666667,,,,0.02248184684171796
ES,normalized_overnight_volume,5,R,1266,0.05962048005316027,-0.027561000560976684,0.14966287141288054,0.021945476020265184,-0.03780499227147261,0.08317328058884274,0.4486659142878153,False,0.3,0.4830645161290323,0.4967845659163987,0.4973404255319149,0.4973544973544973,,,,0.019635454842376197
ES,normalized_overnight_volume,5,Q,1266,0.04264210419568649,-0.006984999254725026,0.0879445083757583,0.03932752828604812,-0.015366802290290093,0.08867144050019196,0.17439455595858133,False,0.7999999999999999,0.500805152979066,0.5168,0.5053191489361702,0.5159574468085106,,,,0.0389431565737702
ES,normalized_overnight_volume,10,R,1266,0.054666960047913445,-0.06401791015384688,0.1562922403695391,-0.001484150179515274,-0.0635463573812086,0.05570290473574712,0.9591420065591894,False,-0.49999999999999994,0.5088424437299035,0.5032051282051282,0.5040214477211796,0.5026737967914439,,,,-0.0038604365545637973
ES,normalized_overnight_volume,10,Q,1266,0.05222694871427889,-0.003893435170038426,0.09859744456050507,0.04793557359423225,-0.010450603434889152,0.09917899680213164,0.09773779323143028,False,0.7,0.48801916932907347,0.5023847376788553,0.5079365079365079,0.5132275132275133,,,,0.04692699870521936
ES,normalized_overnight_volume,15,R,1266,0.024717418687388273,-0.07145808850880113,0.11482008386929478,0.00043261295644985066,-0.056665663623903,0.05785666309505221,0.9880855990095443,False,-0.6,0.5168539325842697,0.5184,0.5305039787798409,0.5343915343915344,,,,-0.0019399667883963757
ES,normalized_overnight_volume,15,Q,1266,0.040254198925081495,-0.016762434547339774,0.09103828468913472,0.03095745575240873,-0.026082490185211166,0.08441362463834583,0.28509729445877174,False,0.6,0.4787830264211369,0.4968152866242038,0.5039787798408488,0.5052631578947369,,,,0.029782806273166654
ES,normalized_overnight_volume,30,R,1266,0.03055653109475229,-0.06018438682464846,0.12403097824618005,0.0058631146698900115,-0.047020246907138845,0.0657238383386326,0.8396143747850418,False,0.3,0.5083798882681564,0.5111111111111111,0.49868073878627966,0.5052631578947369,,,,0.00350351025622499
ES,normalized_overnight_volume,30,Q,1266,0.031228326109346335,-0.027961804048678762,0.0833676471955247,0.019017343547656447,-0.037195037712776644,0.0728467364622636,0.5114866887977358,False,0.7,0.48564593301435405,0.49522292993630573,0.48412698412698413,0.5185185185185185,,,,0.017530979631160827
ES,dist_0929_from_vwap,5,R,1286,-0.13345279724710904,-0.2223134287568585,-0.03509811875594913,-0.04463719683914217,-0.10097803980398158,0.01787453676399723,0.1201886970793673,False,-0.8999999999999998,0.4888888888888889,0.501577287066246,0.4738219895287958,0.453125,-0.6366869620500782,-1.3206040933098593,-0.07673516358568182,-0.042425496040562845
ES,dist_0929_from_vwap,5,Q,1286,-0.03863254745697015,-0.08725540242449677,0.015457466659870944,-0.01595075121355348,-0.06561787056600675,0.041232011233522346,0.5789074310769391,False,-0.3,0.4956383822363204,0.5071315372424723,0.4710526315789474,0.44148936170212766,-0.025581978060604884,-0.09544927001217512,0.03665860851053958,-0.015628796013440166
ES,dist_0929_from_vwap,10,R,1286,-0.14235324482294737,-0.23958972786070387,-0.03948203916035424,-0.061692344023751775,-0.12702655645392746,-0.0004198540290393135,0.03163160343686222,False,-0.8999999999999998,0.48139350752177357,0.4707740916271722,0.44854881266490765,0.43455497382198954,-0.7694309956964007,-1.6332724166177621,0.12232486062206471,-0.059502580771432285
ES,dist_0929_from_vwap,10,Q,1286,-0.055771921788382035,-0.10578902974379582,0.002002975704253158,-0.028085472353425713,-0.07697452581427425,0.02659247359908298,0.32838895846190086,False,-0.49999999999999994,0.4909520062942565,0.49921752738654146,0.4765625,0.453125,-0.03233065880011114,-0.10131713748484772,0.03673422498329127,-0.027059063569029443
ES,dist_0929_from_vwap,15,R,1286,-0.07824609741050505,-0.1708086418965816,0.025810282075399246,-0.01752095878695204,-0.0802588453349747,0.052104953804633994,0.5421103014648287,False,-0.09999999999999999,0.4972332015810277,0.5007874015748032,0.4804177545691906,0.450261780104712,-0.11888693270735523,-1.1541834776017215,0.770842227846244,-0.01523749357915355
ES,dist_0929_from_vwap,15,Q,1286,-0.047541476171225894,-0.10027665371712022,0.010839035530775015,-0.017004207566444534,-0.0657982725338573,0.03805847301465084,0.5540906534102281,False,-0.6,0.49053627760252366,0.494488188976378,0.468586387434555,0.41578947368421054,-0.018984511834734145,-0.08842811727933456,0.049837424310101276,-0.015669167831623112
ES,dist_0929_from_vwap,30,R,1286,-0.046100803540185656,-0.15669414331583884,0.06524150637241102,0.003920053117092286,-0.060921119163499696,0.07645110745331601,0.8915199190204988,False,-0.09999999999999999,0.5035349567949725,0.5125,0.5,0.44559585492227977,0.2395136443661972,-0.9984967967527385,1.5262739632237852,0.006259401769555331
ES,dist_0929_from_vwap,30,Q,1286,-0.02871242120438034,-0.0840543056482061,0.02884378172773156,-0.003482619812754724,-0.058324249057192704,0.05201333055851947,0.9035623276640783,False,0.09999999999999999,0.49921507064364207,0.5242566510172144,0.5,0.453125,-0.005198963870922402,-0.0791864805700267,0.06561843454441768,-0.0019873954705877856
ES,normalized_dist_from_vwap,5,R,1286,-0.05146269369159295,-0.1072597681531172,0.01362304554794285,-0.03437718924343882,-0.08624190441618128,0.0252274428575397,0.23151307402440668,False,-0.8999999999999998,0.4888888888888889,0.48417721518987344,0.48548812664907653,0.46808510638297873,-0.6366869620500782,-1.3206040933098593,-0.07673516358568182,-0.03608318425240908
ES,normalized_dist_from_vwap,5,Q,1286,-0.011827126586501405,-0.0627460751208068,0.04602953344500786,-0.012614938056906184,-0.06288577586309141,0.04493585693501014,0.6607318173649295,False,-0.3,0.4956383822363204,0.49447077409162715,0.5052356020942408,0.4895833333333333,-0.025581978060604884,-0.09544927001217512,0.03665860851053958,-0.01301257209144882
ES,normalized_dist_from_vwap,10,R,1286,-0.05009804645523482,-0.10996288095371773,0.012071478169993021,-0.05058985718713048,-0.10838468722712911,0.006021954598269703,0.0781455040061132,False,-0.9999999999999999,0.48139350752177357,0.47385103011093505,0.48404255319148937,0.48148148148148145,-0.7694309956964007,-1.6332724166177621,0.12232486062206471,-0.052669201306763294
ES,normalized_dist_from_vwap,10,Q,1286,-0.019500937173546364,-0.07098933340059334,0.037507890890711396,-0.024165427046344414,-0.07250521075930753,0.03148953640210827,0.4004092991559891,False,-0.7999999999999999,0.4909520062942565,0.4835680751173709,0.5013054830287206,0.5105263157894737,-0.03233065880011114,-0.10131713748484772,0.03673422498329127,-0.02527873696738634
ES,normalized_dist_from_vwap,15,R,1286,-0.01713251394666045,-0.07401751427959544,0.04201897967729199,-0.017204135828835204,-0.07497904332452367,0.040773763258267676,0.5494402085261254,False,-0.6,0.4972332015810277,0.48665620094191525,0.4908616187989556,0.49473684210526314,-0.11888693270735523,-1.1541834776017215,0.770842227846244,-0.018818674897752834
ES,normalized_dist_from_vwap,15,Q,1286,-0.011806064286736383,-0.06435775633385131,0.045323477098225484,-0.015119935564103959,-0.06566700453041299,0.04049090087817124,0.5988396575514403,False,-0.49999999999999994,0.49053627760252366,0.4811320754716981,0.49868766404199477,0.49473684210526314,-0.018984511834734145,-0.08842811727933456,0.049837424310101276,-0.01625618498428011
ES,normalized_dist_from_vwap,30,R,1286,-0.00953281252824888,-0.0653354255152661,0.055252125935068966,-0.008492825855636514,-0.06438858430003021,0.057084837951686174,0.767629844255115,False,-0.3,0.5035349567949725,0.49608763693270735,0.4960835509138381,0.4869109947643979,0.2395136443661972,-0.9984967967527385,1.5262739632237852,-0.010517508107170094
ES,normalized_dist_from_vwap,30,Q,1286,-0.0019341211086782546,-0.057042733342988386,0.055539569021589144,-0.006875574278038102,-0.0614246984552191,0.049537914100295975,0.8109440786208517,False,-0.3,0.49921507064364207,0.5,0.5026041666666666,0.49214659685863876,-0.005198963870922402,-0.0791864805700267,0.06561843454441768,-0.008317287441598473
ES,vwap_location_in_range,5,R,1286,-0.04539869979516217,-0.09691339040720069,0.014615002107790579,-0.040808080279435784,-0.09181777852099601,0.015776371197989733,0.15545591378743584,False,-0.3,0.4857142857142857,0.4802527646129542,0.46965699208443273,0.4787234042553192,-0.6541787323037322,-1.2797038388835265,0.0036492267937574506,-0.03933912808221673
ES,vwap_location_in_range,5,Q,1286,7.95940253311369e-05,-0.051385851165646146,0.054748597610433804,0.0019072070754228988,-0.05006801620333676,0.05799550654883877,0.947097006220736,False,-0.09999999999999999,0.49246629659000796,0.4912559618441971,0.48533333333333334,0.48936170212765956,-0.006566516477704329,-0.07354362292831279,0.06142125524905535,0.0030874934183241155
ES,vwap_location_in_range,10,R,1286,-0.032481658311384366,-0.082448710733009,0.02730167189877633,-0.04682660508086201,-0.0990104588802449,0.009239301817008732,0.10303551290028445,False,-0.6,0.4806017418844022,0.4755134281200632,0.5078947368421053,0.4816753926701571,-0.7610098938223938,-1.5935496915721525,0.15078099863256095,-0.04529450056228881
ES,vwap_location_in_range,10,Q,1286,-0.01749029243996701,-0.06998108877580894,0.0366694476901294,-0.017328559798940116,-0.06861005119969425,0.03933023445977555,0.5465557684380558,False,-0.3,0.48623131392604246,0.48973143759873616,0.5,0.48947368421052634,-0.030733786053800158,-0.10279661850109686,0.0319477511897298,-0.015931400796194397
ES,vwap_location_in_range,15,R,1286,0.006439917574290572,-0.04621673312961291,0.061277798150571425,-0.01450220955757749,-0.0659342829926369,0.04519782320719192,0.613857950510885,False,0.09999999999999999,0.491699604743083,0.48346456692913387,0.5105263157894737,0.49473684210526314,-0.20098209258365507,-1.1885159957669722,0.7891325372526543,-0.01315991331251026
ES,vwap_location_in_range,15,Q,1286,-0.0067911651837703774,-0.05894941133270984,0.05167612089026572,-0.0074255639286969835,-0.058956247951079614,0.051865803808406226,0.7961416885458008,False,-0.09999999999999999,0.48738170347003157,0.48031496062992124,0.49343832020997375,0.4869109947643979,-0.017657376151402143,-0.08025634863941548,0.04617784561163927,-0.006070468489414259
ES,vwap_location_in_range,30,R,1286,0.023298981362280285,-0.027948280571805158,0.07857420034918507,0.029572542228217053,-0.026680585045166436,0.08604457666169216,0.3034125028995094,False,0.39999999999999997,0.5113904163393559,0.5031446540880503,0.5169712793733682,0.5,0.6018855071589446,-0.7947410161277348,2.014444924137306,0.029440552200511862
ES,vwap_location_in_range,30,Q,1286,0.01086609468235045,-0.04301865641188318,0.0706547555751625,0.010557617181188776,-0.03968786178140337,0.06877297229685042,0.7133816828303867,False,0.39999999999999997,0.5015698587127159,0.4875,0.5078125,0.5052083333333334,0.013530435594812734,-0.05193126026028468,0.08315906531975208,0.012041249995457214
ES,signed_return_5,5,R,1283,0.0069856263030980414,-0.07665521812838591,0.09728030814188633,-0.007126203626666109,-0.06078754388939003,0.05441994494332423,0.80441435478529,False,-0.7,0.5008576329331046,0.5095238095238095,0.5092348284960422,0.47643979057591623,-0.3189680350018573,-0.9588279276201062,0.288873746338614,-0.009337904412642714
ES,signed_return_5,5,Q,1283,-0.0132053838331596,-0.07034887988980355,0.038779788698968184,-0.027870589243532567,-0.08353308408295174,0.024377886719176598,0.33267108091903697,False,-0.3,0.48240343347639486,0.48973143759873616,0.47757255936675463,0.42328042328042326,-0.029721026456618088,-0.09954222105391676,0.036561555469982986,-0.029969073377104027
ES,signed_return_5,10,R,1283,0.06463692989026372,-0.04632553548871578,0.18443738310707328,0.02123408281130048,-0.03356692431748085,0.07707821147528805,0.46052014680909936,False,0.3,0.5077186963979416,0.5308056872037915,0.5314136125654451,0.48947368421052634,-0.03822444402226464,-0.9043734776715712,0.7954012744316877,0.01893904258087475
ES,signed_return_5,10,Q,1283,0.015246248322654837,-0.035904312617850036,0.06315777573383234,0.001723232153512371,-0.04992369259999004,0.052021832299748404,0.9522496188720753,False,0.19999999999999998,0.502127659574468,0.521259842519685,0.5157068062827225,0.4816753926701571,-0.006555468725867361,-0.07660405520709752,0.06336980154450213,-0.00046507980581093395
ES,signed_return_5,15,R,1283,-0.005192375002565629,-0.11475679340757235,0.1180910156918307,-0.009954868698532682,-0.06082910520234211,0.048903529754678744,0.7293871159124128,False,-0.3,0.5106928999144568,0.5260663507109005,0.525065963060686,0.47619047619047616,-0.5781346142394951,-1.5766542871887645,0.30359709017288233,-0.012301447408116561
ES,signed_return_5,15,Q,1283,0.009404566015446468,-0.04074370707507538,0.05626452106183606,0.0011482996501613607,-0.04698149631574549,0.05010595263753289,0.9681703181697923,False,0.19999999999999998,0.49829351535836175,0.5220820189274448,0.5236842105263158,0.5,-0.008435486233086511,-0.08099939943643755,0.055668691976142895,-0.0010233781474133891
ES,signed_return_5,30,R,1283,0.04577999450261308,-0.04567468934325188,0.14616757896856042,0.018040112259777513,-0.03289804547038423,0.07138695128408094,0.5306868050697746,False,0.3,0.5089361702127659,0.5352112676056338,0.5234375,0.4895833333333333,-0.1820300736955825,-1.3991944950902693,0.9639010738175103,0.016697093819194844
ES,signed_return_5,30,Q,1283,0.024847430149194827,-0.020904048521420627,0.07623504927562302,0.013250922569679194,-0.034813774535910225,0.06433401254700571,0.6451619714834351,False,0.49999999999999994,0.5055225148683092,0.5416012558869702,0.5261780104712042,0.5,-0.007347227210522649,-0.07423975792491047,0.05577825633105298,0.01114075137054135
ES,signed_return_10,5,R,1283,0.018873062691116164,-0.06556176192879035,0.1008030298290364,0.011217963597813423,-0.04535655998146381,0.07729432931460027,0.6966562582615305,False,-0.3,0.5029736618521665,0.5071090047393365,0.5210526315789473,0.5263157894736842,-0.28923761223811106,-0.8398493792262498,0.3785777629974501,0.009067219929738132
ES,signed_return_10,5,Q,1283,-0.00023672979146707117,-0.05972104739001337,0.0524126152370897,-0.013464859602545615,-0.07087450116825969,0.04215803270743513,0.6398352344278819,False,0.09999999999999999,0.4898132427843803,0.4889240506329114,0.49206349206349204,0.4973544973544973,-0.024292780033803845,-0.08634338756348796,0.05299384190965186,-0.015554992463245487
ES,signed_return_10,10,R,1283,0.04752787259162028,-0.06859850852413593,0.17897927233634958,0.020805655068642192,-0.0408506688550272,0.08222978937409944,0.46962073875592103,False,0.49999999999999994,0.5169491525423728,0.5102685624012638,0.5210526315789473,0.5238095238095238,0.12974448509034475,-0.7901006678860437,1.1420158519011185,0.0185106900389002
ES,signed_return_10,10,Q,1283,0.028205841693077483,-0.027425209128214983,0.07962210682082557,0.021396647705522367,-0.028230476249276132,0.08009727846356708,0.45709291389936446,False,0.3,0.5227272727272727,0.5188679245283019,0.518324607329843,0.5208333333333334,0.015953097638480865,-0.04555384339504044,0.09350288751922893,0.019241638084035066
ES,signed_return_10,15,R,1283,-0.014380229670074181,-0.12859308525019206,0.1054169149221637,0.0003103489337225655,-0.05358396600840209,0.061247424081245866,0.9913953350029749,False,-0.6,0.5223628691983122,0.5174050632911392,0.5225464190981433,0.5132275132275133,-0.19346524775523777,-1.1796516115175701,0.9563167886043654,-0.002013370250545811
ES,signed_return_10,15,Q,1283,0.02386897665735995,-0.02744393485738779,0.07745351558480787,0.021208058748191178,-0.0327979260347335,0.07907233722911731,0.46107012166850536,False,0.19999999999999998,0.521079258010118,0.5236593059936908,0.5249343832020997,0.5416666666666666,0.01704696119325173,-0.04633377431708002,0.09170483888844662,0.019071969918973565
ES,signed_return_10,30,R,1283,0.023542924835604318,-0.054173096550415446,0.11542647488883144,0.024965728193303897,-0.032807369291371485,0.08523734908459069,0.3855400448202384,False,0.19999999999999998,0.5138539042821159,0.5228346456692914,0.5234375,0.484375,0.49894828732956437,-0.9488423885932823,1.7891838487972502,0.0236565585351014
ES,signed_return_10,30,Q,1283,0.038082454248916965,-0.00826577553670247,0.09083921016058084,0.030950529075146456,-0.01791162743673002,0.08865267750392743,0.28198643677566904,False,0.49999999999999994,0.5210084033613446,0.5297805642633229,0.5392670157068062,0.5343915343915344,0.024475433728124982,-0.04011429465356391,0.0993007775895817,0.028865432776695298
ES,signed_return_15,5,R,1283,-0.016852189124210538,-0.10682470716728469,0.06882897561257852,0.0036292805419049826,-0.05698788188469307,0.06732958872059719,0.8996391113769588,False,-0.6,0.5198347107438016,0.5071090047393365,0.4881889763779528,0.5079365079365079,-0.07368430766148062,-0.7226634613103007,0.5753166467608959,0.0014590514334402534
ES,signed_return_15,5,Q,1283,-0.004889658548815201,-0.06622396004178985,0.048052824384607035,-0.012226290188178394,-0.06612740892344639,0.0365634065327864,0.6709226541227957,False,-0.3,0.4925496688741722,0.4889240506329114,0.46684350132625996,0.5026455026455027,-0.008532996577143438,-0.07045650951823289,0.05425349307555413,-0.014295245722064722
ES,signed_return_15,10,R,1283,0.03998299431940658,-0.08969097893100995,0.17383217908139448,0.009861800006106446,-0.04795336993332801,0.07327396595477279,0.7318192834048229,False,-0.09999999999999999,0.5119933829611248,0.5118483412322274,0.4763157894736842,0.4787234042553192,0.12004234260599494,-0.7295094974254324,1.0204641373155414,0.007541415677501696
ES,signed_return_15,10,Q,1283,0.017443621652365304,-0.042109441273085566,0.07279793194950752,0.00918736787017632,-0.04204016784078444,0.06677341920425578,0.749523303736563,False,0.7,0.5069843878389483,0.5125786163522013,0.4921875,0.515625,0.01065715020966354,-0.048615246334189906,0.0699688907446874,0.007017373780134333
ES,signed_return_15,15,R,1283,0.0075202040435915695,-0.1020571933588,0.12269868270884353,0.00605628356709939,-0.054409782648555026,0.06669829961807018,0.8333109379273023,False,-0.19999999999999998,0.5165016501650165,0.5196850393700787,0.48812664907651715,0.48677248677248675,-0.08282184730823887,-1.0346732487535824,0.8720509963431385,0.003736688634177735
ES,signed_return_15,15,Q,1283,0.01229683623009287,-0.04342261050564681,0.06641526217327633,0.012492519798263123,-0.03685138324041598,0.06513166683620318,0.6641904888727956,False,0.6,0.5164744645799012,0.526813880126183,0.5078125,0.5130890052356021,0.01877527500223316,-0.04307879156871181,0.07542204160203453,0.010338816939957056
ES,signed_return_15,30,R,1283,0.04637752482485065,-0.02823573760241583,0.12560567299756303,0.028391832403055307,-0.025899262816337577,0.08973668621760228,0.3237038515657549,False,0.7,0.5077932731747334,0.5203125,0.5,0.4895833333333333,0.33163475152061633,-0.9655273908676015,1.524476320042603,0.027110642837285533
ES,signed_return_15,30,Q,1283,0.030600961517101156,-0.023683827890046125,0.08261867545981397,0.024461260152513264,-0.026641300927077893,0.08385512559920848,0.39521779641676025,False,0.8999999999999998,0.5188524590163934,0.5070866141732283,0.48947368421052634,0.5,0.024873762637643466,-0.04359567287759202,0.08298168773590904,0.02236707105276915
ES,signed_return_30,5,R,1283,-0.0587265878434974,-0.1484882957592153,0.032146664035564536,-0.019645632474500845,-0.07471485211132,0.04483687214755866,0.49475266793104566,False,-0.3,0.5106907894736842,0.49921011058451814,0.4605263157894737,0.5157894736842106,-0.2374384236453202,-0.8923286124794745,0.42672550629447165,-0.021864103478031898
ES,signed_return_30,5,Q,1283,-0.009826873251265094,-0.06868476893224792,0.04424680340180643,-0.016958310530677072,-0.06731548862567104,0.036554578166001245,0.555623793303966,False,-0.09999999999999999,0.5045267489711934,0.5039745627980922,0.4588859416445623,0.531578947368421,-0.014635915118342988,-0.08014641767031958,0.05365070898066007,-0.019036608804972308
ES,signed_return_30,10,R,1283,-0.019385410102007283,-0.15632076098250286,0.14176755278412584,-0.037438471862363126,-0.09436929796407001,0.02176624074492349,0.19305761132506616,False,-0.6,0.5069729286300246,0.48253968253968255,0.4521276595744681,0.49206349206349204,-0.4370689655172414,-1.3123850574712643,0.4758781472359052,-0.039869005325007846
ES,signed_return_30,10,Q,1283,-0.003520250770975201,-0.05646217745146588,0.053159527801235944,-0.008428181422221232,-0.056530563341294617,0.049034314957956376,0.7696105282237033,False,0.0,0.5146818923327896,0.5031446540880503,0.4738219895287958,0.5235602094240838,0.007319499700467437,-0.0541288907108412,0.07866692795310219,-0.010640570163841633
ES,signed_return_30,15,R,1283,-0.009731856704193794,-0.12676605584650544,0.12461308805622262,-0.015104064158142866,-0.07540422532891201,0.05072141414839607,0.5996507516363805,False,-0.7,0.5118949958982772,0.5086887835703001,0.5,0.5238095238095238,-0.3972632731253421,-1.4722807197591679,0.5915749863163648,-0.017467550084270766
ES,signed_return_30,15,Q,1283,-0.00485512644073994,-0.05792479665141961,0.053579135810083646,-0.007079382517032558,-0.055408430346969066,0.04550560504310848,0.8056736470894001,False,0.0,0.5110565110565111,0.5070866141732283,0.48293963254593175,0.5238095238095238,0.006335711853485661,-0.05438627612192141,0.07746497536878161,-0.009278785701378694
ES,signed_return_30,30,R,1283,-0.027433841591938894,-0.11693352208084523,0.0619749181934371,-0.029731938346163445,-0.0870289230173465,0.03647607665060413,0.3013779688708782,False,-0.3,0.5004074979625102,0.48513302034428796,0.4817708333333333,0.4791666666666667,-0.3321428571428572,-1.6953981937602627,0.899509099616857,-0.031114825410791896
ES,signed_return_30,30,Q,1283,0.0014504881490680964,-0.05370147062714394,0.057077708144001565,-0.006576024402646411,-0.05360336075940419,0.04739645691216821,0.819243026773063,False,0.0,0.5101874490627547,0.5023547880690737,0.4881889763779528,0.48947368421052634,0.006431629922902984,-0.06603895273919538,0.07882240221563303,-0.008727701285523266
ES,signed_return_60,5,R,1281,-0.12386793321676982,-0.20845318939356278,-0.014510228634699486,-0.004220334800885437,-0.06017091267010615,0.06555046827864212,0.8834935729567028,False,-0.8999999999999998,0.5085158150851582,0.5023847376788553,0.48429319371727747,0.4635416666666667,-0.017375048597121034,-0.685694885184568,0.6224326677421144,-0.0019206051010831073
ES,signed_return_60,5,Q,1281,-0.03527586721914536,-0.08387731447909828,0.023742753603362123,0.01635230815726303,-0.03474693123032868,0.0706511994044785,0.5701398076980684,False,0.09999999999999999,0.5162074554294975,0.5213946117274167,0.5065963060686016,0.5,0.0340828024105615,-0.036369215089648715,0.0958133913430867,0.017420305482208763
ES,signed_return_60,10,R,1281,-0.07774475282242103,-0.1938450502143851,0.054670219229043,-0.039636543873068086,-0.09807444407058327,0.02670725923722763,0.16851036418089493,False,-0.7999999999999999,0.486661277283751,0.4912559618441971,0.46578947368421053,0.45789473684210524,-0.5893877772560424,-1.5210502532099344,0.33785311804177487,-0.03764908152552578
ES,signed_return_60,10,Q,1281,-0.03351843421500952,-0.08656891989090966,0.022091630201909327,0.00758565510142111,-0.041671838371635614,0.0645670502437769,0.7922431569162791,False,0.3,0.5120385232744783,0.5141955835962145,0.5078947368421053,0.4947916666666667,0.013808786268629582,-0.05189563287637539,0.07651591872955915,0.008824080270966204
ES,signed_return_60,15,R,1281,-0.05615483325048302,-0.1532040159469129,0.04726113141274711,-0.01730716421507858,-0.07393927999071148,0.04905767735100599,0.5478332532647461,False,-0.3,0.49556093623890235,0.5,0.488,0.48677248677248675,-0.4339640860964268,-1.4720462259602034,0.42843912989694855,-0.015354617487246973
ES,signed_return_60,15,Q,1281,-0.03681736670140129,-0.08912460049032485,0.01700996826175389,-0.00017975374222095817,-0.04778234504699567,0.05300911870112228,0.9950200190525338,False,0.3,0.5024154589371981,0.49841772151898733,0.47757255936675463,0.46842105263157896,0.006097864461780343,-0.06386466707400766,0.0634152299851992,0.001159331324213588
ES,signed_return_60,30,R,1281,-0.026820018003921132,-0.12647561069160126,0.06746343595796772,-0.011344082163119513,-0.06411743259000577,0.044802652820252566,0.6936451553105223,False,0.19999999999999998,0.4887640449438202,0.5070422535211268,0.5,0.5104166666666666,-0.45140098557485975,-1.6370225963990164,0.8781838687852487,-0.01343798763288145
ES,signed_return_60,30,Q,1281,-0.032116719272384575,-0.07891318232720734,0.024708242473996594,-0.005053220221035661,-0.04844451161716359,0.05086268474386956,0.8607162014964662,False,0.3,0.49238171611868486,0.5023622047244094,0.49214659685863876,0.5,-0.014792130798241515,-0.0758912101582925,0.036112375852463525,-0.00490552136902599
ES,range_5,5,R,1283,0.03314520255629426,-0.06261744365156076,0.12146867808364997,0.005709442181288097,-0.054159904406786016,0.06602429680504669,0.8427289785023455,False,0.49999999999999994,0.48369132856006364,0.49053627760252366,0.5131578947368421,0.49473684210526314,,,,0.008011583775412561
ES,range_5,5,Q,1283,0.04481165979238098,-0.004839621599777737,0.09954773037023852,0.07570263286659112,0.025455013848443574,0.13161300420209462,0.00839657929059845,False,0.9999999999999999,0.5015898251192369,0.5371248025276462,0.5485564304461942,0.531578947368421,,,,0.07789137953663633
ES,range_5,10,R,1283,-0.06201591837669368,-0.19178556026112845,0.0797766381989288,-0.03250508873668578,-0.08684060629067154,0.029117047485174647,0.2585003553098941,False,-0.09999999999999999,0.5111111111111111,0.4921383647798742,0.47780678851174935,0.45789473684210524,,,,-0.0302356227666643
ES,range_5,10,Q,1283,0.0162009994760445,-0.033992016864246556,0.07184840219597108,0.03410349723143455,-0.017959892569844437,0.09302954684806355,0.23580054552791285,False,0.49999999999999994,0.48974763406940064,0.5015673981191222,0.5130890052356021,0.5026178010471204,,,,0.036359259593955924
ES,range_5,15,R,1283,-0.08888266188900867,-0.21452714034451173,0.04734314833539825,-0.024602375751625955,-0.07357290687924539,0.03804967927745404,0.392495965379551,False,-0.09999999999999999,0.5190174326465927,0.5079113924050633,0.48812664907651715,0.4521276595744681,,,,-0.022314713246636985
ES,range_5,15,Q,1283,-0.009048619017082222,-0.06190198230235886,0.05416450336040155,0.013494555533290011,-0.036345210561632355,0.07574372738110642,0.6390973013723462,False,0.49999999999999994,0.4806324110671937,0.48264984227129337,0.48021108179419525,0.4708994708994709,,,,0.0156833229117488
ES,range_5,30,R,1283,-0.03268168166135669,-0.13791434962425164,0.08387409306853472,-0.01019749383459439,-0.0667369660399473,0.05252015712725814,0.7230594072074612,False,0.0,0.5094488188976378,0.5046875,0.4961038961038961,0.4739583333333333,,,,-0.008654842875228717
ES,range_5,30,Q,1283,-0.022062704548214303,-0.07137554322063608,0.034212304512753554,0.002591653892904832,-0.051952374609804106,0.060896330887333254,0.9282398510570395,False,-0.19999999999999998,0.48701809598741147,0.48589341692789967,0.4856396866840731,0.4479166666666667,,,,0.004718317237783514
ES,range_10,5,R,1283,0.024684366337117375,-0.05896850691430618,0.10673974767528449,0.007861535463665541,-0.051866645124864996,0.06807179691975036,0.784705435949925,False,0.09999999999999999,0.48369132856006364,0.49683544303797467,0.49343832020997375,0.4816753926701571,,,,0.010167936103026885
ES,range_10,5,Q,1283,0.04998521340854084,-0.0011148228918928956,0.10470489236720634,0.07674163868330114,0.02392482381462175,0.1324354672166887,0.007539869773543595,False,0.6,0.5015898251192369,0.5253164556962026,0.5396825396825397,0.5238095238095238,,,,0.0789281343537576
ES,range_10,10,R,1283,-0.07729893673142761,-0.21493609397415253,0.058661821177700635,-0.035306582544807306,-0.09499828709952038,0.027697128471714436,0.21966998174912677,False,-0.39999999999999997,0.5111111111111111,0.4897959183673469,0.47643979057591623,0.43157894736842106,,,,-0.03304493207277854
ES,range_10,10,Q,1283,0.015781813974571405,-0.037243920478006926,0.07015489182749388,0.03833098564350656,-0.0170434579061182,0.09911931834057613,0.1826479290945615,False,0.49999999999999994,0.48974763406940064,0.5023547880690737,0.5013054830287206,0.4869109947643979,,,,0.04059422652345375
ES,range_10,15,R,1283,-0.10838598941991322,-0.2320484217202661,0.02202414889517371,-0.029581200005970244,-0.0820398993691075,0.03708429251757746,0.30383686938196686,False,-0.39999999999999997,0.5190174326465927,0.5102685624012638,0.4894179894179894,0.4521276595744681,,,,-0.027306621399093133
ES,range_10,15,Q,1283,-0.010252396452547547,-0.061393377165596334,0.04986282858700496,0.014473223731434602,-0.03953585535918313,0.07382944868080332,0.6149808265539058,False,0.09999999999999999,0.4806324110671937,0.48183254344391785,0.47506561679790027,0.4607329842931937,,,,0.016664035482787342
ES,range_10,30,R,1283,-0.033276957256070334,-0.14565288619859332,0.08467700592679105,-0.00989037577791323,-0.06706740353729003,0.05105810871334268,0.7310722242027008,False,-0.39999999999999997,0.5094488188976378,0.514866979655712,0.4987012987012987,0.453125,,,,-0.008341171236258708
ES,range_10,30,Q,1283,-0.01984364347728972,-0.06832321343881696,0.03879888543125583,0.0051035052845516335,-0.050949426153513715,0.06456798245429426,0.8592356603186468,False,0.09999999999999999,0.48701809598741147,0.49607535321821034,0.47643979057591623,0.4397905759162304,,,,0.007235355260340014
ES,range_15,5,R,1283,0.025161695753118715,-0.06751788598936306,0.11294855772967152,0.01104772479847467,-0.050431283475019364,0.06917088058579143,0.7010365417274194,False,0.7999999999999999,0.48369132856006364,0.494488188976378,0.49606299212598426,0.4842105263157895,,,,0.013359885214191656
ES,range_15,5,Q,1283,0.04183564164006239,-0.011951277441021224,0.09893925348375412,0.06988396539778602,0.019112556725717374,0.12905067990189045,0.014998414482928046,False,0.8999999999999998,0.5015898251192369,0.5253164556962026,0.5408970976253298,0.5185185185185185,,,,0.07205528257942698
ES,range_15,10,R,1283,-0.09230112123094458,-0.24425619393581555,0.05335273656938758,-0.02565936975408071,-0.08306877731434532,0.039334035830914056,0.37247161872198253,False,0.0,0.5111111111111111,0.49606299212598426,0.4868421052631579,0.4473684210526316,,,,-0.023375836887774063
ES,range_15,10,Q,1283,0.01242151182561708,-0.03853879188363207,0.07046166223343886,0.0384321010400763,-0.012845989785560903,0.10179404671720904,0.18149530130818992,False,0.7,0.48974763406940064,0.5039123630672926,0.5130208333333334,0.484375,,,,0.04069789129318442
ES,range_15,15,R,1283,-0.12053008803733335,-0.2461573770846008,0.016356191643070395,-0.02441918534012656,-0.07842030916741827,0.04069611884192771,0.39603153258947965,False,-0.3,0.5190174326465927,0.5174050632911392,0.4973544973544973,0.44148936170212766,,,,-0.022133254718922586
ES,range_15,15,Q,1283,-0.013221194370298697,-0.0630038250181605,0.04549168969126078,0.01801343777020374,-0.032312052787114014,0.0793245882543338,0.5312948002534255,False,-0.09999999999999999,0.4806324110671937,0.49053627760252366,0.49606299212598426,0.4635416666666667,,,,0.020212205882419478
ES,range_15,30,R,1283,-0.04103785652031088,-0.15377375528936857,0.07957636761448912,-0.00785102744872686,-0.06278949560037467,0.05490038122394928,0.7849861438829844,False,-0.09999999999999999,0.5094488188976378,0.5203125,0.4961038961038961,0.4479166666666667,,,,-0.0063015202783695615
ES,range_15,30,Q,1283,-0.022911510045158814,-0.07202898646135969,0.03720287946514254,0.006978590488893325,-0.04644848167420538,0.06748654506086672,0.8083862356670644,False,-0.09999999999999999,0.48701809598741147,0.5015723270440252,0.4790575916230366,0.418848167539267,,,,0.009114037753002109
ES,range_30,5,R,1283,0.005060191323855881,-0.09769990456559072,0.09762582700072148,0.012037032234245694,-0.04686151344337798,0.07284464270470939,0.6757245594973689,False,0.6,0.48369132856006364,0.49053627760252366,0.4868421052631579,0.4631578947368421,,,,0.014353641290000104
ES,range_30,5,Q,1283,0.020810366023562243,-0.030872101453524082,0.08258285341677456,0.0653202562664821,0.017561436958635476,0.12232929018647418,0.023020088710825615,False,0.7999999999999999,0.5015898251192369,0.534181240063593,0.5105263157894737,0.5,,,,0.06748195500902136
ES,range_30,10,R,1283,-0.07967898521231839,-0.23999749235222023,0.06147079692440369,-0.01650899201875558,-0.0737999417900252,0.04755315294869665,0.5661464915152727,False,-0.3,0.5111111111111111,0.5047318611987381,0.4921052631578947,0.4656084656084656,,,,-0.01420475541555946
ES,range_30,10,Q,1283,-0.006798644328617597,-0.06008291239904353,0.05302645258828524,0.03407963546046019,-0.01873379341136101,0.09366361131319345,0.23612872200473012,False,0.49999999999999994,0.48974763406940064,0.5047021943573667,0.4895833333333333,0.47643979057591623,,,,0.03634097490266651
ES,range_30,15,R,1283,-0.09111475606852071,-0.2190353695555794,0.03545683504902888,-0.015005283579448489,-0.07157341372525108,0.049294020678645675,0.6020397927036845,False,-0.3,0.5190174326465927,0.5158227848101266,0.5079365079365079,0.4734042553191489,,,,-0.012697893248239974
ES,range_30,15,Q,1283,-0.020509836916727985,-0.07071419639559076,0.03741956438573808,0.015831896302744567,-0.03690793047070373,0.07583053783194996,0.5821816024663891,False,0.3,0.4806324110671937,0.4889589905362776,0.4921052631578947,0.46596858638743455,,,,0.018033175482702127
ES,range_30,30,R,1283,-0.0037128011932277324,-0.11322480827207361,0.10133420183880117,0.0004175592304994716,-0.05753535419407174,0.061450928786376244,0.9884230278613824,False,-0.09999999999999999,0.5094488188976378,0.5101404056162246,0.5064935064935064,0.5,,,,0.0019754009142594784
ES,range_30,30,Q,1283,-0.015256294826845028,-0.0670762675738041,0.04510275283566543,0.012415038539009358,-0.04208707458245332,0.07414483261327608,0.6661470034706842,False,0.3,0.48701809598741147,0.49133858267716535,0.4869109947643979,0.45789473684210524,,,,0.014570225832569174
ES,range_60,5,R,1281,-0.0163375284506297,-0.1223294803460834,0.09405710727995013,0.011535102757738839,-0.043951856038001176,0.06770229641501063,0.6887538485924385,False,0.09999999999999999,0.48366533864541833,0.48183254344391785,0.48031496062992124,0.5026455026455027,,,,0.009575274929232009
ES,range_60,5,Q,1281,0.01905133871342879,-0.037414533506351134,0.07817339210389175,0.05549930232926375,0.0052006506556177496,0.11421191988828604,0.05372298442913559,False,0.6,0.5015923566878981,0.5207667731629393,0.5039787798408488,0.5291005291005291,,,,0.05390859288145424
ES,range_60,10,R,1281,-0.047971595880046146,-0.1686458417392297,0.07558260154443476,-0.006844799797779721,-0.06806376875546091,0.055512767526517376,0.8121346506147076,False,-0.19999999999999998,0.5103338632750397,0.5102685624012638,0.5052356020942408,0.47368421052631576,,,,-0.0059506385114484394
ES,range_60,10,Q,1281,6.735596325669993e-05,-0.05442909065733379,0.06204848896484676,0.03650961138225464,-0.014341424254365307,0.09495684105644717,0.20470044055075842,False,0.49999999999999994,0.48894154818325436,0.49607535321821034,0.4960835509138381,0.5026178010471204,,,,0.03625950493819705
ES,range_60,15,R,1281,-0.053956938295165256,-0.15893800890447646,0.05053102123163601,1.4483146167717514e-05,-0.06045073042175658,0.062194525653605115,0.9995987496250838,False,-0.19999999999999998,0.5186360031720857,0.5213946117274167,0.5106382978723404,0.4574468085106383,,,,0.0006791812383386282
ES,range_60,15,Q,1281,-0.0056272956866933975,-0.06303182360646856,0.0528681787240317,0.02218579156306139,-0.03575677703489643,0.08480586004769329,0.4410180308450746,False,0.09999999999999999,0.47980997624703087,0.48738170347003157,0.48947368421052634,0.48677248677248675,,,,0.021869300116692365
ES,range_60,30,R,1281,0.028323152549125943,-0.07202346501484272,0.11836025275886634,0.01089491171733637,-0.0483035738943469,0.06649592319798907,0.7051967117878002,False,-0.09999999999999999,0.5086750788643533,0.5046875,0.515625,0.4791666666666667,,,,0.012767710026960165
ES,range_60,30,Q,1281,0.00443888259135249,-0.054091125591844265,0.06050313477341617,0.018211327053103698,-0.033781697809118744,0.07731514198686738,0.527115787769348,False,0.09999999999999999,0.4862096138691883,0.48661417322834644,0.4868421052631579,0.4708994708994709,,,,0.017871065398925776
ES,close_location_5,5,R,1283,-0.02026998987258981,-0.0709147524585234,0.03726192216293465,0.00043301973905847624,-0.052143301640567206,0.05555715920898388,0.987994411707096,False,-0.19999999999999998,0.5004248088360238,0.505564387917329,0.5,0.5405405405405406,-0.2574467672765831,-0.9006793557255459,0.3375682626101545,0.0012171562028189522
ES,close_location_5,5,Q,1283,-0.033118427965482575,-0.08622052339854053,0.018595420217042104,-0.0332728664080696,-0.08726590014589336,0.017343053247092042,0.24741467780634085,False,-0.49999999999999994,0.48091603053435117,0.47385103011093505,0.45931758530183725,0.4869109947643979,-0.034202841547720096,-0.10584941764799177,0.02012408293284356,-0.03268208547850094
ES,close_location_5,10,R,1283,0.016325294155063962,-0.03888627622016789,0.07819749865003117,0.02867750064152494,-0.025190109409008357,0.08519889682693085,0.3188566753531139,False,0.3,0.5186440677966102,0.526984126984127,0.5145118733509235,0.5210526315789473,0.02405612449715805,-0.8716584370855793,0.9290085984933426,0.02972165523597399
ES,close_location_5,10,Q,1283,-0.0007808303840605456,-0.05218260502141563,0.0566131736924878,0.00033367991115904825,-0.05095405778142918,0.057038417348727326,0.9907484934807014,False,0.19999999999999998,0.5109427609427609,0.5086342229199372,0.5065616797900262,0.5238095238095238,0.008271507631217192,-0.06326625593569037,0.07171478516521156,0.0013833312871228437
ES,close_location_5,15,R,1283,-0.009896598251909756,-0.06299472803123471,0.05227077682807755,0.004346902162925872,-0.04653526440584217,0.05846261723938705,0.8799324539235398,False,0.19999999999999998,0.5258255715495342,0.5135566188197768,0.5278514588859416,0.5319148936170213,-0.13428752176789951,-1.1418065314772825,0.8059998941021077,0.004935454268779602
ES,close_location_5,15,Q,1283,0.0037116779929300464,-0.050304744890447714,0.061742690824164254,0.0044529726739946825,-0.04915256662827233,0.06266241394570114,0.8770256313160676,False,0.39999999999999997,0.5075885328836425,0.5,0.4973821989528796,0.5157894736842106,0.014577464890328119,-0.05907830802972396,0.07479716784808799,0.005563955737976703
ES,close_location_5,30,R,1283,0.02938952539115573,-0.020284949482937742,0.0842003373287629,0.024447524200122483,-0.022108814115601005,0.07497813747961678,0.39548334177321176,False,0.7,0.5222876366694701,0.5220125786163522,0.5221932114882507,0.5340314136125655,0.55787838769425,-0.9271561813913183,1.7625503014975195,0.025668095087002515
ES,close_location_5,30,Q,1283,0.017792156615261852,-0.035684317092553305,0.07614083052576442,0.0176904548342829,-0.03577599605413591,0.07579224761388699,0.5386844689375803,False,0.7999999999999999,0.5226890756302521,0.5086342229199372,0.5078947368421053,0.5026455026455027,0.040382721239639034,-0.03531027169067646,0.10174161454082398,0.019235752804210502
ES,close_location_10,5,R,1283,-0.024060147926100943,-0.07589839994355212,0.031906223614261,0.0018611997255042099,-0.046964508522158985,0.05396636568792862,0.9484316896907818,False,-0.49999999999999994,0.5025083612040134,0.512,0.523936170212766,0.5217391304347826,-0.2233939628482972,-0.7551004982585139,0.4206192084838314,0.0026609535497009408
ES,close_location_10,5,Q,1283,-0.03232983407736734,-0.08354869161126074,0.017971916214427237,-0.0324071443872154,-0.08399680767622415,0.019181062240291265,0.2599388803708256,False,-0.6,0.47575250836120403,0.47619047619047616,0.47368421052631576,0.47368421052631576,-0.04397960613626979,-0.102027202726166,0.021368167308129606,-0.03180162342861084
ES,close_location_10,10,R,1283,0.01468284599667761,-0.03871302532044815,0.07364553705604313,0.03079899131306915,-0.02186333825630954,0.08514870623135214,0.2843507831903209,False,0.39999999999999997,0.5175292153589316,0.5310015898251192,0.5291005291005291,0.531578947368421,0.07334666322669418,-0.7486627106983145,1.061236213235293,0.03187297174577765
ES,close_location_10,10,Q,1283,0.004075159963153415,-0.04489448635938945,0.060732409073193154,0.00474301108867694,-0.04541652443224548,0.061972471425471645,0.8690857993023571,False,0.09999999999999999,0.5095277547638773,0.5110410094637224,0.5301837270341208,0.5210526315789473,-1.7347066262288213e-05,-0.05644646539469782,0.06394964196398464,0.005820070833312191
ES,close_location_10,15,R,1283,-0.01585557987477927,-0.06688295726589431,0.04155376928044355,0.0037743050993846307,-0.04586793446921231,0.06036902285434965,0.8956511961335021,False,-0.09999999999999999,0.5175,0.526984126984127,0.53315649867374,0.5425531914893617,-0.28549621603027175,-1.1729114260835913,0.794271236455107,0.0043657654091675034
ES,close_location_10,15,Q,1283,0.008705913126406388,-0.039552717875573275,0.06909920391212232,0.009700569768190141,-0.04019072914236562,0.06975345947650853,0.7360390796759027,False,0.09999999999999999,0.5120331950207468,0.5086887835703001,0.5235602094240838,0.5263157894736842,0.006940774005667459,-0.050127549473215335,0.06937313040774833,0.01084373672539041
ES,close_location_10,30,R,1283,0.028356054700136316,-0.022487246505707353,0.08320929138626518,0.0253298709703696,-0.02132833486434549,0.07838150701654993,0.3786449584817273,False,0.3,0.5136702568351285,0.5307086614173229,0.5342105263157895,0.518324607329843,0.09785109219126248,-1.0360550771843826,1.3900428921568606,0.026564238606694105
ES,close_location_10,30,Q,1283,0.01732131845815294,-0.03457641699666325,0.07616021611371758,0.01773230331556564,-0.03402744820933767,0.07716384587644372,0.5377241053678308,False,0.3,0.5161290322580645,0.5157728706624606,0.5249343832020997,0.5052631578947369,0.011895320214889624,-0.04138174729592201,0.07887617956293673,0.01929442703231985
ES,close_location_15,5,R,1283,-0.02869249337116188,-0.07953721945504469,0.02292318917639558,0.00434813375646213,-0.045825820432944614,0.06072858236195185,0.879898693215369,False,-0.6,0.4983388704318937,0.5248,0.526595744680851,0.5459459459459459,-0.4068846788525007,-0.9831229967948718,0.2509635218329522,0.005157564698525181
ES,close_location_15,5,Q,1283,-0.028681370754708863,-0.08279138662747626,0.02195415639552105,-0.027274068002452932,-0.081759713466958,0.02467079825713533,0.3431279479199749,False,-0.6,0.4759933774834437,0.49206349206349204,0.47733333333333333,0.5052631578947369,-0.05207866001733515,-0.11908371703950973,0.014683259854142235,-0.026651271529206585
ES,close_location_15,10,R,1283,-0.001898493749643043,-0.05683757635120011,0.054405682459404366,0.014663082644711986,-0.036793521201978346,0.0711281224372507,0.6103489546983571,False,0.3,0.5099337748344371,0.5213946117274167,0.5328083989501312,0.5526315789473685,-0.33815689261233817,-1.153984791507997,0.6213369113353636,0.01573737458628791
ES,close_location_15,10,Q,1283,0.0007982588623464367,-0.04960216431078954,0.0588720533062164,0.0028832486795191026,-0.04729480770263012,0.06231021420921508,0.9201914737762937,False,0.19999999999999998,0.5024671052631579,0.5228346456692914,0.5314136125654451,0.5368421052631579,-0.023048450847460378,-0.09095544853619583,0.04102658721924955,0.003976515328327434
ES,close_location_15,15,R,1283,-0.027484122901484696,-0.08113364667658966,0.029132032402241895,-0.005532231462756387,-0.05994682721826365,0.04810422869868778,0.8475496840018477,False,-0.6,0.5136251032204789,0.5198098256735341,0.5236842105263158,0.5555555555555556,-0.7745382711348058,-1.7250164619827366,0.21703716044681345,-0.004941601424867766
ES,close_location_15,15,Q,1283,0.0032747814683640633,-0.046376951870588434,0.060467903273189856,0.00587788264940996,-0.045014723518984286,0.06446663052847083,0.8381522971475623,False,0.19999999999999998,0.5066006600660066,0.5213270142180095,0.5235602094240838,0.5421052631578948,-0.02058260971687519,-0.08422021771774474,0.043482344578631434,0.007040721429732801
ES,close_location_15,30,R,1283,0.017663421740070646,-0.03193181883096871,0.07418691890247597,0.018351024466762903,-0.03038532265263714,0.07150964870537506,0.5236262429198222,False,0.3,0.5016420361247947,0.529874213836478,0.5354330708661418,0.5416666666666666,-0.3916523863924854,-1.5538845320830161,0.8301426837395276,0.019588422485773048
ES,close_location_15,30,Q,1283,0.01136653795982547,-0.0400335611172036,0.07372560655713807,0.012663484396130006,-0.03910763093715221,0.07393788018972965,0.6598814737626424,False,0.3,0.505332239540607,0.5244094488188976,0.5210526315789473,0.5238095238095238,-0.011683280911265834,-0.07438796959766922,0.05253933519913938,0.014236252670107474
ES,close_location_30,5,R,1283,-0.03332657490241833,-0.08449139993498077,0.020619704722979467,0.0043420098148709806,-0.04627514145434959,0.05585086911499377,0.8800665661770799,False,-0.49999999999999994,0.5090311986863711,0.5262321144674086,0.526595744680851,0.5698924731182796,-0.34364351602766535,-0.9320438782193735,0.33976516019867875,0.004021032857996689
ES,close_location_30,5,Q,1283,-0.016754439563627342,-0.07185600309330799,0.03353269153394294,-0.015901630156791306,-0.07083936344710377,0.035334542444408465,0.580520409362324,False,-0.3,0.4967159277504105,0.49206349206349204,0.49868073878627966,0.5235602094240838,-0.017770624019763488,-0.082435274156968,0.041689396528405524,-0.01819690001457305
ES,close_location_30,10,R,1283,-0.0142129364745047,-0.06675111271563561,0.04198418809189998,0.007742179671363696,-0.045285917170348036,0.06006052413475834,0.7878955067453026,False,-0.19999999999999998,0.5237704918032787,0.5174603174603175,0.5026455026455027,0.544973544973545,-0.3427234165321606,-1.1939652584465914,0.505165569175107,0.008267197433522316
ES,close_location_30,10,Q,1283,0.009040451111534753,-0.039273150244271526,0.061286124395890026,0.010378967786097454,-0.039085184921623814,0.06228441563718034,0.7183388323852444,False,0.09999999999999999,0.5154723127035831,0.5189274447949527,0.518324607329843,0.5684210526315789,0.012726244192564651,-0.04805752163630688,0.07251330490781698,0.010833053465363953
ES,close_location_30,15,R,1283,-0.025454009091123903,-0.07612111667873966,0.03040248311320125,0.005236127371175232,-0.04521122289865263,0.058479698409055765,0.8556173080420186,False,-0.6,0.5204248366013072,0.5308056872037915,0.5289473684210526,0.5767195767195767,-0.7627663805001286,-1.7832782150849533,0.16646968350136787,0.005282012361523047
ES,close_location_30,15,Q,1283,0.012492420089121594,-0.037855774489609625,0.0658618894365631,0.013874646686681211,-0.03531013077659471,0.06848854247627388,0.6296838695994993,False,0.09999999999999999,0.5224489795918368,0.5244094488188976,0.5196850393700787,0.5608465608465608,0.01722206116184091,-0.04995390922314281,0.08009352301497488,0.014388860459538421
ES,close_location_30,30,R,1283,0.002868052787585556,-0.047484526095730284,0.058501443312641774,0.009046700609834174,-0.0398595434040348,0.06551479102947386,0.7532328791897807,False,-0.09999999999999999,0.5065040650406504,0.521193092621664,0.5380577427821522,0.5602094240837696,-0.5520051151293988,-1.8220134291640349,0.7075400399229611,0.00896452962919698
ES,close_location_30,30,Q,1283,0.01799646685336627,-0.030282124605941405,0.07649592335094095,0.018182374004891356,-0.029981353312318364,0.07611742017159706,0.5274501795280431,False,0.6,0.5130081300813009,0.5259026687598116,0.5196850393700787,0.544973544973545,0.007635858900211845,-0.06507614823953872,0.06368856393056574,0.018697664387488
ES,close_location_60,5,R,1281,-0.0297460134393871,-0.0820996745840623,0.02347783447345687,0.005860574313352837,-0.04666457504805399,0.05923564859638238,0.8387467248174296,False,-0.49999999999999994,0.5109135004042037,0.5231259968102073,0.5053475935828877,0.5081081081081081,-0.19249695279023887,-0.7672629616365716,0.4456630194393132,0.005552349402901808
ES,close_location_60,5,Q,1281,0.005474521374131126,-0.04981881392199463,0.05831354695375054,0.003703363774981587,-0.05108411702328614,0.0568878774411603,0.8976812224886108,False,-0.09999999999999999,0.5096930533117933,0.5262321144674086,0.4973544973544973,0.47643979057591623,0.003331268336352491,-0.047929542000094014,0.07601057216906257,0.001435362402078255
ES,close_location_60,10,R,1281,-0.023624169896171127,-0.08001575694823634,0.036007279313620785,-0.006772705742282809,-0.06010178286693473,0.04988743157341358,0.8140770323162423,False,-0.7,0.5052461662631155,0.5215311004784688,0.5039787798408488,0.5080213903743316,-0.45144820999987434,-1.2827313837473768,0.36245770033047964,-0.006262021085421987
ES,close_location_60,10,Q,1281,0.015934499121926803,-0.033006110683853736,0.06649175071517924,0.014006180487417677,-0.03419003894531263,0.0653116490117735,0.6267097510847726,False,0.6,0.5188452285485164,0.5395569620253164,0.5211640211640212,0.5263157894736842,0.012708888292602189,-0.044445343651453084,0.08325669018458468,0.014473741682790428
ES,close_location_60,15,R,1281,-0.024061085602894255,-0.07749989969286146,0.032795061794980554,-0.004483071883172343,-0.059074996474062204,0.051591570066151324,0.8762970499229603,False,-0.3,0.5104501607717041,0.5110759493670886,0.5263157894736842,0.5159574468085106,-0.33464960229200436,-1.207597840564959,0.66943174250135,-0.0044324036441590105
ES,close_location_60,15,Q,1281,0.014440128583576912,-0.03280192927749082,0.06421550878179279,0.012395494631143892,-0.03509620405148941,0.06151974722365217,0.6668857112892284,False,0.49999999999999994,0.5096463022508039,0.526984126984127,0.5092838196286472,0.48677248677248675,0.010557934436641207,-0.04274561996185881,0.07679669258228866,0.012951313555555233
ES,close_location_60,30,R,1281,-0.0065312216711513596,-0.05173545211077326,0.0468326613993228,-0.004388015931866565,-0.04885080399762962,0.04852943881683865,0.8788995417373582,False,-0.09999999999999999,0.5028022417934348,0.5055292259083728,0.5118733509234829,0.5392670157068062,0.08696611000113091,-0.9232531320290019,1.3112897393850291,-0.004486064900076672
ES,close_location_60,30,Q,1281,0.014368376650780732,-0.0353737630524161,0.06797842014507717,0.012472688044193903,-0.036443641940493945,0.06544013378072891,0.6649371289799579,False,0.49999999999999994,0.5067945643485212,0.5220125786163522,0.5209424083769634,0.5210526315789473,0.013619399783559256,-0.042700428141738675,0.08773261217148087,0.013015010754032781
ES,signed_path_eff_5,5,R,1281,-0.025470288650168784,-0.07758792904772654,0.028270926764213687,-0.007791981120884068,-0.06027247337310278,0.04478001191129132,0.7867267874941126,False,-0.49999999999999994,0.5008576329331046,0.5024077046548957,0.5013404825737265,0.5163043478260869,-0.3189680350018573,-0.9588279276201062,0.288873746338614,-0.007474963768063111
ES,signed_path_eff_5,5,Q,1281,-0.015655026818017715,-0.06582525330776297,0.037635839810096744,-0.020042282683341878,-0.0721608576209938,0.032277178091306966,0.48642019935075265,False,-0.7999999999999999,0.48240343347639486,0.47611464968152867,0.48936170212765956,0.5080213903743316,-0.029721026456618088,-0.09954222105391676,0.036561555469982986,-0.019638154925798203
ES,signed_path_eff_5,10,R,1281,0.012387041205501746,-0.0448987775405971,0.07052877114999635,0.02126727714192697,-0.029543381061543205,0.07731849293888722,0.4601699943154878,False,0.09999999999999999,0.5077186963979416,0.5229793977812995,0.525065963060686,0.5445026178010471,-0.03822444402226464,-0.9043734776715712,0.7954012744316877,0.022236045880211646
ES,signed_path_eff_5,10,Q,1281,0.0044013614715932665,-0.04764170116984223,0.05979877229875656,0.002552553623154455,-0.04979613000076214,0.05719121228451986,0.9293747387469429,False,0.19999999999999998,0.502127659574468,0.5007898894154819,0.5118110236220472,0.5130890052356021,-0.006555468725867361,-0.07660405520709752,0.06336980154450213,0.003185416030131591
ES,signed_path_eff_5,15,R,1281,-0.017157384021416467,-0.07344918338266165,0.04242166888611133,-0.0034582644693897987,-0.05831822595528752,0.05387286584567053,0.9044193923335488,False,-0.6,0.5106928999144568,0.5229793977812995,0.5277044854881267,0.5473684210526316,-0.5781346142394951,-1.5766542871887645,0.30359709017288233,-0.0027652098138037672
ES,signed_path_eff_5,15,Q,1281,0.006054063739739645,-0.04595591121757329,0.06233771506859224,0.0036902930698555973,-0.04758362575860473,0.06148043444872252,0.8980403754833624,False,0.49999999999999994,0.49829351535836175,0.5031545741324921,0.5144356955380578,0.5105263157894737,-0.008435486233086511,-0.08099939943643755,0.055668691976142895,0.004528113627129647
ES,signed_path_eff_5,30,R,1281,0.014325247920337819,-0.03734807552790806,0.0714018170350453,0.010626256231352533,-0.046865416935920445,0.06940346725739563,0.7121386433032306,False,0.19999999999999998,0.5089361702127659,0.5189873417721519,0.4921052631578947,0.49214659685863876,-0.1820300736955825,-1.3991944950902693,0.9639010738175103,0.011911913582502981
ES,signed_path_eff_5,30,Q,1281,0.01213202750671806,-0.042710560266142,0.06811860608861331,0.010330467918964125,-0.04512803921366294,0.06731910042522811,0.719809294625033,False,0.0,0.5055225148683092,0.5173501577287066,0.5184210526315789,0.5291005291005291,-0.007347227210522649,-0.07423975792491047,0.05577825633105298,0.011738705193035907
ES,signed_path_eff_10,5,R,1283,-0.011754264416161274,-0.06510066597895424,0.03922280133962642,0.008250796028339969,-0.0447034286264017,0.06700046877829796,0.7743268385993023,False,-0.49999999999999994,0.5029736618521665,0.505564387917329,0.506631299734748,0.5212765957446809,-0.28923761223811106,-0.8398493792262498,0.3785777629974501,0.006825504561372859
ES,signed_path_eff_10,5,Q,1283,-0.004753356584812638,-0.06106971158303032,0.047680970195398006,-0.011893361631462327,-0.06973980525130594,0.03879368220262262,0.6793786383834963,False,-0.6,0.4898132427843803,0.4802527646129542,0.47368421052631576,0.5212765957446809,-0.024292780033803845,-0.08634338756348796,0.05299384190965186,-0.013510536825503622
ES,signed_path_eff_10,10,R,1283,0.01549089556099974,-0.039673282394703635,0.0690817002820206,0.020906863309137536,-0.03460440681114372,0.07852313646852652,0.46746197905212616,False,-0.19999999999999998,0.5169491525423728,0.5181674565560821,0.5105820105820106,0.5478723404255319,0.12974448509034475,-0.7901006678860437,1.1420158519011185,0.01928569820711259
ES,signed_path_eff_10,10,Q,1283,0.025519743416098372,-0.02476873611959427,0.0854454609909737,0.019737488614126886,-0.03189112132882009,0.07979958420287782,0.49273678043290925,False,0.49999999999999994,0.5227272727272727,0.5141509433962265,0.49476439790575916,0.5368421052631579,0.015953097638480865,-0.04555384339504044,0.09350288751922893,0.017985790106248865
ES,signed_path_eff_10,15,R,1283,-0.01272371086238496,-0.0636302489186574,0.0423162946536293,0.0013270390563565608,-0.04938980367010387,0.057808691187184846,0.9632191152563285,False,-0.09999999999999999,0.5223628691983122,0.5197472353870458,0.5052356020942408,0.5392670157068062,-0.19346524775523777,-1.1796516115175701,0.9563167886043654,-6.747503525517217e-05
ES,signed_path_eff_10,15,Q,1283,0.026259301774166355,-0.023867732334046148,0.08609514096110191,0.020869967982880377,-0.028519026067432965,0.08424125684401333,0.46824831524652866,False,0.49999999999999994,0.521079258010118,0.5204402515723271,0.49214659685863876,0.5473684210526316,0.01704696119325173,-0.04633377431708002,0.09170483888844662,0.019069047168291508
ES,signed_path_eff_10,30,R,1283,0.016216658190257957,-0.03180420874318832,0.06829887418621838,0.016296476893803646,-0.03196129616821415,0.06984600672089789,0.5711564772232436,False,0.49999999999999994,0.5138539042821159,0.5205047318611987,0.5171503957783641,0.5052631578947369,0.49894828732956437,-0.9488423885932823,1.7891838487972502,0.014973739112288317
ES,signed_path_eff_10,30,Q,1283,0.03285072435303972,-0.013294683585193992,0.08891424962890121,0.026243124221852314,-0.021273559364035893,0.08587631229690476,0.36168859379245033,False,0.49999999999999994,0.5210084033613446,0.5219435736677116,0.5026178010471204,0.5368421052631579,0.024475433728124982,-0.04011429465356391,0.0993007775895817,0.024521995505045024
ES,signed_path_eff_15,5,R,1283,-0.023668671384604312,-0.07732202355595628,0.030357879010091376,0.003008075867339276,-0.05185982671398105,0.062144457148269536,0.9167485334601295,False,-0.3,0.5198347107438016,0.5,0.5159574468085106,0.5106382978723404,-0.07368430766148062,-0.7226634613103007,0.5753166467608959,0.001198331871735774
ES,signed_path_eff_15,5,Q,1283,-0.01198729252840959,-0.06931908554266977,0.044161168092046246,-0.015160268788107091,-0.06908954894007674,0.039039191297372565,0.5982933396267094,False,-0.3,0.4925496688741722,0.4762658227848101,0.5013192612137203,0.5157894736842106,-0.008532996577143438,-0.07045650951823289,0.05425349307555413,-0.017132494592603534
ES,signed_path_eff_15,10,R,1283,0.0028973856103483757,-0.054676688185147156,0.06268639002737098,0.00899506114112786,-0.04144857305105302,0.06578444745725301,0.7545961115400832,False,-0.39999999999999997,0.5119933829611248,0.4984076433121019,0.5119363395225465,0.5132275132275133,0.12004234260599494,-0.7295094974254324,1.0204641373155414,0.006973212542549588
ES,signed_path_eff_15,10,Q,1283,0.009630509283244486,-0.04278805684937171,0.07045670428412039,0.006524832922449653,-0.045356576685249526,0.0642868854896282,0.8206261372959862,False,-0.09999999999999999,0.5069843878389483,0.5039370078740157,0.5104712041884817,0.5157894736842106,0.01065715020966354,-0.048615246334189906,0.0699688907446874,0.004413978702400801
ES,signed_path_eff_15,15,R,1283,-0.01903746168787077,-0.07166526660642586,0.03516950334318548,-0.002878591945938479,-0.0558343898805962,0.05512700034869156,0.9203199434990421,False,-0.7,0.5165016501650165,0.5007874015748032,0.49604221635883905,0.49473684210526314,-0.08282184730823887,-1.0346732487535824,0.8720509963431385,-0.0045309446866125275
ES,signed_path_eff_15,15,Q,1283,0.009630676169680503,-0.04230755564438875,0.06699962326078755,0.009536536802359543,-0.041887937258570214,0.06770654108392044,0.740340403434314,False,-0.3,0.5164744645799012,0.5110062893081762,0.5157068062827225,0.5078534031413613,0.01877527500223316,-0.04307879156871181,0.07542204160203453,0.0074220037417268535
ES,signed_path_eff_15,30,R,1283,0.008888045560993707,-0.04044687944245734,0.06465029588847361,0.009096932776272621,-0.03996606421874324,0.06204662062947526,0.7519075347664508,False,0.49999999999999994,0.5077932731747334,0.5086614173228347,0.5196850393700787,0.5026178010471204,0.33163475152061633,-0.9655273908676015,1.524476320042603,0.009847753907990133
ES,signed_path_eff_15,30,Q,1283,0.013771814656360765,-0.036094511984687376,0.0755185809059437,0.012619808180009497,-0.036444799004359,0.07362583100857287,0.6609812315526509,False,-0.39999999999999997,0.5188524590163934,0.49447077409162715,0.49736842105263157,0.4787234042553192,0.024873762637643466,-0.04359567287759202,0.08298168773590904,0.011514389577066665
ES,signed_path_eff_30,5,R,1283,-0.02683169473500806,-0.07713457681782111,0.02941160968490369,-0.010084586503821451,-0.06237408690421741,0.047060957160995315,0.7260017305599336,False,-0.8999999999999998,0.5106907894736842,0.5095541401273885,0.49866666666666665,0.526595744680851,-0.2374384236453202,-0.8923286124794745,0.42672550629447165,-0.011133482087613559
ES,signed_path_eff_30,5,Q,1283,-0.0037108946146756283,-0.05436714654406176,0.04742046623207022,-0.014487096162314046,-0.06720360576510995,0.038727022283785814,0.6146418668958542,False,-0.9999999999999999,0.5045267489711934,0.508716323296355,0.4894179894179894,0.5425531914893617,-0.014635915118342988,-0.08014641767031958,0.05365070898066007,-0.01452101750524861
ES,signed_path_eff_30,10,R,1283,-0.020603661439027747,-0.07603514072034807,0.04385841637052976,-0.025190566133059113,-0.07564627327234737,0.02716681047162743,0.3812737132555153,False,-0.8999999999999998,0.5069729286300246,0.48966613672496023,0.5092838196286472,0.5508021390374331,-0.4370689655172414,-1.3123850574712643,0.4758781472359052,-0.026594586649349328
ES,signed_path_eff_30,10,Q,1283,0.013986670319395506,-0.03443564933207239,0.0666494873002588,-0.0004943506018722089,-0.05132930035841691,0.05363193889164899,0.9862941537260934,False,-0.3,0.5146818923327896,0.5071315372424723,0.5118733509234829,0.5578947368421052,0.007319499700467437,-0.0541288907108412,0.07866692795310219,-0.0010445885761284936
ES,signed_path_eff_30,15,R,1283,-0.016518174174431206,-0.06784924616068105,0.042715430346161945,-0.00862780717263806,-0.05886988321502903,0.05126641282597622,0.76431305858698,False,-0.8999999999999998,0.5118949958982772,0.5166402535657686,0.525065963060686,0.5340314136125655,-0.3972632731253421,-1.4722807197591679,0.5915749863163648,-0.009437579818022755
ES,signed_path_eff_30,15,Q,1283,0.015212016799541872,-0.032565667573260675,0.06719410644001353,0.0013556556166599463,-0.050275599182851724,0.056330230493941966,0.9624265436209063,False,0.0,0.5110565110565111,0.5079113924050633,0.5210526315789473,0.5684210526315789,0.006335711853485661,-0.05438627612192141,0.07746497536878161,0.0008019634942000302
ES,signed_path_eff_30,30,R,1283,-0.02657235908107939,-0.07718549731622283,0.030680223381768106,-0.03301700531166964,-0.08291875167800428,0.02158562756265755,0.25107143841627577,False,-0.7,0.5004074979625102,0.48589341692789967,0.4738219895287958,0.5185185185185185,-0.3321428571428572,-1.6953981937602627,0.899509099616857,-0.03314232302094035
ES,signed_path_eff_30,30,Q,1283,0.011646108488821172,-0.03675208372188379,0.06380276053352774,-0.0006876334792986843,-0.04981727143933704,0.05350960972414005,0.9809362704427951,False,-0.09999999999999999,0.5101874490627547,0.5102040816326531,0.5118110236220472,0.5445026178010471,0.006431629922902984,-0.06603895273919538,0.07882240221563303,-0.0013367386184319082
ES,signed_path_eff_60,5,R,1281,-0.04188754119291739,-0.10084681208272359,0.019656077998311115,-0.003475841958062266,-0.054690849825814875,0.05685516839351441,0.9039359245438463,False,-0.7,0.5085158150851582,0.49201277955271566,0.48812664907651715,0.5026455026455027,-0.017375048597121034,-0.685694885184568,0.6224326677421144,-0.001180808250498419
ES,signed_path_eff_60,5,Q,1281,0.024972580123356566,-0.02555286988943854,0.07980467747917847,0.02629646770794851,-0.024997786342776898,0.08107885725979057,0.36108855548637564,False,0.49999999999999994,0.5162074554294975,0.5047619047619047,0.5264550264550265,0.5291005291005291,0.0340828024105615,-0.036369215089648715,0.0958133913430867,0.027373431434555763
ES,signed_path_eff_60,10,R,1281,-0.0404280885935836,-0.10343806215728289,0.029148647133584765,-0.02612006469177114,-0.07953458105549063,0.03263068616357893,0.36432037466379485,False,-0.8999999999999998,0.486661277283751,0.5015974440894568,0.504,0.544973544973545,-0.5893877772560424,-1.5210502532099344,0.33785311804177487,-0.024108113163252735
ES,signed_path_eff_60,10,Q,1281,0.014752881606323962,-0.03805479623760324,0.0695903350700277,0.015397229057651732,-0.03399986747308292,0.07008360868899105,0.592875028564479,False,0.3,0.5120385232744783,0.5055292259083728,0.5158730158730159,0.5473684210526316,0.013808786268629582,-0.05189563287637539,0.07651591872955915,0.016642579892166453
ES,signed_path_eff_60,15,R,1281,-0.017846955793522683,-0.0773872495223844,0.04347304646846334,-0.012148160266083398,-0.06351540347809602,0.04525574606529369,0.673144207711442,False,-0.8999999999999998,0.49556093623890235,0.505564387917329,0.5013262599469496,0.5212765957446809,-0.4339640860964268,-1.4720462259602034,0.42843912989694855,-0.01019145155646146
ES,signed_path_eff_60,15,Q,1281,0.01159996083672179,-0.03935682997606602,0.06447094574326918,0.010513796635489727,-0.038733942657774655,0.06403523051836703,0.7150516722850515,False,0.09999999999999999,0.5024154589371981,0.49050632911392406,0.4947089947089947,0.5132275132275133,0.006097864461780343,-0.06386466707400766,0.0634152299851992,0.01186659144815902
ES,signed_path_eff_60,30,R,1281,-0.0030244517933183538,-0.05789974855816792,0.055426751039226875,-0.0076148313556584895,-0.057416716224511284,0.045022544686677934,0.7914624577678635,False,-0.39999999999999997,0.4887640449438202,0.5118110236220472,0.5209424083769634,0.5263157894736842,-0.45140098557485975,-1.6370225963990164,0.8781838687852487,-0.009698643998130358
ES,signed_path_eff_60,30,Q,1281,0.008474750862423204,-0.039964160580147,0.059955392497306546,0.003752451905692015,-0.04257058158515626,0.0588577703791526,0.8963325807166598,False,0.09999999999999999,0.49238171611868486,0.5039370078740157,0.5104712041884817,0.5157894736842106,-0.014792130798241515,-0.0758912101582925,0.036112375852463525,0.0039021084846752666
ES,relative_volume_5,5,R,1263,0.027613906749591303,-0.018860925416840563,0.0752633559609318,0.0065119777908685655,-0.04931976633254255,0.061283524327697965,0.8223541720211309,False,0.3,0.4826192400970089,0.4782608695652174,0.4786096256684492,0.4919786096256685,,,,0.005040148191812151
ES,relative_volume_5,5,Q,1263,0.0017567083868023463,-0.051659983591243706,0.05290616548314226,0.0207973028344961,-0.034713581932693416,0.07636543451308522,0.47328971821021604,False,0.7,0.5004035512510089,0.5095846645367412,0.496,0.48404255319148937,,,,0.01990163208520147
ES,relative_volume_5,10,R,1263,0.01514982398578189,-0.03871024547315268,0.06801226657112207,-0.011533400250519724,-0.06447846673382848,0.044370373219362214,0.6908828154816438,False,0.09999999999999999,0.508460918614021,0.5,0.4796747967479675,0.4810810810810811,,,,-0.012460123319598596
ES,relative_volume_5,10,Q,1263,0.013152714462985398,-0.04075275850242538,0.06376956373036526,0.02338807660792654,-0.036749143270125545,0.08398214456760109,0.419952808416838,False,0.7,0.4875900720576461,0.5015923566878981,0.5079787234042553,0.5240641711229946,,,,0.02229369048151028
ES,relative_volume_5,15,R,1263,-0.010582466905115662,-0.06430537540141316,0.037186096553873976,-0.011647848729698871,-0.06720918943640018,0.037571598204824946,0.6879757076588557,False,0.19999999999999998,0.5172968624296058,0.5096463022508039,0.5106382978723404,0.5187165775401069,,,,-0.011892714496176553
ES,relative_volume_5,15,Q,1263,0.008427961267411334,-0.044324425214258986,0.06065746979616528,0.011470626498702861,-0.04990998903046342,0.06861550843873017,0.6924792707286989,False,0.6,0.478330658105939,0.4935897435897436,0.4946524064171123,0.5080213903743316,,,,0.010380099231857056
ES,relative_volume_5,30,R,1263,0.0057998857555313305,-0.048169401896438535,0.05295181747295356,-0.005431930370319251,-0.06392773412213988,0.0463003142342641,0.8514413044123137,False,0.49999999999999994,0.508,0.49044585987261147,0.4947089947089947,0.4946808510638298,,,,-0.005125772012897362
ES,relative_volume_5,30,Q,1263,-0.006799505730436717,-0.058360163432701624,0.046414118314079364,-0.003562088252357721,-0.0598292301717614,0.051172009394983904,0.9022564087034948,False,0.19999999999999998,0.48521183053557154,0.4864433811802233,0.48677248677248675,0.4787234042553192,,,,-0.004223018758366177
ES,relative_volume_10,5,R,1263,0.02865738953956371,-0.025043630203613672,0.08822627393095941,-0.004070466413390301,-0.057958071747210724,0.04709100890584485,0.8883920146939364,False,0.09999999999999999,0.4826192400970089,0.4806451612903226,0.4693333333333333,0.48663101604278075,,,,-0.005571334850862787
ES,relative_volume_10,5,Q,1263,0.0008707868989219643,-0.0569737038242055,0.051288265133553175,0.012097891628544457,-0.043995028193433726,0.06879249886007602,0.6765890878256418,False,0.09999999999999999,0.5004035512510089,0.5032051282051282,0.4826666666666667,0.4787234042553192,,,,0.011173688131027166
ES,relative_volume_10,10,R,1263,0.010689149859299028,-0.05282731358002339,0.0817001603883065,-0.015623067836244441,-0.06984368193565155,0.03946378744376814,0.5901049841101591,False,-0.3,0.508460918614021,0.5,0.4743935309973046,0.4891304347826087,,,,-0.016561403229374435
ES,relative_volume_10,10,Q,1263,0.01191094724657739,-0.045890476834463345,0.05884709075866412,0.019868571417756224,-0.04317190975440335,0.074327278153707,0.493278658959035,False,0.09999999999999999,0.4875900720576461,0.5079617834394905,0.48936170212765956,0.5106382978723404,,,,0.018762232889834404
ES,relative_volume_10,15,R,1263,-0.012714137620029398,-0.07176572085477538,0.04281733383248883,-0.017442650762423153,-0.0719007570686454,0.030948643924321957,0.5475501292428264,False,-0.8999999999999998,0.5172968624296058,0.5144230769230769,0.49866666666666665,0.5401069518716578,,,,-0.017699666771597317
ES,relative_volume_10,15,Q,1263,0.006048527472294185,-0.04927900990979457,0.05729264175817296,0.007787904197779569,-0.05351285841647255,0.05928640438825404,0.7883061807566893,False,0.09999999999999999,0.478330658105939,0.5016025641025641,0.4786096256684492,0.4972972972972973,,,,0.006683633164727508
ES,relative_volume_10,30,R,1263,0.007012706343680979,-0.04992072495447551,0.06291281230960301,-0.013550448524353487,-0.06999775375010722,0.04074507072169545,0.6403492826581907,False,-0.3,0.508,0.4936507936507937,0.4973544973544973,0.5106382978723404,,,,-0.013252495796449281
ES,relative_volume_10,30,Q,1263,-0.006399244293672537,-0.05927250899084208,0.04338805895234876,-0.009073661778897351,-0.06640323169376124,0.04449300271987805,0.7543997235090862,False,-0.19999999999999998,0.48521183053557154,0.482484076433121,0.47480106100795755,0.4919786096256685,,,,-0.009755836406263192
ES,relative_volume_15,5,R,1263,0.02882254876703784,-0.0311913845918528,0.10374149740353034,-0.008050881779040411,-0.06658410949098167,0.04162165695882977,0.7813362581263397,False,0.3,0.4826192400970089,0.482258064516129,0.46236559139784944,0.47593582887700536,,,,-0.00956605928229812
ES,relative_volume_15,5,Q,1263,-0.007742803078209653,-0.06337255341453621,0.0445461714404363,0.006325655416119835,-0.0494386036979629,0.061953591746364084,0.8273558936167063,False,0.09999999999999999,0.5004035512510089,0.496,0.47733333333333333,0.4521276595744681,,,,0.005392546518777744
ES,relative_volume_15,10,R,1263,0.01743886732920479,-0.052448836851707335,0.09984020281927461,-0.017658117621355728,-0.0726290048163072,0.035457962094500584,0.5426131067013282,False,-0.39999999999999997,0.508460918614021,0.4927302100161551,0.47282608695652173,0.5027027027027027,,,,-0.01859675307943364
ES,relative_volume_15,10,Q,1263,0.007195528280842642,-0.04844694312362348,0.056105081818734893,0.01591161631400762,-0.04461919206479534,0.06698584012207644,0.5832561493083497,False,0.49999999999999994,0.4875900720576461,0.5,0.4920212765957447,0.5,,,,0.014799338749429122
ES,relative_volume_15,15,R,1263,-0.004836099405883916,-0.06866514431122445,0.05998100530802691,-0.014531885877760177,-0.06960210164567515,0.033312997027215886,0.6163328282413341,False,-0.6,0.5172968624296058,0.5096153846153846,0.49865951742627346,0.5401069518716578,,,,-0.014790678024784664
ES,relative_volume_15,15,Q,1263,0.004865036528295894,-0.05141774798011344,0.05447147347921466,0.00790276172196886,-0.05096416066078689,0.05532727056110118,0.7852598947614666,False,0.49999999999999994,0.478330658105939,0.4928,0.47989276139410186,0.4918918918918919,,,,0.006799340089101863
ES,relative_volume_15,30,R,1263,0.01111753649446491,-0.05097468930273755,0.07069271999826954,-0.00949855315628526,-0.06817436775896757,0.0441795962951353,0.7432945590085414,False,0.09999999999999999,0.508,0.5,0.4947089947089947,0.5053191489361702,,,,-0.009193426808553519
ES,relative_volume_15,30,Q,1263,-0.0025513371084494346,-0.05730892417554645,0.048632667230260426,-0.0060811693321436945,-0.06138303529894498,0.04603241543484908,0.8339295769864921,False,-0.7,0.48521183053557154,0.47929936305732485,0.47480106100795755,0.48663101604278075,,,,-0.006762135325334417
ES,relative_volume_30,5,R,1263,0.019052913293986475,-0.04627490593569696,0.09529712111414579,-0.001609570515067489,-0.058800594748493334,0.04990102999904317,0.9557452465362419,False,0.19999999999999998,0.4826192400970089,0.4830917874396135,0.4666666666666667,0.44919786096256686,,,,9.966115933864718e-06
ES,relative_volume_30,5,Q,1263,-0.02154238453367495,-0.07572594892465875,0.02547392397903555,0.0035082285260625815,-0.05540589486553114,0.053175882634451964,0.90372708159721,False,-0.09999999999999999,0.5004035512510089,0.5016025641025641,0.4734042553191489,0.44148936170212766,,,,0.0045232109613018556
ES,relative_volume_30,10,R,1263,0.023963542955857432,-0.04267112718022554,0.10507387350124227,-0.01548322949593376,-0.07026591777768407,0.03918804380335458,0.5934373632160284,False,-0.49999999999999994,0.508460918614021,0.4975767366720517,0.48525469168900803,0.478494623655914,,,,-0.016512611971074145
ES,relative_volume_30,10,Q,1263,-0.0058491942147540785,-0.061587064178286716,0.03895675439402419,0.011486560289372064,-0.0478690951563858,0.06264610355851549,0.6920739147825425,False,-0.09999999999999999,0.4875900720576461,0.4968152866242038,0.47480106100795755,0.4603174603174603,,,,0.0120247370911307
ES,relative_volume_30,15,R,1263,0.005067271608320245,-0.05975453000638146,0.06487218108029066,-0.012213011991825297,-0.06867532221863445,0.03232203667834814,0.6736880963973435,False,-0.6,0.5172968624296058,0.5048076923076923,0.5093333333333333,0.5240641711229946,,,,-0.012863098982697118
ES,relative_volume_30,15,Q,1263,-0.0053144313572167515,-0.05856363839335832,0.041391872454428484,0.0011749823170344982,-0.060228843791754125,0.051399160928641996,0.9676864137260215,False,-0.09999999999999999,0.478330658105939,0.4951923076923077,0.48,0.46774193548387094,,,,0.001570727433644055
ES,relative_volume_30,30,R,1263,0.016351967466844836,-0.051564936749672524,0.08283636002746779,-0.008527868893730198,-0.0685087197603772,0.044652764647435936,0.7687392529502404,False,-0.3,0.508,0.4888888888888889,0.5119363395225465,0.4946808510638298,,,,-0.009498855873910172
ES,relative_volume_30,30,Q,1263,-0.007750714768233163,-0.06269938719136457,0.04331472686866035,-0.009690708018312403,-0.06920209074088428,0.040843481293423134,0.738289605989797,False,-0.3,0.48521183053557154,0.47527910685805425,0.4734042553191489,0.5026737967914439,,,,-0.009975843277609966
ES,relative_volume_60,5,R,1261,0.009549856580938041,-0.06073971614143965,0.07811976398887095,0.006952387499067665,-0.05204552799464334,0.06204404385724457,0.8107081315699001,False,0.3,0.4825910931174089,0.482258064516129,0.4625668449197861,0.46524064171123,,,,0.0045857511165376345
ES,relative_volume_60,5,Q,1261,-0.007639877357103233,-0.06523903604222145,0.042405905560127924,0.010418792094243306,-0.047219784818001105,0.06246809421692234,0.7196408306407172,False,0.49999999999999994,0.5004042037186742,0.5024154589371981,0.4679144385026738,0.45454545454545453,,,,0.009103492448634296
ES,relative_volume_60,10,R,1261,0.01665961194225431,-0.055214436848574446,0.0954775801191358,0.002577123484040634,-0.055287574299636155,0.057683823072291175,0.9292553818486953,False,0.3,0.5076674737691687,0.4991922455573506,0.4838709677419355,0.5081081081081081,,,,0.00020173362735245563
ES,relative_volume_60,10,Q,1261,0.013225254673738675,-0.04485214824484956,0.060744165201546574,0.028486043975658775,-0.029742090620470008,0.08219976351317188,0.32629417375830805,False,0.49999999999999994,0.4867682437850842,0.4968051118210863,0.46153846153846156,0.48148148148148145,,,,0.026975287568734435
ES,relative_volume_60,15,R,1261,0.015274038056507238,-0.055406685858047165,0.08562197929017525,0.007578906460661616,-0.05132909950555065,0.06202365357121803,0.79401753423553,False,0.09999999999999999,0.5169082125603864,0.5192926045016077,0.5,0.5376344086021505,,,,0.005297207790953813
ES,relative_volume_60,15,Q,1261,0.01574978355599502,-0.04398491699801492,0.06421431114324011,0.01878525518695487,-0.041064368436772296,0.07230288639128216,0.5174860479396499,False,0.49999999999999994,0.477491961414791,0.4943820224719101,0.4732620320855615,0.5080213903743316,,,,0.017272000050188547
ES,relative_volume_60,30,R,1261,0.03297939068360005,-0.03314266611928808,0.10461350494780296,0.0036033290144419122,-0.04923020122135813,0.05965108396708329,0.9012086268894706,False,0.3,0.5072115384615384,0.4992,0.4946524064171123,0.5319148936170213,,,,0.005577436713320553
ES,relative_volume_60,30,Q,1261,0.018967595523212297,-0.04145358374790351,0.06724176127779485,0.00545615853307268,-0.05455225067381829,0.05414533627455106,0.850903514960206,False,0.19999999999999998,0.4843875100080064,0.48314606741573035,0.47043010752688175,0.510752688172043,,,,0.0046685296315571185
ES,return_acceleration_5,5,R,1283,-0.00809830701074876,-0.09857630091235338,0.09219164687933822,-0.01627236561655543,-0.07613894125348755,0.03990838917095925,0.5717262218921253,False,-0.8999999999999998,0.4954204829308909,0.4936708860759494,0.4921052631578947,0.4708994708994709,-0.2562386323760644,-0.9198290369630263,0.399971873920159,-0.01864337205123968
ES,return_acceleration_5,5,Q,1283,-0.02292237343834948,-0.07350608227776764,0.02921876196664354,-0.03190478847071808,-0.08741064380325295,0.024067195161898272,0.2674039652457716,False,-0.7,0.488759367194005,0.4818897637795276,0.4712041884816754,0.45789473684210524,-0.030878390027108793,-0.1009528699186434,0.03360429390340343,-0.03237976550718956
ES,return_acceleration_5,10,R,1283,0.05837428657094098,-0.038855753218181736,0.17895276632196927,0.01076190817419625,-0.052585115267237824,0.06639122979717368,0.7084129658676801,False,0.09999999999999999,0.49168053244592347,0.5103011093502378,0.5209424083769634,0.49473684210526314,0.010032974480270226,-0.8513496332894924,0.8423244597783665,0.00844346187637719
ES,return_acceleration_5,10,Q,1283,-0.005437108338674578,-0.05608334440724323,0.04497551834655415,-0.01780053131761918,-0.07823617651646413,0.03569025599387523,0.5361602117323545,False,-0.7999999999999999,0.4838709677419355,0.5039123630672926,0.5039164490861618,0.4816753926701571,-0.030609064871465582,-0.10173889023752054,0.030751747295863573,-0.01891782985786131
ES,return_acceleration_5,15,R,1283,0.0070075521021230385,-0.09039935664759625,0.12811436465539816,-0.01676889345335818,-0.07152628773402733,0.04034522877004744,0.5600481585961774,False,-0.39999999999999997,0.4975124378109453,0.5165876777251185,0.49868073878627966,0.5,-0.4176233998269576,-1.375315062319357,0.6429433172434292,-0.019151919415364878
ES,return_acceleration_5,15,Q,1283,-0.010419898998574805,-0.058413318040313314,0.04131573216747201,-0.02260505136508618,-0.07787243278843428,0.02990342285402461,0.43206999241469246,False,-0.8999999999999998,0.4817880794701987,0.5015723270440252,0.5,0.48677248677248675,-0.03777528913704131,-0.10856638242040498,0.025737031829303095,-0.02389337331323997
ES,return_acceleration_5,30,R,1283,0.052109395156932165,-0.050333144932973424,0.16868422319993695,0.0010196246456357701,-0.06469365385610017,0.0570570742135808,0.9717354726990934,False,-0.3,0.5020644095788604,0.5117370892018779,0.5208333333333334,0.5416666666666666,-0.33149263766376746,-1.5317444330451973,0.9921535268764776,-0.0013216218720039313
ES,return_acceleration_5,30,Q,1283,0.0014570969857271012,-0.052276636421951156,0.056859807601496136,-0.01607077927970995,-0.07509093261996773,0.0350579355029581,0.5765001919347295,False,-0.6,0.49093904448105435,0.5156739811912225,0.5065274151436031,0.5235602094240838,-0.030639433401855272,-0.094600829825803,0.03222388074397091,-0.017610896845913677
ES,return_acceleration_10,5,R,1283,0.051619300739555674,-0.04855249079767997,0.14457996708355197,0.00897480250737692,-0.06526201148007174,0.069740515547705,0.7551311287877782,False,0.09999999999999999,0.49710982658959535,0.49763779527559054,0.5170603674540682,0.5526315789473685,-0.1318068303653147,-0.8273859699014148,0.6045513650270644,0.006652732883150938
ES,return_acceleration_10,5,Q,1283,0.0012248200379152926,-0.05092554216415929,0.04865556072913043,-0.020995630153316465,-0.08037200137150623,0.031981338274436895,0.4655731222095043,False,-0.6,0.48557295960428687,0.46825396825396826,0.48148148148148145,0.5343915343915344,-0.0203593644694118,-0.083265508006171,0.040698478104057904,-0.02232465407884675
ES,return_acceleration_10,10,R,1283,0.04535486054853516,-0.06448100617427335,0.1448685572524547,0.029515988224056926,-0.03713240954309941,0.0905792915926632,0.30490474018710545,False,0.09999999999999999,0.500823723228995,0.5213946117274167,0.5328083989501312,0.5421052631578948,-0.13371250751810884,-1.0456245260322692,0.807266905938652,0.02725332372542346
ES,return_acceleration_10,10,Q,1283,0.02972494460831745,-0.026113538154028077,0.07887760916009537,0.011471180376767148,-0.04637889679393704,0.06703958385021566,0.6901596085187798,False,0.3,0.5118560915780866,0.5226917057902973,0.5366492146596858,0.578125,0.0007329845847467688,-0.061793571197719714,0.05923252253028807,0.009976472246288979
ES,return_acceleration_10,15,R,1283,-0.030702222360798104,-0.1411249517287594,0.06796349377602942,-0.00251293923359275,-0.062297989514369864,0.059798458929737806,0.9304137647208814,False,-0.39999999999999997,0.5024630541871922,0.5157728706624606,0.5118733509234829,0.49206349206349204,-0.49248189116393404,-1.4802307895975522,0.7001520619230651,-0.004715997413339655
ES,return_acceleration_10,15,Q,1283,0.02855785942930322,-0.026753042875961107,0.0818854601578364,0.01604812063674422,-0.04246754790379321,0.07309377821604408,0.5770379655013387,False,0.3,0.5131147540983606,0.5267295597484277,0.5263157894736842,0.5497382198952879,0.009081512667305332,-0.05710443615103548,0.07360325890341109,0.014575551570934963
ES,return_acceleration_10,30,R,1283,0.020582859621314925,-0.07783912349983255,0.1213045009586371,0.041586767672523776,-0.016666896849308607,0.10044680324730754,0.14818702804214023,False,0.6,0.5196078431372549,0.5251572327044025,0.5170603674540682,0.5,0.2649250804110771,-1.0274015944928219,1.5085450988467861,0.04345360708234207
ES,return_acceleration_10,30,Q,1283,0.03489845970518592,-0.014061424159636671,0.08633531289073483,0.028697526818501504,-0.029385271105632552,0.08702406164220143,0.31851866280014507,False,0.39999999999999997,0.5216326530612245,0.5353218210361067,0.5483028720626631,0.5421052631578948,0.02242228894873065,-0.040369922371436516,0.08688961862792557,0.027918341902416037
ES,return_acceleration_15,5,R,1283,0.02962258873481709,-0.06421928081420097,0.11469379185768726,0.0033152662562924945,-0.06176408133152819,0.07023254029735111,0.9082824825064515,False,-0.09999999999999999,0.5,0.5047169811320755,0.5130890052356021,0.5130890052356021,-0.08291171749598716,-0.6507680738362761,0.5550323756019261,0.0009918083167506436
ES,return_acceleration_15,5,Q,1283,0.0015859912307768433,-0.054394890322740315,0.05333516092123131,-0.02614075935897642,-0.08307905012233235,0.03026915474891109,0.3635652044441353,False,-0.3,0.47751430907604253,0.46984126984126984,0.47883597883597884,0.5210526315789473,-0.04214801516373312,-0.10626150489573714,0.017427138535879454,-0.027462384755267213
ES,return_acceleration_15,10,R,1283,0.07078879045676766,-0.02710896758065897,0.16302021071308034,0.030632172159938967,-0.0345134755373868,0.09317461413595868,0.286969001616727,False,0.8999999999999998,0.508557457212714,0.5126182965299685,0.5052356020942408,0.5078534031413613,0.494152808988764,-0.2718698073836276,1.4117389245585865,0.028480192834477037
ES,return_acceleration_15,10,Q,1283,0.02574645809217948,-0.03366574985832385,0.07901091377092419,-0.000785356887169011,-0.05593791508032798,0.05909407280832746,0.9782276477525531,False,-0.09999999999999999,0.5028386050283861,0.5007824726134585,0.5065274151436031,0.5340314136125655,-0.008957107925722846,-0.07333184607080921,0.04821785948236048,-0.002104343445354211
ES,return_acceleration_15,15,R,1283,0.018882942615914056,-0.07976161648220426,0.10689433320645103,-0.00846970548175664,-0.07276435572517684,0.05032269834409263,0.7685077102554492,False,-0.09999999999999999,0.49104234527687296,0.4810725552050473,0.48556430446194226,0.4973544973544973,0.030035955056179776,-0.9895491492776886,0.9250997913322612,-0.009603631838195546
ES,return_acceleration_15,15,Q,1283,0.020208853787029673,-0.03798170757981233,0.07235128281870332,-0.0030017146019320007,-0.05653866001364637,0.0568642873592782,0.9169239505443911,False,-0.09999999999999999,0.510569105691057,0.5007849293563579,0.5104712041884817,0.5340314136125655,-0.012841973596655499,-0.07834939994587559,0.04743160322466017,-0.004331813179514349
ES,return_acceleration_15,30,R,1283,0.08676395967512227,0.01270039711072902,0.16348000432117082,0.05958990662025765,0.0006281990710489638,0.11993452537615648,0.03815437947560962,False,0.49999999999999994,0.5246963562753036,0.5283018867924528,0.5390625,0.53125,1.0221964686998395,-0.08585215088282498,2.2340541091492767,0.057860579394194304
ES,return_acceleration_15,30,Q,1283,0.038341228578651694,-0.022023009251219812,0.08597220839142632,0.013796532700822652,-0.04180869865980818,0.06858401271684142,0.631613629682652,False,0.3,0.4975728155339806,0.49291338582677163,0.5065616797900262,0.5157894736842106,0.0029354191948662038,-0.061470918397162184,0.06415690651641708,0.012523605682982844
ES,return_acceleration_30,5,R,1281,0.07502065180985942,-0.014672804552607352,0.1502436622739547,0.028347071962864682,-0.037077615552721384,0.08309902055119509,0.32484594956575163,False,0.6,0.5114566284779051,0.5142857142857142,0.5210526315789473,0.5157894736842106,0.3893331466979666,-0.17722689488405063,1.0262832572665792,0.02666423624241035
ES,return_acceleration_30,5,Q,1281,0.028575556000216662,-0.030205917072305567,0.07684123691126091,-0.025979297811947983,-0.07974170823765864,0.025307383656358085,0.36691222317866057,False,-0.3,0.4963205233033524,0.4792332268370607,0.4986737400530504,0.48148148148148145,-0.02216502403504298,-0.08808518511110622,0.04072409903248412,-0.027707604150451922
ES,return_acceleration_30,10,R,1281,0.06282981500867395,-0.029225413502672156,0.16166054766667257,0.02957864254845067,-0.033820570606444285,0.09219900516862281,0.30425678836393044,False,0.3,0.5110204081632653,0.5134706814580031,0.5236842105263158,0.5185185185185185,0.44828637912834435,-0.3709461225218376,1.3712917939083233,0.03033795627617014
ES,return_acceleration_30,10,Q,1281,0.03234555489654279,-0.021936222824619756,0.08352869421276153,0.010200602025489187,-0.048440963512487605,0.06309452157055277,0.7231860667884242,False,0.09999999999999999,0.5150040551500406,0.5094339622641509,0.5157068062827225,0.4895833333333333,0.02000264003538786,-0.04582611916570294,0.0880536075279919,0.009847401251554384
ES,return_acceleration_30,15,R,1281,0.048840385652620714,-0.03912055977593778,0.13684046924914,0.008544007287333419,-0.04604825498769032,0.06486619695406273,0.7667127041906274,False,0.3,0.5203583061889251,0.5143312101910829,0.5413333333333333,0.5053191489361702,0.29481239293080025,-0.6981377503846143,1.2780105065866014,0.009065503961357892
ES,return_acceleration_30,15,Q,1281,0.034430256473135246,-0.015316902826085114,0.08016039396824946,0.012960222599008274,-0.046594292111406733,0.06355997164056025,0.6526829759953965,False,0.09999999999999999,0.5231519090170593,0.5220820189274448,0.544973544973545,0.5263157894736842,0.022021959887372104,-0.04371408833106681,0.08231050241370826,0.012576473556177619
ES,return_acceleration_30,30,R,1281,0.0022001873384565624,-0.08694853839855435,0.09730799290408663,-0.013744014964972441,-0.07251069147521204,0.042541062738108974,0.6331782231557832,False,-0.7,0.5012145748987854,0.4740973312401884,0.5078125,0.515625,0.10343623106143299,-1.2027688865573736,1.277241406211875,-0.012146777957421553
ES,return_acceleration_30,30,Q,1281,0.035093125964096236,-0.015010692465067636,0.08029209502673648,0.009300636147561167,-0.051080098686667,0.05718421322729305,0.7467317669124585,False,0.19999999999999998,0.5153721682847896,0.5023622047244094,0.5210526315789473,0.5105263157894737,0.018299378907229102,-0.04987979733087302,0.07298668282633161,0.008875703999827572
ES,return_acceleration_60,5,R,1278,-0.07247142310294605,-0.18192480683972267,0.036465876562022416,-0.007765419214458111,-0.06558211006711276,0.062386275459599655,0.7876800120466698,False,-0.09999999999999999,0.49756888168557534,0.49920760697305866,0.48031496062992124,0.484375,-0.16114384888601874,-0.7094318216217307,0.44679326767839794,-0.009970003699977855
ES,return_acceleration_60,5,Q,1278,-0.00915626749986872,-0.06276432584216918,0.049632418200513624,0.01769620424037684,-0.031410703479221716,0.0691572561079858,0.5393468081288577,False,0.3,0.511326860841424,0.5319488817891374,0.523936170212766,0.4973544973544973,0.013137449708973313,-0.04676965863698046,0.07185305977106082,0.015677583281229108
ES,return_acceleration_60,10,R,1278,-0.006851021795778133,-0.16256922029074383,0.17456755296232956,-0.014216553624968426,-0.07224565426995797,0.04659970245548549,0.6219493546858434,False,-0.8999999999999998,0.5109135004042037,0.5031847133757962,0.5052910052910053,0.44502617801047123,-0.33063246690345494,-1.0665327585163062,0.5745670583427503,-0.01660146032960814
ES,return_acceleration_60,10,Q,1278,-0.005297071969053798,-0.0650709452270493,0.056172097234699174,0.01812992227764681,-0.03106916010944085,0.07002379323578121,0.5294485642902538,False,0.49999999999999994,0.5132530120481927,0.5134281200631912,0.4973544973544973,0.4947916666666667,0.01950083836394471,-0.04366522387428442,0.07950400240096077,0.015963484158210996
ES,return_acceleration_60,15,R,1278,-0.015464636967568463,-0.15651886069854282,0.12520416478717047,-0.00871132420209923,-0.06693948072055231,0.054142487279733455,0.7625511224875112,False,-0.8999999999999998,0.5068493150684932,0.4968152866242038,0.5159574468085106,0.47593582887700536,-0.460977861640297,-1.355241463513077,0.7155794039594756,-0.01106343018526682
ES,return_acceleration_60,15,Q,1278,-0.011026750645043668,-0.06990371083901627,0.05318789196381494,0.008900485162613441,-0.04241868544534542,0.06499433459071662,0.7575547839880761,False,0.7999999999999999,0.5088566827697263,0.5,0.5026315789473684,0.4631578947368421,0.013510098992404431,-0.04965911268381612,0.07751775877565886,0.006737915413717488
ES,return_acceleration_60,30,R,1278,-0.010856754269073843,-0.10602299565590345,0.1000045706869566,-0.014068355576745021,-0.07649872192208883,0.05151517146828321,0.6255861900307926,False,-0.7,0.49719775820656525,0.48822605965463106,0.49869451697127937,0.5,-0.44143273732644495,-1.810719105686955,0.9664939104375199,-0.015439001164161454
ES,return_acceleration_60,30,Q,1278,-0.013043601954147785,-0.0746919590010032,0.05487334574693472,-0.0029344469893616476,-0.05886386642267236,0.0506453664765663,0.9189373969964261,False,0.19999999999999998,0.5016025641025641,0.49050632911392406,0.5,0.47643979057591623,-0.0057150332008722065,-0.07267183546716548,0.06252675718659277,-0.005083217193549748
ES,overnight_agrees_with_prior_rth,5,R,1242,-0.0005802461359872182,-0.05581763481009673,0.05622172944009444,-0.013685608569754686,-0.07220260369807163,0.0389643101793089,0.6398399954619833,False,,0.48914858096828046,0.4966887417218543,0.5138121546961326,0.5251396648044693,-0.007408912076633606,-0.6992751453985632,0.6292861839291821,-0.014126297057262769
ES,overnight_agrees_with_prior_rth,5,Q,1242,-0.009661578512359704,-0.06866309774706017,0.04900020097222983,-0.009459018792733555,-0.06891224733298514,0.049504578603713906,0.7463913448145525,False,,0.4920767306088407,0.49261083743842365,0.4890710382513661,0.47513812154696133,-0.011577292976069622,-0.08588924962763844,0.046392941702695416,-0.009906818755760887
ES,overnight_agrees_with_prior_rth,10,R,1242,0.03743532832976864,-0.015343730654075873,0.09213913977799144,0.003422842338372483,-0.04876024534072872,0.055595582624385576,0.9068418093128234,False,,0.5008319467554077,0.5106732348111659,0.5429362880886427,0.5193370165745856,0.6023990762914814,-0.21615688077317824,1.4688845738539171,0.0028621786759850144
ES,overnight_agrees_with_prior_rth,10,Q,1242,-0.0013482070209286938,-0.0603060072539833,0.05119578215789706,-0.0014150052075751634,-0.05931706702342797,0.0510978376188641,0.9614156013683393,False,,0.5045417010734929,0.5032679738562091,0.5095367847411444,0.5027624309392266,-0.0016731770262284579,-0.06896183720765808,0.060990949608558456,-0.002048854071174648
ES,overnight_agrees_with_prior_rth,15,R,1242,0.020963018468246414,-0.037168966257859516,0.07418907843622423,0.004921840213098257,-0.054798714678932915,0.055432634375763214,0.8663687271293536,False,,0.5054031587697423,0.5132013201320133,0.5361111111111111,0.5524861878453039,0.38139860588436536,-0.5257267255388299,1.438675616874786,0.004570743065608023
ES,overnight_agrees_with_prior_rth,15,Q,1242,-0.003567887863543072,-0.06060816642531003,0.053810206201318045,-0.0034185818729354244,-0.06025913966947931,0.05329885604567619,0.9069572383070963,False,,0.5053852526926264,0.5171849427168577,0.5367847411444142,0.5300546448087432,-0.004344939495113477,-0.07568590713147785,0.06311928086068726,-0.004083320853352603
ES,overnight_agrees_with_prior_rth,30,R,1242,0.015105324055470003,-0.045931723613486464,0.0663326511451699,0.004109602797478764,-0.05284926311310081,0.06411343337104577,0.8882627314876415,False,,0.4995871180842279,0.5122749590834698,0.5327868852459017,0.5737704918032787,0.3577018474170373,-0.8668921591686624,1.662170715018816,0.0034320541063402876
ES,overnight_agrees_with_prior_rth,30,Q,1242,-0.0002905679725750224,-0.057551328774514306,0.05757728321413174,-0.0011357700821411046,-0.059782688847159836,0.05657856035434042,0.9690255027980719,False,,0.5008250825082509,0.510569105691057,0.5340599455040872,0.5519125683060109,-0.00042955351849951725,-0.06815463977232981,0.0664261366665089,-0.0020574025859012293
ES,overnight_minus_priorrth_norm,5,R,1222,0.1359040088610572,0.043143592456879716,0.23444055538591324,0.03082624805183525,-0.023898939486134647,0.09799187084217409,0.2956994499865211,False,0.8999999999999998,0.49482758620689654,0.5159663865546219,0.5097493036211699,0.547486033519553,0.3164805080088504,-0.2926303865885203,1.009776584434604,0.02890276310616689
ES,overnight_minus_priorrth_norm,5,Q,1222,0.04039576691545597,-0.012629620480723957,0.09277151306868923,-0.007304875805940229,-0.05807947317030423,0.04620227519176465,0.8043473442449653,False,0.09999999999999999,0.49527085124677556,0.5167224080267558,0.5166666666666667,0.5303867403314917,-0.036801034725596274,-0.0966327583500254,0.023883880992404027,-0.00886632177970123
ES,overnight_minus_priorrth_norm,10,R,1222,0.07132156052082732,-0.02846860358260719,0.17633334797340017,0.030552964224901613,-0.02944445172233192,0.0951015697628184,0.3000043776018231,False,0.39999999999999997,0.4879725085910653,0.5008319467554077,0.4986072423398329,0.5384615384615384,0.23359530776600979,-0.6485695706841834,1.1555436149306721,0.028328003197889286
ES,overnight_minus_priorrth_norm,10,Q,1222,0.05337595993988971,0.00021583452819226036,0.11024458220009989,0.0035947856620465336,-0.048019414685298474,0.06496138723644687,0.9029737504534834,False,0.09999999999999999,0.5017035775127768,0.5412541254125413,0.5412087912087912,0.56353591160221,-0.028584205050489156,-0.09321263320883798,0.037408337968824715,0.0017472100271056668
ES,overnight_minus_priorrth_norm,15,R,1222,0.026084980519292034,-0.07167496421672276,0.13127666855569312,-0.011226783665020484,-0.07048279981995777,0.04640283196640147,0.7034000778250671,False,0.09999999999999999,0.4832904884318766,0.49916805324459235,0.4958217270194986,0.4943820224719101,-0.4938556133884616,-1.3854293266063018,0.4709878960906679,-0.013376266131805325
ES,overnight_minus_priorrth_norm,15,Q,1222,0.04238985382609109,-0.013280348410416622,0.10122691388750518,-0.00014601418554143367,-0.05406470765368694,0.06217586254543823,0.9960492253325122,False,0.0,0.5046968403074296,0.5256198347107438,0.521978021978022,0.5359116022099447,-0.02791347435101322,-0.09380718195205115,0.038628048855922525,-0.0019821920096976683
ES,overnight_minus_priorrth_norm,30,R,1222,0.04918343495658059,-0.04107002390027826,0.138241974272211,-0.02153284398741904,-0.07964068963785229,0.03318110533959292,0.4651902326386479,False,-0.39999999999999997,0.4782608695652174,0.49586776859504134,0.5,0.489010989010989,-0.7802335183410876,-2.0610926966534597,0.3891432745509315,-0.023877337197060103
ES,overnight_minus_priorrth_norm,30,Q,1222,0.03162173430278178,-0.023246697807871898,0.08394624639337168,-0.01600432836351195,-0.07055544489104795,0.03962811783485727,0.5872816115184143,False,-0.49999999999999994,0.48214285714285715,0.5024711696869851,0.5,0.521978021978022,-0.05182641448145068,-0.11747606916290913,0.014780473970964606,-0.017934538714437353
ES,above_below_prior_close,5,R,1242,-0.10331603596013136,-0.16135732811847295,-0.048751279737746234,-0.08145044955847726,-0.1377513527725764,-0.026681606422394925,0.005256682436724391,False,,0.4721991701244813,0.4917218543046358,0.509641873278237,0.48044692737430167,-1.192636894484541,-1.8302756891642626,-0.5637521683003217,-0.08186029048160502
ES,above_below_prior_close,5,Q,1242,-0.04754170942698813,-0.10491851624635586,0.008536407768886187,-0.045910283159620556,-0.10482495488368504,0.010291942899142028,0.1162482679795116,False,,0.472636815920398,0.5008210180623974,0.5109289617486339,0.4861878453038674,-0.05755253563362137,-0.12450928962759707,0.013923569765587285,-0.04631180037907535
ES,above_below_prior_close,10,R,1242,-0.09783176095634061,-0.1569420916188261,-0.043016070454347896,-0.0997721371159912,-0.15465868196997498,-0.042716593321475836,0.0006205555988048062,False,,0.4594370860927152,0.46875,0.49584487534626037,0.48066298342541436,-1.589769644063616,-2.4452088438502044,-0.7697529645725878,-0.10029586794874451
ES,above_below_prior_close,10,Q,1242,-0.0599163680108672,-0.11913717568579109,-0.004432389501697115,-0.05779106365669102,-0.11646893432433775,-0.003366985035704018,0.047928034161710986,False,,0.4675431388660641,0.486088379705401,0.5109289617486339,0.4722222222222222,-0.07327409874819105,-0.13270994211234607,-0.006995122574864313,-0.05842565876357085
ES,above_below_prior_close,15,R,1242,-0.03349999092848138,-0.09495825773391073,0.023409165102959137,-0.042984012513618775,-0.10061142124234863,0.017406055983267155,0.14143341311250768,False,,0.484297520661157,0.49834983498349833,0.5305555555555556,0.4972375690607735,-0.6207632685233841,-1.552362240876382,0.37406273794331124,-0.043269217173622816
ES,above_below_prior_close,15,Q,1242,-0.052246087333065246,-0.10763113683659516,0.0023664653740753574,-0.048963167528579085,-0.10430475228022472,0.006837325980971856,0.09387004736947446,False,,0.47073371805441055,0.486088379705401,0.5163934426229508,0.4725274725274725,-0.06453493262775817,-0.1288261241317282,0.007124537738343191,-0.0496114798617631
ES,above_below_prior_close,30,R,1242,-0.03383725828442583,-0.08724652534310375,0.02177117189435006,-0.02566884642629282,-0.0789334818807017,0.03015882686590341,0.38006443418782876,False,,0.48686371100164205,0.5057283142389526,0.5191256830601093,0.4972677595628415,-0.8175564629425075,-2.0566868438126695,0.48335564750072363,-0.02625788627433157
ES,above_below_prior_close,30,Q,1242,-0.03834897998895732,-0.092604637861586,0.0143523643099646,-0.03445643314093938,-0.0879257623969168,0.01752771166666218,0.2386022930348468,False,,0.4692370795734208,0.47479674796747967,0.4877384196185286,0.453551912568306,-0.04800610833139264,-0.11080026893994555,0.017635897641198845,-0.035330163192255064
ES,broke_prior_rth_high_or_low,5,R,1242,-0.050091478016824564,-0.10273089294602833,0.0018145106776040042,-0.057805152003969004,-0.11235953040458087,-0.004218959569690586,0.04787354146895839,False,,0.46865037194473963,0.4601328903654485,0.4722222222222222,0.4915254237288136,,,,-0.05805962151647029
ES,broke_prior_rth_high_or_low,5,Q,1242,-0.06796581169523552,-0.12759735405718176,-0.016409787098808443,-0.06626394566138136,-0.12563293683386417,-0.015497415067672587,0.023280280770907158,False,,0.48250265111346763,0.4819078947368421,0.4849315068493151,0.45604395604395603,,,,-0.06648649488996695
ES,broke_prior_rth_high_or_low,10,R,1242,-0.027918486078875714,-0.08374328339438404,0.0237964861951292,-0.04296242184094131,-0.09730844144079384,0.010727060217268101,0.1416336719424902,False,,0.5026399155227033,0.5024630541871922,0.5179063360881543,0.4887640449438202,,,,-0.04329958977305475
ES,broke_prior_rth_high_or_low,10,Q,1242,-0.06064560789326343,-0.12349055855211936,-0.01214180002458162,-0.060333696665678935,-0.1229006967275564,-0.01283261222300762,0.03890033008075333,False,,0.47639034627492133,0.4820261437908497,0.47956403269754766,0.44751381215469616,,,,-0.060696563853150635
ES,broke_prior_rth_high_or_low,15,R,1242,-0.037032976400026126,-0.08656061006548288,0.014487909810698625,-0.052016000027693854,-0.1020753326304974,0.0025936176996463386,0.07508145053794979,False,,0.5079365079365079,0.5066006600660066,0.5290858725761773,0.5193370165745856,,,,-0.052222377615600016
ES,broke_prior_rth_high_or_low,15,Q,1242,-0.06561322463347145,-0.12421729499875545,-0.014930626182638611,-0.0645575460858725,-0.12440636458369557,-0.014767093357684764,0.027090372261832307,False,,0.46842105263157896,0.4721311475409836,0.4768392370572207,0.4371584699453552,,,,-0.06495564448453213
ES,broke_prior_rth_high_or_low,30,R,1242,-0.01705221696173579,-0.07798264510332055,0.04015980321924821,-0.03113252463020398,-0.08925907435429602,0.021007472217488818,0.2870004163056801,False,,0.5089192025183631,0.4910277324632953,0.4945652173913043,0.5191256830601093,,,,-0.03150517907167904
ES,broke_prior_rth_high_or_low,30,Q,1242,-0.04972341759518038,-0.10718149972206888,0.0019834401351747654,-0.05071231245673961,-0.10816096519289385,0.0009165057166555496,0.08269172705619487,False,,0.4774396642182581,0.46504065040650405,0.46866485013623976,0.47540983606557374,,,,-0.051253696147088884
ES,finished_inside_prior_rth_range,5,R,1242,0.002733313617312963,-0.05293672698822799,0.0506888709293722,0.015871273567840728,-0.0407075320620041,0.06424266934684132,0.5873612027965052,False,,0.4992721979621543,0.49093904448105435,0.4849315068493151,0.5193370165745856,,,,0.015713871723006853
ES,finished_inside_prior_rth_range,5,Q,1242,0.05569562677855715,0.0008509987621872208,0.108092406163948,0.055333228716398425,0.0008439443503597489,0.10782172845605041,0.05826404285827502,False,,0.521865889212828,0.5123558484349259,0.5232876712328767,0.5,,,,0.05421498929586136
ES,finished_inside_prior_rth_range,10,R,1242,-0.0022920293791142245,-0.05942411465009985,0.05261360953239637,0.009414359488487272,-0.0500535402032641,0.062393772607073655,0.7475479080880076,False,,0.5211062590975255,0.5106732348111659,0.5027624309392266,0.5083798882681564,,,,0.009725860618359278
ES,finished_inside_prior_rth_range,10,Q,1242,0.03697059444314977,-0.017443195893439897,0.08890298726671012,0.037425378035525945,-0.01682030426590865,0.08985197260018347,0.20050177189476726,False,,0.48703170028818443,0.4788273615635179,0.4823848238482385,0.45901639344262296,,,,0.03770682254969458
ES,finished_inside_prior_rth_range,15,R,1242,0.01842990861742194,-0.039676443598486766,0.07191574863861912,0.02194543052648662,-0.035337846090902854,0.07430242918275756,0.45300994629843316,False,,0.5304347826086957,0.5286415711947627,0.5397260273972603,0.5384615384615384,,,,0.022003726624991986
ES,finished_inside_prior_rth_range,15,Q,1242,0.032066743840793235,-0.022433940254259117,0.08467580485197201,0.03251692868730935,-0.02271261214316719,0.08455714078238073,0.26609346609062867,False,,0.4812680115273775,0.47797716150081565,0.4932249322493225,0.4835164835164835,,,,0.03285216347512788
ES,finished_inside_prior_rth_range,30,R,1242,0.0044315454489586145,-0.0530313633099822,0.05611815531735926,0.003216485518133131,-0.052717338038823953,0.05744790824225968,0.9124348552596082,False,,0.5093525179856115,0.509771986970684,0.5,0.5108695652173914,,,,0.003185075202343949
ES,finished_inside_prior_rth_range,30,Q,1242,0.013556095538759033,-0.04484617917001553,0.06405050879498862,0.016197264992378762,-0.04234537761461222,0.06874592941022105,0.5797074889426124,False,,0.479136690647482,0.4796747967479675,0.46883468834688347,0.46703296703296704,,,,0.01649636067514446
NQ,overnight_return,5,R,1284,-0.09057815230199794,-0.16197264648465656,-0.012175909468670625,-0.04908630668808337,-0.10701318715230687,0.01197876499805335,0.08767772900969195,False,-0.6,0.4788732394366197,0.47417840375586856,0.4883116883116883,0.43005181347150256,-2.4757867132867135,-5.521417561311927,0.6003191482812934,-0.04699519903866796
NQ,overnight_return,5,Q,1284,-0.04987725926293432,-0.10368773002767405,0.0021610206370405896,-0.028167385435118725,-0.08523203006854159,0.02561568353996612,0.32735679740994694,False,-0.7999999999999999,0.48982785602503914,0.484375,0.4817708333333333,0.44559585492227977,-0.03144970611934628,-0.09740877192678912,0.03022710259942919,-0.026998187699564326
NQ,overnight_return,10,R,1284,-0.1427158930207634,-0.22428576514793946,-0.056744087077663145,-0.07530883679819143,-0.13144103624635878,-0.015475328811038557,0.008717112652688375,False,-0.8999999999999998,0.48627450980392156,0.478125,0.4791666666666667,0.45077720207253885,-4.9329385403329065,-9.077498676499557,-1.33201836895499,-0.07326666844816704
NQ,overnight_return,10,Q,1284,-0.06849751407193119,-0.12418833282162668,-0.01386985733559929,-0.037254329297194334,-0.09264864721651418,0.018030522561960086,0.1950840434421346,False,-0.8999999999999998,0.48553557466770914,0.4734375,0.46475195822454307,0.3958333333333333,-0.031161990311807344,-0.09597810793509563,0.02669044724518707,-0.03590437488149568
NQ,overnight_return,15,R,1284,-0.09354100319764318,-0.17068867303916804,-0.010642473844609856,-0.05201279408385812,-0.10910089005395782,0.00816448872317006,0.07033112039848866,False,-0.7,0.4835423197492163,0.475,0.4701298701298701,0.44559585492227977,-2.8202477100364423,-7.342520468088249,1.6472240039889678,-0.04987976913640682
NQ,overnight_return,15,Q,1284,-0.05894967375255538,-0.11271862280697574,-0.0044969193162208605,-0.0256251012404264,-0.08046259887130434,0.02624922914522191,0.3729241024837473,False,-0.7,0.4836193447737909,0.4750778816199377,0.4649350649350649,0.44559585492227977,-0.019421890613014078,-0.08700072150851629,0.038622503477803743,-0.024108979600230254
NQ,overnight_return,30,R,1284,-0.04002688031742511,-0.12285436755972078,0.04322722852998665,-0.019461252203579082,-0.07557763730144024,0.04164925533099206,0.49864469393105937,False,-0.3,0.490625,0.4750778816199377,0.4987012987012987,0.47668393782383417,-1.553763665911553,-7.907822318526543,3.3888895215699746,-0.01842168791687284
NQ,overnight_return,30,Q,1284,-0.05653666565373841,-0.10783215967586342,-0.002548557918240704,-0.027408015721220088,-0.08186701601299516,0.02588403042365605,0.3405732722331447,False,-0.7,0.47104851330203446,0.4501557632398754,0.4597402597402597,0.46113989637305697,-0.020367154473887605,-0.08356966490737983,0.0359025619167459,-0.02591499634467583
NQ,overnight_range,5,R,1284,-0.025692780396356286,-0.10371863410199703,0.04675192809468743,0.011232865924430289,-0.05502540795508909,0.06587698388130594,0.6961605824329404,False,0.19999999999999998,0.51328125,0.528125,0.5208333333333334,0.533678756476684,,,,0.013105285087599047
NQ,overnight_range,5,Q,1284,0.010131615666523135,-0.04627984962035996,0.059591170925053956,0.01861165677569256,-0.03884805374413342,0.06946707017591644,0.5175812837312099,False,0.3,0.5125,0.5054602184087363,0.509090909090909,0.5595854922279793,,,,0.020510122725689466
NQ,overnight_range,10,R,1284,-0.07671388542414943,-0.16844991713300023,0.013286083716025104,-0.017602565015420384,-0.07703889734031776,0.037677660455298204,0.5405461219255465,False,-0.49999999999999994,0.5176194205168363,0.49921996879875197,0.484375,0.48186528497409326,,,,-0.015306025970215423
NQ,overnight_range,10,Q,1284,-0.020056890756409783,-0.0770528456251998,0.028031738346984355,-0.0017074896411051845,-0.059226440924025237,0.04604069239334431,0.9526668702109662,False,0.39999999999999997,0.4972677595628415,0.4984375,0.4934725848563969,0.5104166666666666,,,,0.0002533541443737972
NQ,overnight_range,15,R,1284,-0.08159040093699192,-0.15771124087881389,-0.0051423859690998405,-0.013079895184268343,-0.06418255404395987,0.043795627267477176,0.6493057119038241,False,-0.19999999999999998,0.525039123630673,0.5117004680187207,0.4961038961038961,0.48186528497409326,,,,-0.010787319915922081
NQ,overnight_range,15,Q,1284,-0.0396427575136424,-0.09521923114487259,0.008855226121884031,-0.01720640737687089,-0.07699073372339575,0.03257206891778369,0.5496988739607627,False,-0.6,0.5054517133956387,0.5015576323987538,0.4857142857142857,0.47150259067357514,,,,-0.015295455393225067
NQ,overnight_range,30,R,1284,-0.002859635604448588,-0.07311886616240294,0.07308948706636956,0.02405595694548408,-0.02679487000095657,0.08156226597578045,0.40291470526204365,False,0.0,0.5335413416536662,0.5295950155763239,0.535064935064935,0.538860103626943,,,,0.02256374185535969
NQ,overnight_range,30,Q,1284,-0.024553260640954862,-0.07439724920920311,0.027026168831061115,-0.0031458002143345725,-0.0574272445482436,0.04514576007455757,0.9129178173725658,False,0.0,0.49375,0.4937694704049844,0.4831168831168831,0.46632124352331605,,,,-0.0017648033582004419
NQ,range_position_0929,5,R,1284,-0.012407172891923566,-0.06765545279865619,0.04361627294038561,0.002976026853201438,-0.04913785768859337,0.05757285998300106,0.9176002981701183,False,-0.3,0.5094043887147336,0.49765990639625585,0.515625,0.5181347150259067,-0.2444827586206897,-3.102526716371544,3.1985861292326754,0.0030123118737748413
NQ,range_position_0929,5,Q,1284,0.022221766337474427,-0.03041926397930163,0.07432430678168082,0.025231193947901416,-0.030016774324242337,0.07813546423168852,0.38031988457848476,False,0.3,0.5109717868338558,0.516380655226209,0.548051948051948,0.5544041450777202,0.022894178428093773,-0.037846327978819164,0.09725776012456197,0.0248541828776839
NQ,range_position_0929,10,R,1284,-0.04378694929783325,-0.10035025258272062,0.01006442923783454,-0.0269792787770718,-0.07979716229103609,0.02464546355940415,0.34818387918516236,False,-0.7999999999999999,0.5058915946582875,0.49686520376175547,0.5209424083769634,0.5130890052356021,-2.7514196955576264,-6.487850031065548,1.6977928704566543,-0.027553538929246488
NQ,range_position_0929,10,Q,1284,0.010268728535763048,-0.04444031159820327,0.06244998965929601,0.01285055297647155,-0.041864819606984925,0.06471840746668041,0.6550534999172342,False,0.3,0.5058731401722788,0.496875,0.5221932114882507,0.5130890052356021,0.01695472917413158,-0.042535307469958844,0.091322564664174,0.012435863875265688
NQ,range_position_0929,15,R,1284,-0.02411641168514658,-0.08328699020239771,0.027577402302146163,-0.013593967636349765,-0.07008804318222668,0.038700880146219814,0.6364978830815813,False,-0.3,0.5062794348508635,0.49059561128526646,0.4960835509138381,0.4895833333333333,-1.01959614787201,-5.504308170239204,4.0505369680024845,-0.014473397673613952
NQ,range_position_0929,15,Q,1284,0.014952084873365542,-0.039451620750239155,0.0644698315523351,0.01666933265240942,-0.036424831810805296,0.06579964139808697,0.5622278717090092,False,0.3,0.50390625,0.5,0.5116883116883116,0.49740932642487046,0.02940297176916424,-0.02960297351854171,0.10334491572229541,0.015900469799451884
NQ,range_position_0929,30,R,1284,-0.012263832031085456,-0.06951571403176193,0.0462961966025815,-0.019322472746847362,-0.06960007117771644,0.03273839451537146,0.5017126104966447,False,-0.09999999999999999,0.49295774647887325,0.48286604361370716,0.4831168831168831,0.46113989637305697,0.9626001863932898,-4.9867757067412235,7.757142823858334,-0.020574005733331395
NQ,range_position_0929,30,Q,1284,-0.0017578338148480726,-0.05753044559808478,0.04962111040040566,-0.001695503249139913,-0.05602653000144813,0.050706536063429494,0.9529987583188353,False,0.09999999999999999,0.4843260188087774,0.4789391575663027,0.4623376623376623,0.44041450777202074,0.017956154809838372,-0.03629416222000966,0.09491331676835645,-0.0028550317647135864
NQ,signed_path_efficiency_on,5,R,1284,-0.04989999089140479,-0.10872122331316608,0.007348479465695428,-0.03400405897580933,-0.08836226845709658,0.02145542074600818,0.23698715774768386,False,-0.6,0.4788732394366197,0.49059561128526646,0.5026041666666666,0.44559585492227977,-2.4757867132867135,-5.521417561311927,0.6003191482812934,-0.03276138624420414
NQ,signed_path_efficiency_on,5,Q,1284,-0.015576745083921472,-0.07575040201624861,0.03717599577701957,-0.008779589913229094,-0.06685604313102349,0.04552289642764547,0.7602017940171382,False,-0.09999999999999999,0.48982785602503914,0.5086071987480438,0.5324675324675324,0.46113989637305697,-0.03144970611934628,-0.09740877192678912,0.03022710259942919,-0.009170175788987895
NQ,signed_path_efficiency_on,10,R,1284,-0.06791047633720178,-0.12264731894786189,-0.013888771360017147,-0.05350318570896934,-0.10508783794452389,0.000379290193617696,0.06264146338569487,False,-0.8999999999999998,0.48627450980392156,0.493730407523511,0.5026041666666666,0.453125,-4.9329385403329065,-9.077498676499557,-1.33201836895499,-0.05213521204109806
NQ,signed_path_efficiency_on,10,Q,1284,-0.024584491760052986,-0.08034428918061651,0.027791982013718606,-0.014090426426515635,-0.07292362842347126,0.04179297904743339,0.6242309463860911,False,-0.39999999999999997,0.48553557466770914,0.4914196567862715,0.4947916666666667,0.421875,-0.031161990311807344,-0.09597810793509563,0.02669044724518707,-0.013873888211730918
NQ,signed_path_efficiency_on,15,R,1284,-0.03325359816439956,-0.09206106622583982,0.02319193579890479,-0.03149181190788822,-0.08620834993307487,0.02030238157446953,0.2734627415842301,False,-0.8999999999999998,0.4835423197492163,0.48194662480376765,0.4921875,0.47668393782383417,-2.8202477100364423,-7.342520468088249,1.6472240039889678,-0.02982601127679849
NQ,signed_path_efficiency_on,15,Q,1284,-0.011721630684691413,-0.06507972099230624,0.04198696402486681,-0.0011467495794199103,-0.058731187146008446,0.053642165285930805,0.9682008541190961,False,-0.3,0.4836193447737909,0.4953271028037383,0.5012987012987012,0.45595854922279794,-0.019421890613014078,-0.08700072150851629,0.038622503477803743,-0.0003040669223602406
NQ,signed_path_efficiency_on,30,R,1284,-0.003930720343133147,-0.06249580101730409,0.05716335544922357,-0.012540299046288403,-0.06772797852336841,0.0441123805293811,0.6628616372998399,False,-0.3,0.490625,0.4797507788161994,0.4857142857142857,0.48704663212435234,-1.553763665911553,-7.907822318526543,3.3888895215699746,-0.014685570746024211
NQ,signed_path_efficiency_on,30,Q,1284,-0.014389990722717811,-0.06609397783198198,0.03810328865520064,-0.0069135981531337504,-0.06294597541852748,0.0425719072374545,0.8100638447782009,False,-0.39999999999999997,0.47104851330203446,0.47737909516380655,0.4857142857142857,0.46632124352331605,-0.020367154473887605,-0.08356966490737983,0.0359025619167459,-0.007015557859204873
NQ,dist_from_overnight_high,5,R,1284,0.04652838830133981,-0.034490323133094726,0.12400672889224282,-0.003450089271748123,-0.06266963291795342,0.051105799773667304,0.9045329434468337,False,-0.19999999999999998,0.513302034428795,0.513302034428795,0.5338541666666666,0.5544041450777202,,,,-0.0046375938816355915
NQ,dist_from_overnight_high,5,Q,1284,0.025299468710651578,-0.026780268044477484,0.07384447058356679,-0.01823293038308839,-0.06991532312555568,0.03233170712714899,0.5261408587832332,False,-0.3,0.5125195618153364,0.500780031201248,0.5182291666666666,0.5181347150259067,,,,-0.019481901583264224
NQ,dist_from_overnight_high,10,R,1284,0.048642114117505936,-0.042872153619043285,0.14486927538779482,0.008696519575462292,-0.049929896586113846,0.06369542920851137,0.7624022005852233,False,-0.09999999999999999,0.5176470588235295,0.5054773082942097,0.515625,0.49740932642487046,,,,0.010185132468173817
NQ,dist_from_overnight_high,10,Q,1284,0.018140937491789598,-0.03633428497685686,0.06890495173529924,-0.01743296286328699,-0.06848357767072479,0.03336660955533034,0.5444552507837237,False,-0.39999999999999997,0.49726348709929635,0.4890625,0.5065274151436031,0.5208333333333334,,,,-0.017518171623422715
NQ,dist_from_overnight_high,15,R,1284,0.016984381343678884,-0.05986276567731987,0.10521549438382137,0.00431062286780075,-0.05432824608589233,0.06011789493768646,0.8808808904859717,False,0.0,0.5250783699059561,0.5179407176287052,0.5168831168831168,0.5284974093264249,,,,0.00607503666835999
NQ,dist_from_overnight_high,15,Q,1284,0.003321196467624476,-0.051367995659894895,0.04995063291167007,-0.027665961825391324,-0.08148247617319773,0.02306436165895495,0.33604607214907656,False,-0.8999999999999998,0.5054602184087363,0.5,0.5142857142857142,0.5077720207253886,,,,-0.027712597390288283
NQ,dist_from_overnight_high,30,R,1284,0.044554330598556055,-0.04358783018905739,0.126053725772532,0.03467624693943324,-0.017891708781986457,0.08659527599437941,0.2278382909457064,False,0.39999999999999997,0.53359375,0.5515625,0.546875,0.5492227979274611,,,,0.03682274745164157
NQ,dist_from_overnight_high,30,Q,1284,0.020534308539760848,-0.030032396587446695,0.06626627950256898,-0.0009759508533539174,-0.05345506149619402,0.05164451124758941,0.9729350973467941,False,-0.09999999999999999,0.4937402190923318,0.5062305295950156,0.5194805194805194,0.5284974093264249,,,,-0.0006847827463136971
NQ,dist_from_overnight_low,5,R,1284,-0.07909580240461504,-0.1423548582162385,-0.0043160234266902365,0.0073191142978509885,-0.05496104561831158,0.06145828641016733,0.7991545070755981,False,-0.09999999999999999,0.5129007036747459,0.5203125,0.5260416666666666,0.49222797927461137,,,,0.00951032081192398
NQ,dist_from_overnight_low,5,Q,1284,-0.010716373054012192,-0.05937143130435569,0.041116073671692246,0.029530878136464215,-0.027679701410002845,0.08154358836733124,0.3044718602813721,False,0.7,0.5121188428459734,0.5210608424336973,0.5116883116883116,0.47668393782383417,,,,0.029762663026267813
NQ,dist_from_overnight_low,10,R,1284,-0.14948266643906383,-0.2192550738429543,-0.0787208724049152,-0.025344899527891096,-0.08384503593414759,0.027750770855794984,0.3781758308855889,False,-0.09999999999999999,0.5172413793103449,0.514866979655712,0.4921875,0.45077720207253885,,,,-0.02307896489314817
NQ,dist_from_overnight_low,10,Q,1284,-0.04428948554749568,-0.09812315258537932,0.007543799495173045,0.00921092840864168,-0.046974954435653034,0.05797201267631472,0.7488077844716119,False,-0.09999999999999999,0.496875,0.5070202808112324,0.4817708333333333,0.44559585492227977,,,,0.010218673688376138
NQ,dist_from_overnight_low,15,R,1284,-0.1256208660404404,-0.19700560613854334,-0.055533546056258924,-0.010260373992908179,-0.07287907904279822,0.04057457144813811,0.7213182780433913,False,-0.09999999999999999,0.5246671887235709,0.5211267605633803,0.4973958333333333,0.45595854922279794,,,,-0.007963016251732156
NQ,dist_from_overnight_low,15,Q,1284,-0.05630161793075696,-0.10805477941755352,-0.003540939823943384,0.0023469532742692377,-0.05747937902260861,0.052434631173443144,0.9349742565935613,False,0.0,0.505066250974279,0.5093457943925234,0.4779220779220779,0.45595854922279794,,,,0.0036603811603363413
NQ,dist_from_overnight_low,30,R,1284,-0.04660890812440412,-0.11504616503837443,0.03031148240833485,0.015453701492373868,-0.03649892036071408,0.07253638809988992,0.5910844262583732,False,0.3,0.5331772053083529,0.5358255451713395,0.522077922077922,0.49740932642487046,,,,0.017824769808551237
NQ,dist_from_overnight_low,30,Q,1284,-0.05261159366185515,-0.1035152435340526,0.0003425547548283869,0.0052801392194926095,-0.05258427347050754,0.05547425841446354,0.8543609687735512,False,0.0,0.49335418295543393,0.49065420560747663,0.4649350649350649,0.39378238341968913,,,,0.006706497175185233
NQ,normalized_overnight_volume,5,R,1264,0.06617864330676361,-0.01214908186766292,0.13550328040431078,0.043181836952108206,-0.01723097572235198,0.0962343602963826,0.1361434067855969,False,0.09999999999999999,0.515079365079365,0.5396825396825397,0.5714285714285714,0.6084656084656085,,,,0.04091494754340352
NQ,normalized_overnight_volume,5,Q,1264,0.05711035311748128,0.006593380935041361,0.10569304774853833,0.03913055838496826,-0.016958092937086174,0.09434020501171328,0.1769076106676426,False,0.3,0.5122918318794607,0.5198098256735341,0.5529100529100529,0.5736842105263158,,,,0.03803479166620221
NQ,normalized_overnight_volume,10,R,1264,0.06375703214795403,-0.022958773616051056,0.13287923580539143,0.02554065337630536,-0.0384651221039414,0.08526568756965823,0.3782572487736773,False,0.09999999999999999,0.5186953062848051,0.5277337559429477,0.554089709762533,0.5736842105263158,,,,0.023224325025554594
NQ,normalized_overnight_volume,10,Q,1264,0.0650232089309389,0.013341932589419464,0.11693026864083374,0.044598918064509614,-0.013686263585215562,0.09731954611930525,0.12373638496162265,False,0.7,0.4980174464710547,0.5063291139240507,0.5488126649076517,0.5842105263157895,,,,0.04340108245375289
NQ,normalized_overnight_volume,15,R,1264,0.03573021134299849,-0.03834874982466476,0.09970389773481414,0.008646214667242432,-0.05102167651661652,0.06355859370021742,0.7655328048353693,False,0.3,0.5238473767885533,0.5111111111111111,0.5343915343915344,0.5502645502645502,,,,0.006433832239423862
NQ,normalized_overnight_volume,15,Q,1264,0.04592747544473912,-0.008477024707974904,0.09525465657316601,0.024521830864180957,-0.035230380772328075,0.07870547369426643,0.3975807668766822,False,0.09999999999999999,0.5063291139240507,0.509493670886076,0.5461741424802111,0.5631578947368421,,,,0.02330915880928643
NQ,normalized_overnight_volume,30,R,1264,0.03472899951012823,-0.034255563337459244,0.09973657053557686,0.0208152804444078,-0.03949041219430143,0.07655832627589933,0.4727316309178651,False,0.6,0.5340729001584786,0.5277337559429477,0.5461741424802111,0.5368421052631579,,,,0.019793015214754697
NQ,normalized_overnight_volume,30,Q,1264,0.0327262729858591,-0.024274915977940167,0.08137670441912156,0.0139726157211931,-0.0452220730741941,0.06596311717410865,0.6298346807043602,False,0.3,0.49603174603174605,0.5,0.5303430079155673,0.531578947368421,,,,0.012662361435050205
NQ,dist_0929_from_vwap,5,R,1284,-0.08116509911122838,-0.15424412356525033,-0.0014894850759257022,-0.007997744660029853,-0.06370320183794226,0.05144342047313052,0.7809860040737626,False,-0.49999999999999994,0.50390625,0.5085803432137286,0.5012987012987012,0.46113989637305697,-0.2915678879310345,-3.018273964047806,2.565869722276646,-0.005931230303980382
NQ,dist_0929_from_vwap,5,Q,1284,-0.024057766443660658,-0.07475665903065312,0.024737555815826054,-0.0022996647105418913,-0.05567513824521374,0.0448565064116691,0.9362816419745286,False,0.09999999999999999,0.49921875,0.5070202808112324,0.5142857142857142,0.47150259067357514,0.006878403961046591,-0.06831356493862376,0.06646760767974798,-0.0021061701500718136
NQ,dist_0929_from_vwap,10,R,1284,-0.13324466001938076,-0.21408593668501136,-0.04959647657134763,-0.045202029099202366,-0.10433853015493912,0.011946415861326375,0.1158472608589991,False,-0.8999999999999998,0.4988253719655442,0.49608763693270735,0.4739583333333333,0.47668393782383417,-2.727439263322884,-6.50888549422022,1.8275592672413772,-0.04299629752765497
NQ,dist_0929_from_vwap,10,Q,1284,-0.04072249914863782,-0.08902035619322655,0.007558687171660264,-0.012519425237689697,-0.0661080616740039,0.03567820090054885,0.663388294380673,False,-0.39999999999999997,0.49492583918813426,0.500780031201248,0.4869791666666667,0.4479166666666667,0.0031256265999526182,-0.07383642381760828,0.06729729954658656,-0.011537898446066003
NQ,dist_0929_from_vwap,15,R,1284,-0.10316684551992349,-0.1872614850840178,-0.015563445253675057,-0.03472576148223161,-0.09464023187663316,0.023613001036692984,0.2271744442471031,False,-0.7,0.4984350547730829,0.49608763693270735,0.4701298701298701,0.42487046632124353,-1.9247844827586207,-6.384259159482759,2.8534058459051694,-0.03250709555989562
NQ,dist_0929_from_vwap,15,Q,1284,-0.042231814070688205,-0.09203031248336262,0.007776992710028188,-0.008448831344990252,-0.05861545950416167,0.039554635854719855,0.7689744092075583,False,-0.6,0.4929906542056075,0.4968847352024922,0.4779220779220779,0.45077720207253885,0.0062504699830716465,-0.06806993860787396,0.06659088707067562,-0.00713759795836946
NQ,dist_0929_from_vwap,30,R,1284,-0.07055217335171492,-0.1548074705652166,0.016337974070391954,-0.024712800454514953,-0.07902599829283884,0.03780405258813824,0.39018897425119836,False,-0.3,0.4875195007800312,0.4953271028037383,0.4597402597402597,0.42487046632124353,-0.3348476684952977,-6.326475619612069,5.6460834027233515,-0.022441330575705062
NQ,dist_0929_from_vwap,30,Q,1284,-0.052211683582856404,-0.10023550463977463,-0.0006055814467806367,-0.021238968940206007,-0.0711723477587909,0.030593065817785325,0.46024178143079353,False,-0.7999999999999999,0.48046875,0.4735202492211838,0.43376623376623374,0.37823834196891193,-0.008923740500897453,-0.08112864792255207,0.05055459993073218,-0.019816644356888614
NQ,normalized_dist_from_vwap,5,R,1284,-0.005205751031004598,-0.061242480984260717,0.05130244256800051,0.007950540627117437,-0.04265514498429392,0.059489359851087276,0.7822460348406126,False,-0.09999999999999999,0.50390625,0.4921875,0.535064935064935,0.5284974093264249,-0.2915678879310345,-3.018273964047806,2.565869722276646,0.005927218771130088
NQ,normalized_dist_from_vwap,5,Q,1284,0.022677453383943624,-0.02814632245597168,0.07001782855927317,0.019833553387824623,-0.032248483624219164,0.06654891014078397,0.4904638810520967,False,0.3,0.49921875,0.516380655226209,0.535064935064935,0.538860103626943,0.006878403961046591,-0.06831356493862376,0.06646760767974798,0.018572075293637268
NQ,normalized_dist_from_vwap,10,R,1284,-0.040605667488278076,-0.09507321202625547,0.011537492100967234,-0.026928511568502532,-0.08070206190403297,0.021958444681150716,0.3490921524444224,False,-0.9999999999999999,0.4988253719655442,0.4890282131661442,0.5065616797900262,0.5104166666666666,-2.727439263322884,-6.50888549422022,1.8275592672413772,-0.028813452062022786
NQ,normalized_dist_from_vwap,10,Q,1284,0.010628404184831129,-0.04485755425240297,0.059774345553219754,0.00838749902538525,-0.04579090349921194,0.058325830489929974,0.77060439700841,False,0.09999999999999999,0.49492583918813426,0.4921875,0.5221932114882507,0.515625,0.0031256265999526182,-0.07383642381760828,0.06729729954658656,0.006974311807870995
NQ,normalized_dist_from_vwap,15,R,1284,-0.029429767331250117,-0.08763277821822615,0.023820936089927785,-0.014673698217404907,-0.06746222326678392,0.03643781590754888,0.6099509061011041,False,-0.39999999999999997,0.4984350547730829,0.49216300940438873,0.5,0.4947916666666667,-1.9247844827586207,-6.384259159482759,2.8534058459051694,-0.015763501926966673
NQ,normalized_dist_from_vwap,15,Q,1284,0.011219946270491755,-0.04141241240537887,0.06285644477060569,0.01026835284141129,-0.04240586609769078,0.06225503955516038,0.7211105965195876,False,0.09999999999999999,0.4929906542056075,0.49221183800623053,0.5116883116883116,0.5077720207253886,0.0062504699830716465,-0.06806993860787396,0.06659088707067562,0.00893244452804435
NQ,normalized_dist_from_vwap,30,R,1284,-0.021535981289024668,-0.07863802008322592,0.03161827546173401,-0.02516363399878678,-0.0746689970113218,0.024755995274848133,0.3815973319214834,False,-0.3,0.4875195007800312,0.4719626168224299,0.4987012987012987,0.44041450777202074,-0.3348476684952977,-6.326475619612069,5.6460834027233515,-0.027020982390071696
NQ,normalized_dist_from_vwap,30,Q,1284,-0.007157592150035231,-0.06337640134584197,0.04541597129748368,-0.00781332070511924,-0.06279989244751319,0.044127856859101144,0.7859121150707569,False,0.19999999999999998,0.48046875,0.4671875,0.4765625,0.43523316062176165,-0.008923740500897453,-0.08112864792255207,0.05055459993073218,-0.009361342509912428
NQ,vwap_location_in_range,5,R,1284,-0.015067374607383891,-0.06743699718805148,0.039617151426691866,-0.010417369420218174,-0.062381324932130715,0.048790670306714176,0.7172356299879215,False,0.0,0.4921875,0.49608763693270735,0.4908616187989556,0.518324607329843,-0.7574554258303919,-3.6928637961203123,2.4771063369234008,-0.011572161184203797
NQ,vwap_location_in_range,5,Q,1284,0.013482962702981606,-0.0390640360052603,0.07327805021160105,0.011168677611406571,-0.04180509032450497,0.07116445050546227,0.6978112011422533,False,0.19999999999999998,0.5015625,0.5046875,0.5026041666666666,0.5208333333333334,0.016672558550402308,-0.04889023459826137,0.08146608877440123,0.008988972274615016
NQ,vwap_location_in_range,10,R,1284,-0.017590158000753375,-0.0745128096933631,0.03713799482693268,-0.01497266605960861,-0.0683359496531099,0.0403573167468329,0.6026879913001613,False,0.0,0.5035238841033672,0.5140625,0.5065274151436031,0.5260416666666666,-1.3628269526653995,-6.018215826469967,2.581549800886954,-0.015535700766772912
NQ,vwap_location_in_range,10,Q,1284,0.008125051559293502,-0.048037671504259846,0.06637351593640457,0.007645877348488671,-0.04892283297304945,0.06634300243912526,0.7903920903568733,False,-0.09999999999999999,0.4972677595628415,0.4984423676012461,0.5064935064935064,0.5284974093264249,0.004987683002289654,-0.0669285056581886,0.07579673904973741,0.005422961848496015
NQ,vwap_location_in_range,15,R,1284,0.010849812442933038,-0.04332461613063772,0.06418839167355758,0.010446997141605041,-0.04192364519526059,0.06742054709913446,0.7164660641243858,False,0.3,0.5046948356807511,0.5039246467817896,0.5208333333333334,0.5052083333333334,1.0314922919117868,-3.5961196526080794,5.325293578604397,0.009430955972981839
NQ,vwap_location_in_range,15,Q,1284,0.020176506292836474,-0.03492958928923833,0.0792783879754886,0.01967148282007338,-0.03419717335837947,0.07943997463550048,0.49401628156674215,False,0.39999999999999997,0.5038940809968847,0.5031152647975078,0.5116883116883116,0.5233160621761658,0.0136278961005422,-0.057993409885683495,0.08456115570598696,0.017478021087884796
NQ,vwap_location_in_range,30,R,1284,0.027201054438645816,-0.022805182049744646,0.08555280827402732,0.019793171059390685,-0.03015088831097202,0.07765789456531062,0.4913477306951344,False,0.6,0.5039001560062403,0.5,0.5064935064935064,0.5233160621761658,2.792790448607717,-3.370529384258002,8.382934353033447,0.018150888109226278
NQ,vwap_location_in_range,30,Q,1284,0.01670403986798154,-0.03484709765839435,0.07609440418587754,0.016500633570977644,-0.034767165816770154,0.07684083006917236,0.5661915503926911,False,0.0,0.496875,0.5070202808112324,0.515625,0.515625,0.0038143772162334815,-0.0646153675840486,0.07098973758680586,0.014284638235652703
NQ,signed_return_5,5,R,1282,-0.05785539678436809,-0.13893260499379367,0.02173889772245564,-0.020721275231079927,-0.0789652676329397,0.03678533805108115,0.47159798451731016,False,-0.7999999999999999,0.5027799841143765,0.48826291079812206,0.4856396866840731,0.4947916666666667,-2.4526032945306353,-5.235044327627252,0.09252299917283638,-0.018881499565304247
NQ,signed_return_5,5,Q,1282,-0.01253117957990939,-0.06390784724355356,0.04483587236751866,-0.010504523305786039,-0.061578152007508574,0.046106718029690394,0.7151855525177688,False,-0.39999999999999997,0.47736298649722003,0.46865203761755486,0.4727272727272727,0.4583333333333333,-0.025604284995056258,-0.09521073606460172,0.035750126312071064,-0.00939855448165508
NQ,signed_return_5,10,R,1282,-0.028472942996177652,-0.11056571729156767,0.055991411010788875,-0.01870190027586808,-0.08023920776347866,0.03944187301610866,0.5158803693046841,False,-0.6,0.49044585987261147,0.515625,0.5064935064935064,0.4895833333333333,-4.043666274940989,-7.849247609296507,-0.7144048396614684,-0.019414436907707323
NQ,signed_return_5,10,Q,1282,-0.009234525533292029,-0.061315722845712926,0.04530516541244548,-0.010163020637244627,-0.06071349020455756,0.046517964968387476,0.7240607776949681,False,-0.19999999999999998,0.4793650793650794,0.490625,0.484375,0.4816753926701571,-0.03914079470534355,-0.10519485960018594,0.0222369405081206,-0.00965186767909612
NQ,signed_return_5,15,R,1282,-0.058227791772406105,-0.13990837013417204,0.03481769373342098,-0.006876459648191042,-0.06301832201435507,0.047618304712890414,0.8112095984920782,False,-0.6,0.492442322991249,0.5086071987480438,0.4908616187989556,0.4607329842931937,-4.150496424032118,-8.398011608655962,0.021623336216634786,-0.008015290110862326
NQ,signed_return_5,15,Q,1282,-0.012834427345464909,-0.06543057198544693,0.03862324831483804,-0.008613379415622558,-0.0610852591445476,0.04678220213671197,0.7647847848591012,False,-0.19999999999999998,0.4908946951702296,0.5070202808112324,0.4857142857142857,0.4791666666666667,-0.03811050385725769,-0.10556289277134838,0.019193109130607608,-0.00810762601298538
NQ,signed_return_5,30,R,1282,-0.011348577110611059,-0.08785071822898502,0.06250229093176173,0.006965627078443234,-0.04631443864461304,0.07178871740283857,0.8088085642195617,False,0.3,0.4908802537668517,0.4914196567862715,0.4857142857142857,0.46875,0.8320259698993282,-4.697455038760667,5.675577832151431,0.004783483937920121
NQ,signed_return_5,30,Q,1282,-0.00922919948204527,-0.05859135597468776,0.04220151548675091,-0.00596810415289054,-0.05570752600093992,0.04935233861595309,0.8357664087751173,False,-0.6,0.4837172359015091,0.48205928237129486,0.4675324675324675,0.4427083333333333,-0.02612447860376687,-0.09069679493631028,0.03190168472394559,-0.006692298293352874
NQ,signed_return_10,5,R,1282,-0.04558273805374234,-0.11892987320839998,0.020903581089892348,-0.01759759752402139,-0.07765212898215082,0.03870335517696594,0.5409766172980119,False,-0.8999999999999998,0.5023847376788553,0.4945226917057903,0.4973958333333333,0.5052083333333334,-1.3532888788426762,-4.607002335744425,1.5953554161643533,-0.019197896553229777
NQ,signed_return_10,5,Q,1282,-0.01439372632548173,-0.06457089352453999,0.03885040565316745,-0.025484430552780525,-0.0862007213970706,0.029627263166315004,0.3759279614524429,False,-0.49999999999999994,0.4769475357710652,0.459375,0.4597402597402597,0.4947916666666667,-0.0243286066855478,-0.08616497574603378,0.03529447484833254,-0.027409924259578635
NQ,signed_return_10,10,R,1282,-0.03281605790638739,-0.11868797178591667,0.05066410944317789,-0.024809133882352615,-0.08431282512742731,0.03177339913766639,0.3887139472640029,False,-0.6,0.4964143426294821,0.5,0.5012987012987012,0.5052083333333334,-1.816701828410689,-6.185371835443038,2.2789378955696185,-0.02720677278571942
NQ,signed_return_10,10,Q,1282,-0.007092265812232871,-0.05811542790455809,0.04416472745763299,-0.015307841139438316,-0.07117380493091999,0.037312068113416696,0.5948798922423606,False,-0.49999999999999994,0.4908657664813344,0.475,0.4895833333333333,0.5260416666666666,-0.014697989989536156,-0.0797226478124508,0.0491077109234619,-0.017330967983741955
NQ,signed_return_10,15,R,1282,-0.06726885412546617,-0.14886718596318846,0.024628843209610212,-0.016977854595408442,-0.07722641154144354,0.03847606965221754,0.5553228172385309,False,-0.9999999999999999,0.49442675159235666,0.5039123630672926,0.5208333333333334,0.5235602094240838,-3.141716897729556,-7.721625006278883,1.2841803860257113,-0.01929061003962795
NQ,signed_return_10,15,Q,1282,-0.01611236836360944,-0.07058387469027211,0.03261676380718837,-0.01744007899924107,-0.07532228539712653,0.032922334149497114,0.544605366308357,False,-0.49999999999999994,0.5015847860538827,0.49765990639625585,0.5116883116883116,0.53125,-0.02014729160508942,-0.08169640301273917,0.047373972876520246,-0.019449241128605278
NQ,signed_return_10,30,R,1282,-0.036993017444549976,-0.10529701957668282,0.03932264800959008,-0.015098663999663049,-0.06986974670047584,0.044720879111432424,0.599923788381693,False,-0.19999999999999998,0.4976190476190476,0.47425897035881437,0.4753246753246753,0.4739583333333333,1.0850123066104078,-4.0441528531243724,6.809695505575641,-0.013800707978030307
NQ,signed_return_10,30,Q,1282,-0.014459514983873555,-0.06495129051989834,0.03941704525695229,-0.01787103210072623,-0.07271940803946784,0.033631490508024206,0.5347062896320232,False,-0.6,0.4864864864864865,0.47425897035881437,0.4831168831168831,0.5,-0.011149035424785207,-0.07569546844087219,0.057059000521932926,-0.019327057250412658
NQ,signed_return_15,5,R,1282,-0.07885618437725139,-0.1509289970476375,-0.009939526775573268,-0.04772766757338637,-0.10644162402229951,0.011433136997523996,0.09708788701919002,False,-0.7,0.47736298649722003,0.4788732394366197,0.47780678851174935,0.45549738219895286,-3.1259805028605845,-5.844485188949112,-0.2784229618337906,-0.04937024029010761
NQ,signed_return_15,5,Q,1282,-0.023401051416224183,-0.08065626916409147,0.028526272409567323,-0.03133874180043509,-0.08549413556065916,0.025945812553444084,0.27617793336095264,False,-0.6,0.4686258935663225,0.46322378716744916,0.4701298701298701,0.4635416666666667,-0.05718609604290764,-0.123037800761915,0.00571912455194475,-0.033267605254051334
NQ,signed_return_15,10,R,1282,-0.053970811595045305,-0.14141666528958144,0.036365820250750025,-0.04330592145309586,-0.09990855133138954,0.021197595643553058,0.13226631652815124,False,-0.8999999999999998,0.4864649681528662,0.49297971918876754,0.4883116883116883,0.5104166666666666,-3.954416967780789,-7.731371245483288,0.15272574149351897,-0.04573988742831543
NQ,signed_return_15,10,Q,1282,-0.01685164074907747,-0.06916536825912076,0.03439750838093184,-0.030999456361430654,-0.08009248758599123,0.024293760047377953,0.2814139193494507,False,-0.6,0.48253968253968255,0.48826291079812206,0.4921875,0.5078534031413613,-0.0596584000727291,-0.12604091651446792,0.0002762223949121163,-0.03303617583600262
NQ,signed_return_15,15,R,1282,-0.051756681288944124,-0.13683989853639394,0.03167431596835061,-0.01640702448242173,-0.07782404052324356,0.043295512491882356,0.5686988093491778,False,-0.7,0.5039745627980922,0.513302034428795,0.5117493472584856,0.5052083333333334,-3.1408348389039444,-7.879326021906053,1.21330660945498,-0.01870727676583798
NQ,signed_return_15,15,Q,1282,-0.020892337869255265,-0.07331590603483251,0.03152106043842136,-0.026763189271964746,-0.07442554413003173,0.029448002487600707,0.3524365223804353,False,-0.6,0.49406175771971494,0.5085803432137286,0.5168831168831168,0.5260416666666666,-0.052835735543754696,-0.12035418045512018,0.008089245884082047,-0.028779572099380823
NQ,signed_return_15,30,R,1282,-0.02960904882912216,-0.1032259538630848,0.040269345218620314,-0.02606383336649062,-0.08199674939528652,0.03444640785422382,0.36516683408084516,False,-0.09999999999999999,0.48691514670896113,0.471875,0.45454545454545453,0.46875,-0.7879761367058113,-6.675256935034628,4.987258261818729,-0.02480801274657505
NQ,signed_return_15,30,Q,1282,-0.022468585072137254,-0.07141068215278881,0.02784992849556778,-0.02878667342289542,-0.08223097919925161,0.024532241997504235,0.317205955773316,False,-0.6,0.48610007942811756,0.48205928237129486,0.4753246753246753,0.5052083333333334,-0.03745086272951434,-0.09962976221629599,0.027653103875230768,-0.030247684162867307
NQ,signed_return_30,5,R,1281,-0.08445680484280361,-0.15606262989020467,-0.008830418338321024,-0.02049369092358085,-0.07573130354918987,0.04349518648265729,0.47665409823981353,False,-0.7,0.5209486166007905,0.49059561128526646,0.4895287958115183,0.47643979057591623,-1.5933228004123525,-4.757357777553673,1.1554786596297768,-0.022112116886508375
NQ,signed_return_30,5,Q,1281,-0.0062850625518609355,-0.060598083391361884,0.04811949305180429,0.0007943304760036213,-0.04909982082699871,0.055126466809496545,0.9779961430845345,False,0.09999999999999999,0.5059288537549407,0.4827586206896552,0.4765625,0.4479166666666667,0.03610977361833405,-0.029631870779190373,0.09718946480819977,-0.001115910024293334
NQ,signed_return_30,10,R,1281,-0.0830952213723888,-0.1667320673297511,0.007199343388698087,-0.039314527410119246,-0.09870811837326747,0.02289438447065085,0.1719994275525587,False,-0.8999999999999998,0.5190174326465927,0.4835164835164835,0.4583333333333333,0.4322916666666667,-2.809869571063601,-7.259182129891085,0.632138855273183,-0.04173863533575546
NQ,signed_return_30,10,Q,1281,-0.01297143937684067,-0.0667911951709498,0.0369925838496259,-0.002389630111792854,-0.05364201582480797,0.05168880042941261,0.9338719130993047,False,-0.19999999999999998,0.5150078988941548,0.486697965571205,0.4804177545691906,0.4607329842931937,0.04286918552502003,-0.02368393335735589,0.10206547410916636,-0.0044024528560036354
NQ,signed_return_30,15,R,1281,-0.04374730378750756,-0.12353052251090518,0.04287123821312115,-0.01026421059235674,-0.06952755238794929,0.05183611050211107,0.7215314401185906,False,-0.8999999999999998,0.517814726840855,0.5070422535211268,0.5117493472584856,0.4895833333333333,-1.6033963067545156,-5.507233259378782,2.9807268555869255,-0.01255725358310193
NQ,signed_return_30,15,Q,1281,-0.013667755320883754,-0.06585821170480366,0.04021167298850439,-0.0026568776243079705,-0.05272509525927947,0.0518691459320395,0.9264962584480378,False,0.09999999999999999,0.5169424743892829,0.490625,0.4817708333333333,0.4583333333333333,0.04116847064558573,-0.02465605575612026,0.10199618864600934,-0.004657329116282023
NQ,signed_return_30,30,R,1281,-0.05484501913213946,-0.1349255135471389,0.03145534783619689,-0.04044602637583279,-0.10087432661635046,0.0245628562036141,0.15997412633146846,False,-0.39999999999999997,0.49171270718232046,0.4765625,0.453125,0.4166666666666667,-2.507003271928645,-7.983778601362557,2.6245398850342845,-0.03920176147544561
NQ,signed_return_30,30,Q,1281,-0.023269759352598753,-0.07208236952244855,0.03217233827121177,-0.013169394805072574,-0.06491006586460144,0.04140807259854029,0.6474537502454614,False,-0.09999999999999999,0.4964426877470356,0.46635367762128327,0.4479166666666667,0.453125,0.018535894788581347,-0.0440179043453893,0.0768038790243144,-0.014622370790048234
NQ,signed_return_60,5,R,1280,-0.08196884154049265,-0.1474943270435168,-0.0016562029075970364,0.030790865688295574,-0.025841058875589958,0.09364555260117971,0.2850430337784906,False,0.3,0.5134069400630915,0.5227629513343799,0.518324607329843,0.4791666666666667,1.1381888515755794,-1.4873125872982853,3.844793229987023,0.03218165006351481
NQ,signed_return_60,5,Q,1280,-0.008291229503513069,-0.05857985912064146,0.04551721962062155,0.05604450354466774,0.005011334382336757,0.10648700121612904,0.05149985159006221,False,0.7999999999999999,0.5240726124704025,0.5289514866979655,0.515625,0.4635416666666667,0.06085191162014319,0.002287134014905972,0.11666985309280758,0.0557386355390141
NQ,signed_return_60,10,R,1280,-0.07968383372163174,-0.14863636091855997,0.001497948169912161,-0.021728402552540476,-0.07694437337930687,0.032659392196023686,0.45067476635136394,False,-0.3,0.497626582278481,0.4890282131661442,0.46875,0.453125,-0.6589503650430424,-4.179262586431493,3.43684325066619,-0.020245557656127317
NQ,signed_return_60,10,Q,1280,-0.019835629929361307,-0.06463454323565794,0.03204039711261702,0.03100708018953321,-0.018125133248641873,0.08340659109540388,0.2816720188296913,False,0.6,0.5070977917981072,0.5211267605633803,0.5195822454308094,0.4869109947643979,0.032273208185314955,-0.022035853169032085,0.09204401236008644,0.031255845965827506
NQ,signed_return_60,15,R,1280,-0.0818884106922198,-0.14683091291491102,-0.005041064699648228,-0.005394275797314619,-0.061282880362872626,0.05322171643446722,0.8514788039528849,False,-0.09999999999999999,0.4964426877470356,0.503125,0.5026041666666666,0.4427083333333333,0.28638542997810734,-4.065403364513061,5.832613323699562,-0.003598622032680439
NQ,signed_return_60,15,Q,1280,-0.032005337192830816,-0.0750448375172634,0.019596577791967867,0.022951796974499734,-0.02249212529908146,0.07598297705095503,0.42558194286399775,False,0.49999999999999994,0.5035405192761605,0.5140625,0.5078125,0.4635416666666667,0.024839601330336303,-0.028646555862235128,0.08717410443006557,0.02385875271872373
NQ,signed_return_60,30,R,1280,-0.04897953768221523,-0.13500685969424228,0.04083061973865496,-0.006305506579642421,-0.06403511596778136,0.055799733267282756,0.82675837616769,False,0.09999999999999999,0.5035460992907801,0.5015625,0.4973958333333333,0.453125,1.0561996641802134,-4.433551408783817,7.401854639687161,-0.008461316918791196
NQ,signed_return_60,30,Q,1280,-0.043181251248760495,-0.08786590988558887,0.007694939843102758,0.005079548725256728,-0.04295586796146282,0.05935887084786888,0.8600521805616945,False,0.6,0.48066298342541436,0.4694835680751174,0.4635416666666667,0.3958333333333333,0.0029137418154061246,-0.050829218982376634,0.06864412648033873,0.0050082240223534805
NQ,range_5,5,R,1282,0.009480682288679333,-0.0838392730150835,0.08625678907057607,0.0009318207390451907,-0.06327972306156034,0.06553416055975897,0.9741786425121741,False,0.09999999999999999,0.513302034428795,0.5164319248826291,0.5260416666666666,0.5364583333333334,,,,0.002758257857790802
NQ,range_5,5,Q,1282,0.00555430922401674,-0.048262144904249,0.06420455557665675,0.006716010598922466,-0.048141909714055096,0.0684243273736592,0.8155345052064173,False,0.19999999999999998,0.5125195618153364,0.5,0.4935064935064935,0.53125,,,,0.008582050749183515
NQ,range_5,10,R,1282,-0.039457985243003535,-0.12150534502059336,0.048558179036277564,-0.0299958443854655,-0.08685144024672167,0.02948278516988639,0.2972937506730924,False,-0.7,0.5176470588235295,0.49297971918876754,0.4909090909090909,0.4791666666666667,,,,-0.027725635325752226
NQ,range_5,10,Q,1282,-0.012472793911191018,-0.06344441096293224,0.04478036959004957,-0.013921369125317783,-0.06935997996674184,0.047587369098264505,0.6286649889106737,False,-0.09999999999999999,0.49726348709929635,0.4835680751173709,0.4765625,0.4869109947643979,,,,-0.011981937560578903
NQ,range_5,15,R,1282,-0.04248616423909632,-0.11836310875977392,0.03632194314642922,-0.01153884929485401,-0.06600522127911428,0.043813089260814675,0.6885426409943463,False,-0.6,0.5250783699059561,0.5086071987480438,0.5039164490861618,0.49214659685863876,,,,-0.009243745370805826
NQ,range_5,15,Q,1282,-0.029040656250506752,-0.07937338422059297,0.026773356037365217,-0.027368095431307207,-0.08365008001088789,0.03136557144333811,0.3416545486212246,False,-0.49999999999999994,0.5054602184087363,0.4914196567862715,0.4805194805194805,0.4739583333333333,,,,-0.025474035856474637
NQ,range_5,30,R,1282,-0.00025028096104118226,-0.07767951253220669,0.07028415621931675,0.020778749604334422,-0.034167399242835815,0.07753739564868231,0.4703690205754625,False,-0.09999999999999999,0.53359375,0.53198127925117,0.5272727272727272,0.53125,,,,0.01928813433606509
NQ,range_5,30,Q,1282,-0.022399670426931514,-0.07349356650700589,0.03235616919519093,-0.01704590737127142,-0.07352732248867928,0.04587568280425932,0.5537384630073263,False,-0.09999999999999999,0.4937402190923318,0.4914196567862715,0.4831168831168831,0.4947916666666667,,,,-0.015675236524761677
NQ,range_10,5,R,1282,-0.006975016647085368,-0.08960376016160101,0.07726223411709225,-0.013684974758319117,-0.07746374103656165,0.052329020241256845,0.6345063592632885,False,-0.7999999999999999,0.513302034428795,0.5070422535211268,0.5142857142857142,0.5,,,,-0.011878570831588104
NQ,range_10,5,Q,1282,0.003169588994563534,-0.05072858803375124,0.06479661730694526,-0.004474128055788238,-0.059811451884758546,0.05670800385224643,0.8764939579072444,False,0.0,0.5125195618153364,0.49608763693270735,0.509090909090909,0.5104166666666666,,,,-0.002632053617363054
NQ,range_10,10,R,1282,-0.06770670932983662,-0.15608421533535022,0.027976026948650905,-0.04520784037808299,-0.10248051444639275,0.017517928213250943,0.11608516578766159,False,-0.7,0.5176470588235295,0.48985959438377535,0.4753246753246753,0.4322916666666667,,,,-0.04297259448088201
NQ,range_10,10,Q,1282,-0.023063267452092286,-0.07236397652432225,0.03577775780152405,-0.02524547468116224,-0.07933969781977893,0.03690383728616937,0.3804223886088671,False,-0.6,0.49726348709929635,0.47730829420970267,0.4869791666666667,0.453125,,,,-0.023336399365190177
NQ,range_10,15,R,1282,-0.07193413659849762,-0.14868766137281753,0.003311800990064181,-0.032346807636645644,-0.08472329608122056,0.028178995803646672,0.2610141319370165,False,-0.7,0.5250783699059561,0.5070422535211268,0.5065274151436031,0.4739583333333333,,,,-0.030096310021701773
NQ,range_10,15,Q,1282,-0.04381745775450986,-0.09522616530040359,0.01097180205135869,-0.040762092889444414,-0.09325335665414462,0.02077581773846936,0.15656910455065987,False,-0.7,0.5054602184087363,0.48829953198127923,0.4779220779220779,0.4322916666666667,,,,-0.03890225786880223
NQ,range_10,30,R,1282,-0.009503316964807,-0.0874243421727097,0.06467029842486256,0.005284567443968998,-0.0495045505967582,0.06268889275507965,0.8543527497526886,False,-0.3,0.53359375,0.5288611544461779,0.5298701298701298,0.5260416666666666,,,,0.0037694716534506585
NQ,range_10,30,Q,1282,-0.033539949406386535,-0.08328775245636931,0.01972986300687266,-0.029696332722068966,-0.08906067578556169,0.0340505480106139,0.3021465059046613,False,-0.7,0.4937402190923318,0.48829953198127923,0.4909090909090909,0.4583333333333333,,,,-0.028343921277681382
NQ,range_15,5,R,1282,-0.0016228404331463243,-0.08478899636722724,0.08148355465136381,-0.0068167191092331145,-0.07273889022999683,0.056929619194100355,0.812819241183214,False,-0.09999999999999999,0.513302034428795,0.5101721439749609,0.5272727272727272,0.5260416666666666,,,,-0.0049964502861407295
NQ,range_15,5,Q,1282,0.0030571142246176085,-0.050022362593632026,0.0653067440298963,-0.007752815904931727,-0.06403462185194317,0.0527438393704441,0.7876920761851467,False,-0.49999999999999994,0.5125195618153364,0.49921996879875197,0.5116883116883116,0.5104166666666666,,,,-0.005914460259771039
NQ,range_15,10,R,1282,-0.06584084223437985,-0.15550253130999794,0.02451289881002829,-0.03216412513204452,-0.08872836792645934,0.030964375097625306,0.2637186041496071,False,-0.7999999999999999,0.5176470588235295,0.49453978159126366,0.4857142857142857,0.4479166666666667,,,,-0.029898578895216427
NQ,range_15,10,Q,1282,-0.018677785085428153,-0.07024012978205546,0.0399693844826533,-0.023011136792949326,-0.0780685111870464,0.03665375788226364,0.4240233614801192,False,-0.49999999999999994,0.49726348709929635,0.4788732394366197,0.4947916666666667,0.45549738219895286,,,,-0.021096881351499387
NQ,range_15,15,R,1282,-0.06192721270121814,-0.14027246494845716,0.01714062178350489,-0.02144241860020736,-0.07292176974588273,0.038343761318800816,0.4563065532245436,False,-0.49999999999999994,0.5250783699059561,0.5086071987480438,0.5104166666666666,0.4635416666666667,,,,-0.019169478219102334
NQ,range_15,15,Q,1282,-0.03844171265354788,-0.08761772089060646,0.018481081363890196,-0.03631032881268499,-0.0902639697090119,0.025262243294097174,0.20700719806169476,False,-0.6,0.5054602184087363,0.48673946957878317,0.4987012987012987,0.4375,,,,-0.03444213949281614
NQ,range_15,30,R,1282,-0.0023843117088936006,-0.07341823938550586,0.07075538259326945,0.014924159583229879,-0.03966908128546963,0.07616082433846622,0.6041463423297402,False,-0.3,0.53359375,0.5304212168486739,0.5402597402597402,0.515625,,,,0.013424881252919275
NQ,range_15,30,Q,1282,-0.025201018360446758,-0.07662972707192717,0.029230380552311787,-0.02140016543162505,-0.07578103524177837,0.041323761155729485,0.45719476168287176,False,-0.6,0.4937402190923318,0.48829953198127923,0.5038961038961038,0.4739583333333333,,,,-0.020038437482191654
NQ,range_30,5,R,1281,-0.02426324324370136,-0.0983191758323956,0.05813235431782123,-0.008572852391515128,-0.06646827703662127,0.049878853849229465,0.7659480252880837,False,-0.19999999999999998,0.5137039937353172,0.5094043887147336,0.5221932114882507,0.5026178010471204,,,,-0.006737137801115561
NQ,range_30,5,Q,1281,-0.01328220390823077,-0.06035569949062219,0.04248494651259655,-0.010950724682506218,-0.06400325001124252,0.04670306453151049,0.7037575772082751,False,-0.09999999999999999,0.5121378230227095,0.4953125,0.5,0.5052083333333334,,,,-0.009121989724601024
NQ,range_30,10,R,1281,-0.07477436003912255,-0.16151926861700475,0.019517018813492253,-0.0327200713493472,-0.0936177914648185,0.031509226878250106,0.2557338432285112,False,-0.7999999999999999,0.5172684458398744,0.5,0.484375,0.4479166666666667,,,,-0.030452268676408562
NQ,range_30,10,Q,1281,-0.032829943706502426,-0.07939921810950223,0.026311303232103386,-0.02219910572278817,-0.07397648243362967,0.0381553292004707,0.44074381200421686,False,-0.7,0.4968701095461659,0.48746081504702193,0.4830287206266319,0.4635416666666667,,,,-0.020290718050119866
NQ,range_30,15,R,1281,-0.05049173906541845,-0.1306972592913353,0.033653748887805,-0.015838615053252746,-0.07368817108599963,0.04559842843502645,0.5823164824511793,False,-0.8999999999999998,0.5247058823529411,0.5219435736677116,0.5104166666666666,0.5104166666666666,,,,-0.013545406815150237
NQ,range_30,15,Q,1281,-0.04453493082120056,-0.09095805188344211,0.014728947127747999,-0.034374524470824064,-0.08563774970829621,0.024716312277202303,0.2324607510506218,False,-0.7,0.5050741608118657,0.4953125,0.4947916666666667,0.4635416666666667,,,,-0.032503416694615477
NQ,range_30,30,R,1281,0.009643295801596992,-0.06783680228223746,0.08324054892406012,0.021710902153521675,-0.030745300056141463,0.08187513812825763,0.4508624934479757,False,-0.3,0.5332290852228303,0.5453125,0.546875,0.515625,,,,0.02022010432387319
NQ,range_30,30,Q,1281,-0.024465340035391817,-0.07318023040734205,0.03205627396121232,-0.01714584649281661,-0.06421651026734798,0.04045311851374486,0.551571399322786,False,-0.7,0.49334377447141736,0.5,0.5052083333333334,0.46875,,,,-0.01578076141212333
NQ,range_60,5,R,1280,-0.028219234814859714,-0.10612403070433524,0.04122489392167015,-0.001975657065278841,-0.056859141527765875,0.05324180684756349,0.9453293234735753,False,-0.7,0.5141065830721003,0.5297805642633229,0.5195822454308094,0.53125,,,,-0.003204224883586604
NQ,range_60,5,Q,1280,0.0071415609574234885,-0.04611039601466311,0.056697737793051546,-0.006139603080985693,-0.06037231680471635,0.05011836347690103,0.8312471204710137,False,0.0,0.512539184952978,0.5117370892018779,0.5117493472584856,0.5208333333333334,,,,-0.0073557671207067025
NQ,range_60,10,R,1280,-0.048841959077315825,-0.1364429354565298,0.025754270451620792,-0.020036545311451062,-0.07529266266431028,0.03773342155987361,0.4867155724182073,False,-0.3,0.5176747839748626,0.5070422535211268,0.4895833333333333,0.4322916666666667,,,,-0.018524614757360013
NQ,range_60,10,Q,1280,-0.016531618229227944,-0.06713146365180264,0.03315569511875701,-0.011684380693228653,-0.06642380126318222,0.042787865950509645,0.6850570952184962,False,-0.6,0.49725920125293654,0.4952978056426332,0.4830287206266319,0.4607329842931937,,,,-0.01173603617591352
NQ,range_60,15,R,1280,-0.044710927770842096,-0.13070127373843896,0.0317516045498924,-0.0020155175033954582,-0.05593304887043752,0.053731136448924896,0.9442280769607996,False,-0.39999999999999997,0.5251177394034537,0.5273865414710485,0.5130208333333334,0.4739583333333333,,,,-0.00018586014598895596
NQ,range_60,15,Q,1280,-0.025771032785235088,-0.07519817884824263,0.023224998803162648,-0.02408223697017545,-0.07672497190262309,0.02842689931696992,0.4031364475289041,False,-0.6,0.50546875,0.503125,0.4921875,0.4322916666666667,,,,-0.024101384427467294
NQ,range_60,30,R,1280,0.02062595176339124,-0.07354825881768227,0.106249939040842,0.039110560261196844,-0.01746254717242575,0.09304582958176809,0.17440577481122155,False,0.19999999999999998,0.5336463223787168,0.5609375,0.5416666666666666,0.5052083333333334,,,,0.04132682730850608
NQ,range_60,30,Q,1280,-0.004896829506791209,-0.05598669887970248,0.042976002972326344,-0.0009954133808118334,-0.05377406103022347,0.05449904728776394,0.9724386935528591,False,0.0,0.493730407523511,0.5109375,0.4921875,0.4375,,,,-0.0006998739881796233
NQ,close_location_5,5,R,1282,-0.00795231456398364,-0.05899321579559611,0.04457868540822964,0.006025246124924563,-0.044408652971995165,0.05279187009892911,0.8342166253373338,False,0.3,0.5059760956175299,0.5078369905956113,0.49476439790575916,0.5078534031413613,-0.26454578153337993,-2.8961530618965114,2.7911955910513995,0.006289793512030368
NQ,close_location_5,5,Q,1282,-0.0066362061965762895,-0.06405640231289646,0.04967731450846184,-0.004756449630645946,-0.0641244519601732,0.048655894277133654,0.8687690575395641,False,0.09999999999999999,0.48764940239043825,0.48589341692789967,0.49214659685863876,0.46842105263157896,0.004611835749691009,-0.05279051005052087,0.07038912043103711,-0.0046019280011255406
NQ,close_location_5,10,R,1282,0.014800265769103158,-0.03804954985738654,0.06359167184591641,0.027307296684791156,-0.02680403341405167,0.07781030231907334,0.34272861348354655,False,0.3,0.512779552715655,0.5329153605015674,0.5300261096605744,0.5260416666666666,1.6932378897028277,-2.675916536216906,5.637380711293148,0.02683657858239588
NQ,close_location_5,10,Q,1282,0.005759746709047118,-0.045296876931416895,0.0638889512396199,0.008044495226268416,-0.04351633407134331,0.0669751306393854,0.7799062228057985,False,0.49999999999999994,0.4928343949044586,0.496875,0.5116883116883116,0.5104166666666666,0.012099628115048616,-0.05007210925557297,0.08369932225494103,0.008349729358911217
NQ,close_location_5,15,R,1282,-0.0061877824763455005,-0.06071446466607731,0.049318439880423594,0.02078431445851076,-0.029266549589374365,0.07288115717997944,0.47025012214992357,False,-0.3,0.509976057462091,0.5140625,0.5286458333333334,0.5287958115183246,0.7055444947668116,-4.348645665521748,5.037893154047235,0.019872891748798575
NQ,close_location_5,15,Q,1282,0.009977686554604794,-0.03991671174692765,0.06462756779693311,0.01167719290615324,-0.04017666851896781,0.06666386613977754,0.6850072977964259,False,0.6,0.5075456711675933,0.516380655226209,0.5324675324675324,0.5260416666666666,0.019908255662469093,-0.043810343535927124,0.0878453549979345,0.01090858154594815
NQ,close_location_5,30,R,1282,0.00482481889824989,-0.04529246173906157,0.06004800277776512,0.00834972393861077,-0.04272139742375811,0.06431880403566095,0.7717822374458745,False,0.39999999999999997,0.48607796340493237,0.49765990639625585,0.5064935064935064,0.5208333333333334,1.2402643950677326,-5.066482168910909,7.711764035381014,0.007825824054179392
NQ,close_location_5,30,Q,1282,-0.0023961048453582856,-0.054374539813272414,0.05112892211266526,-0.00041236673334004527,-0.05219456688077025,0.05224199362031009,0.9885714483075156,False,0.09999999999999999,0.4940239043824701,0.5023474178403756,0.5065274151436031,0.5078534031413613,-0.003209812602043327,-0.07543768243322592,0.06203881074728165,-0.0013078761959291524
NQ,close_location_10,5,R,1282,-0.021372568210719756,-0.07027648802941781,0.02856841232271656,-0.0017011646886412718,-0.052373090080065535,0.047874461622430795,0.9528787841118358,False,-0.7999999999999999,0.49564528899445764,0.5219435736677116,0.5130890052356021,0.49214659685863876,-2.374806523768867,-5.192084746958054,0.9158652225850393,-0.001453167433442194
NQ,close_location_10,5,Q,1282,-0.013772916920035695,-0.06492624706212526,0.04406556940898015,-0.011708866603248862,-0.06396243995001485,0.04702673776469942,0.6841988474710248,False,-0.39999999999999997,0.47110055423594616,0.4890282131661442,0.4738219895287958,0.4497354497354497,-0.04397980538363677,-0.10900167193893068,0.02875014366786437,-0.011556913666543265
NQ,close_location_10,10,R,1282,-0.004982684222532951,-0.05664640648561927,0.045391463948218316,0.014151867041490193,-0.03776213298043458,0.06467971599775325,0.6229915781388622,False,0.0,0.5035685963521015,0.5282131661442007,0.5260416666666666,0.53125,-2.0494494040932083,-6.324445940244554,2.3026317136252197,0.013655502646670583
NQ,close_location_10,10,Q,1282,-0.0021211852063123164,-0.054590554359404464,0.05260070635985905,0.00033468150033031605,-0.05349370939550033,0.0545782560607174,0.9907243502373508,False,-0.09999999999999999,0.4786392405063291,0.4984375,0.4961038961038961,0.4895833333333333,-0.03112823468439986,-0.09881383734981877,0.04247901426897443,0.0006241589733407528
NQ,close_location_10,15,R,1282,-0.019083077615541455,-0.07513434265267828,0.03225598115973597,0.015655201705605734,-0.0374209078736026,0.06529022225955274,0.5865469754925177,False,-0.7999999999999999,0.507533703409992,0.5203125,0.5130208333333334,0.5340314136125655,-3.0328947039938488,-7.778663800097862,1.4755076410628924,0.014718250783829505
NQ,close_location_10,15,Q,1282,0.00324414793217652,-0.04868605428407083,0.05998290278067493,0.004621076422158108,-0.04797560421694876,0.06054900936095208,0.8724716339034244,False,-0.09999999999999999,0.4956590370955012,0.5132605304212169,0.5116883116883116,0.515625,-0.018145701797731957,-0.08817702187328984,0.05225288574924986,0.00383224951948446
NQ,close_location_10,30,R,1282,3.194412991377452e-05,-0.048470564782677396,0.056213461928311226,0.00331536227028432,-0.04569939269233664,0.0575071081417429,0.9083155149863067,False,0.09999999999999999,0.48221343873517786,0.49921996879875197,0.5038961038961038,0.5208333333333334,-1.5878675424274653,-8.027832398406256,3.8787910887344395,0.0027756281416950333
NQ,close_location_10,30,Q,1282,-0.005576927989220218,-0.05716220726004001,0.04917430693818509,-0.00408998542022475,-0.057012988373034194,0.05151662293762981,0.8870236444067112,False,-0.49999999999999994,0.48693586698337293,0.5007849293563579,0.4830287206266319,0.47643979057591623,-0.02862684263095588,-0.10054935651300598,0.03464289291004743,-0.005001840176536959
NQ,close_location_15,5,R,1282,-0.03631828858977642,-0.08723734576850835,0.013769490032091457,-0.01494298676417087,-0.0669302640612087,0.03515424102121569,0.6036901327048183,False,-0.6,0.48578199052132703,0.5054945054945055,0.5026178010471204,0.48947368421052634,-3.7594597717429385,-6.755450395213211,-0.9379732215405497,-0.014707838936649283
NQ,close_location_15,5,Q,1282,-0.023305478288584307,-0.0729690518728984,0.03523528260626702,-0.02048039787741621,-0.071189395042223,0.03693150999783208,0.476767796516798,False,-0.7,0.46208530805687204,0.48119122257053293,0.46335078534031415,0.42857142857142855,-0.05310801274533646,-0.12269071827040591,0.008957960830840835,-0.020335734690220205
NQ,close_location_15,10,R,1282,-0.02522117480713572,-0.07811242312632863,0.02860485039926096,-0.00456186017481087,-0.0570195557095831,0.050409773290048865,0.8740921326037794,False,-0.09999999999999999,0.48614410134600156,0.5243328100470958,0.5260416666666666,0.53125,-4.210503527225109,-8.14026863565094,-0.053432226711494626,-0.005090301555598739
NQ,close_location_15,10,Q,1282,-0.016464304237219483,-0.0670436745937401,0.03723310679928558,-0.01251781702726711,-0.06503069347090902,0.04434434184717494,0.6636755613393008,False,-0.6,0.4664561957379637,0.4953125,0.4895833333333333,0.46875,-0.06122749152923167,-0.13267742105198885,0.012978809545222873,-0.012236632373283261
NQ,close_location_15,15,R,1282,-0.03220090859187723,-0.08810446406791268,0.020666510412168874,0.0036448665827159194,-0.047505409988870255,0.05565370971948943,0.8992495686692263,False,-0.19999999999999998,0.4912974683544304,0.521875,0.5364583333333334,0.5287958115183246,-5.13085644852289,-9.635987728635998,-0.35308483106840793,0.0026816858830248417
NQ,close_location_15,15,Q,1282,-0.011017392533636625,-0.06192375797758481,0.043758922200796836,-0.00783793798680523,-0.05998274916787289,0.04639747527550046,0.7854176680548666,False,0.19999999999999998,0.4826771653543307,0.514820592823713,0.5194805194805194,0.5052083333333334,-0.05423074243292582,-0.12667671440563094,0.017122739348008037,-0.008644536248695187
NQ,close_location_15,30,R,1282,-0.006489860857004161,-0.059461818336268756,0.049918896231783506,-0.004262024543564832,-0.05324935586988308,0.0514217982047039,0.8823053253811768,False,0.0,0.47791798107255523,0.48673946957878317,0.509090909090909,0.515625,-2.5430485462465304,-8.341621489236932,3.166384280552925,-0.004809295881990152
NQ,close_location_15,30,Q,1282,-0.017205107491917355,-0.06973097080800904,0.03986930557454106,-0.01422342004887621,-0.06711517638686854,0.042262228564816665,0.6212349063384628,False,-0.49999999999999994,0.471563981042654,0.4976452119309262,0.4960835509138381,0.46596858638743455,-0.05544626743211424,-0.12527582561056347,0.009006984188136637,-0.015151152066690042
NQ,close_location_30,5,R,1281,-0.03950148158172619,-0.08748082647193478,0.0141014700455281,-0.00584143908148472,-0.057734146886728205,0.051211255695032196,0.8392660485943046,False,-0.6,0.504739336492891,0.5219435736677116,0.5366492146596858,0.5026178010471204,-2.5342553688141924,-5.2365579432127465,0.6924445797822664,-0.005610974909865432
NQ,close_location_30,5,Q,1281,-0.001578853458807711,-0.050360938146135126,0.0569170961404022,-0.0004421680682280877,-0.049300713494645806,0.05768155196656994,0.9877503720480525,False,0.3,0.4960505529225908,0.48427672955974843,0.49476439790575916,0.45789473684210524,-0.006762358651432515,-0.06787689538486076,0.05857392466153388,-0.00027592785808096905
NQ,close_location_30,10,R,1281,-0.038544603870111396,-0.09212721013052826,0.018927616639523435,-0.009171959536493602,-0.06180913687817163,0.0474882642870003,0.7501182833052986,False,-0.09999999999999999,0.49683544303797467,0.5203761755485894,0.5456919060052219,0.5392670157068062,-3.5627756421717622,-8.040001452708742,1.082632742813437,-0.00970711483227492
NQ,close_location_30,10,Q,1281,0.002474189370881897,-0.04491302775262927,0.05815617653538038,0.0038426090305923853,-0.04669781422912302,0.06046797484242415,0.8938563956607828,False,0.09999999999999999,0.4909234411996843,0.5054773082942097,0.5300261096605744,0.5052083333333334,-0.008945173144882364,-0.07290336505544641,0.06024049009520231,0.00413733316595295
NQ,close_location_30,15,R,1281,-0.027730723362181218,-0.0759269627954489,0.029172857198384115,0.008578954765972787,-0.038598158754495945,0.06899444807673759,0.7657862815026195,False,-0.09999999999999999,0.5079113924050633,0.5273865414710485,0.5442708333333334,0.5260416666666666,-2.315073901901186,-6.875790081103363,2.86251589288197,0.00762420815090375
NQ,close_location_30,15,Q,1281,0.005709347818188717,-0.04387357951331978,0.06489851671422556,0.0066796209335620435,-0.04368636494823908,0.06556989551117313,0.8165866412420419,False,0.19999999999999998,0.49921259842519683,0.5234375,0.5416666666666666,0.5416666666666666,-0.003754707932215995,-0.06584774581793122,0.0646483896270456,0.005905546765718198
NQ,close_location_30,30,R,1281,-0.004042016357763024,-0.05918549024245018,0.055933511760895324,-0.0036151391717963964,-0.05959690592421847,0.05242602305027391,0.9001058346260022,False,0.09999999999999999,0.500788643533123,0.4875,0.4869791666666667,0.515625,1.5915293422333472,-4.276526865178695,8.076027015416093,-0.004155194002239976
NQ,close_location_30,30,Q,1281,-0.0010802411457635993,-0.05210243901425099,0.0571929991891756,-0.0008686981053656905,-0.05152176570190578,0.0579209928907383,0.975936672200586,False,-0.09999999999999999,0.4849921011058452,0.49295774647887325,0.5,0.4895833333333333,0.003147161899836033,-0.05691635878559942,0.0684669938833568,-0.0017738482099172918
NQ,close_location_60,5,R,1280,-0.008681035864998054,-0.06233616699067688,0.04612581245299309,0.027581503020567524,-0.02448536620504327,0.07808331159102869,0.33827954609405686,False,-0.3,0.5133647798742138,0.5219435736677116,0.5471204188481675,0.5526315789473685,-0.6543947078713532,-3.548224448572777,2.610951076806635,0.027834097137728296
NQ,close_location_60,5,Q,1280,0.03834217832218823,-0.014675316894511632,0.09167538847541461,0.03946731844099971,-0.013544015072433666,0.09303081098630389,0.17050454921790337,False,0.7,0.5039308176100629,0.5015673981191222,0.5091383812010444,0.518324607329843,0.03579227871757923,-0.027501591219318205,0.09858391282869976,0.039661541056188986
NQ,close_location_60,10,R,1280,-0.016903120851034938,-0.06784228297615082,0.03618688621035281,0.0062894263426303346,-0.04521315970975568,0.059573528082006465,0.8271932040395584,False,-0.6,0.5090479937057435,0.5180533751962323,0.5352480417754569,0.5549738219895288,-1.2557501769285209,-5.53085651834159,3.2358952951757463,0.005783423900660753
NQ,close_location_60,10,Q,1280,0.0355528266248398,-0.016324829838053934,0.08912207708522368,0.036190815674571344,-0.015668799583717204,0.09079974169657118,0.2088633474388879,False,0.7999999999999999,0.5074626865671642,0.512539184952978,0.5274151436031331,0.5416666666666666,0.03301131198658002,-0.03626428464206187,0.09782986357925713,0.036503222431228735
NQ,close_location_60,15,R,1280,-0.005391814395385637,-0.05843044592198443,0.05207587542671302,0.026920324558332695,-0.029066781054886345,0.08140011483323654,0.34999228736535404,False,0.09999999999999999,0.5133858267716536,0.5283018867924528,0.5221932114882507,0.5416666666666666,-0.34517280018872376,-5.052214739620194,4.330134920283868,0.02597681725116251
NQ,close_location_60,15,Q,1280,0.0383426810052579,-0.015265141003210102,0.09079065594882592,0.0390468535102417,-0.014950160711082678,0.09044941908902109,0.17510936850558023,False,0.7999999999999999,0.5109717868338558,0.5296875,0.5416666666666666,0.5677083333333334,0.03630044554579828,-0.031707061787037485,0.10682303751861141,0.03832876767546588
NQ,close_location_60,30,R,1280,0.011621840533298731,-0.041186005935484646,0.0653934483598963,0.013458567083028122,-0.04119270474393837,0.0678820297527788,0.6403839369191227,False,-0.19999999999999998,0.5102040816326531,0.509375,0.4739583333333333,0.484375,0.5138520287803727,-5.507110007765196,6.2202586228080525,0.012927753533329733
NQ,close_location_60,30,Q,1280,0.02531559203283859,-0.02878064527475365,0.07868381323824049,0.026108989686072503,-0.028166733770728924,0.0794681996424451,0.36471158608849796,False,0.19999999999999998,0.4944968553459119,0.48982785602503914,0.4751958224543081,0.4895833333333333,0.030963617748456906,-0.03672042056457316,0.10303690050185142,0.025222996707583933
NQ,signed_path_eff_5,5,R,1282,-0.028219333796523225,-0.08098687959463191,0.024728297640743756,-0.009348028205977143,-0.0627312092115102,0.04798016605550362,0.7453896198853693,False,-0.6,0.5027799841143765,0.5149136577708007,0.5274151436031331,0.515625,-2.4526032945306353,-5.235044327627252,0.09252299917283638,-0.009116113712168418
NQ,signed_path_eff_5,5,Q,1282,-0.0029954252650467687,-0.05712622958175548,0.05799775807797521,-0.003277797175674047,-0.05682425528910049,0.056586928115015755,0.909349857015334,False,-0.19999999999999998,0.47736298649722003,0.4827586206896552,0.4869109947643979,0.46596858638743455,-0.025604284995056258,-0.09521073606460172,0.035750126312071064,-0.003128419844378885
NQ,signed_path_eff_5,10,R,1282,-0.010145928267242614,-0.06919104462490863,0.0447736540391349,-0.006178162364853594,-0.06576771948625233,0.05028933067765316,0.8300724646535955,False,-0.09999999999999999,0.49044585987261147,0.5171875,0.5194805194805194,0.5052083333333334,-4.043666274940989,-7.849247609296507,-0.7144048396614684,-0.006667511550948977
NQ,signed_path_eff_5,10,Q,1282,-0.0016408503873815968,-0.05369875842555178,0.05611476553600296,-0.002918026790647146,-0.05516059127547116,0.05323203799648274,0.9192635312353779,False,0.0,0.4793650793650794,0.5,0.5052083333333334,0.5208333333333334,-0.03914079470534355,-0.10519485960018594,0.0222369405081206,-0.002643723849511467
NQ,signed_path_eff_5,15,R,1282,-0.016631307439053736,-0.0721959635281215,0.04010926177344733,0.008684117320023022,-0.043652592613723035,0.05867932232840727,0.7629106217722821,False,-0.3,0.492442322991249,0.5109375,0.5052083333333334,0.5235602094240838,-4.150496424032118,-8.398011608655962,0.021623336216634786,0.007767842760753537
NQ,signed_path_eff_5,15,Q,1282,0.0021656254725147418,-0.052005053041160425,0.0632314455946239,0.0010030266469230394,-0.050909361210014374,0.0588181598907793,0.9722062492647694,False,0.09999999999999999,0.4908946951702296,0.516380655226209,0.5246753246753246,0.5364583333333334,-0.03811050385725769,-0.10556289277134838,0.019193109130607608,0.00024254451469923722
NQ,signed_path_eff_5,30,R,1282,0.019195171580783935,-0.03616879798564399,0.07850782488946666,0.01634056973124894,-0.03664497006930712,0.07987612472375417,0.5702659460395454,False,0.3,0.4908802537668517,0.5070202808112324,0.4857142857142857,0.515625,0.8320259698993282,-4.697455038760667,5.675577832151431,0.015815073915922608
NQ,signed_path_eff_5,30,Q,1282,0.0023512994616645194,-0.0511595546435795,0.06101450022908252,0.0009786262435184767,-0.05249457109154072,0.060962650712803185,0.9728821183706295,False,0.0,0.4837172359015091,0.5062695924764891,0.49869451697127937,0.4947916666666667,-0.02612447860376687,-0.09069679493631028,0.03190168472394559,0.00011244400429784646
NQ,signed_path_eff_10,5,R,1282,-0.03242992935138489,-0.0825378254046788,0.016000380769033606,-0.016626455815765214,-0.06461674725408084,0.03380940285350702,0.5635388223678905,False,-0.6,0.5023847376788553,0.49921507064364207,0.5392670157068062,0.531578947368421,-1.3532888788426762,-4.607002335744425,1.5953554161643533,-0.01755117108642639
NQ,signed_path_eff_10,5,Q,1282,-0.014345516414110176,-0.06885975076225923,0.04637033456441774,-0.020330065634660027,-0.076973650584165,0.041017566801191174,0.4800099275714258,False,0.09999999999999999,0.4769475357710652,0.471875,0.4987012987012987,0.4895833333333333,-0.0243286066855478,-0.08616497574603378,0.03529447484833254,-0.020482420129772062
NQ,signed_path_eff_10,10,R,1282,-0.02247904115259864,-0.07616957698212769,0.026949534061980654,-0.018981421269515717,-0.07181941118757244,0.03203421866056413,0.5096250122196695,False,-0.6,0.4964143426294821,0.49765258215962443,0.5364583333333334,0.546875,-1.816701828410689,-6.185371835443038,2.2789378955696185,-0.019769889854570774
NQ,signed_path_eff_10,10,Q,1282,-0.004420662051666434,-0.057626754252261846,0.05027838490761933,-0.01133621243280624,-0.06352483853798797,0.0437703810095288,0.6937332515424011,False,0.0,0.4908657664813344,0.48200312989045385,0.5116883116883116,0.53125,-0.014697989989536156,-0.0797226478124508,0.0491077109234619,-0.012270371126964684
NQ,signed_path_eff_10,15,R,1282,-0.0334244599633652,-0.0856271037239373,0.018437539851310265,-0.007183892445112282,-0.06022537794220256,0.041999278371026,0.8029388989274615,False,-0.7999999999999999,0.49442675159235666,0.509375,0.5376623376623376,0.5625,-3.141716897729556,-7.721625006278883,1.2841803860257113,-0.008006502597241085
NQ,signed_path_eff_10,15,Q,1282,-0.003717215460506975,-0.05853347775424793,0.04982652937180898,-0.010279251339814752,-0.0647141511918396,0.04510912042934631,0.7210358583921703,False,0.0,0.5015847860538827,0.5085803432137286,0.5324675324675324,0.5416666666666666,-0.02014729160508942,-0.08169640301273917,0.047373972876520246,-0.011219458628235358
NQ,signed_path_eff_10,30,R,1282,-0.006326153395486921,-0.05882006632950294,0.04790651794508184,-0.00874020604945122,-0.06279590954676358,0.042390142130247666,0.7614255657839597,False,-0.09999999999999999,0.4976190476190476,0.48985959438377535,0.4987012987012987,0.4895833333333333,1.0850123066104078,-4.0441528531243724,6.809695505575641,-0.009548003487542655
NQ,signed_path_eff_10,30,Q,1282,-0.005150317038887605,-0.05713800645875423,0.050050775284687474,-0.010657673457836319,-0.0641370553616643,0.04403093824453205,0.7112177394344381,False,0.0,0.4864864864864865,0.4890282131661442,0.5039164490861618,0.5052631578947369,-0.011149035424785207,-0.07569546844087219,0.057059000521932926,-0.011687583082625214
NQ,signed_path_eff_15,5,R,1282,-0.04808988560462987,-0.09399012207491451,-0.00025450779393924205,-0.035899591322257465,-0.08521666153289822,0.020232982870203017,0.2121953113661177,False,-0.8999999999999998,0.47736298649722003,0.49686520376175547,0.5013054830287206,0.531578947368421,-3.1259805028605845,-5.844485188949112,-0.2784229618337906,-0.03582773594802276
NQ,signed_path_eff_15,5,Q,1282,-0.022523056995962465,-0.07170507109883024,0.03370566846603513,-0.027429335989409283,-0.07802228944076937,0.02835249265749612,0.3405748551241814,False,-0.6,0.4686258935663225,0.47417840375586856,0.4753246753246753,0.5208333333333334,-0.05718609604290764,-0.123037800761915,0.00571912455194475,-0.025704313674376762
NQ,signed_path_eff_15,10,R,1282,-0.037098356403744516,-0.08567988089117645,0.02100646884142936,-0.030813638487991006,-0.07973561633834603,0.02317485225637022,0.28430985628629735,False,-0.6,0.4864649681528662,0.49686520376175547,0.5286458333333334,0.5677083333333334,-3.954416967780789,-7.731371245483288,0.15272574149351897,-0.03055462780755983
NQ,signed_path_eff_15,10,Q,1282,-0.015423117153781231,-0.06564665764002164,0.03927865933453705,-0.024810660011236267,-0.07384318422282866,0.033309803013209294,0.38868475692672155,False,-0.19999999999999998,0.48253968253968255,0.49216300940438873,0.4895833333333333,0.5364583333333334,-0.0596584000727291,-0.12604091651446792,0.0002762223949121163,-0.02300148729766593
NQ,signed_path_eff_15,15,R,1282,-0.03154981682748111,-0.08330504711671811,0.02103519406592997,-0.010601281849112734,-0.06654899315600088,0.04324669988095857,0.7126778313023774,False,-0.7999999999999999,0.5039745627980922,0.5007824726134585,0.5376623376623376,0.5989583333333334,-3.1408348389039444,-7.879326021906053,1.21330660945498,-0.010416139607638437
NQ,signed_path_eff_15,15,Q,1282,-0.009174817798302435,-0.06038288415790247,0.0463091812754099,-0.020288448549052703,-0.0699858574118006,0.03511570223991343,0.4809095763836795,False,-0.19999999999999998,0.49406175771971494,0.5054602184087363,0.522077922077922,0.578125,-0.052835735543754696,-0.12035418045512018,0.008089245884082047,-0.01850315596472897
NQ,signed_path_eff_15,30,R,1282,-0.009521877170956787,-0.06472726016295227,0.04468158916720386,-0.020563776113492967,-0.07285600087630316,0.03134020155144325,0.4749747993764797,False,0.0,0.48691514670896113,0.4664586583463339,0.4831168831168831,0.5208333333333334,-0.7879761367058113,-6.675256935034628,4.987258261818729,-0.020294741719500894
NQ,signed_path_eff_15,30,Q,1282,-0.013973726936081014,-0.06550655349008878,0.03934408543260109,-0.02515701818942748,-0.07751605420646815,0.029146711136782827,0.38209445596617364,False,-0.19999999999999998,0.48610007942811756,0.475,0.5078125,0.5520833333333334,-0.03745086272951434,-0.09962976221629599,0.027653103875230768,-0.023357828891451826
NQ,signed_path_eff_30,5,R,1281,-0.016807367151924265,-0.06840073955657634,0.036182397544974654,0.006149743083609319,-0.04565720264046726,0.06564766424289964,0.8309074405592114,False,-0.6,0.5209486166007905,0.5149136577708007,0.5248041775456919,0.5340314136125655,-1.5933228004123525,-4.757357777553673,1.1554786596297768,0.006072276499139288
NQ,signed_path_eff_30,5,Q,1281,0.018026815927895238,-0.02924694403349984,0.07235080237064948,0.01961049098003264,-0.030677113739840046,0.07372744079763172,0.49586203362233006,False,0.09999999999999999,0.5059288537549407,0.4945054945054945,0.48825065274151436,0.5,0.03610977361833405,-0.029631870779190373,0.09718946480819977,0.019127424668739394
NQ,signed_path_eff_30,10,R,1281,-0.02843136724041654,-0.08219638420201468,0.027243354171202945,-0.01421660112189794,-0.06575792405323125,0.03999242048234436,0.6215386149809023,False,-0.7,0.5190174326465927,0.4890282131661442,0.5130890052356021,0.5,-2.809869571063601,-7.259182129891085,0.632138855273183,-0.014575097636203
NQ,signed_path_eff_30,10,Q,1281,0.023349049734377535,-0.027467995167606663,0.07468572802992883,0.022859449223843063,-0.028699644185523232,0.07788743084373233,0.4272662941512362,False,0.3,0.5150078988941548,0.4945226917057903,0.4934725848563969,0.484375,0.04286918552502003,-0.02368393335735589,0.10206547410916636,0.02229538911786044
NQ,signed_path_eff_30,15,R,1281,-0.006940844250709294,-0.06295887686767657,0.05022878873166594,0.017194754965810456,-0.03420664419102201,0.07432326031137236,0.550436743573044,False,-0.19999999999999998,0.517814726840855,0.5258215962441315,0.5274151436031331,0.5260416666666666,-1.6033963067545156,-5.507233259378782,2.9807268555869255,0.016591229491294938
NQ,signed_path_eff_30,15,Q,1281,0.02899132106693687,-0.02064587627458442,0.08182650558958884,0.02719258799980205,-0.024430634386658084,0.08151977691722644,0.3449495776060427,False,0.3,0.5169424743892829,0.5109375,0.5234375,0.5364583333333334,0.04116847064558573,-0.02465605575612026,0.10199618864600934,0.02596252196479498
NQ,signed_path_eff_30,30,R,1281,-0.007948362344422892,-0.06724064015890194,0.05419965867250762,-0.013161466213441806,-0.0685776485018621,0.04720101419138268,0.6476516477033984,False,-0.09999999999999999,0.49171270718232046,0.49375,0.4713541666666667,0.4947916666666667,-2.507003271928645,-7.983778601362557,2.6245398850342845,-0.01339371012149621
NQ,signed_path_eff_30,30,Q,1281,0.017404539795648176,-0.03473525086893574,0.07304981552510835,0.015047228698355845,-0.03694749422595064,0.07149381437271901,0.6013092641442681,False,0.09999999999999999,0.4964426877470356,0.4945226917057903,0.4960835509138381,0.5026178010471204,0.018535894788581347,-0.0440179043453893,0.0768038790243144,0.013480144692006743
NQ,signed_path_eff_60,5,R,1280,-0.007524889547065755,-0.06069462105963116,0.049839607255156765,0.027290729315769452,-0.025692535738668146,0.07819784002065092,0.34339928782626217,False,0.19999999999999998,0.5134069400630915,0.5290423861852434,0.5065274151436031,0.49214659685863876,1.1381888515755794,-1.4873125872982853,3.844793229987023,0.028672661422935584
NQ,signed_path_eff_60,5,Q,1280,0.05127454479841021,0.00014825756623662188,0.10181487261664736,0.05704388073884908,0.00454905289488341,0.10703755683153482,0.047469199349588154,False,0.7999999999999999,0.5240726124704025,0.5320813771517997,0.4973958333333333,0.5208333333333334,0.06085191162014319,0.002287134014905972,0.11666985309280758,0.05673319438397775
NQ,signed_path_eff_60,10,R,1280,-0.028962662663967947,-0.08215318441203788,0.0258916496268037,-0.016095538527064662,-0.06434078921464341,0.03383217289250324,0.5763604514650114,False,-0.39999999999999997,0.497626582278481,0.5007824726134585,0.48825065274151436,0.4479166666666667,-0.6589503650430424,-4.179262586431493,3.43684325066619,-0.01460617032877568
NQ,signed_path_eff_60,10,Q,1280,0.030592004618031566,-0.020756412188925842,0.08473645362752176,0.034251142933148154,-0.017516513417152362,0.08883905793248431,0.23432585682131002,False,0.9999999999999999,0.5070977917981072,0.5219435736677116,0.5091383812010444,0.5078534031413613,0.032273208185314955,-0.022035853169032085,0.09204401236008644,0.03450403089697518
NQ,signed_path_eff_60,15,R,1280,-0.022424746075433145,-0.07432473374006254,0.03783350609402983,-0.0058894108830117526,-0.056781193738965174,0.048478687766674584,0.8380267707003968,False,-0.19999999999999998,0.4964426877470356,0.5031347962382445,0.4973958333333333,0.453125,0.28638542997810734,-4.065403364513061,5.832613323699562,-0.004092092998454035
NQ,signed_path_eff_60,15,Q,1280,0.022335446992558985,-0.026060096902706754,0.07759722763891003,0.027391101443174137,-0.02067097955086315,0.07950038118634443,0.3416264479697255,False,0.8999999999999998,0.5035405192761605,0.515625,0.5052083333333334,0.5104166666666666,0.024839601330336303,-0.028646555862235128,0.08717410443006557,0.028306626265273548
NQ,signed_path_eff_60,30,R,1280,-0.0037907429289708054,-0.0598598620409607,0.05338373981685946,-0.007852545658325506,-0.06510644905015589,0.04527369754208244,0.7851915635364508,False,0.19999999999999998,0.5035460992907801,0.509375,0.4817708333333333,0.4583333333333333,1.0561996641802134,-4.433551408783817,7.401854639687161,-0.010011081623412469
NQ,signed_path_eff_60,30,Q,1280,0.005184086025026145,-0.04700691098710566,0.060867555783016954,0.008245031027728406,-0.04719715503535639,0.061504764492294216,0.7747375497747193,False,0.49999999999999994,0.48066298342541436,0.4740973312401884,0.4635416666666667,0.46875,0.0029137418154061246,-0.050829218982376634,0.06864412648033873,0.008172050008043594
NQ,relative_volume_5,5,R,1262,0.011104580855085788,-0.03935405128991744,0.07125318398832564,-0.014659231801963345,-0.07238167923866948,0.041900198706044015,0.6133865778040222,False,0.0,0.5151033386327504,0.5063694267515924,0.5092838196286472,0.4946808510638298,,,,-0.016602667614981338
NQ,relative_volume_5,5,Q,1262,-0.03204755075907939,-0.08912339672465425,0.02382747011736516,-0.028521289062058027,-0.08398488885580356,0.029309739345084473,0.3255034278126612,False,-0.09999999999999999,0.5123113582208102,0.4944356120826709,0.46296296296296297,0.46808510638297873,,,,-0.030368673116372296
NQ,relative_volume_5,10,R,1262,0.00940895886228327,-0.037606582962113645,0.0646486591615738,-0.013881534392829808,-0.06542005234597868,0.046255810849145304,0.6323387767051258,False,0.3,0.5187250996015936,0.5071542130365659,0.503957783641161,0.49206349206349204,,,,-0.015764303226961148
NQ,relative_volume_5,10,Q,1262,-0.02092183168158213,-0.07951661436855739,0.03782408350588443,-0.014973294047182291,-0.07212981018102382,0.043741661627488736,0.6058045808051415,False,-0.09999999999999999,0.4980142970611596,0.4857142857142857,0.4708994708994709,0.455026455026455,,,,-0.016920964782923185
NQ,relative_volume_5,15,R,1262,-0.0012581169241833836,-0.04513029354331026,0.04722449234423749,-0.003470873537416238,-0.05593275842497152,0.0473008247895153,0.904784902679024,False,0.0,0.5238853503184714,0.5294117647058824,0.5291005291005291,0.5159574468085106,,,,-0.004683236181179495
NQ,relative_volume_5,15,Q,1262,-0.02539472473353348,-0.08500190664119449,0.03401997837043191,-0.018894877802313505,-0.07122450043681003,0.0395760783828094,0.5148774001495857,False,-0.09999999999999999,0.506339144215531,0.49128367670364503,0.47757255936675463,0.4656084656084656,,,,-0.02084997640227701
NQ,relative_volume_5,30,R,1262,0.012272723852379566,-0.0356715916933649,0.06265771894438185,0.008614204619512289,-0.04778557704746247,0.06093433723009469,0.7665555594370885,False,0.09999999999999999,0.5341269841269841,0.5253968253968254,0.5277044854881267,0.5238095238095238,,,,0.008919688130400887
NQ,relative_volume_5,30,Q,1262,-0.02815592811182188,-0.08691785687701382,0.02901248321032029,-0.01834383553622076,-0.07347244315222655,0.034120533158042504,0.5272140543179384,False,0.09999999999999999,0.4960254372019078,0.4912559618441971,0.5013192612137203,0.5132275132275133,,,,-0.019909596943959437
NQ,relative_volume_10,5,R,1262,0.0057878290388701506,-0.05422821202784042,0.07035377005242967,-0.02529957653860309,-0.08047131814299098,0.026703208548045577,0.38315428280076014,False,-0.8999999999999998,0.5151033386327504,0.49761526232114467,0.5039787798408488,0.5,,,,-0.027262379967712948
NQ,relative_volume_10,5,Q,1262,-0.03244330448782343,-0.09044805069085257,0.02136489597159448,-0.04076122498688776,-0.10045311885337088,0.013411230329256252,0.15985629484485098,False,-0.7,0.5123113582208102,0.48807631160572335,0.46825396825396826,0.4574468085106383,,,,-0.04263271869717403
NQ,relative_volume_10,10,R,1262,0.00554970927063294,-0.05296062661349732,0.06765756596684755,-0.02262668370984,-0.07583324002232783,0.029798560604802554,0.4354327725610254,False,-0.7,0.5187250996015936,0.505564387917329,0.5092348284960422,0.5026455026455027,,,,-0.02451778746576134
NQ,relative_volume_10,10,Q,1262,-0.01871711499326932,-0.07596545062572234,0.03942659543903154,-0.02611551109483775,-0.08046434043050464,0.029334897150398696,0.36799373701927696,False,-0.8999999999999998,0.4980142970611596,0.4777777777777778,0.48548812664907653,0.4603174603174603,,,,-0.028077265910442947
NQ,relative_volume_10,15,R,1262,-0.005249532962930254,-0.054062669060845114,0.04908340354997372,-0.01891088850151183,-0.06646628872340458,0.028250256271252067,0.514521206538634,False,-0.49999999999999994,0.5238853503184714,0.5111464968152867,0.5291005291005291,0.5185185185185185,,,,-0.020159788768126415
NQ,relative_volume_10,15,Q,1262,-0.024755700507084668,-0.08394972657295854,0.03489681793115918,-0.03258993998655347,-0.08757177160010797,0.02203817768359083,0.2611985805267425,False,-0.7999999999999999,0.506339144215531,0.4849445324881141,0.49340369393139843,0.4708994708994709,,,,-0.03456068248401081
NQ,relative_volume_10,30,R,1262,0.010200100733277607,-0.044078841554001796,0.06068745629509807,-0.006369830639230433,-0.061803778690275854,0.04625889344159597,0.8262372862190164,False,-0.09999999999999999,0.5341269841269841,0.5174603174603175,0.5329815303430079,0.49206349206349204,,,,-0.0060855556484218564
NQ,relative_volume_10,30,Q,1262,-0.028028047634018883,-0.08744627367845893,0.02867645657058215,-0.03401876102623214,-0.08742802167137095,0.017152960440004462,0.2408520967913974,False,-0.8999999999999998,0.4960254372019078,0.4777777777777778,0.5118733509234829,0.5026455026455027,,,,-0.03561120004551278
NQ,relative_volume_15,5,R,1262,0.006830010499805153,-0.05693451092728972,0.07885352892300186,-0.014743410729101564,-0.06792913942516787,0.03819773097173133,0.6113502553655004,False,-0.09999999999999999,0.5151033386327504,0.5023847376788553,0.5039787798408488,0.5,,,,-0.017158315968517437
NQ,relative_volume_15,5,Q,1262,-0.031150063118256285,-0.09004123208473849,0.020760724173709742,-0.030708681464029507,-0.08867439648764189,0.0246916315540992,0.2897533513130468,False,-0.49999999999999994,0.5123113582208102,0.4864864864864865,0.48412698412698413,0.4444444444444444,,,,-0.03193005767552482
NQ,relative_volume_15,10,R,1262,0.01071798203223277,-0.05450168596742208,0.07818090899190752,-0.015024160442144418,-0.06707337187459662,0.034697931162506065,0.6045805306433887,False,-0.6,0.5187250996015936,0.49523809523809526,0.5105820105820106,0.5132275132275133,,,,-0.01743972515478566
NQ,relative_volume_15,10,Q,1262,-0.013081681283113376,-0.0689799555590229,0.04272234037145134,-0.01407987232697357,-0.06868783670539921,0.041852835685503735,0.6274817369998362,False,-0.3,0.4980142970611596,0.4793650793650794,0.48548812664907653,0.4497354497354497,,,,-0.015381506743215879
NQ,relative_volume_15,15,R,1262,0.002594063873445003,-0.04870590440563645,0.057310381359777035,-0.013071472392729202,-0.060776385048931666,0.03675847857202982,0.6523391978508177,False,-0.49999999999999994,0.5238853503184714,0.5111464968152867,0.5185185185185185,0.5319148936170213,,,,-0.01533158813718244
NQ,relative_volume_15,15,Q,1262,-0.017937566497115705,-0.07802436729711383,0.03959204410505349,-0.022134202288151803,-0.07789148212730314,0.033697351809935196,0.44549461058364237,False,-0.09999999999999999,0.506339144215531,0.48177496038034867,0.49076517150395776,0.4656084656084656,,,,-0.02343699988692085
NQ,relative_volume_15,30,R,1262,0.014078255486665494,-0.04400502868542308,0.07098593835944014,-0.0037317536888132954,-0.05844730289516303,0.04787637989748889,0.8976662107620128,False,-0.19999999999999998,0.5341269841269841,0.5222222222222223,0.525065963060686,0.5132275132275133,,,,-0.004783171524745188
NQ,relative_volume_15,30,Q,1262,-0.01919186570364906,-0.07598951036605096,0.032514664431767024,-0.027495901677418534,-0.08150977314433308,0.026347861239926596,0.34320830488375664,False,-0.09999999999999999,0.4960254372019078,0.4848966613672496,0.49868073878627966,0.5079365079365079,,,,-0.028887732807175343
NQ,relative_volume_30,5,R,1261,0.010368065171972906,-0.053681599936711115,0.08364101646997724,-0.006904341341210971,-0.06625559817201634,0.04590199851982297,0.8119917499429925,False,-0.6,0.5155131264916468,0.5119236883942766,0.5251989389920424,0.4946808510638298,,,,-0.009302207347038306
NQ,relative_volume_30,5,Q,1261,-0.019044710019501754,-0.0772542590570148,0.03098337518998336,-0.022443133298131752,-0.08539511092615604,0.029283498261741137,0.4393492808721926,False,-0.49999999999999994,0.5119236883942766,0.49044585987261147,0.5052910052910053,0.43915343915343913,,,,-0.02363392173446734
NQ,relative_volume_30,10,R,1261,0.023900049649998027,-0.041250160005115305,0.09659851201892697,-0.012705212285788582,-0.06521929944617044,0.042003743765636536,0.6615919781548998,False,-0.09999999999999999,0.518341307814992,0.5191082802547771,0.5185185185185185,0.4973544973544973,,,,-0.015116892104498805
NQ,relative_volume_30,10,Q,1261,-0.0055055324116441255,-0.06120331714526485,0.04058427439881113,-0.011625933722534796,-0.06842705263610858,0.04143766154802178,0.6887663629763645,False,-0.39999999999999997,0.49761526232114467,0.49920508744038156,0.4947089947089947,0.43386243386243384,,,,-0.012913737178791908
NQ,relative_volume_30,15,R,1261,0.017843406185896884,-0.03309693409932358,0.07610034609998008,-0.006198458423146626,-0.05759740001893463,0.052885231327145524,0.8309067884837522,False,-0.3,0.5235059760956176,0.5247208931419458,0.53315649867374,0.4946808510638298,,,,-0.008449182510122452
NQ,relative_volume_30,15,Q,1261,-0.010064399492032227,-0.06303674691772364,0.03969459200848108,-0.019532302404559086,-0.07637004135321407,0.03253025427827891,0.5009660204897428,False,-0.19999999999999998,0.5059476605868358,0.5031746031746032,0.49206349206349204,0.43386243386243384,,,,-0.020815957704833413
NQ,relative_volume_30,30,R,1261,0.03317180343812432,-0.024720103866568525,0.09029127054232446,0.0024495716482967928,-0.04848656653734927,0.05835002945923741,0.9327483017684475,False,0.0,0.5337569499602859,0.534181240063593,0.5238095238095238,0.49206349206349204,,,,0.0013997496735281246
NQ,relative_volume_30,30,Q,1261,-0.008971396044626746,-0.06663318518713392,0.04034525702019798,-0.022316792336741647,-0.07885921064504427,0.035977703185579975,0.44193016947259234,False,-0.49999999999999994,0.49562450278440734,0.49761526232114467,0.49206349206349204,0.4656084656084656,,,,-0.02369933900049745
NQ,relative_volume_60,5,R,1260,0.007507912713009883,-0.06122431537048951,0.07855173200098242,0.012575548389689512,-0.04669824528884842,0.06892566411517616,0.6649592554509645,False,-0.3,0.5159235668789809,0.517515923566879,0.5398936170212766,0.5401069518716578,,,,0.013735795096671359
NQ,relative_volume_60,5,Q,1260,0.005683076457474038,-0.0492957170935409,0.05832725297778624,-0.012421244680086346,-0.0656119697500566,0.043109426793816186,0.6688244354248467,False,-0.49999999999999994,0.5123309466984884,0.5031847133757962,0.5105820105820106,0.5026455026455027,,,,-0.01075787734237347
NQ,relative_volume_60,10,R,1260,0.01873425319990285,-0.050189528225417855,0.09628872967965334,-0.0014478488151325013,-0.05595627570386044,0.05532432102711546,0.9602352383558133,False,-0.09999999999999999,0.518754988028731,0.519872813990461,0.5211640211640212,0.5291005291005291,,,,-0.002148443658294126
NQ,relative_volume_60,10,Q,1260,0.018515991048081517,-0.03516551779342169,0.07195752308982971,0.0025889574720637243,-0.05549441961093468,0.06027956186156633,0.9289595615853938,False,-0.09999999999999999,0.49801113762927607,0.5023847376788553,0.5079365079365079,0.5026455026455027,,,,0.002684577592751821
NQ,relative_volume_60,15,R,1260,0.01960872887906296,-0.047137253777141966,0.07963887688792094,0.004640783289145053,-0.05448933623957413,0.06048720670369248,0.8730292503633204,False,-0.09999999999999999,0.5239234449760766,0.5231259968102073,0.5225464190981433,0.5478723404255319,,,,0.0038088341801372186
NQ,relative_volume_60,15,Q,1260,0.012554108338623079,-0.044261459515801474,0.0643098198177376,-0.006076030714927854,-0.06235574623055255,0.05213688301036773,0.8342626555945789,False,-0.09999999999999999,0.5063492063492063,0.5095238095238095,0.5052910052910053,0.5026455026455027,,,,-0.0059349954478920735
NQ,relative_volume_60,30,R,1260,0.035789228450135956,-0.030557511550284144,0.09986406965138603,0.01037221608888081,-0.04186360484031283,0.07040220757048705,0.7209480044686323,False,0.0,0.534181240063593,0.5357710651828299,0.5476190476190477,0.5291005291005291,,,,0.011881758218150436
NQ,relative_volume_60,30,Q,1260,0.015558445839343751,-0.04132460773522201,0.0653323977087053,-0.009941432600069224,-0.06538874250499173,0.04635098676690849,0.732082971292165,False,-0.3,0.49601910828025475,0.4968152866242038,0.4986737400530504,0.5,,,,-0.009559418821279144
NQ,return_acceleration_5,5,R,1282,-0.049960589360740285,-0.13706745221326838,0.035545345571540474,-0.023808766917481756,-0.08717056471535685,0.033436580042529356,0.40813364377600214,False,-0.7999999999999999,0.5011914217633042,0.4984375,0.4895833333333333,0.484375,-1.3865544888033234,-4.498210210001013,1.1664877710507642,-0.021521424090199876
NQ,return_acceleration_5,5,Q,1282,-0.005750114553372757,-0.05812574711627987,0.0471000287406463,-0.006879751143634275,-0.0632422238126459,0.05045352361495442,0.8111209358792322,False,0.09999999999999999,0.4813343923749007,0.4984375,0.4961038961038961,0.4635416666666667,-0.012488270593849646,-0.07332172949740609,0.05047859419918242,-0.0057440926024476015
NQ,return_acceleration_5,10,R,1282,-0.013948258176777008,-0.0968930602990515,0.06596009666886533,-0.005878449582498711,-0.06717606871656129,0.05265649607659276,0.8381992680593577,False,-0.3,0.5095541401273885,0.5273865414710485,0.5116883116883116,0.4791666666666667,0.17411971830985912,-3.980483094158476,3.9796640047117227,-0.0037796898547784964
NQ,return_acceleration_5,10,Q,1282,-0.008080042476631926,-0.0585904464183645,0.043532056780486494,-0.007651019841333648,-0.06402090854004241,0.048534131919257165,0.790414376109972,False,-0.3,0.4992063492063492,0.509375,0.4895833333333333,0.4607329842931937,-0.008301229449930093,-0.07883826985251455,0.05859639312629977,-0.006472451270450373
NQ,return_acceleration_5,15,R,1282,-0.027466029303120913,-0.101327668350091,0.04831120674678792,0.0059341949212566554,-0.05337218784003599,0.06428433130399652,0.8366863838703946,False,-0.19999999999999998,0.507557677008751,0.5007824726134585,0.4751958224543081,0.4607329842931937,1.1405562873644746,-3.4280408982673016,5.10158407956733,0.004873614620801064
NQ,return_acceleration_5,15,Q,1282,-0.004890312864595548,-0.055201698595713444,0.04635073334696527,-0.00043291004683936106,-0.0527090503574229,0.05372975789663526,0.9880021417817786,False,0.09999999999999999,0.5106888361045131,0.5070202808112324,0.4805194805194805,0.4635416666666667,0.007736841538015449,-0.06053223466143218,0.07354565192043111,0.0007021276389199356
NQ,return_acceleration_5,30,R,1282,0.018609971192833457,-0.054130106352656755,0.09257623779858173,0.021890407671888986,-0.03810592748965113,0.08048114049790811,0.4469491197320741,False,0.3,0.5122918318794607,0.513302034428795,0.5052083333333334,0.484375,3.5412877444523256,-2.492057880104367,8.584195064722868,0.019626889928429953
NQ,return_acceleration_5,30,Q,1282,-0.00025678796221988165,-0.05284680288741181,0.048357432821746565,0.00342399410988045,-0.049131238954328756,0.057633424324572094,0.90532525376096,False,0.09999999999999999,0.5035742652899127,0.49297971918876754,0.4779220779220779,0.4479166666666667,0.0163786740640522,-0.04712859745912603,0.07993877180730524,0.0029511331894970564
NQ,return_acceleration_10,5,R,1282,0.005814047187977795,-0.07248650943100846,0.08354224242302002,-0.015444790648038737,-0.0767894765265802,0.03965497269966207,0.5915881331588022,False,-0.6,0.5019731649565904,0.5007824726134585,0.4883116883116883,0.5104166666666666,-1.7241060572222635,-4.675615492940271,0.6791695513536298,-0.014382479228378596
NQ,return_acceleration_10,5,Q,1282,-0.00964056499152222,-0.06410552251523936,0.046179826403834424,-0.027917711867421004,-0.08035890381686685,0.027523273226904798,0.3320428252860077,False,-0.8999999999999998,0.48697711128650356,0.48049921996879874,0.45194805194805193,0.4739583333333333,-0.03246170443445812,-0.10673205646004355,0.03127426339848931,-0.027682832048351647
NQ,return_acceleration_10,10,R,1282,0.01097151379355004,-0.07439049718071167,0.08920066952150266,-0.013207366473246211,-0.06850843271070041,0.045136131259402586,0.6463774814779093,False,-0.3,0.4873417721518987,0.5078125,0.4935064935064935,0.5,-1.998681108712375,-6.1646969217598455,2.3037190594059407,-0.0141746139507174
NQ,return_acceleration_10,10,Q,1282,-0.0031545633023181393,-0.05448814941976589,0.04914406003083142,-0.01958406805903634,-0.0706715551676932,0.03165533789149355,0.49627455000642673,False,-0.6,0.4865930599369085,0.48673946957878317,0.4727272727272727,0.4739583333333333,-0.0366353329383949,-0.10518484143764086,0.023885813479026075,-0.01944966427473429
NQ,return_acceleration_10,15,R,1282,-0.06869941023814462,-0.14742687960239267,0.010851527828927374,-0.045269768854258534,-0.10616119406279112,0.013012255028363139,0.11558564671584337,False,-0.8999999999999998,0.4774703557312253,0.4984375,0.4713541666666667,0.4973821989528796,-5.24294213255912,-10.055881923248714,-0.7584399116603426,-0.04693410011295452
NQ,return_acceleration_10,15,Q,1282,-0.014304238134362655,-0.06681468494146413,0.03529868238315143,-0.026679138536520406,-0.07933550482496039,0.025131458898218717,0.35395149218901256,False,-0.6,0.49331235247836347,0.5117004680187207,0.4857142857142857,0.484375,-0.05062845640498047,-0.11800420304183189,0.010690177401791848,-0.02663559942267254
NQ,return_acceleration_10,30,R,1282,-0.02431858499733596,-0.10215008464567293,0.05422943071834788,-0.015105442450672009,-0.0686775012657523,0.042269023339756566,0.5997600367888594,False,-0.7,0.48857368006304175,0.4960998439937597,0.4805194805194805,0.5,-2.939993548227003,-9.674999674309538,2.8112014411027513,-0.01735554232154521
NQ,return_acceleration_10,30,Q,1282,-0.009984211300909544,-0.06012841600109433,0.039587132608079674,-0.02583305605694582,-0.07703450023255629,0.025644996579653707,0.3694297922868883,False,-0.7,0.47987371744277824,0.4945226917057903,0.4701298701298701,0.4635416666666667,-0.04653985297468009,-0.12348331609487807,0.011538678788712878,-0.026680868773695812
NQ,return_acceleration_15,5,R,1281,-0.0247812947907074,-0.11178688338634174,0.057798806368342094,-0.07331205608175563,-0.13091648454839455,-0.013436155114392074,0.010767286724575387,False,-0.9999999999999999,0.46771653543307085,0.45454545454545453,0.4490861618798956,0.450261780104712,-3.704388426409958,-6.200180960635591,-0.9239036947902085,-0.07547702162722049
NQ,return_acceleration_15,5,Q,1281,-0.024580372634300202,-0.08082475449312176,0.03337009856078109,-0.0672111250992077,-0.12428836562772658,-0.012639840429038623,0.019425146629190593,False,-0.7999999999999999,0.4582677165354331,0.4444444444444444,0.4453125,0.4479166666666667,-0.08709809248425386,-0.15178469111745965,-0.031853803545846146,-0.06937014446164086
NQ,return_acceleration_15,10,R,1281,0.006112476381415342,-0.08208007626167381,0.09236040366767684,-0.04705613557299244,-0.10215414089520469,0.013432039154385435,0.10202391018716161,False,-0.8999999999999998,0.49013417521704816,0.4640625,0.4739583333333333,0.5208333333333334,-4.257637888860395,-8.688719534748389,-0.31885168440416367,-0.049252154027619004
NQ,return_acceleration_15,10,Q,1281,-0.010392339681115406,-0.06849426740395823,0.04623756131858451,-0.06404993843019481,-0.1183089332162998,-0.01312349811729107,0.025945239957626764,False,-0.8999999999999998,0.47915027537372146,0.46938775510204084,0.4817708333333333,0.484375,-0.08209554804412607,-0.1421193314445862,-0.023922462711533164,-0.06618113406258244
NQ,return_acceleration_15,15,R,1281,-0.02698956353278397,-0.10959309865764295,0.06236028595791122,-0.044290342308316376,-0.10415586536815527,0.014427927790065347,0.12383273540096695,False,-0.8999999999999998,0.48264984227129337,0.47730829420970267,0.4856396866840731,0.515625,-5.359059682796442,-10.482896954461168,-1.5124467382084317,-0.04621444715898372
NQ,return_acceleration_15,15,Q,1281,-0.015078239504928221,-0.07379721986193395,0.03906885859185512,-0.0657088371040421,-0.11883782570920516,-0.015491090064411336,0.02232014405134053,False,-0.8999999999999998,0.48430141287284145,0.4765625,0.4921875,0.5208333333333334,-0.0801769159669925,-0.14466011132154855,-0.019053852287536355,-0.06781292956861863
NQ,return_acceleration_15,30,R,1281,0.013379297739514323,-0.06154533951816912,0.09123271471822894,-0.028614594271370395,-0.0863967630720917,0.03536375024893135,0.3202983294285815,False,-0.6,0.46776729559748426,0.47104851330203446,0.4791666666666667,0.4947916666666667,-4.725638894916458,-10.090794710315034,0.20740039921684023,-0.030042292947946643
NQ,return_acceleration_15,30,Q,1281,-0.008130398112170029,-0.060471254929493456,0.045518137831204016,-0.0606491079313277,-0.11116455337011598,-0.00496851662294522,0.03498916919096917,False,-0.6,0.47716535433070867,0.46875,0.4895833333333333,0.5520833333333334,-0.08285861533405067,-0.14792207447027045,-0.02587027154694961,-0.061868891396788375
NQ,return_acceleration_30,5,R,1280,0.007525995898891568,-0.06655859318867544,0.08005591785937059,0.0026329004779910574,-0.06355638883545471,0.06322070335918337,0.9271861707498801,False,-0.09999999999999999,0.5114263199369582,0.5047021943573667,0.4921875,0.4635416666666667,-0.14460036532385467,-2.826853278041074,2.3748874716133486,0.0016520532731981899
NQ,return_acceleration_30,5,Q,1280,0.0029099340763692606,-0.052698709261254625,0.049894073283737995,-0.022524824799582063,-0.076844382382689,0.030861750910294288,0.43424563188006804,False,-0.19999999999999998,0.48936170212765956,0.48119122257053293,0.46596858638743455,0.4427083333333333,-0.006243119517722679,-0.06637346201954208,0.05568570184878087,-0.023826949230333884
NQ,return_acceleration_30,10,R,1280,0.006144217917802784,-0.06899476000087901,0.08272590317820272,0.024586304617671216,-0.0350277737047137,0.08016065919497996,0.39336053981814345,False,0.3,0.5268562401263823,0.5313479623824452,0.5143603133159269,0.4791666666666667,1.0143451323064772,-2.817063478105253,5.16653986781694,0.025899276744627185
NQ,return_acceleration_30,10,Q,1280,0.00866258561268025,-0.042664655417745535,0.05281411697032115,0.003966971238132247,-0.049545401162922935,0.05995543441945416,0.8904850606464001,False,-0.19999999999999998,0.5023622047244094,0.49843260188087773,0.4790575916230366,0.4473684210526316,0.023699534859320432,-0.03794402293239757,0.09432208432308842,0.003941325319412609
NQ,return_acceleration_30,15,R,1280,0.04275855761514005,-0.03276949533379338,0.1145278177223721,0.030643650361683025,-0.02943253204988035,0.09378304602174818,0.2873538035738963,False,0.3,0.5217048145224941,0.5273865414710485,0.5352480417754569,0.5,1.478861818720379,-3.334952730055292,5.804970641414888,0.03231455820952159
NQ,return_acceleration_30,15,Q,1280,0.020216181114401557,-0.029144224853103484,0.0618727357500885,0.012634526593405755,-0.04241184693313675,0.06350543371013771,0.6609836189943563,False,0.49999999999999994,0.5216025137470542,0.5203125,0.5,0.4427083333333333,0.035134111726921415,-0.022828670605007748,0.10893013801907518,0.01262932192249662
NQ,return_acceleration_30,30,R,1280,0.0002601168458828477,-0.09001778219804027,0.08865504814208426,-0.002159970622516775,-0.06111677196302504,0.058131714032757215,0.9402380970824968,False,0.3,0.5051140833988985,0.490625,0.4739583333333333,0.4270833333333333,0.5060765945892576,-5.6533547775967605,5.941797414963463,-0.00020115343821081969
NQ,return_acceleration_30,30,Q,1280,0.022723295676274933,-0.0242698724727447,0.06569539197404217,0.01489505413101898,-0.03628815525875009,0.06708591347389367,0.605134402760743,False,0.49999999999999994,0.5185185185185185,0.5078369905956113,0.5130208333333334,0.46875,0.0386241697373077,-0.021676578958327804,0.1087435165973658,0.015185646996314837
NQ,return_acceleration_60,5,R,1279,-0.062293617059969324,-0.13497971564515707,0.012547253296859177,0.002754971594244994,-0.05762875741473399,0.0688909454729365,0.9238500243572254,False,-0.19999999999999998,0.49842271293375395,0.5078369905956113,0.5274151436031331,0.5104166666666666,-0.8244896546267357,-3.5016601678403294,2.201195689262966,0.0011796072273844622
NQ,return_acceleration_60,5,Q,1279,0.004256364597136329,-0.05098183994929975,0.06188163189726356,0.023880213240206748,-0.027199352560741442,0.07801744307959188,0.4072786776314752,False,0.3,0.4933018124507486,0.5125,0.5208333333333334,0.5,0.0110974907974184,-0.045862966510611926,0.07688827895231432,0.021994678820995293
NQ,return_acceleration_60,10,R,1279,-0.03897365272536168,-0.14313287191878546,0.0654806358302886,-0.028093731959462215,-0.0908226743107645,0.0342851958349356,0.32956970423746323,False,-0.7999999999999999,0.4924901185770751,0.4788732394366197,0.4856396866840731,0.453125,-1.4274637021798473,-5.537107350555841,2.461941809747991,-0.03050384357858837
NQ,return_acceleration_60,10,Q,1279,-0.004265930141684017,-0.0602214725317629,0.049354853070139655,0.012169094091424217,-0.04030315743036074,0.06663444690376767,0.6728550135642419,False,0.3,0.48778565799842394,0.5101721439749609,0.5221932114882507,0.5287958115183246,0.0025378596923152363,-0.056601529206554355,0.0646950275703997,0.010173267750243548
NQ,return_acceleration_60,15,R,1279,-0.0449809669853337,-0.13187366539173068,0.04535031525940102,-0.025879509066684778,-0.08419775010638406,0.035554810632719994,0.36913143876940424,False,-0.9999999999999999,0.4913112164296998,0.49295774647887325,0.5052083333333334,0.4635416666666667,-1.3928447798393797,-6.116764870237765,3.4840296390987806,-0.028207820281588525
NQ,return_acceleration_60,15,Q,1279,-0.013883438883383198,-0.06934602038272933,0.040438109574931776,0.005183429152812195,-0.04579493934794547,0.05650871628652917,0.857275849989318,False,0.6,0.4960691823899371,0.509375,0.515625,0.515625,0.0019746778035760887,-0.055745191947828225,0.06713046902342745,0.003181577297567955
NQ,return_acceleration_60,30,R,1279,-0.03315893377171958,-0.11911570351344591,0.060058532317633605,-0.022483384754776264,-0.08591865989266101,0.038565038188580265,0.4352717390873999,False,-0.3,0.4984251968503937,0.49295774647887325,0.4973958333333333,0.4895833333333333,-0.7078124381849111,-6.270742053052182,5.19906900294734,-0.02125972593248848
NQ,return_acceleration_60,30,Q,1279,-0.026937799910993935,-0.07844807338062838,0.025194749746979727,-0.011827757351713982,-0.06694967628704045,0.041514073158857044,0.6815210628612653,False,-0.49999999999999994,0.4810725552050473,0.4616588419405321,0.4713541666666667,0.4635416666666667,-0.015166048445039092,-0.07949076167256254,0.0516488275296694,-0.013313268072197387
NQ,overnight_agrees_with_prior_rth,5,R,1240,0.018373607420246622,-0.038856851476532575,0.06903441506038949,0.012294941341553862,-0.04774580396183053,0.06764172409958266,0.6744635713960137,False,,0.5016233766233766,0.5040518638573744,0.5108108108108108,0.5297297297297298,1.0097970847315436,-2.1863355966862414,4.027497902684563,0.01218190883398457
NQ,overnight_agrees_with_prior_rth,5,Q,1240,-0.023835957854258974,-0.08121279384477591,0.030411811156156477,-0.0246970407431264,-0.08167713670615638,0.02951507197431453,0.3987533372386587,False,,0.4926948051948052,0.48220064724919093,0.48787061994609165,0.4864864864864865,-0.028622962851489693,-0.09648001258507546,0.03256919434820544,-0.02479236844855567
NQ,overnight_agrees_with_prior_rth,10,R,1240,0.04156808883641315,-0.012869616145659148,0.09203895593059368,0.024437540421146736,-0.030383281501896415,0.07683237578466098,0.4037291726339771,False,,0.5121951219512195,0.5097402597402597,0.5176151761517616,0.5351351351351351,3.1745962667785235,-0.5799601510067114,7.30020429163171,0.02473465776500372
NQ,overnight_agrees_with_prior_rth,10,Q,1240,0.006886748963006598,-0.051798529173350386,0.06231526589283732,0.007216266058009381,-0.050809040474020496,0.06279161322587064,0.8052797973402361,False,,0.5036496350364964,0.48465266558966075,0.48247978436657685,0.5,0.008432969667124014,-0.049422640449765874,0.0672749025832731,0.007045323404154931
NQ,overnight_agrees_with_prior_rth,15,R,1240,0.03939026737669184,-0.013559795103115937,0.0904587280036561,0.032973441517093124,-0.019828941969254787,0.08573777041117578,0.2598195606893132,False,,0.5146341463414634,0.5048701298701299,0.5094850948509485,0.5628415300546448,3.3720480285234897,-1.2039000235947985,8.479250734060393,0.0335139941117388
NQ,overnight_agrees_with_prior_rth,15,Q,1240,0.010022040426022958,-0.045561197630802575,0.06564538134570098,0.009672800729368977,-0.045741819821132526,0.06361476035092838,0.7410645958998558,False,,0.5137540453074434,0.5,0.5,0.532258064516129,0.012344821614786294,-0.047557626433815954,0.07317453666019931,0.010129338527604606
NQ,overnight_agrees_with_prior_rth,30,R,1240,0.0510226153013085,-0.0034352362576156557,0.10665215612257829,0.04052016668472413,-0.010601242080619744,0.09549764084448147,0.16606102596251993,False,,0.5145867098865479,0.4870967741935484,0.48655913978494625,0.478494623655914,5.483229341442954,-0.7911963218330536,11.276912686136736,0.04085161261469269
NQ,overnight_agrees_with_prior_rth,30,Q,1240,0.021717982438536895,-0.029533789951942623,0.07556395024470142,0.01837061896517426,-0.03318079700890262,0.07067310697763785,0.5302455230390131,False,,0.5097402597402597,0.49188311688311687,0.4796747967479675,0.5,0.026723522492253855,-0.041754787650205016,0.09093508927699118,0.018899652344622746
NQ,overnight_minus_priorrth_norm,5,R,1220,0.15605733845831415,0.09124034401098885,0.22907401409031716,0.07148141946559108,0.01341650420301896,0.12853476211689221,0.015257798522201105,False,0.8999999999999998,0.5212323064113239,0.535303776683087,0.5616438356164384,0.6318681318681318,3.9579890817011343,0.8066197297777428,7.251008962761607,0.06928846977637444
NQ,overnight_minus_priorrth_norm,5,Q,1220,0.07881182115633796,0.026165493807654535,0.13143460056994377,0.0317874231695369,-0.02085366641641405,0.09323047759060739,0.2812827168571035,False,0.19999999999999998,0.5124792013311148,0.5238879736408567,0.5409836065573771,0.5901639344262295,0.025580807538286975,-0.03789389408483973,0.08644691655132329,0.031385354863672076
NQ,overnight_minus_priorrth_norm,10,R,1220,0.10918229538079413,0.03314423772143927,0.1840625239490947,0.04399206203099056,-0.015256960008426343,0.11037074101616721,0.13580881339422612,False,0.7,0.5087572977481234,0.5131578947368421,0.5397260273972603,0.5956284153005464,2.6167696836738723,-1.5536885916184011,6.505076078435794,0.04189533683745346
NQ,overnight_minus_priorrth_norm,10,Q,1220,0.08867743055514478,0.0358669293152588,0.1410120746901994,0.02879793650956692,-0.023659371732879547,0.0911271797689377,0.3290377268694087,False,0.49999999999999994,0.5116472545757071,0.5296052631578947,0.5561643835616439,0.6098901098901099,0.01770227459318917,-0.04562439179198131,0.07661802024811594,0.02812647528060368
NQ,overnight_minus_priorrth_norm,15,R,1220,0.0481386208036003,-0.030666115873873568,0.1298133295756424,-0.006997080202515612,-0.06432734175808744,0.05117888297379029,0.8125856743499822,False,0.09999999999999999,0.47956630525437866,0.4727272727272727,0.4903581267217631,0.521978021978022,-1.0300499952063253,-6.345534833095529,3.8474452886638018,-0.005295755775068945
NQ,overnight_minus_priorrth_norm,15,Q,1220,0.07453097161189633,0.02104453634966528,0.1270377893976627,0.015778640042864438,-0.03905856688881278,0.07656020048638582,0.592867721168675,False,0.19999999999999998,0.5120331950207468,0.5245901639344263,0.546448087431694,0.5792349726775956,0.0043301394196579406,-0.060487370950825244,0.06825070714774234,0.015353945045028971
NQ,overnight_minus_priorrth_norm,30,R,1220,0.06066258927758535,-0.010403885500871608,0.1267553961187623,-0.0022589601404016547,-0.05499549885241461,0.058705285042111324,0.9389876404050692,False,-0.19999999999999998,0.48711554447215294,0.4852459016393443,0.5,0.5519125683060109,-0.3626992899721968,-6.604313602192683,6.230410578229944,-0.0004223638508971146
NQ,overnight_minus_priorrth_norm,30,Q,1220,0.05531099779095168,0.004032176484526302,0.11078999100402011,-0.009367508784158107,-0.0655339855605845,0.05101458466672903,0.7509277715529947,False,-0.19999999999999998,0.49375520399666945,0.4942339373970346,0.5150684931506849,0.5659340659340659,-0.02356845156695269,-0.08530527020558729,0.04198322535003807,-0.00934458900881839
NQ,above_below_prior_close,5,R,1240,-0.0876371504174096,-0.14286951408340676,-0.024774102342099567,-0.08108327220337751,-0.13878318060493505,-0.016578847713621534,0.005503415531024736,False,,0.46029173419773095,0.4538087520259319,0.4540540540540541,0.42702702702702705,-4.853770973879952,-8.478281173073595,-1.5944974585179592,-0.08122326626075577
NQ,above_below_prior_close,5,Q,1240,-0.056839162023026704,-0.11042422542309795,0.004546470230769181,-0.05736540578585415,-0.1113217649051919,0.003796150315391145,0.04978349651908087,False,,0.47568881685575365,0.49029126213592233,0.5067385444743935,0.5135135135135135,-0.06902967248621027,-0.1357055918677149,0.0038123699031789634,-0.05744625256986543
NQ,above_below_prior_close,10,R,1240,-0.11166357794880698,-0.16543903108207494,-0.05471729798633109,-0.10483056136593133,-0.1618702688067837,-0.04355356040048921,0.0003252233450923292,False,,0.4699675324675325,0.4788961038961039,0.4823848238482385,0.4810810810810811,-8.613807166713238,-12.628783215573563,-4.1304398859659655,-0.10466069201556097
NQ,above_below_prior_close,10,Q,1240,-0.06812144778107825,-0.11927997183772063,-0.009373916875598031,-0.06604812178916664,-0.1170450921444421,-0.0072329829993826675,0.02384817697420072,False,,0.46153846153846156,0.47334410339256866,0.5013477088948787,0.489247311827957,-0.08404046160210313,-0.1536942893845838,-0.011928969922511178,-0.06617279023702774
NQ,above_below_prior_close,15,R,1240,-0.0587105622320497,-0.1143639869317573,-0.0009454020898453748,-0.05969714017228514,-0.1135059028277535,-0.005136252824185615,0.0411765306926688,False,,0.47564935064935066,0.47564935064935066,0.47696476964769646,0.46994535519125685,-5.072140832701289,-9.215694017537556,0.6651594081407245,-0.05930670473385189
NQ,above_below_prior_close,15,Q,1240,-0.053009063470156534,-0.10408451103939448,0.0012419217295125953,-0.051345771396666226,-0.10217827608490349,0.0034101011774767378,0.07916148387183797,False,,0.46122778675282716,0.4661290322580645,0.48118279569892475,0.45698924731182794,-0.0661381996578647,-0.13579284248774273,0.011567994034653379,-0.0509510315551043
NQ,above_below_prior_close,30,R,1240,-0.036471236988733655,-0.08981488111333114,0.021239289142466658,-0.03703020155331484,-0.09360277470079584,0.01743953868233333,0.2056666063204431,False,,0.4797734627831715,0.4790322580645161,0.4731182795698925,0.44623655913978494,-3.964871661809908,-9.97724229239019,2.369496310859181,-0.036814096211118946
NQ,above_below_prior_close,30,Q,1240,-0.051593133277280934,-0.10001097168914384,0.002186497655687876,-0.04876007364511251,-0.0974515115558165,0.0035629603710661557,0.0955104282461634,False,,0.45786061588330634,0.4707792207792208,0.46883468834688347,0.45652173913043476,-0.06433413757991722,-0.12759555009895912,0.010200639227726016,-0.04830212304146417
NQ,broke_prior_rth_high_or_low,5,R,1240,-0.007267688999276998,-0.06696074082543031,0.047073770701829845,0.004531163159580249,-0.05249883126602724,0.06135091282091128,0.8769864001899934,False,,0.5150537634408602,0.5258899676375405,0.5297297297297298,0.5591397849462365,,,,0.00446676816327556
NQ,broke_prior_rth_high_or_low,5,Q,1240,-0.01966448685856928,-0.07732252057149268,0.03735354230753041,-0.01931854085468312,-0.07621903001634843,0.03733887611962445,0.5092378955665975,False,,0.5005382131324004,0.5105008077544426,0.5121293800539084,0.5027027027027027,,,,-0.019370619552579765
NQ,broke_prior_rth_high_or_low,10,R,1240,0.0006211447751906538,-0.05581115536846081,0.05649849170038071,-0.00418440037468805,-0.06093200889344827,0.05279424203514367,0.8863339525847083,False,,0.511326860841424,0.5162337662337663,0.5176151761517616,0.47282608695652173,,,,-0.0040255577655301765
NQ,broke_prior_rth_high_or_low,10,Q,1240,-0.005471815156950385,-0.06553111763899094,0.054389784604149276,-0.0058711663760758195,-0.06572381813440523,0.05473664008397473,0.8410365079088018,False,,0.49624060150375937,0.5024232633279483,0.5040431266846361,0.478494623655914,,,,-0.005973041287266464
NQ,broke_prior_rth_high_or_low,15,R,1240,0.0007907489567570139,-0.0502978897753519,0.05591333089329357,0.0012540159827492735,-0.04760790980160499,0.055638674045986686,0.9658301980154318,False,,0.5183585313174947,0.5283630470016207,0.5297297297297298,0.5108695652173914,,,,0.0015950808417871535
NQ,broke_prior_rth_high_or_low,15,Q,1240,-0.0010000186819160131,-0.059842039047331486,0.05987448253403324,-0.0017676068228107214,-0.06059879131848576,0.057696079969055826,0.9518502267479132,False,,0.5021459227467812,0.5096774193548387,0.5134408602150538,0.45698924731182794,,,,-0.0014828178530688014
NQ,broke_prior_rth_high_or_low,30,R,1240,0.0007102111274371843,-0.053549096442509575,0.053682733268825465,0.014409429873301358,-0.03918432111625415,0.0656818102177561,0.6225241540483442,False,,0.5321888412017167,0.5241935483870968,0.5241935483870968,0.5483870967741935,,,,0.01458543890175492
NQ,broke_prior_rth_high_or_low,30,Q,1240,0.004164459217694775,-0.05412408546994681,0.06343525347506516,0.0035013205373287926,-0.05562990701421039,0.06385475990846184,0.9047925182447119,False,,0.4876210979547901,0.49270664505672607,0.4959349593495935,0.4673913043478261,,,,0.0037931932383807303
NQ,finished_inside_prior_rth_range,5,R,1240,-0.004396564437775234,-0.05833735002212226,0.056889139657629005,-0.002995085040647267,-0.05343931079152982,0.053938401589314136,0.9185060763405566,False,,0.5139664804469274,0.5186385737439222,0.5216216216216216,0.5243243243243243,,,,-0.0032762248750474667
NQ,finished_inside_prior_rth_range,5,Q,1240,0.05528146855439032,-0.0010462314093810374,0.11157530674773772,0.05552272737047026,-0.0012423166870882886,0.11142974815443432,0.057607824005708075,False,,0.5348189415041783,0.5372168284789643,0.5459459459459459,0.5405405405405406,,,,0.0549020038970908
NQ,finished_inside_prior_rth_range,10,R,1240,-0.018845364084631805,-0.07067411271476602,0.036079202565651836,-0.014621526780721646,-0.06421447134891069,0.04319436708626155,0.6174109039047582,False,,0.5069637883008357,0.5,0.5135135135135135,0.5135135135135135,,,,-0.014625210255723638
NQ,finished_inside_prior_rth_range,10,Q,1240,0.01999458327890558,-0.03735240477968133,0.07396659382298422,0.02036502441556382,-0.036960037472890395,0.07546608820033604,0.4865616378474973,False,,0.500697350069735,0.49270664505672607,0.5067385444743935,0.5027027027027027,,,,0.01976919737007078
NQ,finished_inside_prior_rth_range,15,R,1240,-0.015231706142707102,-0.07046408031936074,0.04184911493753737,-0.014514227074604398,-0.06877492581582872,0.04363805022161628,0.619995401596301,False,,0.5230125523012552,0.5121555915721232,0.49326145552560646,0.478494623655914,,,,-0.014693791613120104
NQ,finished_inside_prior_rth_range,15,Q,1240,0.006173326660422294,-0.05042397192456346,0.061180293906905,0.007391766070487391,-0.049226523617143705,0.062082032601694814,0.8006426349719438,False,,0.4986111111111111,0.49032258064516127,0.49193548387096775,0.46774193548387094,,,,0.006776442374880134
NQ,finished_inside_prior_rth_range,30,R,1240,-0.012744066894904944,-0.0733626184386212,0.04117440731052426,-0.014986749836834415,-0.07466863139530168,0.039172580548178425,0.6086494155391153,False,,0.5278551532033426,0.5275080906148867,0.5121293800539084,0.5,,,,-0.015205890515515366
NQ,finished_inside_prior_rth_range,30,Q,1240,-0.009284321464419662,-0.06765016346833451,0.04664571885740132,-0.005873690235350408,-0.06492112385188313,0.048470503254815146,0.8409690841353925,False,,0.48463687150837986,0.4805194805194805,0.46630727762803237,0.4540540540540541,,,,-0.006618689432154113
