instrument,ema_session_definition,ema_span,approach_side,time_stratum,horizon_bars,barrier_atr,eligible_armed_excursions,touch_events,touch_rate,same_bar_rejection_count,same_bar_breakthrough_count,same_bar_neutral_count,same_bar_rejection_rate,same_bar_breakthrough_rate,same_bar_rej_minus_brk,same_bar_binom_p,median_signed_close_atr,median_rejection_exc_atr,median_breakthrough_exc_atr,median_dominance,p_rejection_exc_gt_breakthrough_exc,p_breakthrough_exc_gt_rejection_exc,post_touch_retouch_rate,barrier_rejection_first_n,barrier_breakthrough_first_n,barrier_tie_n,barrier_neither_n,barrier_rejection_first_rate,barrier_breakthrough_first_rate,barrier_tie_rate,barrier_neither_rate,barrier_rej_minus_brk_first_rate,barrier_nontied_n,barrier_binom_p,sample_status
ES,FULL_SESSION_EMA,20,FROM_ABOVE,OPEN,5,0.5,581,539,0.927710843373494,276,263,0,0.5120593692022264,0.48794063079777367,0.02411873840445269,0.6052833456322324,0.15680669735431568,1.6379993653899874,1.589630578932511,0.010462623233982551,0.5046382189239332,0.49536178107606677,0.8701298701298701,203,203,133,0,0.37662337662337664,0.37662337662337664,0.24675324675324675,0.0,0.0,406,1.0,OK
ES,FULL_SESSION_EMA,20,FROM_ABOVE,OPEN,5,1.0,581,539,0.927710843373494,276,263,0,0.5120593692022264,0.48794063079777367,0.02411873840445269,0.6052833456322324,0.15680669735431568,1.6379993653899874,1.589630578932511,0.010462623233982551,0.5046382189239332,0.49536178107606677,0.8701298701298701,253,245,32,9,0.46938775510204084,0.45454545454545453,0.059369202226345084,0.016697588126159554,0.014842300556586308,498,0.7538020538699467,OK
ES,FULL_SESSION_EMA,20,FROM_ABOVE,MID_MORNING,5,0.5,759,720,0.9486166007905138,369,351,0,0.5125,0.4875,0.025,0.5264015992635039,0.11590573842935932,0.8633314690567562,0.7926314122618969,0.030783101000415255,0.5152777777777777,0.4847222222222222,0.8805555555555555,366,319,34,1,0.5083333333333333,0.44305555555555554,0.04722222222222222,0.001388888888888889,0.06527777777777777,685,0.07874466335600845,OK
ES,FULL_SESSION_EMA,20,FROM_ABOVE,MID_MORNING,5,1.0,759,720,0.9486166007905138,369,351,0,0.5125,0.4875,0.025,0.5264015992635039,0.11590573842935932,0.8633314690567562,0.7926314122618969,0.030783101000415255,0.5152777777777777,0.4847222222222222,0.8805555555555555,299,282,1,138,0.4152777777777778,0.39166666666666666,0.001388888888888889,0.19166666666666668,0.023611111111111138,581,0.5068577868589822,OK
ES,FULL_SESSION_EMA,20,FROM_ABOVE,MIDDAY,5,0.5,1003,1042,1.0388833499501495,552,490,0,0.5297504798464492,0.47024952015355087,0.05950095969289827,0.058744261792009846,0.039622008227093684,0.9254182049341253,0.8177052849272024,0.07387888291768836,0.536468330134357,0.463531669865643,0.9203454894433781,543,454,42,3,0.5211132437619962,0.43570057581573896,0.04030710172744722,0.0028790786948176585,0.08541266794625724,997,0.005294151717741429,OK
ES,FULL_SESSION_EMA,20,FROM_ABOVE,MIDDAY,5,1.0,1003,1042,1.0388833499501495,552,490,0,0.5297504798464492,0.47024952015355087,0.05950095969289827,0.058744261792009846,0.039622008227093684,0.9254182049341253,0.8177052849272024,0.07387888291768836,0.536468330134357,0.463531669865643,0.9203454894433781,445,397,8,192,0.42706333973128596,0.3809980806142035,0.007677543186180422,0.18426103646833014,0.04606525911708248,842,0.10523500409514977,OK
ES,FULL_SESSION_EMA,20,FROM_ABOVE,AFTERNOON,5,0.5,1028,1143,1.1118677042801557,570,573,0,0.49868766404199477,0.5013123359580053,-0.0026246719160104987,0.9528304060286215,0.14056214121129504,1.1615354283581532,1.0685069614798217,0.06481823524760932,0.5240594925634295,0.4759405074365704,0.8827646544181977,533,491,118,1,0.4663167104111986,0.42957130358705164,0.10323709536307961,0.0008748906386701663,0.03674540682414695,1024,0.200082409809531,OK
ES,FULL_SESSION_EMA,20,FROM_ABOVE,AFTERNOON,5,1.0,1028,1143,1.1118677042801557,570,573,0,0.49868766404199477,0.5013123359580053,-0.0026246719160104987,0.9528304060286215,0.14056214121129504,1.1615354283581532,1.0685069614798217,0.06481823524760932,0.5240594925634295,0.4759405074365704,0.8827646544181977,548,508,9,78,0.4794400699912511,0.4444444444444444,0.007874015748031496,0.06824146981627296,0.034995625546806686,1056,0.23006802393906012,OK
ES,FULL_SESSION_EMA,20,FROM_ABOVE,ALL_RTH,5,0.5,11814,3444,0.2915185373285932,1767,1677,0,0.5130662020905923,0.48693379790940766,0.02613240418118467,0.1293667847299884,0.10795954022340395,1.044932183725213,0.9723622899733229,0.05310779748038712,0.522938443670151,0.47706155632984903,0.8916957026713124,1645,1467,327,5,0.47764227642276424,0.4259581881533101,0.09494773519163763,0.0014518002322880372,0.05168408826945414,3112,0.001505351006502481,OK
ES,FULL_SESSION_EMA,20,FROM_ABOVE,ALL_RTH,5,1.0,11814,3444,0.2915185373285932,1767,1677,0,0.5130662020905923,0.48693379790940766,0.02613240418118467,0.1293667847299884,0.10795954022340395,1.044932183725213,0.9723622899733229,0.05310779748038712,0.522938443670151,0.47706155632984903,0.8916957026713124,1545,1432,50,417,0.44860627177700346,0.41579558652729387,0.014518002322880372,0.1210801393728223,0.03281068524970959,2977,0.0400823260849973,OK
ES,FULL_SESSION_EMA,20,FROM_BELOW,OPEN,5,0.5,524,532,1.015267175572519,263,269,0,0.4943609022556391,0.5056390977443609,-0.011278195488721804,0.8284070452667405,0.10994402686683472,1.580762765441703,1.3542149523333797,0.10552259311649846,0.5413533834586466,0.45864661654135336,0.8872180451127819,202,201,129,0,0.37969924812030076,0.37781954887218044,0.2424812030075188,0.0,0.0018796992481203145,403,1.0,OK
ES,FULL_SESSION_EMA,20,FROM_BELOW,OPEN,5,1.0,524,532,1.015267175572519,263,269,0,0.4943609022556391,0.5056390977443609,-0.011278195488721804,0.8284070452667405,0.10994402686683472,1.580762765441703,1.3542149523333797,0.10552259311649846,0.5413533834586466,0.45864661654135336,0.8872180451127819,256,232,31,13,0.48120300751879697,0.43609022556390975,0.05827067669172932,0.02443609022556391,0.045112781954887216,488,0.29779407709172645,OK
ES,FULL_SESSION_EMA,20,FROM_BELOW,MID_MORNING,5,0.5,647,660,1.0200927357032457,368,292,0,0.5575757575757576,0.44242424242424244,0.11515151515151516,0.0034761661916115363,-0.07973213576816696,0.850461544137737,0.7242504004211584,0.025800240651725113,0.5106060606060606,0.4893939393939394,0.8924242424242425,350,282,24,4,0.5303030303030303,0.42727272727272725,0.03636363636363636,0.006060606060606061,0.10303030303030303,632,0.007647023197761616,OK
ES,FULL_SESSION_EMA,20,FROM_BELOW,MID_MORNING,5,1.0,647,660,1.0200927357032457,368,292,0,0.5575757575757576,0.44242424242424244,0.11515151515151516,0.0034761661916115363,-0.07973213576816696,0.850461544137737,0.7242504004211584,0.025800240651725113,0.5106060606060606,0.4893939393939394,0.8924242424242425,266,231,0,163,0.403030303030303,0.35,0.0,0.24696969696969698,0.05303030303030304,497,0.12714752144876432,OK
ES,FULL_SESSION_EMA,20,FROM_BELOW,MIDDAY,5,0.5,836,875,1.0466507177033493,433,442,0,0.4948571428571429,0.5051428571428571,-0.010285714285714285,0.7868329660278763,-0.11148929292210683,0.7921589434145523,0.8304845621212493,-0.03113312263940319,0.4845714285714286,0.5154285714285715,0.9005714285714286,404,436,35,0,0.4617142857142857,0.4982857142857143,0.04,0.0,-0.03657142857142859,840,0.2847918536868596,OK
ES,FULL_SESSION_EMA,20,FROM_BELOW,MIDDAY,5,1.0,836,875,1.0466507177033493,433,442,0,0.4948571428571429,0.5051428571428571,-0.010285714285714285,0.7868329660278763,-0.11148929292210683,0.7921589434145523,0.8304845621212493,-0.03113312263940319,0.4845714285714286,0.5154285714285715,0.9005714285714286,346,334,2,193,0.3954285714285714,0.38171428571428573,0.002285714285714286,0.22057142857142858,0.013714285714285679,680,0.6731796653887555,OK
ES,FULL_SESSION_EMA,20,FROM_BELOW,AFTERNOON,5,0.5,883,915,1.0362400906002265,475,440,0,0.5191256830601093,0.4808743169398907,0.03825136612021858,0.2609993819359138,-0.09179162416909424,1.1093556780349174,1.0344931118502367,0.011564229023206309,0.5016393442622951,0.49836065573770494,0.8765027322404372,425,387,101,2,0.4644808743169399,0.42295081967213116,0.11038251366120219,0.002185792349726776,0.041530054644808745,812,0.1941029638638442,OK
ES,FULL_SESSION_EMA,20,FROM_BELOW,AFTERNOON,5,1.0,883,915,1.0362400906002265,475,440,0,0.5191256830601093,0.4808743169398907,0.03825136612021858,0.2609993819359138,-0.09179162416909424,1.1093556780349174,1.0344931118502367,0.011564229023206309,0.5016393442622951,0.49836065573770494,0.8765027322404372,429,386,12,88,0.46885245901639344,0.42185792349726775,0.013114754098360656,0.09617486338797815,0.04699453551912569,815,0.14119082573887534,OK
ES,FULL_SESSION_EMA,20,FROM_BELOW,ALL_RTH,5,0.5,10545,2982,0.28278805120910383,1539,1443,0,0.5160965794768612,0.48390342052313884,0.03219315895372234,0.0818976202002365,-0.07465061602735511,0.9909610563982558,0.9339543291487222,0.01626299792538682,0.505700871898055,0.494299128101945,0.8890006706908116,1381,1306,289,6,0.4631120053655265,0.4379610999329309,0.09691482226693494,0.002012072434607646,0.02515090543259557,2687,0.15340198232364635,OK
ES,FULL_SESSION_EMA,20,FROM_BELOW,ALL_RTH,5,1.0,10545,2982,0.28278805120910383,1539,1443,0,0.5160965794768612,0.48390342052313884,0.03219315895372234,0.0818976202002365,-0.07465061602735511,0.9909610563982558,0.9339543291487222,0.01626299792538682,0.505700871898055,0.494299128101945,0.8890006706908116,1297,1183,45,457,0.43494299128101943,0.3967136150234742,0.015090543259557344,0.15325285043594902,0.038229376257545244,2480,0.023243334998076133,OK
ES,FULL_SESSION_EMA,21,FROM_ABOVE,OPEN,5,0.5,581,541,0.9311531841652324,284,257,0,0.5249537892791127,0.47504621072088726,0.04990757855822551,0.2636225592861483,0.14788149030258257,1.6593718924274887,1.601795540084803,0.007289465870599088,0.5027726432532348,0.49722735674676527,0.8650646950092421,209,203,129,0,0.38632162661737524,0.3752310536044362,0.23844731977818853,0.0,0.011090573012939031,412,0.805461353876563,OK
ES,FULL_SESSION_EMA,21,FROM_ABOVE,OPEN,5,1.0,581,541,0.9311531841652324,284,257,0,0.5249537892791127,0.47504621072088726,0.04990757855822551,0.2636225592861483,0.14788149030258257,1.6593718924274887,1.601795540084803,0.007289465870599088,0.5027726432532348,0.49722735674676527,0.8650646950092421,261,235,36,9,0.4824399260628466,0.4343807763401109,0.066543438077634,0.0166358595194085,0.04805914972273567,496,0.26161516981816046,OK
ES,FULL_SESSION_EMA,21,FROM_ABOVE,MID_MORNING,5,0.5,755,711,0.9417218543046357,361,350,0,0.5077355836849508,0.49226441631504925,0.015471167369901548,0.7076668348529843,0.12984793338441758,0.874555540312281,0.8066330466374396,0.04131461933789787,0.5161744022503516,0.4838255977496484,0.8846694796061885,360,312,38,1,0.5063291139240507,0.4388185654008439,0.053445850914205346,0.0014064697609001407,0.06751054852320676,672,0.0697425403233469,OK
ES,FULL_SESSION_EMA,21,FROM_ABOVE,MID_MORNING,5,1.0,755,711,0.9417218543046357,361,350,0,0.5077355836849508,0.49226441631504925,0.015471167369901548,0.7076668348529843,0.12984793338441758,0.874555540312281,0.8066330466374396,0.04131461933789787,0.5161744022503516,0.4838255977496484,0.8846694796061885,295,280,0,136,0.4149085794655415,0.39381153305203936,0.0,0.19127988748241911,0.02109704641350213,575,0.5593653938565853,OK
ES,FULL_SESSION_EMA,21,FROM_ABOVE,MIDDAY,5,0.5,990,1025,1.0353535353535352,552,473,0,0.5385365853658537,0.46146341463414636,0.07707317073170732,0.014797798230543254,0.058304338827811504,0.9305625801296483,0.8259043845081953,0.08776902281062894,0.5375609756097561,0.4624390243902439,0.9151219512195122,533,442,47,3,0.52,0.43121951219512195,0.045853658536585365,0.002926829268292683,0.08878048780487807,975,0.003925185671147997,OK
ES,FULL_SESSION_EMA,21,FROM_ABOVE,MIDDAY,5,1.0,990,1025,1.0353535353535352,552,473,0,0.5385365853658537,0.46146341463414636,0.07707317073170732,0.014797798230543254,0.058304338827811504,0.9305625801296483,0.8259043845081953,0.08776902281062894,0.5375609756097561,0.4624390243902439,0.9151219512195122,454,388,7,176,0.4429268292682927,0.37853658536585366,0.006829268292682927,0.17170731707317075,0.06439024390243903,842,0.025029937697093812,OK
ES,FULL_SESSION_EMA,21,FROM_ABOVE,AFTERNOON,5,0.5,1020,1137,1.1147058823529412,559,578,0,0.4916446789797713,0.5083553210202286,-0.016710642040457344,0.5934876515194566,0.1488420767004916,1.1519820080837235,1.08261757741037,0.04968258934663028,0.5180299032541776,0.48197009674582236,0.8812664907651715,527,489,119,2,0.4635004397537379,0.43007915567282323,0.10466138962181179,0.001759014951627089,0.03342128408091466,1016,0.24571257900130689,OK
ES,FULL_SESSION_EMA,21,FROM_ABOVE,AFTERNOON,5,1.0,1020,1137,1.1147058823529412,559,578,0,0.4916446789797713,0.5083553210202286,-0.016710642040457344,0.5934876515194566,0.1488420767004916,1.1519820080837235,1.08261757741037,0.04968258934663028,0.5180299032541776,0.48197009674582236,0.8812664907651715,543,508,10,76,0.47757255936675463,0.4467897977132806,0.008795074758135445,0.06684256816182937,0.030782761653474044,1051,0.2942832071196473,OK
ES,FULL_SESSION_EMA,21,FROM_ABOVE,ALL_RTH,5,0.5,11643,3414,0.2932233960319505,1756,1658,0,0.5143526654950205,0.4856473345049795,0.02870533099004101,0.09687562148134836,0.10612624826205892,1.0498183422800835,0.9770200190242488,0.0558503583939418,0.5210896309314587,0.4789103690685413,0.8895723491505565,1629,1446,333,6,0.4771528998242531,0.4235500878734622,0.09753954305799649,0.0017574692442882249,0.05360281195079086,3075,0.0010272770916338902,OK
ES,FULL_SESSION_EMA,21,FROM_ABOVE,ALL_RTH,5,1.0,11643,3414,0.2932233960319505,1756,1658,0,0.5143526654950205,0.4856473345049795,0.02870533099004101,0.09687562148134836,0.10612624826205892,1.0498183422800835,0.9770200190242488,0.0558503583939418,0.5210896309314587,0.4789103690685413,0.8895723491505565,1553,1411,53,397,0.45489162272993555,0.4132981839484476,0.015524311657879321,0.11628588166373754,0.04159343878148797,2964,0.00958928459155793,OK
ES,FULL_SESSION_EMA,21,FROM_BELOW,OPEN,5,0.5,526,538,1.0228136882129277,261,277,0,0.4851301115241636,0.5148698884758365,-0.02973977695167286,0.5178666652355713,0.0627591240587049,1.584313394990987,1.3936250132413182,0.11714839635857435,0.5408921933085502,0.4591078066914498,0.895910780669145,204,199,135,0,0.379182156133829,0.36988847583643125,0.25092936802973975,0.0,0.009293680297397744,403,0.8420949732800328,OK
ES,FULL_SESSION_EMA,21,FROM_BELOW,OPEN,5,1.0,526,538,1.0228136882129277,261,277,0,0.4851301115241636,0.5148698884758365,-0.02973977695167286,0.5178666652355713,0.0627591240587049,1.584313394990987,1.3936250132413182,0.11714839635857435,0.5408921933085502,0.4591078066914498,0.895910780669145,260,234,31,13,0.483271375464684,0.4349442379182156,0.05762081784386617,0.024163568773234202,0.04832713754646839,494,0.26065130907203826,OK
ES,FULL_SESSION_EMA,21,FROM_BELOW,MID_MORNING,5,0.5,636,645,1.0141509433962264,357,288,0,0.5534883720930233,0.44651162790697674,0.10697674418604651,0.007370144613663788,-0.07963269847035757,0.8262921792101667,0.7310096467685557,0.00023099274451797582,0.5007751937984496,0.4992248062015504,0.9007751937984496,337,278,26,4,0.5224806201550387,0.4310077519379845,0.040310077519379844,0.006201550387596899,0.09147286821705419,615,0.019273083516131283,OK
ES,FULL_SESSION_EMA,21,FROM_BELOW,MID_MORNING,5,1.0,636,645,1.0141509433962264,357,288,0,0.5534883720930233,0.44651162790697674,0.10697674418604651,0.007370144613663788,-0.07963269847035757,0.8262921792101667,0.7310096467685557,0.00023099274451797582,0.5007751937984496,0.4992248062015504,0.9007751937984496,258,225,0,162,0.4,0.3488372093023256,0.0,0.25116279069767444,0.05116279069767443,483,0.14530096367970954,OK
ES,FULL_SESSION_EMA,21,FROM_BELOW,MIDDAY,5,0.5,811,861,1.061652281134402,416,445,0,0.4831591173054588,0.5168408826945412,-0.03368176538908246,0.3399677161077954,-0.0967219267945183,0.7968134108798732,0.8208272186029684,-0.01589372315786679,0.4901277584204414,0.5098722415795587,0.9012775842044135,396,428,36,1,0.45993031358885017,0.49709639953542395,0.041811846689895474,0.0011614401858304297,-0.03716608594657378,824,0.2801625889840696,OK
ES,FULL_SESSION_EMA,21,FROM_BELOW,MIDDAY,5,1.0,811,861,1.061652281134402,416,445,0,0.4831591173054588,0.5168408826945412,-0.03368176538908246,0.3399677161077954,-0.0967219267945183,0.7968134108798732,0.8208272186029684,-0.01589372315786679,0.4901277584204414,0.5098722415795587,0.9012775842044135,340,331,2,188,0.3948896631823461,0.38443670150987225,0.0023228803716608595,0.2183507549361208,0.010452961672473837,671,0.7574723035003649,OK
ES,FULL_SESSION_EMA,21,FROM_BELOW,AFTERNOON,5,0.5,870,897,1.0310344827586206,469,428,0,0.5228539576365663,0.47714604236343366,0.045707915273132664,0.18166099449876127,-0.08263559032423438,1.103679306275516,1.032540831050331,0.020785832613963804,0.5083612040133779,0.4916387959866221,0.882943143812709,434,364,97,2,0.483835005574136,0.4057971014492754,0.10813823857302118,0.002229654403567447,0.07803790412486061,798,0.014531731021727539,OK
ES,FULL_SESSION_EMA,21,FROM_BELOW,AFTERNOON,5,1.0,870,897,1.0310344827586206,469,428,0,0.5228539576365663,0.47714604236343366,0.045707915273132664,0.18166099449876127,-0.08263559032423438,1.103679306275516,1.032540831050331,0.020785832613963804,0.5083612040133779,0.4916387959866221,0.882943143812709,423,384,8,82,0.47157190635451507,0.4280936454849498,0.008918617614269788,0.09141583054626533,0.043478260869565244,807,0.18097068496806606,OK
ES,FULL_SESSION_EMA,21,FROM_BELOW,ALL_RTH,5,0.5,10392,2941,0.2830061585835258,1503,1438,0,0.5110506630397824,0.48894933696021764,0.022101326079564772,0.23794047553988482,-0.06673960406881567,0.9885851456600523,0.9318096186081367,0.01723956526257102,0.5073104386263175,0.4926895613736824,0.8945936756205373,1371,1269,294,7,0.4661679700782047,0.4314858891533492,0.0999659979598776,0.0023801428085685142,0.03468208092485553,2640,0.04931159410873995,OK
ES,FULL_SESSION_EMA,21,FROM_BELOW,ALL_RTH,5,1.0,10392,2941,0.2830061585835258,1503,1438,0,0.5110506630397824,0.48894933696021764,0.022101326079564772,0.23794047553988482,-0.06673960406881567,0.9885851456600523,0.9318096186081367,0.01723956526257102,0.5073104386263175,0.4926895613736824,0.8945936756205373,1281,1174,41,445,0.43556613396803806,0.3991839510370622,0.01394083645018701,0.15130907854471268,0.03638218293097584,2455,0.03238699382857727,OK
ES,FULL_SESSION_EMA,22,FROM_ABOVE,OPEN,5,0.5,580,541,0.9327586206896552,286,255,0,0.5286506469500925,0.4713493530499076,0.05730129390018484,0.1970741729521715,0.18528959266809075,1.7035008344295126,1.5931231510809032,0.009601986673058257,0.5083179297597042,0.49168207024029575,0.866913123844732,213,202,126,0,0.39371534195933455,0.3733826247689464,0.23290203327171904,0.0,0.02033271719038815,415,0.6235639995099033,OK
ES,FULL_SESSION_EMA,22,FROM_ABOVE,OPEN,5,1.0,580,541,0.9327586206896552,286,255,0,0.5286506469500925,0.4713493530499076,0.05730129390018484,0.1970741729521715,0.18528959266809075,1.7035008344295126,1.5931231510809032,0.009601986673058257,0.5083179297597042,0.49168207024029575,0.866913123844732,260,237,34,10,0.4805914972273567,0.43807763401109057,0.06284658040665435,0.018484288354898338,0.04251386321626616,497,0.32372593444116776,OK
ES,FULL_SESSION_EMA,22,FROM_ABOVE,MID_MORNING,5,0.5,743,697,0.9380888290713324,361,336,0,0.5179340028694405,0.48206599713055953,0.035868005738880916,0.3633259820152694,0.09636589136173349,0.8773516235727189,0.8111980617314447,0.03452566559842388,0.5136298421807748,0.48637015781922527,0.890961262553802,354,301,40,2,0.5078909612625538,0.43185078909612623,0.05738880918220947,0.0028694404591104736,0.07604017216642761,655,0.04209110619694241,OK
ES,FULL_SESSION_EMA,22,FROM_ABOVE,MID_MORNING,5,1.0,743,697,0.9380888290713324,361,336,0,0.5179340028694405,0.48206599713055953,0.035868005738880916,0.3633259820152694,0.09636589136173349,0.8773516235727189,0.8111980617314447,0.03452566559842388,0.5136298421807748,0.48637015781922527,0.890961262553802,291,281,0,125,0.41750358680057387,0.4031563845050215,0.0,0.1793400286944046,0.014347202295552364,572,0.7067223456619453,OK
ES,FULL_SESSION_EMA,22,FROM_ABOVE,MIDDAY,5,0.5,969,991,1.022703818369453,543,448,0,0.5479313824419778,0.4520686175580222,0.0958627648839556,0.0028080726923725456,0.02894664252307848,0.9314206432969452,0.8212793420183879,0.07258858925788256,0.5257315842583249,0.47426841574167505,0.9122098890010091,514,430,45,2,0.5186680121089808,0.4339051463168517,0.045408678102926335,0.0020181634712411706,0.08476286579212916,944,0.006873209370748146,OK
ES,FULL_SESSION_EMA,22,FROM_ABOVE,MIDDAY,5,1.0,969,991,1.022703818369453,543,448,0,0.5479313824419778,0.4520686175580222,0.0958627648839556,0.0028080726923725456,0.02894664252307848,0.9314206432969452,0.8212793420183879,0.07258858925788256,0.5257315842583249,0.47426841574167505,0.9122098890010091,434,375,7,175,0.437941473259334,0.3784056508577195,0.007063572149344097,0.17658930373360243,0.059535822401614535,809,0.04136668471281684,OK
ES,FULL_SESSION_EMA,22,FROM_ABOVE,AFTERNOON,5,0.5,1003,1134,1.1306081754735793,571,563,0,0.5035273368606702,0.4964726631393298,0.007054673721340388,0.8353420147376928,0.17736620606997622,1.166735169341092,1.0704319629513437,0.07079518209685139,0.5211640211640212,0.47883597883597884,0.8827160493827161,535,478,118,3,0.47178130511463845,0.42151675485008816,0.10405643738977072,0.0026455026455026454,0.05026455026455029,1013,0.07844522523919278,OK
ES,FULL_SESSION_EMA,22,FROM_ABOVE,AFTERNOON,5,1.0,1003,1134,1.1306081754735793,571,563,0,0.5035273368606702,0.4964726631393298,0.007054673721340388,0.8353420147376928,0.17736620606997622,1.166735169341092,1.0704319629513437,0.07079518209685139,0.5211640211640212,0.47883597883597884,0.8827160493827161,559,496,12,67,0.4929453262786596,0.43738977072310403,0.010582010582010581,0.059082892416225746,0.05555555555555558,1055,0.05623357947810096,OK
ES,FULL_SESSION_EMA,22,FROM_ABOVE,ALL_RTH,5,0.5,11463,3363,0.29337869667626276,1761,1602,0,0.5236396074933095,0.47636039250669043,0.04727921498661909,0.006430598728505182,0.10195071489051233,1.062011593510417,0.9788036090553573,0.05294780502517822,0.5188819506393101,0.48111804936068986,0.8905738923580137,1616,1411,329,7,0.48052334225393994,0.41956586381207256,0.09782931906036277,0.0020814748736247396,0.060957478441867385,3027,0.0002079407552001283,OK
ES,FULL_SESSION_EMA,22,FROM_ABOVE,ALL_RTH,5,1.0,11463,3363,0.29337869667626276,1761,1602,0,0.5236396074933095,0.47636039250669043,0.04727921498661909,0.006430598728505182,0.10195071489051233,1.062011593510417,0.9788036090553573,0.05294780502517822,0.5188819506393101,0.48111804936068986,0.8905738923580137,1544,1389,53,377,0.4591138864109426,0.4130240856378234,0.01575973832887303,0.11210228962236099,0.046089800773119194,2933,0.004453035036682829,OK
ES,FULL_SESSION_EMA,22,FROM_BELOW,OPEN,5,0.5,526,536,1.0190114068441065,263,273,0,0.4906716417910448,0.5093283582089553,-0.018656716417910446,0.6975059817248055,0.04112338202109308,1.5840421879087787,1.3672311963607302,0.12113307313403737,0.539179104477612,0.4608208955223881,0.8936567164179104,214,201,121,0,0.39925373134328357,0.375,0.22574626865671643,0.0,0.02425373134328357,415,0.5558752439908858,OK
ES,FULL_SESSION_EMA,22,FROM_BELOW,OPEN,5,1.0,526,536,1.0190114068441065,263,273,0,0.4906716417910448,0.5093283582089553,-0.018656716417910446,0.6975059817248055,0.04112338202109308,1.5840421879087787,1.3672311963607302,0.12113307313403737,0.539179104477612,0.4608208955223881,0.8936567164179104,265,235,27,9,0.4944029850746269,0.43843283582089554,0.05037313432835821,0.016791044776119403,0.05597014925373134,500,0.1946083086078805,OK
ES,FULL_SESSION_EMA,22,FROM_BELOW,MID_MORNING,5,0.5,627,636,1.014354066985646,350,286,0,0.550314465408805,0.449685534591195,0.10062893081761007,0.012425166472702373,-0.08855218320482998,0.8252924835441093,0.7425038028983477,0.007518003504064454,0.5047169811320755,0.49528301886792453,0.8930817610062893,329,275,29,3,0.5172955974842768,0.43238993710691825,0.04559748427672956,0.0047169811320754715,0.08490566037735853,604,0.030956749788336218,OK
ES,FULL_SESSION_EMA,22,FROM_BELOW,MID_MORNING,5,1.0,627,636,1.014354066985646,350,286,0,0.550314465408805,0.449685534591195,0.10062893081761007,0.012425166472702373,-0.08855218320482998,0.8252924835441093,0.7425038028983477,0.007518003504064454,0.5047169811320755,0.49528301886792453,0.8930817610062893,253,226,0,157,0.3977987421383648,0.3553459119496855,0.0,0.2468553459119497,0.04245283018867929,479,0.23481179204239805,OK
ES,FULL_SESSION_EMA,22,FROM_BELOW,MIDDAY,5,0.5,794,844,1.0629722921914357,399,445,0,0.4727488151658768,0.5272511848341233,-0.054502369668246446,0.12133896085029741,-0.08853571979340558,0.8010664099875886,0.8191679023209151,-0.01571787533806468,0.4928909952606635,0.5071090047393365,0.8957345971563981,384,428,30,2,0.4549763033175355,0.5071090047393365,0.035545023696682464,0.002369668246445498,-0.05213270142180099,812,0.1312471867455493,OK
ES,FULL_SESSION_EMA,22,FROM_BELOW,MIDDAY,5,1.0,794,844,1.0629722921914357,399,445,0,0.4727488151658768,0.5272511848341233,-0.054502369668246446,0.12133896085029741,-0.08853571979340558,0.8010664099875886,0.8191679023209151,-0.01571787533806468,0.4928909952606635,0.5071090047393365,0.8957345971563981,338,322,2,182,0.4004739336492891,0.3815165876777251,0.002369668246445498,0.2156398104265403,0.01895734597156401,660,0.5593377500819332,OK
ES,FULL_SESSION_EMA,22,FROM_BELOW,AFTERNOON,5,0.5,858,884,1.0303030303030303,465,419,0,0.5260180995475113,0.47398190045248867,0.05203619909502263,0.1301024703094858,-0.0752319044376979,1.1075130017951138,1.0422143016955874,0.006852528052331766,0.5067873303167421,0.49321266968325794,0.8823529411764706,434,360,88,2,0.49095022624434387,0.4072398190045249,0.09954751131221719,0.0022624434389140274,0.08371040723981898,794,0.009535584062563213,OK
ES,FULL_SESSION_EMA,22,FROM_BELOW,AFTERNOON,5,1.0,858,884,1.0303030303030303,465,419,0,0.5260180995475113,0.47398190045248867,0.05203619909502263,0.1301024703094858,-0.0752319044376979,1.1075130017951138,1.0422143016955874,0.006852528052331766,0.5067873303167421,0.49321266968325794,0.8823529411764706,419,380,6,79,0.47398190045248867,0.4298642533936652,0.006787330316742082,0.08936651583710407,0.044117647058823484,799,0.17880083684251308,OK
ES,FULL_SESSION_EMA,22,FROM_BELOW,ALL_RTH,5,0.5,10220,2900,0.2837573385518591,1477,1423,0,0.5093103448275862,0.4906896551724138,0.018620689655172412,0.3250248585243314,-0.0568292998859323,0.9940484106044467,0.9314334713322518,0.013541968718185063,0.5082758620689655,0.4917241379310345,0.8906896551724138,1361,1264,268,7,0.4693103448275862,0.43586206896551727,0.09241379310344827,0.002413793103448276,0.033448275862068944,2625,0.06094730528356235,OK
ES,FULL_SESSION_EMA,22,FROM_BELOW,ALL_RTH,5,1.0,10220,2900,0.2837573385518591,1477,1423,0,0.5093103448275862,0.4906896551724138,0.018620689655172412,0.3250248585243314,-0.0568292998859323,0.9940484106044467,0.9314334713322518,0.013541968718185063,0.5082758620689655,0.4917241379310345,0.8906896551724138,1275,1163,35,427,0.4396551724137931,0.4010344827586207,0.01206896551724138,0.14724137931034484,0.0386206896551724,2438,0.024553082085367918,OK
ES,RTH_EMA,20,FROM_ABOVE,OPEN,5,0.5,628,334,0.5318471337579618,177,157,0,0.5299401197604791,0.47005988023952094,0.059880239520958084,0.29850080283343083,0.19769771724721685,1.1139812928728456,0.9234069088427204,0.0885293600976054,0.5479041916167665,0.45209580838323354,0.8802395209580839,164,136,34,0,0.49101796407185627,0.40718562874251496,0.10179640718562874,0.0,0.08383233532934131,300,0.11888633674819796,OK
ES,RTH_EMA,20,FROM_ABOVE,OPEN,5,1.0,628,334,0.5318471337579618,177,157,0,0.5299401197604791,0.47005988023952094,0.059880239520958084,0.29850080283343083,0.19769771724721685,1.1139812928728456,0.9234069088427204,0.0885293600976054,0.5479041916167665,0.45209580838323354,0.8802395209580839,157,136,4,37,0.47005988023952094,0.40718562874251496,0.011976047904191617,0.11077844311377245,0.06287425149700598,293,0.24259199435339626,OK
ES,RTH_EMA,20,FROM_ABOVE,MID_MORNING,5,0.5,633,680,1.0742496050552923,363,317,0,0.5338235294117647,0.4661764705882353,0.06764705882352941,0.08433125003449216,0.008847507949362926,0.7235832343905704,0.856106131273259,-0.09510424838716235,0.4647058823529412,0.5352941176470588,0.8955882352941177,326,322,31,1,0.47941176470588237,0.47352941176470587,0.045588235294117645,0.0014705882352941176,0.005882352941176505,648,0.906197484279404,OK
ES,RTH_EMA,20,FROM_ABOVE,MID_MORNING,5,1.0,633,680,1.0742496050552923,363,317,0,0.5338235294117647,0.4661764705882353,0.06764705882352941,0.08433125003449216,0.008847507949362926,0.7235832343905704,0.856106131273259,-0.09510424838716235,0.4647058823529412,0.5352941176470588,0.8955882352941177,234,282,1,163,0.34411764705882353,0.4147058823529412,0.0014705882352941176,0.23970588235294119,-0.07058823529411767,516,0.03843748809840512,OK
ES,RTH_EMA,20,FROM_ABOVE,MIDDAY,5,0.5,971,1026,1.0566426364572605,560,466,0,0.5458089668615984,0.45419103313840153,0.09161793372319688,0.003670499140331309,0.036416984029359736,0.9206271662896186,0.8293967934664197,0.07515211156954546,0.5331384015594542,0.4668615984405458,0.9122807017543859,537,436,52,1,0.5233918128654971,0.4249512670565302,0.050682261208576995,0.0009746588693957114,0.09844054580896688,973,0.0013347118232334184,OK
ES,RTH_EMA,20,FROM_ABOVE,MIDDAY,5,1.0,971,1026,1.0566426364572605,560,466,0,0.5458089668615984,0.45419103313840153,0.09161793372319688,0.003670499140331309,0.036416984029359736,0.9206271662896186,0.8293967934664197,0.07515211156954546,0.5331384015594542,0.4668615984405458,0.9122807017543859,442,392,8,184,0.43079922027290446,0.3820662768031189,0.007797270955165692,0.1793372319688109,0.04873294346978557,834,0.08968721640062814,OK
ES,RTH_EMA,20,FROM_ABOVE,AFTERNOON,5,0.5,1024,1150,1.123046875,569,581,0,0.49478260869565216,0.5052173913043478,-0.010434782608695653,0.7456721292703001,0.19038944825355736,1.3328815757565513,1.189559933827519,0.06546180130103049,0.5252173913043479,0.4747826086956522,0.8739130434782608,538,494,118,0,0.4678260869565217,0.4295652173913043,0.10260869565217391,0.0,0.038260869565217404,1032,0.18069537960445747,OK
ES,RTH_EMA,20,FROM_ABOVE,AFTERNOON,5,1.0,1024,1150,1.123046875,569,581,0,0.49478260869565216,0.5052173913043478,-0.010434782608695653,0.7456721292703001,0.19038944825355736,1.3328815757565513,1.189559933827519,0.06546180130103049,0.5252173913043479,0.4747826086956522,0.8739130434782608,555,532,9,54,0.4826086956521739,0.46260869565217394,0.00782608695652174,0.04695652173913043,0.019999999999999962,1087,0.5046116619658858,OK
ES,RTH_EMA,20,FROM_ABOVE,ALL_RTH,5,0.5,3256,3190,0.9797297297297297,1669,1521,0,0.5231974921630094,0.4768025078369906,0.04639498432601881,0.00923903474005613,0.10015363874308242,0.9927085945346923,0.9484960561678515,0.04703020221371817,0.5172413793103449,0.4827586206896552,0.8915360501567398,1565,1388,235,2,0.49059561128526646,0.4351097178683386,0.07366771159874608,0.0006269592476489029,0.05548589341692789,2953,0.0011967873481704304,OK
ES,RTH_EMA,20,FROM_ABOVE,ALL_RTH,5,1.0,3256,3190,0.9797297297297297,1669,1521,0,0.5231974921630094,0.4768025078369906,0.04639498432601881,0.00923903474005613,0.10015363874308242,0.9927085945346923,0.9484960561678515,0.04703020221371817,0.5172413793103449,0.4827586206896552,0.8915360501567398,1388,1342,22,438,0.4351097178683386,0.4206896551724138,0.006896551724137931,0.1373040752351097,0.014420062695924774,2730,0.3891019779141766,OK
ES,RTH_EMA,20,FROM_BELOW,OPEN,5,0.5,526,303,0.5760456273764258,156,147,0,0.5148514851485149,0.48514851485148514,0.0297029702970297,0.6458839952205923,-0.060004367573449444,0.8981200620385874,0.9096665857055296,-0.06269539638430748,0.49174917491749176,0.5082508250825083,0.9141914191419142,135,136,29,3,0.44554455445544555,0.44884488448844884,0.09570957095709572,0.009900990099009901,-0.0033003300330032848,271,1.0,OK
ES,RTH_EMA,20,FROM_BELOW,OPEN,5,1.0,526,303,0.5760456273764258,156,147,0,0.5148514851485149,0.48514851485148514,0.0297029702970297,0.6458839952205923,-0.060004367573449444,0.8981200620385874,0.9096665857055296,-0.06269539638430748,0.49174917491749176,0.5082508250825083,0.9141914191419142,125,128,0,50,0.41254125412541254,0.42244224422442245,0.0,0.16501650165016502,-0.00990099009900991,253,0.8999710420105744,OK
ES,RTH_EMA,20,FROM_BELOW,MID_MORNING,5,0.5,562,620,1.103202846975089,321,299,0,0.5177419354838709,0.482258064516129,0.035483870967741936,0.3990342307654337,-0.026921553835908805,0.760248020216115,0.648927645005553,0.07847292861287686,0.5306451612903226,0.4693548387096774,0.8951612903225806,324,273,14,9,0.5225806451612903,0.4403225806451613,0.02258064516129032,0.014516129032258065,0.08225806451612905,597,0.04063097736617639,OK
ES,RTH_EMA,20,FROM_BELOW,MID_MORNING,5,1.0,562,620,1.103202846975089,321,299,0,0.5177419354838709,0.482258064516129,0.035483870967741936,0.3990342307654337,-0.026921553835908805,0.760248020216115,0.648927645005553,0.07847292861287686,0.5306451612903226,0.4693548387096774,0.8951612903225806,250,193,0,177,0.4032258064516129,0.31129032258064515,0.0,0.2854838709677419,0.09193548387096773,443,0.007728651027051661,OK
ES,RTH_EMA,20,FROM_BELOW,MIDDAY,5,0.5,800,850,1.0625,420,430,0,0.49411764705882355,0.5058823529411764,-0.011764705882352941,0.7575725503841082,-0.10394445788823183,0.809640350254119,0.8287592224903582,0.009448774883301746,0.5011764705882353,0.4988235294117647,0.9,401,415,32,2,0.4717647058823529,0.48823529411764705,0.03764705882352941,0.002352941176470588,-0.016470588235294126,816,0.6490703227733305,OK
ES,RTH_EMA,20,FROM_BELOW,MIDDAY,5,1.0,800,850,1.0625,420,430,0,0.49411764705882355,0.5058823529411764,-0.011764705882352941,0.7575725503841082,-0.10394445788823183,0.809640350254119,0.8287592224903582,0.009448774883301746,0.5011764705882353,0.4988235294117647,0.9,348,323,2,177,0.40941176470588236,0.38,0.002352941176470588,0.20823529411764705,0.02941176470588236,671,0.3541897297699544,OK
ES,RTH_EMA,20,FROM_BELOW,AFTERNOON,5,0.5,883,911,1.031710079275198,474,437,0,0.5203073545554336,0.4796926454445664,0.04061470911086718,0.23295585950604375,-0.17550015967221178,1.1742910912544777,1.1759652047135205,-0.05188443169071237,0.47200878155872666,0.5279912184412733,0.8770581778265643,419,394,97,1,0.45993413830954993,0.43249176728869376,0.10647639956092206,0.0010976948408342481,0.02744237102085617,813,0.3999606864009587,OK
ES,RTH_EMA,20,FROM_BELOW,AFTERNOON,5,1.0,883,911,1.031710079275198,474,437,0,0.5203073545554336,0.4796926454445664,0.04061470911086718,0.23295585950604375,-0.17550015967221178,1.1742910912544777,1.1759652047135205,-0.05188443169071237,0.47200878155872666,0.5279912184412733,0.8770581778265643,429,408,9,65,0.47091108671789245,0.4478594950603732,0.009879253567508232,0.07135016465422613,0.023051591657519244,837,0.48939897524627285,OK
ES,RTH_EMA,20,FROM_BELOW,ALL_RTH,5,0.5,2771,2684,0.9686033922771563,1371,1313,0,0.5108047690014903,0.4891952309985097,0.021609538002980627,0.2712286674407808,-0.09950946986073121,0.9261071454210356,0.8928371692169488,-0.009194218113800385,0.4970193740685544,0.5029806259314457,0.8926974664679582,1279,1218,172,15,0.47652757078986585,0.45380029806259314,0.06408345752608048,0.005588673621460507,0.022727272727272707,2497,0.229852719368127,OK
ES,RTH_EMA,20,FROM_BELOW,ALL_RTH,5,1.0,2771,2684,0.9686033922771563,1371,1313,0,0.5108047690014903,0.4891952309985097,0.021609538002980627,0.2712286674407808,-0.09950946986073121,0.9261071454210356,0.8928371692169488,-0.009194218113800385,0.4970193740685544,0.5029806259314457,0.8926974664679582,1152,1052,11,469,0.42921013412816694,0.3919523099850969,0.004098360655737705,0.1747391952309985,0.03725782414307005,2204,0.03494062011745155,OK
ES,RTH_EMA,21,FROM_ABOVE,OPEN,5,0.5,623,332,0.5329052969502408,173,159,0,0.5210843373493976,0.4789156626506024,0.04216867469879518,0.4756112743569324,0.22911452103088026,1.1316264438329853,0.9061191043014807,0.12371952614395207,0.5481927710843374,0.45180722891566266,0.8734939759036144,165,131,35,1,0.49698795180722893,0.39457831325301207,0.10542168674698796,0.0030120481927710845,0.10240963855421686,296,0.05491635391760134,OK
ES,RTH_EMA,21,FROM_ABOVE,OPEN,5,1.0,623,332,0.5329052969502408,173,159,0,0.5210843373493976,0.4789156626506024,0.04216867469879518,0.4756112743569324,0.22911452103088026,1.1316264438329853,0.9061191043014807,0.12371952614395207,0.5481927710843374,0.45180722891566266,0.8734939759036144,157,134,4,37,0.47289156626506024,0.4036144578313253,0.012048192771084338,0.11144578313253012,0.06927710843373491,291,0.19708304233908208,OK
ES,RTH_EMA,21,FROM_ABOVE,MID_MORNING,5,0.5,626,671,1.071884984025559,362,309,0,0.5394932935916542,0.46050670640834573,0.07898658718330849,0.044622640078237935,0.02977800799394922,0.736433555244389,0.8411778184554919,-0.07736582522479042,0.47540983606557374,0.5245901639344263,0.8748137108792846,327,308,33,3,0.4873323397913562,0.45901639344262296,0.04918032786885246,0.004470938897168405,0.028315946348733245,635,0.4750651319992286,OK
ES,RTH_EMA,21,FROM_ABOVE,MID_MORNING,5,1.0,626,671,1.071884984025559,362,309,0,0.5394932935916542,0.46050670640834573,0.07898658718330849,0.044622640078237935,0.02977800799394922,0.736433555244389,0.8411778184554919,-0.07736582522479042,0.47540983606557374,0.5245901639344263,0.8748137108792846,235,264,1,171,0.3502235469448584,0.39344262295081966,0.0014903129657228018,0.2548435171385991,-0.043219076005961254,499,0.20999786073097612,OK
ES,RTH_EMA,21,FROM_ABOVE,MIDDAY,5,0.5,951,1007,1.0588853838065195,540,467,0,0.5362462760675273,0.4637537239324727,0.07249255213505462,0.023226235700625514,0.04207247468260619,0.9433579774845496,0.8125054012534799,0.10507648791047232,0.5402184707050646,0.45978152929493543,0.913604766633565,528,434,44,1,0.5243296921549155,0.43098311817279045,0.04369414101290963,0.0009930486593843098,0.09334657398212509,962,0.0026951663299064443,OK
ES,RTH_EMA,21,FROM_ABOVE,MIDDAY,5,1.0,951,1007,1.0588853838065195,540,467,0,0.5362462760675273,0.4637537239324727,0.07249255213505462,0.023226235700625514,0.04207247468260619,0.9433579774845496,0.8125054012534799,0.10507648791047232,0.5402184707050646,0.45978152929493543,0.913604766633565,444,380,7,176,0.44091360476663355,0.37735849056603776,0.006951340615690168,0.17477656405163852,0.06355511420059579,824,0.028123616374820214,OK
ES,RTH_EMA,21,FROM_ABOVE,AFTERNOON,5,0.5,1021,1146,1.1224289911851126,562,584,0,0.49040139616055844,0.5095986038394416,-0.019197207678883072,0.5350549018561189,0.21448661039156508,1.3363264623243647,1.1664227693376756,0.0791648940772689,0.5305410122164049,0.4694589877835951,0.8795811518324608,538,490,117,1,0.4694589877835951,0.42757417102966844,0.10209424083769633,0.0008726003490401396,0.04188481675392669,1028,0.14264114681589016,OK
ES,RTH_EMA,21,FROM_ABOVE,AFTERNOON,5,1.0,1021,1146,1.1224289911851126,562,584,0,0.49040139616055844,0.5095986038394416,-0.019197207678883072,0.5350549018561189,0.21448661039156508,1.3363264623243647,1.1664227693376756,0.0791648940772689,0.5305410122164049,0.4694589877835951,0.8795811518324608,557,529,10,50,0.4860383944153578,0.46160558464223383,0.008726003490401396,0.04363001745200698,0.024432809773123954,1086,0.4126207626984093,OK
ES,RTH_EMA,21,FROM_ABOVE,ALL_RTH,5,0.5,3221,3156,0.9798199316982303,1637,1519,0,0.5186945500633714,0.48130544993662866,0.037389100126742715,0.03726592347178109,0.09993105605929052,1.0077571122400304,0.9344077636757409,0.05829356116453924,0.5237642585551331,0.4762357414448669,0.8887832699619772,1558,1363,229,6,0.49366286438529783,0.4318757921419518,0.07256020278833968,0.0019011406844106464,0.06178707224334601,2921,0.00032974618217323685,OK
ES,RTH_EMA,21,FROM_ABOVE,ALL_RTH,5,1.0,3221,3156,0.9798199316982303,1637,1519,0,0.5186945500633714,0.48130544993662866,0.037389100126742715,0.03726592347178109,0.09993105605929052,1.0077571122400304,0.9344077636757409,0.05829356116453924,0.5237642585551331,0.4762357414448669,0.8887832699619772,1393,1307,22,434,0.4413814955640051,0.4141318124207858,0.00697084917617237,0.13751584283903676,0.027249683143219294,2700,0.10185834372949486,OK
ES,RTH_EMA,21,FROM_BELOW,OPEN,5,0.5,527,304,0.5768500948766604,157,147,0,0.5164473684210527,0.48355263157894735,0.03289473684210526,0.6057978899878553,-0.06242339689744386,0.8884993490225706,0.9090627867582333,-0.07201614391474594,0.48355263157894735,0.5164473684210527,0.9144736842105263,139,134,29,2,0.45723684210526316,0.4407894736842105,0.09539473684210527,0.006578947368421052,0.016447368421052655,273,0.808763846860497,OK
ES,RTH_EMA,21,FROM_BELOW,OPEN,5,1.0,527,304,0.5768500948766604,157,147,0,0.5164473684210527,0.48355263157894735,0.03289473684210526,0.6057978899878553,-0.06242339689744386,0.8884993490225706,0.9090627867582333,-0.07201614391474594,0.48355263157894735,0.5164473684210527,0.9144736842105263,121,130,0,53,0.3980263157894737,0.4276315789473684,0.0,0.17434210526315788,-0.029605263157894746,251,0.613678491438161,OK
ES,RTH_EMA,21,FROM_BELOW,MID_MORNING,5,0.5,534,595,1.1142322097378277,309,286,0,0.519327731092437,0.48067226890756304,0.03865546218487395,0.3671162550067527,-0.054487164440721575,0.7224086367114392,0.694942790106793,0.028179678882364764,0.5126050420168067,0.48739495798319327,0.8873949579831932,299,274,15,7,0.5025210084033613,0.46050420168067224,0.025210084033613446,0.011764705882352941,0.04201680672268909,573,0.3160467442321297,OK
ES,RTH_EMA,21,FROM_BELOW,MID_MORNING,5,1.0,534,595,1.1142322097378277,309,286,0,0.519327731092437,0.48067226890756304,0.03865546218487395,0.3671162550067527,-0.054487164440721575,0.7224086367114392,0.694942790106793,0.028179678882364764,0.5126050420168067,0.48739495798319327,0.8873949579831932,232,186,0,177,0.3899159663865546,0.3126050420168067,0.0,0.29747899159663865,0.0773109243697479,418,0.02761483623515875,OK
ES,RTH_EMA,21,FROM_BELOW,MIDDAY,5,0.5,795,847,1.0654088050314465,402,445,0,0.47461629279811096,0.525383707201889,-0.05076741440377804,0.148938587742907,-0.0731264766262079,0.812740837854466,0.8191785074000214,0.007717577208285738,0.5017709563164109,0.4982290436835891,0.8996458087367178,388,418,39,2,0.45808736717827625,0.4935064935064935,0.04604486422668241,0.0023612750885478157,-0.035419126328217254,806,0.30702430908704303,OK
ES,RTH_EMA,21,FROM_BELOW,MIDDAY,5,1.0,795,847,1.0654088050314465,402,445,0,0.47461629279811096,0.525383707201889,-0.05076741440377804,0.148938587742907,-0.0731264766262079,0.812740837854466,0.8191785074000214,0.007717577208285738,0.5017709563164109,0.4982290436835891,0.8996458087367178,347,316,2,182,0.40968122786304606,0.3730814639905549,0.0023612750885478157,0.21487603305785125,0.03659976387249114,663,0.24395602832623467,OK
ES,RTH_EMA,21,FROM_BELOW,AFTERNOON,5,0.5,872,896,1.0275229357798166,473,423,0,0.5279017857142857,0.4720982142857143,0.05580357142857143,0.10158222762224181,-0.1475919368960602,1.1831553568303694,1.1744085647532927,-0.06398321776633725,0.4720982142857143,0.5279017857142857,0.8828125,429,375,91,1,0.47879464285714285,0.4185267857142857,0.1015625,0.0011160714285714285,0.06026785714285715,804,0.06153250210461632,OK
ES,RTH_EMA,21,FROM_BELOW,AFTERNOON,5,1.0,872,896,1.0275229357798166,473,423,0,0.5279017857142857,0.4720982142857143,0.05580357142857143,0.10158222762224181,-0.1475919368960602,1.1831553568303694,1.1744085647532927,-0.06398321776633725,0.4720982142857143,0.5279017857142857,0.8828125,423,402,9,62,0.4720982142857143,0.4486607142857143,0.010044642857142858,0.06919642857142858,0.0234375,825,0.4862570853648094,OK
ES,RTH_EMA,21,FROM_BELOW,ALL_RTH,5,0.5,2728,2642,0.968475073313783,1341,1301,0,0.5075700227100681,0.4924299772899319,0.01514004542013626,0.44800873061060176,-0.08113630375140271,0.904822551008805,0.8921679362703551,-0.017368165276392213,0.49205147615442846,0.5079485238455715,0.892884178652536,1255,1201,174,12,0.4750189250567752,0.4545798637395912,0.06585919757759273,0.004542013626040878,0.020439061317183982,2456,0.2848632718194437,OK
ES,RTH_EMA,21,FROM_BELOW,ALL_RTH,5,1.0,2728,2642,0.968475073313783,1341,1301,0,0.5075700227100681,0.4924299772899319,0.01514004542013626,0.44800873061060176,-0.08113630375140271,0.904822551008805,0.8921679362703551,-0.017368165276392213,0.49205147615442846,0.5079485238455715,0.892884178652536,1123,1034,11,474,0.42505677517032553,0.39137017411052233,0.004163512490537472,0.1794095382286147,0.0336866010598032,2157,0.05809710695032526,OK
ES,RTH_EMA,22,FROM_ABOVE,OPEN,5,0.5,621,330,0.5314009661835749,172,158,0,0.5212121212121212,0.47878787878787876,0.04242424242424243,0.4742769860397973,0.25727749260552507,1.0829825727338074,0.9241889445100442,0.10499170626108024,0.5454545454545454,0.45454545454545453,0.8848484848484849,162,131,36,1,0.4909090909090909,0.396969696969697,0.10909090909090909,0.0030303030303030303,0.09393939393939393,293,0.07948989998432106,OK
ES,RTH_EMA,22,FROM_ABOVE,OPEN,5,1.0,621,330,0.5314009661835749,172,158,0,0.5212121212121212,0.47878787878787876,0.04242424242424243,0.4742769860397973,0.25727749260552507,1.0829825727338074,0.9241889445100442,0.10499170626108024,0.5454545454545454,0.45454545454545453,0.8848484848484849,156,134,4,36,0.4727272727272727,0.40606060606060607,0.012121212121212121,0.10909090909090909,0.06666666666666665,290,0.21744677607656798,OK
ES,RTH_EMA,22,FROM_ABOVE,MID_MORNING,5,0.5,624,659,1.0560897435897436,367,292,0,0.5569044006069803,0.44309559939301973,0.11380880121396054,0.003910319934033647,0.002764647438745442,0.767382595218192,0.8429723274066954,-0.05043768272412311,0.4764795144157815,0.5235204855842185,0.8786039453717754,324,296,37,2,0.49165402124430957,0.44916540212443096,0.05614567526555387,0.0030349013657056147,0.04248861911987861,620,0.2782001443304903,OK
ES,RTH_EMA,22,FROM_ABOVE,MID_MORNING,5,1.0,624,659,1.0560897435897436,367,292,0,0.5569044006069803,0.44309559939301973,0.11380880121396054,0.003910319934033647,0.002764647438745442,0.767382595218192,0.8429723274066954,-0.05043768272412311,0.4764795144157815,0.5235204855842185,0.8786039453717754,237,252,0,170,0.3596358118361153,0.38239757207890746,0.0,0.25796661608497723,-0.02276176024279214,489,0.5267095361678938,OK
ES,RTH_EMA,22,FROM_ABOVE,MIDDAY,5,0.5,925,983,1.0627027027027027,528,455,0,0.5371312309257376,0.46286876907426244,0.07426246185147507,0.02160298436715036,0.008526767694037313,0.926706580124855,0.8226616518550999,0.08475998643091347,0.5320447609359105,0.46795523906408953,0.9043743641912513,520,416,45,2,0.5289928789420142,0.4231943031536114,0.04577822990844354,0.002034587995930824,0.1057985757884028,936,0.0007523055111465059,OK
ES,RTH_EMA,22,FROM_ABOVE,MIDDAY,5,1.0,925,983,1.0627027027027027,528,455,0,0.5371312309257376,0.46286876907426244,0.07426246185147507,0.02160298436715036,0.008526767694037313,0.926706580124855,0.8226616518550999,0.08475998643091347,0.5320447609359105,0.46795523906408953,0.9043743641912513,426,381,5,171,0.4333672431332655,0.387589013224822,0.00508646998982706,0.17395727365208546,0.045778229908443546,807,0.12135837250122858,OK
ES,RTH_EMA,22,FROM_ABOVE,AFTERNOON,5,0.5,1004,1137,1.1324701195219125,568,569,0,0.4995602462620932,0.5004397537379067,-0.0008795074758135445,1.0,0.23427937377197885,1.3262094874536996,1.1567830397042498,0.09300783417099458,0.5303430079155673,0.46965699208443273,0.8768689533861038,548,467,121,1,0.48197009674582236,0.41072999120492526,0.10642040457343888,0.0008795074758135445,0.0712401055408971,1015,0.011999624420684288,OK
ES,RTH_EMA,22,FROM_ABOVE,AFTERNOON,5,1.0,1004,1137,1.1324701195219125,568,569,0,0.4995602462620932,0.5004397537379067,-0.0008795074758135445,1.0,0.23427937377197885,1.3262094874536996,1.1567830397042498,0.09300783417099458,0.5303430079155673,0.46965699208443273,0.8768689533861038,573,509,12,43,0.503957783641161,0.4476693051890941,0.010554089709762533,0.03781882145998241,0.05628847845206686,1082,0.05540962031249244,OK
ES,RTH_EMA,22,FROM_ABOVE,ALL_RTH,5,0.5,3174,3109,0.979521109010712,1635,1474,0,0.5258925699581859,0.4741074300418141,0.051785139916371827,0.004103688095226614,0.09573355892744592,1.0193862228780302,0.9245663150463849,0.05605387834568713,0.5210678674815054,0.4789321325184947,0.8867803152138951,1554,1310,239,6,0.49983917658411064,0.4213573496301061,0.07687359279511097,0.0019298809906722419,0.07848182695400452,2864,5.538906932878522e-06,OK
ES,RTH_EMA,22,FROM_ABOVE,ALL_RTH,5,1.0,3174,3109,0.979521109010712,1635,1474,0,0.5258925699581859,0.4741074300418141,0.051785139916371827,0.004103688095226614,0.09573355892744592,1.0193862228780302,0.9245663150463849,0.05605387834568713,0.5210678674815054,0.4789321325184947,0.8867803152138951,1392,1276,21,420,0.44773238983596014,0.4104213573496301,0.006754583467352846,0.13509166934705694,0.037311032486330054,2668,0.025968385902016267,OK
ES,RTH_EMA,22,FROM_BELOW,OPEN,5,0.5,523,293,0.5602294455066922,148,145,0,0.5051194539249146,0.4948805460750853,0.010238907849829351,0.9070119598141334,-0.057547705503244506,0.8785253627262211,0.918450440542607,-0.04599598495750945,0.4778156996587031,0.5221843003412969,0.9180887372013652,134,132,25,2,0.45733788395904434,0.45051194539249145,0.08532423208191127,0.006825938566552901,0.0068259385665528916,266,0.9511245158305733,OK
ES,RTH_EMA,22,FROM_BELOW,OPEN,5,1.0,523,293,0.5602294455066922,148,145,0,0.5051194539249146,0.4948805460750853,0.010238907849829351,0.9070119598141334,-0.057547705503244506,0.8785253627262211,0.918450440542607,-0.04599598495750945,0.4778156996587031,0.5221843003412969,0.9180887372013652,119,129,0,45,0.4061433447098976,0.4402730375426621,0.0,0.15358361774744028,-0.03412969283276451,248,0.5677487762519422,OK
ES,RTH_EMA,22,FROM_BELOW,MID_MORNING,5,0.5,524,591,1.1278625954198473,312,279,0,0.5279187817258884,0.4720812182741117,0.05583756345177665,0.18802645184333863,-0.024124870871695393,0.7299704053218286,0.6960358028593697,0.04168773212829066,0.5160744500846024,0.48392554991539766,0.8883248730964467,307,264,13,7,0.5194585448392555,0.4467005076142132,0.021996615905245348,0.011844331641285956,0.07275803722504226,571,0.07871657902475118,OK
ES,RTH_EMA,22,FROM_BELOW,MID_MORNING,5,1.0,524,591,1.1278625954198473,312,279,0,0.5279187817258884,0.4720812182741117,0.05583756345177665,0.18802645184333863,-0.024124870871695393,0.7299704053218286,0.6960358028593697,0.04168773212829066,0.5160744500846024,0.48392554991539766,0.8883248730964467,234,184,0,173,0.39593908629441626,0.311336717428088,0.0,0.2927241962774958,0.08460236886632827,418,0.016442362970091547,OK
ES,RTH_EMA,22,FROM_BELOW,MIDDAY,5,0.5,778,828,1.06426735218509,382,446,0,0.4613526570048309,0.538647342995169,-0.07729468599033816,0.028506925601376663,-0.08199520854095593,0.8158374923719234,0.8059602840224127,-0.003000929638274521,0.49879227053140096,0.501207729468599,0.8973429951690821,389,410,29,0,0.46980676328502413,0.49516908212560384,0.035024154589371984,0.0,-0.025362318840579712,799,0.47924826359693257,OK
ES,RTH_EMA,22,FROM_BELOW,MIDDAY,5,1.0,778,828,1.06426735218509,382,446,0,0.4613526570048309,0.538647342995169,-0.07729468599033816,0.028506925601376663,-0.08199520854095593,0.8158374923719234,0.8059602840224127,-0.003000929638274521,0.49879227053140096,0.501207729468599,0.8973429951690821,338,312,3,175,0.4082125603864734,0.37681159420289856,0.0036231884057971015,0.2113526570048309,0.03140096618357485,650,0.3268020789494571,OK
ES,RTH_EMA,22,FROM_BELOW,AFTERNOON,5,0.5,852,876,1.028169014084507,457,419,0,0.521689497716895,0.478310502283105,0.04337899543378995,0.21123345280340608,-0.1419335627502578,1.1814487616993985,1.1537539295778942,-0.052207277942755925,0.4805936073059361,0.519406392694064,0.889269406392694,431,367,77,1,0.4920091324200913,0.4189497716894977,0.08789954337899543,0.001141552511415525,0.0730593607305936,798,0.0256743003173868,OK
ES,RTH_EMA,22,FROM_BELOW,AFTERNOON,5,1.0,852,876,1.028169014084507,457,419,0,0.521689497716895,0.478310502283105,0.04337899543378995,0.21123345280340608,-0.1419335627502578,1.1814487616993985,1.1537539295778942,-0.052207277942755925,0.4805936073059361,0.519406392694064,0.889269406392694,416,391,5,64,0.4748858447488584,0.4463470319634703,0.005707762557077625,0.0730593607305936,0.028538812785388112,807,0.39821420088536097,OK
ES,RTH_EMA,22,FROM_BELOW,ALL_RTH,5,0.5,2677,2588,0.9667538289129622,1299,1289,0,0.5019319938176198,0.49806800618238023,0.0038639876352395673,0.8595808638266775,-0.08305797794755382,0.9031482100288235,0.8770552225022196,-0.015567741860132123,0.49420401854714063,0.5057959814528593,0.8948995363214838,1261,1173,144,10,0.48724884080370945,0.45324574961360126,0.05564142194744977,0.0038639876352395673,0.03400309119010819,2434,0.07780601751795971,OK
ES,RTH_EMA,22,FROM_BELOW,ALL_RTH,5,1.0,2677,2588,0.9667538289129622,1299,1289,0,0.5019319938176198,0.49806800618238023,0.0038639876352395673,0.8595808638266775,-0.08305797794755382,0.9031482100288235,0.8770552225022196,-0.015567741860132123,0.49420401854714063,0.5057959814528593,0.8948995363214838,1107,1016,8,457,0.4277434312210201,0.39258114374034003,0.0030911901081916537,0.17658423493044823,0.035162287480680066,2123,0.05075925303222341,OK
NQ,FULL_SESSION_EMA,20,FROM_ABOVE,OPEN,5,0.5,592,527,0.8902027027027027,270,257,0,0.5123339658444023,0.4876660341555977,0.024667931688804556,0.6012053739363986,0.18534428786328935,1.7327590954280965,1.7268668570290695,0.0052564999079871035,0.5009487666034156,0.4990512333965844,0.8425047438330171,199,197,131,0,0.3776091081593928,0.3738140417457306,0.24857685009487665,0.0,0.003795066413662229,396,0.9599300968249599,OK
NQ,FULL_SESSION_EMA,20,FROM_ABOVE,OPEN,5,1.0,592,527,0.8902027027027027,270,257,0,0.5123339658444023,0.4876660341555977,0.024667931688804556,0.6012053739363986,0.18534428786328935,1.7327590954280965,1.7268668570290695,0.0052564999079871035,0.5009487666034156,0.4990512333965844,0.8425047438330171,241,238,44,4,0.4573055028462998,0.45161290322580644,0.08349146110056926,0.007590132827324478,0.005692599620493344,479,0.9272013637651204,OK
NQ,FULL_SESSION_EMA,20,FROM_ABOVE,MID_MORNING,5,0.5,742,690,0.9299191374663073,371,319,0,0.5376811594202898,0.4623188405797101,0.07536231884057971,0.052114443420863604,-0.008121096773875567,0.7634479871671688,0.8521063393051201,-0.08634880917152354,0.4608695652173913,0.5391304347826087,0.8768115942028986,333,335,21,1,0.4826086956521739,0.4855072463768116,0.030434782608695653,0.0014492753623188406,-0.002898550724637683,668,0.9691404708806032,OK
NQ,FULL_SESSION_EMA,20,FROM_ABOVE,MID_MORNING,5,1.0,742,690,0.9299191374663073,371,319,0,0.5376811594202898,0.4623188405797101,0.07536231884057971,0.052114443420863604,-0.008121096773875567,0.7634479871671688,0.8521063393051201,-0.08634880917152354,0.4608695652173913,0.5391304347826087,0.8768115942028986,246,279,1,164,0.3565217391304348,0.4043478260869565,0.0014492753623188406,0.23768115942028986,-0.04782608695652174,525,0.16247222398258762,OK
NQ,FULL_SESSION_EMA,20,FROM_ABOVE,MIDDAY,5,0.5,1010,1039,1.0287128712871287,563,476,0,0.5418671799807507,0.45813282001924927,0.08373435996150144,0.007599997622413576,0.1276666845048104,0.9167023317638472,0.8224838793381006,0.06875621815919988,0.519730510105871,0.480269489894129,0.9095283926852743,542,442,53,2,0.5216554379210779,0.42540904716073147,0.05101058710298364,0.0019249278152069298,0.09624639076034647,984,0.0015863320268451188,OK
NQ,FULL_SESSION_EMA,20,FROM_ABOVE,MIDDAY,5,1.0,1010,1039,1.0287128712871287,563,476,0,0.5418671799807507,0.45813282001924927,0.08373435996150144,0.007599997622413576,0.1276666845048104,0.9167023317638472,0.8224838793381006,0.06875621815919988,0.519730510105871,0.480269489894129,0.9095283926852743,437,392,9,201,0.42059672762271416,0.37728585178055823,0.008662175168431183,0.19345524542829645,0.04331087584215593,829,0.12641615946726253,OK
NQ,FULL_SESSION_EMA,20,FROM_ABOVE,AFTERNOON,5,0.5,1032,1149,1.1133720930232558,598,551,0,0.5204525674499565,0.4795474325500435,0.040905134899912966,0.17473707162101487,0.18607239652497856,1.1517361422359274,0.9973069606546251,0.07150248571007983,0.5317667536988686,0.46823324630113144,0.886858137510879,556,475,117,1,0.48389904264577893,0.4134029590948651,0.10182767624020887,0.0008703220191470844,0.07049608355091386,1031,0.012682965379961645,OK
NQ,FULL_SESSION_EMA,20,FROM_ABOVE,AFTERNOON,5,1.0,1032,1149,1.1133720930232558,598,551,0,0.5204525674499565,0.4795474325500435,0.040905134899912966,0.17473707162101487,0.18607239652497856,1.1517361422359274,0.9973069606546251,0.07150248571007983,0.5317667536988686,0.46823324630113144,0.886858137510879,546,490,12,101,0.4751958224543081,0.42645778938207135,0.010443864229765013,0.08790252393385553,0.04873803307223673,1036,0.0874452316907983,OK
NQ,FULL_SESSION_EMA,20,FROM_ABOVE,ALL_RTH,5,0.5,11701,3405,0.29100076916502865,1802,1603,0,0.5292217327459618,0.47077826725403815,0.05844346549192364,0.000688665959650479,0.12866440141374755,1.0145260619530794,0.962597564013089,0.021402143125356803,0.5089574155653451,0.4910425844346549,0.8848751835535976,1630,1449,322,4,0.4787077826725404,0.42555066079295156,0.09456681350954478,0.0011747430249632893,0.05315712187958882,3079,0.001175584785683028,OK
NQ,FULL_SESSION_EMA,20,FROM_ABOVE,ALL_RTH,5,1.0,11701,3405,0.29100076916502865,1802,1603,0,0.5292217327459618,0.47077826725403815,0.05844346549192364,0.000688665959650479,0.12866440141374755,1.0145260619530794,0.962597564013089,0.021402143125356803,0.5089574155653451,0.4910425844346549,0.8848751835535976,1470,1399,66,470,0.43171806167400884,0.41086637298091044,0.019383259911894272,0.13803230543318648,0.02085168869309839,2869,0.19124735643414167,OK
NQ,FULL_SESSION_EMA,20,FROM_BELOW,OPEN,5,0.5,557,530,0.9515260323159784,263,267,0,0.4962264150943396,0.5037735849056604,-0.007547169811320755,0.8963358235029665,0.01804720015189834,1.571701139265469,1.5039724852398375,0.022497089882449944,0.5113207547169811,0.48867924528301887,0.8773584905660378,216,210,104,0,0.4075471698113208,0.39622641509433965,0.19622641509433963,0.0,0.01132075471698113,426,0.8086205273848278,OK
NQ,FULL_SESSION_EMA,20,FROM_BELOW,OPEN,5,1.0,557,530,0.9515260323159784,263,267,0,0.4962264150943396,0.5037735849056604,-0.007547169811320755,0.8963358235029665,0.01804720015189834,1.571701139265469,1.5039724852398375,0.022497089882449944,0.5113207547169811,0.48867924528301887,0.8773584905660378,250,228,37,15,0.4716981132075472,0.43018867924528303,0.06981132075471698,0.02830188679245283,0.04150943396226414,478,0.3368015118530801,OK
NQ,FULL_SESSION_EMA,20,FROM_BELOW,MID_MORNING,5,0.5,606,615,1.0148514851485149,304,311,0,0.4943089430894309,0.5056910569105691,-0.011382113821138212,0.8088480336103337,-0.2099967152452487,0.673240185099049,0.7920086025591768,-0.14311068626644557,0.4585365853658537,0.5414634146341464,0.8975609756097561,278,321,13,3,0.45203252032520325,0.5219512195121951,0.02113821138211382,0.004878048780487805,-0.0699186991869919,599,0.08606358176327863,OK
NQ,FULL_SESSION_EMA,20,FROM_BELOW,MID_MORNING,5,1.0,606,615,1.0148514851485149,304,311,0,0.4943089430894309,0.5056910569105691,-0.011382113821138212,0.8088480336103337,-0.2099967152452487,0.673240185099049,0.7920086025591768,-0.14311068626644557,0.4585365853658537,0.5414634146341464,0.8975609756097561,208,233,0,174,0.3382113821138211,0.37886178861788616,0.0,0.28292682926829266,-0.04065040650406504,441,0.2530706851726295,OK
NQ,FULL_SESSION_EMA,20,FROM_BELOW,MIDDAY,5,0.5,827,856,1.0350665054413544,431,425,0,0.5035046728971962,0.49649532710280375,0.007009345794392523,0.8643178849972489,-0.045332430196301135,0.8729780610285696,0.8104116244753992,0.020857430332212414,0.5105140186915887,0.4894859813084112,0.9135514018691588,395,422,35,4,0.4614485981308411,0.4929906542056075,0.04088785046728972,0.004672897196261682,-0.0315420560747664,817,0.36302891472655147,OK
NQ,FULL_SESSION_EMA,20,FROM_BELOW,MIDDAY,5,1.0,827,856,1.0350665054413544,431,425,0,0.5035046728971962,0.49649532710280375,0.007009345794392523,0.8643178849972489,-0.045332430196301135,0.8729780610285696,0.8104116244753992,0.020857430332212414,0.5105140186915887,0.4894859813084112,0.9135514018691588,355,316,4,181,0.4147196261682243,0.3691588785046729,0.004672897196261682,0.21144859813084113,0.04556074766355139,671,0.14232613381137138,OK
NQ,FULL_SESSION_EMA,20,FROM_BELOW,AFTERNOON,5,0.5,839,879,1.0476758045292014,425,454,0,0.48350398179749715,0.5164960182025028,-0.03299203640500569,0.3449618354083712,-0.16045995840885557,1.0233203151476615,1.039320812783902,0.003533903828093903,0.5017064846416383,0.49829351535836175,0.8816837315130831,385,409,82,3,0.4379977246871445,0.4653014789533561,0.09328782707622298,0.0034129692832764505,-0.02730375426621162,794,0.41437963126352845,OK
NQ,FULL_SESSION_EMA,20,FROM_BELOW,AFTERNOON,5,1.0,839,879,1.0476758045292014,425,454,0,0.48350398179749715,0.5164960182025028,-0.03299203640500569,0.3449618354083712,-0.16045995840885557,1.0233203151476615,1.039320812783902,0.003533903828093903,0.5017064846416383,0.49829351535836175,0.8816837315130831,399,394,7,79,0.4539249146757679,0.4482366325369738,0.007963594994311717,0.08987485779294653,0.005688282138794076,793,0.8870566945802371,OK
NQ,FULL_SESSION_EMA,20,FROM_BELOW,ALL_RTH,5,0.5,10395,2880,0.27705627705627706,1423,1457,0,0.49409722222222224,0.5059027777777778,-0.011805555555555555,0.5386157303310732,-0.10816889988932092,0.9466560343687741,0.9653515801207591,-0.009428698347914287,0.496875,0.503125,0.89375,1274,1362,234,10,0.4423611111111111,0.47291666666666665,0.08125,0.003472222222222222,-0.030555555555555558,2636,0.09014759038570339,OK
NQ,FULL_SESSION_EMA,20,FROM_BELOW,ALL_RTH,5,1.0,10395,2880,0.27705627705627706,1423,1457,0,0.49409722222222224,0.5059027777777778,-0.011805555555555555,0.5386157303310732,-0.10816889988932092,0.9466560343687741,0.9653515801207591,-0.009428698347914287,0.496875,0.503125,0.89375,1212,1171,48,449,0.42083333333333334,0.4065972222222222,0.016666666666666666,0.15590277777777778,0.014236111111111116,2383,0.4125614511266911,OK
NQ,FULL_SESSION_EMA,21,FROM_ABOVE,OPEN,5,0.5,582,516,0.8865979381443299,272,244,0,0.5271317829457365,0.4728682170542636,0.05426356589147287,0.23456263186042398,0.20027218595972088,1.740310547247327,1.7390469583575352,0.006503758315596843,0.5096899224806202,0.4903100775193798,0.8430232558139535,192,191,133,0,0.37209302325581395,0.3701550387596899,0.25775193798449614,0.0,0.0019379844961240345,383,1.0,OK
NQ,FULL_SESSION_EMA,21,FROM_ABOVE,OPEN,5,1.0,582,516,0.8865979381443299,272,244,0,0.5271317829457365,0.4728682170542636,0.05426356589147287,0.23456263186042398,0.20027218595972088,1.740310547247327,1.7390469583575352,0.006503758315596843,0.5096899224806202,0.4903100775193798,0.8430232558139535,232,240,41,3,0.4496124031007752,0.46511627906976744,0.07945736434108527,0.005813953488372093,-0.01550387596899222,472,0.7473390899196704,OK
NQ,FULL_SESSION_EMA,21,FROM_ABOVE,MID_MORNING,5,0.5,726,676,0.931129476584022,359,317,0,0.5310650887573964,0.46893491124260356,0.0621301775147929,0.1147467206074871,-0.01862541798155057,0.7545222992884041,0.8604687877888522,-0.10465429547050385,0.45857988165680474,0.5414201183431953,0.878698224852071,324,329,22,1,0.47928994082840237,0.48668639053254437,0.03254437869822485,0.0014792899408284023,-0.007396449704141994,653,0.875629015268248,OK
NQ,FULL_SESSION_EMA,21,FROM_ABOVE,MID_MORNING,5,1.0,726,676,0.931129476584022,359,317,0,0.5310650887573964,0.46893491124260356,0.0621301775147929,0.1147467206074871,-0.01862541798155057,0.7545222992884041,0.8604687877888522,-0.10465429547050385,0.45857988165680474,0.5414201183431953,0.878698224852071,233,285,1,157,0.34467455621301774,0.42159763313609466,0.0014792899408284023,0.23224852071005916,-0.07692307692307693,518,0.024944220012005785,OK
NQ,FULL_SESSION_EMA,21,FROM_ABOVE,MIDDAY,5,0.5,988,1016,1.0283400809716599,538,478,0,0.5295275590551181,0.4704724409448819,0.05905511811023622,0.06411731012509163,0.13545198949401085,0.9029096166626336,0.8352192226164521,0.03336289006693002,0.5187007874015748,0.4812992125984252,0.90748031496063,521,440,51,4,0.5127952755905512,0.4330708661417323,0.05019685039370079,0.003937007874015748,0.07972440944881887,961,0.009825386096780924,OK
NQ,FULL_SESSION_EMA,21,FROM_ABOVE,MIDDAY,5,1.0,988,1016,1.0283400809716599,538,478,0,0.5295275590551181,0.4704724409448819,0.05905511811023622,0.06411731012509163,0.13545198949401085,0.9029096166626336,0.8352192226164521,0.03336289006693002,0.5187007874015748,0.4812992125984252,0.90748031496063,426,381,7,202,0.41929133858267714,0.375,0.006889763779527559,0.19881889763779528,0.04429133858267714,807,0.12135837250122858,OK
NQ,FULL_SESSION_EMA,21,FROM_ABOVE,AFTERNOON,5,0.5,1015,1126,1.10935960591133,583,543,0,0.5177619893428064,0.4822380106571936,0.035523978685612786,0.2451262132150321,0.19397501302747827,1.1373775524035195,1.0007869751531129,0.07587412398100724,0.5319715808170515,0.46802841918294846,0.8898756660746003,533,470,121,2,0.4733570159857904,0.41740674955595025,0.10746003552397869,0.0017761989342806395,0.055950266429840134,1003,0.05021370204122888,OK
NQ,FULL_SESSION_EMA,21,FROM_ABOVE,AFTERNOON,5,1.0,1015,1126,1.10935960591133,583,543,0,0.5177619893428064,0.4822380106571936,0.035523978685612786,0.2451262132150321,0.19397501302747827,1.1373775524035195,1.0007869751531129,0.07587412398100724,0.5319715808170515,0.46802841918294846,0.8898756660746003,549,476,11,90,0.48756660746003555,0.4227353463587922,0.009769094138543518,0.07992895204262877,0.06483126110124338,1025,0.02447147558593802,OK
NQ,FULL_SESSION_EMA,21,FROM_ABOVE,ALL_RTH,5,0.5,11493,3334,0.2900896197685548,1752,1582,0,0.525494901019796,0.47450509898020393,0.05098980203959208,0.0034177901522979147,0.12107309467238639,1.0095485223116742,0.9712372070763029,0.01570270429565426,0.5095980803839232,0.49040191961607676,0.8857228554289143,1570,1430,327,7,0.4709058188362327,0.4289142171565687,0.09808038392321536,0.0020995800839832034,0.04199160167966404,3000,0.01114354403908983,OK
NQ,FULL_SESSION_EMA,21,FROM_ABOVE,ALL_RTH,5,1.0,11493,3334,0.2900896197685548,1752,1582,0,0.525494901019796,0.47450509898020393,0.05098980203959208,0.0034177901522979147,0.12107309467238639,1.0095485223116742,0.9712372070763029,0.01570270429565426,0.5095980803839232,0.49040191961607676,0.8857228554289143,1440,1382,60,452,0.4319136172765447,0.41451709658068386,0.017996400719856028,0.13557288542291543,0.01739652069586084,2822,0.2832727080164032,OK
NQ,FULL_SESSION_EMA,21,FROM_BELOW,OPEN,5,0.5,555,527,0.9495495495495495,262,265,0,0.4971537001897533,0.5028462998102466,-0.0056925996204933585,0.930585937235555,-0.07638789553218901,1.5972103612773803,1.5343479702855947,-0.0017303606681917676,0.4971537001897533,0.5028462998102466,0.8785578747628083,218,205,104,0,0.41366223908918404,0.3889943074003795,0.19734345351043645,0.0,0.024667931688804545,423,0.5596349919663398,OK
NQ,FULL_SESSION_EMA,21,FROM_BELOW,OPEN,5,1.0,555,527,0.9495495495495495,262,265,0,0.4971537001897533,0.5028462998102466,-0.0056925996204933585,0.930585937235555,-0.07638789553218901,1.5972103612773803,1.5343479702855947,-0.0017303606681917676,0.4971537001897533,0.5028462998102466,0.8785578747628083,245,230,38,14,0.4648956356736243,0.4364326375711575,0.07210626185958255,0.026565464895635674,0.028462998102466774,475,0.520680027688075,OK
NQ,FULL_SESSION_EMA,21,FROM_BELOW,MID_MORNING,5,0.5,593,600,1.0118043844856661,297,303,0,0.495,0.505,-0.01,0.8382777703724231,-0.2274203038040627,0.6631768264110188,0.8003804200904753,-0.13387737470356886,0.45,0.55,0.8933333333333333,270,315,13,2,0.45,0.525,0.021666666666666667,0.0033333333333333335,-0.07500000000000001,585,0.06879322521554651,OK
NQ,FULL_SESSION_EMA,21,FROM_BELOW,MID_MORNING,5,1.0,593,600,1.0118043844856661,297,303,0,0.495,0.505,-0.01,0.8382777703724231,-0.2274203038040627,0.6631768264110188,0.8003804200904753,-0.13387737470356886,0.45,0.55,0.8933333333333333,204,230,0,166,0.34,0.38333333333333336,0.0,0.27666666666666667,-0.043333333333333335,434,0.23008525762741908,OK
NQ,FULL_SESSION_EMA,21,FROM_BELOW,MIDDAY,5,0.5,804,832,1.0348258706467661,402,430,0,0.4831730769230769,0.5168269230769231,-0.03365384615384615,0.3492501108404797,-0.06398244624874522,0.8614794192199801,0.8205680401633898,0.015779067979127384,0.5096153846153846,0.49038461538461536,0.9206730769230769,385,405,37,5,0.46274038461538464,0.48677884615384615,0.04447115384615385,0.006009615384615385,-0.02403846153846151,790,0.4990718767300826,OK
NQ,FULL_SESSION_EMA,21,FROM_BELOW,MIDDAY,5,1.0,804,832,1.0348258706467661,402,430,0,0.4831730769230769,0.5168269230769231,-0.03365384615384615,0.3492501108404797,-0.06398244624874522,0.8614794192199801,0.8205680401633898,0.015779067979127384,0.5096153846153846,0.49038461538461536,0.9206730769230769,343,306,4,179,0.41225961538461536,0.36778846153846156,0.004807692307692308,0.21514423076923078,0.0444711538461538,649,0.1575662498155672,OK
NQ,FULL_SESSION_EMA,21,FROM_BELOW,AFTERNOON,5,0.5,823,869,1.0558930741190766,418,451,0,0.4810126582278481,0.5189873417721519,-0.0379746835443038,0.27768075436250134,-0.18722733314301448,1.0143546871124707,1.0341092907536877,-0.03468880582586935,0.49252013808975836,0.5074798619102416,0.8791714614499425,391,403,75,0,0.44994246260069043,0.46375143843498273,0.08630609896432681,0.0,-0.013808975834292303,794,0.696284712557343,OK
NQ,FULL_SESSION_EMA,21,FROM_BELOW,AFTERNOON,5,1.0,823,869,1.0558930741190766,418,451,0,0.4810126582278481,0.5189873417721519,-0.0379746835443038,0.27768075436250134,-0.18722733314301448,1.0143546871124707,1.0341092907536877,-0.03468880582586935,0.49252013808975836,0.5074798619102416,0.8791714614499425,392,392,5,80,0.45109321058688145,0.45109321058688145,0.005753739930955121,0.09205983889528194,0.0,784,1.0,OK
NQ,FULL_SESSION_EMA,21,FROM_BELOW,ALL_RTH,5,0.5,10213,2828,0.27690198766278273,1379,1449,0,0.4876237623762376,0.5123762376237624,-0.024752475247524754,0.1944481461161247,-0.1440881593836908,0.9512960191260187,0.9748912454972227,-0.033157256627935644,0.4893917963224894,0.5106082036775106,0.8942715700141443,1264,1328,229,7,0.44695898161244696,0.4695898161244696,0.08097595473833098,0.0024752475247524753,-0.022630834512022635,2592,0.2159171021895558,OK
NQ,FULL_SESSION_EMA,21,FROM_BELOW,ALL_RTH,5,1.0,10213,2828,0.27690198766278273,1379,1449,0,0.4876237623762376,0.5123762376237624,-0.024752475247524754,0.1944481461161247,-0.1440881593836908,0.9512960191260187,0.9748912454972227,-0.033157256627935644,0.4893917963224894,0.5106082036775106,0.8942715700141443,1184,1158,47,439,0.4186704384724187,0.40947666195190946,0.01661951909476662,0.15523338048090524,0.009193776520509234,2342,0.6054513430918139,OK
NQ,FULL_SESSION_EMA,22,FROM_ABOVE,OPEN,5,0.5,579,514,0.8877374784110535,268,246,0,0.5214007782101168,0.4785992217898833,0.042801556420233464,0.3543168188846811,0.21701327281107138,1.7417415576727269,1.7517001314877494,0.022287601955166554,0.5097276264591439,0.490272373540856,0.8404669260700389,188,198,128,0,0.3657587548638132,0.3852140077821012,0.2490272373540856,0.0,-0.01945525291828798,386,0.6469456722558673,OK
NQ,FULL_SESSION_EMA,22,FROM_ABOVE,OPEN,5,1.0,579,514,0.8877374784110535,268,246,0,0.5214007782101168,0.4785992217898833,0.042801556420233464,0.3543168188846811,0.21701327281107138,1.7417415576727269,1.7517001314877494,0.022287601955166554,0.5097276264591439,0.490272373540856,0.8404669260700389,229,241,40,4,0.4455252918287938,0.4688715953307393,0.07782101167315175,0.007782101167315175,-0.023346303501945498,470,0.6119267422335971,OK
NQ,FULL_SESSION_EMA,22,FROM_ABOVE,MID_MORNING,5,0.5,714,659,0.9229691876750701,347,312,0,0.5265553869499241,0.47344461305007585,0.05311077389984825,0.18531112936858782,-0.01722242267700641,0.7488412753809454,0.846647047963415,-0.08695119988077077,0.4673748103186646,0.5326251896813353,0.8725341426403642,311,325,22,1,0.47192716236722304,0.4931714719271624,0.03338391502276176,0.0015174506828528073,-0.021244309559939334,636,0.6062499318867729,OK
NQ,FULL_SESSION_EMA,22,FROM_ABOVE,MID_MORNING,5,1.0,714,659,0.9229691876750701,347,312,0,0.5265553869499241,0.47344461305007585,0.05311077389984825,0.18531112936858782,-0.01722242267700641,0.7488412753809454,0.846647047963415,-0.08695119988077077,0.4673748103186646,0.5326251896813353,0.8725341426403642,234,271,1,153,0.3550834597875569,0.41122913505311076,0.0015174506828528073,0.2321699544764795,-0.05614567526555386,505,0.10906868431789926,OK
NQ,FULL_SESSION_EMA,22,FROM_ABOVE,MIDDAY,5,0.5,972,995,1.0236625514403292,520,475,0,0.5226130653266332,0.47738693467336685,0.04522613065326633,0.16301457352544538,0.1482042307666789,0.9306840194362028,0.8365135250432036,0.053599354878139355,0.5256281407035176,0.4743718592964824,0.8974874371859296,524,423,45,3,0.5266331658291458,0.42512562814070354,0.04522613065326633,0.003015075376884422,0.10150753768844223,947,0.00114471933213132,OK
NQ,FULL_SESSION_EMA,22,FROM_ABOVE,MIDDAY,5,1.0,972,995,1.0236625514403292,520,475,0,0.5226130653266332,0.47738693467336685,0.04522613065326633,0.16301457352544538,0.1482042307666789,0.9306840194362028,0.8365135250432036,0.053599354878139355,0.5256281407035176,0.4743718592964824,0.8974874371859296,428,368,7,192,0.4301507537688442,0.3698492462311558,0.007035175879396985,0.192964824120603,0.060301507537688426,796,0.03644395143539026,OK
NQ,FULL_SESSION_EMA,22,FROM_ABOVE,AFTERNOON,5,0.5,998,1115,1.1172344689378757,589,526,0,0.5282511210762332,0.4717488789237668,0.05650224215246637,0.06329786441337318,0.19870134301756007,1.1402928149478222,1.0085479961895034,0.09051842425165778,0.5327354260089686,0.4672645739910314,0.8878923766816144,533,461,119,2,0.4780269058295964,0.4134529147982063,0.10672645739910314,0.0017937219730941704,0.06457399103139011,994,0.024274715252050855,OK
NQ,FULL_SESSION_EMA,22,FROM_ABOVE,AFTERNOON,5,1.0,998,1115,1.1172344689378757,589,526,0,0.5282511210762332,0.4717488789237668,0.05650224215246637,0.06329786441337318,0.19870134301756007,1.1402928149478222,1.0085479961895034,0.09051842425165778,0.5327354260089686,0.4672645739910314,0.8878923766816144,543,474,10,88,0.48699551569506727,0.42511210762331836,0.008968609865470852,0.07892376681614349,0.06188340807174891,1017,0.03293119358589547,OK
NQ,FULL_SESSION_EMA,22,FROM_ABOVE,ALL_RTH,5,0.5,11299,3283,0.29055668643242766,1724,1559,0,0.5251294547669815,0.4748705452330186,0.05025890953396284,0.004199439245302348,0.1304455872771796,1.0266792555953812,0.9635859560718533,0.03382950092969363,0.5138592750533049,0.4861407249466951,0.8802924154736521,1556,1407,314,6,0.4739567468778556,0.42857142857142855,0.09564422784038988,0.0018275967103259215,0.04538531830642706,2963,0.0065399305745205945,OK
NQ,FULL_SESSION_EMA,22,FROM_ABOVE,ALL_RTH,5,1.0,11299,3283,0.29055668643242766,1724,1559,0,0.5251294547669815,0.4748705452330186,0.05025890953396284,0.004199439245302348,0.1304455872771796,1.0266792555953812,0.9635859560718533,0.03382950092969363,0.5138592750533049,0.4861407249466951,0.8802924154736521,1434,1354,58,437,0.4367956137678952,0.41242765763021627,0.017666768199817242,0.13310996040207126,0.024367956137678948,2788,0.13459514319114624,OK
NQ,FULL_SESSION_EMA,22,FROM_BELOW,OPEN,5,0.5,548,522,0.9525547445255474,260,262,0,0.49808429118773945,0.5019157088122606,-0.0038314176245210726,0.9650942627963964,0.0372051421970858,1.634702537238295,1.5307222507163745,0.006471045889430143,0.5076628352490421,0.49233716475095785,0.8812260536398467,213,208,101,0,0.40804597701149425,0.39846743295019155,0.19348659003831417,0.0,0.009578544061302707,421,0.8454627646602132,OK
NQ,FULL_SESSION_EMA,22,FROM_BELOW,OPEN,5,1.0,548,522,0.9525547445255474,260,262,0,0.49808429118773945,0.5019157088122606,-0.0038314176245210726,0.9650942627963964,0.0372051421970858,1.634702537238295,1.5307222507163745,0.006471045889430143,0.5076628352490421,0.49233716475095785,0.8812260536398467,241,229,40,12,0.4616858237547893,0.4386973180076628,0.07662835249042145,0.022988505747126436,0.022988505747126464,470,0.6119267422335971,OK
NQ,FULL_SESSION_EMA,22,FROM_BELOW,MID_MORNING,5,0.5,579,590,1.0189982728842832,295,295,0,0.5,0.5,0.0,1.0,-0.21692022864239358,0.6556798467892928,0.8201930952727352,-0.11297167834768643,0.4406779661016949,0.559322033898305,0.8898305084745762,270,304,12,4,0.4576271186440678,0.5152542372881356,0.020338983050847456,0.006779661016949152,-0.057627118644067776,574,0.16833528521879282,OK
NQ,FULL_SESSION_EMA,22,FROM_BELOW,MID_MORNING,5,1.0,579,590,1.0189982728842832,295,295,0,0.5,0.5,0.0,1.0,-0.21692022864239358,0.6556798467892928,0.8201930952727352,-0.11297167834768643,0.4406779661016949,0.559322033898305,0.8898305084745762,199,219,0,172,0.33728813559322035,0.3711864406779661,0.0,0.29152542372881357,-0.03389830508474573,418,0.352736479661192,OK
NQ,FULL_SESSION_EMA,22,FROM_BELOW,MIDDAY,5,0.5,787,810,1.0292249047013977,391,419,0,0.48271604938271606,0.5172839506172839,-0.0345679012345679,0.34278675915709117,-0.055449554680056676,0.8410654114302973,0.8075028761543518,0.029227577810721925,0.5160493827160494,0.4839506172839506,0.9259259259259259,380,386,40,4,0.4691358024691358,0.4765432098765432,0.04938271604938271,0.0049382716049382715,-0.007407407407407418,766,0.8566514957701994,OK
NQ,FULL_SESSION_EMA,22,FROM_BELOW,MIDDAY,5,1.0,787,810,1.0292249047013977,391,419,0,0.48271604938271606,0.5172839506172839,-0.0345679012345679,0.34278675915709117,-0.055449554680056676,0.8410654114302973,0.8075028761543518,0.029227577810721925,0.5160493827160494,0.4839506172839506,0.9259259259259259,342,296,4,168,0.4222222222222222,0.3654320987654321,0.0049382716049382715,0.2074074074074074,0.05679012345679013,638,0.07473725027832201,OK
NQ,FULL_SESSION_EMA,22,FROM_BELOW,AFTERNOON,5,0.5,813,866,1.065190651906519,414,452,0,0.4780600461893764,0.5219399538106235,-0.04387990762124711,0.20861558636029445,-0.15638681403141208,1.010549604949118,1.0213710906545663,-0.025931986431875734,0.4930715935334873,0.5069284064665127,0.874133949191686,394,402,70,0,0.45496535796766746,0.46420323325635104,0.08083140877598152,0.0,-0.009237875288683584,796,0.804069415429776,OK
NQ,FULL_SESSION_EMA,22,FROM_BELOW,AFTERNOON,5,1.0,813,866,1.065190651906519,414,452,0,0.4780600461893764,0.5219399538106235,-0.04387990762124711,0.20861558636029445,-0.15638681403141208,1.010549604949118,1.0213710906545663,-0.025931986431875734,0.4930715935334873,0.5069284064665127,0.874133949191686,394,379,5,88,0.45496535796766746,0.4376443418013857,0.005773672055427252,0.10161662817551963,0.01732101616628179,773,0.6146097031387333,OK
NQ,FULL_SESSION_EMA,22,FROM_BELOW,ALL_RTH,5,0.5,10014,2788,0.27841022568404233,1360,1428,0,0.4878048780487805,0.5121951219512195,-0.024390243902439025,0.20446741882993721,-0.12524088472029532,0.9486624305347238,0.9669267958183332,-0.02591563322121184,0.4913916786226686,0.5086083213773315,0.8938307030129125,1257,1300,223,8,0.45086083213773315,0.46628407460545196,0.07998565279770445,0.0028694404591104736,-0.015423242467718812,2557,0.40621303396782515,OK
NQ,FULL_SESSION_EMA,22,FROM_BELOW,ALL_RTH,5,1.0,10014,2788,0.27841022568404233,1360,1428,0,0.4878048780487805,0.5121951219512195,-0.024390243902439025,0.20446741882993721,-0.12524088472029532,0.9486624305347238,0.9669267958183332,-0.02591563322121184,0.4913916786226686,0.5086083213773315,0.8938307030129125,1176,1123,49,440,0.4218077474892396,0.4027977044476327,0.01757532281205165,0.15781922525107603,0.019010043041606917,2299,0.27813534712177457,OK
NQ,RTH_EMA,20,FROM_ABOVE,OPEN,5,0.5,623,352,0.565008025682183,178,174,0,0.5056818181818182,0.4943181818181818,0.011363636363636364,0.8729886044078242,0.0904967822898278,1.2002740771718599,1.1968528297610446,0.040743072013741805,0.5170454545454546,0.48295454545454547,0.8579545454545454,142,153,57,0,0.4034090909090909,0.4346590909090909,0.16193181818181818,0.0,-0.03125,295,0.5604905845766436,OK
NQ,RTH_EMA,20,FROM_ABOVE,OPEN,5,1.0,623,352,0.565008025682183,178,174,0,0.5056818181818182,0.4943181818181818,0.011363636363636364,0.8729886044078242,0.0904967822898278,1.2002740771718599,1.1968528297610446,0.040743072013741805,0.5170454545454546,0.48295454545454547,0.8579545454545454,161,159,13,19,0.45738636363636365,0.45170454545454547,0.036931818181818184,0.05397727272727273,0.005681818181818177,320,0.9554317296054109,OK
NQ,RTH_EMA,20,FROM_ABOVE,MID_MORNING,5,0.5,664,703,1.0587349397590362,390,313,0,0.5547652916073968,0.44523470839260315,0.10953058321479374,0.0041195884194417665,0.02759289031976215,0.7541232118426606,0.769676227896145,-0.023112559061264595,0.492176386913229,0.5078236130867709,0.8776671408250356,364,313,25,1,0.5177809388335705,0.44523470839260315,0.03556187766714083,0.001422475106685633,0.07254623044096731,677,0.05456877927740806,OK
NQ,RTH_EMA,20,FROM_ABOVE,MID_MORNING,5,1.0,664,703,1.0587349397590362,390,313,0,0.5547652916073968,0.44523470839260315,0.10953058321479374,0.0041195884194417665,0.02759289031976215,0.7541232118426606,0.769676227896145,-0.023112559061264595,0.492176386913229,0.5078236130867709,0.8776671408250356,270,266,1,166,0.3840682788051209,0.3783783783783784,0.001422475106685633,0.2361308677098151,0.0056899004267425,536,0.8969142335234437,OK
NQ,RTH_EMA,20,FROM_ABOVE,MIDDAY,5,0.5,990,1037,1.0474747474747474,575,462,0,0.5544840887174542,0.4455159112825458,0.10896817743490839,0.0004993460649101049,0.09485075393456309,0.920373657608095,0.8150097681257469,0.057782447155806375,0.5274831243972999,0.4725168756027001,0.892960462873674,530,449,55,3,0.5110896817743491,0.43297974927675986,0.05303760848601736,0.0028929604628736743,0.07810993249758924,979,0.010527034994152557,OK
NQ,RTH_EMA,20,FROM_ABOVE,MIDDAY,5,1.0,990,1037,1.0474747474747474,575,462,0,0.5544840887174542,0.4455159112825458,0.10896817743490839,0.0004993460649101049,0.09485075393456309,0.920373657608095,0.8150097681257469,0.057782447155806375,0.5274831243972999,0.4725168756027001,0.892960462873674,448,384,7,198,0.43201542912246865,0.3702989392478303,0.006750241080038573,0.1909353905496625,0.06171648987463835,832,0.02889190167942735,OK
NQ,RTH_EMA,20,FROM_ABOVE,AFTERNOON,5,0.5,1032,1147,1.1114341085271318,591,556,0,0.5152571926765476,0.4847428073234525,0.03051438535309503,0.31541905463090186,0.23258693840831313,1.365914800839024,1.1462493700465508,0.1147671796674276,0.5379250217959896,0.46207497820401044,0.8857890148212729,550,477,120,0,0.47951176983435045,0.41586748038360943,0.1046207497820401,0.0,0.06364428945074102,1027,0.024611257086746375,OK
NQ,RTH_EMA,20,FROM_ABOVE,AFTERNOON,5,1.0,1032,1147,1.1114341085271318,591,556,0,0.5152571926765476,0.4847428073234525,0.03051438535309503,0.31541905463090186,0.23258693840831313,1.365914800839024,1.1462493700465508,0.1147671796674276,0.5379250217959896,0.46207497820401044,0.8857890148212729,558,512,14,63,0.4864864864864865,0.44638186573670446,0.012205754141238012,0.05492589363557106,0.04010462074978205,1070,0.16888798736692076,OK
NQ,RTH_EMA,20,FROM_ABOVE,ALL_RTH,5,0.5,3309,3239,0.9788455726805682,1734,1505,0,0.5353504167953071,0.4646495832046928,0.07070083359061438,6.130672475793447e-05,0.12635206030986038,1.0192419177737206,0.9369772818536553,0.06023530122525172,0.5223834516826181,0.47761654831738193,0.8832973139857981,1586,1392,257,4,0.4896573016363075,0.42976227230626735,0.0793454769990738,0.001234949058351343,0.05989502933004015,2978,0.0004034540214903456,OK
NQ,RTH_EMA,20,FROM_ABOVE,ALL_RTH,5,1.0,3309,3239,0.9788455726805682,1734,1505,0,0.5353504167953071,0.4646495832046928,0.07070083359061438,6.130672475793447e-05,0.12635206030986038,1.0192419177737206,0.9369772818536553,0.06023530122525172,0.5223834516826181,0.47761654831738193,0.8832973139857981,1437,1321,35,446,0.44365544921272,0.40784192652053103,0.010805804260574252,0.13769682000617475,0.03581352269218896,2758,0.028521889120468737,OK
NQ,RTH_EMA,20,FROM_BELOW,OPEN,5,0.5,517,320,0.6189555125725339,159,161,0,0.496875,0.503125,-0.00625,0.9554317296054109,-0.058593830009210104,1.031531009417257,0.9637236553798523,0.002216937250144071,0.503125,0.496875,0.8875,151,139,30,0,0.471875,0.434375,0.09375,0.0,0.03749999999999998,290,0.5183874246275891,OK
NQ,RTH_EMA,20,FROM_BELOW,OPEN,5,1.0,517,320,0.6189555125725339,159,161,0,0.496875,0.503125,-0.00625,0.9554317296054109,-0.058593830009210104,1.031531009417257,0.9637236553798523,0.002216937250144071,0.503125,0.496875,0.8875,146,140,1,33,0.45625,0.4375,0.003125,0.103125,0.01874999999999999,286,0.7675530279199934,OK
NQ,RTH_EMA,20,FROM_BELOW,MID_MORNING,5,0.5,557,600,1.0771992818671454,301,299,0,0.5016666666666667,0.49833333333333335,0.0033333333333333335,0.9674400686650214,-0.1611841555662742,0.653460055082679,0.7713114440244928,-0.11518404384899832,0.4583333333333333,0.5416666666666666,0.87,281,302,6,11,0.4683333333333333,0.5033333333333333,0.01,0.018333333333333333,-0.034999999999999976,583,0.40751312761377195,OK
NQ,RTH_EMA,20,FROM_BELOW,MID_MORNING,5,1.0,557,600,1.0771992818671454,301,299,0,0.5016666666666667,0.49833333333333335,0.0033333333333333335,0.9674400686650214,-0.1611841555662742,0.653460055082679,0.7713114440244928,-0.11518404384899832,0.4583333333333333,0.5416666666666666,0.87,208,213,0,179,0.3466666666666667,0.355,0.0,0.29833333333333334,-0.008333333333333304,421,0.8454627646602132,OK
NQ,RTH_EMA,20,FROM_BELOW,MIDDAY,5,0.5,794,824,1.0377833753148615,415,409,0,0.5036407766990292,0.4963592233009709,0.007281553398058253,0.861734893739747,-0.06192728284268711,0.8466503965752483,0.830054047618382,-0.0017298293697631062,0.5,0.5,0.9029126213592233,385,403,32,4,0.4672330097087379,0.4890776699029126,0.038834951456310676,0.0048543689320388345,-0.021844660194174748,788,0.544807468773565,OK
NQ,RTH_EMA,20,FROM_BELOW,MIDDAY,5,1.0,794,824,1.0377833753148615,415,409,0,0.5036407766990292,0.4963592233009709,0.007281553398058253,0.861734893739747,-0.06192728284268711,0.8466503965752483,0.830054047618382,-0.0017298293697631062,0.5,0.5,0.9029126213592233,336,317,5,166,0.4077669902912621,0.38470873786407767,0.006067961165048544,0.20145631067961164,0.023058252427184456,653,0.48121549433339655,OK
NQ,RTH_EMA,20,FROM_BELOW,AFTERNOON,5,0.5,840,876,1.042857142857143,418,458,0,0.4771689497716895,0.5228310502283106,-0.045662100456621,0.1875772793537171,-0.23788623121250252,1.072795629517353,1.154088170533683,-0.10365491938351548,0.4703196347031963,0.5296803652968036,0.8949771689497716,381,412,82,1,0.4349315068493151,0.4703196347031963,0.09360730593607305,0.001141552511415525,-0.035388127853881235,793,0.28671930742777885,OK
NQ,RTH_EMA,20,FROM_BELOW,AFTERNOON,5,1.0,840,876,1.042857142857143,418,458,0,0.4771689497716895,0.5228310502283106,-0.045662100456621,0.1875772793537171,-0.23788623121250252,1.072795629517353,1.154088170533683,-0.10365491938351548,0.4703196347031963,0.5296803652968036,0.8949771689497716,399,408,7,62,0.4554794520547945,0.4657534246575342,0.007990867579908675,0.07077625570776255,-0.010273972602739712,807,0.7782605840581409,OK
NQ,RTH_EMA,20,FROM_BELOW,ALL_RTH,5,0.5,2708,2620,0.9675036927621861,1293,1327,0,0.4935114503816794,0.5064885496183206,-0.012977099236641221,0.5191239791239027,-0.1392019194974785,0.881340024128187,0.9290056201095139,-0.060578766403263096,0.48091603053435117,0.5190839694656488,0.8908396946564886,1198,1256,150,16,0.45725190839694657,0.47938931297709925,0.05725190839694656,0.0061068702290076335,-0.022137404580152675,2454,0.24987722932136486,OK
NQ,RTH_EMA,20,FROM_BELOW,ALL_RTH,5,1.0,2708,2620,0.9675036927621861,1293,1327,0,0.4935114503816794,0.5064885496183206,-0.012977099236641221,0.5191239791239027,-0.1392019194974785,0.881340024128187,0.9290056201095139,-0.060578766403263096,0.48091603053435117,0.5190839694656488,0.8908396946564886,1089,1078,13,440,0.41564885496183207,0.4114503816793893,0.004961832061068702,0.16793893129770993,0.004198473282442772,2167,0.8299154145576676,OK
NQ,RTH_EMA,21,FROM_ABOVE,OPEN,5,0.5,617,349,0.5656401944894651,173,176,0,0.49570200573065903,0.504297994269341,-0.008595988538681949,0.9147634574618021,0.1282331196357658,1.1839344725415841,1.2048489603801251,0.04107226577965383,0.5100286532951289,0.4899713467048711,0.8681948424068768,144,151,54,0,0.41260744985673353,0.4326647564469914,0.15472779369627507,0.0,-0.020057306590257895,295,0.7269043474057003,OK
NQ,RTH_EMA,21,FROM_ABOVE,OPEN,5,1.0,617,349,0.5656401944894651,173,176,0,0.49570200573065903,0.504297994269341,-0.008595988538681949,0.9147634574618021,0.1282331196357658,1.1839344725415841,1.2048489603801251,0.04107226577965383,0.5100286532951289,0.4899713467048711,0.8681948424068768,157,164,10,18,0.4498567335243553,0.4699140401146132,0.02865329512893983,0.05157593123209169,-0.020057306590257895,321,0.737768594977527,OK
NQ,RTH_EMA,21,FROM_ABOVE,MID_MORNING,5,0.5,643,680,1.0575427682737168,379,301,0,0.5573529411764706,0.4426470588235294,0.11470588235294117,0.0031204005169680298,0.002651559100622517,0.7435738963799972,0.7823701701976826,-0.03002038439592482,0.4823529411764706,0.5176470588235295,0.8808823529411764,350,304,24,2,0.5147058823529411,0.4470588235294118,0.03529411764705882,0.0029411764705882353,0.06764705882352934,654,0.07838920571467199,OK
NQ,RTH_EMA,21,FROM_ABOVE,MID_MORNING,5,1.0,643,680,1.0575427682737168,379,301,0,0.5573529411764706,0.4426470588235294,0.11470588235294117,0.0031204005169680298,0.002651559100622517,0.7435738963799972,0.7823701701976826,-0.03002038439592482,0.4823529411764706,0.5176470588235295,0.8808823529411764,253,266,1,160,0.3720588235294118,0.3911764705882353,0.0014705882352941176,0.23529411764705882,-0.019117647058823517,519,0.5984156951319912,OK
NQ,RTH_EMA,21,FROM_ABOVE,MIDDAY,5,0.5,958,1003,1.046972860125261,533,470,0,0.5314057826520439,0.46859421734795614,0.06281156530408774,0.05021370204122888,0.08684455014331072,0.9180953038734573,0.82174435069767,0.036650130982553285,0.522432701894317,0.47756729810568294,0.8993020937188435,514,434,51,4,0.5124626121635095,0.43270189431704886,0.05084745762711865,0.003988035892323031,0.07976071784646066,948,0.010256397242176953,OK
NQ,RTH_EMA,21,FROM_ABOVE,MIDDAY,5,1.0,958,1003,1.046972860125261,533,470,0,0.5314057826520439,0.46859421734795614,0.06281156530408774,0.05021370204122888,0.08684455014331072,0.9180953038734573,0.82174435069767,0.036650130982553285,0.522432701894317,0.47756729810568294,0.8993020937188435,419,384,8,192,0.41774675972083747,0.382851445663011,0.007976071784646061,0.1914257228315055,0.034895314057826476,803,0.2301826376342875,OK
NQ,RTH_EMA,21,FROM_ABOVE,AFTERNOON,5,0.5,1011,1124,1.1117705242334321,575,549,0,0.5115658362989324,0.4884341637010676,0.023131672597864767,0.4558710952529539,0.24979463229161206,1.385478226211424,1.1416845005787406,0.13244485464616007,0.5498220640569395,0.4501779359430605,0.8932384341637011,529,463,132,0,0.4706405693950178,0.41192170818505336,0.11743772241992882,0.0,0.058718861209964446,992,0.03898759523514119,OK
NQ,RTH_EMA,21,FROM_ABOVE,AFTERNOON,5,1.0,1011,1124,1.1117705242334321,575,549,0,0.5115658362989324,0.4884341637010676,0.023131672597864767,0.4558710952529539,0.24979463229161206,1.385478226211424,1.1416845005787406,0.13244485464616007,0.5498220640569395,0.4501779359430605,0.8932384341637011,553,498,13,60,0.4919928825622776,0.4430604982206406,0.011565836298932384,0.05338078291814947,0.04893238434163699,1051,0.09572982112463695,OK
NQ,RTH_EMA,21,FROM_ABOVE,ALL_RTH,5,0.5,3229,3156,0.9773923815422731,1660,1496,0,0.5259822560202788,0.4740177439797212,0.051964512040557666,0.003707344244786764,0.11455814949968543,1.015526423700344,0.9573181002089627,0.04951500912534623,0.5221799746514575,0.47782002534854245,0.8897338403041825,1537,1352,261,6,0.4870088719898606,0.42839036755386567,0.08269961977186312,0.0019011406844106464,0.05861850443599492,2889,0.0006162655383036558,OK
NQ,RTH_EMA,21,FROM_ABOVE,ALL_RTH,5,1.0,3229,3156,0.9773923815422731,1660,1496,0,0.5259822560202788,0.4740177439797212,0.051964512040557666,0.003707344244786764,0.11455814949968543,1.015526423700344,0.9573181002089627,0.04951500912534623,0.5221799746514575,0.47782002534854245,0.8897338403041825,1382,1312,32,430,0.43789607097591887,0.4157160963244613,0.010139416983523447,0.13624841571609633,0.022179974651457546,2694,0.18371106749415014,OK
NQ,RTH_EMA,21,FROM_BELOW,OPEN,5,0.5,520,321,0.6173076923076923,168,153,0,0.5233644859813084,0.4766355140186916,0.04672897196261682,0.4346120165591664,-0.074328589616585,1.0350355381496152,0.9945382015693205,0.010616606616559974,0.5046728971962616,0.4953271028037383,0.8847352024922118,153,135,33,0,0.4766355140186916,0.4205607476635514,0.102803738317757,0.0,0.05607476635514019,288,0.31647193433067433,OK
NQ,RTH_EMA,21,FROM_BELOW,OPEN,5,1.0,520,321,0.6173076923076923,168,153,0,0.5233644859813084,0.4766355140186916,0.04672897196261682,0.4346120165591664,-0.074328589616585,1.0350355381496152,0.9945382015693205,0.010616606616559974,0.5046728971962616,0.4953271028037383,0.8847352024922118,148,140,1,32,0.46105919003115264,0.43613707165109034,0.003115264797507788,0.09968847352024922,0.024922118380062308,288,0.6800614268589981,OK
NQ,RTH_EMA,21,FROM_BELOW,MID_MORNING,5,0.5,546,593,1.086080586080586,299,294,0,0.5042158516020236,0.4957841483979764,0.008431703204047217,0.8695439478577404,-0.08437996159418175,0.6525363659182579,0.745103852838886,-0.07772986875705706,0.463743676222597,0.5362563237774031,0.8768971332209107,276,302,8,7,0.4654300168634064,0.5092748735244519,0.013490725126475547,0.011804384485666104,-0.043844856661045484,578,0.29839808201247153,OK
NQ,RTH_EMA,21,FROM_BELOW,MID_MORNING,5,1.0,546,593,1.086080586080586,299,294,0,0.5042158516020236,0.4957841483979764,0.008431703204047217,0.8695439478577404,-0.08437996159418175,0.6525363659182579,0.745103852838886,-0.07772986875705706,0.463743676222597,0.5362563237774031,0.8768971332209107,209,203,1,180,0.3524451939291737,0.342327150084317,0.0016863406408094434,0.30354131534569984,0.01011804384485665,412,0.805461353876563,OK
NQ,RTH_EMA,21,FROM_BELOW,MIDDAY,5,0.5,789,815,1.0329531051964511,402,413,0,0.49325153374233127,0.5067484662576687,-0.013496932515337423,0.7261486568527162,-0.07237342654600885,0.8228467670161185,0.8186595447272162,-0.0008328236767739168,0.49938650306748467,0.5006134969325153,0.9079754601226994,388,389,33,5,0.47607361963190187,0.47730061349693254,0.04049079754601227,0.006134969325153374,-0.0012269938650306678,777,1.0,OK
NQ,RTH_EMA,21,FROM_BELOW,MIDDAY,5,1.0,789,815,1.0329531051964511,402,413,0,0.49325153374233127,0.5067484662576687,-0.013496932515337423,0.7261486568527162,-0.07237342654600885,0.8228467670161185,0.8186595447272162,-0.0008328236767739168,0.49938650306748467,0.5006134969325153,0.9079754601226994,333,315,4,163,0.4085889570552147,0.38650306748466257,0.0049079754601227,0.2,0.02208588957055213,648,0.5042770368576827,OK
NQ,RTH_EMA,21,FROM_BELOW,AFTERNOON,5,0.5,825,864,1.0472727272727274,412,452,0,0.47685185185185186,0.5231481481481481,-0.046296296296296294,0.1845403921033832,-0.23880285795863732,1.0897879150134697,1.140385850000738,-0.1008896768160344,0.4699074074074074,0.5300925925925926,0.8877314814814815,386,406,72,0,0.44675925925925924,0.4699074074074074,0.08333333333333333,0.0,-0.02314814814814814,792,0.49961425810223614,OK
NQ,RTH_EMA,21,FROM_BELOW,AFTERNOON,5,1.0,825,864,1.0472727272727274,412,452,0,0.47685185185185186,0.5231481481481481,-0.046296296296296294,0.1845403921033832,-0.23880285795863732,1.0897879150134697,1.140385850000738,-0.1008896768160344,0.4699074074074074,0.5300925925925926,0.8877314814814815,396,395,6,67,0.4583333333333333,0.45717592592592593,0.006944444444444444,0.0775462962962963,0.0011574074074073848,791,1.0,OK
NQ,RTH_EMA,21,FROM_BELOW,ALL_RTH,5,0.5,2680,2593,0.9675373134328358,1281,1312,0,0.4940223679136136,0.5059776320863865,-0.01195526417277285,0.5557743095944887,-0.1222037580186067,0.8755869187764816,0.9153375949522699,-0.06265003271087506,0.4820671037408407,0.5179328962591593,0.8912456613960663,1203,1232,146,12,0.46394138064018514,0.4751253374469726,0.056305437716930196,0.004627844195912071,-0.011183956806787465,2435,0.5704343470512412,OK
NQ,RTH_EMA,21,FROM_BELOW,ALL_RTH,5,1.0,2680,2593,0.9675373134328358,1281,1312,0,0.4940223679136136,0.5059776320863865,-0.01195526417277285,0.5557743095944887,-0.1222037580186067,0.8755869187764816,0.9153375949522699,-0.06265003271087506,0.4820671037408407,0.5179328962591593,0.8912456613960663,1086,1053,12,442,0.4188198997300424,0.40609332819128424,0.004627844195912071,0.1704589278827613,0.012726571538758169,2139,0.4890077108058158,OK
NQ,RTH_EMA,22,FROM_ABOVE,OPEN,5,0.5,616,344,0.5584415584415584,175,169,0,0.5087209302325582,0.49127906976744184,0.01744186046511628,0.7875287070799184,0.21536724048058298,1.2277561163961366,1.1719222410894619,0.06958197809031905,0.5174418604651163,0.48255813953488375,0.8517441860465116,142,147,55,0,0.4127906976744186,0.4273255813953488,0.15988372093023256,0.0,-0.014534883720930203,289,0.8140304632432135,OK
NQ,RTH_EMA,22,FROM_ABOVE,OPEN,5,1.0,616,344,0.5584415584415584,175,169,0,0.5087209302325582,0.49127906976744184,0.01744186046511628,0.7875287070799184,0.21536724048058298,1.2277561163961366,1.1719222410894619,0.06958197809031905,0.5174418604651163,0.48255813953488375,0.8517441860465116,155,159,9,21,0.45058139534883723,0.4622093023255814,0.02616279069767442,0.061046511627906974,-0.011627906976744151,314,0.8655953253718333,OK
NQ,RTH_EMA,22,FROM_ABOVE,MID_MORNING,5,0.5,626,655,1.0463258785942493,351,304,0,0.5358778625954198,0.46412213740458014,0.0717557251908397,0.07219613112068703,-0.06326370216228923,0.7155823586115441,0.8570509165227909,-0.08209679745342341,0.46564885496183206,0.5343511450381679,0.8946564885496183,321,317,17,0,0.4900763358778626,0.48396946564885496,0.025954198473282442,0.0,0.006106870229007633,638,0.9054688209166032,OK
NQ,RTH_EMA,22,FROM_ABOVE,MID_MORNING,5,1.0,626,655,1.0463258785942493,351,304,0,0.5358778625954198,0.46412213740458014,0.0717557251908397,0.07219613112068703,-0.06326370216228923,0.7155823586115441,0.8570509165227909,-0.08209679745342341,0.46564885496183206,0.5343511450381679,0.8946564885496183,229,268,1,157,0.34961832061068704,0.40916030534351144,0.0015267175572519084,0.23969465648854962,-0.059541984732824405,497,0.08817986605669703,OK
NQ,RTH_EMA,22,FROM_ABOVE,MIDDAY,5,0.5,916,965,1.0534934497816595,512,453,0,0.5305699481865285,0.4694300518134715,0.061139896373056994,0.06183357646596729,0.10665887591978342,0.9274679162950713,0.8335873051378688,0.057505858000905165,0.5264248704663212,0.47357512953367875,0.894300518134715,487,427,48,3,0.5046632124352332,0.44248704663212435,0.049740932642487044,0.0031088082901554403,0.06217616580310881,914,0.05093264471892994,OK
NQ,RTH_EMA,22,FROM_ABOVE,MIDDAY,5,1.0,916,965,1.0534934497816595,512,453,0,0.5305699481865285,0.4694300518134715,0.061139896373056994,0.06183357646596729,0.10665887591978342,0.9274679162950713,0.8335873051378688,0.057505858000905165,0.5264248704663212,0.47357512953367875,0.894300518134715,411,367,7,180,0.42590673575129534,0.38031088082901554,0.007253886010362694,0.18652849740932642,0.0455958549222798,778,0.12310955914625454,OK
NQ,RTH_EMA,22,FROM_ABOVE,AFTERNOON,5,0.5,999,1117,1.1181181181181181,596,521,0,0.5335720680393913,0.4664279319606088,0.06714413607878246,0.026774770460113752,0.2665667932225428,1.3915318510982937,1.1328325448788175,0.13331799671390654,0.5461056401074306,0.4538943598925694,0.8889883616830797,539,454,124,0,0.4825425246195166,0.40644583706356313,0.11101163831692032,0.0,0.07609668755595345,993,0.007652513670200571,OK
NQ,RTH_EMA,22,FROM_ABOVE,AFTERNOON,5,1.0,999,1117,1.1181181181181181,596,521,0,0.5335720680393913,0.4664279319606088,0.06714413607878246,0.026774770460113752,0.2665667932225428,1.3915318510982937,1.1328325448788175,0.13331799671390654,0.5461056401074306,0.4538943598925694,0.8889883616830797,556,491,14,56,0.4977618621307073,0.4395702775290958,0.012533572068039392,0.050134288272157566,0.0581915846016115,1047,0.04788704825343977,OK
NQ,RTH_EMA,22,FROM_ABOVE,ALL_RTH,5,0.5,3157,3081,0.9759265125118783,1634,1447,0,0.5303472898409607,0.46965271015903926,0.060694579681921455,0.0008026720233064317,0.122447077853477,1.0185396747411861,0.9667209057386444,0.051378990650790476,0.5196364816617981,0.4803635183382019,0.8876987990912042,1489,1345,244,3,0.48328464784160985,0.4365465757870821,0.07919506653683869,0.0009737098344693282,0.046738072054527735,2834,0.007216657377581514,OK
NQ,RTH_EMA,22,FROM_ABOVE,ALL_RTH,5,1.0,3157,3081,0.9759265125118783,1634,1447,0,0.5303472898409607,0.46965271015903926,0.060694579681921455,0.0008026720233064317,0.122447077853477,1.0185396747411861,0.9667209057386444,0.051378990650790476,0.5196364816617981,0.4803635183382019,0.8876987990912042,1351,1285,31,414,0.43849399545602075,0.41707237909769557,0.010061668289516391,0.13437195715676728,0.02142161635832518,2636,0.20549719842285075,OK
NQ,RTH_EMA,22,FROM_BELOW,OPEN,5,0.5,516,306,0.5930232558139535,160,146,0,0.5228758169934641,0.477124183006536,0.0457516339869281,0.45743992549358764,-0.14650903574523813,1.0177358422158282,1.0343703861777742,-0.057922016286378414,0.477124183006536,0.5228758169934641,0.8856209150326797,138,134,34,0,0.45098039215686275,0.43790849673202614,0.1111111111111111,0.0,0.01307189542483661,272,0.8557023748629741,OK
NQ,RTH_EMA,22,FROM_BELOW,OPEN,5,1.0,516,306,0.5930232558139535,160,146,0,0.5228758169934641,0.477124183006536,0.0457516339869281,0.45743992549358764,-0.14650903574523813,1.0177358422158282,1.0343703861777742,-0.057922016286378414,0.477124183006536,0.5228758169934641,0.8856209150326797,132,141,3,30,0.43137254901960786,0.46078431372549017,0.00980392156862745,0.09803921568627451,-0.029411764705882304,273,0.6283375482150056,OK
NQ,RTH_EMA,22,FROM_BELOW,MID_MORNING,5,0.5,527,574,1.0891840607210626,274,300,0,0.47735191637630664,0.5226480836236934,-0.04529616724738676,0.2967200361573983,-0.05910534823065677,0.6628944101005172,0.7407792858299052,-0.0758903052565264,0.4721254355400697,0.5278745644599303,0.8797909407665505,260,298,8,8,0.4529616724738676,0.519163763066202,0.013937282229965157,0.013937282229965157,-0.06620209059233445,558,0.1171906894959062,OK
NQ,RTH_EMA,22,FROM_BELOW,MID_MORNING,5,1.0,527,574,1.0891840607210626,274,300,0,0.47735191637630664,0.5226480836236934,-0.04529616724738676,0.2967200361573983,-0.05910534823065677,0.6628944101005172,0.7407792858299052,-0.0758903052565264,0.4721254355400697,0.5278745644599303,0.8797909407665505,200,195,1,178,0.34843205574912894,0.3397212543554007,0.0017421602787456446,0.31010452961672474,0.008710801393728262,395,0.8405258124892894,OK
NQ,RTH_EMA,22,FROM_BELOW,MIDDAY,5,0.5,780,809,1.0371794871794873,418,391,0,0.5166872682323856,0.48331273176761436,0.03337453646477132,0.3606665720106295,-0.08790398617685481,0.8203414978797096,0.8046636286463207,0.018753334698897204,0.5080346106304079,0.4919653893695921,0.8949320148331273,387,385,33,4,0.4783683559950556,0.4758961681087763,0.0407911001236094,0.004944375772558714,0.0024721878862793423,772,0.9712928041672554,OK
NQ,RTH_EMA,22,FROM_BELOW,MIDDAY,5,1.0,780,809,1.0371794871794873,418,391,0,0.5166872682323856,0.48331273176761436,0.03337453646477132,0.3606665720106295,-0.08790398617685481,0.8203414978797096,0.8046636286463207,0.018753334698897204,0.5080346106304079,0.4919653893695921,0.8949320148331273,329,307,4,169,0.40667490729295425,0.3794808405438813,0.004944375772558714,0.2088998763906057,0.02719406674907293,636,0.4050306034420344,OK
NQ,RTH_EMA,22,FROM_BELOW,AFTERNOON,5,0.5,812,857,1.0554187192118227,418,439,0,0.48774795799299886,0.5122520420070011,-0.024504084014002333,0.4945111488844298,-0.21348494349010672,1.1047843583565378,1.1359428704841632,-0.07862300031802305,0.47141190198366395,0.5285880980163361,0.8856476079346558,388,397,72,0,0.45274212368728123,0.4632438739789965,0.08401400233372229,0.0,-0.010501750291715295,785,0.7752577734258344,OK
NQ,RTH_EMA,22,FROM_BELOW,AFTERNOON,5,1.0,812,857,1.0554187192118227,418,439,0,0.48774795799299886,0.5122520420070011,-0.024504084014002333,0.4945111488844298,-0.21348494349010672,1.1047843583565378,1.1359428704841632,-0.07862300031802305,0.47141190198366395,0.5285880980163361,0.8856476079346558,393,385,6,73,0.45857642940490084,0.4492415402567094,0.007001166861143524,0.08518086347724621,0.009334889148191416,778,0.8018628786171164,OK
NQ,RTH_EMA,22,FROM_BELOW,ALL_RTH,5,0.5,2635,2546,0.966223908918406,1270,1276,0,0.4988216810683425,0.5011783189316575,-0.002356637863315004,0.9210673747560015,-0.11136354110274338,0.8767830102274367,0.9046980720427883,-0.04909518562500591,0.4838963079340141,0.5161036920659858,0.887274155538099,1173,1214,147,12,0.46072270227808326,0.47682639434406915,0.05773762765121759,0.004713275726630008,-0.016103692065985886,2387,0.4129533111650269,OK
NQ,RTH_EMA,22,FROM_BELOW,ALL_RTH,5,1.0,2635,2546,0.966223908918406,1270,1276,0,0.4988216810683425,0.5011783189316575,-0.002356637863315004,0.9210673747560015,-0.11136354110274338,0.8767830102274367,0.9046980720427883,-0.04909518562500591,0.4838963079340141,0.5161036920659858,0.887274155538099,1054,1028,14,450,0.4139827179890024,0.40377062058130403,0.0054988216810683424,0.1767478397486253,0.01021209740769835,2082,0.5837725509344075,OK
