instrument,level_id,horizon,year,n_touches,n_continuation_first,n_reversal_first,cont_minus_rev_diff
ES,ON_VWAP_0,5,2018,186,32,48,-0.08602150537634409
ES,ON_VWAP_0,5,2019,162,49,35,0.08641975308641975
ES,ON_VWAP_0,5,2020,178,29,40,-0.06179775280898876
ES,ON_VWAP_0,5,2021,168,47,39,0.047619047619047616
ES,ON_VWAP_0,5,2022,177,32,52,-0.11299435028248588
ES,ON_VWAP_0,15,2018,186,66,85,-0.10215053763440861
ES,ON_VWAP_0,15,2019,162,70,50,0.12345679012345678
ES,ON_VWAP_0,15,2020,178,50,59,-0.05056179775280899
ES,ON_VWAP_0,15,2021,168,63,56,0.041666666666666664
ES,ON_VWAP_0,15,2022,177,54,75,-0.11864406779661017
ES,ON_VWAP_0,30,2018,186,73,100,-0.14516129032258066
ES,ON_VWAP_0,30,2019,162,81,58,0.1419753086419753
ES,ON_VWAP_0,30,2020,178,68,76,-0.0449438202247191
ES,ON_VWAP_0,30,2021,168,77,70,0.041666666666666664
ES,ON_VWAP_0,30,2022,177,67,86,-0.10734463276836158
ES,ON_VWAP_0,60,2018,186,81,100,-0.10215053763440861
ES,ON_VWAP_0,60,2019,162,87,66,0.12962962962962962
ES,ON_VWAP_0,60,2020,178,77,81,-0.02247191011235955
ES,ON_VWAP_0,60,2021,168,81,77,0.023809523809523808
ES,ON_VWAP_0,60,2022,177,73,93,-0.11299435028248588
ES,ON_VWAP_0,120,2018,186,84,101,-0.0913978494623656
ES,ON_VWAP_0,120,2019,162,90,66,0.14814814814814814
ES,ON_VWAP_0,120,2020,178,82,87,-0.028089887640449437
ES,ON_VWAP_0,120,2021,168,83,81,0.011904761904761904
ES,ON_VWAP_0,120,2022,177,78,95,-0.096045197740113
ES,ON_VWAP_m1,5,2018,158,33,43,-0.06329113924050633
ES,ON_VWAP_m1,5,2019,157,43,36,0.044585987261146494
ES,ON_VWAP_m1,5,2020,150,39,26,0.08666666666666667
ES,ON_VWAP_m1,5,2021,150,38,45,-0.04666666666666667
ES,ON_VWAP_m1,5,2022,169,34,42,-0.047337278106508875
ES,ON_VWAP_m1,15,2018,158,59,67,-0.05063291139240506
ES,ON_VWAP_m1,15,2019,157,62,63,-0.006369426751592357
ES,ON_VWAP_m1,15,2020,150,68,39,0.19333333333333333
ES,ON_VWAP_m1,15,2021,150,57,62,-0.03333333333333333
ES,ON_VWAP_m1,15,2022,169,62,72,-0.05917159763313609
ES,ON_VWAP_m1,30,2018,158,66,77,-0.06962025316455696
ES,ON_VWAP_m1,30,2019,157,71,70,0.006369426751592357
ES,ON_VWAP_m1,30,2020,150,77,55,0.14666666666666667
ES,ON_VWAP_m1,30,2021,150,64,71,-0.04666666666666667
ES,ON_VWAP_m1,30,2022,169,71,81,-0.05917159763313609
ES,ON_VWAP_m1,60,2018,158,74,82,-0.05063291139240506
ES,ON_VWAP_m1,60,2019,157,74,75,-0.006369426751592357
ES,ON_VWAP_m1,60,2020,150,79,63,0.10666666666666667
ES,ON_VWAP_m1,60,2021,150,65,81,-0.10666666666666667
ES,ON_VWAP_m1,60,2022,169,76,85,-0.05325443786982249
ES,ON_VWAP_m1,120,2018,158,74,83,-0.056962025316455694
ES,ON_VWAP_m1,120,2019,157,78,77,0.006369426751592357
ES,ON_VWAP_m1,120,2020,150,81,68,0.08666666666666667
ES,ON_VWAP_m1,120,2021,150,67,83,-0.10666666666666667
ES,ON_VWAP_m1,120,2022,169,81,85,-0.023668639053254437
ES,ON_VWAP_m2,5,2018,124,29,38,-0.07258064516129033
ES,ON_VWAP_m2,5,2019,124,36,32,0.03225806451612903
ES,ON_VWAP_m2,5,2020,113,27,40,-0.11504424778761062
ES,ON_VWAP_m2,5,2021,115,39,22,0.14782608695652175
ES,ON_VWAP_m2,5,2022,133,38,27,0.08270676691729323
ES,ON_VWAP_m2,15,2018,124,50,63,-0.10483870967741936
ES,ON_VWAP_m2,15,2019,124,57,44,0.10483870967741936
ES,ON_VWAP_m2,15,2020,113,40,55,-0.13274336283185842
ES,ON_VWAP_m2,15,2021,115,56,39,0.14782608695652175
ES,ON_VWAP_m2,15,2022,133,65,42,0.17293233082706766
ES,ON_VWAP_m2,30,2018,124,54,66,-0.0967741935483871
ES,ON_VWAP_m2,30,2019,124,64,52,0.0967741935483871
ES,ON_VWAP_m2,30,2020,113,44,59,-0.13274336283185842
ES,ON_VWAP_m2,30,2021,115,59,46,0.11304347826086956
ES,ON_VWAP_m2,30,2022,133,72,46,0.19548872180451127
ES,ON_VWAP_m2,60,2018,124,57,67,-0.08064516129032258
ES,ON_VWAP_m2,60,2019,124,66,55,0.08870967741935484
ES,ON_VWAP_m2,60,2020,113,51,61,-0.08849557522123894
ES,ON_VWAP_m2,60,2021,115,61,50,0.09565217391304348
ES,ON_VWAP_m2,60,2022,133,75,51,0.18045112781954886
ES,ON_VWAP_m2,120,2018,124,57,67,-0.08064516129032258
ES,ON_VWAP_m2,120,2019,124,67,55,0.0967741935483871
ES,ON_VWAP_m2,120,2020,113,51,61,-0.08849557522123894
ES,ON_VWAP_m2,120,2021,115,62,51,0.09565217391304348
ES,ON_VWAP_m2,120,2022,133,77,53,0.18045112781954886
ES,ON_VWAP_m3,5,2018,92,23,27,-0.043478260869565216
ES,ON_VWAP_m3,5,2019,92,32,25,0.07608695652173914
ES,ON_VWAP_m3,5,2020,75,14,24,-0.13333333333333333
ES,ON_VWAP_m3,5,2021,85,20,27,-0.08235294117647059
ES,ON_VWAP_m3,5,2022,105,25,31,-0.05714285714285714
ES,ON_VWAP_m3,15,2018,92,38,44,-0.06521739130434782
ES,ON_VWAP_m3,15,2019,92,43,35,0.08695652173913043
ES,ON_VWAP_m3,15,2020,75,23,37,-0.18666666666666668
ES,ON_VWAP_m3,15,2021,85,30,41,-0.12941176470588237
ES,ON_VWAP_m3,15,2022,105,34,42,-0.0761904761904762
ES,ON_VWAP_m3,30,2018,92,42,46,-0.043478260869565216
ES,ON_VWAP_m3,30,2019,92,48,39,0.09782608695652174
ES,ON_VWAP_m3,30,2020,75,26,43,-0.22666666666666666
ES,ON_VWAP_m3,30,2021,85,33,48,-0.17647058823529413
ES,ON_VWAP_m3,30,2022,105,43,44,-0.009523809523809525
ES,ON_VWAP_m3,60,2018,92,43,49,-0.06521739130434782
ES,ON_VWAP_m3,60,2019,92,48,42,0.06521739130434782
ES,ON_VWAP_m3,60,2020,75,28,46,-0.24
ES,ON_VWAP_m3,60,2021,85,33,51,-0.21176470588235294
ES,ON_VWAP_m3,60,2022,105,52,49,0.02857142857142857
ES,ON_VWAP_m3,120,2018,92,43,49,-0.06521739130434782
ES,ON_VWAP_m3,120,2019,92,49,43,0.06521739130434782
ES,ON_VWAP_m3,120,2020,75,28,47,-0.25333333333333335
ES,ON_VWAP_m3,120,2021,85,33,52,-0.2235294117647059
ES,ON_VWAP_m3,120,2022,105,52,50,0.01904761904761905
ES,ON_VWAP_p1,5,2018,178,44,40,0.02247191011235955
ES,ON_VWAP_p1,5,2019,154,33,34,-0.006493506493506494
ES,ON_VWAP_p1,5,2020,161,25,24,0.006211180124223602
ES,ON_VWAP_p1,5,2021,156,44,33,0.07051282051282051
ES,ON_VWAP_p1,5,2022,168,36,34,0.011904761904761904
ES,ON_VWAP_p1,15,2018,178,67,65,0.011235955056179775
ES,ON_VWAP_p1,15,2019,154,60,57,0.01948051948051948
ES,ON_VWAP_p1,15,2020,161,45,45,0.0
ES,ON_VWAP_p1,15,2021,156,68,52,0.10256410256410256
ES,ON_VWAP_p1,15,2022,168,61,62,-0.005952380952380952
ES,ON_VWAP_p1,30,2018,178,82,74,0.0449438202247191
ES,ON_VWAP_p1,30,2019,154,71,66,0.032467532467532464
ES,ON_VWAP_p1,30,2020,161,60,62,-0.012422360248447204
ES,ON_VWAP_p1,30,2021,156,81,56,0.16025641025641027
ES,ON_VWAP_p1,30,2022,168,76,74,0.011904761904761904
ES,ON_VWAP_p1,60,2018,178,88,80,0.0449438202247191
ES,ON_VWAP_p1,60,2019,154,78,69,0.05844155844155844
ES,ON_VWAP_p1,60,2020,161,69,75,-0.037267080745341616
ES,ON_VWAP_p1,60,2021,156,89,60,0.1858974358974359
ES,ON_VWAP_p1,60,2022,168,80,79,0.005952380952380952
ES,ON_VWAP_p1,120,2018,178,94,82,0.06741573033707865
ES,ON_VWAP_p1,120,2019,154,80,73,0.045454545454545456
ES,ON_VWAP_p1,120,2020,161,73,79,-0.037267080745341616
ES,ON_VWAP_p1,120,2021,156,90,63,0.17307692307692307
ES,ON_VWAP_p1,120,2022,168,81,81,0.0
ES,ON_VWAP_p2,5,2018,144,35,19,0.1111111111111111
ES,ON_VWAP_p2,5,2019,137,33,24,0.06569343065693431
ES,ON_VWAP_p2,5,2020,107,15,15,0.0
ES,ON_VWAP_p2,5,2021,134,30,28,0.014925373134328358
ES,ON_VWAP_p2,5,2022,122,26,26,0.0
ES,ON_VWAP_p2,15,2018,144,53,41,0.08333333333333333
ES,ON_VWAP_p2,15,2019,137,49,41,0.058394160583941604
ES,ON_VWAP_p2,15,2020,107,29,32,-0.028037383177570093
ES,ON_VWAP_p2,15,2021,134,56,46,0.07462686567164178
ES,ON_VWAP_p2,15,2022,122,48,43,0.040983606557377046
ES,ON_VWAP_p2,30,2018,144,66,59,0.04861111111111111
ES,ON_VWAP_p2,30,2019,137,60,54,0.043795620437956206
ES,ON_VWAP_p2,30,2020,107,44,42,0.018691588785046728
ES,ON_VWAP_p2,30,2021,134,70,50,0.14925373134328357
ES,ON_VWAP_p2,30,2022,122,55,53,0.01639344262295082
ES,ON_VWAP_p2,60,2018,144,73,64,0.0625
ES,ON_VWAP_p2,60,2019,137,68,61,0.051094890510948905
ES,ON_VWAP_p2,60,2020,107,48,48,0.0
ES,ON_VWAP_p2,60,2021,134,73,54,0.1417910447761194
ES,ON_VWAP_p2,60,2022,122,59,57,0.01639344262295082
ES,ON_VWAP_p2,120,2018,144,77,65,0.08333333333333333
ES,ON_VWAP_p2,120,2019,137,71,61,0.072992700729927
ES,ON_VWAP_p2,120,2020,107,51,51,0.0
ES,ON_VWAP_p2,120,2021,134,74,55,0.1417910447761194
ES,ON_VWAP_p2,120,2022,122,60,60,0.0
ES,ON_VWAP_p3,5,2018,99,18,17,0.010101010101010102
ES,ON_VWAP_p3,5,2019,91,16,19,-0.03296703296703297
ES,ON_VWAP_p3,5,2020,67,7,10,-0.04477611940298507
ES,ON_VWAP_p3,5,2021,96,14,14,0.0
ES,ON_VWAP_p3,5,2022,81,12,17,-0.06172839506172839
ES,ON_VWAP_p3,15,2018,99,32,35,-0.030303030303030304
ES,ON_VWAP_p3,15,2019,91,31,26,0.054945054945054944
ES,ON_VWAP_p3,15,2020,67,17,18,-0.014925373134328358
ES,ON_VWAP_p3,15,2021,96,32,30,0.020833333333333332
ES,ON_VWAP_p3,15,2022,81,22,29,-0.08641975308641975
ES,ON_VWAP_p3,30,2018,99,39,47,-0.08080808080808081
ES,ON_VWAP_p3,30,2019,91,40,35,0.054945054945054944
ES,ON_VWAP_p3,30,2020,67,24,24,0.0
ES,ON_VWAP_p3,30,2021,96,45,34,0.11458333333333333
ES,ON_VWAP_p3,30,2022,81,30,34,-0.04938271604938271
ES,ON_VWAP_p3,60,2018,99,42,55,-0.13131313131313133
ES,ON_VWAP_p3,60,2019,91,45,38,0.07692307692307693
ES,ON_VWAP_p3,60,2020,67,30,29,0.014925373134328358
ES,ON_VWAP_p3,60,2021,96,51,35,0.16666666666666666
ES,ON_VWAP_p3,60,2022,81,37,39,-0.024691358024691357
ES,ON_VWAP_p3,120,2018,99,42,57,-0.15151515151515152
ES,ON_VWAP_p3,120,2019,91,47,39,0.08791208791208792
ES,ON_VWAP_p3,120,2020,67,34,29,0.07462686567164178
ES,ON_VWAP_p3,120,2021,96,56,37,0.19791666666666666
ES,ON_VWAP_p3,120,2022,81,39,41,-0.024691358024691357
ES,PR_VWAP_0,5,2018,93,5,6,-0.010752688172043012
ES,PR_VWAP_0,5,2019,88,9,10,-0.011363636363636364
ES,PR_VWAP_0,5,2020,95,8,4,0.042105263157894736
ES,PR_VWAP_0,5,2021,92,6,8,-0.021739130434782608
ES,PR_VWAP_0,5,2022,93,6,7,-0.010752688172043012
ES,PR_VWAP_0,15,2018,93,11,20,-0.0967741935483871
ES,PR_VWAP_0,15,2019,88,18,19,-0.011363636363636364
ES,PR_VWAP_0,15,2020,95,24,13,0.11578947368421053
ES,PR_VWAP_0,15,2021,92,19,14,0.05434782608695652
ES,PR_VWAP_0,15,2022,93,18,18,0.0
ES,PR_VWAP_0,30,2018,93,15,28,-0.13978494623655913
ES,PR_VWAP_0,30,2019,88,24,32,-0.09090909090909091
ES,PR_VWAP_0,30,2020,95,30,23,0.07368421052631578
ES,PR_VWAP_0,30,2021,92,32,28,0.043478260869565216
ES,PR_VWAP_0,30,2022,93,28,25,0.03225806451612903
ES,PR_VWAP_0,60,2018,93,26,37,-0.11827956989247312
ES,PR_VWAP_0,60,2019,88,33,41,-0.09090909090909091
ES,PR_VWAP_0,60,2020,95,41,32,0.09473684210526316
ES,PR_VWAP_0,60,2021,92,41,32,0.09782608695652174
ES,PR_VWAP_0,60,2022,93,37,35,0.021505376344086023
ES,PR_VWAP_0,120,2018,93,31,49,-0.1935483870967742
ES,PR_VWAP_0,120,2019,88,40,42,-0.022727272727272728
ES,PR_VWAP_0,120,2020,95,45,38,0.07368421052631578
ES,PR_VWAP_0,120,2021,92,48,36,0.13043478260869565
ES,PR_VWAP_0,120,2022,93,40,42,-0.021505376344086023
ES,PR_VWAP_m1,5,2018,78,2,10,-0.10256410256410256
ES,PR_VWAP_m1,5,2019,83,11,7,0.04819277108433735
ES,PR_VWAP_m1,5,2020,80,5,10,-0.0625
ES,PR_VWAP_m1,5,2021,81,16,8,0.09876543209876543
ES,PR_VWAP_m1,5,2022,96,9,8,0.010416666666666666
ES,PR_VWAP_m1,15,2018,78,4,18,-0.1794871794871795
ES,PR_VWAP_m1,15,2019,83,19,17,0.024096385542168676
ES,PR_VWAP_m1,15,2020,80,16,22,-0.075
ES,PR_VWAP_m1,15,2021,81,23,16,0.08641975308641975
ES,PR_VWAP_m1,15,2022,96,20,22,-0.020833333333333332
ES,PR_VWAP_m1,30,2018,78,14,30,-0.20512820512820512
ES,PR_VWAP_m1,30,2019,83,29,28,0.012048192771084338
ES,PR_VWAP_m1,30,2020,80,23,32,-0.1125
ES,PR_VWAP_m1,30,2021,81,31,26,0.06172839506172839
ES,PR_VWAP_m1,30,2022,96,29,36,-0.07291666666666667
ES,PR_VWAP_m1,60,2018,78,21,36,-0.19230769230769232
ES,PR_VWAP_m1,60,2019,83,34,36,-0.024096385542168676
ES,PR_VWAP_m1,60,2020,80,27,37,-0.125
ES,PR_VWAP_m1,60,2021,81,37,35,0.024691358024691357
ES,PR_VWAP_m1,60,2022,96,35,44,-0.09375
ES,PR_VWAP_m1,120,2018,78,30,44,-0.1794871794871795
ES,PR_VWAP_m1,120,2019,83,37,40,-0.03614457831325301
ES,PR_VWAP_m1,120,2020,80,31,41,-0.125
ES,PR_VWAP_m1,120,2021,81,38,40,-0.024691358024691357
ES,PR_VWAP_m1,120,2022,96,37,48,-0.11458333333333333
ES,PR_VWAP_m2,5,2018,55,3,2,0.01818181818181818
ES,PR_VWAP_m2,5,2019,64,18,3,0.234375
ES,PR_VWAP_m2,5,2020,62,10,4,0.0967741935483871
ES,PR_VWAP_m2,5,2021,56,15,9,0.10714285714285714
ES,PR_VWAP_m2,5,2022,78,8,5,0.038461538461538464
ES,PR_VWAP_m2,15,2018,55,15,13,0.03636363636363636
ES,PR_VWAP_m2,15,2019,64,26,8,0.28125
ES,PR_VWAP_m2,15,2020,62,20,14,0.0967741935483871
ES,PR_VWAP_m2,15,2021,56,18,15,0.05357142857142857
ES,PR_VWAP_m2,15,2022,78,16,18,-0.02564102564102564
ES,PR_VWAP_m2,30,2018,55,20,18,0.03636363636363636
ES,PR_VWAP_m2,30,2019,64,33,16,0.265625
ES,PR_VWAP_m2,30,2020,62,26,18,0.12903225806451613
ES,PR_VWAP_m2,30,2021,56,22,22,0.0
ES,PR_VWAP_m2,30,2022,78,23,26,-0.038461538461538464
ES,PR_VWAP_m2,60,2018,55,23,20,0.05454545454545454
ES,PR_VWAP_m2,60,2019,64,36,21,0.234375
ES,PR_VWAP_m2,60,2020,62,27,25,0.03225806451612903
ES,PR_VWAP_m2,60,2021,56,23,28,-0.08928571428571429
ES,PR_VWAP_m2,60,2022,78,27,34,-0.08974358974358974
ES,PR_VWAP_m2,120,2018,55,27,22,0.09090909090909091
ES,PR_VWAP_m2,120,2019,64,39,24,0.234375
ES,PR_VWAP_m2,120,2020,62,31,27,0.06451612903225806
ES,PR_VWAP_m2,120,2021,56,25,28,-0.05357142857142857
ES,PR_VWAP_m2,120,2022,78,29,40,-0.14102564102564102
ES,PR_VWAP_m3,5,2018,45,5,4,0.022222222222222223
ES,PR_VWAP_m3,5,2019,54,12,6,0.1111111111111111
ES,PR_VWAP_m3,5,2020,44,10,9,0.022727272727272728
ES,PR_VWAP_m3,5,2021,41,13,1,0.2926829268292683
ES,PR_VWAP_m3,5,2022,52,5,5,0.0
ES,PR_VWAP_m3,15,2018,45,7,11,-0.08888888888888889
ES,PR_VWAP_m3,15,2019,54,20,17,0.05555555555555555
ES,PR_VWAP_m3,15,2020,44,15,13,0.045454545454545456
ES,PR_VWAP_m3,15,2021,41,16,7,0.21951219512195122
ES,PR_VWAP_m3,15,2022,52,11,13,-0.038461538461538464
ES,PR_VWAP_m3,30,2018,45,14,21,-0.15555555555555556
ES,PR_VWAP_m3,30,2019,54,21,23,-0.037037037037037035
ES,PR_VWAP_m3,30,2020,44,16,19,-0.06818181818181818
ES,PR_VWAP_m3,30,2021,41,21,12,0.21951219512195122
ES,PR_VWAP_m3,30,2022,52,20,16,0.07692307692307693
ES,PR_VWAP_m3,60,2018,45,18,22,-0.08888888888888889
ES,PR_VWAP_m3,60,2019,54,23,25,-0.037037037037037035
ES,PR_VWAP_m3,60,2020,44,18,21,-0.06818181818181818
ES,PR_VWAP_m3,60,2021,41,23,16,0.17073170731707318
ES,PR_VWAP_m3,60,2022,52,22,22,0.0
ES,PR_VWAP_m3,120,2018,45,19,25,-0.13333333333333333
ES,PR_VWAP_m3,120,2019,54,24,28,-0.07407407407407407
ES,PR_VWAP_m3,120,2020,44,18,24,-0.13636363636363635
ES,PR_VWAP_m3,120,2021,41,23,17,0.14634146341463414
ES,PR_VWAP_m3,120,2022,52,25,22,0.057692307692307696
ES,PR_VWAP_p1,5,2018,94,3,4,-0.010638297872340425
ES,PR_VWAP_p1,5,2019,78,8,9,-0.01282051282051282
ES,PR_VWAP_p1,5,2020,86,5,7,-0.023255813953488372
ES,PR_VWAP_p1,5,2021,105,9,14,-0.047619047619047616
ES,PR_VWAP_p1,5,2022,95,9,5,0.042105263157894736
ES,PR_VWAP_p1,15,2018,94,10,16,-0.06382978723404255
ES,PR_VWAP_p1,15,2019,78,17,19,-0.02564102564102564
ES,PR_VWAP_p1,15,2020,86,14,19,-0.05813953488372093
ES,PR_VWAP_p1,15,2021,105,16,23,-0.06666666666666667
ES,PR_VWAP_p1,15,2022,95,15,19,-0.042105263157894736
ES,PR_VWAP_p1,30,2018,94,17,28,-0.11702127659574468
ES,PR_VWAP_p1,30,2019,78,24,29,-0.0641025641025641
ES,PR_VWAP_p1,30,2020,86,24,28,-0.046511627906976744
ES,PR_VWAP_p1,30,2021,105,26,37,-0.10476190476190476
ES,PR_VWAP_p1,30,2022,95,22,32,-0.10526315789473684
ES,PR_VWAP_p1,60,2018,94,28,38,-0.10638297872340426
ES,PR_VWAP_p1,60,2019,78,31,34,-0.038461538461538464
ES,PR_VWAP_p1,60,2020,86,32,33,-0.011627906976744186
ES,PR_VWAP_p1,60,2021,105,33,43,-0.09523809523809523
ES,PR_VWAP_p1,60,2022,95,31,37,-0.06315789473684211
ES,PR_VWAP_p1,120,2018,94,33,46,-0.13829787234042554
ES,PR_VWAP_p1,120,2019,78,33,41,-0.10256410256410256
ES,PR_VWAP_p1,120,2020,86,38,36,0.023255813953488372
ES,PR_VWAP_p1,120,2021,105,41,49,-0.0761904761904762
ES,PR_VWAP_p1,120,2022,95,37,47,-0.10526315789473684
ES,PR_VWAP_p2,5,2018,76,1,5,-0.05263157894736842
ES,PR_VWAP_p2,5,2019,77,8,11,-0.03896103896103896
ES,PR_VWAP_p2,5,2020,64,7,2,0.078125
ES,PR_VWAP_p2,5,2021,84,10,4,0.07142857142857142
ES,PR_VWAP_p2,5,2022,80,8,6,0.025
ES,PR_VWAP_p2,15,2018,76,11,12,-0.013157894736842105
ES,PR_VWAP_p2,15,2019,77,15,30,-0.19480519480519481
ES,PR_VWAP_p2,15,2020,64,15,10,0.078125
ES,PR_VWAP_p2,15,2021,84,21,11,0.11904761904761904
ES,PR_VWAP_p2,15,2022,80,20,14,0.075
ES,PR_VWAP_p2,30,2018,76,18,19,-0.013157894736842105
ES,PR_VWAP_p2,30,2019,77,21,39,-0.23376623376623376
ES,PR_VWAP_p2,30,2020,64,20,19,0.015625
ES,PR_VWAP_p2,30,2021,84,33,17,0.19047619047619047
ES,PR_VWAP_p2,30,2022,80,23,22,0.0125
ES,PR_VWAP_p2,60,2018,76,26,25,0.013157894736842105
ES,PR_VWAP_p2,60,2019,77,25,42,-0.22077922077922077
ES,PR_VWAP_p2,60,2020,64,27,26,0.015625
ES,PR_VWAP_p2,60,2021,84,41,21,0.23809523809523808
ES,PR_VWAP_p2,60,2022,80,29,34,-0.0625
ES,PR_VWAP_p2,120,2018,76,31,34,-0.039473684210526314
ES,PR_VWAP_p2,120,2019,77,28,44,-0.2077922077922078
ES,PR_VWAP_p2,120,2020,64,29,28,0.015625
ES,PR_VWAP_p2,120,2021,84,46,27,0.2261904761904762
ES,PR_VWAP_p2,120,2022,80,31,38,-0.0875
ES,PR_VWAP_p3,5,2018,55,3,5,-0.03636363636363636
ES,PR_VWAP_p3,5,2019,71,11,6,0.07042253521126761
ES,PR_VWAP_p3,5,2020,61,3,3,0.0
ES,PR_VWAP_p3,5,2021,74,10,7,0.04054054054054054
ES,PR_VWAP_p3,5,2022,48,5,2,0.0625
ES,PR_VWAP_p3,15,2018,55,8,10,-0.03636363636363636
ES,PR_VWAP_p3,15,2019,71,21,10,0.15492957746478872
ES,PR_VWAP_p3,15,2020,61,6,13,-0.11475409836065574
ES,PR_VWAP_p3,15,2021,74,18,12,0.08108108108108109
ES,PR_VWAP_p3,15,2022,48,9,8,0.020833333333333332
ES,PR_VWAP_p3,30,2018,55,10,16,-0.10909090909090909
ES,PR_VWAP_p3,30,2019,71,26,16,0.14084507042253522
ES,PR_VWAP_p3,30,2020,61,12,23,-0.18032786885245902
ES,PR_VWAP_p3,30,2021,74,26,18,0.10810810810810811
ES,PR_VWAP_p3,30,2022,48,14,13,0.020833333333333332
ES,PR_VWAP_p3,60,2018,55,18,24,-0.10909090909090909
ES,PR_VWAP_p3,60,2019,71,33,23,0.14084507042253522
ES,PR_VWAP_p3,60,2020,61,16,30,-0.22950819672131148
ES,PR_VWAP_p3,60,2021,74,33,22,0.14864864864864866
ES,PR_VWAP_p3,60,2022,48,20,18,0.041666666666666664
ES,PR_VWAP_p3,120,2018,55,23,26,-0.05454545454545454
ES,PR_VWAP_p3,120,2019,71,39,27,0.16901408450704225
ES,PR_VWAP_p3,120,2020,61,20,32,-0.19672131147540983
ES,PR_VWAP_p3,120,2021,74,39,24,0.20270270270270271
ES,PR_VWAP_p3,120,2022,48,24,20,0.08333333333333333
ES,lower_N10_ema_k0,5,2018,214,88,89,-0.004672897196261682
ES,lower_N10_ema_k0,5,2019,213,91,94,-0.014084507042253521
ES,lower_N10_ema_k0,5,2020,222,96,97,-0.0045045045045045045
ES,lower_N10_ema_k0,5,2021,211,95,82,0.061611374407582936
ES,lower_N10_ema_k0,5,2022,224,97,84,0.05803571428571429
ES,lower_N10_ema_k0,15,2018,214,88,89,-0.004672897196261682
ES,lower_N10_ema_k0,15,2019,213,92,95,-0.014084507042253521
ES,lower_N10_ema_k0,15,2020,222,97,99,-0.009009009009009009
ES,lower_N10_ema_k0,15,2021,211,97,82,0.07109004739336493
ES,lower_N10_ema_k0,15,2022,224,97,84,0.05803571428571429
ES,lower_N10_ema_k0,30,2018,214,88,89,-0.004672897196261682
ES,lower_N10_ema_k0,30,2019,213,93,96,-0.014084507042253521
ES,lower_N10_ema_k0,30,2020,222,97,99,-0.009009009009009009
ES,lower_N10_ema_k0,30,2021,211,99,82,0.08056872037914692
ES,lower_N10_ema_k0,30,2022,224,97,84,0.05803571428571429
ES,lower_N10_ema_k0,60,2018,214,88,89,-0.004672897196261682
ES,lower_N10_ema_k0,60,2019,213,93,96,-0.014084507042253521
ES,lower_N10_ema_k0,60,2020,222,97,99,-0.009009009009009009
ES,lower_N10_ema_k0,60,2021,211,99,82,0.08056872037914692
ES,lower_N10_ema_k0,60,2022,224,97,84,0.05803571428571429
ES,lower_N10_ema_k0,120,2018,214,88,89,-0.004672897196261682
ES,lower_N10_ema_k0,120,2019,213,93,96,-0.014084507042253521
ES,lower_N10_ema_k0,120,2020,222,97,99,-0.009009009009009009
ES,lower_N10_ema_k0,120,2021,211,99,82,0.08056872037914692
ES,lower_N10_ema_k0,120,2022,224,97,84,0.05803571428571429
ES,lower_N10_ema_k1,5,2018,199,73,88,-0.07537688442211055
ES,lower_N10_ema_k1,5,2019,196,88,78,0.05102040816326531
ES,lower_N10_ema_k1,5,2020,201,85,90,-0.024875621890547265
ES,lower_N10_ema_k1,5,2021,190,91,78,0.06842105263157895
ES,lower_N10_ema_k1,5,2022,217,96,79,0.07834101382488479
ES,lower_N10_ema_k1,15,2018,199,73,89,-0.08040201005025126
ES,lower_N10_ema_k1,15,2019,196,92,79,0.0663265306122449
ES,lower_N10_ema_k1,15,2020,201,85,95,-0.04975124378109453
ES,lower_N10_ema_k1,15,2021,190,91,80,0.05789473684210526
ES,lower_N10_ema_k1,15,2022,217,96,79,0.07834101382488479
ES,lower_N10_ema_k1,30,2018,199,73,89,-0.08040201005025126
ES,lower_N10_ema_k1,30,2019,196,92,80,0.061224489795918366
ES,lower_N10_ema_k1,30,2020,201,85,95,-0.04975124378109453
ES,lower_N10_ema_k1,30,2021,190,92,80,0.06315789473684211
ES,lower_N10_ema_k1,30,2022,217,96,79,0.07834101382488479
ES,lower_N10_ema_k1,60,2018,199,73,89,-0.08040201005025126
ES,lower_N10_ema_k1,60,2019,196,92,80,0.061224489795918366
ES,lower_N10_ema_k1,60,2020,201,85,95,-0.04975124378109453
ES,lower_N10_ema_k1,60,2021,190,92,80,0.06315789473684211
ES,lower_N10_ema_k1,60,2022,217,96,79,0.07834101382488479
ES,lower_N10_ema_k1,120,2018,199,73,89,-0.08040201005025126
ES,lower_N10_ema_k1,120,2019,196,92,80,0.061224489795918366
ES,lower_N10_ema_k1,120,2020,201,85,95,-0.04975124378109453
ES,lower_N10_ema_k1,120,2021,190,92,80,0.06315789473684211
ES,lower_N10_ema_k1,120,2022,217,96,79,0.07834101382488479
ES,lower_N10_ema_k2,5,2018,183,75,84,-0.04918032786885246
ES,lower_N10_ema_k2,5,2019,177,80,65,0.0847457627118644
ES,lower_N10_ema_k2,5,2020,181,76,78,-0.011049723756906077
ES,lower_N10_ema_k2,5,2021,170,64,82,-0.10588235294117647
ES,lower_N10_ema_k2,5,2022,209,83,88,-0.023923444976076555
ES,lower_N10_ema_k2,15,2018,183,76,84,-0.04371584699453552
ES,lower_N10_ema_k2,15,2019,177,82,68,0.07909604519774012
ES,lower_N10_ema_k2,15,2020,181,77,80,-0.016574585635359115
ES,lower_N10_ema_k2,15,2021,170,67,82,-0.08823529411764706
ES,lower_N10_ema_k2,15,2022,209,83,88,-0.023923444976076555
ES,lower_N10_ema_k2,30,2018,183,76,84,-0.04371584699453552
ES,lower_N10_ema_k2,30,2019,177,82,70,0.06779661016949153
ES,lower_N10_ema_k2,30,2020,181,77,81,-0.022099447513812154
ES,lower_N10_ema_k2,30,2021,170,67,82,-0.08823529411764706
ES,lower_N10_ema_k2,30,2022,209,83,88,-0.023923444976076555
ES,lower_N10_ema_k2,60,2018,183,76,84,-0.04371584699453552
ES,lower_N10_ema_k2,60,2019,177,82,70,0.06779661016949153
ES,lower_N10_ema_k2,60,2020,181,77,81,-0.022099447513812154
ES,lower_N10_ema_k2,60,2021,170,67,82,-0.08823529411764706
ES,lower_N10_ema_k2,60,2022,209,83,88,-0.023923444976076555
ES,lower_N10_ema_k2,120,2018,183,76,84,-0.04371584699453552
ES,lower_N10_ema_k2,120,2019,177,82,70,0.06779661016949153
ES,lower_N10_ema_k2,120,2020,181,77,81,-0.022099447513812154
ES,lower_N10_ema_k2,120,2021,170,67,82,-0.08823529411764706
ES,lower_N10_ema_k2,120,2022,209,83,88,-0.023923444976076555
ES,lower_N10_ema_k3,5,2018,167,64,81,-0.10179640718562874
ES,lower_N10_ema_k3,5,2019,167,64,78,-0.08383233532934131
ES,lower_N10_ema_k3,5,2020,164,80,66,0.08536585365853659
ES,lower_N10_ema_k3,5,2021,159,56,81,-0.15723270440251572
ES,lower_N10_ema_k3,5,2022,199,90,76,0.07035175879396985
ES,lower_N10_ema_k3,15,2018,167,64,81,-0.10179640718562874
ES,lower_N10_ema_k3,15,2019,167,64,78,-0.08383233532934131
ES,lower_N10_ema_k3,15,2020,164,80,66,0.08536585365853659
ES,lower_N10_ema_k3,15,2021,159,56,81,-0.15723270440251572
ES,lower_N10_ema_k3,15,2022,199,90,76,0.07035175879396985
ES,lower_N10_ema_k3,30,2018,167,64,81,-0.10179640718562874
ES,lower_N10_ema_k3,30,2019,167,64,78,-0.08383233532934131
ES,lower_N10_ema_k3,30,2020,164,80,66,0.08536585365853659
ES,lower_N10_ema_k3,30,2021,159,56,81,-0.15723270440251572
ES,lower_N10_ema_k3,30,2022,199,90,76,0.07035175879396985
ES,lower_N10_ema_k3,60,2018,167,64,81,-0.10179640718562874
ES,lower_N10_ema_k3,60,2019,167,64,78,-0.08383233532934131
ES,lower_N10_ema_k3,60,2020,164,80,66,0.08536585365853659
ES,lower_N10_ema_k3,60,2021,159,56,81,-0.15723270440251572
ES,lower_N10_ema_k3,60,2022,199,90,76,0.07035175879396985
ES,lower_N10_ema_k3,120,2018,167,64,81,-0.10179640718562874
ES,lower_N10_ema_k3,120,2019,167,64,78,-0.08383233532934131
ES,lower_N10_ema_k3,120,2020,164,80,66,0.08536585365853659
ES,lower_N10_ema_k3,120,2021,159,56,81,-0.15723270440251572
ES,lower_N10_ema_k3,120,2022,199,90,76,0.07035175879396985
ES,lower_N10_mean_k0,5,2018,214,80,101,-0.09813084112149532
ES,lower_N10_mean_k0,5,2019,214,89,97,-0.037383177570093455
ES,lower_N10_mean_k0,5,2020,222,98,95,0.013513513513513514
ES,lower_N10_mean_k0,5,2021,211,97,84,0.061611374407582936
ES,lower_N10_mean_k0,5,2022,225,94,88,0.02666666666666667
ES,lower_N10_mean_k0,15,2018,214,80,101,-0.09813084112149532
ES,lower_N10_mean_k0,15,2019,214,89,98,-0.04205607476635514
ES,lower_N10_mean_k0,15,2020,222,99,96,0.013513513513513514
ES,lower_N10_mean_k0,15,2021,211,100,84,0.07582938388625593
ES,lower_N10_mean_k0,15,2022,225,94,88,0.02666666666666667
ES,lower_N10_mean_k0,30,2018,214,80,101,-0.09813084112149532
ES,lower_N10_mean_k0,30,2019,214,90,99,-0.04205607476635514
ES,lower_N10_mean_k0,30,2020,222,99,96,0.013513513513513514
ES,lower_N10_mean_k0,30,2021,211,101,84,0.08056872037914692
ES,lower_N10_mean_k0,30,2022,225,94,88,0.02666666666666667
ES,lower_N10_mean_k0,60,2018,214,80,101,-0.09813084112149532
ES,lower_N10_mean_k0,60,2019,214,90,99,-0.04205607476635514
ES,lower_N10_mean_k0,60,2020,222,99,96,0.013513513513513514
ES,lower_N10_mean_k0,60,2021,211,101,84,0.08056872037914692
ES,lower_N10_mean_k0,60,2022,225,94,88,0.02666666666666667
ES,lower_N10_mean_k0,120,2018,214,80,101,-0.09813084112149532
ES,lower_N10_mean_k0,120,2019,214,90,99,-0.04205607476635514
ES,lower_N10_mean_k0,120,2020,222,99,96,0.013513513513513514
ES,lower_N10_mean_k0,120,2021,211,101,84,0.08056872037914692
ES,lower_N10_mean_k0,120,2022,225,94,88,0.02666666666666667
ES,lower_N10_mean_k1,5,2018,199,74,89,-0.07537688442211055
ES,lower_N10_mean_k1,5,2019,197,83,85,-0.01015228426395939
ES,lower_N10_mean_k1,5,2020,201,80,96,-0.07960199004975124
ES,lower_N10_mean_k1,5,2021,192,90,79,0.057291666666666664
ES,lower_N10_mean_k1,5,2022,217,101,76,0.1152073732718894
ES,lower_N10_mean_k1,15,2018,199,75,90,-0.07537688442211055
ES,lower_N10_mean_k1,15,2019,197,87,85,0.01015228426395939
ES,lower_N10_mean_k1,15,2020,201,80,100,-0.09950248756218906
ES,lower_N10_mean_k1,15,2021,192,91,81,0.052083333333333336
ES,lower_N10_mean_k1,15,2022,217,101,76,0.1152073732718894
ES,lower_N10_mean_k1,30,2018,199,75,90,-0.07537688442211055
ES,lower_N10_mean_k1,30,2019,197,87,86,0.005076142131979695
ES,lower_N10_mean_k1,30,2020,201,80,100,-0.09950248756218906
ES,lower_N10_mean_k1,30,2021,192,91,81,0.052083333333333336
ES,lower_N10_mean_k1,30,2022,217,101,76,0.1152073732718894
ES,lower_N10_mean_k1,60,2018,199,75,90,-0.07537688442211055
ES,lower_N10_mean_k1,60,2019,197,87,86,0.005076142131979695
ES,lower_N10_mean_k1,60,2020,201,80,100,-0.09950248756218906
ES,lower_N10_mean_k1,60,2021,192,91,81,0.052083333333333336
ES,lower_N10_mean_k1,60,2022,217,101,76,0.1152073732718894
ES,lower_N10_mean_k1,120,2018,199,75,90,-0.07537688442211055
ES,lower_N10_mean_k1,120,2019,197,87,86,0.005076142131979695
ES,lower_N10_mean_k1,120,2020,201,80,100,-0.09950248756218906
ES,lower_N10_mean_k1,120,2021,192,91,81,0.052083333333333336
ES,lower_N10_mean_k1,120,2022,217,101,76,0.1152073732718894
ES,lower_N10_mean_k2,5,2018,183,70,87,-0.09289617486338798
ES,lower_N10_mean_k2,5,2019,178,78,72,0.033707865168539325
ES,lower_N10_mean_k2,5,2020,181,78,77,0.0055248618784530384
ES,lower_N10_mean_k2,5,2021,172,65,80,-0.0872093023255814
ES,lower_N10_mean_k2,5,2022,209,77,92,-0.07177033492822966
ES,lower_N10_mean_k2,15,2018,183,71,87,-0.08743169398907104
ES,lower_N10_mean_k2,15,2019,178,80,73,0.03932584269662921
ES,lower_N10_mean_k2,15,2020,181,79,80,-0.0055248618784530384
ES,lower_N10_mean_k2,15,2021,172,68,81,-0.0755813953488372
ES,lower_N10_mean_k2,15,2022,209,77,92,-0.07177033492822966
ES,lower_N10_mean_k2,30,2018,183,71,87,-0.08743169398907104
ES,lower_N10_mean_k2,30,2019,178,80,74,0.033707865168539325
ES,lower_N10_mean_k2,30,2020,181,79,80,-0.0055248618784530384
ES,lower_N10_mean_k2,30,2021,172,68,81,-0.0755813953488372
ES,lower_N10_mean_k2,30,2022,209,77,92,-0.07177033492822966
ES,lower_N10_mean_k2,60,2018,183,71,87,-0.08743169398907104
ES,lower_N10_mean_k2,60,2019,178,80,74,0.033707865168539325
ES,lower_N10_mean_k2,60,2020,181,79,80,-0.0055248618784530384
ES,lower_N10_mean_k2,60,2021,172,68,81,-0.0755813953488372
ES,lower_N10_mean_k2,60,2022,209,77,92,-0.07177033492822966
ES,lower_N10_mean_k2,120,2018,183,71,87,-0.08743169398907104
ES,lower_N10_mean_k2,120,2019,178,80,74,0.033707865168539325
ES,lower_N10_mean_k2,120,2020,181,79,80,-0.0055248618784530384
ES,lower_N10_mean_k2,120,2021,172,68,81,-0.0755813953488372
ES,lower_N10_mean_k2,120,2022,209,77,92,-0.07177033492822966
ES,lower_N10_mean_k3,5,2018,167,60,84,-0.1437125748502994
ES,lower_N10_mean_k3,5,2019,166,66,76,-0.060240963855421686
ES,lower_N10_mean_k3,5,2020,164,78,63,0.09146341463414634
ES,lower_N10_mean_k3,5,2021,159,56,79,-0.14465408805031446
ES,lower_N10_mean_k3,5,2022,198,84,80,0.020202020202020204
ES,lower_N10_mean_k3,15,2018,167,60,84,-0.1437125748502994
ES,lower_N10_mean_k3,15,2019,166,66,76,-0.060240963855421686
ES,lower_N10_mean_k3,15,2020,164,78,64,0.08536585365853659
ES,lower_N10_mean_k3,15,2021,159,56,79,-0.14465408805031446
ES,lower_N10_mean_k3,15,2022,198,84,81,0.015151515151515152
ES,lower_N10_mean_k3,30,2018,167,60,84,-0.1437125748502994
ES,lower_N10_mean_k3,30,2019,166,66,76,-0.060240963855421686
ES,lower_N10_mean_k3,30,2020,164,78,64,0.08536585365853659
ES,lower_N10_mean_k3,30,2021,159,56,79,-0.14465408805031446
ES,lower_N10_mean_k3,30,2022,198,84,81,0.015151515151515152
ES,lower_N10_mean_k3,60,2018,167,60,84,-0.1437125748502994
ES,lower_N10_mean_k3,60,2019,166,66,76,-0.060240963855421686
ES,lower_N10_mean_k3,60,2020,164,78,64,0.08536585365853659
ES,lower_N10_mean_k3,60,2021,159,56,79,-0.14465408805031446
ES,lower_N10_mean_k3,60,2022,198,84,81,0.015151515151515152
ES,lower_N10_mean_k3,120,2018,167,60,84,-0.1437125748502994
ES,lower_N10_mean_k3,120,2019,166,66,76,-0.060240963855421686
ES,lower_N10_mean_k3,120,2020,164,78,64,0.08536585365853659
ES,lower_N10_mean_k3,120,2021,159,56,79,-0.14465408805031446
ES,lower_N10_mean_k3,120,2022,198,84,81,0.015151515151515152
ES,lower_N10_median_k0,5,2018,220,76,102,-0.11818181818181818
ES,lower_N10_median_k0,5,2019,216,90,101,-0.05092592592592592
ES,lower_N10_median_k0,5,2020,224,96,99,-0.013392857142857142
ES,lower_N10_median_k0,5,2021,214,99,90,0.04205607476635514
ES,lower_N10_median_k0,5,2022,230,91,94,-0.013043478260869565
ES,lower_N10_median_k0,15,2018,220,76,103,-0.12272727272727273
ES,lower_N10_median_k0,15,2019,216,90,101,-0.05092592592592592
ES,lower_N10_median_k0,15,2020,224,96,102,-0.026785714285714284
ES,lower_N10_median_k0,15,2021,214,100,90,0.04672897196261682
ES,lower_N10_median_k0,15,2022,230,91,94,-0.013043478260869565
ES,lower_N10_median_k0,30,2018,220,76,103,-0.12272727272727273
ES,lower_N10_median_k0,30,2019,216,91,102,-0.05092592592592592
ES,lower_N10_median_k0,30,2020,224,97,102,-0.022321428571428572
ES,lower_N10_median_k0,30,2021,214,100,90,0.04672897196261682
ES,lower_N10_median_k0,30,2022,230,91,94,-0.013043478260869565
ES,lower_N10_median_k0,60,2018,220,76,103,-0.12272727272727273
ES,lower_N10_median_k0,60,2019,216,91,102,-0.05092592592592592
ES,lower_N10_median_k0,60,2020,224,97,102,-0.022321428571428572
ES,lower_N10_median_k0,60,2021,214,100,90,0.04672897196261682
ES,lower_N10_median_k0,60,2022,230,91,94,-0.013043478260869565
ES,lower_N10_median_k0,120,2018,220,76,103,-0.12272727272727273
ES,lower_N10_median_k0,120,2019,216,91,102,-0.05092592592592592
ES,lower_N10_median_k0,120,2020,224,97,102,-0.022321428571428572
ES,lower_N10_median_k0,120,2021,214,100,90,0.04672897196261682
ES,lower_N10_median_k0,120,2022,230,91,94,-0.013043478260869565
ES,lower_N10_median_k1,5,2018,204,75,99,-0.11764705882352941
ES,lower_N10_median_k1,5,2019,199,78,88,-0.05025125628140704
ES,lower_N10_median_k1,5,2020,204,76,92,-0.0784313725490196
ES,lower_N10_median_k1,5,2021,195,88,84,0.020512820512820513
ES,lower_N10_median_k1,5,2022,218,101,78,0.10550458715596331
ES,lower_N10_median_k1,15,2018,204,75,99,-0.11764705882352941
ES,lower_N10_median_k1,15,2019,199,80,89,-0.04522613065326633
ES,lower_N10_median_k1,15,2020,204,80,95,-0.07352941176470588
ES,lower_N10_median_k1,15,2021,195,89,84,0.02564102564102564
ES,lower_N10_median_k1,15,2022,218,101,79,0.10091743119266056
ES,lower_N10_median_k1,30,2018,204,75,99,-0.11764705882352941
ES,lower_N10_median_k1,30,2019,199,81,89,-0.04020100502512563
ES,lower_N10_median_k1,30,2020,204,80,96,-0.0784313725490196
ES,lower_N10_median_k1,30,2021,195,89,84,0.02564102564102564
ES,lower_N10_median_k1,30,2022,218,101,79,0.10091743119266056
ES,lower_N10_median_k1,60,2018,204,75,99,-0.11764705882352941
ES,lower_N10_median_k1,60,2019,199,81,89,-0.04020100502512563
ES,lower_N10_median_k1,60,2020,204,80,96,-0.0784313725490196
ES,lower_N10_median_k1,60,2021,195,90,84,0.03076923076923077
ES,lower_N10_median_k1,60,2022,218,101,79,0.10091743119266056
ES,lower_N10_median_k1,120,2018,204,75,99,-0.11764705882352941
ES,lower_N10_median_k1,120,2019,199,81,89,-0.04020100502512563
ES,lower_N10_median_k1,120,2020,204,80,96,-0.0784313725490196
ES,lower_N10_median_k1,120,2021,195,90,84,0.03076923076923077
ES,lower_N10_median_k1,120,2022,218,101,79,0.10091743119266056
ES,lower_N10_median_k2,5,2018,185,75,87,-0.06486486486486487
ES,lower_N10_median_k2,5,2019,181,79,76,0.016574585635359115
ES,lower_N10_median_k2,5,2020,190,80,82,-0.010526315789473684
ES,lower_N10_median_k2,5,2021,174,71,75,-0.022988505747126436
ES,lower_N10_median_k2,5,2022,212,82,90,-0.03773584905660377
ES,lower_N10_median_k2,15,2018,185,75,88,-0.07027027027027027
ES,lower_N10_median_k2,15,2019,181,81,77,0.022099447513812154
ES,lower_N10_median_k2,15,2020,190,81,84,-0.015789473684210527
ES,lower_N10_median_k2,15,2021,174,71,77,-0.034482758620689655
ES,lower_N10_median_k2,15,2022,212,82,90,-0.03773584905660377
ES,lower_N10_median_k2,30,2018,185,75,88,-0.07027027027027027
ES,lower_N10_median_k2,30,2019,181,81,78,0.016574585635359115
ES,lower_N10_median_k2,30,2020,190,82,84,-0.010526315789473684
ES,lower_N10_median_k2,30,2021,174,71,77,-0.034482758620689655
ES,lower_N10_median_k2,30,2022,212,82,90,-0.03773584905660377
ES,lower_N10_median_k2,60,2018,185,75,88,-0.07027027027027027
ES,lower_N10_median_k2,60,2019,181,81,78,0.016574585635359115
ES,lower_N10_median_k2,60,2020,190,82,84,-0.010526315789473684
ES,lower_N10_median_k2,60,2021,174,71,77,-0.034482758620689655
ES,lower_N10_median_k2,60,2022,212,82,90,-0.03773584905660377
ES,lower_N10_median_k2,120,2018,185,75,88,-0.07027027027027027
ES,lower_N10_median_k2,120,2019,181,81,78,0.016574585635359115
ES,lower_N10_median_k2,120,2020,190,82,84,-0.010526315789473684
ES,lower_N10_median_k2,120,2021,174,71,77,-0.034482758620689655
ES,lower_N10_median_k2,120,2022,212,82,90,-0.03773584905660377
ES,lower_N10_median_k3,5,2018,169,60,84,-0.14201183431952663
ES,lower_N10_median_k3,5,2019,168,65,78,-0.07738095238095238
ES,lower_N10_median_k3,5,2020,167,78,68,0.059880239520958084
ES,lower_N10_median_k3,5,2021,164,66,76,-0.06097560975609756
ES,lower_N10_median_k3,5,2022,201,77,86,-0.04477611940298507
ES,lower_N10_median_k3,15,2018,169,60,84,-0.14201183431952663
ES,lower_N10_median_k3,15,2019,168,65,79,-0.08333333333333333
ES,lower_N10_median_k3,15,2020,167,78,69,0.05389221556886228
ES,lower_N10_median_k3,15,2021,164,66,77,-0.06707317073170732
ES,lower_N10_median_k3,15,2022,201,78,86,-0.03980099502487562
ES,lower_N10_median_k3,30,2018,169,60,84,-0.14201183431952663
ES,lower_N10_median_k3,30,2019,168,65,79,-0.08333333333333333
ES,lower_N10_median_k3,30,2020,167,78,69,0.05389221556886228
ES,lower_N10_median_k3,30,2021,164,66,77,-0.06707317073170732
ES,lower_N10_median_k3,30,2022,201,78,86,-0.03980099502487562
ES,lower_N10_median_k3,60,2018,169,60,84,-0.14201183431952663
ES,lower_N10_median_k3,60,2019,168,65,79,-0.08333333333333333
ES,lower_N10_median_k3,60,2020,167,78,69,0.05389221556886228
ES,lower_N10_median_k3,60,2021,164,66,77,-0.06707317073170732
ES,lower_N10_median_k3,60,2022,201,78,86,-0.03980099502487562
ES,lower_N10_median_k3,120,2018,169,60,84,-0.14201183431952663
ES,lower_N10_median_k3,120,2019,168,65,79,-0.08333333333333333
ES,lower_N10_median_k3,120,2020,167,78,69,0.05389221556886228
ES,lower_N10_median_k3,120,2021,164,66,77,-0.06707317073170732
ES,lower_N10_median_k3,120,2022,201,78,86,-0.03980099502487562
ES,lower_N20_ema_k0,5,2018,206,79,96,-0.0825242718446602
ES,lower_N20_ema_k0,5,2019,215,92,99,-0.03255813953488372
ES,lower_N20_ema_k0,5,2020,217,96,95,0.004608294930875576
ES,lower_N20_ema_k0,5,2021,215,98,99,-0.004651162790697674
ES,lower_N20_ema_k0,5,2022,224,91,92,-0.004464285714285714
ES,lower_N20_ema_k0,15,2018,206,79,97,-0.08737864077669903
ES,lower_N20_ema_k0,15,2019,215,95,99,-0.018604651162790697
ES,lower_N20_ema_k0,15,2020,217,98,98,0.0
ES,lower_N20_ema_k0,15,2021,215,99,100,-0.004651162790697674
ES,lower_N20_ema_k0,15,2022,224,91,92,-0.004464285714285714
ES,lower_N20_ema_k0,30,2018,206,79,97,-0.08737864077669903
ES,lower_N20_ema_k0,30,2019,215,95,99,-0.018604651162790697
ES,lower_N20_ema_k0,30,2020,217,98,98,0.0
ES,lower_N20_ema_k0,30,2021,215,100,100,0.0
ES,lower_N20_ema_k0,30,2022,224,91,92,-0.004464285714285714
ES,lower_N20_ema_k0,60,2018,206,79,97,-0.08737864077669903
ES,lower_N20_ema_k0,60,2019,215,95,99,-0.018604651162790697
ES,lower_N20_ema_k0,60,2020,217,98,98,0.0
ES,lower_N20_ema_k0,60,2021,215,100,100,0.0
ES,lower_N20_ema_k0,60,2022,224,91,92,-0.004464285714285714
ES,lower_N20_ema_k0,120,2018,206,79,97,-0.08737864077669903
ES,lower_N20_ema_k0,120,2019,215,95,99,-0.018604651162790697
ES,lower_N20_ema_k0,120,2020,217,98,98,0.0
ES,lower_N20_ema_k0,120,2021,215,100,100,0.0
ES,lower_N20_ema_k0,120,2022,224,91,92,-0.004464285714285714
ES,lower_N20_ema_k1,5,2018,190,72,91,-0.1
ES,lower_N20_ema_k1,5,2019,196,85,87,-0.01020408163265306
ES,lower_N20_ema_k1,5,2020,201,82,98,-0.07960199004975124
ES,lower_N20_ema_k1,5,2021,187,88,82,0.03208556149732621
ES,lower_N20_ema_k1,5,2022,216,102,75,0.125
ES,lower_N20_ema_k1,15,2018,190,73,93,-0.10526315789473684
ES,lower_N20_ema_k1,15,2019,196,87,88,-0.00510204081632653
ES,lower_N20_ema_k1,15,2020,201,85,101,-0.07960199004975124
ES,lower_N20_ema_k1,15,2021,187,88,82,0.03208556149732621
ES,lower_N20_ema_k1,15,2022,216,102,75,0.125
ES,lower_N20_ema_k1,30,2018,190,73,94,-0.11052631578947368
ES,lower_N20_ema_k1,30,2019,196,87,89,-0.01020408163265306
ES,lower_N20_ema_k1,30,2020,201,85,101,-0.07960199004975124
ES,lower_N20_ema_k1,30,2021,187,88,82,0.03208556149732621
ES,lower_N20_ema_k1,30,2022,216,102,75,0.125
ES,lower_N20_ema_k1,60,2018,190,73,94,-0.11052631578947368
ES,lower_N20_ema_k1,60,2019,196,87,90,-0.015306122448979591
ES,lower_N20_ema_k1,60,2020,201,85,101,-0.07960199004975124
ES,lower_N20_ema_k1,60,2021,187,88,82,0.03208556149732621
ES,lower_N20_ema_k1,60,2022,216,102,75,0.125
ES,lower_N20_ema_k1,120,2018,190,73,94,-0.11052631578947368
ES,lower_N20_ema_k1,120,2019,196,87,90,-0.015306122448979591
ES,lower_N20_ema_k1,120,2020,201,85,101,-0.07960199004975124
ES,lower_N20_ema_k1,120,2021,187,88,82,0.03208556149732621
ES,lower_N20_ema_k1,120,2022,216,102,75,0.125
ES,lower_N20_ema_k2,5,2018,168,69,77,-0.047619047619047616
ES,lower_N20_ema_k2,5,2019,173,79,73,0.03468208092485549
ES,lower_N20_ema_k2,5,2020,184,76,89,-0.07065217391304347
ES,lower_N20_ema_k2,5,2021,166,65,78,-0.0783132530120482
ES,lower_N20_ema_k2,5,2022,206,84,90,-0.02912621359223301
ES,lower_N20_ema_k2,15,2018,168,70,77,-0.041666666666666664
ES,lower_N20_ema_k2,15,2019,173,82,75,0.04046242774566474
ES,lower_N20_ema_k2,15,2020,184,77,92,-0.08152173913043478
ES,lower_N20_ema_k2,15,2021,166,65,78,-0.0783132530120482
ES,lower_N20_ema_k2,15,2022,206,84,90,-0.02912621359223301
ES,lower_N20_ema_k2,30,2018,168,70,77,-0.041666666666666664
ES,lower_N20_ema_k2,30,2019,173,82,75,0.04046242774566474
ES,lower_N20_ema_k2,30,2020,184,77,92,-0.08152173913043478
ES,lower_N20_ema_k2,30,2021,166,65,78,-0.0783132530120482
ES,lower_N20_ema_k2,30,2022,206,84,90,-0.02912621359223301
ES,lower_N20_ema_k2,60,2018,168,70,77,-0.041666666666666664
ES,lower_N20_ema_k2,60,2019,173,82,75,0.04046242774566474
ES,lower_N20_ema_k2,60,2020,184,77,92,-0.08152173913043478
ES,lower_N20_ema_k2,60,2021,166,65,78,-0.0783132530120482
ES,lower_N20_ema_k2,60,2022,206,84,90,-0.02912621359223301
ES,lower_N20_ema_k2,120,2018,168,70,77,-0.041666666666666664
ES,lower_N20_ema_k2,120,2019,173,82,75,0.04046242774566474
ES,lower_N20_ema_k2,120,2020,184,77,92,-0.08152173913043478
ES,lower_N20_ema_k2,120,2021,166,65,78,-0.0783132530120482
ES,lower_N20_ema_k2,120,2022,206,84,90,-0.02912621359223301
ES,lower_N20_ema_k3,5,2018,158,68,74,-0.0379746835443038
ES,lower_N20_ema_k3,5,2019,161,74,70,0.024844720496894408
ES,lower_N20_ema_k3,5,2020,156,70,64,0.038461538461538464
ES,lower_N20_ema_k3,5,2021,154,69,70,-0.006493506493506494
ES,lower_N20_ema_k3,5,2022,201,84,88,-0.01990049751243781
ES,lower_N20_ema_k3,15,2018,158,68,74,-0.0379746835443038
ES,lower_N20_ema_k3,15,2019,161,74,73,0.006211180124223602
ES,lower_N20_ema_k3,15,2020,156,72,67,0.03205128205128205
ES,lower_N20_ema_k3,15,2021,154,70,70,0.0
ES,lower_N20_ema_k3,15,2022,201,84,88,-0.01990049751243781
ES,lower_N20_ema_k3,30,2018,158,68,74,-0.0379746835443038
ES,lower_N20_ema_k3,30,2019,161,74,73,0.006211180124223602
ES,lower_N20_ema_k3,30,2020,156,72,67,0.03205128205128205
ES,lower_N20_ema_k3,30,2021,154,70,70,0.0
ES,lower_N20_ema_k3,30,2022,201,84,88,-0.01990049751243781
ES,lower_N20_ema_k3,60,2018,158,68,74,-0.0379746835443038
ES,lower_N20_ema_k3,60,2019,161,74,73,0.006211180124223602
ES,lower_N20_ema_k3,60,2020,156,72,67,0.03205128205128205
ES,lower_N20_ema_k3,60,2021,154,70,70,0.0
ES,lower_N20_ema_k3,60,2022,201,84,88,-0.01990049751243781
ES,lower_N20_ema_k3,120,2018,158,68,74,-0.0379746835443038
ES,lower_N20_ema_k3,120,2019,161,74,73,0.006211180124223602
ES,lower_N20_ema_k3,120,2020,156,72,67,0.03205128205128205
ES,lower_N20_ema_k3,120,2021,154,70,70,0.0
ES,lower_N20_ema_k3,120,2022,201,84,88,-0.01990049751243781
ES,lower_N20_mean_k0,5,2018,206,78,100,-0.10679611650485436
ES,lower_N20_mean_k0,5,2019,215,92,100,-0.037209302325581395
ES,lower_N20_mean_k0,5,2020,219,94,99,-0.0228310502283105
ES,lower_N20_mean_k0,5,2021,214,101,94,0.03271028037383177
ES,lower_N20_mean_k0,5,2022,225,89,99,-0.044444444444444446
ES,lower_N20_mean_k0,15,2018,206,79,100,-0.10194174757281553
ES,lower_N20_mean_k0,15,2019,215,96,101,-0.023255813953488372
ES,lower_N20_mean_k0,15,2020,219,95,104,-0.0410958904109589
ES,lower_N20_mean_k0,15,2021,214,101,97,0.018691588785046728
ES,lower_N20_mean_k0,15,2022,225,89,99,-0.044444444444444446
ES,lower_N20_mean_k0,30,2018,206,79,100,-0.10194174757281553
ES,lower_N20_mean_k0,30,2019,215,96,101,-0.023255813953488372
ES,lower_N20_mean_k0,30,2020,219,95,105,-0.045662100456621
ES,lower_N20_mean_k0,30,2021,214,102,97,0.02336448598130841
ES,lower_N20_mean_k0,30,2022,225,89,99,-0.044444444444444446
ES,lower_N20_mean_k0,60,2018,206,79,100,-0.10194174757281553
ES,lower_N20_mean_k0,60,2019,215,96,101,-0.023255813953488372
ES,lower_N20_mean_k0,60,2020,219,95,105,-0.045662100456621
ES,lower_N20_mean_k0,60,2021,214,102,97,0.02336448598130841
ES,lower_N20_mean_k0,60,2022,225,89,99,-0.044444444444444446
ES,lower_N20_mean_k0,120,2018,206,79,100,-0.10194174757281553
ES,lower_N20_mean_k0,120,2019,215,96,101,-0.023255813953488372
ES,lower_N20_mean_k0,120,2020,219,95,105,-0.045662100456621
ES,lower_N20_mean_k0,120,2021,214,102,97,0.02336448598130841
ES,lower_N20_mean_k0,120,2022,225,89,99,-0.044444444444444446
ES,lower_N20_mean_k1,5,2018,186,68,92,-0.12903225806451613
ES,lower_N20_mean_k1,5,2019,194,89,79,0.05154639175257732
ES,lower_N20_mean_k1,5,2020,199,81,95,-0.07035175879396985
ES,lower_N20_mean_k1,5,2021,189,91,79,0.06349206349206349
ES,lower_N20_mean_k1,5,2022,216,111,68,0.19907407407407407
ES,lower_N20_mean_k1,15,2018,186,69,93,-0.12903225806451613
ES,lower_N20_mean_k1,15,2019,194,91,81,0.05154639175257732
ES,lower_N20_mean_k1,15,2020,199,85,97,-0.06030150753768844
ES,lower_N20_mean_k1,15,2021,189,91,80,0.0582010582010582
ES,lower_N20_mean_k1,15,2022,216,111,68,0.19907407407407407
ES,lower_N20_mean_k1,30,2018,186,69,93,-0.12903225806451613
ES,lower_N20_mean_k1,30,2019,194,91,82,0.04639175257731959
ES,lower_N20_mean_k1,30,2020,199,87,97,-0.05025125628140704
ES,lower_N20_mean_k1,30,2021,189,91,80,0.0582010582010582
ES,lower_N20_mean_k1,30,2022,216,111,68,0.19907407407407407
ES,lower_N20_mean_k1,60,2018,186,69,93,-0.12903225806451613
ES,lower_N20_mean_k1,60,2019,194,91,83,0.041237113402061855
ES,lower_N20_mean_k1,60,2020,199,87,97,-0.05025125628140704
ES,lower_N20_mean_k1,60,2021,189,91,80,0.0582010582010582
ES,lower_N20_mean_k1,60,2022,216,111,68,0.19907407407407407
ES,lower_N20_mean_k1,120,2018,186,69,93,-0.12903225806451613
ES,lower_N20_mean_k1,120,2019,194,91,83,0.041237113402061855
ES,lower_N20_mean_k1,120,2020,199,87,97,-0.05025125628140704
ES,lower_N20_mean_k1,120,2021,189,91,80,0.0582010582010582
ES,lower_N20_mean_k1,120,2022,216,111,68,0.19907407407407407
ES,lower_N20_mean_k2,5,2018,169,64,85,-0.1242603550295858
ES,lower_N20_mean_k2,5,2019,174,78,78,0.0
ES,lower_N20_mean_k2,5,2020,184,76,85,-0.04891304347826087
ES,lower_N20_mean_k2,5,2021,168,71,76,-0.02976190476190476
ES,lower_N20_mean_k2,5,2022,206,87,89,-0.009708737864077669
ES,lower_N20_mean_k2,15,2018,169,65,85,-0.11834319526627218
ES,lower_N20_mean_k2,15,2019,174,81,78,0.017241379310344827
ES,lower_N20_mean_k2,15,2020,184,78,86,-0.043478260869565216
ES,lower_N20_mean_k2,15,2021,168,71,76,-0.02976190476190476
ES,lower_N20_mean_k2,15,2022,206,87,89,-0.009708737864077669
ES,lower_N20_mean_k2,30,2018,169,65,85,-0.11834319526627218
ES,lower_N20_mean_k2,30,2019,174,81,78,0.017241379310344827
ES,lower_N20_mean_k2,30,2020,184,79,86,-0.03804347826086957
ES,lower_N20_mean_k2,30,2021,168,71,76,-0.02976190476190476
ES,lower_N20_mean_k2,30,2022,206,87,89,-0.009708737864077669
ES,lower_N20_mean_k2,60,2018,169,65,85,-0.11834319526627218
ES,lower_N20_mean_k2,60,2019,174,81,78,0.017241379310344827
ES,lower_N20_mean_k2,60,2020,184,79,86,-0.03804347826086957
ES,lower_N20_mean_k2,60,2021,168,71,76,-0.02976190476190476
ES,lower_N20_mean_k2,60,2022,206,87,89,-0.009708737864077669
ES,lower_N20_mean_k2,120,2018,169,65,85,-0.11834319526627218
ES,lower_N20_mean_k2,120,2019,174,81,78,0.017241379310344827
ES,lower_N20_mean_k2,120,2020,184,79,86,-0.03804347826086957
ES,lower_N20_mean_k2,120,2021,168,71,76,-0.02976190476190476
ES,lower_N20_mean_k2,120,2022,206,87,89,-0.009708737864077669
ES,lower_N20_mean_k3,5,2018,156,65,73,-0.05128205128205128
ES,lower_N20_mean_k3,5,2019,161,70,74,-0.024844720496894408
ES,lower_N20_mean_k3,5,2020,158,71,65,0.0379746835443038
ES,lower_N20_mean_k3,5,2021,154,67,68,-0.006493506493506494
ES,lower_N20_mean_k3,5,2022,200,81,92,-0.055
ES,lower_N20_mean_k3,15,2018,156,65,74,-0.057692307692307696
ES,lower_N20_mean_k3,15,2019,161,70,77,-0.043478260869565216
ES,lower_N20_mean_k3,15,2020,158,73,68,0.03164556962025317
ES,lower_N20_mean_k3,15,2021,154,68,68,0.0
ES,lower_N20_mean_k3,15,2022,200,81,93,-0.06
ES,lower_N20_mean_k3,30,2018,156,65,74,-0.057692307692307696
ES,lower_N20_mean_k3,30,2019,161,70,77,-0.043478260869565216
ES,lower_N20_mean_k3,30,2020,158,73,68,0.03164556962025317
ES,lower_N20_mean_k3,30,2021,154,68,68,0.0
ES,lower_N20_mean_k3,30,2022,200,81,93,-0.06
ES,lower_N20_mean_k3,60,2018,156,65,74,-0.057692307692307696
ES,lower_N20_mean_k3,60,2019,161,70,77,-0.043478260869565216
ES,lower_N20_mean_k3,60,2020,158,73,68,0.03164556962025317
ES,lower_N20_mean_k3,60,2021,154,68,68,0.0
ES,lower_N20_mean_k3,60,2022,200,81,93,-0.06
ES,lower_N20_mean_k3,120,2018,156,65,74,-0.057692307692307696
ES,lower_N20_mean_k3,120,2019,161,70,77,-0.043478260869565216
ES,lower_N20_mean_k3,120,2020,158,73,68,0.03164556962025317
ES,lower_N20_mean_k3,120,2021,154,68,68,0.0
ES,lower_N20_mean_k3,120,2022,200,81,93,-0.06
ES,lower_N20_median_k0,5,2018,214,76,101,-0.11682242990654206
ES,lower_N20_median_k0,5,2019,221,89,107,-0.08144796380090498
ES,lower_N20_median_k0,5,2020,221,95,98,-0.013574660633484163
ES,lower_N20_median_k0,5,2021,217,102,95,0.03225806451612903
ES,lower_N20_median_k0,5,2022,231,92,94,-0.008658008658008658
ES,lower_N20_median_k0,15,2018,214,76,103,-0.1261682242990654
ES,lower_N20_median_k0,15,2019,221,91,108,-0.07692307692307693
ES,lower_N20_median_k0,15,2020,221,97,101,-0.01809954751131222
ES,lower_N20_median_k0,15,2021,217,102,96,0.027649769585253458
ES,lower_N20_median_k0,15,2022,231,92,94,-0.008658008658008658
ES,lower_N20_median_k0,30,2018,214,76,103,-0.1261682242990654
ES,lower_N20_median_k0,30,2019,221,91,108,-0.07692307692307693
ES,lower_N20_median_k0,30,2020,221,97,101,-0.01809954751131222
ES,lower_N20_median_k0,30,2021,217,102,97,0.02304147465437788
ES,lower_N20_median_k0,30,2022,231,92,94,-0.008658008658008658
ES,lower_N20_median_k0,60,2018,214,76,103,-0.1261682242990654
ES,lower_N20_median_k0,60,2019,221,91,108,-0.07692307692307693
ES,lower_N20_median_k0,60,2020,221,97,101,-0.01809954751131222
ES,lower_N20_median_k0,60,2021,217,102,97,0.02304147465437788
ES,lower_N20_median_k0,60,2022,231,92,94,-0.008658008658008658
ES,lower_N20_median_k0,120,2018,214,76,103,-0.1261682242990654
ES,lower_N20_median_k0,120,2019,221,91,108,-0.07692307692307693
ES,lower_N20_median_k0,120,2020,221,97,101,-0.01809954751131222
ES,lower_N20_median_k0,120,2021,217,102,97,0.02304147465437788
ES,lower_N20_median_k0,120,2022,231,92,94,-0.008658008658008658
ES,lower_N20_median_k1,5,2018,194,77,91,-0.07216494845360824
ES,lower_N20_median_k1,5,2019,198,79,87,-0.04040404040404041
ES,lower_N20_median_k1,5,2020,206,81,104,-0.11165048543689321
ES,lower_N20_median_k1,5,2021,194,98,78,0.10309278350515463
ES,lower_N20_median_k1,5,2022,218,97,84,0.05963302752293578
ES,lower_N20_median_k1,15,2018,194,77,93,-0.08247422680412371
ES,lower_N20_median_k1,15,2019,198,82,88,-0.030303030303030304
ES,lower_N20_median_k1,15,2020,206,82,106,-0.11650485436893204
ES,lower_N20_median_k1,15,2021,194,98,80,0.09278350515463918
ES,lower_N20_median_k1,15,2022,218,97,84,0.05963302752293578
ES,lower_N20_median_k1,30,2018,194,77,94,-0.08762886597938144
ES,lower_N20_median_k1,30,2019,198,82,88,-0.030303030303030304
ES,lower_N20_median_k1,30,2020,206,82,106,-0.11650485436893204
ES,lower_N20_median_k1,30,2021,194,98,80,0.09278350515463918
ES,lower_N20_median_k1,30,2022,218,97,84,0.05963302752293578
ES,lower_N20_median_k1,60,2018,194,77,94,-0.08762886597938144
ES,lower_N20_median_k1,60,2019,198,82,88,-0.030303030303030304
ES,lower_N20_median_k1,60,2020,206,82,106,-0.11650485436893204
ES,lower_N20_median_k1,60,2021,194,98,80,0.09278350515463918
ES,lower_N20_median_k1,60,2022,218,97,84,0.05963302752293578
ES,lower_N20_median_k1,120,2018,194,77,94,-0.08762886597938144
ES,lower_N20_median_k1,120,2019,198,82,88,-0.030303030303030304
ES,lower_N20_median_k1,120,2020,206,82,106,-0.11650485436893204
ES,lower_N20_median_k1,120,2021,194,98,80,0.09278350515463918
ES,lower_N20_median_k1,120,2022,218,97,84,0.05963302752293578
ES,lower_N20_median_k2,5,2018,172,66,84,-0.10465116279069768
ES,lower_N20_median_k2,5,2019,178,78,80,-0.011235955056179775
ES,lower_N20_median_k2,5,2020,185,76,85,-0.04864864864864865
ES,lower_N20_median_k2,5,2021,170,64,82,-0.10588235294117647
ES,lower_N20_median_k2,5,2022,207,92,85,0.033816425120772944
ES,lower_N20_median_k2,15,2018,172,68,84,-0.09302325581395349
ES,lower_N20_median_k2,15,2019,178,78,81,-0.016853932584269662
ES,lower_N20_median_k2,15,2020,185,78,90,-0.06486486486486487
ES,lower_N20_median_k2,15,2021,170,64,85,-0.12352941176470589
ES,lower_N20_median_k2,15,2022,207,92,85,0.033816425120772944
ES,lower_N20_median_k2,30,2018,172,68,84,-0.09302325581395349
ES,lower_N20_median_k2,30,2019,178,78,81,-0.016853932584269662
ES,lower_N20_median_k2,30,2020,185,79,90,-0.05945945945945946
ES,lower_N20_median_k2,30,2021,170,64,85,-0.12352941176470589
ES,lower_N20_median_k2,30,2022,207,92,85,0.033816425120772944
ES,lower_N20_median_k2,60,2018,172,68,84,-0.09302325581395349
ES,lower_N20_median_k2,60,2019,178,78,81,-0.016853932584269662
ES,lower_N20_median_k2,60,2020,185,79,90,-0.05945945945945946
ES,lower_N20_median_k2,60,2021,170,64,85,-0.12352941176470589
ES,lower_N20_median_k2,60,2022,207,92,85,0.033816425120772944
ES,lower_N20_median_k2,120,2018,172,68,84,-0.09302325581395349
ES,lower_N20_median_k2,120,2019,178,78,81,-0.016853932584269662
ES,lower_N20_median_k2,120,2020,185,79,90,-0.05945945945945946
ES,lower_N20_median_k2,120,2021,170,64,85,-0.12352941176470589
ES,lower_N20_median_k2,120,2022,207,92,85,0.033816425120772944
ES,lower_N20_median_k3,5,2018,160,63,81,-0.1125
ES,lower_N20_median_k3,5,2019,164,72,74,-0.012195121951219513
ES,lower_N20_median_k3,5,2020,161,69,66,0.018633540372670808
ES,lower_N20_median_k3,5,2021,155,74,57,0.10967741935483871
ES,lower_N20_median_k3,5,2022,202,77,89,-0.0594059405940594
ES,lower_N20_median_k3,15,2018,160,63,83,-0.125
ES,lower_N20_median_k3,15,2019,164,72,76,-0.024390243902439025
ES,lower_N20_median_k3,15,2020,161,72,70,0.012422360248447204
ES,lower_N20_median_k3,15,2021,155,74,57,0.10967741935483871
ES,lower_N20_median_k3,15,2022,202,78,89,-0.054455445544554455
ES,lower_N20_median_k3,30,2018,160,63,83,-0.125
ES,lower_N20_median_k3,30,2019,164,72,76,-0.024390243902439025
ES,lower_N20_median_k3,30,2020,161,72,70,0.012422360248447204
ES,lower_N20_median_k3,30,2021,155,74,57,0.10967741935483871
ES,lower_N20_median_k3,30,2022,202,78,89,-0.054455445544554455
ES,lower_N20_median_k3,60,2018,160,63,83,-0.125
ES,lower_N20_median_k3,60,2019,164,72,76,-0.024390243902439025
ES,lower_N20_median_k3,60,2020,161,72,70,0.012422360248447204
ES,lower_N20_median_k3,60,2021,155,74,57,0.10967741935483871
ES,lower_N20_median_k3,60,2022,202,78,89,-0.054455445544554455
ES,lower_N20_median_k3,120,2018,160,63,83,-0.125
ES,lower_N20_median_k3,120,2019,164,72,76,-0.024390243902439025
ES,lower_N20_median_k3,120,2020,161,72,70,0.012422360248447204
ES,lower_N20_median_k3,120,2021,155,74,57,0.10967741935483871
ES,lower_N20_median_k3,120,2022,202,78,89,-0.054455445544554455
ES,lower_N5_ema_k0,5,2018,220,79,87,-0.03636363636363636
ES,lower_N5_ema_k0,5,2019,213,84,90,-0.028169014084507043
ES,lower_N5_ema_k0,5,2020,220,91,94,-0.013636363636363636
ES,lower_N5_ema_k0,5,2021,212,91,93,-0.009433962264150943
ES,lower_N5_ema_k0,5,2022,225,89,84,0.022222222222222223
ES,lower_N5_ema_k0,15,2018,220,80,87,-0.031818181818181815
ES,lower_N5_ema_k0,15,2019,213,86,91,-0.023474178403755867
ES,lower_N5_ema_k0,15,2020,220,92,97,-0.022727272727272728
ES,lower_N5_ema_k0,15,2021,212,92,93,-0.0047169811320754715
ES,lower_N5_ema_k0,15,2022,225,89,84,0.022222222222222223
ES,lower_N5_ema_k0,30,2018,220,80,87,-0.031818181818181815
ES,lower_N5_ema_k0,30,2019,213,87,91,-0.018779342723004695
ES,lower_N5_ema_k0,30,2020,220,92,97,-0.022727272727272728
ES,lower_N5_ema_k0,30,2021,212,92,93,-0.0047169811320754715
ES,lower_N5_ema_k0,30,2022,225,89,84,0.022222222222222223
ES,lower_N5_ema_k0,60,2018,220,80,87,-0.031818181818181815
ES,lower_N5_ema_k0,60,2019,213,87,91,-0.018779342723004695
ES,lower_N5_ema_k0,60,2020,220,92,97,-0.022727272727272728
ES,lower_N5_ema_k0,60,2021,212,92,93,-0.0047169811320754715
ES,lower_N5_ema_k0,60,2022,225,89,84,0.022222222222222223
ES,lower_N5_ema_k0,120,2018,220,80,87,-0.031818181818181815
ES,lower_N5_ema_k0,120,2019,213,87,91,-0.018779342723004695
ES,lower_N5_ema_k0,120,2020,220,92,97,-0.022727272727272728
ES,lower_N5_ema_k0,120,2021,212,92,93,-0.0047169811320754715
ES,lower_N5_ema_k0,120,2022,225,89,84,0.022222222222222223
ES,lower_N5_ema_k1,5,2018,204,71,88,-0.08333333333333333
ES,lower_N5_ema_k1,5,2019,195,71,84,-0.06666666666666667
ES,lower_N5_ema_k1,5,2020,207,80,93,-0.06280193236714976
ES,lower_N5_ema_k1,5,2021,192,90,78,0.0625
ES,lower_N5_ema_k1,5,2022,219,89,78,0.0502283105022831
ES,lower_N5_ema_k1,15,2018,204,74,89,-0.07352941176470588
ES,lower_N5_ema_k1,15,2019,195,73,86,-0.06666666666666667
ES,lower_N5_ema_k1,15,2020,207,81,95,-0.06763285024154589
ES,lower_N5_ema_k1,15,2021,192,90,79,0.057291666666666664
ES,lower_N5_ema_k1,15,2022,219,89,78,0.0502283105022831
ES,lower_N5_ema_k1,30,2018,204,74,89,-0.07352941176470588
ES,lower_N5_ema_k1,30,2019,195,73,86,-0.06666666666666667
ES,lower_N5_ema_k1,30,2020,207,81,95,-0.06763285024154589
ES,lower_N5_ema_k1,30,2021,192,90,79,0.057291666666666664
ES,lower_N5_ema_k1,30,2022,219,89,78,0.0502283105022831
ES,lower_N5_ema_k1,60,2018,204,74,89,-0.07352941176470588
ES,lower_N5_ema_k1,60,2019,195,73,86,-0.06666666666666667
ES,lower_N5_ema_k1,60,2020,207,81,95,-0.06763285024154589
ES,lower_N5_ema_k1,60,2021,192,90,79,0.057291666666666664
ES,lower_N5_ema_k1,60,2022,219,89,78,0.0502283105022831
ES,lower_N5_ema_k1,120,2018,204,74,89,-0.07352941176470588
ES,lower_N5_ema_k1,120,2019,195,73,86,-0.06666666666666667
ES,lower_N5_ema_k1,120,2020,207,81,95,-0.06763285024154589
ES,lower_N5_ema_k1,120,2021,192,90,79,0.057291666666666664
ES,lower_N5_ema_k1,120,2022,219,89,78,0.0502283105022831
ES,lower_N5_ema_k2,5,2018,188,73,73,0.0
ES,lower_N5_ema_k2,5,2019,181,72,79,-0.03867403314917127
ES,lower_N5_ema_k2,5,2020,187,70,83,-0.06951871657754011
ES,lower_N5_ema_k2,5,2021,176,63,80,-0.09659090909090909
ES,lower_N5_ema_k2,5,2022,210,90,76,0.06666666666666667
ES,lower_N5_ema_k2,15,2018,188,73,74,-0.005319148936170213
ES,lower_N5_ema_k2,15,2019,181,73,81,-0.04419889502762431
ES,lower_N5_ema_k2,15,2020,187,70,84,-0.0748663101604278
ES,lower_N5_ema_k2,15,2021,176,63,80,-0.09659090909090909
ES,lower_N5_ema_k2,15,2022,210,91,76,0.07142857142857142
ES,lower_N5_ema_k2,30,2018,188,73,74,-0.005319148936170213
ES,lower_N5_ema_k2,30,2019,181,73,81,-0.04419889502762431
ES,lower_N5_ema_k2,30,2020,187,70,84,-0.0748663101604278
ES,lower_N5_ema_k2,30,2021,176,63,80,-0.09659090909090909
ES,lower_N5_ema_k2,30,2022,210,91,76,0.07142857142857142
ES,lower_N5_ema_k2,60,2018,188,73,74,-0.005319148936170213
ES,lower_N5_ema_k2,60,2019,181,73,81,-0.04419889502762431
ES,lower_N5_ema_k2,60,2020,187,70,84,-0.0748663101604278
ES,lower_N5_ema_k2,60,2021,176,63,80,-0.09659090909090909
ES,lower_N5_ema_k2,60,2022,210,91,76,0.07142857142857142
ES,lower_N5_ema_k2,120,2018,188,73,74,-0.005319148936170213
ES,lower_N5_ema_k2,120,2019,181,73,81,-0.04419889502762431
ES,lower_N5_ema_k2,120,2020,187,70,84,-0.0748663101604278
ES,lower_N5_ema_k2,120,2021,176,63,80,-0.09659090909090909
ES,lower_N5_ema_k2,120,2022,210,91,76,0.07142857142857142
ES,lower_N5_ema_k3,5,2018,174,59,76,-0.09770114942528736
ES,lower_N5_ema_k3,5,2019,167,74,60,0.08383233532934131
ES,lower_N5_ema_k3,5,2020,167,73,63,0.059880239520958084
ES,lower_N5_ema_k3,5,2021,163,64,72,-0.049079754601226995
ES,lower_N5_ema_k3,5,2022,203,89,75,0.06896551724137931
ES,lower_N5_ema_k3,15,2018,174,59,78,-0.10919540229885058
ES,lower_N5_ema_k3,15,2019,167,74,60,0.08383233532934131
ES,lower_N5_ema_k3,15,2020,167,74,65,0.05389221556886228
ES,lower_N5_ema_k3,15,2021,163,64,72,-0.049079754601226995
ES,lower_N5_ema_k3,15,2022,203,89,77,0.059113300492610835
ES,lower_N5_ema_k3,30,2018,174,59,78,-0.10919540229885058
ES,lower_N5_ema_k3,30,2019,167,74,60,0.08383233532934131
ES,lower_N5_ema_k3,30,2020,167,74,65,0.05389221556886228
ES,lower_N5_ema_k3,30,2021,163,64,72,-0.049079754601226995
ES,lower_N5_ema_k3,30,2022,203,89,77,0.059113300492610835
ES,lower_N5_ema_k3,60,2018,174,59,78,-0.10919540229885058
ES,lower_N5_ema_k3,60,2019,167,74,60,0.08383233532934131
ES,lower_N5_ema_k3,60,2020,167,74,65,0.05389221556886228
ES,lower_N5_ema_k3,60,2021,163,64,72,-0.049079754601226995
ES,lower_N5_ema_k3,60,2022,203,89,77,0.059113300492610835
ES,lower_N5_ema_k3,120,2018,174,59,78,-0.10919540229885058
ES,lower_N5_ema_k3,120,2019,167,74,60,0.08383233532934131
ES,lower_N5_ema_k3,120,2020,167,74,65,0.05389221556886228
ES,lower_N5_ema_k3,120,2021,163,64,72,-0.049079754601226995
ES,lower_N5_ema_k3,120,2022,203,89,77,0.059113300492610835
ES,lower_N5_mean_k0,5,2018,220,75,89,-0.06363636363636363
ES,lower_N5_mean_k0,5,2019,215,84,86,-0.009302325581395349
ES,lower_N5_mean_k0,5,2020,219,88,94,-0.0273972602739726
ES,lower_N5_mean_k0,5,2021,214,92,92,0.0
ES,lower_N5_mean_k0,5,2022,225,91,84,0.03111111111111111
ES,lower_N5_mean_k0,15,2018,220,76,89,-0.05909090909090909
ES,lower_N5_mean_k0,15,2019,215,87,87,0.0
ES,lower_N5_mean_k0,15,2020,219,88,96,-0.0365296803652968
ES,lower_N5_mean_k0,15,2021,214,92,93,-0.004672897196261682
ES,lower_N5_mean_k0,15,2022,225,91,84,0.03111111111111111
ES,lower_N5_mean_k0,30,2018,220,76,89,-0.05909090909090909
ES,lower_N5_mean_k0,30,2019,215,88,87,0.004651162790697674
ES,lower_N5_mean_k0,30,2020,219,88,96,-0.0365296803652968
ES,lower_N5_mean_k0,30,2021,214,92,93,-0.004672897196261682
ES,lower_N5_mean_k0,30,2022,225,91,84,0.03111111111111111
ES,lower_N5_mean_k0,60,2018,220,76,89,-0.05909090909090909
ES,lower_N5_mean_k0,60,2019,215,88,87,0.004651162790697674
ES,lower_N5_mean_k0,60,2020,219,88,96,-0.0365296803652968
ES,lower_N5_mean_k0,60,2021,214,92,93,-0.004672897196261682
ES,lower_N5_mean_k0,60,2022,225,91,84,0.03111111111111111
ES,lower_N5_mean_k0,120,2018,220,76,89,-0.05909090909090909
ES,lower_N5_mean_k0,120,2019,215,88,87,0.004651162790697674
ES,lower_N5_mean_k0,120,2020,219,88,96,-0.0365296803652968
ES,lower_N5_mean_k0,120,2021,214,92,93,-0.004672897196261682
ES,lower_N5_mean_k0,120,2022,225,91,84,0.03111111111111111
ES,lower_N5_mean_k1,5,2018,202,71,90,-0.09405940594059406
ES,lower_N5_mean_k1,5,2019,193,71,82,-0.05699481865284974
ES,lower_N5_mean_k1,5,2020,206,86,90,-0.019417475728155338
ES,lower_N5_mean_k1,5,2021,189,89,70,0.10052910052910052
ES,lower_N5_mean_k1,5,2022,219,90,71,0.0867579908675799
ES,lower_N5_mean_k1,15,2018,202,74,90,-0.07920792079207921
ES,lower_N5_mean_k1,15,2019,193,74,82,-0.04145077720207254
ES,lower_N5_mean_k1,15,2020,206,86,92,-0.02912621359223301
ES,lower_N5_mean_k1,15,2021,189,90,70,0.10582010582010581
ES,lower_N5_mean_k1,15,2022,219,90,71,0.0867579908675799
ES,lower_N5_mean_k1,30,2018,202,74,90,-0.07920792079207921
ES,lower_N5_mean_k1,30,2019,193,74,83,-0.046632124352331605
ES,lower_N5_mean_k1,30,2020,206,86,92,-0.02912621359223301
ES,lower_N5_mean_k1,30,2021,189,90,70,0.10582010582010581
ES,lower_N5_mean_k1,30,2022,219,90,71,0.0867579908675799
ES,lower_N5_mean_k1,60,2018,202,74,90,-0.07920792079207921
ES,lower_N5_mean_k1,60,2019,193,74,83,-0.046632124352331605
ES,lower_N5_mean_k1,60,2020,206,86,92,-0.02912621359223301
ES,lower_N5_mean_k1,60,2021,189,90,70,0.10582010582010581
ES,lower_N5_mean_k1,60,2022,219,90,71,0.0867579908675799
ES,lower_N5_mean_k1,120,2018,202,74,90,-0.07920792079207921
ES,lower_N5_mean_k1,120,2019,193,74,83,-0.046632124352331605
ES,lower_N5_mean_k1,120,2020,206,86,92,-0.02912621359223301
ES,lower_N5_mean_k1,120,2021,189,90,70,0.10582010582010581
ES,lower_N5_mean_k1,120,2022,219,90,71,0.0867579908675799
ES,lower_N5_mean_k2,5,2018,188,71,72,-0.005319148936170213
ES,lower_N5_mean_k2,5,2019,179,69,79,-0.055865921787709494
ES,lower_N5_mean_k2,5,2020,187,75,83,-0.0427807486631016
ES,lower_N5_mean_k2,5,2021,177,56,89,-0.1864406779661017
ES,lower_N5_mean_k2,5,2022,210,91,70,0.1
ES,lower_N5_mean_k2,15,2018,188,71,72,-0.005319148936170213
ES,lower_N5_mean_k2,15,2019,179,70,79,-0.05027932960893855
ES,lower_N5_mean_k2,15,2020,187,75,84,-0.0481283422459893
ES,lower_N5_mean_k2,15,2021,177,56,90,-0.192090395480226
ES,lower_N5_mean_k2,15,2022,210,92,70,0.10476190476190476
ES,lower_N5_mean_k2,30,2018,188,71,72,-0.005319148936170213
ES,lower_N5_mean_k2,30,2019,179,70,79,-0.05027932960893855
ES,lower_N5_mean_k2,30,2020,187,75,84,-0.0481283422459893
ES,lower_N5_mean_k2,30,2021,177,56,90,-0.192090395480226
ES,lower_N5_mean_k2,30,2022,210,92,70,0.10476190476190476
ES,lower_N5_mean_k2,60,2018,188,71,72,-0.005319148936170213
ES,lower_N5_mean_k2,60,2019,179,70,79,-0.05027932960893855
ES,lower_N5_mean_k2,60,2020,187,75,84,-0.0481283422459893
ES,lower_N5_mean_k2,60,2021,177,56,90,-0.192090395480226
ES,lower_N5_mean_k2,60,2022,210,92,70,0.10476190476190476
ES,lower_N5_mean_k2,120,2018,188,71,72,-0.005319148936170213
ES,lower_N5_mean_k2,120,2019,179,70,79,-0.05027932960893855
ES,lower_N5_mean_k2,120,2020,187,75,84,-0.0481283422459893
ES,lower_N5_mean_k2,120,2021,177,56,90,-0.192090395480226
ES,lower_N5_mean_k2,120,2022,210,92,70,0.10476190476190476
ES,lower_N5_mean_k3,5,2018,175,56,77,-0.12
ES,lower_N5_mean_k3,5,2019,167,73,55,0.10778443113772455
ES,lower_N5_mean_k3,5,2020,167,75,60,0.08982035928143713
ES,lower_N5_mean_k3,5,2021,161,68,71,-0.018633540372670808
ES,lower_N5_mean_k3,5,2022,203,89,74,0.07389162561576355
ES,lower_N5_mean_k3,15,2018,175,56,79,-0.13142857142857142
ES,lower_N5_mean_k3,15,2019,167,73,55,0.10778443113772455
ES,lower_N5_mean_k3,15,2020,167,75,63,0.0718562874251497
ES,lower_N5_mean_k3,15,2021,161,68,72,-0.024844720496894408
ES,lower_N5_mean_k3,15,2022,203,89,76,0.06403940886699508
ES,lower_N5_mean_k3,30,2018,175,56,79,-0.13142857142857142
ES,lower_N5_mean_k3,30,2019,167,73,55,0.10778443113772455
ES,lower_N5_mean_k3,30,2020,167,75,63,0.0718562874251497
ES,lower_N5_mean_k3,30,2021,161,68,72,-0.024844720496894408
ES,lower_N5_mean_k3,30,2022,203,89,76,0.06403940886699508
ES,lower_N5_mean_k3,60,2018,175,56,79,-0.13142857142857142
ES,lower_N5_mean_k3,60,2019,167,73,55,0.10778443113772455
ES,lower_N5_mean_k3,60,2020,167,75,63,0.0718562874251497
ES,lower_N5_mean_k3,60,2021,161,68,72,-0.024844720496894408
ES,lower_N5_mean_k3,60,2022,203,89,76,0.06403940886699508
ES,lower_N5_mean_k3,120,2018,175,56,79,-0.13142857142857142
ES,lower_N5_mean_k3,120,2019,167,73,55,0.10778443113772455
ES,lower_N5_mean_k3,120,2020,167,75,63,0.0718562874251497
ES,lower_N5_mean_k3,120,2021,161,68,72,-0.024844720496894408
ES,lower_N5_mean_k3,120,2022,203,89,76,0.06403940886699508
ES,lower_N5_median_k0,5,2018,227,68,100,-0.14096916299559473
ES,lower_N5_median_k0,5,2019,220,71,106,-0.1590909090909091
ES,lower_N5_median_k0,5,2020,226,82,99,-0.0752212389380531
ES,lower_N5_median_k0,5,2021,215,90,96,-0.027906976744186046
ES,lower_N5_median_k0,5,2022,232,84,97,-0.05603448275862069
ES,lower_N5_median_k0,15,2018,227,68,100,-0.14096916299559473
ES,lower_N5_median_k0,15,2019,220,73,106,-0.15
ES,lower_N5_median_k0,15,2020,226,83,104,-0.09292035398230089
ES,lower_N5_median_k0,15,2021,215,90,96,-0.027906976744186046
ES,lower_N5_median_k0,15,2022,232,84,97,-0.05603448275862069
ES,lower_N5_median_k0,30,2018,227,68,100,-0.14096916299559473
ES,lower_N5_median_k0,30,2019,220,74,106,-0.14545454545454545
ES,lower_N5_median_k0,30,2020,226,83,104,-0.09292035398230089
ES,lower_N5_median_k0,30,2021,215,90,96,-0.027906976744186046
ES,lower_N5_median_k0,30,2022,232,84,97,-0.05603448275862069
ES,lower_N5_median_k0,60,2018,227,68,100,-0.14096916299559473
ES,lower_N5_median_k0,60,2019,220,74,106,-0.14545454545454545
ES,lower_N5_median_k0,60,2020,226,83,104,-0.09292035398230089
ES,lower_N5_median_k0,60,2021,215,90,96,-0.027906976744186046
ES,lower_N5_median_k0,60,2022,232,84,97,-0.05603448275862069
ES,lower_N5_median_k0,120,2018,227,68,100,-0.14096916299559473
ES,lower_N5_median_k0,120,2019,220,74,106,-0.14545454545454545
ES,lower_N5_median_k0,120,2020,226,83,104,-0.09292035398230089
ES,lower_N5_median_k0,120,2021,215,90,96,-0.027906976744186046
ES,lower_N5_median_k0,120,2022,232,84,97,-0.05603448275862069
ES,lower_N5_median_k1,5,2018,211,69,99,-0.14218009478672985
ES,lower_N5_median_k1,5,2019,196,68,81,-0.0663265306122449
ES,lower_N5_median_k1,5,2020,207,88,86,0.00966183574879227
ES,lower_N5_median_k1,5,2021,199,83,85,-0.010050251256281407
ES,lower_N5_median_k1,5,2022,219,91,78,0.0593607305936073
ES,lower_N5_median_k1,15,2018,211,72,100,-0.13270142180094788
ES,lower_N5_median_k1,15,2019,196,70,82,-0.061224489795918366
ES,lower_N5_median_k1,15,2020,207,90,87,0.014492753623188406
ES,lower_N5_median_k1,15,2021,199,84,85,-0.005025125628140704
ES,lower_N5_median_k1,15,2022,219,91,78,0.0593607305936073
ES,lower_N5_median_k1,30,2018,211,72,100,-0.13270142180094788
ES,lower_N5_median_k1,30,2019,196,70,83,-0.0663265306122449
ES,lower_N5_median_k1,30,2020,207,90,87,0.014492753623188406
ES,lower_N5_median_k1,30,2021,199,84,85,-0.005025125628140704
ES,lower_N5_median_k1,30,2022,219,91,78,0.0593607305936073
ES,lower_N5_median_k1,60,2018,211,72,100,-0.13270142180094788
ES,lower_N5_median_k1,60,2019,196,70,83,-0.0663265306122449
ES,lower_N5_median_k1,60,2020,207,90,87,0.014492753623188406
ES,lower_N5_median_k1,60,2021,199,84,85,-0.005025125628140704
ES,lower_N5_median_k1,60,2022,219,91,78,0.0593607305936073
ES,lower_N5_median_k1,120,2018,211,72,100,-0.13270142180094788
ES,lower_N5_median_k1,120,2019,196,70,83,-0.0663265306122449
ES,lower_N5_median_k1,120,2020,207,90,87,0.014492753623188406
ES,lower_N5_median_k1,120,2021,199,84,85,-0.005025125628140704
ES,lower_N5_median_k1,120,2022,219,91,78,0.0593607305936073
ES,lower_N5_median_k2,5,2018,190,71,81,-0.05263157894736842
ES,lower_N5_median_k2,5,2019,182,76,72,0.02197802197802198
ES,lower_N5_median_k2,5,2020,192,76,83,-0.036458333333333336
ES,lower_N5_median_k2,5,2021,179,68,73,-0.027932960893854747
ES,lower_N5_median_k2,5,2022,213,88,79,0.04225352112676056
ES,lower_N5_median_k2,15,2018,190,71,81,-0.05263157894736842
ES,lower_N5_median_k2,15,2019,182,77,75,0.01098901098901099
ES,lower_N5_median_k2,15,2020,192,76,84,-0.041666666666666664
ES,lower_N5_median_k2,15,2021,179,69,74,-0.027932960893854747
ES,lower_N5_median_k2,15,2022,213,88,79,0.04225352112676056
ES,lower_N5_median_k2,30,2018,190,71,81,-0.05263157894736842
ES,lower_N5_median_k2,30,2019,182,77,75,0.01098901098901099
ES,lower_N5_median_k2,30,2020,192,76,84,-0.041666666666666664
ES,lower_N5_median_k2,30,2021,179,69,74,-0.027932960893854747
ES,lower_N5_median_k2,30,2022,213,88,79,0.04225352112676056
ES,lower_N5_median_k2,60,2018,190,71,81,-0.05263157894736842
ES,lower_N5_median_k2,60,2019,182,77,75,0.01098901098901099
ES,lower_N5_median_k2,60,2020,192,76,84,-0.041666666666666664
ES,lower_N5_median_k2,60,2021,179,69,74,-0.027932960893854747
ES,lower_N5_median_k2,60,2022,213,88,79,0.04225352112676056
ES,lower_N5_median_k2,120,2018,190,71,81,-0.05263157894736842
ES,lower_N5_median_k2,120,2019,182,77,75,0.01098901098901099
ES,lower_N5_median_k2,120,2020,192,76,84,-0.041666666666666664
ES,lower_N5_median_k2,120,2021,179,69,74,-0.027932960893854747
ES,lower_N5_median_k2,120,2022,213,88,79,0.04225352112676056
ES,lower_N5_median_k3,5,2018,177,60,75,-0.0847457627118644
ES,lower_N5_median_k3,5,2019,168,67,62,0.02976190476190476
ES,lower_N5_median_k3,5,2020,171,73,69,0.023391812865497075
ES,lower_N5_median_k3,5,2021,163,67,71,-0.024539877300613498
ES,lower_N5_median_k3,5,2022,205,87,73,0.06829268292682927
ES,lower_N5_median_k3,15,2018,177,60,76,-0.0903954802259887
ES,lower_N5_median_k3,15,2019,168,68,62,0.03571428571428571
ES,lower_N5_median_k3,15,2020,171,74,73,0.005847953216374269
ES,lower_N5_median_k3,15,2021,163,67,74,-0.04294478527607362
ES,lower_N5_median_k3,15,2022,205,87,74,0.06341463414634146
ES,lower_N5_median_k3,30,2018,177,60,77,-0.096045197740113
ES,lower_N5_median_k3,30,2019,168,68,62,0.03571428571428571
ES,lower_N5_median_k3,30,2020,171,74,73,0.005847953216374269
ES,lower_N5_median_k3,30,2021,163,67,74,-0.04294478527607362
ES,lower_N5_median_k3,30,2022,205,87,74,0.06341463414634146
ES,lower_N5_median_k3,60,2018,177,60,77,-0.096045197740113
ES,lower_N5_median_k3,60,2019,168,68,62,0.03571428571428571
ES,lower_N5_median_k3,60,2020,171,74,73,0.005847953216374269
ES,lower_N5_median_k3,60,2021,163,67,74,-0.04294478527607362
ES,lower_N5_median_k3,60,2022,205,87,74,0.06341463414634146
ES,lower_N5_median_k3,120,2018,177,60,77,-0.096045197740113
ES,lower_N5_median_k3,120,2019,168,68,62,0.03571428571428571
ES,lower_N5_median_k3,120,2020,171,74,73,0.005847953216374269
ES,lower_N5_median_k3,120,2021,163,67,74,-0.04294478527607362
ES,lower_N5_median_k3,120,2022,205,87,74,0.06341463414634146
ES,upper_N10_ema_k0,5,2018,224,105,83,0.09821428571428571
ES,upper_N10_ema_k0,5,2019,215,91,99,-0.037209302325581395
ES,upper_N10_ema_k0,5,2020,228,90,105,-0.06578947368421052
ES,upper_N10_ema_k0,5,2021,221,95,102,-0.03167420814479638
ES,upper_N10_ema_k0,5,2022,221,110,91,0.08597285067873303
ES,upper_N10_ema_k0,15,2018,224,105,85,0.08928571428571429
ES,upper_N10_ema_k0,15,2019,215,93,100,-0.03255813953488372
ES,upper_N10_ema_k0,15,2020,228,93,107,-0.06140350877192982
ES,upper_N10_ema_k0,15,2021,221,95,106,-0.049773755656108594
ES,upper_N10_ema_k0,15,2022,221,110,91,0.08597285067873303
ES,upper_N10_ema_k0,30,2018,224,105,85,0.08928571428571429
ES,upper_N10_ema_k0,30,2019,215,93,100,-0.03255813953488372
ES,upper_N10_ema_k0,30,2020,228,93,107,-0.06140350877192982
ES,upper_N10_ema_k0,30,2021,221,95,106,-0.049773755656108594
ES,upper_N10_ema_k0,30,2022,221,110,91,0.08597285067873303
ES,upper_N10_ema_k0,60,2018,224,105,85,0.08928571428571429
ES,upper_N10_ema_k0,60,2019,215,93,100,-0.03255813953488372
ES,upper_N10_ema_k0,60,2020,228,93,107,-0.06140350877192982
ES,upper_N10_ema_k0,60,2021,221,95,106,-0.049773755656108594
ES,upper_N10_ema_k0,60,2022,221,110,91,0.08597285067873303
ES,upper_N10_ema_k0,120,2018,224,105,85,0.08928571428571429
ES,upper_N10_ema_k0,120,2019,215,93,100,-0.03255813953488372
ES,upper_N10_ema_k0,120,2020,228,93,107,-0.06140350877192982
ES,upper_N10_ema_k0,120,2021,221,95,106,-0.049773755656108594
ES,upper_N10_ema_k0,120,2022,221,110,91,0.08597285067873303
ES,upper_N10_ema_k1,5,2018,210,91,89,0.009523809523809525
ES,upper_N10_ema_k1,5,2019,194,87,82,0.02577319587628866
ES,upper_N10_ema_k1,5,2020,208,89,91,-0.009615384615384616
ES,upper_N10_ema_k1,5,2021,201,95,82,0.06467661691542288
ES,upper_N10_ema_k1,5,2022,208,102,79,0.11057692307692307
ES,upper_N10_ema_k1,15,2018,210,91,89,0.009523809523809525
ES,upper_N10_ema_k1,15,2019,194,89,85,0.020618556701030927
ES,upper_N10_ema_k1,15,2020,208,91,97,-0.028846153846153848
ES,upper_N10_ema_k1,15,2021,201,98,86,0.05970149253731343
ES,upper_N10_ema_k1,15,2022,208,102,81,0.10096153846153846
ES,upper_N10_ema_k1,30,2018,210,91,89,0.009523809523809525
ES,upper_N10_ema_k1,30,2019,194,89,85,0.020618556701030927
ES,upper_N10_ema_k1,30,2020,208,92,97,-0.02403846153846154
ES,upper_N10_ema_k1,30,2021,201,98,87,0.05472636815920398
ES,upper_N10_ema_k1,30,2022,208,102,81,0.10096153846153846
ES,upper_N10_ema_k1,60,2018,210,91,89,0.009523809523809525
ES,upper_N10_ema_k1,60,2019,194,89,85,0.020618556701030927
ES,upper_N10_ema_k1,60,2020,208,92,97,-0.02403846153846154
ES,upper_N10_ema_k1,60,2021,201,98,87,0.05472636815920398
ES,upper_N10_ema_k1,60,2022,208,102,81,0.10096153846153846
ES,upper_N10_ema_k1,120,2018,210,91,89,0.009523809523809525
ES,upper_N10_ema_k1,120,2019,194,89,85,0.020618556701030927
ES,upper_N10_ema_k1,120,2020,208,92,97,-0.02403846153846154
ES,upper_N10_ema_k1,120,2021,201,98,87,0.05472636815920398
ES,upper_N10_ema_k1,120,2022,208,102,81,0.10096153846153846
ES,upper_N10_ema_k2,5,2018,194,72,90,-0.09278350515463918
ES,upper_N10_ema_k2,5,2019,177,85,67,0.1016949152542373
ES,upper_N10_ema_k2,5,2020,179,89,69,0.11173184357541899
ES,upper_N10_ema_k2,5,2021,179,70,80,-0.055865921787709494
ES,upper_N10_ema_k2,5,2022,198,99,77,0.1111111111111111
ES,upper_N10_ema_k2,15,2018,194,73,92,-0.0979381443298969
ES,upper_N10_ema_k2,15,2019,177,87,71,0.0903954802259887
ES,upper_N10_ema_k2,15,2020,179,93,71,0.12290502793296089
ES,upper_N10_ema_k2,15,2021,179,72,84,-0.0670391061452514
ES,upper_N10_ema_k2,15,2022,198,100,78,0.1111111111111111
ES,upper_N10_ema_k2,30,2018,194,73,92,-0.0979381443298969
ES,upper_N10_ema_k2,30,2019,177,87,71,0.0903954802259887
ES,upper_N10_ema_k2,30,2020,179,94,72,0.12290502793296089
ES,upper_N10_ema_k2,30,2021,179,74,84,-0.055865921787709494
ES,upper_N10_ema_k2,30,2022,198,100,78,0.1111111111111111
ES,upper_N10_ema_k2,60,2018,194,73,92,-0.0979381443298969
ES,upper_N10_ema_k2,60,2019,177,87,71,0.0903954802259887
ES,upper_N10_ema_k2,60,2020,179,94,72,0.12290502793296089
ES,upper_N10_ema_k2,60,2021,179,74,84,-0.055865921787709494
ES,upper_N10_ema_k2,60,2022,198,100,78,0.1111111111111111
ES,upper_N10_ema_k2,120,2018,194,73,92,-0.0979381443298969
ES,upper_N10_ema_k2,120,2019,177,87,71,0.0903954802259887
ES,upper_N10_ema_k2,120,2020,179,94,72,0.12290502793296089
ES,upper_N10_ema_k2,120,2021,179,74,84,-0.055865921787709494
ES,upper_N10_ema_k2,120,2022,198,100,78,0.1111111111111111
ES,upper_N10_ema_k3,5,2018,178,72,82,-0.056179775280898875
ES,upper_N10_ema_k3,5,2019,164,67,68,-0.006097560975609756
ES,upper_N10_ema_k3,5,2020,166,59,76,-0.10240963855421686
ES,upper_N10_ema_k3,5,2021,157,78,60,0.11464968152866242
ES,upper_N10_ema_k3,5,2022,181,87,77,0.055248618784530384
ES,upper_N10_ema_k3,15,2018,178,75,84,-0.05056179775280899
ES,upper_N10_ema_k3,15,2019,164,71,70,0.006097560975609756
ES,upper_N10_ema_k3,15,2020,166,61,79,-0.10843373493975904
ES,upper_N10_ema_k3,15,2021,157,82,63,0.12101910828025478
ES,upper_N10_ema_k3,15,2022,181,87,79,0.04419889502762431
ES,upper_N10_ema_k3,30,2018,178,75,84,-0.05056179775280899
ES,upper_N10_ema_k3,30,2019,164,73,70,0.018292682926829267
ES,upper_N10_ema_k3,30,2020,166,63,81,-0.10843373493975904
ES,upper_N10_ema_k3,30,2021,157,82,63,0.12101910828025478
ES,upper_N10_ema_k3,30,2022,181,87,79,0.04419889502762431
ES,upper_N10_ema_k3,60,2018,178,75,84,-0.05056179775280899
ES,upper_N10_ema_k3,60,2019,164,73,70,0.018292682926829267
ES,upper_N10_ema_k3,60,2020,166,63,81,-0.10843373493975904
ES,upper_N10_ema_k3,60,2021,157,82,63,0.12101910828025478
ES,upper_N10_ema_k3,60,2022,181,87,79,0.04419889502762431
ES,upper_N10_ema_k3,120,2018,178,75,84,-0.05056179775280899
ES,upper_N10_ema_k3,120,2019,164,73,70,0.018292682926829267
ES,upper_N10_ema_k3,120,2020,166,63,81,-0.10843373493975904
ES,upper_N10_ema_k3,120,2021,157,82,63,0.12101910828025478
ES,upper_N10_ema_k3,120,2022,181,87,79,0.04419889502762431
ES,upper_N10_mean_k0,5,2018,225,99,86,0.057777777777777775
ES,upper_N10_mean_k0,5,2019,214,89,97,-0.037383177570093455
ES,upper_N10_mean_k0,5,2020,228,90,101,-0.04824561403508772
ES,upper_N10_mean_k0,5,2021,221,105,92,0.058823529411764705
ES,upper_N10_mean_k0,5,2022,222,118,87,0.13963963963963963
ES,upper_N10_mean_k0,15,2018,225,99,87,0.05333333333333334
ES,upper_N10_mean_k0,15,2019,214,91,98,-0.03271028037383177
ES,upper_N10_mean_k0,15,2020,228,96,103,-0.03070175438596491
ES,upper_N10_mean_k0,15,2021,221,105,95,0.04524886877828054
ES,upper_N10_mean_k0,15,2022,222,118,87,0.13963963963963963
ES,upper_N10_mean_k0,30,2018,225,99,87,0.05333333333333334
ES,upper_N10_mean_k0,30,2019,214,91,98,-0.03271028037383177
ES,upper_N10_mean_k0,30,2020,228,96,103,-0.03070175438596491
ES,upper_N10_mean_k0,30,2021,221,105,95,0.04524886877828054
ES,upper_N10_mean_k0,30,2022,222,118,87,0.13963963963963963
ES,upper_N10_mean_k0,60,2018,225,99,87,0.05333333333333334
ES,upper_N10_mean_k0,60,2019,214,91,98,-0.03271028037383177
ES,upper_N10_mean_k0,60,2020,228,96,103,-0.03070175438596491
ES,upper_N10_mean_k0,60,2021,221,105,95,0.04524886877828054
ES,upper_N10_mean_k0,60,2022,222,118,87,0.13963963963963963
ES,upper_N10_mean_k0,120,2018,225,99,87,0.05333333333333334
ES,upper_N10_mean_k0,120,2019,214,91,98,-0.03271028037383177
ES,upper_N10_mean_k0,120,2020,228,96,103,-0.03070175438596491
ES,upper_N10_mean_k0,120,2021,221,105,95,0.04524886877828054
ES,upper_N10_mean_k0,120,2022,222,118,87,0.13963963963963963
ES,upper_N10_mean_k1,5,2018,212,87,93,-0.02830188679245283
ES,upper_N10_mean_k1,5,2019,194,87,82,0.02577319587628866
ES,upper_N10_mean_k1,5,2020,208,86,89,-0.014423076923076924
ES,upper_N10_mean_k1,5,2021,198,88,80,0.04040404040404041
ES,upper_N10_mean_k1,5,2022,207,108,73,0.16908212560386474
ES,upper_N10_mean_k1,15,2018,212,88,94,-0.02830188679245283
ES,upper_N10_mean_k1,15,2019,194,88,85,0.015463917525773196
ES,upper_N10_mean_k1,15,2020,208,89,96,-0.03365384615384615
ES,upper_N10_mean_k1,15,2021,198,92,84,0.04040404040404041
ES,upper_N10_mean_k1,15,2022,207,108,75,0.15942028985507245
ES,upper_N10_mean_k1,30,2018,212,88,94,-0.02830188679245283
ES,upper_N10_mean_k1,30,2019,194,88,85,0.015463917525773196
ES,upper_N10_mean_k1,30,2020,208,90,96,-0.028846153846153848
ES,upper_N10_mean_k1,30,2021,198,92,84,0.04040404040404041
ES,upper_N10_mean_k1,30,2022,207,108,75,0.15942028985507245
ES,upper_N10_mean_k1,60,2018,212,88,94,-0.02830188679245283
ES,upper_N10_mean_k1,60,2019,194,88,85,0.015463917525773196
ES,upper_N10_mean_k1,60,2020,208,90,96,-0.028846153846153848
ES,upper_N10_mean_k1,60,2021,198,93,84,0.045454545454545456
ES,upper_N10_mean_k1,60,2022,207,108,75,0.15942028985507245
ES,upper_N10_mean_k1,120,2018,212,88,94,-0.02830188679245283
ES,upper_N10_mean_k1,120,2019,194,88,85,0.015463917525773196
ES,upper_N10_mean_k1,120,2020,208,90,96,-0.028846153846153848
ES,upper_N10_mean_k1,120,2021,198,93,84,0.045454545454545456
ES,upper_N10_mean_k1,120,2022,207,108,75,0.15942028985507245
ES,upper_N10_mean_k2,5,2018,194,75,86,-0.05670103092783505
ES,upper_N10_mean_k2,5,2019,177,88,71,0.096045197740113
ES,upper_N10_mean_k2,5,2020,179,86,69,0.09497206703910614
ES,upper_N10_mean_k2,5,2021,179,76,75,0.00558659217877095
ES,upper_N10_mean_k2,5,2022,197,97,79,0.09137055837563451
ES,upper_N10_mean_k2,15,2018,194,76,88,-0.061855670103092786
ES,upper_N10_mean_k2,15,2019,177,90,73,0.096045197740113
ES,upper_N10_mean_k2,15,2020,179,91,71,0.11173184357541899
ES,upper_N10_mean_k2,15,2021,179,79,79,0.0
ES,upper_N10_mean_k2,15,2022,197,97,81,0.08121827411167512
ES,upper_N10_mean_k2,30,2018,194,76,88,-0.061855670103092786
ES,upper_N10_mean_k2,30,2019,177,90,73,0.096045197740113
ES,upper_N10_mean_k2,30,2020,179,92,72,0.11173184357541899
ES,upper_N10_mean_k2,30,2021,179,81,80,0.00558659217877095
ES,upper_N10_mean_k2,30,2022,197,97,81,0.08121827411167512
ES,upper_N10_mean_k2,60,2018,194,76,88,-0.061855670103092786
ES,upper_N10_mean_k2,60,2019,177,90,73,0.096045197740113
ES,upper_N10_mean_k2,60,2020,179,92,72,0.11173184357541899
ES,upper_N10_mean_k2,60,2021,179,81,80,0.00558659217877095
ES,upper_N10_mean_k2,60,2022,197,97,81,0.08121827411167512
ES,upper_N10_mean_k2,120,2018,194,76,88,-0.061855670103092786
ES,upper_N10_mean_k2,120,2019,177,90,73,0.096045197740113
ES,upper_N10_mean_k2,120,2020,179,92,72,0.11173184357541899
ES,upper_N10_mean_k2,120,2021,179,81,80,0.00558659217877095
ES,upper_N10_mean_k2,120,2022,197,97,81,0.08121827411167512
ES,upper_N10_mean_k3,5,2018,177,69,85,-0.0903954802259887
ES,upper_N10_mean_k3,5,2019,164,71,69,0.012195121951219513
ES,upper_N10_mean_k3,5,2020,165,61,71,-0.06060606060606061
ES,upper_N10_mean_k3,5,2021,157,72,65,0.044585987261146494
ES,upper_N10_mean_k3,5,2022,181,87,76,0.06077348066298342
ES,upper_N10_mean_k3,15,2018,177,69,86,-0.096045197740113
ES,upper_N10_mean_k3,15,2019,164,75,70,0.03048780487804878
ES,upper_N10_mean_k3,15,2020,165,64,74,-0.06060606060606061
ES,upper_N10_mean_k3,15,2021,157,74,68,0.03821656050955414
ES,upper_N10_mean_k3,15,2022,181,87,76,0.06077348066298342
ES,upper_N10_mean_k3,30,2018,177,70,86,-0.0903954802259887
ES,upper_N10_mean_k3,30,2019,164,76,71,0.03048780487804878
ES,upper_N10_mean_k3,30,2020,165,65,76,-0.06666666666666667
ES,upper_N10_mean_k3,30,2021,157,74,68,0.03821656050955414
ES,upper_N10_mean_k3,30,2022,181,87,76,0.06077348066298342
ES,upper_N10_mean_k3,60,2018,177,70,86,-0.0903954802259887
ES,upper_N10_mean_k3,60,2019,164,76,71,0.03048780487804878
ES,upper_N10_mean_k3,60,2020,165,65,76,-0.06666666666666667
ES,upper_N10_mean_k3,60,2021,157,74,68,0.03821656050955414
ES,upper_N10_mean_k3,60,2022,181,87,76,0.06077348066298342
ES,upper_N10_mean_k3,120,2018,177,70,86,-0.0903954802259887
ES,upper_N10_mean_k3,120,2019,164,76,71,0.03048780487804878
ES,upper_N10_mean_k3,120,2020,165,65,76,-0.06666666666666667
ES,upper_N10_mean_k3,120,2021,157,74,68,0.03821656050955414
ES,upper_N10_mean_k3,120,2022,181,87,76,0.06077348066298342
ES,upper_N10_median_k0,5,2018,227,103,85,0.07929515418502203
ES,upper_N10_median_k0,5,2019,220,83,111,-0.12727272727272726
ES,upper_N10_median_k0,5,2020,230,94,103,-0.0391304347826087
ES,upper_N10_median_k0,5,2021,225,103,94,0.04
ES,upper_N10_median_k0,5,2022,228,111,89,0.09649122807017543
ES,upper_N10_median_k0,15,2018,227,103,86,0.07488986784140969
ES,upper_N10_median_k0,15,2019,220,83,111,-0.12727272727272726
ES,upper_N10_median_k0,15,2020,230,97,106,-0.0391304347826087
ES,upper_N10_median_k0,15,2021,225,105,95,0.044444444444444446
ES,upper_N10_median_k0,15,2022,228,111,89,0.09649122807017543
ES,upper_N10_median_k0,30,2018,227,103,86,0.07488986784140969
ES,upper_N10_median_k0,30,2019,220,83,111,-0.12727272727272726
ES,upper_N10_median_k0,30,2020,230,97,106,-0.0391304347826087
ES,upper_N10_median_k0,30,2021,225,105,95,0.044444444444444446
ES,upper_N10_median_k0,30,2022,228,111,89,0.09649122807017543
ES,upper_N10_median_k0,60,2018,227,103,86,0.07488986784140969
ES,upper_N10_median_k0,60,2019,220,83,111,-0.12727272727272726
ES,upper_N10_median_k0,60,2020,230,97,106,-0.0391304347826087
ES,upper_N10_median_k0,60,2021,225,105,95,0.044444444444444446
ES,upper_N10_median_k0,60,2022,228,111,89,0.09649122807017543
ES,upper_N10_median_k0,120,2018,227,103,86,0.07488986784140969
ES,upper_N10_median_k0,120,2019,220,83,111,-0.12727272727272726
ES,upper_N10_median_k0,120,2020,230,97,106,-0.0391304347826087
ES,upper_N10_median_k0,120,2021,225,105,95,0.044444444444444446
ES,upper_N10_median_k0,120,2022,228,111,89,0.09649122807017543
ES,upper_N10_median_k1,5,2018,214,81,92,-0.0514018691588785
ES,upper_N10_median_k1,5,2019,198,84,84,0.0
ES,upper_N10_median_k1,5,2020,209,84,96,-0.05741626794258373
ES,upper_N10_median_k1,5,2021,201,90,86,0.01990049751243781
ES,upper_N10_median_k1,5,2022,209,103,82,0.10047846889952153
ES,upper_N10_median_k1,15,2018,214,83,92,-0.04205607476635514
ES,upper_N10_median_k1,15,2019,198,86,86,0.0
ES,upper_N10_median_k1,15,2020,209,87,101,-0.06698564593301436
ES,upper_N10_median_k1,15,2021,201,93,88,0.024875621890547265
ES,upper_N10_median_k1,15,2022,209,103,85,0.0861244019138756
ES,upper_N10_median_k1,30,2018,214,83,92,-0.04205607476635514
ES,upper_N10_median_k1,30,2019,198,86,87,-0.005050505050505051
ES,upper_N10_median_k1,30,2020,209,88,101,-0.06220095693779904
ES,upper_N10_median_k1,30,2021,201,93,88,0.024875621890547265
ES,upper_N10_median_k1,30,2022,209,103,85,0.0861244019138756
ES,upper_N10_median_k1,60,2018,214,83,92,-0.04205607476635514
ES,upper_N10_median_k1,60,2019,198,86,87,-0.005050505050505051
ES,upper_N10_median_k1,60,2020,209,88,101,-0.06220095693779904
ES,upper_N10_median_k1,60,2021,201,93,88,0.024875621890547265
ES,upper_N10_median_k1,60,2022,209,103,85,0.0861244019138756
ES,upper_N10_median_k1,120,2018,214,83,92,-0.04205607476635514
ES,upper_N10_median_k1,120,2019,198,86,87,-0.005050505050505051
ES,upper_N10_median_k1,120,2020,209,88,101,-0.06220095693779904
ES,upper_N10_median_k1,120,2021,201,93,88,0.024875621890547265
ES,upper_N10_median_k1,120,2022,209,103,85,0.0861244019138756
ES,upper_N10_median_k2,5,2018,199,70,98,-0.1407035175879397
ES,upper_N10_median_k2,5,2019,178,82,74,0.0449438202247191
ES,upper_N10_median_k2,5,2020,184,88,67,0.11413043478260869
ES,upper_N10_median_k2,5,2021,180,76,74,0.011111111111111112
ES,upper_N10_median_k2,5,2022,198,93,83,0.050505050505050504
ES,upper_N10_median_k2,15,2018,199,71,98,-0.135678391959799
ES,upper_N10_median_k2,15,2019,178,85,76,0.05056179775280899
ES,upper_N10_median_k2,15,2020,184,95,70,0.1358695652173913
ES,upper_N10_median_k2,15,2021,180,79,77,0.011111111111111112
ES,upper_N10_median_k2,15,2022,198,93,84,0.045454545454545456
ES,upper_N10_median_k2,30,2018,199,71,98,-0.135678391959799
ES,upper_N10_median_k2,30,2019,178,85,76,0.05056179775280899
ES,upper_N10_median_k2,30,2020,184,96,71,0.1358695652173913
ES,upper_N10_median_k2,30,2021,180,81,78,0.016666666666666666
ES,upper_N10_median_k2,30,2022,198,93,84,0.045454545454545456
ES,upper_N10_median_k2,60,2018,199,71,98,-0.135678391959799
ES,upper_N10_median_k2,60,2019,178,85,76,0.05056179775280899
ES,upper_N10_median_k2,60,2020,184,96,71,0.1358695652173913
ES,upper_N10_median_k2,60,2021,180,81,78,0.016666666666666666
ES,upper_N10_median_k2,60,2022,198,93,84,0.045454545454545456
ES,upper_N10_median_k2,120,2018,199,71,98,-0.135678391959799
ES,upper_N10_median_k2,120,2019,178,85,76,0.05056179775280899
ES,upper_N10_median_k2,120,2020,184,96,71,0.1358695652173913
ES,upper_N10_median_k2,120,2021,180,81,78,0.016666666666666666
ES,upper_N10_median_k2,120,2022,198,93,84,0.045454545454545456
ES,upper_N10_median_k3,5,2018,180,64,83,-0.10555555555555556
ES,upper_N10_median_k3,5,2019,164,78,66,0.07317073170731707
ES,upper_N10_median_k3,5,2020,167,62,68,-0.03592814371257485
ES,upper_N10_median_k3,5,2021,161,69,73,-0.024844720496894408
ES,upper_N10_median_k3,5,2022,184,82,82,0.0
ES,upper_N10_median_k3,15,2018,180,67,84,-0.09444444444444444
ES,upper_N10_median_k3,15,2019,164,83,66,0.10365853658536585
ES,upper_N10_median_k3,15,2020,167,67,73,-0.03592814371257485
ES,upper_N10_median_k3,15,2021,161,71,74,-0.018633540372670808
ES,upper_N10_median_k3,15,2022,184,82,85,-0.016304347826086956
ES,upper_N10_median_k3,30,2018,180,68,84,-0.08888888888888889
ES,upper_N10_median_k3,30,2019,164,85,66,0.11585365853658537
ES,upper_N10_median_k3,30,2020,167,69,74,-0.029940119760479042
ES,upper_N10_median_k3,30,2021,161,72,74,-0.012422360248447204
ES,upper_N10_median_k3,30,2022,184,82,85,-0.016304347826086956
ES,upper_N10_median_k3,60,2018,180,68,84,-0.08888888888888889
ES,upper_N10_median_k3,60,2019,164,85,66,0.11585365853658537
ES,upper_N10_median_k3,60,2020,167,69,74,-0.029940119760479042
ES,upper_N10_median_k3,60,2021,161,72,74,-0.012422360248447204
ES,upper_N10_median_k3,60,2022,184,82,85,-0.016304347826086956
ES,upper_N10_median_k3,120,2018,180,68,84,-0.08888888888888889
ES,upper_N10_median_k3,120,2019,164,85,66,0.11585365853658537
ES,upper_N10_median_k3,120,2020,167,69,74,-0.029940119760479042
ES,upper_N10_median_k3,120,2021,161,72,74,-0.012422360248447204
ES,upper_N10_median_k3,120,2022,184,82,85,-0.016304347826086956
ES,upper_N20_ema_k0,5,2018,213,99,79,0.09389671361502347
ES,upper_N20_ema_k0,5,2019,210,88,102,-0.06666666666666667
ES,upper_N20_ema_k0,5,2020,224,92,97,-0.022321428571428572
ES,upper_N20_ema_k0,5,2021,221,103,95,0.03619909502262444
ES,upper_N20_ema_k0,5,2022,221,113,89,0.1085972850678733
ES,upper_N20_ema_k0,15,2018,213,99,79,0.09389671361502347
ES,upper_N20_ema_k0,15,2019,210,89,102,-0.06190476190476191
ES,upper_N20_ema_k0,15,2020,224,97,102,-0.022321428571428572
ES,upper_N20_ema_k0,15,2021,221,104,97,0.03167420814479638
ES,upper_N20_ema_k0,15,2022,221,113,89,0.1085972850678733
ES,upper_N20_ema_k0,30,2018,213,99,79,0.09389671361502347
ES,upper_N20_ema_k0,30,2019,210,89,102,-0.06190476190476191
ES,upper_N20_ema_k0,30,2020,224,97,104,-0.03125
ES,upper_N20_ema_k0,30,2021,221,104,97,0.03167420814479638
ES,upper_N20_ema_k0,30,2022,221,113,89,0.1085972850678733
ES,upper_N20_ema_k0,60,2018,213,99,79,0.09389671361502347
ES,upper_N20_ema_k0,60,2019,210,89,102,-0.06190476190476191
ES,upper_N20_ema_k0,60,2020,224,97,104,-0.03125
ES,upper_N20_ema_k0,60,2021,221,105,97,0.03619909502262444
ES,upper_N20_ema_k0,60,2022,221,113,89,0.1085972850678733
ES,upper_N20_ema_k0,120,2018,213,99,79,0.09389671361502347
ES,upper_N20_ema_k0,120,2019,210,89,102,-0.06190476190476191
ES,upper_N20_ema_k0,120,2020,224,97,104,-0.03125
ES,upper_N20_ema_k0,120,2021,221,105,97,0.03619909502262444
ES,upper_N20_ema_k0,120,2022,221,113,89,0.1085972850678733
ES,upper_N20_ema_k1,5,2018,200,80,90,-0.05
ES,upper_N20_ema_k1,5,2019,191,93,78,0.07853403141361257
ES,upper_N20_ema_k1,5,2020,200,92,78,0.07
ES,upper_N20_ema_k1,5,2021,199,91,88,0.01507537688442211
ES,upper_N20_ema_k1,5,2022,207,102,81,0.10144927536231885
ES,upper_N20_ema_k1,15,2018,200,82,90,-0.04
ES,upper_N20_ema_k1,15,2019,191,95,81,0.07329842931937172
ES,upper_N20_ema_k1,15,2020,200,96,83,0.065
ES,upper_N20_ema_k1,15,2021,199,93,88,0.02512562814070352
ES,upper_N20_ema_k1,15,2022,207,102,84,0.08695652173913043
ES,upper_N20_ema_k1,30,2018,200,82,90,-0.04
ES,upper_N20_ema_k1,30,2019,191,95,81,0.07329842931937172
ES,upper_N20_ema_k1,30,2020,200,96,83,0.065
ES,upper_N20_ema_k1,30,2021,199,94,88,0.03015075376884422
ES,upper_N20_ema_k1,30,2022,207,102,84,0.08695652173913043
ES,upper_N20_ema_k1,60,2018,200,82,90,-0.04
ES,upper_N20_ema_k1,60,2019,191,95,81,0.07329842931937172
ES,upper_N20_ema_k1,60,2020,200,96,83,0.065
ES,upper_N20_ema_k1,60,2021,199,95,88,0.035175879396984924
ES,upper_N20_ema_k1,60,2022,207,102,84,0.08695652173913043
ES,upper_N20_ema_k1,120,2018,200,82,90,-0.04
ES,upper_N20_ema_k1,120,2019,191,95,81,0.07329842931937172
ES,upper_N20_ema_k1,120,2020,200,96,83,0.065
ES,upper_N20_ema_k1,120,2021,199,95,88,0.035175879396984924
ES,upper_N20_ema_k1,120,2022,207,102,84,0.08695652173913043
ES,upper_N20_ema_k2,5,2018,181,77,78,-0.0055248618784530384
ES,upper_N20_ema_k2,5,2019,175,82,72,0.05714285714285714
ES,upper_N20_ema_k2,5,2020,184,77,76,0.005434782608695652
ES,upper_N20_ema_k2,5,2021,177,78,72,0.03389830508474576
ES,upper_N20_ema_k2,5,2022,191,95,74,0.1099476439790576
ES,upper_N20_ema_k2,15,2018,181,77,80,-0.016574585635359115
ES,upper_N20_ema_k2,15,2019,175,86,76,0.05714285714285714
ES,upper_N20_ema_k2,15,2020,184,83,79,0.021739130434782608
ES,upper_N20_ema_k2,15,2021,177,85,74,0.062146892655367235
ES,upper_N20_ema_k2,15,2022,191,95,75,0.10471204188481675
ES,upper_N20_ema_k2,30,2018,181,77,80,-0.016574585635359115
ES,upper_N20_ema_k2,30,2019,175,86,76,0.05714285714285714
ES,upper_N20_ema_k2,30,2020,184,84,80,0.021739130434782608
ES,upper_N20_ema_k2,30,2021,177,86,74,0.06779661016949153
ES,upper_N20_ema_k2,30,2022,191,95,75,0.10471204188481675
ES,upper_N20_ema_k2,60,2018,181,77,80,-0.016574585635359115
ES,upper_N20_ema_k2,60,2019,175,86,76,0.05714285714285714
ES,upper_N20_ema_k2,60,2020,184,84,80,0.021739130434782608
ES,upper_N20_ema_k2,60,2021,177,86,74,0.06779661016949153
ES,upper_N20_ema_k2,60,2022,191,95,75,0.10471204188481675
ES,upper_N20_ema_k2,120,2018,181,77,80,-0.016574585635359115
ES,upper_N20_ema_k2,120,2019,175,86,76,0.05714285714285714
ES,upper_N20_ema_k2,120,2020,184,84,80,0.021739130434782608
ES,upper_N20_ema_k2,120,2021,177,86,74,0.06779661016949153
ES,upper_N20_ema_k2,120,2022,191,95,75,0.10471204188481675
ES,upper_N20_ema_k3,5,2018,167,63,84,-0.12574850299401197
ES,upper_N20_ema_k3,5,2019,157,69,66,0.01910828025477707
ES,upper_N20_ema_k3,5,2020,167,73,73,0.0
ES,upper_N20_ema_k3,5,2021,160,64,71,-0.04375
ES,upper_N20_ema_k3,5,2022,179,77,81,-0.0223463687150838
ES,upper_N20_ema_k3,15,2018,167,64,86,-0.1317365269461078
ES,upper_N20_ema_k3,15,2019,157,75,67,0.050955414012738856
ES,upper_N20_ema_k3,15,2020,167,78,74,0.023952095808383235
ES,upper_N20_ema_k3,15,2021,160,70,75,-0.03125
ES,upper_N20_ema_k3,15,2022,179,78,83,-0.027932960893854747
ES,upper_N20_ema_k3,30,2018,167,64,86,-0.1317365269461078
ES,upper_N20_ema_k3,30,2019,157,76,67,0.05732484076433121
ES,upper_N20_ema_k3,30,2020,167,80,74,0.03592814371257485
ES,upper_N20_ema_k3,30,2021,160,70,75,-0.03125
ES,upper_N20_ema_k3,30,2022,179,78,83,-0.027932960893854747
ES,upper_N20_ema_k3,60,2018,167,64,86,-0.1317365269461078
ES,upper_N20_ema_k3,60,2019,157,76,67,0.05732484076433121
ES,upper_N20_ema_k3,60,2020,167,80,74,0.03592814371257485
ES,upper_N20_ema_k3,60,2021,160,70,75,-0.03125
ES,upper_N20_ema_k3,60,2022,179,78,83,-0.027932960893854747
ES,upper_N20_ema_k3,120,2018,167,64,86,-0.1317365269461078
ES,upper_N20_ema_k3,120,2019,157,76,67,0.05732484076433121
ES,upper_N20_ema_k3,120,2020,167,80,74,0.03592814371257485
ES,upper_N20_ema_k3,120,2021,160,70,75,-0.03125
ES,upper_N20_ema_k3,120,2022,179,78,83,-0.027932960893854747
ES,upper_N20_mean_k0,5,2018,212,101,82,0.08962264150943396
ES,upper_N20_mean_k0,5,2019,208,91,99,-0.038461538461538464
ES,upper_N20_mean_k0,5,2020,227,89,101,-0.05286343612334802
ES,upper_N20_mean_k0,5,2021,223,97,102,-0.02242152466367713
ES,upper_N20_mean_k0,5,2022,220,111,86,0.11363636363636363
ES,upper_N20_mean_k0,15,2018,212,101,82,0.08962264150943396
ES,upper_N20_mean_k0,15,2019,208,91,100,-0.04326923076923077
ES,upper_N20_mean_k0,15,2020,227,94,108,-0.06167400881057269
ES,upper_N20_mean_k0,15,2021,223,97,104,-0.03139013452914798
ES,upper_N20_mean_k0,15,2022,220,111,86,0.11363636363636363
ES,upper_N20_mean_k0,30,2018,212,101,82,0.08962264150943396
ES,upper_N20_mean_k0,30,2019,208,91,100,-0.04326923076923077
ES,upper_N20_mean_k0,30,2020,227,94,110,-0.07048458149779736
ES,upper_N20_mean_k0,30,2021,223,97,104,-0.03139013452914798
ES,upper_N20_mean_k0,30,2022,220,111,86,0.11363636363636363
ES,upper_N20_mean_k0,60,2018,212,101,82,0.08962264150943396
ES,upper_N20_mean_k0,60,2019,208,91,100,-0.04326923076923077
ES,upper_N20_mean_k0,60,2020,227,94,110,-0.07048458149779736
ES,upper_N20_mean_k0,60,2021,223,98,104,-0.026905829596412557
ES,upper_N20_mean_k0,60,2022,220,111,86,0.11363636363636363
ES,upper_N20_mean_k0,120,2018,212,101,82,0.08962264150943396
ES,upper_N20_mean_k0,120,2019,208,91,100,-0.04326923076923077
ES,upper_N20_mean_k0,120,2020,227,94,110,-0.07048458149779736
ES,upper_N20_mean_k0,120,2021,223,98,104,-0.026905829596412557
ES,upper_N20_mean_k0,120,2022,220,111,86,0.11363636363636363
ES,upper_N20_mean_k1,5,2018,196,83,85,-0.01020408163265306
ES,upper_N20_mean_k1,5,2019,190,90,73,0.08947368421052632
ES,upper_N20_mean_k1,5,2020,199,92,75,0.08542713567839195
ES,upper_N20_mean_k1,5,2021,198,88,90,-0.010101010101010102
ES,upper_N20_mean_k1,5,2022,209,107,80,0.1291866028708134
ES,upper_N20_mean_k1,15,2018,196,85,85,0.0
ES,upper_N20_mean_k1,15,2019,190,95,78,0.08947368421052632
ES,upper_N20_mean_k1,15,2020,199,96,78,0.09045226130653267
ES,upper_N20_mean_k1,15,2021,198,90,90,0.0
ES,upper_N20_mean_k1,15,2022,209,107,82,0.11961722488038277
ES,upper_N20_mean_k1,30,2018,196,85,85,0.0
ES,upper_N20_mean_k1,30,2019,190,95,78,0.08947368421052632
ES,upper_N20_mean_k1,30,2020,199,96,78,0.09045226130653267
ES,upper_N20_mean_k1,30,2021,198,91,91,0.0
ES,upper_N20_mean_k1,30,2022,209,107,82,0.11961722488038277
ES,upper_N20_mean_k1,60,2018,196,85,85,0.0
ES,upper_N20_mean_k1,60,2019,190,95,78,0.08947368421052632
ES,upper_N20_mean_k1,60,2020,199,96,78,0.09045226130653267
ES,upper_N20_mean_k1,60,2021,198,91,91,0.0
ES,upper_N20_mean_k1,60,2022,209,107,82,0.11961722488038277
ES,upper_N20_mean_k1,120,2018,196,85,85,0.0
ES,upper_N20_mean_k1,120,2019,190,95,78,0.08947368421052632
ES,upper_N20_mean_k1,120,2020,199,96,78,0.09045226130653267
ES,upper_N20_mean_k1,120,2021,198,91,91,0.0
ES,upper_N20_mean_k1,120,2022,209,107,82,0.11961722488038277
ES,upper_N20_mean_k2,5,2018,182,70,84,-0.07692307692307693
ES,upper_N20_mean_k2,5,2019,175,84,71,0.07428571428571429
ES,upper_N20_mean_k2,5,2020,184,72,82,-0.05434782608695652
ES,upper_N20_mean_k2,5,2021,179,79,73,0.0335195530726257
ES,upper_N20_mean_k2,5,2022,194,93,79,0.07216494845360824
ES,upper_N20_mean_k2,15,2018,182,70,85,-0.08241758241758242
ES,upper_N20_mean_k2,15,2019,175,88,74,0.08
ES,upper_N20_mean_k2,15,2020,184,78,85,-0.03804347826086957
ES,upper_N20_mean_k2,15,2021,179,85,76,0.05027932960893855
ES,upper_N20_mean_k2,15,2022,194,94,80,0.07216494845360824
ES,upper_N20_mean_k2,30,2018,182,70,85,-0.08241758241758242
ES,upper_N20_mean_k2,30,2019,175,88,75,0.07428571428571429
ES,upper_N20_mean_k2,30,2020,184,80,85,-0.02717391304347826
ES,upper_N20_mean_k2,30,2021,179,87,76,0.061452513966480445
ES,upper_N20_mean_k2,30,2022,194,94,80,0.07216494845360824
ES,upper_N20_mean_k2,60,2018,182,70,85,-0.08241758241758242
ES,upper_N20_mean_k2,60,2019,175,88,75,0.07428571428571429
ES,upper_N20_mean_k2,60,2020,184,80,85,-0.02717391304347826
ES,upper_N20_mean_k2,60,2021,179,87,76,0.061452513966480445
ES,upper_N20_mean_k2,60,2022,194,94,80,0.07216494845360824
ES,upper_N20_mean_k2,120,2018,182,70,85,-0.08241758241758242
ES,upper_N20_mean_k2,120,2019,175,88,75,0.07428571428571429
ES,upper_N20_mean_k2,120,2020,184,80,85,-0.02717391304347826
ES,upper_N20_mean_k2,120,2021,179,87,76,0.061452513966480445
ES,upper_N20_mean_k2,120,2022,194,94,80,0.07216494845360824
ES,upper_N20_mean_k3,5,2018,166,63,80,-0.10240963855421686
ES,upper_N20_mean_k3,5,2019,158,73,64,0.056962025316455694
ES,upper_N20_mean_k3,5,2020,170,78,72,0.03529411764705882
ES,upper_N20_mean_k3,5,2021,160,63,70,-0.04375
ES,upper_N20_mean_k3,5,2022,180,76,79,-0.016666666666666666
ES,upper_N20_mean_k3,15,2018,166,66,82,-0.0963855421686747
ES,upper_N20_mean_k3,15,2019,158,77,66,0.06962025316455696
ES,upper_N20_mean_k3,15,2020,170,84,72,0.07058823529411765
ES,upper_N20_mean_k3,15,2021,160,70,74,-0.025
ES,upper_N20_mean_k3,15,2022,180,79,81,-0.011111111111111112
ES,upper_N20_mean_k3,30,2018,166,66,82,-0.0963855421686747
ES,upper_N20_mean_k3,30,2019,158,77,66,0.06962025316455696
ES,upper_N20_mean_k3,30,2020,170,85,72,0.07647058823529412
ES,upper_N20_mean_k3,30,2021,160,70,74,-0.025
ES,upper_N20_mean_k3,30,2022,180,79,81,-0.011111111111111112
ES,upper_N20_mean_k3,60,2018,166,66,82,-0.0963855421686747
ES,upper_N20_mean_k3,60,2019,158,77,66,0.06962025316455696
ES,upper_N20_mean_k3,60,2020,170,85,72,0.07647058823529412
ES,upper_N20_mean_k3,60,2021,160,70,74,-0.025
ES,upper_N20_mean_k3,60,2022,180,79,81,-0.011111111111111112
ES,upper_N20_mean_k3,120,2018,166,66,82,-0.0963855421686747
ES,upper_N20_mean_k3,120,2019,158,77,66,0.06962025316455696
ES,upper_N20_mean_k3,120,2020,170,85,72,0.07647058823529412
ES,upper_N20_mean_k3,120,2021,160,70,74,-0.025
ES,upper_N20_mean_k3,120,2022,180,79,81,-0.011111111111111112
ES,upper_N20_median_k0,5,2018,218,103,86,0.0779816513761468
ES,upper_N20_median_k0,5,2019,218,89,107,-0.08256880733944955
ES,upper_N20_median_k0,5,2020,232,87,112,-0.10775862068965517
ES,upper_N20_median_k0,5,2021,228,107,97,0.043859649122807015
ES,upper_N20_median_k0,5,2022,228,105,97,0.03508771929824561
ES,upper_N20_median_k0,15,2018,218,103,87,0.07339449541284404
ES,upper_N20_median_k0,15,2019,218,89,108,-0.0871559633027523
ES,upper_N20_median_k0,15,2020,232,89,114,-0.10775862068965517
ES,upper_N20_median_k0,15,2021,228,108,99,0.039473684210526314
ES,upper_N20_median_k0,15,2022,228,106,97,0.039473684210526314
ES,upper_N20_median_k0,30,2018,218,103,87,0.07339449541284404
ES,upper_N20_median_k0,30,2019,218,89,108,-0.0871559633027523
ES,upper_N20_median_k0,30,2020,232,90,114,-0.10344827586206896
ES,upper_N20_median_k0,30,2021,228,108,99,0.039473684210526314
ES,upper_N20_median_k0,30,2022,228,106,97,0.039473684210526314
ES,upper_N20_median_k0,60,2018,218,103,87,0.07339449541284404
ES,upper_N20_median_k0,60,2019,218,89,108,-0.0871559633027523
ES,upper_N20_median_k0,60,2020,232,90,114,-0.10344827586206896
ES,upper_N20_median_k0,60,2021,228,109,99,0.043859649122807015
ES,upper_N20_median_k0,60,2022,228,106,97,0.039473684210526314
ES,upper_N20_median_k0,120,2018,218,103,87,0.07339449541284404
ES,upper_N20_median_k0,120,2019,218,89,108,-0.0871559633027523
ES,upper_N20_median_k0,120,2020,232,90,114,-0.10344827586206896
ES,upper_N20_median_k0,120,2021,228,109,99,0.043859649122807015
ES,upper_N20_median_k0,120,2022,228,106,97,0.039473684210526314
ES,upper_N20_median_k1,5,2018,204,80,85,-0.024509803921568627
ES,upper_N20_median_k1,5,2019,195,91,84,0.035897435897435895
ES,upper_N20_median_k1,5,2020,205,85,88,-0.014634146341463415
ES,upper_N20_median_k1,5,2021,200,91,88,0.015
ES,upper_N20_median_k1,5,2022,209,105,83,0.10526315789473684
ES,upper_N20_median_k1,15,2018,204,81,85,-0.0196078431372549
ES,upper_N20_median_k1,15,2019,195,93,86,0.035897435897435895
ES,upper_N20_median_k1,15,2020,205,90,90,0.0
ES,upper_N20_median_k1,15,2021,200,92,92,0.0
ES,upper_N20_median_k1,15,2022,209,106,85,0.10047846889952153
ES,upper_N20_median_k1,30,2018,204,81,85,-0.0196078431372549
ES,upper_N20_median_k1,30,2019,195,93,86,0.035897435897435895
ES,upper_N20_median_k1,30,2020,205,90,90,0.0
ES,upper_N20_median_k1,30,2021,200,93,92,0.005
ES,upper_N20_median_k1,30,2022,209,106,85,0.10047846889952153
ES,upper_N20_median_k1,60,2018,204,81,85,-0.0196078431372549
ES,upper_N20_median_k1,60,2019,195,93,86,0.035897435897435895
ES,upper_N20_median_k1,60,2020,205,90,90,0.0
ES,upper_N20_median_k1,60,2021,200,94,92,0.01
ES,upper_N20_median_k1,60,2022,209,106,85,0.10047846889952153
ES,upper_N20_median_k1,120,2018,204,81,85,-0.0196078431372549
ES,upper_N20_median_k1,120,2019,195,93,86,0.035897435897435895
ES,upper_N20_median_k1,120,2020,205,90,90,0.0
ES,upper_N20_median_k1,120,2021,200,94,92,0.01
ES,upper_N20_median_k1,120,2022,209,106,85,0.10047846889952153
ES,upper_N20_median_k2,5,2018,184,81,79,0.010869565217391304
ES,upper_N20_median_k2,5,2019,177,90,69,0.11864406779661017
ES,upper_N20_median_k2,5,2020,186,79,83,-0.021505376344086023
ES,upper_N20_median_k2,5,2021,181,84,71,0.0718232044198895
ES,upper_N20_median_k2,5,2022,197,99,76,0.116751269035533
ES,upper_N20_median_k2,15,2018,184,83,81,0.010869565217391304
ES,upper_N20_median_k2,15,2019,177,93,71,0.12429378531073447
ES,upper_N20_median_k2,15,2020,186,83,86,-0.016129032258064516
ES,upper_N20_median_k2,15,2021,181,90,72,0.09944751381215469
ES,upper_N20_median_k2,15,2022,197,99,76,0.116751269035533
ES,upper_N20_median_k2,30,2018,184,83,81,0.010869565217391304
ES,upper_N20_median_k2,30,2019,177,93,72,0.11864406779661017
ES,upper_N20_median_k2,30,2020,186,85,86,-0.005376344086021506
ES,upper_N20_median_k2,30,2021,181,92,72,0.11049723756906077
ES,upper_N20_median_k2,30,2022,197,99,76,0.116751269035533
ES,upper_N20_median_k2,60,2018,184,83,81,0.010869565217391304
ES,upper_N20_median_k2,60,2019,177,93,72,0.11864406779661017
ES,upper_N20_median_k2,60,2020,186,85,86,-0.005376344086021506
ES,upper_N20_median_k2,60,2021,181,92,72,0.11049723756906077
ES,upper_N20_median_k2,60,2022,197,99,76,0.116751269035533
ES,upper_N20_median_k2,120,2018,184,83,81,0.010869565217391304
ES,upper_N20_median_k2,120,2019,177,93,72,0.11864406779661017
ES,upper_N20_median_k2,120,2020,186,85,86,-0.005376344086021506
ES,upper_N20_median_k2,120,2021,181,92,72,0.11049723756906077
ES,upper_N20_median_k2,120,2022,197,99,76,0.116751269035533
ES,upper_N20_median_k3,5,2018,171,73,72,0.005847953216374269
ES,upper_N20_median_k3,5,2019,160,74,69,0.03125
ES,upper_N20_median_k3,5,2020,171,69,72,-0.017543859649122806
ES,upper_N20_median_k3,5,2021,167,70,68,0.011976047904191617
ES,upper_N20_median_k3,5,2022,182,81,78,0.016483516483516484
ES,upper_N20_median_k3,15,2018,171,74,75,-0.005847953216374269
ES,upper_N20_median_k3,15,2019,160,77,70,0.04375
ES,upper_N20_median_k3,15,2020,171,75,77,-0.011695906432748537
ES,upper_N20_median_k3,15,2021,167,74,70,0.023952095808383235
ES,upper_N20_median_k3,15,2022,182,83,79,0.02197802197802198
ES,upper_N20_median_k3,30,2018,171,74,76,-0.011695906432748537
ES,upper_N20_median_k3,30,2019,160,78,70,0.05
ES,upper_N20_median_k3,30,2020,171,76,77,-0.005847953216374269
ES,upper_N20_median_k3,30,2021,167,76,71,0.029940119760479042
ES,upper_N20_median_k3,30,2022,182,83,79,0.02197802197802198
ES,upper_N20_median_k3,60,2018,171,74,76,-0.011695906432748537
ES,upper_N20_median_k3,60,2019,160,78,70,0.05
ES,upper_N20_median_k3,60,2020,171,76,77,-0.005847953216374269
ES,upper_N20_median_k3,60,2021,167,76,71,0.029940119760479042
ES,upper_N20_median_k3,60,2022,182,83,79,0.02197802197802198
ES,upper_N20_median_k3,120,2018,171,74,76,-0.011695906432748537
ES,upper_N20_median_k3,120,2019,160,78,70,0.05
ES,upper_N20_median_k3,120,2020,171,76,77,-0.005847953216374269
ES,upper_N20_median_k3,120,2021,167,76,71,0.029940119760479042
ES,upper_N20_median_k3,120,2022,182,83,79,0.02197802197802198
ES,upper_N5_ema_k0,5,2018,226,96,85,0.048672566371681415
ES,upper_N5_ema_k0,5,2019,213,79,90,-0.051643192488262914
ES,upper_N5_ema_k0,5,2020,228,94,95,-0.0043859649122807015
ES,upper_N5_ema_k0,5,2021,221,90,92,-0.00904977375565611
ES,upper_N5_ema_k0,5,2022,220,110,78,0.14545454545454545
ES,upper_N5_ema_k0,15,2018,226,96,86,0.04424778761061947
ES,upper_N5_ema_k0,15,2019,213,81,92,-0.051643192488262914
ES,upper_N5_ema_k0,15,2020,228,95,96,-0.0043859649122807015
ES,upper_N5_ema_k0,15,2021,221,92,95,-0.013574660633484163
ES,upper_N5_ema_k0,15,2022,220,110,80,0.13636363636363635
ES,upper_N5_ema_k0,30,2018,226,96,86,0.04424778761061947
ES,upper_N5_ema_k0,30,2019,213,82,92,-0.046948356807511735
ES,upper_N5_ema_k0,30,2020,228,95,97,-0.008771929824561403
ES,upper_N5_ema_k0,30,2021,221,93,95,-0.00904977375565611
ES,upper_N5_ema_k0,30,2022,220,110,80,0.13636363636363635
ES,upper_N5_ema_k0,60,2018,226,96,86,0.04424778761061947
ES,upper_N5_ema_k0,60,2019,213,82,92,-0.046948356807511735
ES,upper_N5_ema_k0,60,2020,228,95,97,-0.008771929824561403
ES,upper_N5_ema_k0,60,2021,221,93,96,-0.013574660633484163
ES,upper_N5_ema_k0,60,2022,220,110,80,0.13636363636363635
ES,upper_N5_ema_k0,120,2018,226,96,86,0.04424778761061947
ES,upper_N5_ema_k0,120,2019,213,82,92,-0.046948356807511735
ES,upper_N5_ema_k0,120,2020,228,95,97,-0.008771929824561403
ES,upper_N5_ema_k0,120,2021,221,93,96,-0.013574660633484163
ES,upper_N5_ema_k0,120,2022,220,110,80,0.13636363636363635
ES,upper_N5_ema_k1,5,2018,213,80,86,-0.028169014084507043
ES,upper_N5_ema_k1,5,2019,194,82,72,0.05154639175257732
ES,upper_N5_ema_k1,5,2020,212,84,91,-0.0330188679245283
ES,upper_N5_ema_k1,5,2021,200,89,78,0.055
ES,upper_N5_ema_k1,5,2022,207,108,72,0.17391304347826086
ES,upper_N5_ema_k1,15,2018,213,80,86,-0.028169014084507043
ES,upper_N5_ema_k1,15,2019,194,84,75,0.04639175257731959
ES,upper_N5_ema_k1,15,2020,212,89,96,-0.0330188679245283
ES,upper_N5_ema_k1,15,2021,200,91,82,0.045
ES,upper_N5_ema_k1,15,2022,207,109,73,0.17391304347826086
ES,upper_N5_ema_k1,30,2018,213,80,86,-0.028169014084507043
ES,upper_N5_ema_k1,30,2019,194,84,75,0.04639175257731959
ES,upper_N5_ema_k1,30,2020,212,89,97,-0.03773584905660377
ES,upper_N5_ema_k1,30,2021,200,92,83,0.045
ES,upper_N5_ema_k1,30,2022,207,109,73,0.17391304347826086
ES,upper_N5_ema_k1,60,2018,213,80,86,-0.028169014084507043
ES,upper_N5_ema_k1,60,2019,194,84,75,0.04639175257731959
ES,upper_N5_ema_k1,60,2020,212,89,98,-0.04245283018867924
ES,upper_N5_ema_k1,60,2021,200,92,83,0.045
ES,upper_N5_ema_k1,60,2022,207,109,73,0.17391304347826086
ES,upper_N5_ema_k1,120,2018,213,80,86,-0.028169014084507043
ES,upper_N5_ema_k1,120,2019,194,84,75,0.04639175257731959
ES,upper_N5_ema_k1,120,2020,212,89,98,-0.04245283018867924
ES,upper_N5_ema_k1,120,2021,200,92,83,0.045
ES,upper_N5_ema_k1,120,2022,207,109,73,0.17391304347826086
ES,upper_N5_ema_k2,5,2018,200,80,79,0.005
ES,upper_N5_ema_k2,5,2019,181,82,77,0.027624309392265192
ES,upper_N5_ema_k2,5,2020,186,81,72,0.04838709677419355
ES,upper_N5_ema_k2,5,2021,184,77,77,0.0
ES,upper_N5_ema_k2,5,2022,197,89,74,0.07614213197969544
ES,upper_N5_ema_k2,15,2018,200,82,81,0.005
ES,upper_N5_ema_k2,15,2019,181,82,78,0.022099447513812154
ES,upper_N5_ema_k2,15,2020,186,84,76,0.043010752688172046
ES,upper_N5_ema_k2,15,2021,184,80,80,0.0
ES,upper_N5_ema_k2,15,2022,197,90,76,0.07106598984771574
ES,upper_N5_ema_k2,30,2018,200,82,81,0.005
ES,upper_N5_ema_k2,30,2019,181,83,78,0.027624309392265192
ES,upper_N5_ema_k2,30,2020,186,84,77,0.03763440860215054
ES,upper_N5_ema_k2,30,2021,184,81,80,0.005434782608695652
ES,upper_N5_ema_k2,30,2022,197,90,76,0.07106598984771574
ES,upper_N5_ema_k2,60,2018,200,82,81,0.005
ES,upper_N5_ema_k2,60,2019,181,83,78,0.027624309392265192
ES,upper_N5_ema_k2,60,2020,186,84,77,0.03763440860215054
ES,upper_N5_ema_k2,60,2021,184,81,80,0.005434782608695652
ES,upper_N5_ema_k2,60,2022,197,90,76,0.07106598984771574
ES,upper_N5_ema_k2,120,2018,200,82,81,0.005
ES,upper_N5_ema_k2,120,2019,181,83,78,0.027624309392265192
ES,upper_N5_ema_k2,120,2020,186,84,77,0.03763440860215054
ES,upper_N5_ema_k2,120,2021,184,81,80,0.005434782608695652
ES,upper_N5_ema_k2,120,2022,197,90,76,0.07106598984771574
ES,upper_N5_ema_k3,5,2018,192,87,83,0.020833333333333332
ES,upper_N5_ema_k3,5,2019,171,69,67,0.011695906432748537
ES,upper_N5_ema_k3,5,2020,169,67,65,0.011834319526627219
ES,upper_N5_ema_k3,5,2021,160,74,61,0.08125
ES,upper_N5_ema_k3,5,2022,185,86,75,0.05945945945945946
ES,upper_N5_ema_k3,15,2018,192,87,85,0.010416666666666666
ES,upper_N5_ema_k3,15,2019,171,72,70,0.011695906432748537
ES,upper_N5_ema_k3,15,2020,169,74,69,0.029585798816568046
ES,upper_N5_ema_k3,15,2021,160,74,63,0.06875
ES,upper_N5_ema_k3,15,2022,185,87,78,0.04864864864864865
ES,upper_N5_ema_k3,30,2018,192,87,85,0.010416666666666666
ES,upper_N5_ema_k3,30,2019,171,75,70,0.029239766081871343
ES,upper_N5_ema_k3,30,2020,169,74,69,0.029585798816568046
ES,upper_N5_ema_k3,30,2021,160,74,64,0.0625
ES,upper_N5_ema_k3,30,2022,185,87,78,0.04864864864864865
ES,upper_N5_ema_k3,60,2018,192,87,85,0.010416666666666666
ES,upper_N5_ema_k3,60,2019,171,75,70,0.029239766081871343
ES,upper_N5_ema_k3,60,2020,169,75,69,0.03550295857988166
ES,upper_N5_ema_k3,60,2021,160,75,64,0.06875
ES,upper_N5_ema_k3,60,2022,185,87,78,0.04864864864864865
ES,upper_N5_ema_k3,120,2018,192,87,85,0.010416666666666666
ES,upper_N5_ema_k3,120,2019,171,75,70,0.029239766081871343
ES,upper_N5_ema_k3,120,2020,169,75,69,0.03550295857988166
ES,upper_N5_ema_k3,120,2021,160,75,64,0.06875
ES,upper_N5_ema_k3,120,2022,185,87,78,0.04864864864864865
ES,upper_N5_mean_k0,5,2018,227,94,86,0.03524229074889868
ES,upper_N5_mean_k0,5,2019,216,82,96,-0.06481481481481481
ES,upper_N5_mean_k0,5,2020,228,97,95,0.008771929824561403
ES,upper_N5_mean_k0,5,2021,222,91,95,-0.018018018018018018
ES,upper_N5_mean_k0,5,2022,222,107,87,0.09009009009009009
ES,upper_N5_mean_k0,15,2018,227,94,87,0.030837004405286344
ES,upper_N5_mean_k0,15,2019,216,84,96,-0.05555555555555555
ES,upper_N5_mean_k0,15,2020,228,100,96,0.017543859649122806
ES,upper_N5_mean_k0,15,2021,222,95,98,-0.013513513513513514
ES,upper_N5_mean_k0,15,2022,222,108,88,0.09009009009009009
ES,upper_N5_mean_k0,30,2018,227,94,87,0.030837004405286344
ES,upper_N5_mean_k0,30,2019,216,84,96,-0.05555555555555555
ES,upper_N5_mean_k0,30,2020,228,100,96,0.017543859649122806
ES,upper_N5_mean_k0,30,2021,222,95,98,-0.013513513513513514
ES,upper_N5_mean_k0,30,2022,222,108,88,0.09009009009009009
ES,upper_N5_mean_k0,60,2018,227,94,87,0.030837004405286344
ES,upper_N5_mean_k0,60,2019,216,85,96,-0.05092592592592592
ES,upper_N5_mean_k0,60,2020,228,100,96,0.017543859649122806
ES,upper_N5_mean_k0,60,2021,222,95,98,-0.013513513513513514
ES,upper_N5_mean_k0,60,2022,222,108,88,0.09009009009009009
ES,upper_N5_mean_k0,120,2018,227,94,87,0.030837004405286344
ES,upper_N5_mean_k0,120,2019,216,85,96,-0.05092592592592592
ES,upper_N5_mean_k0,120,2020,228,100,96,0.017543859649122806
ES,upper_N5_mean_k0,120,2021,222,95,98,-0.013513513513513514
ES,upper_N5_mean_k0,120,2022,222,108,88,0.09009009009009009
ES,upper_N5_mean_k1,5,2018,212,81,87,-0.02830188679245283
ES,upper_N5_mean_k1,5,2019,196,81,69,0.061224489795918366
ES,upper_N5_mean_k1,5,2020,210,88,90,-0.009523809523809525
ES,upper_N5_mean_k1,5,2021,202,88,81,0.034653465346534656
ES,upper_N5_mean_k1,5,2022,210,108,78,0.14285714285714285
ES,upper_N5_mean_k1,15,2018,212,82,87,-0.02358490566037736
ES,upper_N5_mean_k1,15,2019,196,84,72,0.061224489795918366
ES,upper_N5_mean_k1,15,2020,210,90,95,-0.023809523809523808
ES,upper_N5_mean_k1,15,2021,202,89,85,0.019801980198019802
ES,upper_N5_mean_k1,15,2022,210,109,78,0.14761904761904762
ES,upper_N5_mean_k1,30,2018,212,82,87,-0.02358490566037736
ES,upper_N5_mean_k1,30,2019,196,84,72,0.061224489795918366
ES,upper_N5_mean_k1,30,2020,210,90,95,-0.023809523809523808
ES,upper_N5_mean_k1,30,2021,202,90,85,0.024752475247524754
ES,upper_N5_mean_k1,30,2022,210,109,78,0.14761904761904762
ES,upper_N5_mean_k1,60,2018,212,82,87,-0.02358490566037736
ES,upper_N5_mean_k1,60,2019,196,84,72,0.061224489795918366
ES,upper_N5_mean_k1,60,2020,210,90,96,-0.02857142857142857
ES,upper_N5_mean_k1,60,2021,202,90,85,0.024752475247524754
ES,upper_N5_mean_k1,60,2022,210,109,78,0.14761904761904762
ES,upper_N5_mean_k1,120,2018,212,82,87,-0.02358490566037736
ES,upper_N5_mean_k1,120,2019,196,84,72,0.061224489795918366
ES,upper_N5_mean_k1,120,2020,210,90,96,-0.02857142857142857
ES,upper_N5_mean_k1,120,2021,202,90,85,0.024752475247524754
ES,upper_N5_mean_k1,120,2022,210,109,78,0.14761904761904762
ES,upper_N5_mean_k2,5,2018,200,81,76,0.025
ES,upper_N5_mean_k2,5,2019,183,81,77,0.02185792349726776
ES,upper_N5_mean_k2,5,2020,187,81,74,0.0374331550802139
ES,upper_N5_mean_k2,5,2021,181,78,74,0.022099447513812154
ES,upper_N5_mean_k2,5,2022,198,81,79,0.010101010101010102
ES,upper_N5_mean_k2,15,2018,200,83,78,0.025
ES,upper_N5_mean_k2,15,2019,183,82,78,0.02185792349726776
ES,upper_N5_mean_k2,15,2020,187,83,78,0.026737967914438502
ES,upper_N5_mean_k2,15,2021,181,80,78,0.011049723756906077
ES,upper_N5_mean_k2,15,2022,198,83,81,0.010101010101010102
ES,upper_N5_mean_k2,30,2018,200,83,78,0.025
ES,upper_N5_mean_k2,30,2019,183,83,78,0.0273224043715847
ES,upper_N5_mean_k2,30,2020,187,83,79,0.0213903743315508
ES,upper_N5_mean_k2,30,2021,181,81,78,0.016574585635359115
ES,upper_N5_mean_k2,30,2022,198,83,81,0.010101010101010102
ES,upper_N5_mean_k2,60,2018,200,83,78,0.025
ES,upper_N5_mean_k2,60,2019,183,83,78,0.0273224043715847
ES,upper_N5_mean_k2,60,2020,187,83,79,0.0213903743315508
ES,upper_N5_mean_k2,60,2021,181,81,78,0.016574585635359115
ES,upper_N5_mean_k2,60,2022,198,83,81,0.010101010101010102
ES,upper_N5_mean_k2,120,2018,200,83,78,0.025
ES,upper_N5_mean_k2,120,2019,183,83,78,0.0273224043715847
ES,upper_N5_mean_k2,120,2020,187,83,79,0.0213903743315508
ES,upper_N5_mean_k2,120,2021,181,81,78,0.016574585635359115
ES,upper_N5_mean_k2,120,2022,198,83,81,0.010101010101010102
ES,upper_N5_mean_k3,5,2018,193,81,81,0.0
ES,upper_N5_mean_k3,5,2019,171,68,69,-0.005847953216374269
ES,upper_N5_mean_k3,5,2020,166,74,51,0.13855421686746988
ES,upper_N5_mean_k3,5,2021,158,71,60,0.06962025316455696
ES,upper_N5_mean_k3,5,2022,184,85,75,0.05434782608695652
ES,upper_N5_mean_k3,15,2018,193,82,84,-0.010362694300518135
ES,upper_N5_mean_k3,15,2019,171,71,70,0.005847953216374269
ES,upper_N5_mean_k3,15,2020,166,80,55,0.15060240963855423
ES,upper_N5_mean_k3,15,2021,158,73,63,0.06329113924050633
ES,upper_N5_mean_k3,15,2022,184,87,77,0.05434782608695652
ES,upper_N5_mean_k3,30,2018,193,83,84,-0.0051813471502590676
ES,upper_N5_mean_k3,30,2019,171,73,71,0.011695906432748537
ES,upper_N5_mean_k3,30,2020,166,82,56,0.1566265060240964
ES,upper_N5_mean_k3,30,2021,158,73,65,0.05063291139240506
ES,upper_N5_mean_k3,30,2022,184,87,77,0.05434782608695652
ES,upper_N5_mean_k3,60,2018,193,83,84,-0.0051813471502590676
ES,upper_N5_mean_k3,60,2019,171,73,71,0.011695906432748537
ES,upper_N5_mean_k3,60,2020,166,82,56,0.1566265060240964
ES,upper_N5_mean_k3,60,2021,158,73,65,0.05063291139240506
ES,upper_N5_mean_k3,60,2022,184,87,77,0.05434782608695652
ES,upper_N5_mean_k3,120,2018,193,83,84,-0.0051813471502590676
ES,upper_N5_mean_k3,120,2019,171,73,71,0.011695906432748537
ES,upper_N5_mean_k3,120,2020,166,82,56,0.1566265060240964
ES,upper_N5_mean_k3,120,2021,158,73,65,0.05063291139240506
ES,upper_N5_mean_k3,120,2022,184,87,77,0.05434782608695652
ES,upper_N5_median_k0,5,2018,232,84,98,-0.0603448275862069
ES,upper_N5_median_k0,5,2019,223,77,108,-0.13901345291479822
ES,upper_N5_median_k0,5,2020,234,95,100,-0.021367521367521368
ES,upper_N5_median_k0,5,2021,228,96,94,0.008771929824561403
ES,upper_N5_median_k0,5,2022,223,111,80,0.13901345291479822
ES,upper_N5_median_k0,15,2018,232,84,99,-0.06465517241379311
ES,upper_N5_median_k0,15,2019,223,79,108,-0.13004484304932734
ES,upper_N5_median_k0,15,2020,234,96,102,-0.02564102564102564
ES,upper_N5_median_k0,15,2021,228,98,97,0.0043859649122807015
ES,upper_N5_median_k0,15,2022,223,111,82,0.13004484304932734
ES,upper_N5_median_k0,30,2018,232,84,99,-0.06465517241379311
ES,upper_N5_median_k0,30,2019,223,79,108,-0.13004484304932734
ES,upper_N5_median_k0,30,2020,234,96,102,-0.02564102564102564
ES,upper_N5_median_k0,30,2021,228,98,97,0.0043859649122807015
ES,upper_N5_median_k0,30,2022,223,111,82,0.13004484304932734
ES,upper_N5_median_k0,60,2018,232,84,99,-0.06465517241379311
ES,upper_N5_median_k0,60,2019,223,79,108,-0.13004484304932734
ES,upper_N5_median_k0,60,2020,234,96,102,-0.02564102564102564
ES,upper_N5_median_k0,60,2021,228,99,97,0.008771929824561403
ES,upper_N5_median_k0,60,2022,223,111,82,0.13004484304932734
ES,upper_N5_median_k0,120,2018,232,84,99,-0.06465517241379311
ES,upper_N5_median_k0,120,2019,223,79,108,-0.13004484304932734
ES,upper_N5_median_k0,120,2020,234,96,102,-0.02564102564102564
ES,upper_N5_median_k0,120,2021,228,99,97,0.008771929824561403
ES,upper_N5_median_k0,120,2022,223,111,82,0.13004484304932734
ES,upper_N5_median_k1,5,2018,217,74,91,-0.07834101382488479
ES,upper_N5_median_k1,5,2019,199,70,86,-0.08040201005025126
ES,upper_N5_median_k1,5,2020,209,75,99,-0.11483253588516747
ES,upper_N5_median_k1,5,2021,205,82,85,-0.014634146341463415
ES,upper_N5_median_k1,5,2022,210,100,79,0.1
ES,upper_N5_median_k1,15,2018,217,74,91,-0.07834101382488479
ES,upper_N5_median_k1,15,2019,199,72,88,-0.08040201005025126
ES,upper_N5_median_k1,15,2020,209,80,101,-0.10047846889952153
ES,upper_N5_median_k1,15,2021,205,83,88,-0.024390243902439025
ES,upper_N5_median_k1,15,2022,210,100,79,0.1
ES,upper_N5_median_k1,30,2018,217,74,91,-0.07834101382488479
ES,upper_N5_median_k1,30,2019,199,72,89,-0.08542713567839195
ES,upper_N5_median_k1,30,2020,209,81,102,-0.10047846889952153
ES,upper_N5_median_k1,30,2021,205,84,89,-0.024390243902439025
ES,upper_N5_median_k1,30,2022,210,100,79,0.1
ES,upper_N5_median_k1,60,2018,217,74,91,-0.07834101382488479
ES,upper_N5_median_k1,60,2019,199,72,89,-0.08542713567839195
ES,upper_N5_median_k1,60,2020,209,81,102,-0.10047846889952153
ES,upper_N5_median_k1,60,2021,205,84,90,-0.02926829268292683
ES,upper_N5_median_k1,60,2022,210,100,79,0.1
ES,upper_N5_median_k1,120,2018,217,74,91,-0.07834101382488479
ES,upper_N5_median_k1,120,2019,199,72,89,-0.08542713567839195
ES,upper_N5_median_k1,120,2020,209,81,102,-0.10047846889952153
ES,upper_N5_median_k1,120,2021,205,84,90,-0.02926829268292683
ES,upper_N5_median_k1,120,2022,210,100,79,0.1
ES,upper_N5_median_k2,5,2018,205,77,85,-0.03902439024390244
ES,upper_N5_median_k2,5,2019,184,86,75,0.059782608695652176
ES,upper_N5_median_k2,5,2020,192,89,68,0.109375
ES,upper_N5_median_k2,5,2021,187,72,81,-0.0481283422459893
ES,upper_N5_median_k2,5,2022,199,91,76,0.07537688442211055
ES,upper_N5_median_k2,15,2018,205,79,87,-0.03902439024390244
ES,upper_N5_median_k2,15,2019,184,88,77,0.059782608695652176
ES,upper_N5_median_k2,15,2020,192,92,74,0.09375
ES,upper_N5_median_k2,15,2021,187,74,83,-0.0481283422459893
ES,upper_N5_median_k2,15,2022,199,91,79,0.06030150753768844
ES,upper_N5_median_k2,30,2018,205,79,87,-0.03902439024390244
ES,upper_N5_median_k2,30,2019,184,88,77,0.059782608695652176
ES,upper_N5_median_k2,30,2020,192,92,74,0.09375
ES,upper_N5_median_k2,30,2021,187,75,83,-0.0427807486631016
ES,upper_N5_median_k2,30,2022,199,91,79,0.06030150753768844
ES,upper_N5_median_k2,60,2018,205,79,87,-0.03902439024390244
ES,upper_N5_median_k2,60,2019,184,88,77,0.059782608695652176
ES,upper_N5_median_k2,60,2020,192,92,74,0.09375
ES,upper_N5_median_k2,60,2021,187,75,83,-0.0427807486631016
ES,upper_N5_median_k2,60,2022,199,91,79,0.06030150753768844
ES,upper_N5_median_k2,120,2018,205,79,87,-0.03902439024390244
ES,upper_N5_median_k2,120,2019,184,88,77,0.059782608695652176
ES,upper_N5_median_k2,120,2020,192,92,74,0.09375
ES,upper_N5_median_k2,120,2021,187,75,83,-0.0427807486631016
ES,upper_N5_median_k2,120,2022,199,91,79,0.06030150753768844
ES,upper_N5_median_k3,5,2018,192,91,70,0.109375
ES,upper_N5_median_k3,5,2019,173,76,67,0.05202312138728324
ES,upper_N5_median_k3,5,2020,170,73,60,0.07647058823529412
ES,upper_N5_median_k3,5,2021,163,74,58,0.09815950920245399
ES,upper_N5_median_k3,5,2022,185,97,71,0.14054054054054055
ES,upper_N5_median_k3,15,2018,192,93,72,0.109375
ES,upper_N5_median_k3,15,2019,173,78,68,0.057803468208092484
ES,upper_N5_median_k3,15,2020,170,78,64,0.08235294117647059
ES,upper_N5_median_k3,15,2021,163,77,64,0.07975460122699386
ES,upper_N5_median_k3,15,2022,185,98,71,0.14594594594594595
ES,upper_N5_median_k3,30,2018,192,93,72,0.109375
ES,upper_N5_median_k3,30,2019,173,81,68,0.07514450867052024
ES,upper_N5_median_k3,30,2020,170,78,64,0.08235294117647059
ES,upper_N5_median_k3,30,2021,163,77,65,0.0736196319018405
ES,upper_N5_median_k3,30,2022,185,98,71,0.14594594594594595
ES,upper_N5_median_k3,60,2018,192,93,72,0.109375
ES,upper_N5_median_k3,60,2019,173,81,68,0.07514450867052024
ES,upper_N5_median_k3,60,2020,170,78,64,0.08235294117647059
ES,upper_N5_median_k3,60,2021,163,78,65,0.07975460122699386
ES,upper_N5_median_k3,60,2022,185,98,71,0.14594594594594595
ES,upper_N5_median_k3,120,2018,192,93,72,0.109375
ES,upper_N5_median_k3,120,2019,173,81,68,0.07514450867052024
ES,upper_N5_median_k3,120,2020,170,78,64,0.08235294117647059
ES,upper_N5_median_k3,120,2021,163,78,65,0.07975460122699386
ES,upper_N5_median_k3,120,2022,185,98,71,0.14594594594594595
NQ,ON_VWAP_0,5,2018,198,68,56,0.06060606060606061
NQ,ON_VWAP_0,5,2019,181,53,52,0.0055248618784530384
NQ,ON_VWAP_0,5,2020,192,41,54,-0.06770833333333333
NQ,ON_VWAP_0,5,2021,189,72,53,0.10052910052910052
NQ,ON_VWAP_0,5,2022,183,53,51,0.01092896174863388
NQ,ON_VWAP_0,15,2018,198,94,82,0.06060606060606061
NQ,ON_VWAP_0,15,2019,181,78,76,0.011049723756906077
NQ,ON_VWAP_0,15,2020,192,73,77,-0.020833333333333332
NQ,ON_VWAP_0,15,2021,189,81,71,0.05291005291005291
NQ,ON_VWAP_0,15,2022,183,72,76,-0.02185792349726776
NQ,ON_VWAP_0,30,2018,198,102,89,0.06565656565656566
NQ,ON_VWAP_0,30,2019,181,87,80,0.03867403314917127
NQ,ON_VWAP_0,30,2020,192,80,89,-0.046875
NQ,ON_VWAP_0,30,2021,189,94,77,0.08994708994708994
NQ,ON_VWAP_0,30,2022,183,83,83,0.0
NQ,ON_VWAP_0,60,2018,198,106,90,0.08080808080808081
NQ,ON_VWAP_0,60,2019,181,91,82,0.049723756906077346
NQ,ON_VWAP_0,60,2020,192,87,96,-0.046875
NQ,ON_VWAP_0,60,2021,189,98,84,0.07407407407407407
NQ,ON_VWAP_0,60,2022,183,86,87,-0.00546448087431694
NQ,ON_VWAP_0,120,2018,198,107,90,0.08585858585858586
NQ,ON_VWAP_0,120,2019,181,92,82,0.055248618784530384
NQ,ON_VWAP_0,120,2020,192,87,99,-0.0625
NQ,ON_VWAP_0,120,2021,189,103,85,0.09523809523809523
NQ,ON_VWAP_0,120,2022,183,89,89,0.0
NQ,ON_VWAP_m1,5,2018,178,63,62,0.0056179775280898875
NQ,ON_VWAP_m1,5,2019,163,41,53,-0.0736196319018405
NQ,ON_VWAP_m1,5,2020,166,55,46,0.05421686746987952
NQ,ON_VWAP_m1,5,2021,178,60,54,0.033707865168539325
NQ,ON_VWAP_m1,5,2022,183,51,57,-0.03278688524590164
NQ,ON_VWAP_m1,15,2018,178,78,81,-0.016853932584269662
NQ,ON_VWAP_m1,15,2019,163,60,75,-0.09202453987730061
NQ,ON_VWAP_m1,15,2020,166,71,65,0.03614457831325301
NQ,ON_VWAP_m1,15,2021,178,81,75,0.033707865168539325
NQ,ON_VWAP_m1,15,2022,183,73,79,-0.03278688524590164
NQ,ON_VWAP_m1,30,2018,178,84,88,-0.02247191011235955
NQ,ON_VWAP_m1,30,2019,163,71,79,-0.049079754601226995
NQ,ON_VWAP_m1,30,2020,166,80,72,0.04819277108433735
NQ,ON_VWAP_m1,30,2021,178,85,81,0.02247191011235955
NQ,ON_VWAP_m1,30,2022,183,82,83,-0.00546448087431694
NQ,ON_VWAP_m1,60,2018,178,86,90,-0.02247191011235955
NQ,ON_VWAP_m1,60,2019,163,76,83,-0.04294478527607362
NQ,ON_VWAP_m1,60,2020,166,86,74,0.07228915662650602
NQ,ON_VWAP_m1,60,2021,178,87,88,-0.0056179775280898875
NQ,ON_VWAP_m1,60,2022,183,87,87,0.0
NQ,ON_VWAP_m1,120,2018,178,86,91,-0.028089887640449437
NQ,ON_VWAP_m1,120,2019,163,76,85,-0.05521472392638037
NQ,ON_VWAP_m1,120,2020,166,88,75,0.0783132530120482
NQ,ON_VWAP_m1,120,2021,178,87,88,-0.0056179775280898875
NQ,ON_VWAP_m1,120,2022,183,93,88,0.0273224043715847
NQ,ON_VWAP_m2,5,2018,154,58,56,0.012987012987012988
NQ,ON_VWAP_m2,5,2019,133,40,45,-0.03759398496240601
NQ,ON_VWAP_m2,5,2020,126,51,32,0.15079365079365079
NQ,ON_VWAP_m2,5,2021,140,51,46,0.03571428571428571
NQ,ON_VWAP_m2,5,2022,149,46,39,0.04697986577181208
NQ,ON_VWAP_m2,15,2018,154,72,67,0.032467532467532464
NQ,ON_VWAP_m2,15,2019,133,58,57,0.007518796992481203
NQ,ON_VWAP_m2,15,2020,126,65,46,0.15079365079365079
NQ,ON_VWAP_m2,15,2021,140,63,58,0.03571428571428571
NQ,ON_VWAP_m2,15,2022,149,60,59,0.006711409395973154
NQ,ON_VWAP_m2,30,2018,154,77,71,0.03896103896103896
NQ,ON_VWAP_m2,30,2019,133,60,64,-0.03007518796992481
NQ,ON_VWAP_m2,30,2020,126,66,53,0.10317460317460317
NQ,ON_VWAP_m2,30,2021,140,70,60,0.07142857142857142
NQ,ON_VWAP_m2,30,2022,149,71,63,0.053691275167785234
NQ,ON_VWAP_m2,60,2018,154,79,72,0.045454545454545456
NQ,ON_VWAP_m2,60,2019,133,62,66,-0.03007518796992481
NQ,ON_VWAP_m2,60,2020,126,67,57,0.07936507936507936
NQ,ON_VWAP_m2,60,2021,140,74,63,0.07857142857142857
NQ,ON_VWAP_m2,60,2022,149,76,65,0.0738255033557047
NQ,ON_VWAP_m2,120,2018,154,79,74,0.032467532467532464
NQ,ON_VWAP_m2,120,2019,133,64,66,-0.015037593984962405
NQ,ON_VWAP_m2,120,2020,126,68,57,0.0873015873015873
NQ,ON_VWAP_m2,120,2021,140,75,64,0.07857142857142857
NQ,ON_VWAP_m2,120,2022,149,80,65,0.10067114093959731
NQ,ON_VWAP_m3,5,2018,105,34,40,-0.05714285714285714
NQ,ON_VWAP_m3,5,2019,97,31,26,0.05154639175257732
NQ,ON_VWAP_m3,5,2020,96,33,28,0.052083333333333336
NQ,ON_VWAP_m3,5,2021,105,38,33,0.047619047619047616
NQ,ON_VWAP_m3,5,2022,110,22,34,-0.10909090909090909
NQ,ON_VWAP_m3,15,2018,105,44,51,-0.06666666666666667
NQ,ON_VWAP_m3,15,2019,97,45,37,0.08247422680412371
NQ,ON_VWAP_m3,15,2020,96,44,45,-0.010416666666666666
NQ,ON_VWAP_m3,15,2021,105,46,42,0.0380952380952381
NQ,ON_VWAP_m3,15,2022,110,39,48,-0.08181818181818182
NQ,ON_VWAP_m3,30,2018,105,50,53,-0.02857142857142857
NQ,ON_VWAP_m3,30,2019,97,50,42,0.08247422680412371
NQ,ON_VWAP_m3,30,2020,96,46,49,-0.03125
NQ,ON_VWAP_m3,30,2021,105,46,54,-0.0761904761904762
NQ,ON_VWAP_m3,30,2022,110,47,51,-0.03636363636363636
NQ,ON_VWAP_m3,60,2018,105,51,54,-0.02857142857142857
NQ,ON_VWAP_m3,60,2019,97,51,43,0.08247422680412371
NQ,ON_VWAP_m3,60,2020,96,47,49,-0.020833333333333332
NQ,ON_VWAP_m3,60,2021,105,46,55,-0.08571428571428572
NQ,ON_VWAP_m3,60,2022,110,50,55,-0.045454545454545456
NQ,ON_VWAP_m3,120,2018,105,51,54,-0.02857142857142857
NQ,ON_VWAP_m3,120,2019,97,51,44,0.07216494845360824
NQ,ON_VWAP_m3,120,2020,96,47,49,-0.020833333333333332
NQ,ON_VWAP_m3,120,2021,105,47,57,-0.09523809523809523
NQ,ON_VWAP_m3,120,2022,110,50,57,-0.06363636363636363
NQ,ON_VWAP_p1,5,2018,192,51,58,-0.036458333333333336
NQ,ON_VWAP_p1,5,2019,170,52,48,0.023529411764705882
NQ,ON_VWAP_p1,5,2020,187,43,51,-0.0427807486631016
NQ,ON_VWAP_p1,5,2021,180,54,59,-0.027777777777777776
NQ,ON_VWAP_p1,5,2022,176,55,49,0.03409090909090909
NQ,ON_VWAP_p1,15,2018,192,72,86,-0.07291666666666667
NQ,ON_VWAP_p1,15,2019,170,74,70,0.023529411764705882
NQ,ON_VWAP_p1,15,2020,187,69,76,-0.0374331550802139
NQ,ON_VWAP_p1,15,2021,180,70,82,-0.06666666666666667
NQ,ON_VWAP_p1,15,2022,176,67,73,-0.03409090909090909
NQ,ON_VWAP_p1,30,2018,192,81,97,-0.08333333333333333
NQ,ON_VWAP_p1,30,2019,170,83,79,0.023529411764705882
NQ,ON_VWAP_p1,30,2020,187,79,86,-0.0374331550802139
NQ,ON_VWAP_p1,30,2021,180,80,88,-0.044444444444444446
NQ,ON_VWAP_p1,30,2022,176,78,86,-0.045454545454545456
NQ,ON_VWAP_p1,60,2018,192,83,102,-0.09895833333333333
NQ,ON_VWAP_p1,60,2019,170,84,80,0.023529411764705882
NQ,ON_VWAP_p1,60,2020,187,84,95,-0.058823529411764705
NQ,ON_VWAP_p1,60,2021,180,82,90,-0.044444444444444446
NQ,ON_VWAP_p1,60,2022,176,81,87,-0.03409090909090909
NQ,ON_VWAP_p1,120,2018,192,87,103,-0.08333333333333333
NQ,ON_VWAP_p1,120,2019,170,86,82,0.023529411764705882
NQ,ON_VWAP_p1,120,2020,187,88,96,-0.0427807486631016
NQ,ON_VWAP_p1,120,2021,180,83,93,-0.05555555555555555
NQ,ON_VWAP_p1,120,2022,176,81,90,-0.05113636363636364
NQ,ON_VWAP_p2,5,2018,151,47,39,0.052980132450331126
NQ,ON_VWAP_p2,5,2019,151,44,41,0.019867549668874173
NQ,ON_VWAP_p2,5,2020,138,34,27,0.050724637681159424
NQ,ON_VWAP_p2,5,2021,149,40,41,-0.006711409395973154
NQ,ON_VWAP_p2,5,2022,129,36,31,0.03875968992248062
NQ,ON_VWAP_p2,15,2018,151,61,61,0.0
NQ,ON_VWAP_p2,15,2019,151,62,59,0.019867549668874173
NQ,ON_VWAP_p2,15,2020,138,48,45,0.021739130434782608
NQ,ON_VWAP_p2,15,2021,149,63,66,-0.020134228187919462
NQ,ON_VWAP_p2,15,2022,129,48,56,-0.06201550387596899
NQ,ON_VWAP_p2,30,2018,151,70,68,0.013245033112582781
NQ,ON_VWAP_p2,30,2019,151,71,63,0.052980132450331126
NQ,ON_VWAP_p2,30,2020,138,63,58,0.036231884057971016
NQ,ON_VWAP_p2,30,2021,149,67,70,-0.020134228187919462
NQ,ON_VWAP_p2,30,2022,129,54,66,-0.09302325581395349
NQ,ON_VWAP_p2,60,2018,151,77,69,0.052980132450331126
NQ,ON_VWAP_p2,60,2019,151,74,70,0.026490066225165563
NQ,ON_VWAP_p2,60,2020,138,69,62,0.050724637681159424
NQ,ON_VWAP_p2,60,2021,149,76,73,0.020134228187919462
NQ,ON_VWAP_p2,60,2022,129,57,68,-0.08527131782945736
NQ,ON_VWAP_p2,120,2018,151,78,71,0.046357615894039736
NQ,ON_VWAP_p2,120,2019,151,76,74,0.013245033112582781
NQ,ON_VWAP_p2,120,2020,138,71,63,0.057971014492753624
NQ,ON_VWAP_p2,120,2021,149,76,73,0.020134228187919462
NQ,ON_VWAP_p2,120,2022,129,57,71,-0.10852713178294573
NQ,ON_VWAP_p3,5,2018,113,24,24,0.0
NQ,ON_VWAP_p3,5,2019,107,25,25,0.0
NQ,ON_VWAP_p3,5,2020,98,16,23,-0.07142857142857142
NQ,ON_VWAP_p3,5,2021,114,31,26,0.043859649122807015
NQ,ON_VWAP_p3,5,2022,88,21,21,0.0
NQ,ON_VWAP_p3,15,2018,113,38,47,-0.07964601769911504
NQ,ON_VWAP_p3,15,2019,107,39,45,-0.056074766355140186
NQ,ON_VWAP_p3,15,2020,98,28,40,-0.12244897959183673
NQ,ON_VWAP_p3,15,2021,114,44,39,0.043859649122807015
NQ,ON_VWAP_p3,15,2022,88,37,32,0.056818181818181816
NQ,ON_VWAP_p3,30,2018,113,44,57,-0.11504424778761062
NQ,ON_VWAP_p3,30,2019,107,43,48,-0.04672897196261682
NQ,ON_VWAP_p3,30,2020,98,34,48,-0.14285714285714285
NQ,ON_VWAP_p3,30,2021,114,47,44,0.02631578947368421
NQ,ON_VWAP_p3,30,2022,88,43,35,0.09090909090909091
NQ,ON_VWAP_p3,60,2018,113,46,63,-0.1504424778761062
NQ,ON_VWAP_p3,60,2019,107,48,54,-0.056074766355140186
NQ,ON_VWAP_p3,60,2020,98,38,54,-0.16326530612244897
NQ,ON_VWAP_p3,60,2021,114,53,50,0.02631578947368421
NQ,ON_VWAP_p3,60,2022,88,47,36,0.125
NQ,ON_VWAP_p3,120,2018,113,47,65,-0.1592920353982301
NQ,ON_VWAP_p3,120,2019,107,50,54,-0.037383177570093455
NQ,ON_VWAP_p3,120,2020,98,41,54,-0.1326530612244898
NQ,ON_VWAP_p3,120,2021,114,55,54,0.008771929824561403
NQ,ON_VWAP_p3,120,2022,88,48,38,0.11363636363636363
NQ,PR_VWAP_0,5,2018,87,7,8,-0.011494252873563218
NQ,PR_VWAP_0,5,2019,90,10,11,-0.011111111111111112
NQ,PR_VWAP_0,5,2020,100,9,10,-0.01
NQ,PR_VWAP_0,5,2021,112,13,16,-0.026785714285714284
NQ,PR_VWAP_0,5,2022,106,11,9,0.018867924528301886
NQ,PR_VWAP_0,15,2018,87,15,16,-0.011494252873563218
NQ,PR_VWAP_0,15,2019,90,20,21,-0.011111111111111112
NQ,PR_VWAP_0,15,2020,100,19,26,-0.07
NQ,PR_VWAP_0,15,2021,112,25,35,-0.08928571428571429
NQ,PR_VWAP_0,15,2022,106,20,23,-0.02830188679245283
NQ,PR_VWAP_0,30,2018,87,31,25,0.06896551724137931
NQ,PR_VWAP_0,30,2019,90,29,37,-0.08888888888888889
NQ,PR_VWAP_0,30,2020,100,27,36,-0.09
NQ,PR_VWAP_0,30,2021,112,37,44,-0.0625
NQ,PR_VWAP_0,30,2022,106,33,34,-0.009433962264150943
NQ,PR_VWAP_0,60,2018,87,38,36,0.022988505747126436
NQ,PR_VWAP_0,60,2019,90,33,45,-0.13333333333333333
NQ,PR_VWAP_0,60,2020,100,34,45,-0.11
NQ,PR_VWAP_0,60,2021,112,45,50,-0.044642857142857144
NQ,PR_VWAP_0,60,2022,106,41,44,-0.02830188679245283
NQ,PR_VWAP_0,120,2018,87,40,39,0.011494252873563218
NQ,PR_VWAP_0,120,2019,90,35,47,-0.13333333333333333
NQ,PR_VWAP_0,120,2020,100,41,50,-0.09
NQ,PR_VWAP_0,120,2021,112,53,52,0.008928571428571428
NQ,PR_VWAP_0,120,2022,106,46,48,-0.018867924528301886
NQ,PR_VWAP_m1,5,2018,83,11,9,0.024096385542168676
NQ,PR_VWAP_m1,5,2019,84,12,13,-0.011904761904761904
NQ,PR_VWAP_m1,5,2020,81,10,11,-0.012345679012345678
NQ,PR_VWAP_m1,5,2021,84,17,13,0.047619047619047616
NQ,PR_VWAP_m1,5,2022,103,11,12,-0.009708737864077669
NQ,PR_VWAP_m1,15,2018,83,20,25,-0.060240963855421686
NQ,PR_VWAP_m1,15,2019,84,23,20,0.03571428571428571
NQ,PR_VWAP_m1,15,2020,81,22,29,-0.08641975308641975
NQ,PR_VWAP_m1,15,2021,84,29,29,0.0
NQ,PR_VWAP_m1,15,2022,103,28,28,0.0
NQ,PR_VWAP_m1,30,2018,83,25,32,-0.08433734939759036
NQ,PR_VWAP_m1,30,2019,84,35,34,0.011904761904761904
NQ,PR_VWAP_m1,30,2020,81,28,38,-0.12345679012345678
NQ,PR_VWAP_m1,30,2021,84,34,33,0.011904761904761904
NQ,PR_VWAP_m1,30,2022,103,36,38,-0.019417475728155338
NQ,PR_VWAP_m1,60,2018,83,29,40,-0.13253012048192772
NQ,PR_VWAP_m1,60,2019,84,42,36,0.07142857142857142
NQ,PR_VWAP_m1,60,2020,81,29,41,-0.14814814814814814
NQ,PR_VWAP_m1,60,2021,84,40,36,0.047619047619047616
NQ,PR_VWAP_m1,60,2022,103,45,44,0.009708737864077669
NQ,PR_VWAP_m1,120,2018,83,31,47,-0.1927710843373494
NQ,PR_VWAP_m1,120,2019,84,44,37,0.08333333333333333
NQ,PR_VWAP_m1,120,2020,81,30,42,-0.14814814814814814
NQ,PR_VWAP_m1,120,2021,84,43,39,0.047619047619047616
NQ,PR_VWAP_m1,120,2022,103,46,47,-0.009708737864077669
NQ,PR_VWAP_m2,5,2018,68,7,4,0.04411764705882353
NQ,PR_VWAP_m2,5,2019,75,15,10,0.06666666666666667
NQ,PR_VWAP_m2,5,2020,63,9,7,0.031746031746031744
NQ,PR_VWAP_m2,5,2021,75,21,10,0.14666666666666667
NQ,PR_VWAP_m2,5,2022,89,8,11,-0.033707865168539325
NQ,PR_VWAP_m2,15,2018,68,20,16,0.058823529411764705
NQ,PR_VWAP_m2,15,2019,75,30,20,0.13333333333333333
NQ,PR_VWAP_m2,15,2020,63,21,14,0.1111111111111111
NQ,PR_VWAP_m2,15,2021,75,29,17,0.16
NQ,PR_VWAP_m2,15,2022,89,20,17,0.033707865168539325
NQ,PR_VWAP_m2,30,2018,68,24,24,0.0
NQ,PR_VWAP_m2,30,2019,75,37,22,0.2
NQ,PR_VWAP_m2,30,2020,63,28,25,0.047619047619047616
NQ,PR_VWAP_m2,30,2021,75,35,24,0.14666666666666667
NQ,PR_VWAP_m2,30,2022,89,31,26,0.056179775280898875
NQ,PR_VWAP_m2,60,2018,68,29,27,0.029411764705882353
NQ,PR_VWAP_m2,60,2019,75,40,27,0.17333333333333334
NQ,PR_VWAP_m2,60,2020,63,28,29,-0.015873015873015872
NQ,PR_VWAP_m2,60,2021,75,38,30,0.10666666666666667
NQ,PR_VWAP_m2,60,2022,89,38,35,0.033707865168539325
NQ,PR_VWAP_m2,120,2018,68,34,28,0.08823529411764706
NQ,PR_VWAP_m2,120,2019,75,41,32,0.12
NQ,PR_VWAP_m2,120,2020,63,29,32,-0.047619047619047616
NQ,PR_VWAP_m2,120,2021,75,40,34,0.08
NQ,PR_VWAP_m2,120,2022,89,42,40,0.02247191011235955
NQ,PR_VWAP_m3,5,2018,53,12,7,0.09433962264150944
NQ,PR_VWAP_m3,5,2019,59,14,12,0.03389830508474576
NQ,PR_VWAP_m3,5,2020,42,10,8,0.047619047619047616
NQ,PR_VWAP_m3,5,2021,58,17,6,0.1896551724137931
NQ,PR_VWAP_m3,5,2022,66,6,5,0.015151515151515152
NQ,PR_VWAP_m3,15,2018,53,20,16,0.07547169811320754
NQ,PR_VWAP_m3,15,2019,59,25,16,0.15254237288135594
NQ,PR_VWAP_m3,15,2020,42,14,15,-0.023809523809523808
NQ,PR_VWAP_m3,15,2021,58,23,17,0.10344827586206896
NQ,PR_VWAP_m3,15,2022,66,18,17,0.015151515151515152
NQ,PR_VWAP_m3,30,2018,53,25,19,0.11320754716981132
NQ,PR_VWAP_m3,30,2019,59,29,20,0.15254237288135594
NQ,PR_VWAP_m3,30,2020,42,16,19,-0.07142857142857142
NQ,PR_VWAP_m3,30,2021,58,28,21,0.1206896551724138
NQ,PR_VWAP_m3,30,2022,66,22,21,0.015151515151515152
NQ,PR_VWAP_m3,60,2018,53,29,22,0.1320754716981132
NQ,PR_VWAP_m3,60,2019,59,31,21,0.1694915254237288
NQ,PR_VWAP_m3,60,2020,42,17,22,-0.11904761904761904
NQ,PR_VWAP_m3,60,2021,58,29,22,0.1206896551724138
NQ,PR_VWAP_m3,60,2022,66,29,26,0.045454545454545456
NQ,PR_VWAP_m3,120,2018,53,30,22,0.1509433962264151
NQ,PR_VWAP_m3,120,2019,59,34,22,0.2033898305084746
NQ,PR_VWAP_m3,120,2020,42,18,24,-0.14285714285714285
NQ,PR_VWAP_m3,120,2021,58,31,24,0.1206896551724138
NQ,PR_VWAP_m3,120,2022,66,31,28,0.045454545454545456
NQ,PR_VWAP_p1,5,2018,97,7,7,0.0
NQ,PR_VWAP_p1,5,2019,92,8,11,-0.03260869565217391
NQ,PR_VWAP_p1,5,2020,107,10,9,0.009345794392523364
NQ,PR_VWAP_p1,5,2021,125,18,11,0.056
NQ,PR_VWAP_p1,5,2022,96,8,6,0.020833333333333332
NQ,PR_VWAP_p1,15,2018,97,22,17,0.05154639175257732
NQ,PR_VWAP_p1,15,2019,92,18,28,-0.10869565217391304
NQ,PR_VWAP_p1,15,2020,107,25,27,-0.018691588785046728
NQ,PR_VWAP_p1,15,2021,125,26,30,-0.032
NQ,PR_VWAP_p1,15,2022,96,27,17,0.10416666666666667
NQ,PR_VWAP_p1,30,2018,97,31,21,0.10309278350515463
NQ,PR_VWAP_p1,30,2019,92,32,36,-0.043478260869565216
NQ,PR_VWAP_p1,30,2020,107,38,36,0.018691588785046728
NQ,PR_VWAP_p1,30,2021,125,32,41,-0.072
NQ,PR_VWAP_p1,30,2022,96,33,30,0.03125
NQ,PR_VWAP_p1,60,2018,97,39,27,0.12371134020618557
NQ,PR_VWAP_p1,60,2019,92,37,44,-0.07608695652173914
NQ,PR_VWAP_p1,60,2020,107,48,41,0.06542056074766354
NQ,PR_VWAP_p1,60,2021,125,39,56,-0.136
NQ,PR_VWAP_p1,60,2022,96,46,32,0.14583333333333334
NQ,PR_VWAP_p1,120,2018,97,46,40,0.061855670103092786
NQ,PR_VWAP_p1,120,2019,92,40,47,-0.07608695652173914
NQ,PR_VWAP_p1,120,2020,107,49,45,0.037383177570093455
NQ,PR_VWAP_p1,120,2021,125,46,62,-0.128
NQ,PR_VWAP_p1,120,2022,96,48,38,0.10416666666666667
NQ,PR_VWAP_p2,5,2018,88,11,7,0.045454545454545456
NQ,PR_VWAP_p2,5,2019,89,12,11,0.011235955056179775
NQ,PR_VWAP_p2,5,2020,103,9,14,-0.04854368932038835
NQ,PR_VWAP_p2,5,2021,98,13,15,-0.02040816326530612
NQ,PR_VWAP_p2,5,2022,82,8,2,0.07317073170731707
NQ,PR_VWAP_p2,15,2018,88,22,21,0.011363636363636364
NQ,PR_VWAP_p2,15,2019,89,24,23,0.011235955056179775
NQ,PR_VWAP_p2,15,2020,103,26,24,0.019417475728155338
NQ,PR_VWAP_p2,15,2021,98,24,23,0.01020408163265306
NQ,PR_VWAP_p2,15,2022,82,20,16,0.04878048780487805
NQ,PR_VWAP_p2,30,2018,88,28,29,-0.011363636363636364
NQ,PR_VWAP_p2,30,2019,89,29,31,-0.02247191011235955
NQ,PR_VWAP_p2,30,2020,103,29,33,-0.038834951456310676
NQ,PR_VWAP_p2,30,2021,98,30,35,-0.05102040816326531
NQ,PR_VWAP_p2,30,2022,82,30,24,0.07317073170731707
NQ,PR_VWAP_p2,60,2018,88,32,33,-0.011363636363636364
NQ,PR_VWAP_p2,60,2019,89,40,35,0.056179775280898875
NQ,PR_VWAP_p2,60,2020,103,39,42,-0.02912621359223301
NQ,PR_VWAP_p2,60,2021,98,35,39,-0.04081632653061224
NQ,PR_VWAP_p2,60,2022,82,35,29,0.07317073170731707
NQ,PR_VWAP_p2,120,2018,88,34,41,-0.07954545454545454
NQ,PR_VWAP_p2,120,2019,89,44,38,0.06741573033707865
NQ,PR_VWAP_p2,120,2020,103,48,46,0.019417475728155338
NQ,PR_VWAP_p2,120,2021,98,40,47,-0.07142857142857142
NQ,PR_VWAP_p2,120,2022,82,38,34,0.04878048780487805
NQ,PR_VWAP_p3,5,2018,64,7,5,0.03125
NQ,PR_VWAP_p3,5,2019,76,13,7,0.07894736842105263
NQ,PR_VWAP_p3,5,2020,69,11,8,0.043478260869565216
NQ,PR_VWAP_p3,5,2021,58,14,5,0.15517241379310345
NQ,PR_VWAP_p3,5,2022,52,5,2,0.057692307692307696
NQ,PR_VWAP_p3,15,2018,64,14,14,0.0
NQ,PR_VWAP_p3,15,2019,76,25,15,0.13157894736842105
NQ,PR_VWAP_p3,15,2020,69,17,18,-0.014492753623188406
NQ,PR_VWAP_p3,15,2021,58,20,10,0.1724137931034483
NQ,PR_VWAP_p3,15,2022,52,13,7,0.11538461538461539
NQ,PR_VWAP_p3,30,2018,64,21,24,-0.046875
NQ,PR_VWAP_p3,30,2019,76,31,21,0.13157894736842105
NQ,PR_VWAP_p3,30,2020,69,19,24,-0.07246376811594203
NQ,PR_VWAP_p3,30,2021,58,24,14,0.1724137931034483
NQ,PR_VWAP_p3,30,2022,52,24,8,0.3076923076923077
NQ,PR_VWAP_p3,60,2018,64,28,28,0.0
NQ,PR_VWAP_p3,60,2019,76,35,26,0.11842105263157894
NQ,PR_VWAP_p3,60,2020,69,24,27,-0.043478260869565216
NQ,PR_VWAP_p3,60,2021,58,31,17,0.2413793103448276
NQ,PR_VWAP_p3,60,2022,52,27,15,0.23076923076923078
NQ,PR_VWAP_p3,120,2018,64,29,30,-0.015625
NQ,PR_VWAP_p3,120,2019,76,39,27,0.15789473684210525
NQ,PR_VWAP_p3,120,2020,69,28,32,-0.057971014492753624
NQ,PR_VWAP_p3,120,2021,58,34,19,0.25862068965517243
NQ,PR_VWAP_p3,120,2022,52,30,20,0.19230769230769232
NQ,lower_N10_ema_k0,5,2018,211,72,107,-0.16587677725118483
NQ,lower_N10_ema_k0,5,2019,214,94,95,-0.004672897196261682
NQ,lower_N10_ema_k0,5,2020,217,93,84,0.041474654377880185
NQ,lower_N10_ema_k0,5,2021,217,92,102,-0.04608294930875576
NQ,lower_N10_ema_k0,5,2022,222,99,79,0.09009009009009009
NQ,lower_N10_ema_k0,15,2018,211,72,108,-0.17061611374407584
NQ,lower_N10_ema_k0,15,2019,214,94,96,-0.009345794392523364
NQ,lower_N10_ema_k0,15,2020,217,95,87,0.03686635944700461
NQ,lower_N10_ema_k0,15,2021,217,93,102,-0.041474654377880185
NQ,lower_N10_ema_k0,15,2022,222,99,81,0.08108108108108109
NQ,lower_N10_ema_k0,30,2018,211,72,108,-0.17061611374407584
NQ,lower_N10_ema_k0,30,2019,214,94,97,-0.014018691588785047
NQ,lower_N10_ema_k0,30,2020,217,96,87,0.041474654377880185
NQ,lower_N10_ema_k0,30,2021,217,93,102,-0.041474654377880185
NQ,lower_N10_ema_k0,30,2022,222,99,81,0.08108108108108109
NQ,lower_N10_ema_k0,60,2018,211,72,108,-0.17061611374407584
NQ,lower_N10_ema_k0,60,2019,214,94,97,-0.014018691588785047
NQ,lower_N10_ema_k0,60,2020,217,96,87,0.041474654377880185
NQ,lower_N10_ema_k0,60,2021,217,93,102,-0.041474654377880185
NQ,lower_N10_ema_k0,60,2022,222,99,81,0.08108108108108109
NQ,lower_N10_ema_k0,120,2018,211,72,108,-0.17061611374407584
NQ,lower_N10_ema_k0,120,2019,214,94,97,-0.014018691588785047
NQ,lower_N10_ema_k0,120,2020,217,96,87,0.041474654377880185
NQ,lower_N10_ema_k0,120,2021,217,93,102,-0.041474654377880185
NQ,lower_N10_ema_k0,120,2022,222,99,81,0.08108108108108109
NQ,lower_N10_ema_k1,5,2018,190,76,80,-0.021052631578947368
NQ,lower_N10_ema_k1,5,2019,193,71,97,-0.13471502590673576
NQ,lower_N10_ema_k1,5,2020,197,83,79,0.02030456852791878
NQ,lower_N10_ema_k1,5,2021,195,85,80,0.02564102564102564
NQ,lower_N10_ema_k1,5,2022,212,95,80,0.07075471698113207
NQ,lower_N10_ema_k1,15,2018,190,76,80,-0.021052631578947368
NQ,lower_N10_ema_k1,15,2019,193,72,99,-0.13989637305699482
NQ,lower_N10_ema_k1,15,2020,197,83,81,0.01015228426395939
NQ,lower_N10_ema_k1,15,2021,195,86,82,0.020512820512820513
NQ,lower_N10_ema_k1,15,2022,212,95,81,0.0660377358490566
NQ,lower_N10_ema_k1,30,2018,190,76,80,-0.021052631578947368
NQ,lower_N10_ema_k1,30,2019,193,72,100,-0.14507772020725387
NQ,lower_N10_ema_k1,30,2020,197,83,82,0.005076142131979695
NQ,lower_N10_ema_k1,30,2021,195,86,82,0.020512820512820513
NQ,lower_N10_ema_k1,30,2022,212,95,81,0.0660377358490566
NQ,lower_N10_ema_k1,60,2018,190,76,80,-0.021052631578947368
NQ,lower_N10_ema_k1,60,2019,193,72,100,-0.14507772020725387
NQ,lower_N10_ema_k1,60,2020,197,83,82,0.005076142131979695
NQ,lower_N10_ema_k1,60,2021,195,86,82,0.020512820512820513
NQ,lower_N10_ema_k1,60,2022,212,95,81,0.0660377358490566
NQ,lower_N10_ema_k1,120,2018,190,76,80,-0.021052631578947368
NQ,lower_N10_ema_k1,120,2019,193,72,100,-0.14507772020725387
NQ,lower_N10_ema_k1,120,2020,197,83,82,0.005076142131979695
NQ,lower_N10_ema_k1,120,2021,195,86,82,0.020512820512820513
NQ,lower_N10_ema_k1,120,2022,212,95,81,0.0660377358490566
NQ,lower_N10_ema_k2,5,2018,181,71,86,-0.08287292817679558
NQ,lower_N10_ema_k2,5,2019,171,73,77,-0.023391812865497075
NQ,lower_N10_ema_k2,5,2020,176,80,73,0.03977272727272727
NQ,lower_N10_ema_k2,5,2021,178,79,75,0.02247191011235955
NQ,lower_N10_ema_k2,5,2022,203,84,91,-0.034482758620689655
NQ,lower_N10_ema_k2,15,2018,181,71,86,-0.08287292817679558
NQ,lower_N10_ema_k2,15,2019,171,74,79,-0.029239766081871343
NQ,lower_N10_ema_k2,15,2020,176,80,77,0.017045454545454544
NQ,lower_N10_ema_k2,15,2021,178,79,76,0.016853932584269662
NQ,lower_N10_ema_k2,15,2022,203,85,91,-0.029556650246305417
NQ,lower_N10_ema_k2,30,2018,181,71,86,-0.08287292817679558
NQ,lower_N10_ema_k2,30,2019,171,74,79,-0.029239766081871343
NQ,lower_N10_ema_k2,30,2020,176,80,77,0.017045454545454544
NQ,lower_N10_ema_k2,30,2021,178,79,76,0.016853932584269662
NQ,lower_N10_ema_k2,30,2022,203,85,91,-0.029556650246305417
NQ,lower_N10_ema_k2,60,2018,181,71,86,-0.08287292817679558
NQ,lower_N10_ema_k2,60,2019,171,74,79,-0.029239766081871343
NQ,lower_N10_ema_k2,60,2020,176,80,77,0.017045454545454544
NQ,lower_N10_ema_k2,60,2021,178,79,76,0.016853932584269662
NQ,lower_N10_ema_k2,60,2022,203,85,91,-0.029556650246305417
NQ,lower_N10_ema_k2,120,2018,181,71,86,-0.08287292817679558
NQ,lower_N10_ema_k2,120,2019,171,74,79,-0.029239766081871343
NQ,lower_N10_ema_k2,120,2020,176,80,77,0.017045454545454544
NQ,lower_N10_ema_k2,120,2021,178,79,76,0.016853932584269662
NQ,lower_N10_ema_k2,120,2022,203,85,91,-0.029556650246305417
NQ,lower_N10_ema_k3,5,2018,170,68,77,-0.052941176470588235
NQ,lower_N10_ema_k3,5,2019,152,57,70,-0.08552631578947369
NQ,lower_N10_ema_k3,5,2020,157,74,64,0.06369426751592357
NQ,lower_N10_ema_k3,5,2021,161,82,66,0.09937888198757763
NQ,lower_N10_ema_k3,5,2022,186,81,86,-0.026881720430107527
NQ,lower_N10_ema_k3,15,2018,170,69,77,-0.047058823529411764
NQ,lower_N10_ema_k3,15,2019,152,59,73,-0.09210526315789473
NQ,lower_N10_ema_k3,15,2020,157,74,64,0.06369426751592357
NQ,lower_N10_ema_k3,15,2021,161,82,66,0.09937888198757763
NQ,lower_N10_ema_k3,15,2022,186,81,86,-0.026881720430107527
NQ,lower_N10_ema_k3,30,2018,170,69,78,-0.052941176470588235
NQ,lower_N10_ema_k3,30,2019,152,59,73,-0.09210526315789473
NQ,lower_N10_ema_k3,30,2020,157,74,64,0.06369426751592357
NQ,lower_N10_ema_k3,30,2021,161,82,66,0.09937888198757763
NQ,lower_N10_ema_k3,30,2022,186,81,86,-0.026881720430107527
NQ,lower_N10_ema_k3,60,2018,170,69,78,-0.052941176470588235
NQ,lower_N10_ema_k3,60,2019,152,59,73,-0.09210526315789473
NQ,lower_N10_ema_k3,60,2020,157,74,64,0.06369426751592357
NQ,lower_N10_ema_k3,60,2021,161,82,66,0.09937888198757763
NQ,lower_N10_ema_k3,60,2022,186,81,86,-0.026881720430107527
NQ,lower_N10_ema_k3,120,2018,170,69,78,-0.052941176470588235
NQ,lower_N10_ema_k3,120,2019,152,59,73,-0.09210526315789473
NQ,lower_N10_ema_k3,120,2020,157,74,64,0.06369426751592357
NQ,lower_N10_ema_k3,120,2021,161,82,66,0.09937888198757763
NQ,lower_N10_ema_k3,120,2022,186,81,86,-0.026881720430107527
NQ,lower_N10_mean_k0,5,2018,212,71,109,-0.1792452830188679
NQ,lower_N10_mean_k0,5,2019,212,91,98,-0.0330188679245283
NQ,lower_N10_mean_k0,5,2020,216,95,83,0.05555555555555555
NQ,lower_N10_mean_k0,5,2021,214,95,95,0.0
NQ,lower_N10_mean_k0,5,2022,223,101,82,0.08520179372197309
NQ,lower_N10_mean_k0,15,2018,212,71,109,-0.1792452830188679
NQ,lower_N10_mean_k0,15,2019,212,91,98,-0.0330188679245283
NQ,lower_N10_mean_k0,15,2020,216,96,86,0.046296296296296294
NQ,lower_N10_mean_k0,15,2021,214,95,95,0.0
NQ,lower_N10_mean_k0,15,2022,223,101,84,0.07623318385650224
NQ,lower_N10_mean_k0,30,2018,212,71,109,-0.1792452830188679
NQ,lower_N10_mean_k0,30,2019,212,91,99,-0.03773584905660377
NQ,lower_N10_mean_k0,30,2020,216,97,86,0.05092592592592592
NQ,lower_N10_mean_k0,30,2021,214,95,96,-0.004672897196261682
NQ,lower_N10_mean_k0,30,2022,223,101,84,0.07623318385650224
NQ,lower_N10_mean_k0,60,2018,212,71,109,-0.1792452830188679
NQ,lower_N10_mean_k0,60,2019,212,91,99,-0.03773584905660377
NQ,lower_N10_mean_k0,60,2020,216,97,86,0.05092592592592592
NQ,lower_N10_mean_k0,60,2021,214,95,97,-0.009345794392523364
NQ,lower_N10_mean_k0,60,2022,223,101,84,0.07623318385650224
NQ,lower_N10_mean_k0,120,2018,212,71,109,-0.1792452830188679
NQ,lower_N10_mean_k0,120,2019,212,91,99,-0.03773584905660377
NQ,lower_N10_mean_k0,120,2020,216,97,86,0.05092592592592592
NQ,lower_N10_mean_k0,120,2021,214,95,97,-0.009345794392523364
NQ,lower_N10_mean_k0,120,2022,223,101,84,0.07623318385650224
NQ,lower_N10_mean_k1,5,2018,189,77,77,0.0
NQ,lower_N10_mean_k1,5,2019,193,70,98,-0.14507772020725387
NQ,lower_N10_mean_k1,5,2020,197,81,81,0.0
NQ,lower_N10_mean_k1,5,2021,196,91,76,0.07653061224489796
NQ,lower_N10_mean_k1,5,2022,212,97,84,0.06132075471698113
NQ,lower_N10_mean_k1,15,2018,189,78,77,0.005291005291005291
NQ,lower_N10_mean_k1,15,2019,193,71,100,-0.15025906735751296
NQ,lower_N10_mean_k1,15,2020,197,83,83,0.0
NQ,lower_N10_mean_k1,15,2021,196,91,78,0.0663265306122449
NQ,lower_N10_mean_k1,15,2022,212,97,85,0.05660377358490566
NQ,lower_N10_mean_k1,30,2018,189,78,78,0.0
NQ,lower_N10_mean_k1,30,2019,193,71,101,-0.15544041450777202
NQ,lower_N10_mean_k1,30,2020,197,83,83,0.0
NQ,lower_N10_mean_k1,30,2021,196,91,78,0.0663265306122449
NQ,lower_N10_mean_k1,30,2022,212,97,85,0.05660377358490566
NQ,lower_N10_mean_k1,60,2018,189,78,78,0.0
NQ,lower_N10_mean_k1,60,2019,193,71,101,-0.15544041450777202
NQ,lower_N10_mean_k1,60,2020,197,83,83,0.0
NQ,lower_N10_mean_k1,60,2021,196,91,78,0.0663265306122449
NQ,lower_N10_mean_k1,60,2022,212,97,85,0.05660377358490566
NQ,lower_N10_mean_k1,120,2018,189,78,78,0.0
NQ,lower_N10_mean_k1,120,2019,193,71,101,-0.15544041450777202
NQ,lower_N10_mean_k1,120,2020,197,83,83,0.0
NQ,lower_N10_mean_k1,120,2021,196,91,78,0.0663265306122449
NQ,lower_N10_mean_k1,120,2022,212,97,85,0.05660377358490566
NQ,lower_N10_mean_k2,5,2018,179,70,84,-0.0782122905027933
NQ,lower_N10_mean_k2,5,2019,172,73,78,-0.029069767441860465
NQ,lower_N10_mean_k2,5,2020,175,84,68,0.09142857142857143
NQ,lower_N10_mean_k2,5,2021,178,78,77,0.0056179775280898875
NQ,lower_N10_mean_k2,5,2022,202,84,91,-0.034653465346534656
NQ,lower_N10_mean_k2,15,2018,179,72,84,-0.0670391061452514
NQ,lower_N10_mean_k2,15,2019,172,76,79,-0.01744186046511628
NQ,lower_N10_mean_k2,15,2020,175,85,70,0.08571428571428572
NQ,lower_N10_mean_k2,15,2021,178,78,78,0.0
NQ,lower_N10_mean_k2,15,2022,202,84,91,-0.034653465346534656
NQ,lower_N10_mean_k2,30,2018,179,72,84,-0.0670391061452514
NQ,lower_N10_mean_k2,30,2019,172,76,79,-0.01744186046511628
NQ,lower_N10_mean_k2,30,2020,175,85,70,0.08571428571428572
NQ,lower_N10_mean_k2,30,2021,178,78,78,0.0
NQ,lower_N10_mean_k2,30,2022,202,84,91,-0.034653465346534656
NQ,lower_N10_mean_k2,60,2018,179,72,84,-0.0670391061452514
NQ,lower_N10_mean_k2,60,2019,172,76,79,-0.01744186046511628
NQ,lower_N10_mean_k2,60,2020,175,85,70,0.08571428571428572
NQ,lower_N10_mean_k2,60,2021,178,78,78,0.0
NQ,lower_N10_mean_k2,60,2022,202,84,91,-0.034653465346534656
NQ,lower_N10_mean_k2,120,2018,179,72,84,-0.0670391061452514
NQ,lower_N10_mean_k2,120,2019,172,76,79,-0.01744186046511628
NQ,lower_N10_mean_k2,120,2020,175,85,70,0.08571428571428572
NQ,lower_N10_mean_k2,120,2021,178,78,78,0.0
NQ,lower_N10_mean_k2,120,2022,202,84,91,-0.034653465346534656
NQ,lower_N10_mean_k3,5,2018,169,71,73,-0.011834319526627219
NQ,lower_N10_mean_k3,5,2019,152,56,77,-0.13815789473684212
NQ,lower_N10_mean_k3,5,2020,159,75,65,0.06289308176100629
NQ,lower_N10_mean_k3,5,2021,161,81,66,0.09316770186335403
NQ,lower_N10_mean_k3,5,2022,188,85,82,0.015957446808510637
NQ,lower_N10_mean_k3,15,2018,169,72,73,-0.005917159763313609
NQ,lower_N10_mean_k3,15,2019,152,57,79,-0.14473684210526316
NQ,lower_N10_mean_k3,15,2020,159,75,65,0.06289308176100629
NQ,lower_N10_mean_k3,15,2021,161,81,67,0.08695652173913043
NQ,lower_N10_mean_k3,15,2022,188,85,82,0.015957446808510637
NQ,lower_N10_mean_k3,30,2018,169,72,74,-0.011834319526627219
NQ,lower_N10_mean_k3,30,2019,152,57,79,-0.14473684210526316
NQ,lower_N10_mean_k3,30,2020,159,75,65,0.06289308176100629
NQ,lower_N10_mean_k3,30,2021,161,81,67,0.08695652173913043
NQ,lower_N10_mean_k3,30,2022,188,85,82,0.015957446808510637
NQ,lower_N10_mean_k3,60,2018,169,72,74,-0.011834319526627219
NQ,lower_N10_mean_k3,60,2019,152,57,79,-0.14473684210526316
NQ,lower_N10_mean_k3,60,2020,159,75,65,0.06289308176100629
NQ,lower_N10_mean_k3,60,2021,161,81,67,0.08695652173913043
NQ,lower_N10_mean_k3,60,2022,188,85,82,0.015957446808510637
NQ,lower_N10_mean_k3,120,2018,169,72,74,-0.011834319526627219
NQ,lower_N10_mean_k3,120,2019,152,57,79,-0.14473684210526316
NQ,lower_N10_mean_k3,120,2020,159,75,65,0.06289308176100629
NQ,lower_N10_mean_k3,120,2021,161,81,67,0.08695652173913043
NQ,lower_N10_mean_k3,120,2022,188,85,82,0.015957446808510637
NQ,lower_N10_median_k0,5,2018,219,78,102,-0.1095890410958904
NQ,lower_N10_median_k0,5,2019,217,95,97,-0.009216589861751152
NQ,lower_N10_median_k0,5,2020,221,95,95,0.0
NQ,lower_N10_median_k0,5,2021,219,91,103,-0.0547945205479452
NQ,lower_N10_median_k0,5,2022,225,103,80,0.10222222222222223
NQ,lower_N10_median_k0,15,2018,219,78,102,-0.1095890410958904
NQ,lower_N10_median_k0,15,2019,217,95,98,-0.013824884792626729
NQ,lower_N10_median_k0,15,2020,221,96,95,0.004524886877828055
NQ,lower_N10_median_k0,15,2021,219,91,103,-0.0547945205479452
NQ,lower_N10_median_k0,15,2022,225,103,81,0.09777777777777778
NQ,lower_N10_median_k0,30,2018,219,78,102,-0.1095890410958904
NQ,lower_N10_median_k0,30,2019,217,95,99,-0.018433179723502304
NQ,lower_N10_median_k0,30,2020,221,96,95,0.004524886877828055
NQ,lower_N10_median_k0,30,2021,219,91,103,-0.0547945205479452
NQ,lower_N10_median_k0,30,2022,225,103,81,0.09777777777777778
NQ,lower_N10_median_k0,60,2018,219,78,102,-0.1095890410958904
NQ,lower_N10_median_k0,60,2019,217,95,99,-0.018433179723502304
NQ,lower_N10_median_k0,60,2020,221,96,95,0.004524886877828055
NQ,lower_N10_median_k0,60,2021,219,92,103,-0.0502283105022831
NQ,lower_N10_median_k0,60,2022,225,103,81,0.09777777777777778
NQ,lower_N10_median_k0,120,2018,219,78,102,-0.1095890410958904
NQ,lower_N10_median_k0,120,2019,217,95,99,-0.018433179723502304
NQ,lower_N10_median_k0,120,2020,221,96,95,0.004524886877828055
NQ,lower_N10_median_k0,120,2021,219,92,103,-0.0502283105022831
NQ,lower_N10_median_k0,120,2022,225,103,81,0.09777777777777778
NQ,lower_N10_median_k1,5,2018,196,80,84,-0.02040816326530612
NQ,lower_N10_median_k1,5,2019,196,75,96,-0.10714285714285714
NQ,lower_N10_median_k1,5,2020,200,80,86,-0.03
NQ,lower_N10_median_k1,5,2021,198,92,73,0.09595959595959595
NQ,lower_N10_median_k1,5,2022,214,91,89,0.009345794392523364
NQ,lower_N10_median_k1,15,2018,196,80,84,-0.02040816326530612
NQ,lower_N10_median_k1,15,2019,196,77,97,-0.10204081632653061
NQ,lower_N10_median_k1,15,2020,200,80,87,-0.035
NQ,lower_N10_median_k1,15,2021,198,92,75,0.08585858585858586
NQ,lower_N10_median_k1,15,2022,214,91,89,0.009345794392523364
NQ,lower_N10_median_k1,30,2018,196,80,84,-0.02040816326530612
NQ,lower_N10_median_k1,30,2019,196,77,99,-0.11224489795918367
NQ,lower_N10_median_k1,30,2020,200,80,87,-0.035
NQ,lower_N10_median_k1,30,2021,198,93,75,0.09090909090909091
NQ,lower_N10_median_k1,30,2022,214,91,89,0.009345794392523364
NQ,lower_N10_median_k1,60,2018,196,80,84,-0.02040816326530612
NQ,lower_N10_median_k1,60,2019,196,77,99,-0.11224489795918367
NQ,lower_N10_median_k1,60,2020,200,81,87,-0.03
NQ,lower_N10_median_k1,60,2021,198,93,75,0.09090909090909091
NQ,lower_N10_median_k1,60,2022,214,91,89,0.009345794392523364
NQ,lower_N10_median_k1,120,2018,196,80,84,-0.02040816326530612
NQ,lower_N10_median_k1,120,2019,196,77,99,-0.11224489795918367
NQ,lower_N10_median_k1,120,2020,200,81,87,-0.03
NQ,lower_N10_median_k1,120,2021,198,93,75,0.09090909090909091
NQ,lower_N10_median_k1,120,2022,214,91,89,0.009345794392523364
NQ,lower_N10_median_k2,5,2018,182,75,88,-0.07142857142857142
NQ,lower_N10_median_k2,5,2019,175,76,78,-0.011428571428571429
NQ,lower_N10_median_k2,5,2020,180,81,77,0.022222222222222223
NQ,lower_N10_median_k2,5,2021,178,82,72,0.056179775280898875
NQ,lower_N10_median_k2,5,2022,205,92,83,0.04390243902439024
NQ,lower_N10_median_k2,15,2018,182,75,88,-0.07142857142857142
NQ,lower_N10_median_k2,15,2019,175,77,79,-0.011428571428571429
NQ,lower_N10_median_k2,15,2020,180,82,78,0.022222222222222223
NQ,lower_N10_median_k2,15,2021,178,82,73,0.05056179775280899
NQ,lower_N10_median_k2,15,2022,205,93,83,0.04878048780487805
NQ,lower_N10_median_k2,30,2018,182,75,88,-0.07142857142857142
NQ,lower_N10_median_k2,30,2019,175,77,80,-0.017142857142857144
NQ,lower_N10_median_k2,30,2020,180,82,79,0.016666666666666666
NQ,lower_N10_median_k2,30,2021,178,82,74,0.0449438202247191
NQ,lower_N10_median_k2,30,2022,205,93,83,0.04878048780487805
NQ,lower_N10_median_k2,60,2018,182,75,88,-0.07142857142857142
NQ,lower_N10_median_k2,60,2019,175,77,80,-0.017142857142857144
NQ,lower_N10_median_k2,60,2020,180,82,79,0.016666666666666666
NQ,lower_N10_median_k2,60,2021,178,82,74,0.0449438202247191
NQ,lower_N10_median_k2,60,2022,205,93,83,0.04878048780487805
NQ,lower_N10_median_k2,120,2018,182,75,88,-0.07142857142857142
NQ,lower_N10_median_k2,120,2019,175,77,80,-0.017142857142857144
NQ,lower_N10_median_k2,120,2020,180,82,79,0.016666666666666666
NQ,lower_N10_median_k2,120,2021,178,82,74,0.0449438202247191
NQ,lower_N10_median_k2,120,2022,205,93,83,0.04878048780487805
NQ,lower_N10_median_k3,5,2018,173,74,69,0.028901734104046242
NQ,lower_N10_median_k3,5,2019,153,68,68,0.0
NQ,lower_N10_median_k3,5,2020,161,78,62,0.09937888198757763
NQ,lower_N10_median_k3,5,2021,163,81,67,0.08588957055214724
NQ,lower_N10_median_k3,5,2022,191,83,86,-0.015706806282722512
NQ,lower_N10_median_k3,15,2018,173,74,69,0.028901734104046242
NQ,lower_N10_median_k3,15,2019,153,69,70,-0.006535947712418301
NQ,lower_N10_median_k3,15,2020,161,78,63,0.09316770186335403
NQ,lower_N10_median_k3,15,2021,163,81,67,0.08588957055214724
NQ,lower_N10_median_k3,15,2022,191,83,86,-0.015706806282722512
NQ,lower_N10_median_k3,30,2018,173,74,69,0.028901734104046242
NQ,lower_N10_median_k3,30,2019,153,69,70,-0.006535947712418301
NQ,lower_N10_median_k3,30,2020,161,78,63,0.09316770186335403
NQ,lower_N10_median_k3,30,2021,163,81,67,0.08588957055214724
NQ,lower_N10_median_k3,30,2022,191,83,86,-0.015706806282722512
NQ,lower_N10_median_k3,60,2018,173,74,69,0.028901734104046242
NQ,lower_N10_median_k3,60,2019,153,69,70,-0.006535947712418301
NQ,lower_N10_median_k3,60,2020,161,78,63,0.09316770186335403
NQ,lower_N10_median_k3,60,2021,163,81,67,0.08588957055214724
NQ,lower_N10_median_k3,60,2022,191,83,86,-0.015706806282722512
NQ,lower_N10_median_k3,120,2018,173,74,69,0.028901734104046242
NQ,lower_N10_median_k3,120,2019,153,69,70,-0.006535947712418301
NQ,lower_N10_median_k3,120,2020,161,78,63,0.09316770186335403
NQ,lower_N10_median_k3,120,2021,163,81,67,0.08588957055214724
NQ,lower_N10_median_k3,120,2022,191,83,86,-0.015706806282722512
NQ,lower_N20_ema_k0,5,2018,205,68,108,-0.1951219512195122
NQ,lower_N20_ema_k0,5,2019,213,99,94,0.023474178403755867
NQ,lower_N20_ema_k0,5,2020,213,96,89,0.03286384976525822
NQ,lower_N20_ema_k0,5,2021,217,97,100,-0.013824884792626729
NQ,lower_N20_ema_k0,5,2022,224,101,81,0.08928571428571429
NQ,lower_N20_ema_k0,15,2018,205,69,108,-0.1902439024390244
NQ,lower_N20_ema_k0,15,2019,213,100,94,0.028169014084507043
NQ,lower_N20_ema_k0,15,2020,213,98,93,0.023474178403755867
NQ,lower_N20_ema_k0,15,2021,217,97,100,-0.013824884792626729
NQ,lower_N20_ema_k0,15,2022,224,101,83,0.08035714285714286
NQ,lower_N20_ema_k0,30,2018,205,69,108,-0.1902439024390244
NQ,lower_N20_ema_k0,30,2019,213,100,95,0.023474178403755867
NQ,lower_N20_ema_k0,30,2020,213,99,93,0.028169014084507043
NQ,lower_N20_ema_k0,30,2021,217,97,100,-0.013824884792626729
NQ,lower_N20_ema_k0,30,2022,224,101,83,0.08035714285714286
NQ,lower_N20_ema_k0,60,2018,205,69,108,-0.1902439024390244
NQ,lower_N20_ema_k0,60,2019,213,100,95,0.023474178403755867
NQ,lower_N20_ema_k0,60,2020,213,99,93,0.028169014084507043
NQ,lower_N20_ema_k0,60,2021,217,97,101,-0.018433179723502304
NQ,lower_N20_ema_k0,60,2022,224,101,83,0.08035714285714286
NQ,lower_N20_ema_k0,120,2018,205,69,108,-0.1902439024390244
NQ,lower_N20_ema_k0,120,2019,213,100,95,0.023474178403755867
NQ,lower_N20_ema_k0,120,2020,213,99,93,0.028169014084507043
NQ,lower_N20_ema_k0,120,2021,217,97,101,-0.018433179723502304
NQ,lower_N20_ema_k0,120,2022,224,101,83,0.08035714285714286
NQ,lower_N20_ema_k1,5,2018,181,81,78,0.016574585635359115
NQ,lower_N20_ema_k1,5,2019,192,76,101,-0.13020833333333334
NQ,lower_N20_ema_k1,5,2020,193,85,77,0.04145077720207254
NQ,lower_N20_ema_k1,5,2021,192,95,74,0.109375
NQ,lower_N20_ema_k1,5,2022,211,92,88,0.018957345971563982
NQ,lower_N20_ema_k1,15,2018,181,82,79,0.016574585635359115
NQ,lower_N20_ema_k1,15,2019,192,76,101,-0.13020833333333334
NQ,lower_N20_ema_k1,15,2020,193,87,80,0.03626943005181347
NQ,lower_N20_ema_k1,15,2021,192,95,75,0.10416666666666667
NQ,lower_N20_ema_k1,15,2022,211,92,89,0.014218009478672985
NQ,lower_N20_ema_k1,30,2018,181,82,79,0.016574585635359115
NQ,lower_N20_ema_k1,30,2019,192,76,101,-0.13020833333333334
NQ,lower_N20_ema_k1,30,2020,193,87,80,0.03626943005181347
NQ,lower_N20_ema_k1,30,2021,192,95,75,0.10416666666666667
NQ,lower_N20_ema_k1,30,2022,211,92,89,0.014218009478672985
NQ,lower_N20_ema_k1,60,2018,181,82,79,0.016574585635359115
NQ,lower_N20_ema_k1,60,2019,192,76,101,-0.13020833333333334
NQ,lower_N20_ema_k1,60,2020,193,88,80,0.04145077720207254
NQ,lower_N20_ema_k1,60,2021,192,95,75,0.10416666666666667
NQ,lower_N20_ema_k1,60,2022,211,92,89,0.014218009478672985
NQ,lower_N20_ema_k1,120,2018,181,82,79,0.016574585635359115
NQ,lower_N20_ema_k1,120,2019,192,76,101,-0.13020833333333334
NQ,lower_N20_ema_k1,120,2020,193,88,80,0.04145077720207254
NQ,lower_N20_ema_k1,120,2021,192,95,75,0.10416666666666667
NQ,lower_N20_ema_k1,120,2022,211,92,89,0.014218009478672985
NQ,lower_N20_ema_k2,5,2018,173,67,83,-0.09248554913294797
NQ,lower_N20_ema_k2,5,2019,173,67,87,-0.11560693641618497
NQ,lower_N20_ema_k2,5,2020,174,78,72,0.034482758620689655
NQ,lower_N20_ema_k2,5,2021,172,81,74,0.040697674418604654
NQ,lower_N20_ema_k2,5,2022,200,94,88,0.03
NQ,lower_N20_ema_k2,15,2018,173,69,86,-0.09826589595375723
NQ,lower_N20_ema_k2,15,2019,173,69,90,-0.12138728323699421
NQ,lower_N20_ema_k2,15,2020,174,80,74,0.034482758620689655
NQ,lower_N20_ema_k2,15,2021,172,83,74,0.05232558139534884
NQ,lower_N20_ema_k2,15,2022,200,95,88,0.035
NQ,lower_N20_ema_k2,30,2018,173,69,86,-0.09826589595375723
NQ,lower_N20_ema_k2,30,2019,173,69,90,-0.12138728323699421
NQ,lower_N20_ema_k2,30,2020,174,80,75,0.028735632183908046
NQ,lower_N20_ema_k2,30,2021,172,83,74,0.05232558139534884
NQ,lower_N20_ema_k2,30,2022,200,95,88,0.035
NQ,lower_N20_ema_k2,60,2018,173,69,86,-0.09826589595375723
NQ,lower_N20_ema_k2,60,2019,173,69,90,-0.12138728323699421
NQ,lower_N20_ema_k2,60,2020,174,80,75,0.028735632183908046
NQ,lower_N20_ema_k2,60,2021,172,83,74,0.05232558139534884
NQ,lower_N20_ema_k2,60,2022,200,95,88,0.035
NQ,lower_N20_ema_k2,120,2018,173,69,86,-0.09826589595375723
NQ,lower_N20_ema_k2,120,2019,173,69,90,-0.12138728323699421
NQ,lower_N20_ema_k2,120,2020,174,80,75,0.028735632183908046
NQ,lower_N20_ema_k2,120,2021,172,83,74,0.05232558139534884
NQ,lower_N20_ema_k2,120,2022,200,95,88,0.035
NQ,lower_N20_ema_k3,5,2018,157,73,57,0.10191082802547771
NQ,lower_N20_ema_k3,5,2019,150,65,62,0.02
NQ,lower_N20_ema_k3,5,2020,157,71,68,0.01910828025477707
NQ,lower_N20_ema_k3,5,2021,156,76,68,0.05128205128205128
NQ,lower_N20_ema_k3,5,2022,187,80,81,-0.0053475935828877
NQ,lower_N20_ema_k3,15,2018,157,74,58,0.10191082802547771
NQ,lower_N20_ema_k3,15,2019,150,68,63,0.03333333333333333
NQ,lower_N20_ema_k3,15,2020,157,72,70,0.012738853503184714
NQ,lower_N20_ema_k3,15,2021,156,76,68,0.05128205128205128
NQ,lower_N20_ema_k3,15,2022,187,80,82,-0.0106951871657754
NQ,lower_N20_ema_k3,30,2018,157,74,58,0.10191082802547771
NQ,lower_N20_ema_k3,30,2019,150,68,63,0.03333333333333333
NQ,lower_N20_ema_k3,30,2020,157,72,70,0.012738853503184714
NQ,lower_N20_ema_k3,30,2021,156,76,68,0.05128205128205128
NQ,lower_N20_ema_k3,30,2022,187,80,82,-0.0106951871657754
NQ,lower_N20_ema_k3,60,2018,157,74,58,0.10191082802547771
NQ,lower_N20_ema_k3,60,2019,150,68,63,0.03333333333333333
NQ,lower_N20_ema_k3,60,2020,157,72,70,0.012738853503184714
NQ,lower_N20_ema_k3,60,2021,156,76,68,0.05128205128205128
NQ,lower_N20_ema_k3,60,2022,187,80,82,-0.0106951871657754
NQ,lower_N20_ema_k3,120,2018,157,74,58,0.10191082802547771
NQ,lower_N20_ema_k3,120,2019,150,68,63,0.03333333333333333
NQ,lower_N20_ema_k3,120,2020,157,72,70,0.012738853503184714
NQ,lower_N20_ema_k3,120,2021,156,76,68,0.05128205128205128
NQ,lower_N20_ema_k3,120,2022,187,80,82,-0.0106951871657754
NQ,lower_N20_mean_k0,5,2018,205,68,107,-0.1902439024390244
NQ,lower_N20_mean_k0,5,2019,213,98,96,0.009389671361502348
NQ,lower_N20_mean_k0,5,2020,216,93,90,0.013888888888888888
NQ,lower_N20_mean_k0,5,2021,217,99,102,-0.013824884792626729
NQ,lower_N20_mean_k0,5,2022,222,103,80,0.1036036036036036
NQ,lower_N20_mean_k0,15,2018,205,69,107,-0.18536585365853658
NQ,lower_N20_mean_k0,15,2019,213,99,96,0.014084507042253521
NQ,lower_N20_mean_k0,15,2020,216,95,93,0.009259259259259259
NQ,lower_N20_mean_k0,15,2021,217,100,102,-0.009216589861751152
NQ,lower_N20_mean_k0,15,2022,222,103,81,0.0990990990990991
NQ,lower_N20_mean_k0,30,2018,205,69,107,-0.18536585365853658
NQ,lower_N20_mean_k0,30,2019,213,99,97,0.009389671361502348
NQ,lower_N20_mean_k0,30,2020,216,96,93,0.013888888888888888
NQ,lower_N20_mean_k0,30,2021,217,100,102,-0.009216589861751152
NQ,lower_N20_mean_k0,30,2022,222,103,81,0.0990990990990991
NQ,lower_N20_mean_k0,60,2018,205,69,107,-0.18536585365853658
NQ,lower_N20_mean_k0,60,2019,213,99,97,0.009389671361502348
NQ,lower_N20_mean_k0,60,2020,216,96,93,0.013888888888888888
NQ,lower_N20_mean_k0,60,2021,217,100,102,-0.009216589861751152
NQ,lower_N20_mean_k0,60,2022,222,103,81,0.0990990990990991
NQ,lower_N20_mean_k0,120,2018,205,69,107,-0.18536585365853658
NQ,lower_N20_mean_k0,120,2019,213,99,97,0.009389671361502348
NQ,lower_N20_mean_k0,120,2020,216,96,93,0.013888888888888888
NQ,lower_N20_mean_k0,120,2021,217,100,102,-0.009216589861751152
NQ,lower_N20_mean_k0,120,2022,222,103,81,0.0990990990990991
NQ,lower_N20_mean_k1,5,2018,180,76,80,-0.022222222222222223
NQ,lower_N20_mean_k1,5,2019,192,77,97,-0.10416666666666667
NQ,lower_N20_mean_k1,5,2020,193,84,78,0.031088082901554404
NQ,lower_N20_mean_k1,5,2021,195,93,75,0.09230769230769231
NQ,lower_N20_mean_k1,5,2022,210,88,94,-0.02857142857142857
NQ,lower_N20_mean_k1,15,2018,180,76,81,-0.027777777777777776
NQ,lower_N20_mean_k1,15,2019,192,78,98,-0.10416666666666667
NQ,lower_N20_mean_k1,15,2020,193,86,80,0.031088082901554404
NQ,lower_N20_mean_k1,15,2021,195,93,77,0.08205128205128205
NQ,lower_N20_mean_k1,15,2022,210,88,95,-0.03333333333333333
NQ,lower_N20_mean_k1,30,2018,180,76,82,-0.03333333333333333
NQ,lower_N20_mean_k1,30,2019,192,78,98,-0.10416666666666667
NQ,lower_N20_mean_k1,30,2020,193,86,81,0.025906735751295335
NQ,lower_N20_mean_k1,30,2021,195,94,77,0.08717948717948718
NQ,lower_N20_mean_k1,30,2022,210,88,95,-0.03333333333333333
NQ,lower_N20_mean_k1,60,2018,180,76,82,-0.03333333333333333
NQ,lower_N20_mean_k1,60,2019,192,78,98,-0.10416666666666667
NQ,lower_N20_mean_k1,60,2020,193,86,81,0.025906735751295335
NQ,lower_N20_mean_k1,60,2021,195,94,77,0.08717948717948718
NQ,lower_N20_mean_k1,60,2022,210,88,95,-0.03333333333333333
NQ,lower_N20_mean_k1,120,2018,180,76,82,-0.03333333333333333
NQ,lower_N20_mean_k1,120,2019,192,78,98,-0.10416666666666667
NQ,lower_N20_mean_k1,120,2020,193,86,81,0.025906735751295335
NQ,lower_N20_mean_k1,120,2021,195,94,77,0.08717948717948718
NQ,lower_N20_mean_k1,120,2022,210,88,95,-0.03333333333333333
NQ,lower_N20_mean_k2,5,2018,170,71,80,-0.052941176470588235
NQ,lower_N20_mean_k2,5,2019,173,71,86,-0.08670520231213873
NQ,lower_N20_mean_k2,5,2020,174,79,79,0.0
NQ,lower_N20_mean_k2,5,2021,173,80,76,0.023121387283236993
NQ,lower_N20_mean_k2,5,2022,200,93,87,0.03
NQ,lower_N20_mean_k2,15,2018,170,73,83,-0.058823529411764705
NQ,lower_N20_mean_k2,15,2019,173,73,88,-0.08670520231213873
NQ,lower_N20_mean_k2,15,2020,174,80,80,0.0
NQ,lower_N20_mean_k2,15,2021,173,82,76,0.03468208092485549
NQ,lower_N20_mean_k2,15,2022,200,93,87,0.03
NQ,lower_N20_mean_k2,30,2018,170,73,83,-0.058823529411764705
NQ,lower_N20_mean_k2,30,2019,173,73,88,-0.08670520231213873
NQ,lower_N20_mean_k2,30,2020,174,80,80,0.0
NQ,lower_N20_mean_k2,30,2021,173,82,76,0.03468208092485549
NQ,lower_N20_mean_k2,30,2022,200,93,87,0.03
NQ,lower_N20_mean_k2,60,2018,170,73,83,-0.058823529411764705
NQ,lower_N20_mean_k2,60,2019,173,73,88,-0.08670520231213873
NQ,lower_N20_mean_k2,60,2020,174,80,80,0.0
NQ,lower_N20_mean_k2,60,2021,173,82,76,0.03468208092485549
NQ,lower_N20_mean_k2,60,2022,200,93,87,0.03
NQ,lower_N20_mean_k2,120,2018,170,73,83,-0.058823529411764705
NQ,lower_N20_mean_k2,120,2019,173,73,88,-0.08670520231213873
NQ,lower_N20_mean_k2,120,2020,174,80,80,0.0
NQ,lower_N20_mean_k2,120,2021,173,82,76,0.03468208092485549
NQ,lower_N20_mean_k2,120,2022,200,93,87,0.03
NQ,lower_N20_mean_k3,5,2018,156,71,59,0.07692307692307693
NQ,lower_N20_mean_k3,5,2019,152,62,66,-0.02631578947368421
NQ,lower_N20_mean_k3,5,2020,158,77,65,0.0759493670886076
NQ,lower_N20_mean_k3,5,2021,156,78,63,0.09615384615384616
NQ,lower_N20_mean_k3,5,2022,187,78,86,-0.0427807486631016
NQ,lower_N20_mean_k3,15,2018,156,72,60,0.07692307692307693
NQ,lower_N20_mean_k3,15,2019,152,64,67,-0.019736842105263157
NQ,lower_N20_mean_k3,15,2020,158,77,67,0.06329113924050633
NQ,lower_N20_mean_k3,15,2021,156,78,65,0.08333333333333333
NQ,lower_N20_mean_k3,15,2022,187,78,87,-0.0481283422459893
NQ,lower_N20_mean_k3,30,2018,156,72,60,0.07692307692307693
NQ,lower_N20_mean_k3,30,2019,152,64,67,-0.019736842105263157
NQ,lower_N20_mean_k3,30,2020,158,77,68,0.056962025316455694
NQ,lower_N20_mean_k3,30,2021,156,78,65,0.08333333333333333
NQ,lower_N20_mean_k3,30,2022,187,78,87,-0.0481283422459893
NQ,lower_N20_mean_k3,60,2018,156,72,60,0.07692307692307693
NQ,lower_N20_mean_k3,60,2019,152,64,67,-0.019736842105263157
NQ,lower_N20_mean_k3,60,2020,158,77,68,0.056962025316455694
NQ,lower_N20_mean_k3,60,2021,156,78,65,0.08333333333333333
NQ,lower_N20_mean_k3,60,2022,187,78,87,-0.0481283422459893
NQ,lower_N20_mean_k3,120,2018,156,72,60,0.07692307692307693
NQ,lower_N20_mean_k3,120,2019,152,64,67,-0.019736842105263157
NQ,lower_N20_mean_k3,120,2020,158,77,68,0.056962025316455694
NQ,lower_N20_mean_k3,120,2021,156,78,65,0.08333333333333333
NQ,lower_N20_mean_k3,120,2022,187,78,87,-0.0481283422459893
NQ,lower_N20_median_k0,5,2018,208,71,103,-0.15384615384615385
NQ,lower_N20_median_k0,5,2019,218,102,90,0.05504587155963303
NQ,lower_N20_median_k0,5,2020,219,95,92,0.0136986301369863
NQ,lower_N20_median_k0,5,2021,218,95,103,-0.03669724770642202
NQ,lower_N20_median_k0,5,2022,225,109,82,0.12
NQ,lower_N20_median_k0,15,2018,208,72,103,-0.14903846153846154
NQ,lower_N20_median_k0,15,2019,218,105,91,0.06422018348623854
NQ,lower_N20_median_k0,15,2020,219,97,94,0.0136986301369863
NQ,lower_N20_median_k0,15,2021,218,96,103,-0.03211009174311927
NQ,lower_N20_median_k0,15,2022,225,109,84,0.1111111111111111
NQ,lower_N20_median_k0,30,2018,208,72,103,-0.14903846153846154
NQ,lower_N20_median_k0,30,2019,218,105,91,0.06422018348623854
NQ,lower_N20_median_k0,30,2020,219,97,94,0.0136986301369863
NQ,lower_N20_median_k0,30,2021,218,96,103,-0.03211009174311927
NQ,lower_N20_median_k0,30,2022,225,109,84,0.1111111111111111
NQ,lower_N20_median_k0,60,2018,208,72,103,-0.14903846153846154
NQ,lower_N20_median_k0,60,2019,218,105,91,0.06422018348623854
NQ,lower_N20_median_k0,60,2020,219,97,94,0.0136986301369863
NQ,lower_N20_median_k0,60,2021,218,96,103,-0.03211009174311927
NQ,lower_N20_median_k0,60,2022,225,109,84,0.1111111111111111
NQ,lower_N20_median_k0,120,2018,208,72,103,-0.14903846153846154
NQ,lower_N20_median_k0,120,2019,218,105,91,0.06422018348623854
NQ,lower_N20_median_k0,120,2020,219,97,94,0.0136986301369863
NQ,lower_N20_median_k0,120,2021,218,96,103,-0.03211009174311927
NQ,lower_N20_median_k0,120,2022,225,109,84,0.1111111111111111
NQ,lower_N20_median_k1,5,2018,183,72,89,-0.09289617486338798
NQ,lower_N20_median_k1,5,2019,196,78,101,-0.11734693877551021
NQ,lower_N20_median_k1,5,2020,199,86,82,0.020100502512562814
NQ,lower_N20_median_k1,5,2021,196,87,86,0.00510204081632653
NQ,lower_N20_median_k1,5,2022,214,91,89,0.009345794392523364
NQ,lower_N20_median_k1,15,2018,183,73,91,-0.09836065573770492
NQ,lower_N20_median_k1,15,2019,196,79,101,-0.11224489795918367
NQ,lower_N20_median_k1,15,2020,199,88,83,0.02512562814070352
NQ,lower_N20_median_k1,15,2021,196,87,89,-0.01020408163265306
NQ,lower_N20_median_k1,15,2022,214,91,89,0.009345794392523364
NQ,lower_N20_median_k1,30,2018,183,73,91,-0.09836065573770492
NQ,lower_N20_median_k1,30,2019,196,79,101,-0.11224489795918367
NQ,lower_N20_median_k1,30,2020,199,88,84,0.020100502512562814
NQ,lower_N20_median_k1,30,2021,196,87,89,-0.01020408163265306
NQ,lower_N20_median_k1,30,2022,214,91,89,0.009345794392523364
NQ,lower_N20_median_k1,60,2018,183,73,91,-0.09836065573770492
NQ,lower_N20_median_k1,60,2019,196,79,101,-0.11224489795918367
NQ,lower_N20_median_k1,60,2020,199,89,84,0.02512562814070352
NQ,lower_N20_median_k1,60,2021,196,87,89,-0.01020408163265306
NQ,lower_N20_median_k1,60,2022,214,91,89,0.009345794392523364
NQ,lower_N20_median_k1,120,2018,183,73,91,-0.09836065573770492
NQ,lower_N20_median_k1,120,2019,196,79,101,-0.11224489795918367
NQ,lower_N20_median_k1,120,2020,199,89,84,0.02512562814070352
NQ,lower_N20_median_k1,120,2021,196,87,89,-0.01020408163265306
NQ,lower_N20_median_k1,120,2022,214,91,89,0.009345794392523364
NQ,lower_N20_median_k2,5,2018,173,77,72,0.028901734104046242
NQ,lower_N20_median_k2,5,2019,177,70,82,-0.06779661016949153
NQ,lower_N20_median_k2,5,2020,180,76,81,-0.027777777777777776
NQ,lower_N20_median_k2,5,2021,175,90,65,0.14285714285714285
NQ,lower_N20_median_k2,5,2022,203,96,79,0.08374384236453201
NQ,lower_N20_median_k2,15,2018,173,79,74,0.028901734104046242
NQ,lower_N20_median_k2,15,2019,177,72,90,-0.1016949152542373
NQ,lower_N20_median_k2,15,2020,180,78,83,-0.027777777777777776
NQ,lower_N20_median_k2,15,2021,175,92,68,0.13714285714285715
NQ,lower_N20_median_k2,15,2022,203,96,79,0.08374384236453201
NQ,lower_N20_median_k2,30,2018,173,79,74,0.028901734104046242
NQ,lower_N20_median_k2,30,2019,177,72,91,-0.10734463276836158
NQ,lower_N20_median_k2,30,2020,180,78,83,-0.027777777777777776
NQ,lower_N20_median_k2,30,2021,175,92,68,0.13714285714285715
NQ,lower_N20_median_k2,30,2022,203,96,79,0.08374384236453201
NQ,lower_N20_median_k2,60,2018,173,79,74,0.028901734104046242
NQ,lower_N20_median_k2,60,2019,177,72,91,-0.10734463276836158
NQ,lower_N20_median_k2,60,2020,180,79,83,-0.022222222222222223
NQ,lower_N20_median_k2,60,2021,175,92,68,0.13714285714285715
NQ,lower_N20_median_k2,60,2022,203,96,79,0.08374384236453201
NQ,lower_N20_median_k2,120,2018,173,79,74,0.028901734104046242
NQ,lower_N20_median_k2,120,2019,177,72,91,-0.10734463276836158
NQ,lower_N20_median_k2,120,2020,180,79,83,-0.022222222222222223
NQ,lower_N20_median_k2,120,2021,175,92,68,0.13714285714285715
NQ,lower_N20_median_k2,120,2022,203,96,79,0.08374384236453201
NQ,lower_N20_median_k3,5,2018,161,67,71,-0.024844720496894408
NQ,lower_N20_median_k3,5,2019,156,74,66,0.05128205128205128
NQ,lower_N20_median_k3,5,2020,160,77,69,0.05
NQ,lower_N20_median_k3,5,2021,157,78,65,0.08280254777070063
NQ,lower_N20_median_k3,5,2022,190,80,87,-0.03684210526315789
NQ,lower_N20_median_k3,15,2018,161,68,71,-0.018633540372670808
NQ,lower_N20_median_k3,15,2019,156,75,67,0.05128205128205128
NQ,lower_N20_median_k3,15,2020,160,79,71,0.05
NQ,lower_N20_median_k3,15,2021,157,78,66,0.07643312101910828
NQ,lower_N20_median_k3,15,2022,190,81,87,-0.031578947368421054
NQ,lower_N20_median_k3,30,2018,161,68,71,-0.018633540372670808
NQ,lower_N20_median_k3,30,2019,156,75,67,0.05128205128205128
NQ,lower_N20_median_k3,30,2020,160,79,71,0.05
NQ,lower_N20_median_k3,30,2021,157,78,66,0.07643312101910828
NQ,lower_N20_median_k3,30,2022,190,81,87,-0.031578947368421054
NQ,lower_N20_median_k3,60,2018,161,68,71,-0.018633540372670808
NQ,lower_N20_median_k3,60,2019,156,75,67,0.05128205128205128
NQ,lower_N20_median_k3,60,2020,160,79,71,0.05
NQ,lower_N20_median_k3,60,2021,157,78,66,0.07643312101910828
NQ,lower_N20_median_k3,60,2022,190,81,87,-0.031578947368421054
NQ,lower_N20_median_k3,120,2018,161,68,71,-0.018633540372670808
NQ,lower_N20_median_k3,120,2019,156,75,67,0.05128205128205128
NQ,lower_N20_median_k3,120,2020,160,79,71,0.05
NQ,lower_N20_median_k3,120,2021,157,78,66,0.07643312101910828
NQ,lower_N20_median_k3,120,2022,190,81,87,-0.031578947368421054
NQ,lower_N5_ema_k0,5,2018,218,68,103,-0.16055045871559634
NQ,lower_N5_ema_k0,5,2019,213,79,98,-0.0892018779342723
NQ,lower_N5_ema_k0,5,2020,216,85,91,-0.027777777777777776
NQ,lower_N5_ema_k0,5,2021,212,95,91,0.018867924528301886
NQ,lower_N5_ema_k0,5,2022,223,93,80,0.05829596412556054
NQ,lower_N5_ema_k0,15,2018,218,69,104,-0.16055045871559634
NQ,lower_N5_ema_k0,15,2019,213,80,100,-0.09389671361502347
NQ,lower_N5_ema_k0,15,2020,216,86,91,-0.023148148148148147
NQ,lower_N5_ema_k0,15,2021,212,96,91,0.02358490566037736
NQ,lower_N5_ema_k0,15,2022,223,93,80,0.05829596412556054
NQ,lower_N5_ema_k0,30,2018,218,69,104,-0.16055045871559634
NQ,lower_N5_ema_k0,30,2019,213,80,101,-0.09859154929577464
NQ,lower_N5_ema_k0,30,2020,216,86,91,-0.023148148148148147
NQ,lower_N5_ema_k0,30,2021,212,96,91,0.02358490566037736
NQ,lower_N5_ema_k0,30,2022,223,93,80,0.05829596412556054
NQ,lower_N5_ema_k0,60,2018,218,69,104,-0.16055045871559634
NQ,lower_N5_ema_k0,60,2019,213,80,101,-0.09859154929577464
NQ,lower_N5_ema_k0,60,2020,216,86,91,-0.023148148148148147
NQ,lower_N5_ema_k0,60,2021,212,96,91,0.02358490566037736
NQ,lower_N5_ema_k0,60,2022,223,93,80,0.05829596412556054
NQ,lower_N5_ema_k0,120,2018,218,69,104,-0.16055045871559634
NQ,lower_N5_ema_k0,120,2019,213,80,101,-0.09859154929577464
NQ,lower_N5_ema_k0,120,2020,216,86,91,-0.023148148148148147
NQ,lower_N5_ema_k0,120,2021,212,96,91,0.02358490566037736
NQ,lower_N5_ema_k0,120,2022,223,93,80,0.05829596412556054
NQ,lower_N5_ema_k1,5,2018,196,75,87,-0.061224489795918366
NQ,lower_N5_ema_k1,5,2019,189,82,80,0.010582010582010581
NQ,lower_N5_ema_k1,5,2020,199,76,82,-0.03015075376884422
NQ,lower_N5_ema_k1,5,2021,198,81,78,0.015151515151515152
NQ,lower_N5_ema_k1,5,2022,215,98,74,0.11162790697674418
NQ,lower_N5_ema_k1,15,2018,196,75,87,-0.061224489795918366
NQ,lower_N5_ema_k1,15,2019,189,83,81,0.010582010582010581
NQ,lower_N5_ema_k1,15,2020,199,77,84,-0.035175879396984924
NQ,lower_N5_ema_k1,15,2021,198,82,79,0.015151515151515152
NQ,lower_N5_ema_k1,15,2022,215,98,74,0.11162790697674418
NQ,lower_N5_ema_k1,30,2018,196,75,87,-0.061224489795918366
NQ,lower_N5_ema_k1,30,2019,189,83,81,0.010582010582010581
NQ,lower_N5_ema_k1,30,2020,199,77,84,-0.035175879396984924
NQ,lower_N5_ema_k1,30,2021,198,82,79,0.015151515151515152
NQ,lower_N5_ema_k1,30,2022,215,98,74,0.11162790697674418
NQ,lower_N5_ema_k1,60,2018,196,75,87,-0.061224489795918366
NQ,lower_N5_ema_k1,60,2019,189,83,81,0.010582010582010581
NQ,lower_N5_ema_k1,60,2020,199,77,84,-0.035175879396984924
NQ,lower_N5_ema_k1,60,2021,198,82,79,0.015151515151515152
NQ,lower_N5_ema_k1,60,2022,215,98,74,0.11162790697674418
NQ,lower_N5_ema_k1,120,2018,196,75,87,-0.061224489795918366
NQ,lower_N5_ema_k1,120,2019,189,83,81,0.010582010582010581
NQ,lower_N5_ema_k1,120,2020,199,77,84,-0.035175879396984924
NQ,lower_N5_ema_k1,120,2021,198,82,79,0.015151515151515152
NQ,lower_N5_ema_k1,120,2022,215,98,74,0.11162790697674418
NQ,lower_N5_ema_k2,5,2018,186,78,73,0.026881720430107527
NQ,lower_N5_ema_k2,5,2019,174,59,79,-0.11494252873563218
NQ,lower_N5_ema_k2,5,2020,178,76,69,0.03932584269662921
NQ,lower_N5_ema_k2,5,2021,185,71,80,-0.04864864864864865
NQ,lower_N5_ema_k2,5,2022,205,90,75,0.07317073170731707
NQ,lower_N5_ema_k2,15,2018,186,79,74,0.026881720430107527
NQ,lower_N5_ema_k2,15,2019,174,61,81,-0.11494252873563218
NQ,lower_N5_ema_k2,15,2020,178,78,70,0.0449438202247191
NQ,lower_N5_ema_k2,15,2021,185,72,81,-0.04864864864864865
NQ,lower_N5_ema_k2,15,2022,205,90,75,0.07317073170731707
NQ,lower_N5_ema_k2,30,2018,186,79,74,0.026881720430107527
NQ,lower_N5_ema_k2,30,2019,174,62,81,-0.10919540229885058
NQ,lower_N5_ema_k2,30,2020,178,78,70,0.0449438202247191
NQ,lower_N5_ema_k2,30,2021,185,73,81,-0.043243243243243246
NQ,lower_N5_ema_k2,30,2022,205,90,75,0.07317073170731707
NQ,lower_N5_ema_k2,60,2018,186,79,74,0.026881720430107527
NQ,lower_N5_ema_k2,60,2019,174,62,81,-0.10919540229885058
NQ,lower_N5_ema_k2,60,2020,178,78,70,0.0449438202247191
NQ,lower_N5_ema_k2,60,2021,185,73,81,-0.043243243243243246
NQ,lower_N5_ema_k2,60,2022,205,90,75,0.07317073170731707
NQ,lower_N5_ema_k2,120,2018,186,79,74,0.026881720430107527
NQ,lower_N5_ema_k2,120,2019,174,62,81,-0.10919540229885058
NQ,lower_N5_ema_k2,120,2020,178,78,70,0.0449438202247191
NQ,lower_N5_ema_k2,120,2021,185,73,81,-0.043243243243243246
NQ,lower_N5_ema_k2,120,2022,205,90,75,0.07317073170731707
NQ,lower_N5_ema_k3,5,2018,170,68,71,-0.01764705882352941
NQ,lower_N5_ema_k3,5,2019,160,58,78,-0.125
NQ,lower_N5_ema_k3,5,2020,164,69,74,-0.03048780487804878
NQ,lower_N5_ema_k3,5,2021,172,77,65,0.06976744186046512
NQ,lower_N5_ema_k3,5,2022,190,78,80,-0.010526315789473684
NQ,lower_N5_ema_k3,15,2018,170,68,72,-0.023529411764705882
NQ,lower_N5_ema_k3,15,2019,160,59,80,-0.13125
NQ,lower_N5_ema_k3,15,2020,164,70,74,-0.024390243902439025
NQ,lower_N5_ema_k3,15,2021,172,78,65,0.0755813953488372
NQ,lower_N5_ema_k3,15,2022,190,78,82,-0.021052631578947368
NQ,lower_N5_ema_k3,30,2018,170,68,72,-0.023529411764705882
NQ,lower_N5_ema_k3,30,2019,160,59,80,-0.13125
NQ,lower_N5_ema_k3,30,2020,164,70,74,-0.024390243902439025
NQ,lower_N5_ema_k3,30,2021,172,78,66,0.06976744186046512
NQ,lower_N5_ema_k3,30,2022,190,78,82,-0.021052631578947368
NQ,lower_N5_ema_k3,60,2018,170,68,72,-0.023529411764705882
NQ,lower_N5_ema_k3,60,2019,160,59,80,-0.13125
NQ,lower_N5_ema_k3,60,2020,164,70,74,-0.024390243902439025
NQ,lower_N5_ema_k3,60,2021,172,78,66,0.06976744186046512
NQ,lower_N5_ema_k3,60,2022,190,78,82,-0.021052631578947368
NQ,lower_N5_ema_k3,120,2018,170,68,72,-0.023529411764705882
NQ,lower_N5_ema_k3,120,2019,160,59,80,-0.13125
NQ,lower_N5_ema_k3,120,2020,164,70,74,-0.024390243902439025
NQ,lower_N5_ema_k3,120,2021,172,78,66,0.06976744186046512
NQ,lower_N5_ema_k3,120,2022,190,78,82,-0.021052631578947368
NQ,lower_N5_mean_k0,5,2018,215,74,97,-0.10697674418604651
NQ,lower_N5_mean_k0,5,2019,212,78,94,-0.07547169811320754
NQ,lower_N5_mean_k0,5,2020,215,83,88,-0.023255813953488372
NQ,lower_N5_mean_k0,5,2021,217,88,97,-0.041474654377880185
NQ,lower_N5_mean_k0,5,2022,225,97,86,0.04888888888888889
NQ,lower_N5_mean_k0,15,2018,215,74,98,-0.11162790697674418
NQ,lower_N5_mean_k0,15,2019,212,79,98,-0.08962264150943396
NQ,lower_N5_mean_k0,15,2020,215,83,91,-0.037209302325581395
NQ,lower_N5_mean_k0,15,2021,217,90,97,-0.03225806451612903
NQ,lower_N5_mean_k0,15,2022,225,97,87,0.044444444444444446
NQ,lower_N5_mean_k0,30,2018,215,74,98,-0.11162790697674418
NQ,lower_N5_mean_k0,30,2019,212,79,98,-0.08962264150943396
NQ,lower_N5_mean_k0,30,2020,215,83,91,-0.037209302325581395
NQ,lower_N5_mean_k0,30,2021,217,90,97,-0.03225806451612903
NQ,lower_N5_mean_k0,30,2022,225,97,87,0.044444444444444446
NQ,lower_N5_mean_k0,60,2018,215,74,98,-0.11162790697674418
NQ,lower_N5_mean_k0,60,2019,212,79,98,-0.08962264150943396
NQ,lower_N5_mean_k0,60,2020,215,83,91,-0.037209302325581395
NQ,lower_N5_mean_k0,60,2021,217,90,97,-0.03225806451612903
NQ,lower_N5_mean_k0,60,2022,225,97,87,0.044444444444444446
NQ,lower_N5_mean_k0,120,2018,215,74,98,-0.11162790697674418
NQ,lower_N5_mean_k0,120,2019,212,79,98,-0.08962264150943396
NQ,lower_N5_mean_k0,120,2020,215,83,91,-0.037209302325581395
NQ,lower_N5_mean_k0,120,2021,217,90,97,-0.03225806451612903
NQ,lower_N5_mean_k0,120,2022,225,97,87,0.044444444444444446
NQ,lower_N5_mean_k1,5,2018,195,73,84,-0.05641025641025641
NQ,lower_N5_mean_k1,5,2019,192,77,87,-0.052083333333333336
NQ,lower_N5_mean_k1,5,2020,197,75,84,-0.04568527918781726
NQ,lower_N5_mean_k1,5,2021,197,87,72,0.07614213197969544
NQ,lower_N5_mean_k1,5,2022,214,95,72,0.10747663551401869
NQ,lower_N5_mean_k1,15,2018,195,74,85,-0.05641025641025641
NQ,lower_N5_mean_k1,15,2019,192,78,88,-0.052083333333333336
NQ,lower_N5_mean_k1,15,2020,197,75,86,-0.05583756345177665
NQ,lower_N5_mean_k1,15,2021,197,88,72,0.08121827411167512
NQ,lower_N5_mean_k1,15,2022,214,95,75,0.09345794392523364
NQ,lower_N5_mean_k1,30,2018,195,74,85,-0.05641025641025641
NQ,lower_N5_mean_k1,30,2019,192,78,88,-0.052083333333333336
NQ,lower_N5_mean_k1,30,2020,197,75,86,-0.05583756345177665
NQ,lower_N5_mean_k1,30,2021,197,88,72,0.08121827411167512
NQ,lower_N5_mean_k1,30,2022,214,95,75,0.09345794392523364
NQ,lower_N5_mean_k1,60,2018,195,74,85,-0.05641025641025641
NQ,lower_N5_mean_k1,60,2019,192,78,88,-0.052083333333333336
NQ,lower_N5_mean_k1,60,2020,197,75,86,-0.05583756345177665
NQ,lower_N5_mean_k1,60,2021,197,88,72,0.08121827411167512
NQ,lower_N5_mean_k1,60,2022,214,95,75,0.09345794392523364
NQ,lower_N5_mean_k1,120,2018,195,74,85,-0.05641025641025641
NQ,lower_N5_mean_k1,120,2019,192,78,88,-0.052083333333333336
NQ,lower_N5_mean_k1,120,2020,197,75,86,-0.05583756345177665
NQ,lower_N5_mean_k1,120,2021,197,88,72,0.08121827411167512
NQ,lower_N5_mean_k1,120,2022,214,95,75,0.09345794392523364
NQ,lower_N5_mean_k2,5,2018,185,77,76,0.005405405405405406
NQ,lower_N5_mean_k2,5,2019,176,59,84,-0.14204545454545456
NQ,lower_N5_mean_k2,5,2020,178,78,68,0.056179775280898875
NQ,lower_N5_mean_k2,5,2021,185,68,81,-0.07027027027027027
NQ,lower_N5_mean_k2,5,2022,201,87,78,0.04477611940298507
NQ,lower_N5_mean_k2,15,2018,185,78,77,0.005405405405405406
NQ,lower_N5_mean_k2,15,2019,176,59,85,-0.14772727272727273
NQ,lower_N5_mean_k2,15,2020,178,80,70,0.056179775280898875
NQ,lower_N5_mean_k2,15,2021,185,70,84,-0.07567567567567568
NQ,lower_N5_mean_k2,15,2022,201,87,78,0.04477611940298507
NQ,lower_N5_mean_k2,30,2018,185,78,77,0.005405405405405406
NQ,lower_N5_mean_k2,30,2019,176,60,85,-0.14204545454545456
NQ,lower_N5_mean_k2,30,2020,178,80,70,0.056179775280898875
NQ,lower_N5_mean_k2,30,2021,185,70,84,-0.07567567567567568
NQ,lower_N5_mean_k2,30,2022,201,87,78,0.04477611940298507
NQ,lower_N5_mean_k2,60,2018,185,78,77,0.005405405405405406
NQ,lower_N5_mean_k2,60,2019,176,60,85,-0.14204545454545456
NQ,lower_N5_mean_k2,60,2020,178,80,70,0.056179775280898875
NQ,lower_N5_mean_k2,60,2021,185,70,84,-0.07567567567567568
NQ,lower_N5_mean_k2,60,2022,201,87,78,0.04477611940298507
NQ,lower_N5_mean_k2,120,2018,185,78,77,0.005405405405405406
NQ,lower_N5_mean_k2,120,2019,176,60,85,-0.14204545454545456
NQ,lower_N5_mean_k2,120,2020,178,80,70,0.056179775280898875
NQ,lower_N5_mean_k2,120,2021,185,70,84,-0.07567567567567568
NQ,lower_N5_mean_k2,120,2022,201,87,78,0.04477611940298507
NQ,lower_N5_mean_k3,5,2018,170,69,71,-0.011764705882352941
NQ,lower_N5_mean_k3,5,2019,159,61,73,-0.07547169811320754
NQ,lower_N5_mean_k3,5,2020,165,67,74,-0.04242424242424243
NQ,lower_N5_mean_k3,5,2021,171,82,58,0.14035087719298245
NQ,lower_N5_mean_k3,5,2022,188,77,79,-0.010638297872340425
NQ,lower_N5_mean_k3,15,2018,170,69,72,-0.01764705882352941
NQ,lower_N5_mean_k3,15,2019,159,62,75,-0.08176100628930817
NQ,lower_N5_mean_k3,15,2020,165,67,74,-0.04242424242424243
NQ,lower_N5_mean_k3,15,2021,171,83,60,0.13450292397660818
NQ,lower_N5_mean_k3,15,2022,188,77,80,-0.015957446808510637
NQ,lower_N5_mean_k3,30,2018,170,69,72,-0.01764705882352941
NQ,lower_N5_mean_k3,30,2019,159,62,75,-0.08176100628930817
NQ,lower_N5_mean_k3,30,2020,165,67,74,-0.04242424242424243
NQ,lower_N5_mean_k3,30,2021,171,83,60,0.13450292397660818
NQ,lower_N5_mean_k3,30,2022,188,77,80,-0.015957446808510637
NQ,lower_N5_mean_k3,60,2018,170,69,72,-0.01764705882352941
NQ,lower_N5_mean_k3,60,2019,159,62,75,-0.08176100628930817
NQ,lower_N5_mean_k3,60,2020,165,67,74,-0.04242424242424243
NQ,lower_N5_mean_k3,60,2021,171,83,60,0.13450292397660818
NQ,lower_N5_mean_k3,60,2022,188,77,80,-0.015957446808510637
NQ,lower_N5_mean_k3,120,2018,170,69,72,-0.01764705882352941
NQ,lower_N5_mean_k3,120,2019,159,62,75,-0.08176100628930817
NQ,lower_N5_mean_k3,120,2020,165,67,74,-0.04242424242424243
NQ,lower_N5_mean_k3,120,2021,171,83,60,0.13450292397660818
NQ,lower_N5_mean_k3,120,2022,188,77,80,-0.015957446808510637
NQ,lower_N5_median_k0,5,2018,219,70,107,-0.1689497716894977
NQ,lower_N5_median_k0,5,2019,217,82,101,-0.08755760368663594
NQ,lower_N5_median_k0,5,2020,218,83,89,-0.027522935779816515
NQ,lower_N5_median_k0,5,2021,218,91,102,-0.05045871559633028
NQ,lower_N5_median_k0,5,2022,227,95,77,0.07929515418502203
NQ,lower_N5_median_k0,15,2018,219,70,107,-0.1689497716894977
NQ,lower_N5_median_k0,15,2019,217,83,103,-0.09216589861751152
NQ,lower_N5_median_k0,15,2020,218,85,90,-0.022935779816513763
NQ,lower_N5_median_k0,15,2021,218,91,102,-0.05045871559633028
NQ,lower_N5_median_k0,15,2022,227,95,78,0.07488986784140969
NQ,lower_N5_median_k0,30,2018,219,70,107,-0.1689497716894977
NQ,lower_N5_median_k0,30,2019,217,83,103,-0.09216589861751152
NQ,lower_N5_median_k0,30,2020,218,85,90,-0.022935779816513763
NQ,lower_N5_median_k0,30,2021,218,91,102,-0.05045871559633028
NQ,lower_N5_median_k0,30,2022,227,95,78,0.07488986784140969
NQ,lower_N5_median_k0,60,2018,219,70,107,-0.1689497716894977
NQ,lower_N5_median_k0,60,2019,217,83,103,-0.09216589861751152
NQ,lower_N5_median_k0,60,2020,218,85,90,-0.022935779816513763
NQ,lower_N5_median_k0,60,2021,218,91,102,-0.05045871559633028
NQ,lower_N5_median_k0,60,2022,227,95,78,0.07488986784140969
NQ,lower_N5_median_k0,120,2018,219,70,107,-0.1689497716894977
NQ,lower_N5_median_k0,120,2019,217,83,103,-0.09216589861751152
NQ,lower_N5_median_k0,120,2020,218,85,90,-0.022935779816513763
NQ,lower_N5_median_k0,120,2021,218,91,102,-0.05045871559633028
NQ,lower_N5_median_k0,120,2022,227,95,78,0.07488986784140969
NQ,lower_N5_median_k1,5,2018,199,75,83,-0.04020100502512563
NQ,lower_N5_median_k1,5,2019,196,76,90,-0.07142857142857142
NQ,lower_N5_median_k1,5,2020,201,80,89,-0.04477611940298507
NQ,lower_N5_median_k1,5,2021,196,87,70,0.08673469387755102
NQ,lower_N5_median_k1,5,2022,215,90,81,0.04186046511627907
NQ,lower_N5_median_k1,15,2018,199,76,84,-0.04020100502512563
NQ,lower_N5_median_k1,15,2019,196,77,91,-0.07142857142857142
NQ,lower_N5_median_k1,15,2020,201,80,90,-0.04975124378109453
NQ,lower_N5_median_k1,15,2021,196,88,70,0.09183673469387756
NQ,lower_N5_median_k1,15,2022,215,90,82,0.037209302325581395
NQ,lower_N5_median_k1,30,2018,199,76,84,-0.04020100502512563
NQ,lower_N5_median_k1,30,2019,196,77,91,-0.07142857142857142
NQ,lower_N5_median_k1,30,2020,201,80,90,-0.04975124378109453
NQ,lower_N5_median_k1,30,2021,196,88,70,0.09183673469387756
NQ,lower_N5_median_k1,30,2022,215,90,82,0.037209302325581395
NQ,lower_N5_median_k1,60,2018,199,76,84,-0.04020100502512563
NQ,lower_N5_median_k1,60,2019,196,77,91,-0.07142857142857142
NQ,lower_N5_median_k1,60,2020,201,80,90,-0.04975124378109453
NQ,lower_N5_median_k1,60,2021,196,88,70,0.09183673469387756
NQ,lower_N5_median_k1,60,2022,215,90,82,0.037209302325581395
NQ,lower_N5_median_k1,120,2018,199,76,84,-0.04020100502512563
NQ,lower_N5_median_k1,120,2019,196,77,91,-0.07142857142857142
NQ,lower_N5_median_k1,120,2020,201,80,90,-0.04975124378109453
NQ,lower_N5_median_k1,120,2021,196,88,70,0.09183673469387756
NQ,lower_N5_median_k1,120,2022,215,90,82,0.037209302325581395
NQ,lower_N5_median_k2,5,2018,188,70,80,-0.05319148936170213
NQ,lower_N5_median_k2,5,2019,178,64,79,-0.08426966292134831
NQ,lower_N5_median_k2,5,2020,178,85,66,0.10674157303370786
NQ,lower_N5_median_k2,5,2021,186,74,74,0.0
NQ,lower_N5_median_k2,5,2022,203,83,78,0.024630541871921183
NQ,lower_N5_median_k2,15,2018,188,70,81,-0.05851063829787234
NQ,lower_N5_median_k2,15,2019,178,64,83,-0.10674157303370786
NQ,lower_N5_median_k2,15,2020,178,86,68,0.10112359550561797
NQ,lower_N5_median_k2,15,2021,186,75,78,-0.016129032258064516
NQ,lower_N5_median_k2,15,2022,203,84,79,0.024630541871921183
NQ,lower_N5_median_k2,30,2018,188,70,81,-0.05851063829787234
NQ,lower_N5_median_k2,30,2019,178,64,83,-0.10674157303370786
NQ,lower_N5_median_k2,30,2020,178,86,68,0.10112359550561797
NQ,lower_N5_median_k2,30,2021,186,75,78,-0.016129032258064516
NQ,lower_N5_median_k2,30,2022,203,84,79,0.024630541871921183
NQ,lower_N5_median_k2,60,2018,188,70,81,-0.05851063829787234
NQ,lower_N5_median_k2,60,2019,178,64,83,-0.10674157303370786
NQ,lower_N5_median_k2,60,2020,178,86,68,0.10112359550561797
NQ,lower_N5_median_k2,60,2021,186,75,78,-0.016129032258064516
NQ,lower_N5_median_k2,60,2022,203,84,79,0.024630541871921183
NQ,lower_N5_median_k2,120,2018,188,70,81,-0.05851063829787234
NQ,lower_N5_median_k2,120,2019,178,64,83,-0.10674157303370786
NQ,lower_N5_median_k2,120,2020,178,86,68,0.10112359550561797
NQ,lower_N5_median_k2,120,2021,186,75,78,-0.016129032258064516
NQ,lower_N5_median_k2,120,2022,203,84,79,0.024630541871921183
NQ,lower_N5_median_k3,5,2018,174,71,72,-0.005747126436781609
NQ,lower_N5_median_k3,5,2019,160,60,76,-0.1
NQ,lower_N5_median_k3,5,2020,164,73,63,0.06097560975609756
NQ,lower_N5_median_k3,5,2021,174,75,71,0.022988505747126436
NQ,lower_N5_median_k3,5,2022,191,84,75,0.04712041884816754
NQ,lower_N5_median_k3,15,2018,174,71,73,-0.011494252873563218
NQ,lower_N5_median_k3,15,2019,160,60,77,-0.10625
NQ,lower_N5_median_k3,15,2020,164,75,65,0.06097560975609756
NQ,lower_N5_median_k3,15,2021,174,77,73,0.022988505747126436
NQ,lower_N5_median_k3,15,2022,191,84,76,0.041884816753926704
NQ,lower_N5_median_k3,30,2018,174,71,73,-0.011494252873563218
NQ,lower_N5_median_k3,30,2019,160,60,77,-0.10625
NQ,lower_N5_median_k3,30,2020,164,75,65,0.06097560975609756
NQ,lower_N5_median_k3,30,2021,174,77,74,0.017241379310344827
NQ,lower_N5_median_k3,30,2022,191,84,76,0.041884816753926704
NQ,lower_N5_median_k3,60,2018,174,71,73,-0.011494252873563218
NQ,lower_N5_median_k3,60,2019,160,60,77,-0.10625
NQ,lower_N5_median_k3,60,2020,164,75,65,0.06097560975609756
NQ,lower_N5_median_k3,60,2021,174,77,74,0.017241379310344827
NQ,lower_N5_median_k3,60,2022,191,84,76,0.041884816753926704
NQ,lower_N5_median_k3,120,2018,174,71,73,-0.011494252873563218
NQ,lower_N5_median_k3,120,2019,160,60,77,-0.10625
NQ,lower_N5_median_k3,120,2020,164,75,65,0.06097560975609756
NQ,lower_N5_median_k3,120,2021,174,77,74,0.017241379310344827
NQ,lower_N5_median_k3,120,2022,191,84,76,0.041884816753926704
NQ,upper_N10_ema_k0,5,2018,217,96,79,0.07834101382488479
NQ,upper_N10_ema_k0,5,2019,214,101,87,0.06542056074766354
NQ,upper_N10_ema_k0,5,2020,225,107,83,0.10666666666666667
NQ,upper_N10_ema_k0,5,2021,228,106,86,0.08771929824561403
NQ,upper_N10_ema_k0,5,2022,223,107,86,0.09417040358744394
NQ,upper_N10_ema_k0,15,2018,217,97,80,0.07834101382488479
NQ,upper_N10_ema_k0,15,2019,214,103,90,0.06074766355140187
NQ,upper_N10_ema_k0,15,2020,225,110,85,0.1111111111111111
NQ,upper_N10_ema_k0,15,2021,228,107,89,0.07894736842105263
NQ,upper_N10_ema_k0,15,2022,223,108,86,0.09865470852017937
NQ,upper_N10_ema_k0,30,2018,217,97,80,0.07834101382488479
NQ,upper_N10_ema_k0,30,2019,214,103,90,0.06074766355140187
NQ,upper_N10_ema_k0,30,2020,225,110,85,0.1111111111111111
NQ,upper_N10_ema_k0,30,2021,228,107,90,0.07456140350877193
NQ,upper_N10_ema_k0,30,2022,223,109,86,0.1031390134529148
NQ,upper_N10_ema_k0,60,2018,217,97,80,0.07834101382488479
NQ,upper_N10_ema_k0,60,2019,214,103,90,0.06074766355140187
NQ,upper_N10_ema_k0,60,2020,225,110,85,0.1111111111111111
NQ,upper_N10_ema_k0,60,2021,228,107,90,0.07456140350877193
NQ,upper_N10_ema_k0,60,2022,223,109,86,0.1031390134529148
NQ,upper_N10_ema_k0,120,2018,217,97,80,0.07834101382488479
NQ,upper_N10_ema_k0,120,2019,214,103,90,0.06074766355140187
NQ,upper_N10_ema_k0,120,2020,225,110,85,0.1111111111111111
NQ,upper_N10_ema_k0,120,2021,228,107,90,0.07456140350877193
NQ,upper_N10_ema_k0,120,2022,223,109,86,0.1031390134529148
NQ,upper_N10_ema_k1,5,2018,204,95,79,0.0784313725490196
NQ,upper_N10_ema_k1,5,2019,195,91,82,0.046153846153846156
NQ,upper_N10_ema_k1,5,2020,207,95,81,0.06763285024154589
NQ,upper_N10_ema_k1,5,2021,203,91,85,0.029556650246305417
NQ,upper_N10_ema_k1,5,2022,205,99,81,0.08780487804878048
NQ,upper_N10_ema_k1,15,2018,204,96,81,0.07352941176470588
NQ,upper_N10_ema_k1,15,2019,195,92,86,0.03076923076923077
NQ,upper_N10_ema_k1,15,2020,207,100,85,0.07246376811594203
NQ,upper_N10_ema_k1,15,2021,203,94,89,0.024630541871921183
NQ,upper_N10_ema_k1,15,2022,205,100,84,0.07804878048780488
NQ,upper_N10_ema_k1,30,2018,204,96,81,0.07352941176470588
NQ,upper_N10_ema_k1,30,2019,195,94,86,0.041025641025641026
NQ,upper_N10_ema_k1,30,2020,207,101,85,0.07729468599033816
NQ,upper_N10_ema_k1,30,2021,203,94,91,0.014778325123152709
NQ,upper_N10_ema_k1,30,2022,205,100,84,0.07804878048780488
NQ,upper_N10_ema_k1,60,2018,204,96,81,0.07352941176470588
NQ,upper_N10_ema_k1,60,2019,195,94,86,0.041025641025641026
NQ,upper_N10_ema_k1,60,2020,207,101,85,0.07729468599033816
NQ,upper_N10_ema_k1,60,2021,203,94,91,0.014778325123152709
NQ,upper_N10_ema_k1,60,2022,205,100,84,0.07804878048780488
NQ,upper_N10_ema_k1,120,2018,204,96,81,0.07352941176470588
NQ,upper_N10_ema_k1,120,2019,195,94,86,0.041025641025641026
NQ,upper_N10_ema_k1,120,2020,207,101,85,0.07729468599033816
NQ,upper_N10_ema_k1,120,2021,203,94,91,0.014778325123152709
NQ,upper_N10_ema_k1,120,2022,205,100,84,0.07804878048780488
NQ,upper_N10_ema_k2,5,2018,186,83,77,0.03225806451612903
NQ,upper_N10_ema_k2,5,2019,175,84,72,0.06857142857142857
NQ,upper_N10_ema_k2,5,2020,186,80,74,0.03225806451612903
NQ,upper_N10_ema_k2,5,2021,190,93,76,0.08947368421052632
NQ,upper_N10_ema_k2,5,2022,182,93,72,0.11538461538461539
NQ,upper_N10_ema_k2,15,2018,186,84,79,0.026881720430107527
NQ,upper_N10_ema_k2,15,2019,175,87,77,0.05714285714285714
NQ,upper_N10_ema_k2,15,2020,186,83,79,0.021505376344086023
NQ,upper_N10_ema_k2,15,2021,190,97,80,0.08947368421052632
NQ,upper_N10_ema_k2,15,2022,182,94,75,0.1043956043956044
NQ,upper_N10_ema_k2,30,2018,186,85,79,0.03225806451612903
NQ,upper_N10_ema_k2,30,2019,175,88,77,0.06285714285714286
NQ,upper_N10_ema_k2,30,2020,186,83,79,0.021505376344086023
NQ,upper_N10_ema_k2,30,2021,190,99,80,0.1
NQ,upper_N10_ema_k2,30,2022,182,94,75,0.1043956043956044
NQ,upper_N10_ema_k2,60,2018,186,85,79,0.03225806451612903
NQ,upper_N10_ema_k2,60,2019,175,88,77,0.06285714285714286
NQ,upper_N10_ema_k2,60,2020,186,84,80,0.021505376344086023
NQ,upper_N10_ema_k2,60,2021,190,99,80,0.1
NQ,upper_N10_ema_k2,60,2022,182,94,75,0.1043956043956044
NQ,upper_N10_ema_k2,120,2018,186,85,79,0.03225806451612903
NQ,upper_N10_ema_k2,120,2019,175,88,77,0.06285714285714286
NQ,upper_N10_ema_k2,120,2020,186,84,80,0.021505376344086023
NQ,upper_N10_ema_k2,120,2021,190,99,80,0.1
NQ,upper_N10_ema_k2,120,2022,182,94,75,0.1043956043956044
NQ,upper_N10_ema_k3,5,2018,172,85,66,0.11046511627906977
NQ,upper_N10_ema_k3,5,2019,160,66,67,-0.00625
NQ,upper_N10_ema_k3,5,2020,161,59,71,-0.07453416149068323
NQ,upper_N10_ema_k3,5,2021,171,82,64,0.10526315789473684
NQ,upper_N10_ema_k3,5,2022,164,63,83,-0.12195121951219512
NQ,upper_N10_ema_k3,15,2018,172,86,71,0.0872093023255814
NQ,upper_N10_ema_k3,15,2019,160,69,75,-0.0375
NQ,upper_N10_ema_k3,15,2020,161,63,77,-0.08695652173913043
NQ,upper_N10_ema_k3,15,2021,171,83,68,0.08771929824561403
NQ,upper_N10_ema_k3,15,2022,164,64,83,-0.11585365853658537
NQ,upper_N10_ema_k3,30,2018,172,86,72,0.08139534883720931
NQ,upper_N10_ema_k3,30,2019,160,70,75,-0.03125
NQ,upper_N10_ema_k3,30,2020,161,64,79,-0.09316770186335403
NQ,upper_N10_ema_k3,30,2021,171,83,69,0.08187134502923976
NQ,upper_N10_ema_k3,30,2022,164,64,83,-0.11585365853658537
NQ,upper_N10_ema_k3,60,2018,172,86,72,0.08139534883720931
NQ,upper_N10_ema_k3,60,2019,160,71,75,-0.025
NQ,upper_N10_ema_k3,60,2020,161,64,79,-0.09316770186335403
NQ,upper_N10_ema_k3,60,2021,171,83,69,0.08187134502923976
NQ,upper_N10_ema_k3,60,2022,164,64,83,-0.11585365853658537
NQ,upper_N10_ema_k3,120,2018,172,86,72,0.08139534883720931
NQ,upper_N10_ema_k3,120,2019,160,71,75,-0.025
NQ,upper_N10_ema_k3,120,2020,161,64,79,-0.09316770186335403
NQ,upper_N10_ema_k3,120,2021,171,83,69,0.08187134502923976
NQ,upper_N10_ema_k3,120,2022,164,64,83,-0.11585365853658537
NQ,upper_N10_mean_k0,5,2018,217,100,81,0.08755760368663594
NQ,upper_N10_mean_k0,5,2019,212,109,78,0.14622641509433962
NQ,upper_N10_mean_k0,5,2020,223,108,80,0.12556053811659193
NQ,upper_N10_mean_k0,5,2021,227,106,91,0.06607929515418502
NQ,upper_N10_mean_k0,5,2022,224,105,92,0.05803571428571429
NQ,upper_N10_mean_k0,15,2018,217,100,82,0.08294930875576037
NQ,upper_N10_mean_k0,15,2019,212,111,79,0.1509433962264151
NQ,upper_N10_mean_k0,15,2020,223,110,84,0.11659192825112108
NQ,upper_N10_mean_k0,15,2021,227,107,94,0.05726872246696035
NQ,upper_N10_mean_k0,15,2022,224,106,92,0.0625
NQ,upper_N10_mean_k0,30,2018,217,100,82,0.08294930875576037
NQ,upper_N10_mean_k0,30,2019,212,111,79,0.1509433962264151
NQ,upper_N10_mean_k0,30,2020,223,110,84,0.11659192825112108
NQ,upper_N10_mean_k0,30,2021,227,107,95,0.05286343612334802
NQ,upper_N10_mean_k0,30,2022,224,107,92,0.06696428571428571
NQ,upper_N10_mean_k0,60,2018,217,100,82,0.08294930875576037
NQ,upper_N10_mean_k0,60,2019,212,111,79,0.1509433962264151
NQ,upper_N10_mean_k0,60,2020,223,110,84,0.11659192825112108
NQ,upper_N10_mean_k0,60,2021,227,107,95,0.05286343612334802
NQ,upper_N10_mean_k0,60,2022,224,107,92,0.06696428571428571
NQ,upper_N10_mean_k0,120,2018,217,100,82,0.08294930875576037
NQ,upper_N10_mean_k0,120,2019,212,111,79,0.1509433962264151
NQ,upper_N10_mean_k0,120,2020,223,110,84,0.11659192825112108
NQ,upper_N10_mean_k0,120,2021,227,107,95,0.05286343612334802
NQ,upper_N10_mean_k0,120,2022,224,107,92,0.06696428571428571
NQ,upper_N10_mean_k1,5,2018,204,93,86,0.03431372549019608
NQ,upper_N10_mean_k1,5,2019,195,88,83,0.02564102564102564
NQ,upper_N10_mean_k1,5,2020,207,89,86,0.014492753623188406
NQ,upper_N10_mean_k1,5,2021,202,98,78,0.09900990099009901
NQ,upper_N10_mean_k1,5,2022,205,101,79,0.1073170731707317
NQ,upper_N10_mean_k1,15,2018,204,93,88,0.024509803921568627
NQ,upper_N10_mean_k1,15,2019,195,90,86,0.020512820512820513
NQ,upper_N10_mean_k1,15,2020,207,94,89,0.024154589371980676
NQ,upper_N10_mean_k1,15,2021,202,99,83,0.07920792079207921
NQ,upper_N10_mean_k1,15,2022,205,103,82,0.1024390243902439
NQ,upper_N10_mean_k1,30,2018,204,93,88,0.024509803921568627
NQ,upper_N10_mean_k1,30,2019,195,91,86,0.02564102564102564
NQ,upper_N10_mean_k1,30,2020,207,96,89,0.033816425120772944
NQ,upper_N10_mean_k1,30,2021,202,99,84,0.07425742574257425
NQ,upper_N10_mean_k1,30,2022,205,103,82,0.1024390243902439
NQ,upper_N10_mean_k1,60,2018,204,93,88,0.024509803921568627
NQ,upper_N10_mean_k1,60,2019,195,91,86,0.02564102564102564
NQ,upper_N10_mean_k1,60,2020,207,96,89,0.033816425120772944
NQ,upper_N10_mean_k1,60,2021,202,99,84,0.07425742574257425
NQ,upper_N10_mean_k1,60,2022,205,103,82,0.1024390243902439
NQ,upper_N10_mean_k1,120,2018,204,93,88,0.024509803921568627
NQ,upper_N10_mean_k1,120,2019,195,91,86,0.02564102564102564
NQ,upper_N10_mean_k1,120,2020,207,96,89,0.033816425120772944
NQ,upper_N10_mean_k1,120,2021,202,99,84,0.07425742574257425
NQ,upper_N10_mean_k1,120,2022,205,103,82,0.1024390243902439
NQ,upper_N10_mean_k2,5,2018,186,82,78,0.021505376344086023
NQ,upper_N10_mean_k2,5,2019,174,78,75,0.017241379310344827
NQ,upper_N10_mean_k2,5,2020,183,78,76,0.01092896174863388
NQ,upper_N10_mean_k2,5,2021,185,92,70,0.11891891891891893
NQ,upper_N10_mean_k2,5,2022,183,93,72,0.11475409836065574
NQ,upper_N10_mean_k2,15,2018,186,83,82,0.005376344086021506
NQ,upper_N10_mean_k2,15,2019,174,82,77,0.028735632183908046
NQ,upper_N10_mean_k2,15,2020,183,81,81,0.0
NQ,upper_N10_mean_k2,15,2021,185,97,74,0.12432432432432433
NQ,upper_N10_mean_k2,15,2022,183,94,73,0.11475409836065574
NQ,upper_N10_mean_k2,30,2018,186,83,83,0.0
NQ,upper_N10_mean_k2,30,2019,174,84,77,0.040229885057471264
NQ,upper_N10_mean_k2,30,2020,183,81,81,0.0
NQ,upper_N10_mean_k2,30,2021,185,98,74,0.12972972972972974
NQ,upper_N10_mean_k2,30,2022,183,94,73,0.11475409836065574
NQ,upper_N10_mean_k2,60,2018,186,83,83,0.0
NQ,upper_N10_mean_k2,60,2019,174,84,77,0.040229885057471264
NQ,upper_N10_mean_k2,60,2020,183,82,81,0.00546448087431694
NQ,upper_N10_mean_k2,60,2021,185,98,74,0.12972972972972974
NQ,upper_N10_mean_k2,60,2022,183,94,73,0.11475409836065574
NQ,upper_N10_mean_k2,120,2018,186,83,83,0.0
NQ,upper_N10_mean_k2,120,2019,174,84,77,0.040229885057471264
NQ,upper_N10_mean_k2,120,2020,183,82,81,0.00546448087431694
NQ,upper_N10_mean_k2,120,2021,185,98,74,0.12972972972972974
NQ,upper_N10_mean_k2,120,2022,183,94,73,0.11475409836065574
NQ,upper_N10_mean_k3,5,2018,171,85,70,0.08771929824561403
NQ,upper_N10_mean_k3,5,2019,158,71,63,0.05063291139240506
NQ,upper_N10_mean_k3,5,2020,160,61,70,-0.05625
NQ,upper_N10_mean_k3,5,2021,170,78,60,0.10588235294117647
NQ,upper_N10_mean_k3,5,2022,167,67,82,-0.08982035928143713
NQ,upper_N10_mean_k3,15,2018,171,86,73,0.07602339181286549
NQ,upper_N10_mean_k3,15,2019,158,74,72,0.012658227848101266
NQ,upper_N10_mean_k3,15,2020,160,67,76,-0.05625
NQ,upper_N10_mean_k3,15,2021,170,81,66,0.08823529411764706
NQ,upper_N10_mean_k3,15,2022,167,68,83,-0.08982035928143713
NQ,upper_N10_mean_k3,30,2018,171,86,74,0.07017543859649122
NQ,upper_N10_mean_k3,30,2019,158,75,72,0.0189873417721519
NQ,upper_N10_mean_k3,30,2020,160,68,78,-0.0625
NQ,upper_N10_mean_k3,30,2021,170,81,67,0.08235294117647059
NQ,upper_N10_mean_k3,30,2022,167,68,83,-0.08982035928143713
NQ,upper_N10_mean_k3,60,2018,171,86,74,0.07017543859649122
NQ,upper_N10_mean_k3,60,2019,158,75,72,0.0189873417721519
NQ,upper_N10_mean_k3,60,2020,160,68,78,-0.0625
NQ,upper_N10_mean_k3,60,2021,170,81,67,0.08235294117647059
NQ,upper_N10_mean_k3,60,2022,167,68,83,-0.08982035928143713
NQ,upper_N10_mean_k3,120,2018,171,86,74,0.07017543859649122
NQ,upper_N10_mean_k3,120,2019,158,75,72,0.0189873417721519
NQ,upper_N10_mean_k3,120,2020,160,68,78,-0.0625
NQ,upper_N10_mean_k3,120,2021,170,81,67,0.08235294117647059
NQ,upper_N10_mean_k3,120,2022,167,68,83,-0.08982035928143713
NQ,upper_N10_median_k0,5,2018,220,96,86,0.045454545454545456
NQ,upper_N10_median_k0,5,2019,217,105,88,0.07834101382488479
NQ,upper_N10_median_k0,5,2020,224,110,81,0.12946428571428573
NQ,upper_N10_median_k0,5,2021,231,110,87,0.09956709956709957
NQ,upper_N10_median_k0,5,2022,225,106,92,0.06222222222222222
NQ,upper_N10_median_k0,15,2018,220,97,86,0.05
NQ,upper_N10_median_k0,15,2019,217,106,88,0.08294930875576037
NQ,upper_N10_median_k0,15,2020,224,111,84,0.12053571428571429
NQ,upper_N10_median_k0,15,2021,231,112,89,0.09956709956709957
NQ,upper_N10_median_k0,15,2022,225,106,92,0.06222222222222222
NQ,upper_N10_median_k0,30,2018,220,97,86,0.05
NQ,upper_N10_median_k0,30,2019,217,106,88,0.08294930875576037
NQ,upper_N10_median_k0,30,2020,224,111,84,0.12053571428571429
NQ,upper_N10_median_k0,30,2021,231,112,90,0.09523809523809523
NQ,upper_N10_median_k0,30,2022,225,107,92,0.06666666666666667
NQ,upper_N10_median_k0,60,2018,220,97,86,0.05
NQ,upper_N10_median_k0,60,2019,217,106,88,0.08294930875576037
NQ,upper_N10_median_k0,60,2020,224,111,84,0.12053571428571429
NQ,upper_N10_median_k0,60,2021,231,112,90,0.09523809523809523
NQ,upper_N10_median_k0,60,2022,225,107,92,0.06666666666666667
NQ,upper_N10_median_k0,120,2018,220,97,86,0.05
NQ,upper_N10_median_k0,120,2019,217,106,88,0.08294930875576037
NQ,upper_N10_median_k0,120,2020,224,111,84,0.12053571428571429
NQ,upper_N10_median_k0,120,2021,231,112,90,0.09523809523809523
NQ,upper_N10_median_k0,120,2022,225,107,92,0.06666666666666667
NQ,upper_N10_median_k1,5,2018,206,90,84,0.02912621359223301
NQ,upper_N10_median_k1,5,2019,195,88,84,0.020512820512820513
NQ,upper_N10_median_k1,5,2020,211,93,84,0.04265402843601896
NQ,upper_N10_median_k1,5,2021,209,98,84,0.06698564593301436
NQ,upper_N10_median_k1,5,2022,205,100,82,0.08780487804878048
NQ,upper_N10_median_k1,15,2018,206,91,87,0.019417475728155338
NQ,upper_N10_median_k1,15,2019,195,92,86,0.03076923076923077
NQ,upper_N10_median_k1,15,2020,211,96,87,0.04265402843601896
NQ,upper_N10_median_k1,15,2021,209,101,87,0.06698564593301436
NQ,upper_N10_median_k1,15,2022,205,102,82,0.0975609756097561
NQ,upper_N10_median_k1,30,2018,206,91,87,0.019417475728155338
NQ,upper_N10_median_k1,30,2019,195,92,86,0.03076923076923077
NQ,upper_N10_median_k1,30,2020,211,96,87,0.04265402843601896
NQ,upper_N10_median_k1,30,2021,209,101,89,0.05741626794258373
NQ,upper_N10_median_k1,30,2022,205,102,83,0.09268292682926829
NQ,upper_N10_median_k1,60,2018,206,91,87,0.019417475728155338
NQ,upper_N10_median_k1,60,2019,195,92,86,0.03076923076923077
NQ,upper_N10_median_k1,60,2020,211,96,87,0.04265402843601896
NQ,upper_N10_median_k1,60,2021,209,101,89,0.05741626794258373
NQ,upper_N10_median_k1,60,2022,205,102,83,0.09268292682926829
NQ,upper_N10_median_k1,120,2018,206,91,87,0.019417475728155338
NQ,upper_N10_median_k1,120,2019,195,92,86,0.03076923076923077
NQ,upper_N10_median_k1,120,2020,211,96,87,0.04265402843601896
NQ,upper_N10_median_k1,120,2021,209,101,89,0.05741626794258373
NQ,upper_N10_median_k1,120,2022,205,102,83,0.09268292682926829
NQ,upper_N10_median_k2,5,2018,187,85,79,0.03208556149732621
NQ,upper_N10_median_k2,5,2019,176,80,77,0.017045454545454544
NQ,upper_N10_median_k2,5,2020,187,84,70,0.0748663101604278
NQ,upper_N10_median_k2,5,2021,189,91,77,0.07407407407407407
NQ,upper_N10_median_k2,5,2022,186,93,71,0.11827956989247312
NQ,upper_N10_median_k2,15,2018,187,89,80,0.0481283422459893
NQ,upper_N10_median_k2,15,2019,176,82,81,0.005681818181818182
NQ,upper_N10_median_k2,15,2020,187,87,79,0.0427807486631016
NQ,upper_N10_median_k2,15,2021,189,93,80,0.06878306878306878
NQ,upper_N10_median_k2,15,2022,186,94,72,0.11827956989247312
NQ,upper_N10_median_k2,30,2018,187,90,80,0.053475935828877004
NQ,upper_N10_median_k2,30,2019,176,83,81,0.011363636363636364
NQ,upper_N10_median_k2,30,2020,187,87,79,0.0427807486631016
NQ,upper_N10_median_k2,30,2021,189,95,80,0.07936507936507936
NQ,upper_N10_median_k2,30,2022,186,94,72,0.11827956989247312
NQ,upper_N10_median_k2,60,2018,187,90,80,0.053475935828877004
NQ,upper_N10_median_k2,60,2019,176,83,81,0.011363636363636364
NQ,upper_N10_median_k2,60,2020,187,87,80,0.0374331550802139
NQ,upper_N10_median_k2,60,2021,189,95,80,0.07936507936507936
NQ,upper_N10_median_k2,60,2022,186,94,72,0.11827956989247312
NQ,upper_N10_median_k2,120,2018,187,90,80,0.053475935828877004
NQ,upper_N10_median_k2,120,2019,176,83,81,0.011363636363636364
NQ,upper_N10_median_k2,120,2020,187,87,80,0.0374331550802139
NQ,upper_N10_median_k2,120,2021,189,95,80,0.07936507936507936
NQ,upper_N10_median_k2,120,2022,186,94,72,0.11827956989247312
NQ,upper_N10_median_k3,5,2018,173,86,68,0.10404624277456648
NQ,upper_N10_median_k3,5,2019,158,74,61,0.08227848101265822
NQ,upper_N10_median_k3,5,2020,166,70,69,0.006024096385542169
NQ,upper_N10_median_k3,5,2021,171,78,65,0.07602339181286549
NQ,upper_N10_median_k3,5,2022,168,73,80,-0.041666666666666664
NQ,upper_N10_median_k3,15,2018,173,87,70,0.09826589595375723
NQ,upper_N10_median_k3,15,2019,158,75,68,0.04430379746835443
NQ,upper_N10_median_k3,15,2020,166,73,73,0.0
NQ,upper_N10_median_k3,15,2021,171,82,70,0.07017543859649122
NQ,upper_N10_median_k3,15,2022,168,76,80,-0.023809523809523808
NQ,upper_N10_median_k3,30,2018,173,87,71,0.09248554913294797
NQ,upper_N10_median_k3,30,2019,158,76,69,0.04430379746835443
NQ,upper_N10_median_k3,30,2020,166,74,74,0.0
NQ,upper_N10_median_k3,30,2021,171,83,70,0.07602339181286549
NQ,upper_N10_median_k3,30,2022,168,76,80,-0.023809523809523808
NQ,upper_N10_median_k3,60,2018,173,87,71,0.09248554913294797
NQ,upper_N10_median_k3,60,2019,158,76,69,0.04430379746835443
NQ,upper_N10_median_k3,60,2020,166,74,74,0.0
NQ,upper_N10_median_k3,60,2021,171,83,70,0.07602339181286549
NQ,upper_N10_median_k3,60,2022,168,76,80,-0.023809523809523808
NQ,upper_N10_median_k3,120,2018,173,87,71,0.09248554913294797
NQ,upper_N10_median_k3,120,2019,158,76,69,0.04430379746835443
NQ,upper_N10_median_k3,120,2020,166,74,74,0.0
NQ,upper_N10_median_k3,120,2021,171,83,70,0.07602339181286549
NQ,upper_N10_median_k3,120,2022,168,76,80,-0.023809523809523808
NQ,upper_N20_ema_k0,5,2018,208,94,80,0.0673076923076923
NQ,upper_N20_ema_k0,5,2019,210,109,77,0.1523809523809524
NQ,upper_N20_ema_k0,5,2020,226,113,86,0.11946902654867257
NQ,upper_N20_ema_k0,5,2021,230,111,100,0.04782608695652174
NQ,upper_N20_ema_k0,5,2022,223,109,86,0.1031390134529148
NQ,upper_N20_ema_k0,15,2018,208,94,81,0.0625
NQ,upper_N20_ema_k0,15,2019,210,114,80,0.1619047619047619
NQ,upper_N20_ema_k0,15,2020,226,117,88,0.12831858407079647
NQ,upper_N20_ema_k0,15,2021,230,112,102,0.043478260869565216
NQ,upper_N20_ema_k0,15,2022,223,110,86,0.10762331838565023
NQ,upper_N20_ema_k0,30,2018,208,94,81,0.0625
NQ,upper_N20_ema_k0,30,2019,210,114,80,0.1619047619047619
NQ,upper_N20_ema_k0,30,2020,226,117,88,0.12831858407079647
NQ,upper_N20_ema_k0,30,2021,230,112,102,0.043478260869565216
NQ,upper_N20_ema_k0,30,2022,223,111,86,0.11210762331838565
NQ,upper_N20_ema_k0,60,2018,208,94,81,0.0625
NQ,upper_N20_ema_k0,60,2019,210,114,80,0.1619047619047619
NQ,upper_N20_ema_k0,60,2020,226,117,88,0.12831858407079647
NQ,upper_N20_ema_k0,60,2021,230,112,102,0.043478260869565216
NQ,upper_N20_ema_k0,60,2022,223,111,86,0.11210762331838565
NQ,upper_N20_ema_k0,120,2018,208,94,81,0.0625
NQ,upper_N20_ema_k0,120,2019,210,114,80,0.1619047619047619
NQ,upper_N20_ema_k0,120,2020,226,117,88,0.12831858407079647
NQ,upper_N20_ema_k0,120,2021,230,112,102,0.043478260869565216
NQ,upper_N20_ema_k0,120,2022,223,111,86,0.11210762331838565
NQ,upper_N20_ema_k1,5,2018,194,89,82,0.03608247422680412
NQ,upper_N20_ema_k1,5,2019,191,88,83,0.02617801047120419
NQ,upper_N20_ema_k1,5,2020,202,96,83,0.06435643564356436
NQ,upper_N20_ema_k1,5,2021,208,95,96,-0.004807692307692308
NQ,upper_N20_ema_k1,5,2022,207,94,92,0.00966183574879227
NQ,upper_N20_ema_k1,15,2018,194,92,83,0.04639175257731959
NQ,upper_N20_ema_k1,15,2019,191,91,87,0.020942408376963352
NQ,upper_N20_ema_k1,15,2020,202,101,85,0.07920792079207921
NQ,upper_N20_ema_k1,15,2021,208,97,97,0.0
NQ,upper_N20_ema_k1,15,2022,207,94,92,0.00966183574879227
NQ,upper_N20_ema_k1,30,2018,194,92,84,0.041237113402061855
NQ,upper_N20_ema_k1,30,2019,191,92,87,0.02617801047120419
NQ,upper_N20_ema_k1,30,2020,202,101,85,0.07920792079207921
NQ,upper_N20_ema_k1,30,2021,208,97,98,-0.004807692307692308
NQ,upper_N20_ema_k1,30,2022,207,94,92,0.00966183574879227
NQ,upper_N20_ema_k1,60,2018,194,92,84,0.041237113402061855
NQ,upper_N20_ema_k1,60,2019,191,92,87,0.02617801047120419
NQ,upper_N20_ema_k1,60,2020,202,101,85,0.07920792079207921
NQ,upper_N20_ema_k1,60,2021,208,97,98,-0.004807692307692308
NQ,upper_N20_ema_k1,60,2022,207,94,92,0.00966183574879227
NQ,upper_N20_ema_k1,120,2018,194,92,84,0.041237113402061855
NQ,upper_N20_ema_k1,120,2019,191,92,87,0.02617801047120419
NQ,upper_N20_ema_k1,120,2020,202,101,85,0.07920792079207921
NQ,upper_N20_ema_k1,120,2021,208,97,98,-0.004807692307692308
NQ,upper_N20_ema_k1,120,2022,207,94,92,0.00966183574879227
NQ,upper_N20_ema_k2,5,2018,179,80,78,0.0111731843575419
NQ,upper_N20_ema_k2,5,2019,176,82,80,0.011363636363636364
NQ,upper_N20_ema_k2,5,2020,179,74,79,-0.027932960893854747
NQ,upper_N20_ema_k2,5,2021,186,88,76,0.06451612903225806
NQ,upper_N20_ema_k2,5,2022,179,82,73,0.05027932960893855
NQ,upper_N20_ema_k2,15,2018,179,83,81,0.0111731843575419
NQ,upper_N20_ema_k2,15,2019,176,83,84,-0.005681818181818182
NQ,upper_N20_ema_k2,15,2020,179,79,86,-0.03910614525139665
NQ,upper_N20_ema_k2,15,2021,186,94,79,0.08064516129032258
NQ,upper_N20_ema_k2,15,2022,179,85,75,0.055865921787709494
NQ,upper_N20_ema_k2,30,2018,179,83,81,0.0111731843575419
NQ,upper_N20_ema_k2,30,2019,176,84,84,0.0
NQ,upper_N20_ema_k2,30,2020,179,79,86,-0.03910614525139665
NQ,upper_N20_ema_k2,30,2021,186,94,79,0.08064516129032258
NQ,upper_N20_ema_k2,30,2022,179,85,75,0.055865921787709494
NQ,upper_N20_ema_k2,60,2018,179,83,81,0.0111731843575419
NQ,upper_N20_ema_k2,60,2019,176,84,84,0.0
NQ,upper_N20_ema_k2,60,2020,179,79,86,-0.03910614525139665
NQ,upper_N20_ema_k2,60,2021,186,94,79,0.08064516129032258
NQ,upper_N20_ema_k2,60,2022,179,85,75,0.055865921787709494
NQ,upper_N20_ema_k2,120,2018,179,83,81,0.0111731843575419
NQ,upper_N20_ema_k2,120,2019,176,84,84,0.0
NQ,upper_N20_ema_k2,120,2020,179,79,86,-0.03910614525139665
NQ,upper_N20_ema_k2,120,2021,186,94,79,0.08064516129032258
NQ,upper_N20_ema_k2,120,2022,179,85,75,0.055865921787709494
NQ,upper_N20_ema_k3,5,2018,162,79,64,0.09259259259259259
NQ,upper_N20_ema_k3,5,2019,151,71,61,0.06622516556291391
NQ,upper_N20_ema_k3,5,2020,161,67,72,-0.031055900621118012
NQ,upper_N20_ema_k3,5,2021,162,72,61,0.06790123456790123
NQ,upper_N20_ema_k3,5,2022,164,78,68,0.06097560975609756
NQ,upper_N20_ema_k3,15,2018,162,81,66,0.09259259259259259
NQ,upper_N20_ema_k3,15,2019,151,73,68,0.033112582781456956
NQ,upper_N20_ema_k3,15,2020,161,71,79,-0.049689440993788817
NQ,upper_N20_ema_k3,15,2021,162,78,65,0.08024691358024691
NQ,upper_N20_ema_k3,15,2022,164,78,71,0.042682926829268296
NQ,upper_N20_ema_k3,30,2018,162,81,66,0.09259259259259259
NQ,upper_N20_ema_k3,30,2019,151,74,68,0.039735099337748346
NQ,upper_N20_ema_k3,30,2020,161,72,80,-0.049689440993788817
NQ,upper_N20_ema_k3,30,2021,162,78,65,0.08024691358024691
NQ,upper_N20_ema_k3,30,2022,164,78,71,0.042682926829268296
NQ,upper_N20_ema_k3,60,2018,162,81,66,0.09259259259259259
NQ,upper_N20_ema_k3,60,2019,151,74,68,0.039735099337748346
NQ,upper_N20_ema_k3,60,2020,161,72,80,-0.049689440993788817
NQ,upper_N20_ema_k3,60,2021,162,78,65,0.08024691358024691
NQ,upper_N20_ema_k3,60,2022,164,78,71,0.042682926829268296
NQ,upper_N20_ema_k3,120,2018,162,81,66,0.09259259259259259
NQ,upper_N20_ema_k3,120,2019,151,74,68,0.039735099337748346
NQ,upper_N20_ema_k3,120,2020,161,72,80,-0.049689440993788817
NQ,upper_N20_ema_k3,120,2021,162,78,65,0.08024691358024691
NQ,upper_N20_ema_k3,120,2022,164,78,71,0.042682926829268296
NQ,upper_N20_mean_k0,5,2018,209,99,77,0.10526315789473684
NQ,upper_N20_mean_k0,5,2019,209,103,77,0.12440191387559808
NQ,upper_N20_mean_k0,5,2020,225,110,88,0.09777777777777778
NQ,upper_N20_mean_k0,5,2021,229,112,97,0.06550218340611354
NQ,upper_N20_mean_k0,5,2022,224,110,90,0.08928571428571429
NQ,upper_N20_mean_k0,15,2018,209,99,77,0.10526315789473684
NQ,upper_N20_mean_k0,15,2019,209,109,79,0.14354066985645933
NQ,upper_N20_mean_k0,15,2020,225,115,89,0.11555555555555555
NQ,upper_N20_mean_k0,15,2021,229,114,98,0.06986899563318777
NQ,upper_N20_mean_k0,15,2022,224,111,90,0.09375
NQ,upper_N20_mean_k0,30,2018,209,99,77,0.10526315789473684
NQ,upper_N20_mean_k0,30,2019,209,109,79,0.14354066985645933
NQ,upper_N20_mean_k0,30,2020,225,115,89,0.11555555555555555
NQ,upper_N20_mean_k0,30,2021,229,114,98,0.06986899563318777
NQ,upper_N20_mean_k0,30,2022,224,111,90,0.09375
NQ,upper_N20_mean_k0,60,2018,209,99,77,0.10526315789473684
NQ,upper_N20_mean_k0,60,2019,209,109,79,0.14354066985645933
NQ,upper_N20_mean_k0,60,2020,225,115,89,0.11555555555555555
NQ,upper_N20_mean_k0,60,2021,229,114,98,0.06986899563318777
NQ,upper_N20_mean_k0,60,2022,224,111,90,0.09375
NQ,upper_N20_mean_k0,120,2018,209,99,77,0.10526315789473684
NQ,upper_N20_mean_k0,120,2019,209,109,79,0.14354066985645933
NQ,upper_N20_mean_k0,120,2020,225,115,89,0.11555555555555555
NQ,upper_N20_mean_k0,120,2021,229,114,98,0.06986899563318777
NQ,upper_N20_mean_k0,120,2022,224,111,90,0.09375
NQ,upper_N20_mean_k1,5,2018,194,85,87,-0.010309278350515464
NQ,upper_N20_mean_k1,5,2019,190,87,84,0.015789473684210527
NQ,upper_N20_mean_k1,5,2020,202,93,82,0.054455445544554455
NQ,upper_N20_mean_k1,5,2021,210,95,96,-0.004761904761904762
NQ,upper_N20_mean_k1,5,2022,206,94,88,0.02912621359223301
NQ,upper_N20_mean_k1,15,2018,194,86,88,-0.010309278350515464
NQ,upper_N20_mean_k1,15,2019,190,91,85,0.031578947368421054
NQ,upper_N20_mean_k1,15,2020,202,100,85,0.07425742574257425
NQ,upper_N20_mean_k1,15,2021,210,99,98,0.004761904761904762
NQ,upper_N20_mean_k1,15,2022,206,95,89,0.02912621359223301
NQ,upper_N20_mean_k1,30,2018,194,86,89,-0.015463917525773196
NQ,upper_N20_mean_k1,30,2019,190,92,85,0.03684210526315789
NQ,upper_N20_mean_k1,30,2020,202,100,85,0.07425742574257425
NQ,upper_N20_mean_k1,30,2021,210,99,99,0.0
NQ,upper_N20_mean_k1,30,2022,206,95,89,0.02912621359223301
NQ,upper_N20_mean_k1,60,2018,194,86,89,-0.015463917525773196
NQ,upper_N20_mean_k1,60,2019,190,92,85,0.03684210526315789
NQ,upper_N20_mean_k1,60,2020,202,100,85,0.07425742574257425
NQ,upper_N20_mean_k1,60,2021,210,99,99,0.0
NQ,upper_N20_mean_k1,60,2022,206,95,89,0.02912621359223301
NQ,upper_N20_mean_k1,120,2018,194,86,89,-0.015463917525773196
NQ,upper_N20_mean_k1,120,2019,190,92,85,0.03684210526315789
NQ,upper_N20_mean_k1,120,2020,202,100,85,0.07425742574257425
NQ,upper_N20_mean_k1,120,2021,210,99,99,0.0
NQ,upper_N20_mean_k1,120,2022,206,95,89,0.02912621359223301
NQ,upper_N20_mean_k2,5,2018,178,82,78,0.02247191011235955
NQ,upper_N20_mean_k2,5,2019,174,82,77,0.028735632183908046
NQ,upper_N20_mean_k2,5,2020,180,83,76,0.03888888888888889
NQ,upper_N20_mean_k2,5,2021,184,90,76,0.07608695652173914
NQ,upper_N20_mean_k2,5,2022,181,80,81,-0.0055248618784530384
NQ,upper_N20_mean_k2,15,2018,178,83,79,0.02247191011235955
NQ,upper_N20_mean_k2,15,2019,174,84,80,0.022988505747126436
NQ,upper_N20_mean_k2,15,2020,180,86,80,0.03333333333333333
NQ,upper_N20_mean_k2,15,2021,184,93,79,0.07608695652173914
NQ,upper_N20_mean_k2,15,2022,181,80,82,-0.011049723756906077
NQ,upper_N20_mean_k2,30,2018,178,83,79,0.02247191011235955
NQ,upper_N20_mean_k2,30,2019,174,85,80,0.028735632183908046
NQ,upper_N20_mean_k2,30,2020,180,86,80,0.03333333333333333
NQ,upper_N20_mean_k2,30,2021,184,93,79,0.07608695652173914
NQ,upper_N20_mean_k2,30,2022,181,80,82,-0.011049723756906077
NQ,upper_N20_mean_k2,60,2018,178,83,79,0.02247191011235955
NQ,upper_N20_mean_k2,60,2019,174,85,80,0.028735632183908046
NQ,upper_N20_mean_k2,60,2020,180,86,80,0.03333333333333333
NQ,upper_N20_mean_k2,60,2021,184,93,79,0.07608695652173914
NQ,upper_N20_mean_k2,60,2022,181,80,82,-0.011049723756906077
NQ,upper_N20_mean_k2,120,2018,178,83,79,0.02247191011235955
NQ,upper_N20_mean_k2,120,2019,174,85,80,0.028735632183908046
NQ,upper_N20_mean_k2,120,2020,180,86,80,0.03333333333333333
NQ,upper_N20_mean_k2,120,2021,184,93,79,0.07608695652173914
NQ,upper_N20_mean_k2,120,2022,181,80,82,-0.011049723756906077
NQ,upper_N20_mean_k3,5,2018,161,86,59,0.16770186335403728
NQ,upper_N20_mean_k3,5,2019,151,69,64,0.033112582781456956
NQ,upper_N20_mean_k3,5,2020,161,64,72,-0.049689440993788817
NQ,upper_N20_mean_k3,5,2021,164,73,63,0.06097560975609756
NQ,upper_N20_mean_k3,5,2022,164,79,69,0.06097560975609756
NQ,upper_N20_mean_k3,15,2018,161,88,62,0.16149068322981366
NQ,upper_N20_mean_k3,15,2019,151,70,72,-0.013245033112582781
NQ,upper_N20_mean_k3,15,2020,161,67,81,-0.08695652173913043
NQ,upper_N20_mean_k3,15,2021,164,80,66,0.08536585365853659
NQ,upper_N20_mean_k3,15,2022,164,79,72,0.042682926829268296
NQ,upper_N20_mean_k3,30,2018,161,88,62,0.16149068322981366
NQ,upper_N20_mean_k3,30,2019,151,71,72,-0.006622516556291391
NQ,upper_N20_mean_k3,30,2020,161,68,83,-0.09316770186335403
NQ,upper_N20_mean_k3,30,2021,164,81,66,0.09146341463414634
NQ,upper_N20_mean_k3,30,2022,164,79,72,0.042682926829268296
NQ,upper_N20_mean_k3,60,2018,161,88,62,0.16149068322981366
NQ,upper_N20_mean_k3,60,2019,151,71,72,-0.006622516556291391
NQ,upper_N20_mean_k3,60,2020,161,68,83,-0.09316770186335403
NQ,upper_N20_mean_k3,60,2021,164,81,66,0.09146341463414634
NQ,upper_N20_mean_k3,60,2022,164,79,72,0.042682926829268296
NQ,upper_N20_mean_k3,120,2018,161,88,62,0.16149068322981366
NQ,upper_N20_mean_k3,120,2019,151,71,72,-0.006622516556291391
NQ,upper_N20_mean_k3,120,2020,161,68,83,-0.09316770186335403
NQ,upper_N20_mean_k3,120,2021,164,81,66,0.09146341463414634
NQ,upper_N20_mean_k3,120,2022,164,79,72,0.042682926829268296
NQ,upper_N20_median_k0,5,2018,210,97,78,0.09047619047619047
NQ,upper_N20_median_k0,5,2019,211,109,85,0.11374407582938388
NQ,upper_N20_median_k0,5,2020,228,112,87,0.10964912280701754
NQ,upper_N20_median_k0,5,2021,234,109,99,0.042735042735042736
NQ,upper_N20_median_k0,5,2022,224,107,93,0.0625
NQ,upper_N20_median_k0,15,2018,210,97,78,0.09047619047619047
NQ,upper_N20_median_k0,15,2019,211,110,87,0.10900473933649289
NQ,upper_N20_median_k0,15,2020,228,118,89,0.12719298245614036
NQ,upper_N20_median_k0,15,2021,234,112,99,0.05555555555555555
NQ,upper_N20_median_k0,15,2022,224,108,93,0.06696428571428571
NQ,upper_N20_median_k0,30,2018,210,97,78,0.09047619047619047
NQ,upper_N20_median_k0,30,2019,211,110,87,0.10900473933649289
NQ,upper_N20_median_k0,30,2020,228,118,89,0.12719298245614036
NQ,upper_N20_median_k0,30,2021,234,112,99,0.05555555555555555
NQ,upper_N20_median_k0,30,2022,224,108,93,0.06696428571428571
NQ,upper_N20_median_k0,60,2018,210,97,78,0.09047619047619047
NQ,upper_N20_median_k0,60,2019,211,110,87,0.10900473933649289
NQ,upper_N20_median_k0,60,2020,228,118,89,0.12719298245614036
NQ,upper_N20_median_k0,60,2021,234,112,99,0.05555555555555555
NQ,upper_N20_median_k0,60,2022,224,108,93,0.06696428571428571
NQ,upper_N20_median_k0,120,2018,210,97,78,0.09047619047619047
NQ,upper_N20_median_k0,120,2019,211,110,87,0.10900473933649289
NQ,upper_N20_median_k0,120,2020,228,118,89,0.12719298245614036
NQ,upper_N20_median_k0,120,2021,234,112,99,0.05555555555555555
NQ,upper_N20_median_k0,120,2022,224,108,93,0.06696428571428571
NQ,upper_N20_median_k1,5,2018,197,90,84,0.030456852791878174
NQ,upper_N20_median_k1,5,2019,192,91,82,0.046875
NQ,upper_N20_median_k1,5,2020,206,98,85,0.06310679611650485
NQ,upper_N20_median_k1,5,2021,214,101,97,0.018691588785046728
NQ,upper_N20_median_k1,5,2022,209,86,99,-0.06220095693779904
NQ,upper_N20_median_k1,15,2018,197,92,84,0.04060913705583756
NQ,upper_N20_median_k1,15,2019,192,94,86,0.041666666666666664
NQ,upper_N20_median_k1,15,2020,206,100,88,0.05825242718446602
NQ,upper_N20_median_k1,15,2021,214,102,100,0.009345794392523364
NQ,upper_N20_median_k1,15,2022,209,87,100,-0.06220095693779904
NQ,upper_N20_median_k1,30,2018,197,92,85,0.03553299492385787
NQ,upper_N20_median_k1,30,2019,192,94,86,0.041666666666666664
NQ,upper_N20_median_k1,30,2020,206,100,88,0.05825242718446602
NQ,upper_N20_median_k1,30,2021,214,102,101,0.004672897196261682
NQ,upper_N20_median_k1,30,2022,209,87,100,-0.06220095693779904
NQ,upper_N20_median_k1,60,2018,197,92,85,0.03553299492385787
NQ,upper_N20_median_k1,60,2019,192,94,86,0.041666666666666664
NQ,upper_N20_median_k1,60,2020,206,100,88,0.05825242718446602
NQ,upper_N20_median_k1,60,2021,214,102,101,0.004672897196261682
NQ,upper_N20_median_k1,60,2022,209,87,100,-0.06220095693779904
NQ,upper_N20_median_k1,120,2018,197,92,85,0.03553299492385787
NQ,upper_N20_median_k1,120,2019,192,94,86,0.041666666666666664
NQ,upper_N20_median_k1,120,2020,206,100,88,0.05825242718446602
NQ,upper_N20_median_k1,120,2021,214,102,101,0.004672897196261682
NQ,upper_N20_median_k1,120,2022,209,87,100,-0.06220095693779904
NQ,upper_N20_median_k2,5,2018,181,82,79,0.016574585635359115
NQ,upper_N20_median_k2,5,2019,175,77,79,-0.011428571428571429
NQ,upper_N20_median_k2,5,2020,187,83,72,0.058823529411764705
NQ,upper_N20_median_k2,5,2021,191,94,79,0.07853403141361257
NQ,upper_N20_median_k2,5,2022,185,90,78,0.06486486486486487
NQ,upper_N20_median_k2,15,2018,181,83,81,0.011049723756906077
NQ,upper_N20_median_k2,15,2019,175,82,82,0.0
NQ,upper_N20_median_k2,15,2020,187,87,81,0.03208556149732621
NQ,upper_N20_median_k2,15,2021,191,97,84,0.06806282722513089
NQ,upper_N20_median_k2,15,2022,185,90,80,0.05405405405405406
NQ,upper_N20_median_k2,30,2018,181,83,81,0.011049723756906077
NQ,upper_N20_median_k2,30,2019,175,83,82,0.005714285714285714
NQ,upper_N20_median_k2,30,2020,187,87,81,0.03208556149732621
NQ,upper_N20_median_k2,30,2021,191,97,84,0.06806282722513089
NQ,upper_N20_median_k2,30,2022,185,91,80,0.05945945945945946
NQ,upper_N20_median_k2,60,2018,181,83,81,0.011049723756906077
NQ,upper_N20_median_k2,60,2019,175,83,82,0.005714285714285714
NQ,upper_N20_median_k2,60,2020,187,87,81,0.03208556149732621
NQ,upper_N20_median_k2,60,2021,191,97,84,0.06806282722513089
NQ,upper_N20_median_k2,60,2022,185,91,80,0.05945945945945946
NQ,upper_N20_median_k2,120,2018,181,83,81,0.011049723756906077
NQ,upper_N20_median_k2,120,2019,175,83,82,0.005714285714285714
NQ,upper_N20_median_k2,120,2020,187,87,81,0.03208556149732621
NQ,upper_N20_median_k2,120,2021,191,97,84,0.06806282722513089
NQ,upper_N20_median_k2,120,2022,185,91,80,0.05945945945945946
NQ,upper_N20_median_k3,5,2018,164,83,68,0.09146341463414634
NQ,upper_N20_median_k3,5,2019,155,74,59,0.0967741935483871
NQ,upper_N20_median_k3,5,2020,164,71,68,0.018292682926829267
NQ,upper_N20_median_k3,5,2021,167,80,59,0.12574850299401197
NQ,upper_N20_median_k3,5,2022,166,74,76,-0.012048192771084338
NQ,upper_N20_median_k3,15,2018,164,85,70,0.09146341463414634
NQ,upper_N20_median_k3,15,2019,155,78,66,0.07741935483870968
NQ,upper_N20_median_k3,15,2020,164,73,75,-0.012195121951219513
NQ,upper_N20_median_k3,15,2021,167,85,65,0.11976047904191617
NQ,upper_N20_median_k3,15,2022,166,74,77,-0.018072289156626505
NQ,upper_N20_median_k3,30,2018,164,85,70,0.09146341463414634
NQ,upper_N20_median_k3,30,2019,155,78,67,0.07096774193548387
NQ,upper_N20_median_k3,30,2020,164,76,75,0.006097560975609756
NQ,upper_N20_median_k3,30,2021,167,86,65,0.12574850299401197
NQ,upper_N20_median_k3,30,2022,166,74,77,-0.018072289156626505
NQ,upper_N20_median_k3,60,2018,164,85,70,0.09146341463414634
NQ,upper_N20_median_k3,60,2019,155,78,67,0.07096774193548387
NQ,upper_N20_median_k3,60,2020,164,76,75,0.006097560975609756
NQ,upper_N20_median_k3,60,2021,167,86,65,0.12574850299401197
NQ,upper_N20_median_k3,60,2022,166,74,77,-0.018072289156626505
NQ,upper_N20_median_k3,120,2018,164,85,70,0.09146341463414634
NQ,upper_N20_median_k3,120,2019,155,78,67,0.07096774193548387
NQ,upper_N20_median_k3,120,2020,164,76,75,0.006097560975609756
NQ,upper_N20_median_k3,120,2021,167,86,65,0.12574850299401197
NQ,upper_N20_median_k3,120,2022,166,74,77,-0.018072289156626505
NQ,upper_N5_ema_k0,5,2018,220,98,81,0.07727272727272727
NQ,upper_N5_ema_k0,5,2019,213,95,86,0.04225352112676056
NQ,upper_N5_ema_k0,5,2020,223,103,77,0.11659192825112108
NQ,upper_N5_ema_k0,5,2021,229,108,85,0.10043668122270742
NQ,upper_N5_ema_k0,5,2022,222,106,86,0.09009009009009009
NQ,upper_N5_ema_k0,15,2018,220,99,86,0.05909090909090909
NQ,upper_N5_ema_k0,15,2019,213,97,86,0.051643192488262914
NQ,upper_N5_ema_k0,15,2020,223,106,81,0.11210762331838565
NQ,upper_N5_ema_k0,15,2021,229,109,88,0.09170305676855896
NQ,upper_N5_ema_k0,15,2022,222,108,86,0.0990990990990991
NQ,upper_N5_ema_k0,30,2018,220,99,86,0.05909090909090909
NQ,upper_N5_ema_k0,30,2019,213,98,86,0.056338028169014086
NQ,upper_N5_ema_k0,30,2020,223,106,82,0.10762331838565023
NQ,upper_N5_ema_k0,30,2021,229,109,89,0.08733624454148471
NQ,upper_N5_ema_k0,30,2022,222,109,86,0.1036036036036036
NQ,upper_N5_ema_k0,60,2018,220,99,86,0.05909090909090909
NQ,upper_N5_ema_k0,60,2019,213,98,86,0.056338028169014086
NQ,upper_N5_ema_k0,60,2020,223,106,82,0.10762331838565023
NQ,upper_N5_ema_k0,60,2021,229,109,90,0.08296943231441048
NQ,upper_N5_ema_k0,60,2022,222,109,86,0.1036036036036036
NQ,upper_N5_ema_k0,120,2018,220,99,86,0.05909090909090909
NQ,upper_N5_ema_k0,120,2019,213,98,86,0.056338028169014086
NQ,upper_N5_ema_k0,120,2020,223,106,82,0.10762331838565023
NQ,upper_N5_ema_k0,120,2021,229,109,90,0.08296943231441048
NQ,upper_N5_ema_k0,120,2022,222,109,86,0.1036036036036036
NQ,upper_N5_ema_k1,5,2018,209,83,82,0.004784688995215311
NQ,upper_N5_ema_k1,5,2019,199,94,75,0.09547738693467336
NQ,upper_N5_ema_k1,5,2020,206,98,74,0.11650485436893204
NQ,upper_N5_ema_k1,5,2021,209,101,76,0.11961722488038277
NQ,upper_N5_ema_k1,5,2022,207,94,80,0.06763285024154589
NQ,upper_N5_ema_k1,15,2018,209,85,84,0.004784688995215311
NQ,upper_N5_ema_k1,15,2019,199,97,81,0.08040201005025126
NQ,upper_N5_ema_k1,15,2020,206,102,80,0.10679611650485436
NQ,upper_N5_ema_k1,15,2021,209,102,79,0.11004784688995216
NQ,upper_N5_ema_k1,15,2022,207,95,85,0.04830917874396135
NQ,upper_N5_ema_k1,30,2018,209,87,84,0.014354066985645933
NQ,upper_N5_ema_k1,30,2019,199,98,81,0.08542713567839195
NQ,upper_N5_ema_k1,30,2020,206,102,80,0.10679611650485436
NQ,upper_N5_ema_k1,30,2021,209,102,80,0.10526315789473684
NQ,upper_N5_ema_k1,30,2022,207,95,85,0.04830917874396135
NQ,upper_N5_ema_k1,60,2018,209,87,84,0.014354066985645933
NQ,upper_N5_ema_k1,60,2019,199,98,81,0.08542713567839195
NQ,upper_N5_ema_k1,60,2020,206,102,81,0.10194174757281553
NQ,upper_N5_ema_k1,60,2021,209,102,81,0.10047846889952153
NQ,upper_N5_ema_k1,60,2022,207,95,85,0.04830917874396135
NQ,upper_N5_ema_k1,120,2018,209,87,84,0.014354066985645933
NQ,upper_N5_ema_k1,120,2019,199,98,81,0.08542713567839195
NQ,upper_N5_ema_k1,120,2020,206,102,81,0.10194174757281553
NQ,upper_N5_ema_k1,120,2021,209,102,81,0.10047846889952153
NQ,upper_N5_ema_k1,120,2022,207,95,85,0.04830917874396135
NQ,upper_N5_ema_k2,5,2018,192,93,77,0.08333333333333333
NQ,upper_N5_ema_k2,5,2019,183,84,75,0.04918032786885246
NQ,upper_N5_ema_k2,5,2020,189,66,81,-0.07936507936507936
NQ,upper_N5_ema_k2,5,2021,193,89,72,0.08808290155440414
NQ,upper_N5_ema_k2,5,2022,184,79,82,-0.016304347826086956
NQ,upper_N5_ema_k2,15,2018,192,97,78,0.09895833333333333
NQ,upper_N5_ema_k2,15,2019,183,84,79,0.0273224043715847
NQ,upper_N5_ema_k2,15,2020,189,71,83,-0.06349206349206349
NQ,upper_N5_ema_k2,15,2021,193,93,77,0.08290155440414508
NQ,upper_N5_ema_k2,15,2022,184,81,82,-0.005434782608695652
NQ,upper_N5_ema_k2,30,2018,192,97,78,0.09895833333333333
NQ,upper_N5_ema_k2,30,2019,183,84,79,0.0273224043715847
NQ,upper_N5_ema_k2,30,2020,189,72,84,-0.06349206349206349
NQ,upper_N5_ema_k2,30,2021,193,94,77,0.08808290155440414
NQ,upper_N5_ema_k2,30,2022,184,81,82,-0.005434782608695652
NQ,upper_N5_ema_k2,60,2018,192,97,78,0.09895833333333333
NQ,upper_N5_ema_k2,60,2019,183,84,79,0.0273224043715847
NQ,upper_N5_ema_k2,60,2020,189,72,84,-0.06349206349206349
NQ,upper_N5_ema_k2,60,2021,193,94,77,0.08808290155440414
NQ,upper_N5_ema_k2,60,2022,184,81,82,-0.005434782608695652
NQ,upper_N5_ema_k2,120,2018,192,97,78,0.09895833333333333
NQ,upper_N5_ema_k2,120,2019,183,84,79,0.0273224043715847
NQ,upper_N5_ema_k2,120,2020,189,72,84,-0.06349206349206349
NQ,upper_N5_ema_k2,120,2021,193,94,77,0.08808290155440414
NQ,upper_N5_ema_k2,120,2022,184,81,82,-0.005434782608695652
NQ,upper_N5_ema_k3,5,2018,179,89,70,0.10614525139664804
NQ,upper_N5_ema_k3,5,2019,158,77,59,0.11392405063291139
NQ,upper_N5_ema_k3,5,2020,169,72,64,0.047337278106508875
NQ,upper_N5_ema_k3,5,2021,172,63,77,-0.08139534883720931
NQ,upper_N5_ema_k3,5,2022,164,78,56,0.13414634146341464
NQ,upper_N5_ema_k3,15,2018,179,89,72,0.09497206703910614
NQ,upper_N5_ema_k3,15,2019,158,79,59,0.12658227848101267
NQ,upper_N5_ema_k3,15,2020,169,77,67,0.05917159763313609
NQ,upper_N5_ema_k3,15,2021,172,68,80,-0.06976744186046512
NQ,upper_N5_ema_k3,15,2022,164,80,58,0.13414634146341464
NQ,upper_N5_ema_k3,30,2018,179,90,72,0.1005586592178771
NQ,upper_N5_ema_k3,30,2019,158,79,59,0.12658227848101267
NQ,upper_N5_ema_k3,30,2020,169,77,70,0.04142011834319527
NQ,upper_N5_ema_k3,30,2021,172,68,81,-0.0755813953488372
NQ,upper_N5_ema_k3,30,2022,164,80,58,0.13414634146341464
NQ,upper_N5_ema_k3,60,2018,179,90,72,0.1005586592178771
NQ,upper_N5_ema_k3,60,2019,158,79,59,0.12658227848101267
NQ,upper_N5_ema_k3,60,2020,169,78,70,0.047337278106508875
NQ,upper_N5_ema_k3,60,2021,172,68,81,-0.0755813953488372
NQ,upper_N5_ema_k3,60,2022,164,80,58,0.13414634146341464
NQ,upper_N5_ema_k3,120,2018,179,90,72,0.1005586592178771
NQ,upper_N5_ema_k3,120,2019,158,79,59,0.12658227848101267
NQ,upper_N5_ema_k3,120,2020,169,78,70,0.047337278106508875
NQ,upper_N5_ema_k3,120,2021,172,68,81,-0.0755813953488372
NQ,upper_N5_ema_k3,120,2022,164,80,58,0.13414634146341464
NQ,upper_N5_mean_k0,5,2018,222,96,87,0.04054054054054054
NQ,upper_N5_mean_k0,5,2019,212,98,80,0.08490566037735849
NQ,upper_N5_mean_k0,5,2020,223,101,80,0.09417040358744394
NQ,upper_N5_mean_k0,5,2021,230,103,91,0.05217391304347826
NQ,upper_N5_mean_k0,5,2022,225,106,88,0.08
NQ,upper_N5_mean_k0,15,2018,222,96,90,0.02702702702702703
NQ,upper_N5_mean_k0,15,2019,212,100,80,0.09433962264150944
NQ,upper_N5_mean_k0,15,2020,223,102,82,0.08968609865470852
NQ,upper_N5_mean_k0,15,2021,230,105,94,0.04782608695652174
NQ,upper_N5_mean_k0,15,2022,225,107,88,0.08444444444444445
NQ,upper_N5_mean_k0,30,2018,222,96,90,0.02702702702702703
NQ,upper_N5_mean_k0,30,2019,212,102,80,0.10377358490566038
NQ,upper_N5_mean_k0,30,2020,223,102,83,0.08520179372197309
NQ,upper_N5_mean_k0,30,2021,230,105,95,0.043478260869565216
NQ,upper_N5_mean_k0,30,2022,225,108,88,0.08888888888888889
NQ,upper_N5_mean_k0,60,2018,222,96,90,0.02702702702702703
NQ,upper_N5_mean_k0,60,2019,212,102,80,0.10377358490566038
NQ,upper_N5_mean_k0,60,2020,223,102,83,0.08520179372197309
NQ,upper_N5_mean_k0,60,2021,230,105,96,0.0391304347826087
NQ,upper_N5_mean_k0,60,2022,225,108,88,0.08888888888888889
NQ,upper_N5_mean_k0,120,2018,222,96,90,0.02702702702702703
NQ,upper_N5_mean_k0,120,2019,212,102,80,0.10377358490566038
NQ,upper_N5_mean_k0,120,2020,223,102,83,0.08520179372197309
NQ,upper_N5_mean_k0,120,2021,230,105,96,0.0391304347826087
NQ,upper_N5_mean_k0,120,2022,225,108,88,0.08888888888888889
NQ,upper_N5_mean_k1,5,2018,207,82,88,-0.028985507246376812
NQ,upper_N5_mean_k1,5,2019,199,93,78,0.07537688442211055
NQ,upper_N5_mean_k1,5,2020,208,91,80,0.052884615384615384
NQ,upper_N5_mean_k1,5,2021,207,99,78,0.10144927536231885
NQ,upper_N5_mean_k1,5,2022,207,97,81,0.07729468599033816
NQ,upper_N5_mean_k1,15,2018,207,83,92,-0.043478260869565216
NQ,upper_N5_mean_k1,15,2019,199,98,80,0.09045226130653267
NQ,upper_N5_mean_k1,15,2020,208,95,86,0.04326923076923077
NQ,upper_N5_mean_k1,15,2021,207,100,78,0.10628019323671498
NQ,upper_N5_mean_k1,15,2022,207,97,85,0.057971014492753624
NQ,upper_N5_mean_k1,30,2018,207,84,92,-0.03864734299516908
NQ,upper_N5_mean_k1,30,2019,199,99,80,0.09547738693467336
NQ,upper_N5_mean_k1,30,2020,208,95,86,0.04326923076923077
NQ,upper_N5_mean_k1,30,2021,207,101,78,0.1111111111111111
NQ,upper_N5_mean_k1,30,2022,207,97,85,0.057971014492753624
NQ,upper_N5_mean_k1,60,2018,207,84,92,-0.03864734299516908
NQ,upper_N5_mean_k1,60,2019,199,99,80,0.09547738693467336
NQ,upper_N5_mean_k1,60,2020,208,95,87,0.038461538461538464
NQ,upper_N5_mean_k1,60,2021,207,101,79,0.10628019323671498
NQ,upper_N5_mean_k1,60,2022,207,97,85,0.057971014492753624
NQ,upper_N5_mean_k1,120,2018,207,84,92,-0.03864734299516908
NQ,upper_N5_mean_k1,120,2019,199,99,80,0.09547738693467336
NQ,upper_N5_mean_k1,120,2020,208,95,87,0.038461538461538464
NQ,upper_N5_mean_k1,120,2021,207,101,79,0.10628019323671498
NQ,upper_N5_mean_k1,120,2022,207,97,85,0.057971014492753624
NQ,upper_N5_mean_k2,5,2018,193,95,75,0.10362694300518134
NQ,upper_N5_mean_k2,5,2019,182,86,72,0.07692307692307693
NQ,upper_N5_mean_k2,5,2020,186,63,76,-0.06989247311827956
NQ,upper_N5_mean_k2,5,2021,194,88,77,0.05670103092783505
NQ,upper_N5_mean_k2,5,2022,182,76,77,-0.005494505494505495
NQ,upper_N5_mean_k2,15,2018,193,98,77,0.10880829015544041
NQ,upper_N5_mean_k2,15,2019,182,88,78,0.054945054945054944
NQ,upper_N5_mean_k2,15,2020,186,71,79,-0.043010752688172046
NQ,upper_N5_mean_k2,15,2021,194,94,78,0.08247422680412371
NQ,upper_N5_mean_k2,15,2022,182,79,78,0.005494505494505495
NQ,upper_N5_mean_k2,30,2018,193,98,77,0.10880829015544041
NQ,upper_N5_mean_k2,30,2019,182,88,78,0.054945054945054944
NQ,upper_N5_mean_k2,30,2020,186,72,80,-0.043010752688172046
NQ,upper_N5_mean_k2,30,2021,194,94,78,0.08247422680412371
NQ,upper_N5_mean_k2,30,2022,182,79,78,0.005494505494505495
NQ,upper_N5_mean_k2,60,2018,193,98,77,0.10880829015544041
NQ,upper_N5_mean_k2,60,2019,182,89,78,0.06043956043956044
NQ,upper_N5_mean_k2,60,2020,186,73,80,-0.03763440860215054
NQ,upper_N5_mean_k2,60,2021,194,94,78,0.08247422680412371
NQ,upper_N5_mean_k2,60,2022,182,79,78,0.005494505494505495
NQ,upper_N5_mean_k2,120,2018,193,98,77,0.10880829015544041
NQ,upper_N5_mean_k2,120,2019,182,89,78,0.06043956043956044
NQ,upper_N5_mean_k2,120,2020,186,73,80,-0.03763440860215054
NQ,upper_N5_mean_k2,120,2021,194,94,78,0.08247422680412371
NQ,upper_N5_mean_k2,120,2022,182,79,78,0.005494505494505495
NQ,upper_N5_mean_k3,5,2018,180,86,70,0.08888888888888889
NQ,upper_N5_mean_k3,5,2019,161,72,64,0.049689440993788817
NQ,upper_N5_mean_k3,5,2020,169,73,64,0.05325443786982249
NQ,upper_N5_mean_k3,5,2021,173,70,71,-0.005780346820809248
NQ,upper_N5_mean_k3,5,2022,165,73,65,0.048484848484848485
NQ,upper_N5_mean_k3,15,2018,180,87,72,0.08333333333333333
NQ,upper_N5_mean_k3,15,2019,161,74,64,0.062111801242236024
NQ,upper_N5_mean_k3,15,2020,169,81,67,0.08284023668639054
NQ,upper_N5_mean_k3,15,2021,173,73,76,-0.017341040462427744
NQ,upper_N5_mean_k3,15,2022,165,75,70,0.030303030303030304
NQ,upper_N5_mean_k3,30,2018,180,88,72,0.08888888888888889
NQ,upper_N5_mean_k3,30,2019,161,74,65,0.055900621118012424
NQ,upper_N5_mean_k3,30,2020,169,81,69,0.07100591715976332
NQ,upper_N5_mean_k3,30,2021,173,73,76,-0.017341040462427744
NQ,upper_N5_mean_k3,30,2022,165,75,70,0.030303030303030304
NQ,upper_N5_mean_k3,60,2018,180,88,72,0.08888888888888889
NQ,upper_N5_mean_k3,60,2019,161,74,65,0.055900621118012424
NQ,upper_N5_mean_k3,60,2020,169,81,69,0.07100591715976332
NQ,upper_N5_mean_k3,60,2021,173,73,76,-0.017341040462427744
NQ,upper_N5_mean_k3,60,2022,165,75,70,0.030303030303030304
NQ,upper_N5_mean_k3,120,2018,180,88,72,0.08888888888888889
NQ,upper_N5_mean_k3,120,2019,161,74,65,0.055900621118012424
NQ,upper_N5_mean_k3,120,2020,169,81,69,0.07100591715976332
NQ,upper_N5_mean_k3,120,2021,173,73,76,-0.017341040462427744
NQ,upper_N5_mean_k3,120,2022,165,75,70,0.030303030303030304
NQ,upper_N5_median_k0,5,2018,223,97,86,0.04932735426008968
NQ,upper_N5_median_k0,5,2019,214,93,87,0.028037383177570093
NQ,upper_N5_median_k0,5,2020,223,105,80,0.11210762331838565
NQ,upper_N5_median_k0,5,2021,233,103,93,0.04291845493562232
NQ,upper_N5_median_k0,5,2022,224,102,87,0.06696428571428571
NQ,upper_N5_median_k0,15,2018,223,99,87,0.053811659192825115
NQ,upper_N5_median_k0,15,2019,214,94,88,0.028037383177570093
NQ,upper_N5_median_k0,15,2020,223,107,82,0.11210762331838565
NQ,upper_N5_median_k0,15,2021,233,104,94,0.04291845493562232
NQ,upper_N5_median_k0,15,2022,224,104,87,0.07589285714285714
NQ,upper_N5_median_k0,30,2018,223,99,87,0.053811659192825115
NQ,upper_N5_median_k0,30,2019,214,94,88,0.028037383177570093
NQ,upper_N5_median_k0,30,2020,223,107,83,0.10762331838565023
NQ,upper_N5_median_k0,30,2021,233,104,94,0.04291845493562232
NQ,upper_N5_median_k0,30,2022,224,104,87,0.07589285714285714
NQ,upper_N5_median_k0,60,2018,223,99,87,0.053811659192825115
NQ,upper_N5_median_k0,60,2019,214,94,88,0.028037383177570093
NQ,upper_N5_median_k0,60,2020,223,107,83,0.10762331838565023
NQ,upper_N5_median_k0,60,2021,233,104,95,0.03862660944206009
NQ,upper_N5_median_k0,60,2022,224,104,87,0.07589285714285714
NQ,upper_N5_median_k0,120,2018,223,99,87,0.053811659192825115
NQ,upper_N5_median_k0,120,2019,214,94,88,0.028037383177570093
NQ,upper_N5_median_k0,120,2020,223,107,83,0.10762331838565023
NQ,upper_N5_median_k0,120,2021,233,104,95,0.03862660944206009
NQ,upper_N5_median_k0,120,2022,224,104,87,0.07589285714285714
NQ,upper_N5_median_k1,5,2018,215,92,86,0.027906976744186046
NQ,upper_N5_median_k1,5,2019,200,91,79,0.06
NQ,upper_N5_median_k1,5,2020,212,88,82,0.02830188679245283
NQ,upper_N5_median_k1,5,2021,213,95,89,0.028169014084507043
NQ,upper_N5_median_k1,5,2022,209,90,88,0.009569377990430622
NQ,upper_N5_median_k1,15,2018,215,93,87,0.027906976744186046
NQ,upper_N5_median_k1,15,2019,200,96,81,0.075
NQ,upper_N5_median_k1,15,2020,212,90,89,0.0047169811320754715
NQ,upper_N5_median_k1,15,2021,213,97,92,0.023474178403755867
NQ,upper_N5_median_k1,15,2022,209,91,92,-0.004784688995215311
NQ,upper_N5_median_k1,30,2018,215,94,87,0.03255813953488372
NQ,upper_N5_median_k1,30,2019,200,97,81,0.08
NQ,upper_N5_median_k1,30,2020,212,92,89,0.014150943396226415
NQ,upper_N5_median_k1,30,2021,213,97,92,0.023474178403755867
NQ,upper_N5_median_k1,30,2022,209,91,92,-0.004784688995215311
NQ,upper_N5_median_k1,60,2018,215,94,87,0.03255813953488372
NQ,upper_N5_median_k1,60,2019,200,97,81,0.08
NQ,upper_N5_median_k1,60,2020,212,92,89,0.014150943396226415
NQ,upper_N5_median_k1,60,2021,213,97,93,0.018779342723004695
NQ,upper_N5_median_k1,60,2022,209,91,92,-0.004784688995215311
NQ,upper_N5_median_k1,120,2018,215,94,87,0.03255813953488372
NQ,upper_N5_median_k1,120,2019,200,97,81,0.08
NQ,upper_N5_median_k1,120,2020,212,92,89,0.014150943396226415
NQ,upper_N5_median_k1,120,2021,213,97,93,0.018779342723004695
NQ,upper_N5_median_k1,120,2022,209,91,92,-0.004784688995215311
NQ,upper_N5_median_k2,5,2018,195,94,73,0.1076923076923077
NQ,upper_N5_median_k2,5,2019,183,84,69,0.08196721311475409
NQ,upper_N5_median_k2,5,2020,191,67,86,-0.09947643979057591
NQ,upper_N5_median_k2,5,2021,192,84,75,0.046875
NQ,upper_N5_median_k2,5,2022,182,81,72,0.04945054945054945
NQ,upper_N5_median_k2,15,2018,195,97,74,0.11794871794871795
NQ,upper_N5_median_k2,15,2019,183,87,74,0.07103825136612021
NQ,upper_N5_median_k2,15,2020,191,72,91,-0.09947643979057591
NQ,upper_N5_median_k2,15,2021,192,87,79,0.041666666666666664
NQ,upper_N5_median_k2,15,2022,182,84,74,0.054945054945054944
NQ,upper_N5_median_k2,30,2018,195,99,74,0.1282051282051282
NQ,upper_N5_median_k2,30,2019,183,88,75,0.07103825136612021
NQ,upper_N5_median_k2,30,2020,191,72,92,-0.10471204188481675
NQ,upper_N5_median_k2,30,2021,192,88,80,0.041666666666666664
NQ,upper_N5_median_k2,30,2022,182,84,74,0.054945054945054944
NQ,upper_N5_median_k2,60,2018,195,99,74,0.1282051282051282
NQ,upper_N5_median_k2,60,2019,183,88,75,0.07103825136612021
NQ,upper_N5_median_k2,60,2020,191,73,92,-0.09947643979057591
NQ,upper_N5_median_k2,60,2021,192,88,80,0.041666666666666664
NQ,upper_N5_median_k2,60,2022,182,84,74,0.054945054945054944
NQ,upper_N5_median_k2,120,2018,195,99,74,0.1282051282051282
NQ,upper_N5_median_k2,120,2019,183,88,75,0.07103825136612021
NQ,upper_N5_median_k2,120,2020,191,73,92,-0.09947643979057591
NQ,upper_N5_median_k2,120,2021,192,88,80,0.041666666666666664
NQ,upper_N5_median_k2,120,2022,182,84,74,0.054945054945054944
NQ,upper_N5_median_k3,5,2018,180,84,75,0.05
NQ,upper_N5_median_k3,5,2019,161,66,61,0.031055900621118012
NQ,upper_N5_median_k3,5,2020,170,73,68,0.029411764705882353
NQ,upper_N5_median_k3,5,2021,172,68,73,-0.029069767441860465
NQ,upper_N5_median_k3,5,2022,166,76,66,0.060240963855421686
NQ,upper_N5_median_k3,15,2018,180,85,77,0.044444444444444446
NQ,upper_N5_median_k3,15,2019,161,68,65,0.018633540372670808
NQ,upper_N5_median_k3,15,2020,170,77,68,0.052941176470588235
NQ,upper_N5_median_k3,15,2021,172,75,74,0.005813953488372093
NQ,upper_N5_median_k3,15,2022,166,77,68,0.05421686746987952
NQ,upper_N5_median_k3,30,2018,180,85,77,0.044444444444444446
NQ,upper_N5_median_k3,30,2019,161,68,66,0.012422360248447204
NQ,upper_N5_median_k3,30,2020,170,78,72,0.03529411764705882
NQ,upper_N5_median_k3,30,2021,172,75,75,0.0
NQ,upper_N5_median_k3,30,2022,166,78,68,0.060240963855421686
NQ,upper_N5_median_k3,60,2018,180,85,77,0.044444444444444446
NQ,upper_N5_median_k3,60,2019,161,68,66,0.012422360248447204
NQ,upper_N5_median_k3,60,2020,170,78,72,0.03529411764705882
NQ,upper_N5_median_k3,60,2021,172,75,75,0.0
NQ,upper_N5_median_k3,60,2022,166,78,68,0.060240963855421686
NQ,upper_N5_median_k3,120,2018,180,85,77,0.044444444444444446
NQ,upper_N5_median_k3,120,2019,161,68,66,0.012422360248447204
NQ,upper_N5_median_k3,120,2020,170,78,72,0.03529411764705882
NQ,upper_N5_median_k3,120,2021,172,75,75,0.0
NQ,upper_N5_median_k3,120,2022,166,78,68,0.060240963855421686
